Finger_cam1_X,Finger_cam1_Y,Finger_cam2_X,Finger_cam2_Y,Metacarpal_cam1_X,Metacarpal_cam1_Y,Metacarpal_cam2_X,Metacarpal_cam2_Y,Wrist_cam1_X,Wrist_cam1_Y,Wrist_cam2_X,Wrist_cam2_Y,Elbow_cam1_X,Elbow_cam1_Y,Elbow_cam2_X,Elbow_cam2_Y,Shoulder_cam1_X,Shoulder_cam1_Y,Shoulder_cam2_X,Shoulder_cam2_Y,Pec_A_cam1_X,Pec_A_cam1_Y,Pec_A_cam2_X,Pec_A_cam2_Y,Pec_P_cam1_X,Pec_P_cam1_Y,Pec_P_cam2_X,Pec_P_cam2_Y,Toe_cam1_X,Toe_cam1_Y,Toe_cam2_X,Toe_cam2_Y,Metatarsal_cam1_X,Metatarsal_cam1_Y,Metatarsal_cam2_X,Metatarsal_cam2_Y,Ankle_cam1_X,Ankle_cam1_Y,Ankle_cam2_X,Ankle_cam2_Y,Knee_cam1_X,Knee_cam1_Y,Knee_cam2_X,Knee_cam2_Y,Hip_cam1_X,Hip_cam1_Y,Hip_cam2_X,Hip_cam2_Y,Pel_A_cam1_X,Pel_A_cam1_Y,Pel_A_cam2_X,Pel_A_cam2_Y,Pel_P_cam1_X,Pel_P_cam1_Y,Pel_P_cam2_X,Pel_P_cam2_Y,Snout_cam1_X,Snout_cam1_Y,Snout_cam2_X,Snout_cam2_Y,Mid_1_cam1_X,Mid_1_cam1_Y,Mid_1_cam2_X,Mid_1_cam2_Y,Mid_2_cam1_X,Mid_2_cam1_Y,Mid_2_cam2_X,Mid_2_cam2_Y,Mid_3_cam1_X,Mid_3_cam1_Y,Mid_3_cam2_X,Mid_3_cam2_Y,Tail_1_cam1_X,Tail_1_cam1_Y,Tail_1_cam2_X,Tail_1_cam2_Y,Tail_2_cam1_X,Tail_2_cam1_Y,Tail_2_cam2_X,Tail_2_cam2_Y,Tail_3_cam1_X,Tail_3_cam1_Y,Tail_3_cam2_X,Tail_3_cam2_Y,Tail_4_cam1_X,Tail_4_cam1_Y,Tail_4_cam2_X,Tail_4_cam2_Y,Tail_5_cam1_X,Tail_5_cam1_Y,Tail_5_cam2_X,Tail_5_cam2_Y,Tail_6_cam1_X,Tail_6_cam1_Y,Tail_6_cam2_X,Tail_6_cam2_Y
1083.4671630859375,464.0906982421875,1088.4876708984375,885.2937622070312,1105.156494140625,464.6700134277344,1108.9755859375,882.6030883789062,1117.2047119140625,465.07855224609375,1115.1590576171875,870.7254028320312,1084.300537109375,466.2933654785156,1084.3592529296875,845.651611328125,1046.554931640625,445.42919921875,1052.176025390625,856.135986328125,1026.0391845703125,419.17645263671875,1032.2747802734375,832.0966796875,1037.326904296875,417.3619384765625,1044.8055419921875,833.4194946289062,1125.7913818359375,497.5705261230469,1128.296875,875.5743408203125,1151.46337890625,493.26800537109375,1150.702880859375,873.2683715820312,1182.3052978515625,486.1029357910156,1177.654052734375,870.2042846679688,1219.2618408203125,462.98211669921875,1215.9302978515625,849.991943359375,1260.2786865234375,445.4536437988281,1256.8201904296875,858.5145874023438,1264.5289306640625,418.208740234375,1269.08837890625,838.9446411132812,1285.74072265625,425.62225341796875,1293.3251953125,841.43115234375,881.051025390625,415.3042907714844,888.7777099609375,863.9699096679688,1096.2010498046875,406.5269470214844,1101.1922607421875,833.4524536132812,1153.374755859375,399.4231262207031,1164.240478515625,834.7718505859375,1213.686279296875,402.7604064941406,1220.541259765625,836.2282104492188,1366.0113525390625,440.265869140625,1369.3740234375,850.292236328125,1452.0665283203125,446.1497802734375,1441.0518798828125,855.0120239257812,1541.789306640625,456.4300842285156,1519.075927734375,864.1421508789062,1618.3695068359375,472.1482238769531,1601.4879150390625,873.6902465820312,1685.64794921875,485.6275634765625,1679.01904296875,882.4868774414062,1757.8719482421875,503.144287109375,1746.1365966796875,876.197998046875
1083.51171875,463.44195556640625,1088.5780029296875,885.2514038085938,1104.945556640625,464.61383056640625,1109.275390625,882.383056640625,1116.8502197265625,465.2432556152344,1115.222412109375,870.270751953125,1083.6405029296875,466.46466064453125,1084.024658203125,845.8251342773438,1045.91015625,445.4825439453125,1051.8260498046875,856.1292724609375,1025.6961669921875,418.96923828125,1031.524169921875,832.23046875,1036.845458984375,417.2291259765625,1043.91943359375,833.4608154296875,1126.1429443359375,498.4856872558594,1125.194580078125,880.21728515625,1151.977294921875,495.32745361328125,1149.408447265625,879.26513671875,1181.8966064453125,488.26123046875,1176.9713134765625,874.3419189453125,1219.608154296875,464.72772216796875,1214.499755859375,851.6505737304688,1260.05517578125,445.9306945800781,1255.940185546875,858.6472778320312,1264.140380859375,418.1711120605469,1267.82373046875,838.9595947265625,1285.5595703125,426.3575744628906,1291.7891845703125,841.5358276367188,880.7869262695312,414.6471252441406,888.4225463867188,864.0125122070312,1095.712158203125,405.98699951171875,1100.8680419921875,833.6221313476562,1153.06640625,399.4684753417969,1162.869140625,835.0029296875,1213.359619140625,402.510498046875,1219.250732421875,835.8574829101562,1366.5723876953125,440.1135559082031,1365.81982421875,849.8106079101562,1451.78759765625,445.8704528808594,1439.988037109375,854.7991333007812,1541.1502685546875,456.1792297363281,1518.7041015625,863.97412109375,1616.87353515625,471.83978271484375,1602.1551513671875,873.9276733398438,1685.3798828125,485.62451171875,1679.626953125,882.669189453125,1757.5028076171875,503.1651916503906,1745.8211669921875,876.3169555664062
1083.313232421875,463.3992614746094,1089.088134765625,885.2314453125,1104.7398681640625,464.3903503417969,1109.3907470703125,882.2476196289062,1116.5948486328125,465.2119140625,1115.2139892578125,869.6839599609375,1083.4564208984375,466.5099182128906,1083.5433349609375,845.8486938476562,1045.7030029296875,445.456787109375,1051.0064697265625,855.6648559570312,1025.594482421875,418.8178405761719,1031.9364013671875,832.4528198242188,1036.9676513671875,417.0959777832031,1044.43359375,833.5515747070312,1126.86474609375,499.3973693847656,1126.8360595703125,882.4639282226562,1153.01611328125,496.6756591796875,1151.2325439453125,881.9032592773438,1182.2271728515625,489.7722473144531,1177.66845703125,877.7113037109375,1219.941650390625,465.8392333984375,1214.6207275390625,853.193115234375,1260.0968017578125,445.915771484375,1255.4864501953125,858.7705688476562,1264.008056640625,418.04150390625,1266.592529296875,838.989990234375,1285.022705078125,425.45458984375,1290.4935302734375,841.48388671875,880.3658447265625,414.1604919433594,888.0462036132812,864.114013671875,1095.1351318359375,405.7906799316406,1101.884765625,833.5438842773438,1152.817626953125,399.517578125,1159.859130859375,833.9979858398438,1212.9083251953125,402.53118896484375,1218.40087890625,836.1987915039062,1365.81787109375,439.99603271484375,1365.782958984375,849.62646484375,1450.749267578125,445.4330139160156,1440.061767578125,854.7321166992188,1540.47119140625,455.98004150390625,1518.570556640625,863.9932861328125,1617.035400390625,471.64630126953125,1597.41943359375,874.4113159179688,1684.900634765625,485.6264953613281,1679.6221923828125,882.5971069335938,1757.1121826171875,503.0621337890625,1745.4739990234375,876.4111328125
1083.1456298828125,463.3526916503906,1089.22900390625,885.070556640625,1104.6142578125,464.3159484863281,1109.3712158203125,882.1493530273438,1116.352294921875,465.0105895996094,1114.765869140625,869.5325927734375,1082.8763427734375,466.3466796875,1082.974609375,845.6554565429688,1045.1759033203125,445.5033874511719,1050.6265869140625,856.3211669921875,1025.1041259765625,418.71661376953125,1030.6658935546875,832.5542602539062,1036.6417236328125,416.8988037109375,1043.247802734375,833.510986328125,1126.35009765625,499.97430419921875,1126.9537353515625,882.8295288085938,1153.105712890625,497.16143798828125,1151.8399658203125,882.04736328125,1183.1285400390625,490.0555114746094,1175.8428955078125,878.9839477539062,1220.6905517578125,466.37969970703125,1214.5987548828125,854.33349609375,1259.7252197265625,445.8265686035156,1255.435791015625,858.918212890625,1263.811767578125,417.75091552734375,1267.34228515625,839.0519409179688,1285.056884765625,426.27423095703125,1291.8955078125,841.5834350585938,879.9419555664062,413.9544677734375,887.6398315429688,864.1189575195312,1095.0924072265625,405.9477233886719,1101.4638671875,833.533935546875,1152.44775390625,399.76708984375,1159.6793212890625,833.9880981445312,1212.564208984375,402.52044677734375,1218.6549072265625,836.2011108398438,1365.8671875,439.7768859863281,1369.0150146484375,850.0410766601562,1450.503173828125,445.1798400878906,1439.8623046875,854.7080078125,1539.323974609375,455.6635437011719,1518.616943359375,863.97021484375,1615.2161865234375,471.5770568847656,1596.822021484375,874.430419921875,1684.5477294921875,485.6280822753906,1679.5836181640625,882.5596923828125,1756.9644775390625,503.0929260253906,1745.235107421875,876.3938598632812
1083.02880859375,463.3841857910156,1088.7747802734375,885.046875,1104.4853515625,464.4854431152344,1108.9117431640625,882.1047973632812,1116.166748046875,465.097900390625,1114.9432373046875,869.9362182617188,1082.52685546875,466.2356872558594,1083.6466064453125,845.6126098632812,1044.725830078125,445.6060485839844,1050.1314697265625,855.5787963867188,1024.77490234375,418.64056396484375,1030.3734130859375,832.4412841796875,1036.288818359375,416.7680969238281,1042.926513671875,833.4149780273438,1125.8529052734375,498.9508972167969,1127.1812744140625,882.0148315429688,1152.9140625,496.9017639160156,1151.8157958984375,881.83740234375,1183.0369873046875,490.14251708984375,1176.8582763671875,878.0593872070312,1220.5198974609375,466.2393798828125,1214.6715087890625,853.9588623046875,1259.3714599609375,445.61895751953125,1255.7125244140625,858.9356079101562,1263.4925537109375,417.50860595703125,1267.0250244140625,838.8765869140625,1284.466552734375,425.16937255859375,1291.6424560546875,841.2359008789062,879.5410766601562,413.6539306640625,887.3395385742188,864.0228881835938,1094.57666015625,405.78753662109375,1100.7655029296875,832.4549560546875,1152.0849609375,399.700927734375,1162.5609130859375,834.6094970703125,1212.212646484375,402.3474426269531,1218.5985107421875,836.1356201171875,1366.1663818359375,439.5777893066406,1365.9119873046875,849.39697265625,1451.0201416015625,445.0523376464844,1439.380126953125,854.3785400390625,1537.8248291015625,455.1859436035156,1517.9676513671875,863.8046264648438,1613.97119140625,471.4386901855469,1596.6165771484375,874.4574584960938,1683.8077392578125,485.4748840332031,1679.13037109375,882.5382690429688,1756.6846923828125,503.1279602050781,1744.9267578125,876.284912109375
1083.025634765625,463.6372375488281,1089.47314453125,885.0563354492188,1104.5010986328125,464.537353515625,1109.1785888671875,882.0143432617188,1116.294677734375,464.96728515625,1114.661865234375,869.61328125,1082.5042724609375,466.4934997558594,1083.5545654296875,845.6465454101562,1044.673828125,445.7425842285156,1050.6934814453125,856.0897216796875,1024.6363525390625,418.493896484375,1030.2757568359375,832.3721923828125,1036.3209228515625,416.7239685058594,1042.8470458984375,833.2319946289062,1125.8111572265625,499.07440185546875,1127.308349609375,882.0960693359375,1153.09765625,497.0361022949219,1151.91552734375,881.7822265625,1183.068603515625,490.15301513671875,1177.1959228515625,878.0150146484375,1220.0775146484375,466.153564453125,1214.613525390625,853.7269897460938,1259.067626953125,445.5312194824219,1255.678466796875,858.7470703125,1263.233642578125,417.47711181640625,1266.490478515625,838.6878662109375,1284.4765625,425.0883483886719,1291.1865234375,841.02294921875,879.01611328125,413.3199157714844,887.0802612304688,863.7911987304688,1094.5423583984375,405.9314880371094,1100.890625,833.4611206054688,1151.92333984375,399.7129821777344,1159.218994140625,833.8801879882812,1211.940673828125,402.46533203125,1217.9385986328125,835.9267578125,1366.008544921875,439.48834228515625,1366.367919921875,849.3231811523438,1451.011962890625,444.8573913574219,1439.1514892578125,854.3458862304688,1536.94873046875,454.9434509277344,1518.666259765625,863.4046630859375,1613.2283935546875,471.1668395996094,1596.49853515625,874.3575439453125,1683.29248046875,485.2369079589844,1679.327880859375,882.655029296875,1756.3837890625,503.05322265625,1744.626953125,876.1463012695312
1081.5057373046875,462.944580078125,1089.4688720703125,885.1201171875,1104.3011474609375,464.535400390625,1108.9453125,882.1111450195312,1116.0992431640625,464.7721862792969,1114.61181640625,869.7439575195312,1082.15478515625,466.3162536621094,1084.1856689453125,846.0392456054688,1044.3204345703125,445.6363525390625,1050.28759765625,855.92529296875,1024.26025390625,418.17333984375,1029.671142578125,832.1829223632812,1036.63525390625,416.56597900390625,1042.1717529296875,833.0615234375,1125.8746337890625,499.4171142578125,1127.6226806640625,882.3485107421875,1153.13134765625,497.3321533203125,1152.35009765625,881.7352905273438,1182.8583984375,490.4814453125,1177.09326171875,878.0147705078125,1219.4039306640625,466.3493957519531,1214.029052734375,854.2821044921875,1258.521728515625,445.1720275878906,1255.3612060546875,858.7669067382812,1262.662109375,417.2027893066406,1266.093505859375,838.7313232421875,1283.9033203125,424.87017822265625,1290.2791748046875,841.02490234375,878.519775390625,413.4166259765625,886.6917114257812,863.510498046875,1094.0704345703125,405.833740234375,1099.8564453125,833.40771484375,1151.52490234375,399.66943359375,1158.5599365234375,833.9244995117188,1211.365478515625,402.1544494628906,1217.5628662109375,835.7329711914062,1366.3548583984375,439.1690368652344,1365.9066162109375,849.1466064453125,1452.045166015625,444.56121826171875,1439.0196533203125,854.23486328125,1538.449462890625,455.1878967285156,1518.1778564453125,863.7534790039062,1614.0057373046875,471.2973937988281,1596.0662841796875,874.3746948242188,1683.403564453125,485.32708740234375,1679.49609375,882.7401123046875,1756.16064453125,503.0404052734375,1744.11962890625,876.1917724609375
1081.92431640625,462.9701843261719,1089.543701171875,885.0763549804688,1104.3492431640625,464.4809875488281,1108.933837890625,881.9559936523438,1115.9697265625,464.7926025390625,1114.4412841796875,869.4973754882812,1081.938232421875,466.3546142578125,1084.0921630859375,845.8587646484375,1044.261474609375,445.4986572265625,1049.71728515625,855.8645629882812,1024.4539794921875,417.6526184082031,1028.650390625,831.9678344726562,1036.194091796875,415.9362487792969,1041.2474365234375,832.878173828125,1126.1888427734375,500.0011291503906,1128.013427734375,882.7447509765625,1153.28857421875,497.5945739746094,1151.947998046875,881.4188232421875,1182.8189697265625,490.8018493652344,1177.6314697265625,878.3644409179688,1219.24169921875,466.2460632324219,1213.98583984375,854.7330322265625,1258.0758056640625,445.1268615722656,1254.86474609375,858.86181640625,1262.36669921875,417.10333251953125,1265.79638671875,838.6240234375,1283.6781005859375,425.4700622558594,1289.85205078125,840.9129028320312,878.5062866210938,413.0140380859375,886.3744506835938,863.1987915039062,1094.5128173828125,405.6033935546875,1098.9600830078125,833.32080078125,1151.7315673828125,399.25433349609375,1157.861572265625,833.8976440429688,1211.3516845703125,401.83990478515625,1217.676025390625,835.809326171875,1364.795166015625,438.9086608886719,1366.0997314453125,849.0408325195312,1450.8551025390625,444.48846435546875,1439.6890869140625,854.292236328125,1537.4869384765625,454.9868469238281,1518.1927490234375,863.6795043945312,1613.414306640625,471.1709899902344,1596.46923828125,874.2864990234375,1682.989501953125,485.15142822265625,1679.4305419921875,882.7720947265625,1755.916748046875,503.0674743652344,1743.728759765625,876.2972412109375
1082.05615234375,463.1712646484375,1089.9715576171875,885.131103515625,1104.310791015625,464.4844665527344,1109.0213623046875,882.00244140625,1115.7994384765625,464.70623779296875,1114.2213134765625,869.5634765625,1081.650146484375,466.49603271484375,1084.278076171875,845.9838256835938,1043.923583984375,445.1859436035156,1049.562255859375,857.0302124023438,1024.1512451171875,417.2994384765625,1028.5560302734375,831.8818359375,1036.5059814453125,415.673828125,1041.041748046875,832.7843017578125,1126.3575439453125,500.471923828125,1128.9796142578125,883.8692626953125,1153.5152587890625,497.88983154296875,1152.4658203125,882.053955078125,1182.740478515625,491.1891174316406,1178.6307373046875,878.9894409179688,1218.765380859375,466.19921875,1213.525146484375,854.9715576171875,1257.7760009765625,444.8465881347656,1254.4166259765625,859.0901489257812,1262.2030029296875,416.9000244140625,1265.082275390625,838.7947998046875,1283.304931640625,424.8176574707031,1288.98291015625,840.8989868164062,878.1497192382812,412.5928955078125,886.547607421875,863.2802734375,1093.9107666015625,405.0897521972656,1096.1751708984375,833.0363159179688,1151.4168701171875,399.0234069824219,1157.25341796875,833.9501342773438,1211.15234375,401.4599914550781,1215.0916748046875,836.59814453125,1364.821044921875,438.7362060546875,1365.2532958984375,848.9893798828125,1450.581787109375,444.1413879394531,1439.1304931640625,854.1741333007812,1537.0384521484375,454.8363342285156,1518.010498046875,863.7049560546875,1613.244140625,471.19775390625,1596.60888671875,874.4183349609375,1682.9859619140625,485.1795349121094,1680.29248046875,882.753662109375,1755.6630859375,503.0337219238281,1743.1192626953125,876.3895874023438
1081.9998779296875,463.1285095214844,1089.6102294921875,885.107177734375,1104.2301025390625,464.5023498535156,1108.9449462890625,882.1241455078125,1115.63037109375,464.61126708984375,1113.826904296875,869.6375732421875,1081.2777099609375,466.2800598144531,1083.7080078125,845.8203125,1043.3702392578125,444.92156982421875,1049.1729736328125,856.8047485351562,1023.7593994140625,417.0535888671875,1027.999267578125,831.5910034179688,1036.1832275390625,415.3802795410156,1040.51904296875,832.5445556640625,1126.7811279296875,501.0526123046875,1129.266845703125,884.9078369140625,1153.607177734375,498.11822509765625,1153.0028076171875,882.3784790039062,1182.6751708984375,491.3502197265625,1179.4776611328125,879.08056640625,1218.279052734375,466.001220703125,1213.2708740234375,854.9746704101562,1256.9954833984375,444.69012451171875,1254.368896484375,859.198486328125,1261.5281982421875,416.5299987792969,1264.680419921875,838.7579345703125,1282.6871337890625,424.54022216796875,1288.329345703125,841.8849487304688,877.51806640625,412.39447021484375,886.1840209960938,862.7619018554688,1093.4912109375,404.8253479003906,1095.635009765625,832.91845703125,1151.0137939453125,398.7373962402344,1156.4268798828125,833.9534301757812,1210.891845703125,401.2387390136719,1214.6563720703125,836.71044921875,1365.0181884765625,438.6043701171875,1365.2249755859375,848.9276733398438,1450.6572265625,444.0625305175781,1439.034423828125,854.3936767578125,1536.7720947265625,454.8421325683594,1517.635498046875,863.6828002929688,1613.4774169921875,471.1231994628906,1596.1820068359375,874.5101928710938,1682.7738037109375,485.1127014160156,1679.4530029296875,882.8954467773438,1755.34716796875,503.1292724609375,1742.3248291015625,875.7454833984375
1082.470458984375,463.06988525390625,1089.71044921875,885.172119140625,1104.3692626953125,464.50457763671875,1108.863037109375,882.1786499023438,1115.66064453125,464.5055236816406,1113.923828125,869.64306640625,1081.011474609375,466.193603515625,1083.4658203125,845.9806518554688,1043.1051025390625,444.7024230957031,1048.799072265625,856.69482421875,1023.4578857421875,416.834716796875,1027.7398681640625,831.2702026367188,1035.9197998046875,415.17181396484375,1040.024169921875,832.3076782226562,1127.0350341796875,501.35601806640625,1129.873046875,887.19580078125,1153.798828125,498.32757568359375,1153.91943359375,882.5302124023438,1182.0772705078125,491.4382629394531,1180.517578125,879.1273803710938,1217.6568603515625,465.5845947265625,1213.3983154296875,854.453125,1256.40185546875,444.31365966796875,1254.741943359375,859.125732421875,1261.16650390625,415.97113037109375,1265.0155029296875,838.7033081054688,1282.3050537109375,424.2294921875,1288.8521728515625,841.0064086914062,876.9713745117188,412.2895202636719,885.7925415039062,862.1752319335938,1093.485595703125,404.3777770996094,1095.0406494140625,832.9519653320312,1151.1729736328125,398.46044921875,1156.2591552734375,833.8702392578125,1210.625,401.0450744628906,1214.9134521484375,836.7470703125,1364.9365234375,438.4620056152344,1365.4395751953125,849.0822143554688,1450.4986572265625,444.2977294921875,1438.7685546875,854.5576171875,1536.1932373046875,454.75628662109375,1517.9326171875,863.5903930664062,1612.57666015625,470.9681396484375,1596.1112060546875,874.4337768554688,1681.7796630859375,484.7831115722656,1679.6944580078125,882.9366455078125,1754.759033203125,502.98992919921875,1741.8052978515625,875.8186645507812
1082.629150390625,462.8873291015625,1089.5352783203125,885.2989501953125,1104.2689208984375,464.4561462402344,1108.5521240234375,882.2825317382812,1115.157958984375,464.47955322265625,1113.8818359375,869.6569213867188,1080.4881591796875,465.99310302734375,1083.751953125,846.2775268554688,1042.479736328125,444.5035400390625,1049.2181396484375,856.5319213867188,1023.0293579101562,416.7926940917969,1028.2698974609375,831.063720703125,1035.090576171875,415.0216369628906,1040.497314453125,832.1859741210938,1127.20849609375,501.6459655761719,1130.5301513671875,887.1254272460938,1153.94482421875,498.5032043457031,1154.60888671875,882.7875366210938,1181.931640625,491.3736877441406,1181.2716064453125,879.3848266601562,1217.2530517578125,464.7846984863281,1213.028564453125,853.9844360351562,1256.0185546875,444.2993469238281,1254.1846923828125,858.8494262695312,1260.3992919921875,416.13787841796875,1264.1650390625,838.6817016601562,1281.8028564453125,424.1497802734375,1287.7508544921875,841.8011474609375,876.4486083984375,412.106201171875,885.3082885742188,861.519287109375,1092.6483154296875,404.3163146972656,1094.933349609375,832.8458862304688,1149.8704833984375,399.0852966308594,1156.021240234375,833.8269653320312,1210.3646240234375,400.77874755859375,1214.4652099609375,836.7144165039062,1363.5291748046875,438.2210998535156,1364.887451171875,848.9818115234375,1447.688232421875,444.0148010253906,1438.9556884765625,854.6309204101562,1533.173583984375,453.6427307128906,1517.1304931640625,863.7748413085938,1611.7078857421875,470.82293701171875,1596.514892578125,874.2508544921875,1681.293701171875,484.6573791503906,1675.9820556640625,882.9255981445312,1754.2203369140625,502.8813171386719,1741.5572509765625,875.9802856445312
1082.583251953125,462.73193359375,1089.6915283203125,885.388916015625,1104.256103515625,464.404541015625,1108.6519775390625,882.4183349609375,1115.0421142578125,464.3250732421875,1113.7177734375,869.7957153320312,1080.1826171875,465.79632568359375,1083.6187744140625,846.7091674804688,1042.129150390625,444.4931335449219,1048.621337890625,856.4552001953125,1023.1180419921875,417.2651672363281,1026.9818115234375,830.5899658203125,1034.51318359375,414.89501953125,1039.2303466796875,831.8099365234375,1127.0947265625,501.954833984375,1130.8616943359375,887.3385620117188,1153.8865966796875,498.7234191894531,1154.7728271484375,883.0408935546875,1181.8363037109375,491.5032043457031,1181.562255859375,879.5499877929688,1216.9764404296875,464.4891662597656,1214.4296875,852.8051147460938,1255.46826171875,444.3167419433594,1254.002685546875,858.6117553710938,1259.928955078125,416.0295715332031,1263.7760009765625,838.5616455078125,1281.27001953125,424.1858215332031,1287.5732421875,841.6306762695312,876.0762939453125,412.0307922363281,884.8638916015625,861.247802734375,1092.78125,404.009521484375,1093.7763671875,832.7101440429688,1149.609130859375,398.99591064453125,1154.8414306640625,833.6705932617188,1209.7373046875,400.476318359375,1213.729736328125,836.644287109375,1363.2545166015625,438.0671081542969,1364.1861572265625,849.0526123046875,1447.1029052734375,444.2015380859375,1438.3800048828125,854.6474609375,1533.397216796875,454.02398681640625,1515.4154052734375,863.8728637695312,1612.3536376953125,471.0516662597656,1595.88427734375,874.1343994140625,1681.2047119140625,484.6886901855469,1674.650634765625,882.8588256835938,1753.5289306640625,502.71722412109375,1741.066162109375,875.864990234375
1082.568359375,462.63348388671875,1089.478759765625,885.220947265625,1104.3385009765625,464.321533203125,1108.181640625,882.4458618164062,1114.883544921875,463.8626708984375,1113.7835693359375,870.10302734375,1079.44384765625,465.64801025390625,1083.6109619140625,847.1282958984375,1041.5831298828125,444.4046630859375,1047.832275390625,856.59521484375,1022.7393188476562,417.044189453125,1025.234130859375,830.3161010742188,1034.1124267578125,414.5091552734375,1037.4688720703125,832.0846557617188,1127.1622314453125,502.1396179199219,1131.3070068359375,887.3963623046875,1153.863037109375,498.8102722167969,1155.1812744140625,883.0056762695312,1181.6103515625,491.57745361328125,1182.1080322265625,879.4124145507812,1216.58154296875,464.2904357910156,1214.02783203125,851.6708984375,1254.7169189453125,444.3179931640625,1253.81005859375,858.0035400390625,1259.1783447265625,416.0015869140625,1264.0289306640625,838.4324951171875,1280.7470703125,424.00164794921875,1287.49609375,841.456298828125,875.5404052734375,412.14739990234375,884.1744384765625,860.5797119140625,1091.9515380859375,403.8101806640625,1092.945068359375,832.5123291015625,1149.0064697265625,398.7528076171875,1153.9283447265625,833.4998779296875,1208.843017578125,400.2348937988281,1213.5069580078125,836.47998046875,1362.1925048828125,438.0461120605469,1363.882080078125,849.182373046875,1446.1351318359375,444.8172302246094,1438.9744873046875,854.7488403320312,1532.1978759765625,454.1594543457031,1514.102783203125,863.5377807617188,1612.1171875,471.1553955078125,1596.0557861328125,874.0499267578125,1680.80859375,484.623779296875,1673.605712890625,882.6631469726562,1752.80224609375,502.6390686035156,1740.547119140625,875.6967163085938
1082.2969970703125,462.6351013183594,1089.5999755859375,885.20458984375,1104.0189208984375,464.4256286621094,1108.046142578125,882.551513671875,1114.9267578125,463.8923645019531,1113.35693359375,870.2493286132812,1079.036865234375,465.4194030761719,1083.29443359375,847.5678100585938,1040.771240234375,444.2289123535156,1047.1461181640625,856.60546875,1022.0076293945312,416.9598083496094,1024.424072265625,830.1029052734375,1033.4482421875,414.4327087402344,1036.5732421875,831.9968872070312,1127.1622314453125,502.1529235839844,1131.494873046875,887.3497314453125,1153.9600830078125,498.9140625,1155.5352783203125,883.0057373046875,1181.5830078125,491.5377197265625,1182.53662109375,879.3295288085938,1216.244140625,464.20184326171875,1213.0665283203125,851.0689086914062,1254.0277099609375,444.4002685546875,1253.2886962890625,857.7077026367188,1258.825927734375,416.01495361328125,1263.2818603515625,838.403564453125,1280.6685791015625,424.305908203125,1286.2799072265625,841.24560546875,874.9978637695312,412.2681579589844,883.4003295898438,859.887451171875,1090.935302734375,403.90386962890625,1091.6910400390625,832.477783203125,1148.4730224609375,398.79718017578125,1151.4794921875,833.8455200195312,1209.690673828125,399.7690734863281,1211.973388671875,836.4493408203125,1362.5958251953125,438.2210693359375,1362.8692626953125,849.0333862304688,1448.620361328125,444.5052795410156,1437.9295654296875,854.6077270507812,1532.951416015625,454.5694885253906,1514.067138671875,863.4996337890625,1612.7005615234375,471.3522644042969,1595.985595703125,874.1217651367188,1680.5303955078125,484.6023864746094,1673.2237548828125,882.6690673828125,1752.265625,502.4048156738281,1740.0238037109375,875.6063842773438
1081.581787109375,462.79046630859375,1089.3751220703125,885.2645263671875,1103.667724609375,464.5458984375,1107.85791015625,882.662109375,1114.5853271484375,463.7256164550781,1112.8232421875,870.0584106445312,1078.3026123046875,464.9728698730469,1082.4866943359375,847.8865356445312,1039.9921875,444.2243347167969,1046.1204833984375,856.4141845703125,1021.2437744140625,417.1742248535156,1023.2130126953125,830.4202880859375,1032.900146484375,414.5185852050781,1035.2342529296875,831.6536865234375,1127.130615234375,502.2316589355469,1131.526611328125,887.6858520507812,1154.072021484375,499.0128479003906,1155.5074462890625,883.24853515625,1181.5330810546875,491.5147705078125,1182.3310546875,879.5895385742188,1215.2659912109375,464.1311340332031,1211.394775390625,850.0281372070312,1253.18212890625,444.54718017578125,1251.9366455078125,857.3341064453125,1258.02099609375,416.2476806640625,1259.532470703125,837.8701782226562,1280.0404052734375,424.45477294921875,1284.7939453125,841.1143188476562,874.3336181640625,412.4396057128906,882.482421875,859.151611328125,1090.2440185546875,403.8954162597656,1090.8648681640625,832.2447509765625,1147.77294921875,398.5816955566406,1150.1953125,833.6514892578125,1208.80859375,399.9056701660156,1210.4166259765625,836.1904907226562,1361.4197998046875,438.2064208984375,1362.604248046875,848.934326171875,1449.0252685546875,444.5670471191406,1437.6424560546875,854.50634765625,1533.2750244140625,454.8218688964844,1513.11376953125,863.4605712890625,1613.1644287109375,471.4443664550781,1594.477783203125,874.1146240234375,1680.34375,484.59564208984375,1669.8892822265625,882.08154296875,1751.6700439453125,502.28521728515625,1739.395751953125,875.5217895507812
1081.4246826171875,463.1285095214844,1088.7916259765625,885.3548583984375,1103.461669921875,464.5611877441406,1107.45361328125,882.8870239257812,1114.2452392578125,463.5699462890625,1113.3895263671875,869.8170166015625,1077.3349609375,464.50567626953125,1082.111083984375,848.3341674804688,1039.0931396484375,444.3606872558594,1045.2095947265625,856.343017578125,1020.2986450195312,417.4780578613281,1022.3204956054688,830.2564086914062,1032.56787109375,416.06903076171875,1034.409423828125,831.4053955078125,1127.1611328125,502.3962097167969,1131.439697265625,887.8931884765625,1154.196533203125,499.0979309082031,1155.7213134765625,883.5478515625,1181.59228515625,491.4608459472656,1182.4207763671875,879.68896484375,1214.684326171875,463.6822814941406,1210.9180908203125,849.5848999023438,1252.4853515625,444.5885314941406,1251.5999755859375,857.033935546875,1257.5771484375,416.2674255371094,1259.3194580078125,837.5399169921875,1279.9671630859375,424.8244323730469,1284.79541015625,840.8176879882812,873.2820434570312,412.88702392578125,881.756591796875,858.7774047851562,1089.376953125,403.5293273925781,1090.1976318359375,832.1846313476562,1147.2796630859375,398.5653076171875,1149.6298828125,833.63720703125,1207.9832763671875,399.95025634765625,1209.9310302734375,836.08203125,1358.9366455078125,438.3625793457031,1363.9373779296875,848.8704223632812,1447.64111328125,444.16619873046875,1439.042236328125,854.6832885742188,1532.9830322265625,454.9991149902344,1512.92333984375,863.4525756835938,1613.4866943359375,471.5279235839844,1592.675048828125,873.354736328125,1679.3819580078125,484.4635314941406,1669.2626953125,882.0328369140625,1750.5562744140625,502.1005554199219,1738.61669921875,875.2841796875
1081.4656982421875,463.2983093261719,1088.8787841796875,885.4066772460938,1103.3558349609375,464.70849609375,1107.5057373046875,883.14794921875,1113.94189453125,463.5704650878906,1113.0008544921875,869.81787109375,1076.6453857421875,464.784912109375,1080.18310546875,849.3107299804688,1038.6314697265625,444.5601501464844,1043.0380859375,855.5577392578125,1019.4935913085938,417.7060546875,1021.8511962890625,830.3909912109375,1031.98779296875,416.14404296875,1033.366943359375,831.2267456054688,1127.1923828125,502.30096435546875,1131.7989501953125,888.2213745117188,1154.1798095703125,499.1156005859375,1155.9971923828125,883.929443359375,1181.5911865234375,491.5582275390625,1182.515869140625,879.7147216796875,1213.989013671875,463.3984069824219,1209.479736328125,848.8350830078125,1251.1617431640625,444.47052001953125,1249.590087890625,856.1514892578125,1255.1722412109375,415.9850158691406,1257.6593017578125,837.1687622070312,1279.063232421875,424.4338684082031,1283.2296142578125,840.395263671875,872.510009765625,413.18609619140625,881.0023193359375,858.203125,1088.4371337890625,403.3434143066406,1088.5533447265625,831.9090576171875,1146.40869140625,398.49774169921875,1147.738037109375,833.4036254882812,1207.0396728515625,399.9659118652344,1208.448486328125,834.7888793945312,1359.0948486328125,438.1810607910156,1363.2353515625,848.5126342773438,1446.167236328125,444.71746826171875,1438.9283447265625,854.4981689453125,1532.17578125,454.98272705078125,1511.4967041015625,863.3961791992188,1612.6778564453125,471.3865661621094,1590.89697265625,873.1715698242188,1678.98095703125,484.33489990234375,1668.123291015625,881.7804565429688,1749.816650390625,502.0498352050781,1738.0284423828125,875.2031860351562
1081.615966796875,463.4051818847656,1088.9864501953125,885.4807739257812,1103.4835205078125,464.7737731933594,1107.521728515625,883.3734741210938,1113.757080078125,463.5610656738281,1112.6529541015625,869.8598022460938,1076.298583984375,464.91033935546875,1079.69091796875,849.4803466796875,1037.708251953125,444.68585205078125,1043.0872802734375,855.7800903320312,1018.3604125976562,417.3742980957031,1021.0872802734375,830.0391845703125,1031.0604248046875,415.048095703125,1032.8851318359375,830.9832763671875,1127.24755859375,502.6045837402344,1131.814453125,888.3709716796875,1154.2357177734375,499.245849609375,1156.0345458984375,884.336181640625,1181.5567626953125,491.5668640136719,1182.4779052734375,880.1510620117188,1213.71875,463.24066162109375,1209.9459228515625,848.5872802734375,1250.1014404296875,444.27557373046875,1249.624267578125,856.0729370117188,1253.92578125,415.90380859375,1257.4405517578125,836.863525390625,1278.05517578125,424.1460876464844,1283.72119140625,840.0145263671875,871.8575439453125,413.5082092285156,880.2009887695312,857.8184814453125,1086.99169921875,403.3374328613281,1087.76220703125,831.7195434570312,1145.0877685546875,398.94146728515625,1146.215576171875,833.2252807617188,1205.635498046875,399.6488342285156,1207.4427490234375,834.5476684570312,1359.1556396484375,438.3216552734375,1362.8839111328125,848.3192138671875,1445.66552734375,445.0782470703125,1439.1705322265625,854.4331665039062,1530.8603515625,455.1746826171875,1512.0675048828125,863.1448974609375,1609.9622802734375,470.6528015136719,1591.2064208984375,873.1439208984375,1678.9342041015625,484.45989990234375,1667.57470703125,881.935791015625,1748.819580078125,502.0473937988281,1737.34912109375,875.2648315429688
1081.5023193359375,463.4148864746094,1088.78759765625,885.64892578125,1103.543701171875,464.9715881347656,1107.234130859375,883.524658203125,1113.340087890625,463.4172668457031,1112.185302734375,870.0194702148438,1075.5426025390625,464.7840576171875,1079.1429443359375,849.5827026367188,1036.9246826171875,444.8357238769531,1042.5592041015625,855.312744140625,1018.0077514648438,417.2267150878906,1020.3593139648438,829.7825317382812,1030.360107421875,416.2998352050781,1032.21142578125,830.7322387695312,1127.3212890625,502.7619934082031,1131.7296142578125,888.7678833007812,1154.3203125,499.2894592285156,1155.9989013671875,884.6945190429688,1181.63232421875,491.56341552734375,1182.634521484375,880.0999755859375,1213.2421875,463.14593505859375,1209.9251708984375,848.61083984375,1249.3785400390625,443.815673828125,1250.8839111328125,856.1559448242188,1253.18017578125,415.55938720703125,1257.9473876953125,836.8674926757812,1277.2271728515625,423.9439697265625,1284.341064453125,839.440185546875,871.1187744140625,413.4751892089844,879.2711181640625,857.5521850585938,1086.01171875,403.2586669921875,1087.0673828125,831.429931640625,1144.1343994140625,398.6835632324219,1145.514892578125,832.87939453125,1204.541259765625,399.147705078125,1207.024169921875,834.2433471679688,1358.1341552734375,438.1402893066406,1363.5048828125,848.1593627929688,1443.166259765625,444.810546875,1438.8465576171875,854.119873046875,1530.568115234375,455.3388671875,1511.6761474609375,862.89453125,1610.0997314453125,470.7794494628906,1590.586669921875,872.9364013671875,1678.658203125,484.3681945800781,1667.338623046875,881.8262939453125,1747.833251953125,501.9422302246094,1736.9102783203125,875.1300659179688
1081.5380859375,463.70220947265625,1088.831298828125,885.5924072265625,1103.4871826171875,465.2125244140625,1107.2415771484375,883.673095703125,1113.416015625,463.6399230957031,1112.0072021484375,870.1848754882812,1075.00927734375,464.6683654785156,1078.5841064453125,849.69921875,1036.4122314453125,444.3056945800781,1041.738525390625,855.172119140625,1017.1203002929688,417.21136474609375,1019.44580078125,829.3635864257812,1029.437255859375,416.09124755859375,1031.3790283203125,830.4334106445312,1127.2958984375,502.7553405761719,1131.6812744140625,888.8461303710938,1154.3558349609375,499.34869384765625,1156.1009521484375,884.8353881835938,1181.5904541015625,491.5325622558594,1182.5401611328125,879.8929443359375,1212.4935302734375,463.08624267578125,1208.9876708984375,848.6693725585938,1248.4254150390625,443.6333312988281,1250.6314697265625,855.918212890625,1252.3646240234375,415.2033386230469,1257.8092041015625,836.4326171875,1276.153564453125,423.7218322753906,1284.1317138671875,839.5628662109375,870.1986083984375,413.9090881347656,878.36962890625,857.38037109375,1085.2611083984375,404.7307434082031,1087.7926025390625,831.3280639648438,1143.166015625,398.4340515136719,1145.4036865234375,832.7160034179688,1203.6595458984375,399.4478759765625,1207.05078125,833.9447631835938,1358.0091552734375,438.0882263183594,1363.3699951171875,847.9381713867188,1442.173095703125,444.7533264160156,1430.7059326171875,853.9306030273438,1529.0062255859375,455.00433349609375,1511.27685546875,862.7609252929688,1608.9774169921875,470.5453796386719,1590.4473876953125,872.985107421875,1677.868408203125,484.2418212890625,1667.00634765625,881.96044921875,1747.3489990234375,501.9410400390625,1736.1898193359375,875.7898559570312
1081.489013671875,463.82293701171875,1088.6722412109375,885.4343872070312,1103.5245361328125,465.154296875,1106.9586181640625,883.436279296875,1113.1490478515625,463.8921203613281,1111.3800048828125,869.9323120117188,1074.6336669921875,465.2080993652344,1077.81591796875,850.01318359375,1035.7286376953125,444.32830810546875,1040.9859619140625,854.8540649414062,1016.2592163085938,417.31146240234375,1018.6962890625,829.09130859375,1028.720458984375,414.89923095703125,1030.9481201171875,830.2281494140625,1127.359375,502.7139892578125,1131.583740234375,888.8505859375,1154.3372802734375,499.4054260253906,1156.031005859375,884.9751586914062,1181.7188720703125,491.63153076171875,1182.16552734375,880.0782470703125,1212.134521484375,462.9219055175781,1207.5963134765625,848.3244018554688,1249.46240234375,442.8060302734375,1249.9683837890625,855.4673461914062,1251.7099609375,415.23724365234375,1257.1121826171875,835.7974243164062,1275.4503173828125,423.7555236816406,1283.8121337890625,838.8971557617188,869.1373291015625,414.3400573730469,878.1495361328125,857.1087036132812,1084.5869140625,404.7216491699219,1086.8382568359375,831.1806640625,1142.2259521484375,398.6465759277344,1143.7493896484375,832.4041137695312,1202.65478515625,399.2490539550781,1206.39013671875,833.4191284179688,1356.5765380859375,438.2724914550781,1402.95654296875,852.1843872070312,1440.16552734375,444.7476806640625,1496.12646484375,861.056396484375,1529.1177978515625,454.8453063964844,1510.0277099609375,862.4559326171875,1608.6134033203125,470.4857177734375,1589.9715576171875,872.8267822265625,1677.419677734375,484.13739013671875,1666.1934814453125,881.7492065429688,1746.77294921875,501.7505798339844,1734.998291015625,875.9290771484375
1081.253662109375,464.0554504394531,1088.5845947265625,885.6123046875,1103.5382080078125,465.0301208496094,1106.8651123046875,883.3663940429688,1112.7669677734375,463.635009765625,1110.977783203125,869.5142822265625,1073.684814453125,465.34283447265625,1076.881591796875,849.9681396484375,1034.8123779296875,444.48321533203125,1039.92529296875,854.5803833007812,1014.956787109375,417.2968444824219,1017.3541870117188,828.4349975585938,1027.56103515625,414.9216613769531,1029.6546630859375,829.85986328125,1127.4615478515625,502.7774963378906,1131.7518310546875,888.91455078125,1154.31787109375,499.5003356933594,1156.0909423828125,885.0796508789062,1181.634765625,491.80126953125,1181.9669189453125,879.9525756835938,1209.9925537109375,464.10760498046875,1206.616455078125,847.17724609375,1248.545166015625,442.37396240234375,1249.7337646484375,854.9580688476562,1250.9935302734375,415.036865234375,1257.2706298828125,835.208251953125,1274.5887451171875,423.32012939453125,1284.00439453125,838.2470703125,868.3521118164062,414.7696533203125,877.20458984375,856.5755615234375,1083.7603759765625,404.5595703125,1085.3848876953125,830.8994750976562,1141.52783203125,398.1868896484375,1142.2498779296875,830.9898681640625,1201.9061279296875,399.1373291015625,1206.447998046875,833.1531982421875,1356.4324951171875,438.179931640625,1402.4029541015625,851.7337646484375,1440.5316162109375,445.2168884277344,1430.521728515625,853.8744506835938,1524.5628662109375,453.98822021484375,1509.10009765625,862.36279296875,1604.8082275390625,469.62713623046875,1589.1143798828125,872.8984375,1675.9959716796875,483.8460388183594,1665.390869140625,881.8079833984375,1745.9661865234375,501.58099365234375,1734.0826416015625,876.1451416015625
1081.03564453125,464.5191345214844,1088.6077880859375,885.5664672851562,1103.371826171875,465.11334228515625,1107.115234375,883.2955932617188,1112.312744140625,463.48944091796875,1110.3543701171875,869.1903686523438,1072.973876953125,465.47021484375,1076.115234375,850.0532836914062,1034.06201171875,444.74273681640625,1038.704345703125,854.4393310546875,1014.41259765625,417.1468811035156,1016.275390625,828.11865234375,1026.7611083984375,414.81817626953125,1028.524658203125,829.3467407226562,1127.5384521484375,502.684814453125,1131.8653564453125,889.0545654296875,1154.3792724609375,499.4866943359375,1156.3985595703125,885.1477661132812,1181.72705078125,491.9893493652344,1181.98095703125,879.7573852539062,1209.279052734375,463.941162109375,1205.8436279296875,846.1954956054688,1247.5869140625,442.0712585449219,1249.0457763671875,854.2299194335938,1250.25146484375,414.5460510253906,1256.40771484375,834.931884765625,1273.578125,423.0426940917969,1283.041259765625,837.8683471679688,867.7109375,414.7249450683594,875.90771484375,856.3444213867188,1083.3255615234375,404.5812683105469,1083.2884521484375,830.4581909179688,1140.760009765625,398.0190734863281,1140.8284912109375,830.5816040039062,1199.73388671875,400.0609436035156,1205.5113525390625,832.7841186523438,1356.4361572265625,438.3307189941406,1402.18115234375,851.6626586914062,1441.1446533203125,445.32489013671875,1440.576904296875,853.8513793945312,1524.1439208984375,454.27667236328125,1509.27783203125,862.24951171875,1603.7950439453125,469.2357177734375,1588.8519287109375,872.7568969726562,1674.9342041015625,483.5362548828125,1665.0220947265625,881.7225952148438,1745.09716796875,501.5628662109375,1733.4058837890625,876.273681640625
1080.9449462890625,464.6551513671875,1088.5269775390625,885.7178344726562,1103.276611328125,465.1701965332031,1107.052001953125,883.3732299804688,1112.1195068359375,463.3956298828125,1109.676025390625,869.225341796875,1072.5184326171875,465.6731872558594,1075.2034912109375,849.8916015625,1033.7364501953125,445.1443176269531,1037.11083984375,854.6392211914062,1013.966064453125,417.1876220703125,1014.7944946289062,827.8877563476562,1026.2012939453125,414.93878173828125,1027.1058349609375,829.0147094726562,1127.5030517578125,502.7518005371094,1131.792724609375,889.0281982421875,1154.4483642578125,499.52569580078125,1156.355712890625,885.32080078125,1181.7286376953125,491.9853210449219,1182.066650390625,879.6825561523438,1208.5772705078125,463.7886657714844,1205.2900390625,846.0347900390625,1246.71484375,441.7983703613281,1249.650390625,853.8648071289062,1249.170654296875,414.3753662109375,1257.056396484375,834.8613891601562,1272.3548583984375,422.6796875,1283.7613525390625,837.3453979492188,866.9873657226562,414.638916015625,874.9675903320312,855.84033203125,1083.077392578125,404.537841796875,1082.2740478515625,830.2525634765625,1140.18212890625,398.0721740722656,1141.7177734375,830.726318359375,1197.78564453125,400.7566223144531,1206.2054443359375,832.8112182617188,1355.799072265625,438.22222900390625,1401.0189208984375,851.4365844726562,1443.755615234375,445.76470947265625,1440.9515380859375,853.7137451171875,1525.050048828125,454.57757568359375,1508.7225341796875,862.128662109375,1605.3170166015625,469.49041748046875,1588.9598388671875,872.7781982421875,1674.323486328125,483.4142761230469,1664.8121337890625,881.6220092773438,1744.54443359375,501.2669677734375,1732.781005859375,876.1735229492188
1081.056396484375,464.3932189941406,1088.438720703125,885.7532958984375,1103.35693359375,465.1546325683594,1106.85546875,883.4798583984375,1111.6829833984375,463.54168701171875,1109.5335693359375,869.1489868164062,1072.1800537109375,465.37860107421875,1074.53369140625,850.3114624023438,1032.9539794921875,445.36688232421875,1036.67431640625,854.4546508789062,1013.5067138671875,416.7598571777344,1013.7849731445312,827.9843139648438,1025.5015869140625,414.6961669921875,1026.1573486328125,828.7847900390625,1127.433349609375,502.7127990722656,1131.5255126953125,889.0299072265625,1154.4278564453125,499.55267333984375,1155.934814453125,885.6403198242188,1181.7991943359375,492.1249084472656,1181.80029296875,879.8851928710938,1207.998779296875,463.5367431640625,1204.7008056640625,845.5816040039062,1246.251953125,441.7801818847656,1246.5316162109375,855.1779174804688,1248.8236083984375,414.37567138671875,1256.7607421875,834.7954711914062,1272.2969970703125,422.628662109375,1283.716064453125,837.2293701171875,866.338623046875,414.69091796875,874.2252197265625,855.6372680664062,1082.695556640625,404.4859924316406,1081.310791015625,830.0436401367188,1139.9085693359375,397.5047302246094,1140.8438720703125,830.4357299804688,1197.62060546875,400.39788818359375,1205.5177001953125,832.35205078125,1351.11376953125,438.62933349609375,1400.7449951171875,851.3399047851562,1440.8663330078125,445.6203918457031,1430.820068359375,853.6784057617188,1525.2105712890625,454.6659851074219,1508.40869140625,862.3667602539062,1604.6202392578125,469.3700866699219,1588.266357421875,874.1661987304688,1673.6436767578125,483.236083984375,1664.4215087890625,881.6494140625,1743.806396484375,501.1080627441406,1732.0911865234375,876.3432006835938
1080.95263671875,464.15740966796875,1088.317138671875,885.7130737304688,1103.304443359375,465.22442626953125,1106.667236328125,883.3453369140625,1111.2679443359375,463.512451171875,1108.6180419921875,868.786865234375,1071.402587890625,465.3787841796875,1073.1668701171875,850.554931640625,1032.6165771484375,445.2803039550781,1035.0521240234375,854.4017333984375,1012.5223388671875,416.65985107421875,1011.884765625,827.7265014648438,1024.13720703125,414.6042175292969,1024.5673828125,828.6863403320312,1127.34521484375,502.82861328125,1131.4144287109375,889.1212768554688,1154.3839111328125,499.5860290527344,1155.9415283203125,885.66845703125,1181.9019775390625,492.15887451171875,1181.7706298828125,879.9509887695312,1206.9859619140625,463.7812805175781,1202.112548828125,845.47802734375,1244.6092529296875,442.0996398925781,1245.55224609375,854.6456909179688,1248.275634765625,414.3161315917969,1255.1273193359375,834.5404663085938,1271.8980712890625,422.6172790527344,1281.6727294921875,837.4421997070312,865.4386596679688,414.82598876953125,873.4804077148438,855.6127319335938,1082.1810302734375,404.0873107910156,1080.769775390625,829.2045288085938,1139.5379638671875,397.37890625,1139.8995361328125,830.466796875,1198.2034912109375,400.07464599609375,1204.23974609375,832.1728515625,1348.970703125,438.5579528808594,1399.56787109375,851.1931762695312,1440.4158935546875,445.6388244628906,1429.92822265625,853.6497192382812,1525.4769287109375,454.6549377441406,1507.440673828125,862.4186401367188,1605.7576904296875,469.9586181640625,1580.99755859375,873.1837158203125,1674.101318359375,483.47052001953125,1665.0667724609375,881.5812377929688,1743.2554931640625,500.9192810058594,1731.146240234375,876.3988647460938
1080.92138671875,463.9649353027344,1088.2122802734375,885.8545532226562,1103.690185546875,465.0796813964844,1106.670166015625,883.32958984375,1110.799072265625,463.64642333984375,1108.15576171875,868.6856079101562,1070.608642578125,465.5812072753906,1073.2513427734375,850.0576782226562,1032.088623046875,445.3135681152344,1033.770751953125,854.5792236328125,1011.8878784179688,416.4676513671875,1011.3201293945312,827.7271118164062,1023.3716430664062,414.3876037597656,1023.9215087890625,828.7398681640625,1127.3253173828125,502.94415283203125,1131.0380859375,889.2822265625,1154.3651123046875,499.6639099121094,1155.8031005859375,885.7116088867188,1181.7525634765625,492.242919921875,1181.67578125,880.1004638671875,1206.20458984375,463.7845153808594,1202.0107421875,845.109619140625,1244.0457763671875,441.77838134765625,1245.2459716796875,854.5614013671875,1249.343994140625,414.40167236328125,1255.6839599609375,834.7090454101562,1271.3369140625,422.5340881347656,1283.0341796875,837.379638671875,864.6710815429688,414.7266845703125,872.5885620117188,855.4727172851562,1081.7054443359375,404.0133056640625,1080.4091796875,829.248779296875,1139.3529052734375,397.0237121582031,1140.642578125,830.3991088867188,1197.065185546875,399.8350524902344,1204.9915771484375,831.8980712890625,1348.848388671875,438.4430847167969,1399.39990234375,851.2442016601562,1440.363525390625,445.6826477050781,1429.4405517578125,853.4990234375,1524.7059326171875,454.4766845703125,1506.335693359375,862.474609375,1604.8580322265625,469.8975830078125,1580.1455078125,873.3070068359375,1671.11279296875,482.7971496582031,1664.98779296875,881.9114379882812,1742.4844970703125,500.9516296386719,1730.5577392578125,876.376953125
1080.862548828125,463.7445373535156,1088.092529296875,885.9085693359375,1103.221923828125,465.38409423828125,1106.68212890625,883.3206787109375,1110.1204833984375,463.7727966308594,1108.00537109375,868.8417358398438,1070.5242919921875,466.25286865234375,1073.1878662109375,850.1026000976562,1030.8145751953125,445.3635559082031,1032.8905029296875,854.6631469726562,1010.72314453125,416.15606689453125,1010.3158569335938,827.6346435546875,1022.0939331054688,414.243896484375,1022.8128662109375,828.6660766601562,1127.24365234375,502.9209289550781,1130.6680908203125,889.5524291992188,1154.3448486328125,499.7137756347656,1155.55224609375,885.9097290039062,1181.611328125,492.3904724121094,1181.346923828125,880.2672119140625,1205.184326171875,463.86474609375,1201.9168701171875,845.390625,1243.13818359375,441.5654296875,1244.694580078125,854.266845703125,1248.489990234375,414.116943359375,1254.873046875,834.6383056640625,1270.43359375,422.29180908203125,1282.2161865234375,837.7383422851562,863.7244262695312,414.4853210449219,871.9666748046875,855.4682006835938,1080.67919921875,403.9971923828125,1079.4505615234375,829.393798828125,1138.5291748046875,396.81976318359375,1139.67529296875,830.3296508789062,1196.5601806640625,399.4276123046875,1204.0765380859375,831.9108276367188,1349.3468017578125,438.45928955078125,1399.280029296875,851.4105834960938,1439.0350341796875,445.6636657714844,1429.66259765625,853.8841552734375,1523.1646728515625,454.75299072265625,1507.6116943359375,862.6165771484375,1602.15625,469.4220275878906,1581.4945068359375,873.5101318359375,1669.8062744140625,482.6338195800781,1664.2720947265625,881.9521484375,1741.5992431640625,501.2023010253906,1729.8988037109375,876.3274536132812
1080.8779296875,463.4964599609375,1088.343994140625,886.10400390625,1103.33740234375,464.9490051269531,1106.5509033203125,883.2247314453125,1109.4793701171875,463.7933044433594,1107.491455078125,868.6767578125,1070.0921630859375,466.4461669921875,1072.8076171875,850.218505859375,1029.8966064453125,445.32391357421875,1033.178466796875,855.0235595703125,1009.7225952148438,415.99945068359375,1011.1452026367188,827.9511108398438,1021.2002563476562,414.234619140625,1023.5990600585938,828.9075927734375,1127.2122802734375,502.9774169921875,1130.5489501953125,889.5447998046875,1154.36962890625,499.726318359375,1155.3673095703125,885.9500732421875,1181.453125,492.62774658203125,1180.947998046875,880.4060668945312,1204.23779296875,463.8112487792969,1201.3948974609375,845.2891235351562,1242.421630859375,441.39678955078125,1243.9595947265625,853.2948608398438,1247.911865234375,413.80975341796875,1253.9720458984375,834.5700073242188,1269.8837890625,422.065673828125,1279.2847900390625,838.1018676757812,862.690673828125,414.3350524902344,871.1908569335938,855.7523193359375,1080.0328369140625,404.03228759765625,1079.045654296875,829.525390625,1137.9185791015625,396.77008056640625,1137.9586181640625,830.4071044921875,1196.0279541015625,398.9629211425781,1203.0750732421875,831.59423828125,1348.8702392578125,438.6295166015625,1398.7144775390625,851.2512817382812,1438.4471435546875,445.4502258300781,1427.4742431640625,853.4381103515625,1523.197021484375,454.83782958984375,1504.866943359375,862.4054565429688,1601.502197265625,469.384033203125,1578.8697509765625,873.369384765625,1668.828125,482.5354919433594,1663.4132080078125,882.0313720703125,1740.6240234375,501.09075927734375,1729.13232421875,876.2681884765625
1083.9923095703125,465.4051818847656,1089.6612548828125,885.588623046875,1105.4342041015625,463.16876220703125,1108.0037841796875,881.9707641601562,1110.2762451171875,462.6485900878906,1108.264892578125,866.3772583007812,1069.3367919921875,465.2192077636719,1071.9774169921875,848.5582275390625,1028.6490478515625,444.91802978515625,1034.2919921875,855.0088500976562,1008.5794067382812,416.2342224121094,1010.0826416015625,827.7714233398438,1020.8485107421875,415.9019775390625,1022.929931640625,828.7955322265625,1127.5823974609375,503.4521484375,1130.43896484375,889.5282592773438,1154.561767578125,499.82208251953125,1154.708251953125,885.9199829101562,1181.5235595703125,492.9160461425781,1180.3531494140625,880.6767578125,1203.333251953125,463.6938171386719,1200.4537353515625,845.08154296875,1241.6580810546875,441.2453308105469,1244.3480224609375,853.6985473632812,1246.914306640625,413.3758850097656,1254.044189453125,834.53369140625,1268.7689208984375,421.9299011230469,1279.33984375,838.3074340820312,861.6412353515625,413.97503662109375,870.4119262695312,856.0164184570312,1079.7239990234375,403.1909484863281,1078.57421875,829.2139282226562,1137.2747802734375,396.370361328125,1137.4195556640625,830.4016723632812,1195.2906494140625,398.67138671875,1202.8323974609375,831.5580444335938,1348.01171875,438.54998779296875,1398.244384765625,851.0282592773438,1436.3367919921875,444.6495361328125,1491.790283203125,861.0363159179688,1522.981201171875,454.8741149902344,1504.352783203125,862.3847045898438,1600.9136962890625,469.1737976074219,1578.67529296875,873.781982421875,1668.568115234375,482.3559875488281,1659.296630859375,881.7664794921875,1739.7188720703125,500.5351257324219,1728.178466796875,876.1680297851562
1084.7200927734375,463.522216796875,1089.9588623046875,884.5206298828125,1106.54541015625,461.73175048828125,1107.5665283203125,879.0436401367188,1109.922119140625,460.3487854003906,1107.2677001953125,864.0447387695312,1068.72900390625,462.8222351074219,1071.0257568359375,845.0062866210938,1026.7371826171875,443.7308044433594,1033.9656982421875,854.2116088867188,1006.5220947265625,416.2222900390625,1010.2511596679688,827.7012939453125,1018.7932739257812,414.6424865722656,1022.9671020507812,828.6439819335938,1127.7269287109375,503.2947082519531,1129.81005859375,890.2398071289062,1154.573486328125,499.8685302734375,1154.48876953125,885.7123413085938,1181.50439453125,493.11810302734375,1180.0841064453125,880.4808959960938,1202.4654541015625,463.7782897949219,1200.5364990234375,844.2456665039062,1240.3599853515625,441.1639404296875,1244.1072998046875,852.976318359375,1244.8118896484375,413.512939453125,1253.80908203125,834.4895629882812,1267.2841796875,421.4759521484375,1281.61767578125,837.903564453125,860.7191162109375,413.55291748046875,869.4700927734375,856.4622802734375,1077.5880126953125,403.5303955078125,1077.8126220703125,829.2160034179688,1135.701904296875,396.5778503417969,1136.458984375,830.2518920898438,1194.030517578125,398.4854431152344,1202.8746337890625,831.1666870117188,1346.6011962890625,438.1809997558594,1393.9969482421875,849.7273559570312,1436.7042236328125,444.643798828125,1427.084716796875,853.2632446289062,1522.4547119140625,454.8765869140625,1503.1497802734375,862.5145874023438,1601.507568359375,469.41619873046875,1578.0316162109375,873.40478515625,1667.76171875,482.1578369140625,1655.2095947265625,881.3179931640625,1738.8333740234375,499.714111328125,1726.992919921875,876.1099243164062
1084.60498046875,463.44036865234375,1090.0015869140625,884.2495727539062,1106.4739990234375,461.7184753417969,1107.2513427734375,878.5979614257812,1109.207275390625,460.1534423828125,1106.2957763671875,863.226318359375,1068.151611328125,462.7375793457031,1069.8433837890625,844.036376953125,1025.4349365234375,443.68072509765625,1031.77685546875,853.8463134765625,1006.1123657226562,415.95782470703125,1008.1287231445312,827.1279907226562,1017.6298828125,414.2898254394531,1020.6268920898438,828.2586669921875,1127.7442626953125,503.3955383300781,1129.543701171875,890.2466430664062,1154.62548828125,499.779296875,1153.99267578125,885.552490234375,1181.2647705078125,493.2065734863281,1179.5341796875,880.3665161132812,1201.340576171875,463.70904541015625,1199.9912109375,843.6636962890625,1239.6129150390625,441.0918273925781,1244.06494140625,852.5588989257812,1244.9488525390625,412.82818603515625,1254.6075439453125,834.5415649414062,1266.1160888671875,421.2852783203125,1282.954833984375,837.9987182617188,859.8571166992188,413.3163757324219,868.348876953125,856.9786987304688,1076.708740234375,403.49017333984375,1074.6226806640625,829.0806274414062,1134.801513671875,396.2022399902344,1134.6805419921875,830.5928955078125,1193.6275634765625,398.5311279296875,1203.0628662109375,830.572509765625,1345.2274169921875,438.1837158203125,1393.0999755859375,849.3605346679688,1435.142333984375,444.43829345703125,1487.77978515625,860.921630859375,1519.9415283203125,454.7768859863281,1499.930908203125,862.0381469726562,1598.3968505859375,469.4700622558594,1577.726318359375,873.2431030273438,1666.1685791015625,481.63934326171875,1655.15380859375,881.3943481445312,1737.5797119140625,499.2525634765625,1725.43798828125,875.389892578125
1084.8155517578125,463.78948974609375,1089.6395263671875,884.3583984375,1106.6192626953125,462.1400451660156,1106.8341064453125,878.6901245117188,1107.9344482421875,460.79913330078125,1104.99169921875,863.2206420898438,1066.8385009765625,463.00439453125,1069.5653076171875,844.0615234375,1024.2923583984375,443.9375915527344,1032.1424560546875,853.7222290039062,1005.0939331054688,415.5970764160156,1008.242431640625,827.1846923828125,1016.9951171875,414.6341247558594,1020.5580444335938,828.0552978515625,1127.7388916015625,503.3841247558594,1130.115966796875,889.1092529296875,1154.60791015625,499.84637451171875,1153.7803955078125,885.5208740234375,1181.1337890625,493.3873596191406,1178.8807373046875,880.2533569335938,1199.9842529296875,463.49798583984375,1199.63232421875,843.343017578125,1238.678955078125,441.008544921875,1244.480224609375,852.529052734375,1243.7369384765625,412.49932861328125,1254.822265625,834.4371337890625,1264.959716796875,421.1271667480469,1287.2469482421875,837.7421875,858.97216796875,413.0387878417969,867.1139526367188,857.1532592773438,1075.430419921875,403.4903564453125,1074.2579345703125,828.8153686523438,1133.16748046875,396.8509216308594,1134.226318359375,830.23681640625,1193.129150390625,398.4252014160156,1202.8800048828125,830.1614990234375,1344.4852294921875,437.9144287109375,1392.45654296875,849.1985473632812,1434.1171875,444.4327697753906,1486.1319580078125,860.5996704101562,1515.8878173828125,453.5318908691406,1499.4576416015625,861.7310180664062,1597.0833740234375,469.287109375,1574.8636474609375,872.3145751953125,1664.546875,481.2153625488281,1653.0145263671875,881.284912109375,1736.4801025390625,498.67120361328125,1724.30126953125,874.8045043945312
1084.2921142578125,463.511962890625,1089.468994140625,884.3986206054688,1105.9940185546875,461.70892333984375,1106.321044921875,878.4618530273438,1106.653076171875,460.142822265625,1103.8763427734375,862.7948608398438,1065.443603515625,462.5277099609375,1068.218505859375,843.86474609375,1022.5450439453125,443.9370422363281,1030.1790771484375,853.6627807617188,1003.3760375976562,415.4015808105469,1006.6495361328125,826.9397583007812,1015.8268432617188,414.72796630859375,1018.3486328125,827.7202758789062,1127.6544189453125,503.2801513671875,1129.8858642578125,889.148681640625,1154.488037109375,499.7689514160156,1153.2515869140625,885.5787353515625,1180.7762451171875,493.3571472167969,1178.2669677734375,880.2158203125,1199.2830810546875,463.3411865234375,1197.56396484375,841.3831176757812,1237.352294921875,440.9879150390625,1242.80029296875,851.8961181640625,1242.5980224609375,412.4515380859375,1253.6434326171875,833.8917846679688,1263.642578125,420.429443359375,1287.07763671875,837.0370483398438,857.5562133789062,412.1817626953125,866.060302734375,857.1376953125,1073.6434326171875,403.355712890625,1072.4124755859375,828.7464599609375,1132.0159912109375,396.89166259765625,1133.703369140625,829.9374389648438,1191.45458984375,398.3648681640625,1202.259033203125,829.5213623046875,1344.9658203125,437.5317077636719,1364.413330078125,846.6542358398438,1434.2093505859375,444.46234130859375,1485.520751953125,860.6170043945312,1517.1646728515625,453.7038879394531,1500.2979736328125,861.5044555664062,1597.41162109375,469.1764831542969,1573.313232421875,872.056884765625,1664.11279296875,481.1448059082031,1650.824951171875,881.1944580078125,1735.6829833984375,498.5704040527344,1723.1693115234375,874.8199462890625
1084.202392578125,463.23260498046875,1089.542236328125,884.2918701171875,1105.471923828125,461.3487548828125,1105.796630859375,877.8425903320312,1105.477294921875,459.6814880371094,1102.559326171875,861.9632568359375,1064.202880859375,461.8333740234375,1065.9967041015625,843.2325439453125,1021.8818969726562,443.86700439453125,1028.4462890625,853.130126953125,1002.7534790039062,415.41595458984375,1006.7928466796875,827.2349853515625,1015.2911987304688,414.7410583496094,1016.6292724609375,827.4553833007812,1127.695068359375,503.3210754394531,1129.890380859375,888.9913330078125,1154.418212890625,499.7592468261719,1153.0511474609375,885.5317993164062,1180.58447265625,493.61541748046875,1178.1011962890625,880.3694458007812,1198.2447509765625,463.3302917480469,1196.303466796875,840.0165405273438,1235.791748046875,440.7607727050781,1241.0682373046875,851.4893188476562,1240.0579833984375,411.87310791015625,1250.4853515625,833.1290893554688,1262.90087890625,420.86199951171875,1277.1982421875,836.9758911132812,856.4771728515625,410.92633056640625,865.0639038085938,856.998046875,1072.8773193359375,403.1673278808594,1071.279296875,828.6488647460938,1131.04443359375,396.5796203613281,1133.821533203125,829.5200805664062,1189.802001953125,398.5221862792969,1201.169677734375,829.1165161132812,1341.7767333984375,437.3957214355469,1363.1478271484375,846.1362915039062,1430.1893310546875,444.5899963378906,1481.840087890625,860.1853637695312,1516.2010498046875,453.3623352050781,1499.8905029296875,861.409423828125,1595.1708984375,468.3101806640625,1565.70703125,870.9327392578125,1662.9742431640625,480.87298583984375,1649.46923828125,880.980712890625,1734.565673828125,497.7655334472656,1722.5595703125,874.6666870117188
1084.80810546875,463.5978088378906,1089.5186767578125,884.443603515625,1104.94091796875,461.5230407714844,1105.25341796875,877.3477172851562,1103.70263671875,459.8104248046875,1103.045654296875,861.1937255859375,1062.1285400390625,461.75946044921875,1064.9947509765625,843.1691284179688,1021.0147705078125,443.3091125488281,1028.016357421875,853.0426635742188,1001.4623413085938,415.5509338378906,1006.6346435546875,827.2647705078125,1013.7803955078125,414.645751953125,1016.1571044921875,827.4208374023438,1127.6873779296875,503.3175048828125,1130.6746826171875,889.2219848632812,1154.2591552734375,499.7390441894531,1153.3787841796875,885.397705078125,1180.1358642578125,493.6878662109375,1178.0230712890625,880.3190307617188,1197.2786865234375,462.9727783203125,1194.337890625,839.0699462890625,1234.1500244140625,440.56658935546875,1239.5283203125,850.9324951171875,1238.671875,411.4920959472656,1249.280517578125,833.0079345703125,1261.6422119140625,420.0501403808594,1275.77392578125,836.4979248046875,855.1236572265625,410.04754638671875,864.0369873046875,856.947998046875,1070.747802734375,403.0882873535156,1071.9552001953125,828.4420776367188,1129.7117919921875,396.51806640625,1132.7735595703125,829.2789306640625,1187.7955322265625,398.3175048828125,1198.2991943359375,831.0858154296875,1341.8016357421875,437.1331481933594,1385.6734619140625,848.9201049804688,1426.90673828125,444.167724609375,1468.9464111328125,857.7326049804688,1513.2901611328125,452.5898132324219,1501.9276123046875,861.1686401367188,1589.137451171875,467.1956787109375,1548.3067626953125,868.1595458984375,1661.75146484375,480.92626953125,1648.1143798828125,880.6784057617188,1733.407958984375,496.9773254394531,1722.0386962890625,874.4889526367188
1084.7156982421875,463.78204345703125,1089.437255859375,884.663330078125,1104.24462890625,461.4854431152344,1104.4241943359375,876.7767333984375,1102.4259033203125,459.28173828125,1101.512939453125,860.3907470703125,1060.6593017578125,461.54901123046875,1065.1087646484375,842.8135375976562,1019.8251953125,442.83819580078125,1027.2159423828125,852.6625366210938,1000.1522216796875,415.0764465332031,1004.8219604492188,826.937255859375,1012.6835327148438,414.11962890625,1016.5446166992188,827.7351684570312,1127.5379638671875,503.21685791015625,1130.4527587890625,889.4156494140625,1154.1766357421875,499.7024841308594,1153.0142822265625,885.5109252929688,1180.027099609375,493.6672668457031,1177.2288818359375,880.3757934570312,1196.31884765625,462.866455078125,1192.992919921875,839.544921875,1232.944580078125,440.1466369628906,1237.2373046875,850.8345947265625,1237.0535888671875,411.3223571777344,1244.0635986328125,833.0289306640625,1260.359619140625,419.8918151855469,1271.399169921875,835.7138061523438,853.6978149414062,408.990966796875,862.87939453125,856.8222045898438,1068.9476318359375,403.3236083984375,1071.24072265625,828.6326293945312,1128.3597412109375,396.718994140625,1130.88720703125,829.16845703125,1185.756591796875,398.036376953125,1197.452392578125,830.67724609375,1340.6776123046875,436.600830078125,1385.78466796875,848.4120483398438,1427.095703125,443.8612976074219,1469.74609375,857.4765625,1513.3896484375,452.1903991699219,1516.28857421875,862.78173828125,1589.4569091796875,466.9269104003906,1563.363037109375,871.0084228515625,1661.30908203125,480.7325134277344,1647.1572265625,880.6450805664062,1732.0107421875,496.8717956542969,1720.405029296875,875.3023071289062
1084.5289306640625,463.7540588378906,1088.955078125,884.4755249023438,1103.2135009765625,460.15289306640625,1104.3231201171875,876.82568359375,1100.6815185546875,459.1695861816406,1100.39697265625,860.4180297851562,1059.326416015625,461.4525451660156,1063.641357421875,841.9262084960938,1018.465576171875,442.6584167480469,1025.9952392578125,851.958984375,999.1513061523438,414.7192687988281,1004.1172485351562,826.5669555664062,1011.6931762695312,413.8442077636719,1015.7619018554688,827.4044799804688,1127.554443359375,503.031005859375,1130.2392578125,889.2990112304688,1154.0059814453125,499.5995788574219,1152.909423828125,885.5009155273438,1179.9915771484375,493.7516784667969,1177.204833984375,880.1073608398438,1195.4608154296875,462.8879089355469,1190.49560546875,840.8333129882812,1232.4119873046875,439.6235656738281,1236.5628662109375,850.9549560546875,1236.1710205078125,410.8292236328125,1242.211669921875,832.609130859375,1259.8115234375,419.6087646484375,1269.6102294921875,835.2560424804688,852.2774658203125,408.6706848144531,862.2545776367188,856.201416015625,1067.9755859375,403.1204528808594,1070.05712890625,828.6615600585938,1127.4490966796875,396.8464660644531,1130.767822265625,829.2754516601562,1185.5382080078125,397.6437072753906,1197.4173583984375,830.610107421875,1340.6195068359375,435.9983215332031,1385.7940673828125,848.4683227539062,1426.7847900390625,443.6648864746094,1475.202880859375,858.4862060546875,1512.324951171875,451.717529296875,1498.8814697265625,860.4412231445312,1587.876708984375,466.6262512207031,1564.08544921875,871.054443359375,1659.9083251953125,480.4233093261719,1646.8748779296875,880.6720581054688,1730.8013916015625,496.8823547363281,1718.6185302734375,875.591064453125
1084.2900390625,464.0346984863281,1088.4224853515625,884.6885986328125,1102.7353515625,459.97796630859375,1103.575927734375,876.2672729492188,1097.239501953125,459.2313537597656,1099.103271484375,859.8659057617188,1058.353271484375,461.2817077636719,1061.2750244140625,841.140869140625,1016.7754516601562,442.59112548828125,1024.1119384765625,851.5390625,997.5777587890625,413.995849609375,1002.2037353515625,826.1708374023438,1010.1217041015625,413.5932312011719,1014.2085571289062,827.2387084960938,1127.55224609375,502.84832763671875,1130.639404296875,889.3239135742188,1153.8905029296875,499.5567932128906,1152.8626708984375,885.3410034179688,1179.7081298828125,493.855712890625,1176.921875,879.878662109375,1194.8507080078125,462.77764892578125,1192.0302734375,840.5405883789062,1231.202392578125,439.3675231933594,1236.3924560546875,850.5255737304688,1235.2081298828125,410.4730224609375,1242.0198974609375,832.2207641601562,1258.67431640625,419.15234375,1269.748291015625,834.8416137695312,850.685302734375,407.843994140625,860.6525268554688,855.5945434570312,1066.379150390625,402.9986267089844,1068.0819091796875,828.556396484375,1125.767333984375,396.506591796875,1128.1529541015625,828.7352905273438,1183.190673828125,397.8333435058594,1187.7308349609375,831.245849609375,1340.9835205078125,435.9312438964844,1383.9166259765625,848.13671875,1425.239990234375,443.17462158203125,1470.0849609375,857.89794921875,1509.935791015625,450.9564208984375,1516.179931640625,862.3619384765625,1585.9324951171875,466.119384765625,1563.5517578125,870.8905639648438,1658.357666015625,479.9930419921875,1646.950439453125,880.6441040039062,1729.350341796875,496.6444091796875,1717.4195556640625,875.9566040039062
1083.97509765625,464.30987548828125,1088.581787109375,884.8109130859375,1102.2352294921875,459.89141845703125,1102.998291015625,875.553955078125,1095.942138671875,460.27984619140625,1097.113037109375,859.5851440429688,1057.03369140625,460.5999755859375,1058.730224609375,840.76220703125,1016.28759765625,442.5678405761719,1022.869384765625,852.0498046875,996.9600219726562,414.77081298828125,1000.7734985351562,826.1593017578125,1009.1818237304688,413.3629150390625,1012.9210815429688,827.0399169921875,1127.4718017578125,502.6635437011719,1130.258544921875,889.424072265625,1153.7176513671875,499.5198669433594,1152.788330078125,885.5029907226562,1179.5645751953125,493.87506103515625,1176.5,880.044921875,1194.0438232421875,462.99896240234375,1191.052734375,840.8541870117188,1229.87744140625,438.85546875,1234.5653076171875,850.0332641601562,1233.9967041015625,410.3563232421875,1240.184814453125,831.9501953125,1256.9853515625,418.5382080078125,1267.8890380859375,834.8543701171875,849.5556030273438,406.669189453125,859.4021606445312,854.9431762695312,1065.7965087890625,402.54632568359375,1066.228271484375,828.3388671875,1124.8411865234375,395.8611145019531,1127.9945068359375,828.77099609375,1181.53857421875,397.5018310546875,1187.7548828125,830.995361328125,1335.5797119140625,436.0180969238281,1378.2564697265625,846.5245971679688,1422.88427734375,443.02374267578125,1469.31396484375,857.9829711914062,1508.16845703125,450.5794982910156,1518.119140625,862.4956665039062,1585.0626220703125,465.59710693359375,1562.786865234375,870.760986328125,1657.1669921875,479.6440124511719,1643.2401123046875,880.1818237304688,1728.2578125,496.399169921875,1716.412841796875,875.8001098632812
1083.96630859375,463.9427795410156,1088.7872314453125,884.5360107421875,1102.0084228515625,459.42431640625,1102.997802734375,874.4134521484375,1094.522216796875,459.9774475097656,1093.958251953125,858.1107177734375,1055.352294921875,460.2304992675781,1056.9615478515625,840.623046875,1014.71826171875,442.3241882324219,1021.1068115234375,851.9312744140625,995.3533935546875,414.4285583496094,999.5077514648438,825.8728637695312,1007.6329345703125,413.2608337402344,1011.830078125,826.7110595703125,1127.3929443359375,502.5404357910156,1129.834228515625,889.3362426757812,1153.739990234375,499.5194396972656,1152.7620849609375,885.5471801757812,1179.2423095703125,494.05767822265625,1176.287841796875,879.9768676757812,1192.924560546875,462.8064270019531,1190.4473876953125,840.6904296875,1228.833984375,438.6936950683594,1234.0771484375,849.734375,1233.0816650390625,411.1299743652344,1240.753173828125,831.9443969726562,1256.0477294921875,418.1937255859375,1268.6810302734375,835.1791381835938,848.2389526367188,405.8680419921875,858.1569213867188,854.3229370117188,1064.4476318359375,402.43524169921875,1064.119873046875,827.6484375,1123.6739501953125,395.5382080078125,1127.143798828125,828.5231323242188,1180.8695068359375,397.1390380859375,1187.944091796875,830.8126831054688,1333.7794189453125,435.91937255859375,1373.6026611328125,845.1251220703125,1418.6636962890625,442.10369873046875,1470.9180908203125,857.947265625,1505.798095703125,450.38909912109375,1499.59765625,859.9177856445312,1582.27685546875,465.2720947265625,1562.8914794921875,870.8660278320312,1654.4793701171875,479.1182861328125,1639.794189453125,879.9706420898438,1727.1204833984375,495.79119873046875,1715.1212158203125,876.1559448242188
1082.9954833984375,465.73626708984375,1088.7032470703125,884.8341674804688,1101.210693359375,460.1614685058594,1101.4267578125,873.0527954101562,1093.068115234375,459.99273681640625,1091.6446533203125,857.8409423828125,1053.6663818359375,460.3139953613281,1054.9300537109375,840.1697998046875,1013.1064453125,442.1448669433594,1019.6254272460938,851.2897338867188,994.4324340820312,413.75006103515625,999.3753662109375,825.8809814453125,1006.3536987304688,412.8213806152344,1011.4466552734375,826.7509155273438,1127.3056640625,502.3734130859375,1129.751708984375,889.072021484375,1153.8712158203125,499.5218200683594,1152.7760009765625,885.5498657226562,1179.1649169921875,494.03997802734375,1176.1080322265625,879.8920288085938,1191.9385986328125,462.7852783203125,1188.5731201171875,840.1513671875,1227.5528564453125,437.94061279296875,1232.4013671875,849.4835815429688,1231.9892578125,410.1842041015625,1238.4339599609375,831.12841796875,1254.9034423828125,417.50665283203125,1267.551025390625,834.7822875976562,847.0363159179688,405.0606994628906,856.8562622070312,853.9851684570312,1062.8280029296875,402.2407531738281,1062.3499755859375,827.466796875,1122.1356201171875,395.09295654296875,1124.6810302734375,828.4456176757812,1179.6568603515625,396.5032958984375,1186.0946044921875,830.75439453125,1332.773193359375,435.8883056640625,1377.855712890625,846.1837768554688,1417.0992431640625,441.5736389160156,1471.18994140625,857.7338256835938,1506.218017578125,450.25091552734375,1499.16650390625,859.3131103515625,1582.0721435546875,465.3412170410156,1562.0572509765625,870.7881469726562,1653.5888671875,478.9273986816406,1639.7559814453125,879.9564819335938,1725.9625244140625,495.92559814453125,1714.3240966796875,876.1338500976562
1083.5880126953125,466.9284973144531,1088.268798828125,885.5538940429688,1099.5379638671875,461.39892578125,1100.404052734375,873.1743774414062,1091.5732421875,460.67144775390625,1090.56982421875,856.8793334960938,1051.2906494140625,460.6304626464844,1053.68310546875,839.110595703125,1011.121337890625,442.2318420410156,1018.52197265625,850.156494140625,993.0027465820312,413.5969543457031,997.8088989257812,825.38232421875,1004.2296142578125,413.04376220703125,1010.3292846679688,826.4086303710938,1127.3404541015625,502.3760986328125,1129.8114013671875,889.0894165039062,1153.9532470703125,499.51312255859375,1152.7919921875,885.495361328125,1179.0745849609375,494.1482238769531,1176.107666015625,879.618408203125,1190.6717529296875,462.8630676269531,1186.962158203125,839.5975341796875,1226.2374267578125,437.9344482421875,1231.20947265625,849.2927856445312,1230.3076171875,410.6005859375,1236.7628173828125,831.1691284179688,1253.90185546875,417.780029296875,1265.767333984375,834.7496337890625,846.1885986328125,404.2346496582031,855.6761474609375,853.5975952148438,1062.468017578125,402.27740478515625,1061.537353515625,827.2689819335938,1120.7667236328125,395.4142150878906,1125.1158447265625,828.22509765625,1178.4312744140625,396.3442077636719,1185.510498046875,830.4762573242188,1331.26806640625,435.4817810058594,1372.5345458984375,844.8219604492188,1414.968017578125,441.13800048828125,1467.8819580078125,857.3653564453125,1505.844970703125,450.1308898925781,1490.881103515625,858.5792846679688,1580.11474609375,465.00555419921875,1550.197021484375,867.587890625,1652.818603515625,478.0302734375,1637.93408203125,879.6650390625,1724.4940185546875,495.1644592285156,1713.3663330078125,876.0189819335938
1081.505615234375,466.1728210449219,1088.961669921875,885.7119140625,1098.130126953125,462.23974609375,1099.674072265625,872.740966796875,1090.060302734375,461.6629333496094,1088.92041015625,856.6213989257812,1049.616455078125,460.6850891113281,1051.683349609375,837.8845825195312,1010.1019287109375,442.1029968261719,1016.730224609375,850.558349609375,991.9784545898438,413.57720947265625,995.6675415039062,825.0689086914062,1003.1751708984375,413.2225036621094,1008.7244262695312,826.271728515625,1127.364990234375,502.3736572265625,1128.474609375,888.7911987304688,1154.066650390625,499.5435485839844,1152.884521484375,885.44873046875,1179.1761474609375,493.8982849121094,1175.918701171875,879.447265625,1189.613037109375,462.6051330566406,1185.692626953125,839.0875244140625,1225.319580078125,437.4472351074219,1228.609130859375,849.5693969726562,1228.372314453125,410.0068359375,1235.7315673828125,831.322021484375,1251.8731689453125,417.55950927734375,1264.9818115234375,834.588623046875,845.0635375976562,403.3498229980469,854.703369140625,853.2566528320312,1061.2525634765625,402.45806884765625,1059.7547607421875,827.07958984375,1119.2694091796875,395.40484619140625,1124.5701904296875,828.3414916992188,1176.489990234375,396.0455017089844,1184.39794921875,830.62158203125,1331.0093994140625,435.0895690917969,1377.14990234375,845.8887939453125,1414.3370361328125,441.43511962890625,1469.552490234375,857.6766357421875,1504.0439453125,449.57183837890625,1487.469970703125,858.0197143554688,1578.0377197265625,464.5948181152344,1559.40380859375,869.0823974609375,1651.419921875,477.78167724609375,1637.8297119140625,879.8838500976562,1723.6253662109375,494.6832580566406,1712.1307373046875,876.0693969726562
1080.01708984375,465.7063903808594,1089.5999755859375,885.7426147460938,1096.69482421875,462.50494384765625,1098.6903076171875,872.3320922851562,1088.6531982421875,461.93963623046875,1087.0218505859375,856.61767578125,1048.7625732421875,460.7442321777344,1050.2364501953125,837.1724243164062,1009.0826416015625,441.95611572265625,1015.1624755859375,850.3079833984375,991.4423828125,412.1971740722656,994.3212890625,824.9696044921875,1002.435791015625,413.061767578125,1007.732666015625,826.1846313476562,1127.4658203125,502.2909851074219,1128.61669921875,888.9722290039062,1154.0142822265625,499.6584167480469,1152.83544921875,885.4654541015625,1179.0162353515625,494.1675720214844,1175.985595703125,879.393798828125,1189.025390625,462.5376281738281,1185.1239013671875,840.442138671875,1224.678955078125,437.4731140136719,1227.71337890625,849.4837646484375,1227.584716796875,409.2751770019531,1235.4703369140625,831.4348754882812,1250.902099609375,417.2680969238281,1265.3868408203125,834.76416015625,844.0527954101562,402.121826171875,853.5548095703125,853.1480712890625,1060.739013671875,402.4496154785156,1057.665283203125,827.1099243164062,1118.228515625,396.0427551269531,1122.687744140625,828.4456787109375,1177.56689453125,396.1005859375,1182.83056640625,830.6251220703125,1330.5185546875,434.81195068359375,1377.3150634765625,846.121337890625,1412.189208984375,441.1131896972656,1467.5660400390625,857.6729125976562,1501.041015625,447.8244323730469,1486.029296875,858.1845092773438,1577.481689453125,464.3597717285156,1558.41650390625,869.1647338867188,1650.052001953125,477.6629638671875,1636.9334716796875,879.7836303710938,1722.706298828125,494.5516662597656,1710.357421875,875.5052490234375
1078.8138427734375,465.08489990234375,1089.4649658203125,885.9929809570312,1095.7694091796875,462.1910705566406,1098.104248046875,872.2215576171875,1087.354248046875,461.7716064453125,1084.7882080078125,855.8795776367188,1047.747314453125,460.32684326171875,1048.36279296875,836.4567260742188,1007.717041015625,441.6112060546875,1013.258056640625,849.7450561523438,990.126708984375,411.9284973144531,992.9713745117188,824.6295776367188,1001.28369140625,412.6469421386719,1006.4232788085938,825.9886474609375,1127.43115234375,502.2052917480469,1128.333984375,889.078125,1153.9693603515625,499.61468505859375,1152.672607421875,885.6267700195312,1179.186279296875,493.66192626953125,1175.8939208984375,879.5560913085938,1187.9444580078125,462.67059326171875,1184.509033203125,840.3569946289062,1223.3314208984375,437.1294860839844,1226.7108154296875,849.5068969726562,1226.243408203125,408.8698425292969,1234.66259765625,831.5400390625,1249.5206298828125,416.7716064453125,1257.656494140625,835.0233764648438,843.1875610351562,400.82373046875,852.4271850585938,852.6018676757812,1059.7109375,402.2888488769531,1056.068115234375,826.8663330078125,1117.212646484375,396.0491943359375,1119.7650146484375,828.7125854492188,1176.078369140625,396.0989074707031,1182.5113525390625,830.617919921875,1330.1646728515625,434.512451171875,1372.994384765625,845.0574951171875,1411.88134765625,440.8321838378906,1462.9141845703125,856.5907592773438,1501.1942138671875,447.7771911621094,1485.4698486328125,858.3710327148438,1577.8984375,464.26312255859375,1555.6912841796875,868.9405517578125,1649.360595703125,477.4918518066406,1635.72314453125,879.927001953125,1721.6639404296875,494.26641845703125,1709.3255615234375,875.4019165039062
1077.5428466796875,465.1429138183594,1088.7003173828125,886.26708984375,1093.9444580078125,461.7803039550781,1097.1771240234375,871.7677001953125,1086.2294921875,461.09423828125,1082.7698974609375,856.0097045898438,1046.4835205078125,459.9173889160156,1048.13720703125,836.8826293945312,1006.0623779296875,440.6053466796875,1012.5015258789062,849.2843017578125,988.4840087890625,411.7626647949219,993.442138671875,824.4102172851562,1001.221435546875,411.2604064941406,1006.9993896484375,826.21044921875,1127.631103515625,502.2326965332031,1128.2586669921875,889.218017578125,1153.9444580078125,499.57843017578125,1152.466796875,885.6567993164062,1179.10498046875,493.5654296875,1175.8743896484375,879.4222412109375,1187.3203125,462.6232604980469,1182.7451171875,840.3958129882812,1222.62353515625,436.88665771484375,1223.356689453125,848.8377685546875,1225.6851806640625,408.8403015136719,1231.748046875,831.73486328125,1248.7808837890625,416.45391845703125,1255.035888671875,834.5006713867188,842.4628295898438,399.8888854980469,851.4609375,852.3006591796875,1058.626953125,402.4160461425781,1055.957275390625,826.76806640625,1116.1136474609375,396.1127624511719,1118.17431640625,828.7967529296875,1174.62939453125,396.5429382324219,1180.05126953125,830.6214599609375,1329.877685546875,434.14300537109375,1370.822021484375,845.0305786132812,1411.929443359375,440.48150634765625,1461.80078125,856.7354736328125,1499.5411376953125,447.5482177734375,1485.1221923828125,858.4735107421875,1573.1251220703125,463.2760009765625,1554.56640625,869.1201782226562,1648.3485107421875,477.21453857421875,1635.6207275390625,880.387451171875,1720.768310546875,494.155517578125,1708.3094482421875,874.8629760742188
1077.255615234375,465.4385070800781,1087.8177490234375,886.3507690429688,1093.0867919921875,461.9173583984375,1095.51220703125,870.9894409179688,1083.6348876953125,461.573486328125,1081.5599365234375,857.22021484375,1044.87109375,459.88421630859375,1045.7099609375,836.4392700195312,1004.3334350585938,440.1614990234375,1011.0625,849.0694580078125,986.45654296875,411.8349609375,991.6551513671875,824.07568359375,999.66748046875,410.6782531738281,1005.0363159179688,825.85107421875,1128.6160888671875,501.8854675292969,1129.6856689453125,889.5436401367188,1153.9168701171875,499.6236267089844,1152.568359375,885.7415771484375,1178.8365478515625,494.1368408203125,1175.751953125,879.90380859375,1186.2698974609375,462.9342956542969,1181.3001708984375,839.6090698242188,1221.6282958984375,436.85247802734375,1222.6796875,849.1121215820312,1224.724609375,409.1039123535156,1232.07666015625,831.7886352539062,1247.5311279296875,416.3731994628906,1254.4478759765625,834.5481567382812,841.8650512695312,399.5623474121094,850.551025390625,851.6538696289062,1057.2562255859375,402.4488525390625,1054.205322265625,827.3284912109375,1115.373779296875,396.2071533203125,1117.890869140625,829.0723876953125,1173.470458984375,396.659423828125,1179.7774658203125,830.7709350585938,1329.1651611328125,433.8686828613281,1371.2637939453125,845.44580078125,1411.842529296875,440.2949523925781,1463.47900390625,857.1688842773438,1500.70947265625,447.57830810546875,1484.8812255859375,858.361572265625,1576.960693359375,464.06036376953125,1555.7724609375,869.5975952148438,1648.2197265625,477.21026611328125,1634.90966796875,880.5919189453125,1719.7950439453125,493.96417236328125,1707.3592529296875,874.8894653320312
1075.2899169921875,465.2315673828125,1088.6934814453125,886.5840454101562,1090.755126953125,461.6907653808594,1094.3936767578125,870.5850830078125,1080.8775634765625,462.4076843261719,1080.200439453125,857.1068725585938,1042.3438720703125,459.50946044921875,1045.3555908203125,835.362548828125,1001.9446411132812,440.0018615722656,1010.675537109375,848.9259643554688,985.1986083984375,411.2833251953125,990.8715209960938,823.8106079101562,998.3117065429688,410.12640380859375,1004.3092651367188,825.55859375,1128.3057861328125,501.9664306640625,1127.8896484375,889.8976440429688,1153.8685302734375,499.66064453125,1152.4476318359375,885.8051147460938,1178.8187255859375,494.1367492675781,1175.795654296875,880.0313110351562,1185.133544921875,463.3372497558594,1182.0169677734375,839.9530639648438,1220.7349853515625,436.906494140625,1223.107666015625,849.288330078125,1223.4661865234375,409.00567626953125,1232.442138671875,831.755615234375,1246.4140625,415.99652099609375,1255.7353515625,835.1873168945312,840.9967651367188,398.4184875488281,849.7149047851562,850.890869140625,1055.31396484375,402.522705078125,1054.6158447265625,827.3843383789062,1113.8447265625,396.6846923828125,1117.8404541015625,829.2218017578125,1171.8258056640625,397.0530700683594,1179.8638916015625,830.8057861328125,1327.496826171875,433.8192138671875,1370.2166748046875,845.6939697265625,1410.8046875,440.2129821777344,1461.595458984375,856.93017578125,1498.72265625,447.3473205566406,1485.4476318359375,858.671875,1570.8409423828125,462.2236633300781,1550.925048828125,868.9142456054688,1645.3017578125,476.7478942871094,1633.953125,880.51806640625,1719.2730712890625,494.21856689453125,1706.8016357421875,874.68798828125
1074.068359375,464.920654296875,1090.283935546875,886.3286743164062,1089.506103515625,461.57208251953125,1092.7786865234375,868.718017578125,1077.9764404296875,462.6794128417969,1076.4814453125,856.0763549804688,1040.865966796875,459.8359680175781,1042.4183349609375,834.7091064453125,1000.60302734375,440.2672424316406,1007.989013671875,848.6377563476562,983.9828491210938,410.9002685546875,991.1215209960938,824.502197265625,996.9324951171875,410.0230407714844,1003.4232788085938,825.4464721679688,1127.927001953125,502.0631408691406,1127.8321533203125,889.7727661132812,1153.81884765625,499.7456970214844,1152.4981689453125,885.6875610351562,1179.1353759765625,493.5175476074219,1175.919921875,879.9544067382812,1184.0826416015625,463.63232421875,1180.2275390625,839.505615234375,1219.058837890625,436.5548400878906,1222.129638671875,848.9226684570312,1221.9681396484375,408.4159240722656,1224.857421875,831.1275634765625,1245.430419921875,416.98162841796875,1254.5269775390625,834.8659057617188,839.8821411132812,397.55364990234375,848.7805786132812,850.2975463867188,1053.610107421875,402.34344482421875,1052.4869384765625,827.2859497070312,1112.55419921875,397.0190124511719,1111.9639892578125,828.3805541992188,1170.15087890625,397.219482421875,1177.0623779296875,830.670654296875,1326.34716796875,433.70208740234375,1370.23388671875,845.6754150390625,1409.117919921875,440.0722961425781,1460.20703125,856.5625,1492.9024658203125,447.12640380859375,1484.6077880859375,858.4048461914062,1566.6273193359375,461.70477294921875,1550.0113525390625,869.203125,1643.75537109375,476.4394226074219,1633.0028076171875,880.365234375,1717.76806640625,494.1942443847656,1705.9283447265625,874.7301025390625
1073.3262939453125,464.7251281738281,1089.037841796875,887.0958251953125,1088.484375,461.0194396972656,1091.5672607421875,869.4318237304688,1076.0008544921875,462.7588195800781,1076.0391845703125,856.4765014648438,1039.7049560546875,459.9244079589844,1041.3001708984375,834.3626098632812,1000.1128540039062,440.1011047363281,1006.980712890625,848.3115844726562,983.0966186523438,410.84674072265625,990.0230102539062,824.273193359375,995.9656372070312,410.13580322265625,1002.187255859375,825.191162109375,1127.7955322265625,502.2543640136719,1127.849853515625,889.7625732421875,1153.6961669921875,499.84246826171875,1152.42626953125,885.6220092773438,1179.0634765625,493.4610900878906,1175.5966796875,879.9571533203125,1183.2010498046875,464.03192138671875,1178.773681640625,839.1873168945312,1217.98828125,436.5805969238281,1220.1719970703125,848.6060791015625,1221.0111083984375,408.0947265625,1222.950927734375,830.6846923828125,1244.8214111328125,416.5777282714844,1252.8265380859375,834.61279296875,838.4943237304688,396.8224792480469,848.0411376953125,849.6605224609375,1052.3922119140625,402.65008544921875,1051.636962890625,827.2469482421875,1111.333984375,397.2231140136719,1103.0009765625,828.87548828125,1168.8153076171875,397.3146057128906,1166.458251953125,830.427001953125,1326.4053955078125,433.6535339355469,1369.671142578125,845.8394775390625,1408.66259765625,439.9118347167969,1454.9754638671875,856.53076171875,1486.40234375,446.1468811035156,1516.3758544921875,863.80322265625,1565.82666015625,460.7974548339844,1550.0733642578125,869.1575317382812,1642.356689453125,476.20562744140625,1632.8006591796875,880.2976684570312,1716.6827392578125,494.16510009765625,1705.0826416015625,874.3788452148438
1072.3804931640625,465.6460876464844,1088.5787353515625,886.7372436523438,1087.6363525390625,461.3182067871094,1089.5089111328125,868.8978271484375,1074.161376953125,462.3702392578125,1073.7794189453125,855.8095092773438,1038.607666015625,460.01959228515625,1040.415771484375,833.8864135742188,999.0946044921875,440.1875915527344,1006.0133666992188,847.8440551757812,982.836669921875,410.8358459472656,989.201171875,824.0325317382812,995.8855590820312,410.4192199707031,1001.4915771484375,825.4930419921875,1127.5496826171875,502.47021484375,1128.0743408203125,889.5559692382812,1153.575439453125,499.8671875,1152.4456787109375,885.4673461914062,1178.9912109375,493.5326232910156,1175.4649658203125,880.0677490234375,1183.6173095703125,463.8957214355469,1178.1400146484375,839.7434692382812,1217.1202392578125,436.4198303222656,1218.5113525390625,848.3360595703125,1220.0914306640625,408.0641174316406,1221.22216796875,830.5887451171875,1243.9793701171875,416.43896484375,1247.0338134765625,834.2494506835938,837.1318359375,395.9142761230469,846.6869506835938,848.7952880859375,1052.1590576171875,402.7374267578125,1049.1451416015625,827.3136596679688,1110.2176513671875,397.6032409667969,1101.653076171875,828.7726440429688,1167.99169921875,397.0612487792969,1164.2398681640625,830.3504028320312,1325.2138671875,433.48138427734375,1369.5811767578125,846.0065307617188,1407.745849609375,439.53216552734375,1460.414306640625,856.7203979492188,1485.648193359375,445.49420166015625,1484.706298828125,858.512939453125,1564.5931396484375,460.4729919433594,1550.2554931640625,869.2119140625,1640.469970703125,475.84039306640625,1632.0670166015625,880.1786499023438,1715.6553955078125,494.31109619140625,1703.4547119140625,875.1175537109375
1072.3992919921875,466.1843566894531,1089.284912109375,885.1099853515625,1086.8060302734375,461.5556335449219,1087.428955078125,867.7120971679688,1072.9072265625,462.3735046386719,1069.713623046875,853.67236328125,1037.4681396484375,459.87103271484375,1037.9093017578125,833.1486206054688,997.7539672851562,439.8876647949219,1004.6581420898438,847.409912109375,982.0036010742188,410.544189453125,988.8690185546875,823.7957763671875,994.7047729492188,410.1444091796875,1000.8667602539062,825.22216796875,1127.589111328125,502.3661193847656,1129.5062255859375,889.22998046875,1153.5321044921875,499.8399963378906,1152.179443359375,885.332763671875,1178.97119140625,493.5161437988281,1175.00244140625,880.1312866210938,1182.62841796875,464.0071105957031,1178.231201171875,837.6981201171875,1216.2978515625,437.0918884277344,1219.200439453125,848.3060302734375,1218.8238525390625,407.75262451171875,1221.8509521484375,830.5925903320312,1242.6162109375,416.2109069824219,1252.453125,834.4595947265625,836.0430908203125,395.138427734375,846.5255737304688,848.0702514648438,1050.64794921875,402.5834045410156,1049.023681640625,827.0267333984375,1109.004638671875,397.614990234375,1101.23876953125,828.5947265625,1166.482666015625,397.3079833984375,1163.921630859375,830.5478515625,1324.030517578125,433.2040100097656,1370.57373046875,846.3673706054688,1406.7740478515625,439.34747314453125,1456.8106689453125,856.708740234375,1485.3870849609375,445.4854431152344,1484.01513671875,858.1596069335938,1561.057861328125,460.2078552246094,1550.0369873046875,869.1861572265625,1637.4566650390625,475.0073547363281,1631.32666015625,880.0528564453125,1714.20166015625,494.5020446777344,1702.421630859375,875.2348022460938
1072.91748046875,467.6011047363281,1090.1163330078125,880.3837280273438,1086.3031005859375,462.81292724609375,1085.1866455078125,864.5767822265625,1071.417236328125,462.9684143066406,1067.7628173828125,851.2050170898438,1035.072021484375,458.1627502441406,1035.3818359375,830.891357421875,996.244873046875,439.5285339355469,1002.2572631835938,847.176025390625,981.169677734375,410.46820068359375,986.1446533203125,822.4180297851562,993.2926025390625,410.0881652832031,998.5150756835938,824.8807983398438,1127.8585205078125,502.63873291015625,1129.33544921875,889.3515625,1153.5059814453125,499.9525451660156,1152.3841552734375,885.0404663085938,1178.899658203125,493.3618469238281,1175.14306640625,879.9874877929688,1182.0147705078125,464.0884704589844,1177.3857421875,837.1045532226562,1215.4703369140625,436.9530944824219,1213.1240234375,848.1448364257812,1218.2315673828125,408.07830810546875,1220.2572021484375,830.4314575195312,1241.5167236328125,415.79510498046875,1246.0078125,834.066650390625,835.2727661132812,394.031982421875,845.209228515625,847.5700073242188,1050.188232421875,402.76483154296875,1046.1683349609375,826.8264770507812,1108.6622314453125,397.5436706542969,1099.7850341796875,828.73583984375,1165.5679931640625,397.2712097167969,1162.3861083984375,830.4888916015625,1323.0283203125,433.0480651855469,1369.765869140625,846.1170654296875,1406.42041015625,439.52471923828125,1455.1695556640625,856.7843017578125,1484.17822265625,444.8833312988281,1485.0208740234375,858.0560302734375,1560.169677734375,459.9679260253906,1549.162109375,869.3628540039062,1636.464111328125,474.8118591308594,1630.8155517578125,879.930908203125,1712.9713134765625,494.2142639160156,1701.5838623046875,875.5864868164062
1072.239013671875,468.8600158691406,1091.6453857421875,879.1629028320312,1084.3526611328125,462.5653076171875,1085.6837158203125,863.5294189453125,1071.459716796875,463.12646484375,1067.89111328125,848.7557373046875,1032.9276123046875,457.99932861328125,1033.885498046875,828.9125366210938,994.541259765625,439.39031982421875,1000.8701782226562,846.7549438476562,979.7593383789062,410.0367431640625,985.4407958984375,821.9611206054688,991.6898803710938,409.8359069824219,997.9664306640625,824.5301513671875,1127.9815673828125,502.6494445800781,1129.31005859375,889.3289184570312,1153.5091552734375,499.9356994628906,1152.2874755859375,885.07958984375,1178.8533935546875,493.3161315917969,1174.978271484375,880.0455932617188,1181.272705078125,464.4580383300781,1177.0950927734375,837.1371459960938,1214.59326171875,436.87841796875,1212.891845703125,847.92333984375,1217.1756591796875,408.060546875,1219.86376953125,830.6683349609375,1240.823486328125,415.5602111816406,1246.1138916015625,834.3956909179688,833.7210693359375,393.0288391113281,844.3584594726562,847.0569458007812,1048.874267578125,402.65863037109375,1047.35302734375,826.733154296875,1107.3609619140625,397.4748840332031,1100.474609375,828.8294067382812,1164.2020263671875,397.5748596191406,1162.50634765625,830.5952758789062,1323.18994140625,432.8048400878906,1362.3758544921875,843.895751953125,1406.0189208984375,439.1651306152344,1452.969970703125,856.7567749023438,1484.8944091796875,444.76055908203125,1509.45849609375,862.4267578125,1560.627685546875,460.03155517578125,1549.0897216796875,869.3430786132812,1637.013916015625,474.79345703125,1629.1488037109375,879.3344116210938,1711.8363037109375,493.8854064941406,1700.8046875,875.3793334960938
1071.709228515625,470.7986755371094,1092.77734375,873.0001831054688,1083.2413330078125,464.4607238769531,1082.8250732421875,855.0223999023438,1069.61669921875,464.5155944824219,1067.01611328125,845.5574340820312,1031.275146484375,457.6682434082031,1032.5537109375,827.7957763671875,993.0309448242188,438.9781799316406,999.0715942382812,846.5161743164062,978.2875366210938,409.9266662597656,984.3377075195312,821.719970703125,989.5146484375,409.56890869140625,996.5987548828125,824.1795043945312,1127.914306640625,502.6869201660156,1128.8389892578125,889.2675170898438,1153.405029296875,499.9361877441406,1152.77392578125,884.7359008789062,1178.7745361328125,493.18719482421875,1175.712890625,879.4058227539062,1180.850830078125,464.3935241699219,1175.6641845703125,836.8024291992188,1213.835693359375,436.83685302734375,1211.0196533203125,847.9400634765625,1216.2109375,408.0249938964844,1214.8245849609375,830.8854370117188,1239.618896484375,416.2887268066406,1241.1649169921875,834.1326293945312,832.8153686523438,392.5216064453125,843.6295776367188,846.672119140625,1047.427978515625,402.77435302734375,1045.1756591796875,826.047607421875,1105.85888671875,397.6396484375,1099.632568359375,828.5327758789062,1163.0125732421875,397.6042785644531,1161.6600341796875,830.6051635742188,1322.5108642578125,432.7687072753906,1359.74951171875,843.1934814453125,1404.749755859375,438.7817077636719,1451.78271484375,856.808349609375,1484.4085693359375,444.3748779296875,1510.7841796875,862.667236328125,1560.0501708984375,459.77880859375,1546.2271728515625,869.548828125,1636.9849853515625,474.72039794921875,1627.864501953125,879.6035766601562,1710.8348388671875,494.05615234375,1699.6585693359375,875.531494140625
1070.5352783203125,471.7514953613281,1092.043212890625,871.0289916992188,1081.96484375,465.4456481933594,1079.876220703125,852.4385375976562,1065.4591064453125,465.2537841796875,1062.46533203125,843.9776611328125,1029.9788818359375,457.53912353515625,1030.1536865234375,825.4752197265625,990.9771118164062,439.0896301269531,997.3718872070312,846.0477294921875,976.7041625976562,409.73822021484375,983.342041015625,821.4593505859375,987.7618408203125,409.5718078613281,996.1397705078125,823.9788818359375,1127.679443359375,502.72149658203125,1128.757080078125,889.263427734375,1153.3878173828125,499.9320068359375,1152.6715087890625,884.6052856445312,1178.7398681640625,493.1610107421875,1175.7088623046875,878.8470458984375,1180.3336181640625,464.8246765136719,1175.019287109375,836.1895751953125,1213.1422119140625,436.7482604980469,1209.985107421875,847.6716918945312,1215.3170166015625,408.3275146484375,1213.77880859375,830.560546875,1238.922607421875,416.1801452636719,1240.163818359375,833.8823852539062,831.8977661132812,392.21246337890625,842.7135009765625,846.3702392578125,1046.504638671875,403.12115478515625,1044.668212890625,825.9765625,1104.45556640625,397.92974853515625,1098.4046630859375,828.6405639648438,1162.2623291015625,397.6630554199219,1157.4150390625,830.3062133789062,1321.86181640625,432.4828186035156,1362.7724609375,844.1842041015625,1402.853759765625,438.1791076660156,1450.45849609375,856.6845703125,1484.7650146484375,444.19586181640625,1509.833740234375,862.5867309570312,1559.757080078125,459.369384765625,1545.48046875,869.3771362304688,1636.6514892578125,474.6297302246094,1627.0540771484375,879.577880859375,1709.6622314453125,493.9756164550781,1698.849853515625,875.8195190429688
1070.238037109375,473.3765563964844,1093.941650390625,867.5125732421875,1080.23388671875,466.13934326171875,1077.1173095703125,849.6160278320312,1062.81005859375,466.5384521484375,1059.2894287109375,842.3136596679688,1027.630126953125,456.5400085449219,1027.4398193359375,823.3734130859375,988.1928100585938,439.0021667480469,995.66357421875,845.8894653320312,975.2271118164062,409.6736755371094,982.2090454101562,821.408447265625,986.176025390625,409.39617919921875,994.794921875,823.78466796875,1127.7275390625,502.8274841308594,1128.5513916015625,889.6439819335938,1153.3497314453125,499.98681640625,1152.558349609375,884.5405883789062,1178.704345703125,493.1591491699219,1175.6806640625,878.8275146484375,1179.58935546875,465.2145690917969,1174.6287841796875,836.1914672851562,1212.1986083984375,437.09326171875,1209.4212646484375,847.3396606445312,1213.904052734375,408.727783203125,1213.2994384765625,830.5289916992188,1237.8782958984375,415.7532653808594,1240.0804443359375,833.6315307617188,830.9140014648438,391.6918029785156,841.4395751953125,846.0912475585938,1044.7647705078125,403.3500061035156,1043.6981201171875,825.7412109375,1103.0726318359375,398.34722900390625,1096.0152587890625,828.081298828125,1161.2000732421875,398.06884765625,1155.0050048828125,830.1635131835938,1319.1387939453125,432.33099365234375,1362.4398193359375,844.1820678710938,1403.5218505859375,437.9031982421875,1449.66015625,856.65673828125,1486.92041015625,444.2565612792969,1513.8126220703125,863.6611328125,1559.3841552734375,459.0470275878906,1531.089599609375,866.123291015625,1635.4033203125,474.4139709472656,1623.5426025390625,879.44140625,1708.5439453125,493.74237060546875,1697.9332275390625,875.9373779296875
1070.80078125,472.9608459472656,1087.0452880859375,858.5875854492188,1078.0194091796875,466.1911926269531,1072.8887939453125,846.932861328125,1060.6087646484375,467.4936828613281,1055.372802734375,839.2945556640625,1023.5313110351562,455.5924987792969,1026.251708984375,823.1231079101562,987.0668334960938,438.84893798828125,994.3792724609375,845.7572631835938,974.4786987304688,409.16070556640625,981.2517700195312,821.4114379882812,984.9381713867188,409.63226318359375,993.6663208007812,823.5394287109375,1127.7042236328125,502.7955322265625,1128.631591796875,889.7860717773438,1153.288818359375,499.8660583496094,1152.6197509765625,884.5435791015625,1178.7796630859375,493.240234375,1175.705322265625,878.9259033203125,1178.867431640625,465.7271728515625,1173.8544921875,835.8575439453125,1210.946044921875,437.32879638671875,1207.86669921875,847.0192260742188,1212.42626953125,408.5916442871094,1211.6761474609375,830.22998046875,1236.7569580078125,415.7044372558594,1239.4345703125,833.4713134765625,830.424560546875,391.0673522949219,840.9573974609375,846.086181640625,1043.1968994140625,403.57891845703125,1042.25244140625,825.9181518554688,1101.400146484375,399.0787353515625,1093.8909912109375,827.9464721679688,1160.282470703125,398.04833984375,1152.5360107421875,829.7730712890625,1319.6826171875,432.29144287109375,1362.5404052734375,844.194580078125,1401.88427734375,437.3603820800781,1445.0894775390625,854.5299682617188,1487.2232666015625,443.7955017089844,1514.1793212890625,863.663330078125,1560.26513671875,458.9305725097656,1530.99609375,866.3975219726562,1635.2391357421875,474.2862854003906,1623.1934814453125,879.5250244140625,1707.952392578125,493.5559997558594,1697.09716796875,875.8641357421875
1070.9622802734375,472.5308532714844,1082.9339599609375,850.1456909179688,1075.4666748046875,466.3460388183594,1070.400634765625,845.5177001953125,1057.29248046875,468.4327087402344,1052.5379638671875,836.8738403320312,1021.8289184570312,455.05792236328125,1023.6318969726562,822.5835571289062,986.0655517578125,438.81060791015625,991.8396606445312,845.3944091796875,973.3421630859375,409.2582702636719,979.9080810546875,821.4505004882812,985.5376586914062,409.515380859375,992.1928100585938,823.4743041992188,1127.6666259765625,502.6039733886719,1128.77197265625,889.8404541015625,1153.1737060546875,499.70941162109375,1152.4715576171875,884.5842895507812,1178.7578125,493.3266296386719,1175.664306640625,879.0254516601562,1178.1573486328125,466.5904235839844,1172.93505859375,835.959716796875,1210.8660888671875,437.0303955078125,1205.58447265625,847.43701171875,1211.715576171875,408.5075988769531,1209.4287109375,829.9439086914062,1235.8072509765625,416.47412109375,1237.7635498046875,833.2798461914062,829.386474609375,390.849609375,839.8651123046875,845.75,1042.371826171875,403.5570068359375,1041.83056640625,826.4580688476562,1100.63232421875,399.4428405761719,1092.5257568359375,827.8256225585938,1159.785400390625,398.15643310546875,1147.5106201171875,830.0348510742188,1320.454345703125,431.9154357910156,1359.81005859375,843.4361572265625,1401.93115234375,436.9419250488281,1444.2177734375,854.432861328125,1486.6329345703125,443.5448913574219,1509.5947265625,862.753173828125,1559.22314453125,458.6579284667969,1530.357421875,866.269287109375,1634.759033203125,474.2859191894531,1622.5791015625,879.603759765625,1707.3612060546875,493.50927734375,1695.919677734375,876.0137329101562
1070.060302734375,474.151611328125,1081.23291015625,848.730712890625,1072.1126708984375,467.6921691894531,1068.1629638671875,842.8119506835938,1055.7515869140625,468.29937744140625,1050.304931640625,835.0455322265625,1020.6061401367188,454.3749694824219,1019.6343994140625,821.8028564453125,985.25,438.34326171875,989.731201171875,845.2780151367188,972.8935546875,409.0869445800781,979.0392456054688,821.3562622070312,984.8541870117188,409.4291076660156,991.2261352539062,823.329833984375,1127.6348876953125,502.7095642089844,1129.143310546875,889.9404907226562,1153.0980224609375,499.7258605957031,1152.499267578125,884.6353759765625,1178.6207275390625,493.28985595703125,1176.0721435546875,878.2678833007812,1177.478515625,467.06158447265625,1172.8939208984375,836.0382690429688,1209.8529052734375,436.8580627441406,1205.319091796875,847.2181396484375,1210.3448486328125,408.0158996582031,1206.70849609375,830.0905151367188,1234.2515869140625,416.12506103515625,1236.9600830078125,832.9776611328125,828.32373046875,390.3433837890625,839.0786743164062,845.2610473632812,1041.8101806640625,403.5301513671875,1042.562255859375,826.7542724609375,1099.993408203125,399.6126403808594,1093.77490234375,827.5120849609375,1159.61865234375,398.1669616699219,1147.9615478515625,829.942138671875,1318.9395751953125,431.95526123046875,1359.9423828125,843.5180053710938,1402.384521484375,436.7482604980469,1448.999755859375,856.8667602539062,1485.8416748046875,443.1304016113281,1513.5626220703125,863.6056518554688,1559.5018310546875,458.6490783691406,1531.9281005859375,866.4979248046875,1633.984130859375,474.0002746582031,1621.0994873046875,879.6110229492188,1706.45947265625,493.286376953125,1694.3701171875,875.1837768554688
1069.9329833984375,473.35308837890625,1080.2049560546875,848.2406616210938,1069.4656982421875,468.22845458984375,1066.6949462890625,842.1436767578125,1052.2247314453125,469.2381591796875,1048.3695068359375,833.3331298828125,1018.1104125976562,453.4811706542969,1016.9209594726562,822.4296264648438,984.0133056640625,437.9593811035156,989.2506713867188,844.2079467773438,971.8323974609375,408.9585876464844,976.4829711914062,820.9749755859375,983.8672485351562,409.2423095703125,989.087646484375,822.83251953125,1127.654541015625,502.6664733886719,1129.15771484375,889.7971801757812,1153.0279541015625,499.58404541015625,1152.4195556640625,884.6337890625,1178.6640625,493.14447021484375,1175.710693359375,878.791259765625,1176.79052734375,467.1405029296875,1172.9466552734375,836.1671142578125,1208.9915771484375,436.52978515625,1205.5443115234375,847.5113525390625,1209.344482421875,407.89599609375,1206.65673828125,830.0416870117188,1233.3345947265625,415.9266052246094,1236.051025390625,832.7687377929688,827.4129638671875,389.76507568359375,838.0119018554688,844.4850463867188,1040.7799072265625,403.7611999511719,1041.354736328125,826.407958984375,1099.295654296875,400.1047668457031,1092.933349609375,827.1603393554688,1158.793212890625,398.397705078125,1147.0706787109375,829.5963134765625,1317.7691650390625,431.7052001953125,1358.7294921875,843.2487182617188,1400.70263671875,436.4265441894531,1448.8294677734375,856.9760131835938,1484.7059326171875,442.7394104003906,1508.2181396484375,862.7274780273438,1557.74365234375,458.0345153808594,1531.369140625,866.377197265625,1632.909423828125,473.8211364746094,1620.9932861328125,879.687255859375,1705.7310791015625,493.15264892578125,1693.3067626953125,874.9984741210938
1065.1429443359375,474.6514892578125,1078.4654541015625,847.680908203125,1069.37158203125,470.3456115722656,1064.6146240234375,841.7936401367188,1051.1663818359375,470.52386474609375,1045.9039306640625,833.0733642578125,1017.177001953125,454.0751037597656,1015.1873779296875,820.7102661132812,984.00048828125,438.6775817871094,988.247314453125,844.3453979492188,971.3087768554688,408.8793029785156,975.2799072265625,820.47265625,983.2977905273438,409.38958740234375,988.3267211914062,822.5174560546875,1127.6170654296875,502.5566711425781,1129.301025390625,889.7566528320312,1153.033935546875,499.482421875,1152.3829345703125,884.5775146484375,1178.757568359375,493.2857360839844,1175.73779296875,878.5927734375,1176.4615478515625,467.28564453125,1172.6259765625,836.4620361328125,1208.4356689453125,436.5552673339844,1205.4188232421875,847.3643188476562,1208.760986328125,407.9078063964844,1206.22412109375,829.9029541015625,1233.09716796875,415.5926513671875,1235.0416259765625,832.4905395507812,826.5930786132812,389.1702575683594,837.2139892578125,844.12353515625,1040.5552978515625,404.0940246582031,1040.086181640625,825.8716430664062,1098.989013671875,400.6702575683594,1091.5169677734375,827.455078125,1158.16015625,398.76495361328125,1147.1524658203125,829.51025390625,1316.98193359375,431.58184814453125,1357.41650390625,843.0474243164062,1399.499267578125,436.25732421875,1449.16259765625,857.0829467773438,1483.8994140625,442.45623779296875,1468.465576171875,857.1107177734375,1556.0927734375,457.79400634765625,1532.917236328125,866.611328125,1631.7833251953125,473.7649230957031,1620.083740234375,879.5996704101562,1704.911376953125,493.0685729980469,1692.4761962890625,874.4905395507812
1063.1708984375,474.5325012207031,1077.1224365234375,846.32666015625,1065.73046875,470.6705322265625,1062.7408447265625,841.4619750976562,1048.5787353515625,471.6837463378906,1043.7724609375,832.5149536132812,1016.189697265625,454.8514709472656,1012.81884765625,819.24169921875,982.7168579101562,438.5987548828125,987.4063720703125,844.3442993164062,970.3828735351562,408.932861328125,973.8142700195312,819.8980102539062,982.3802490234375,409.5381774902344,986.7769775390625,822.3163452148438,1127.6729736328125,502.4690856933594,1129.4873046875,889.8417358398438,1153.0172119140625,499.52923583984375,1152.3056640625,884.3724365234375,1178.6710205078125,493.39971923828125,1176.193115234375,878.218017578125,1176.265869140625,467.4747009277344,1173.267822265625,836.7659301757812,1208.0927734375,436.7652893066406,1205.0909423828125,847.697265625,1209.015380859375,408.1711730957031,1206.019775390625,829.9559936523438,1232.603515625,415.7166442871094,1234.9796142578125,832.5689697265625,825.9573364257812,389.01739501953125,836.4810180664062,844.0785522460938,1039.314453125,404.3306579589844,1039.951171875,825.5921020507812,1098.27734375,400.946533203125,1091.1915283203125,827.3831787109375,1157.9854736328125,398.55633544921875,1146.8096923828125,829.609375,1316.6229248046875,431.58447265625,1357.2481689453125,843.2516479492188,1398.255859375,436.1766357421875,1443.94287109375,854.3844604492188,1479.1690673828125,442.3803405761719,1468.241455078125,857.1774291992188,1553.8382568359375,457.092529296875,1531.6583251953125,866.7279663085938,1630.52880859375,473.4686584472656,1618.6468505859375,879.6466064453125,1704.305908203125,492.9136657714844,1691.859130859375,874.4125366210938
1063.2052001953125,474.67327880859375,1076.11083984375,847.30810546875,1063.0347900390625,471.0916442871094,1060.3336181640625,841.7505493164062,1045.60791015625,472.9056396484375,1042.0164794921875,831.9945678710938,1015.2030639648438,455.38568115234375,1011.0469970703125,818.3873901367188,982.33740234375,438.3315124511719,986.0458374023438,843.931640625,969.3496704101562,409.1890563964844,974.5991821289062,820.6145629882812,982.0309448242188,409.4941101074219,986.17724609375,822.312744140625,1127.7069091796875,502.3345947265625,1129.4869384765625,889.6303100585938,1152.995849609375,499.4097595214844,1152.4112548828125,884.2948608398438,1178.5755615234375,493.3414611816406,1176.3560791015625,878.101318359375,1175.584228515625,468.0900573730469,1173.0423583984375,836.844970703125,1207.3760986328125,436.8773193359375,1204.36962890625,847.8594360351562,1207.831787109375,408.6776428222656,1205.1138916015625,830.0300903320312,1231.7978515625,415.6663818359375,1233.6910400390625,832.6367797851562,824.7395629882812,389.2889404296875,835.5866088867188,843.844970703125,1038.3111572265625,404.41357421875,1039.72509765625,825.7288208007812,1097.6185302734375,401.74810791015625,1090.297607421875,827.6356811523438,1156.7440185546875,399.1328125,1145.4832763671875,829.866455078125,1317.4759521484375,431.7041931152344,1354.4317626953125,843.4988403320312,1399.5535888671875,436.0527038574219,1443.5523681640625,854.7996826171875,1478.8099365234375,442.5622253417969,1466.4547119140625,857.0509033203125,1553.376220703125,457.2341003417969,1533.2330322265625,867.1741333007812,1629.67626953125,473.3600158691406,1618.1041259765625,879.7049560546875,1704.5869140625,492.7516784667969,1691.2008056640625,874.3240966796875
1061.233642578125,475.59503173828125,1073.8968505859375,846.7487182617188,1059.52978515625,472.8357238769531,1058.0797119140625,840.7979125976562,1042.0804443359375,473.67132568359375,1039.869873046875,830.8433837890625,1012.581787109375,455.4558410644531,1010.318603515625,817.217529296875,981.3388671875,438.4132995605469,984.779052734375,844.1885375976562,968.8267211914062,409.3334045410156,973.5717163085938,820.5262451171875,981.377197265625,409.71002197265625,986.1492919921875,822.6842651367188,1127.771484375,502.221923828125,1129.415771484375,889.5953979492188,1153.016357421875,499.425537109375,1152.45068359375,884.4893188476562,1178.6982421875,493.4448547363281,1176.490234375,878.300537109375,1176.85400390625,468.384765625,1172.9293212890625,837.0586547851562,1206.644287109375,437.2832336425781,1203.951416015625,847.8781127929688,1206.7923583984375,408.9738464355469,1204.607421875,830.2767333984375,1230.386474609375,416.43682861328125,1232.9195556640625,832.7801513671875,824.0407104492188,389.09381103515625,834.5424194335938,843.7303466796875,1038.162109375,404.7989196777344,1038.99169921875,825.6782836914062,1097.4490966796875,402.20672607421875,1089.6754150390625,827.767822265625,1156.064453125,399.50518798828125,1144.7574462890625,830.0112915039062,1315.0399169921875,431.3610534667969,1354.1781005859375,844.6807250976562,1397.145263671875,436.47650146484375,1442.706298828125,855.5625610351562,1478.1033935546875,442.3199462890625,1467.70654296875,857.2491455078125,1552.1236572265625,457.1667785644531,1531.066162109375,867.2247314453125,1629.12060546875,473.3544616699219,1617.4560546875,879.7650756835938,1703.5738525390625,492.6385498046875,1690.8155517578125,874.3717041015625
1059.5294189453125,476.78289794921875,1071.331787109375,846.0149536132812,1055.177978515625,474.5252380371094,1052.673583984375,837.8322143554688,1039.7659912109375,474.7675476074219,1037.0098876953125,829.9039306640625,1009.0626831054688,454.1020202636719,1008.1173706054688,816.1550903320312,980.2445068359375,438.30572509765625,983.435791015625,843.0550537109375,967.9771118164062,409.34393310546875,971.6353759765625,820.4142456054688,980.4863891601562,409.7116394042969,984.7966918945312,822.4346313476562,1127.73046875,502.1398010253906,1129.37841796875,889.6727294921875,1153.0357666015625,499.3626403808594,1152.417236328125,884.4232177734375,1178.7899169921875,493.5707702636719,1176.6463623046875,878.2978515625,1176.2764892578125,469.1591491699219,1172.6790771484375,836.8963623046875,1205.4898681640625,437.47412109375,1203.4158935546875,847.9876098632812,1205.2757568359375,408.9169006347656,1203.8797607421875,830.4114990234375,1229.296875,415.936279296875,1232.230712890625,832.9111938476562,822.9827270507812,388.721923828125,833.6458740234375,843.5558471679688,1037.1182861328125,405.0975036621094,1037.08154296875,826.7378540039062,1096.44970703125,402.6946105957031,1087.928955078125,827.8426513671875,1154.57666015625,399.5261535644531,1143.4666748046875,830.2242431640625,1313.1014404296875,431.2284851074219,1353.023681640625,845.2513427734375,1395.3287353515625,436.1241149902344,1436.268798828125,853.48681640625,1476.8531494140625,442.0287170410156,1469.24755859375,857.6575927734375,1550.814697265625,457.0030212402344,1532.3917236328125,867.6615600585938,1627.707763671875,473.1064453125,1618.160888671875,879.9054565429688,1702.4696044921875,492.298583984375,1690.162353515625,874.425537109375
1057.5858154296875,477.1610412597656,1067.58203125,846.6356811523438,1052.66943359375,476.45166015625,1051.0447998046875,837.8486328125,1035.9483642578125,475.72613525390625,1034.1466064453125,829.180908203125,1006.300537109375,452.7951965332031,1006.118408203125,815.0938110351562,978.6890258789062,437.87384033203125,981.8915405273438,842.6373291015625,967.1746215820312,408.8948059082031,971.2711791992188,820.559326171875,979.7936401367188,409.28143310546875,984.4172973632812,822.3224487304688,1127.8193359375,501.9932861328125,1129.3421630859375,889.6714477539062,1153.0499267578125,499.3310546875,1152.3765869140625,884.5869750976562,1178.893798828125,493.73455810546875,1176.4866943359375,878.6922607421875,1175.6949462890625,469.524169921875,1173.39990234375,836.9880981445312,1204.9000244140625,437.6034851074219,1203.4696044921875,848.1488647460938,1204.4005126953125,408.6027526855469,1204.012939453125,830.7124633789062,1228.7288818359375,415.4788513183594,1232.033203125,832.9852294921875,821.8890991210938,388.7060852050781,832.8280029296875,843.4318237304688,1036.4608154296875,405.1126708984375,1038.275146484375,827.1159057617188,1096.0863037109375,403.1670227050781,1088.3607177734375,828.1058349609375,1154.1429443359375,399.7628173828125,1143.3560791015625,830.395751953125,1312.8145751953125,430.80877685546875,1352.1162109375,845.6712646484375,1395.409423828125,435.9728088378906,1437.685791015625,854.8699951171875,1477.0411376953125,442.1261291503906,1468.822998046875,857.6370239257812,1550.3089599609375,457.0774841308594,1532.7022705078125,867.9268798828125,1626.682861328125,473.1443176269531,1616.80908203125,879.8571166992188,1701.196533203125,491.95556640625,1689.4197998046875,874.3517456054688
1055.9619140625,477.6308288574219,1064.940185546875,843.0285034179688,1048.841064453125,478.0227355957031,1049.306640625,838.0946044921875,1032.850830078125,476.7009582519531,1032.147705078125,829.0404663085938,1004.6331787109375,452.49127197265625,1004.456787109375,814.3990478515625,978.0712280273438,437.5581970214844,981.0033569335938,842.327392578125,966.7696533203125,408.55401611328125,970.4160766601562,819.5637817382812,979.3662109375,409.2615051269531,983.6340942382812,822.2345581054688,1127.87890625,501.89788818359375,1129.4840087890625,889.6127319335938,1153.037353515625,499.32635498046875,1152.54638671875,884.5093383789062,1178.9420166015625,493.8108825683594,1176.284423828125,878.6104736328125,1174.8768310546875,470.0760498046875,1173.0635986328125,836.8038330078125,1204.23486328125,437.70343017578125,1201.8931884765625,848.0933227539062,1203.760986328125,408.5257873535156,1202.096435546875,830.6664428710938,1228.427734375,415.5790710449219,1225.07470703125,833.3978881835938,820.923583984375,388.32696533203125,832.1524047851562,843.0540771484375,1035.4638671875,405.1197814941406,1037.7222900390625,827.1740112304688,1094.265625,402.1957092285156,1087.8935546875,828.1031494140625,1153.109619140625,399.97552490234375,1142.6348876953125,830.46923828125,1312.6331787109375,430.9945983886719,1309.67236328125,840.302490234375,1395.1865234375,436.0248718261719,1431.086669921875,854.1124877929688,1477.1409912109375,442.37603759765625,1500.793212890625,862.7989501953125,1550.1575927734375,456.88104248046875,1534.1507568359375,868.160400390625,1626.3536376953125,473.1944274902344,1616.6771240234375,879.7838745117188,1700.344970703125,491.7864074707031,1688.109130859375,874.9208984375
1052.120849609375,481.8851318359375,1062.6553955078125,842.0782470703125,1043.8829345703125,479.9684143066406,1045.3177490234375,837.6728515625,1028.11328125,478.5174255371094,1027.349365234375,827.9177856445312,1001.4937744140625,450.76141357421875,1003.2537841796875,815.8505859375,976.1229248046875,436.9800109863281,979.8383178710938,842.2529296875,966.0802001953125,408.26910400390625,969.6561889648438,819.4490356445312,978.4403076171875,409.0506591796875,983.6148071289062,822.1528930664062,1127.979736328125,501.99700927734375,1129.3416748046875,889.6932983398438,1153.0225830078125,499.3697814941406,1152.5882568359375,884.6243286132812,1178.87744140625,493.8471374511719,1176.288330078125,878.6580810546875,1174.6114501953125,470.2934875488281,1173.170166015625,837.031494140625,1203.3748779296875,437.9396667480469,1201.76513671875,848.1986694335938,1202.736328125,408.7357482910156,1201.8265380859375,830.8854370117188,1227.3997802734375,415.64862060546875,1224.93359375,833.521240234375,819.806884765625,387.94171142578125,831.2658081054688,842.8187866210938,1034.930419921875,405.57574462890625,1037.8272705078125,827.1640014648438,1093.5716552734375,402.45489501953125,1088.3697509765625,828.1605224609375,1151.786376953125,401.79071044921875,1142.671875,830.4703979492188,1312.563720703125,431.0416259765625,1307.2685546875,840.3439331054688,1395.5584716796875,436.0809326171875,1437.79833984375,855.6878662109375,1477.8643798828125,442.76800537109375,1467.7276611328125,857.5118408203125,1550.8128662109375,457.2861022949219,1541.4609375,869.8179931640625,1626.30126953125,473.1611022949219,1617.1103515625,879.7865600585938,1699.3843994140625,491.84515380859375,1686.667724609375,874.7986450195312
1049.7127685546875,483.8244323730469,1060.270263671875,841.5609741210938,1040.015625,481.953125,1042.7496337890625,836.787841796875,1025.67529296875,480.62127685546875,1024.6427001953125,826.920654296875,999.1409301757812,450.9844665527344,1001.3111572265625,815.3190307617188,974.3789672851562,437.0838317871094,979.233154296875,842.4616088867188,964.8800048828125,408.3735656738281,969.91064453125,819.5254516601562,976.6829223632812,409.1174011230469,983.8937377929688,822.2529907226562,1128.0166015625,502.04571533203125,1129.3292236328125,889.5914306640625,1152.9981689453125,499.38641357421875,1152.6729736328125,884.5511474609375,1178.8638916015625,493.9611511230469,1176.122314453125,878.6683349609375,1173.89111328125,470.6269836425781,1172.6805419921875,837.1451416015625,1202.318115234375,437.8742370605469,1201.0052490234375,848.1096801757812,1202.0703125,408.808349609375,1200.8173828125,830.80078125,1226.316162109375,415.7260437011719,1223.9925537109375,833.3576049804688,818.9812622070312,387.517333984375,830.2471923828125,842.8588256835938,1034.0511474609375,405.893798828125,1036.0096435546875,827.376708984375,1092.76123046875,402.7221984863281,1087.3607177734375,828.4108276367188,1151.1710205078125,401.9527282714844,1141.911865234375,830.5674438476562,1309.0830078125,431.06298828125,1306.6531982421875,840.3253784179688,1392.793701171875,435.79058837890625,1437.167236328125,855.6595458984375,1476.7470703125,442.5752868652344,1468.543212890625,857.4737548828125,1549.905029296875,457.4840393066406,1535.2962646484375,868.3130493164062,1625.893798828125,472.9717712402344,1616.023193359375,879.6890869140625,1698.505615234375,491.6838073730469,1685.928466796875,874.8331909179688
1047.23291015625,484.0382080078125,1057.9893798828125,842.0082397460938,1035.7147216796875,484.50115966796875,1039.02392578125,837.279296875,1021.5157470703125,482.1342468261719,1020.215087890625,826.539306640625,996.123291015625,450.6642150878906,1000.6138916015625,814.4929809570312,971.7822875976562,437.70037841796875,978.4039306640625,842.6551513671875,963.797119140625,408.5865173339844,969.9102172851562,819.6129150390625,975.566162109375,409.2559814453125,983.774169921875,822.5947265625,1128.0728759765625,502.0087890625,1129.19775390625,889.5507202148438,1152.8798828125,499.4445495605469,1152.5482177734375,884.5933227539062,1178.8226318359375,493.8998107910156,1175.9796142578125,878.6298828125,1173.4468994140625,470.9671630859375,1172.29638671875,837.3169555664062,1201.593994140625,437.9973449707031,1200.32568359375,848.4384765625,1201.2755126953125,408.7846374511719,1200.0621337890625,830.95947265625,1225.7877197265625,415.5169372558594,1223.0623779296875,833.2762451171875,817.9246215820312,387.4017639160156,829.45703125,843.0632934570312,1033.2261962890625,405.89398193359375,1035.71826171875,827.1544799804688,1091.7705078125,403.3038330078125,1084.8924560546875,828.944091796875,1149.867431640625,402.06097412109375,1142.2144775390625,830.57861328125,1308.6077880859375,430.9745788574219,1306.890869140625,840.6049194335938,1391.4217529296875,435.59100341796875,1436.6365966796875,856.0291137695312,1475.9906005859375,442.5859375,1495.2626953125,861.91015625,1548.542724609375,457.33770751953125,1533.806884765625,868.3949584960938,1622.0841064453125,471.8645935058594,1614.7666015625,879.4894409179688,1697.3758544921875,491.6839904785156,1685.3074951171875,874.8447875976562
1044.777099609375,486.5129089355469,1053.775146484375,841.9692993164062,1031.9478759765625,487.6583251953125,1035.517822265625,836.54736328125,1016.684814453125,483.06048583984375,1017.8763427734375,826.705810546875,993.73046875,450.8049011230469,999.2430419921875,814.6536865234375,970.8116455078125,437.28448486328125,977.1604614257812,842.713623046875,962.7769165039062,408.42755126953125,968.7966918945312,819.78857421875,974.47509765625,409.27447509765625,982.5728759765625,822.8128051757812,1128.0350341796875,502.0367126464844,1129.3048095703125,889.6329345703125,1152.927734375,499.41876220703125,1152.6629638671875,884.4578857421875,1178.9403076171875,493.7164001464844,1175.8818359375,878.760986328125,1172.8138427734375,471.388671875,1172.3238525390625,837.6056518554688,1201.0166015625,438.5701904296875,1200.470458984375,848.4387817382812,1200.70458984375,408.75592041015625,1200.2918701171875,831.2128295898438,1224.452392578125,414.9299621582031,1223.082763671875,833.6102294921875,816.8954467773438,387.04278564453125,828.4659423828125,842.8331909179688,1031.7979736328125,406.0921936035156,1035.18212890625,826.3053588867188,1090.7498779296875,403.617431640625,1087.708740234375,829.1426391601562,1149.212890625,402.211669921875,1142.7569580078125,830.8978271484375,1308.1041259765625,430.884765625,1307.5982666015625,840.7716674804688,1391.034423828125,435.72100830078125,1436.0565185546875,855.9605102539062,1471.2969970703125,441.5330505371094,1495.615478515625,862.4259643554688,1548.208984375,457.2755432128906,1532.3641357421875,868.5415649414062,1621.69580078125,471.87127685546875,1612.4478759765625,878.7389526367188,1696.477783203125,491.46832275390625,1684.649658203125,874.5108032226562
1042.945556640625,489.6168518066406,1049.68359375,841.7174072265625,1028.5877685546875,491.0643615722656,1031.03125,836.9083251953125,1013.3772583007812,484.6991882324219,1014.5565795898438,827.6403198242188,992.9466552734375,450.95355224609375,997.9364013671875,814.6051635742188,970.5865478515625,437.42559814453125,976.4310302734375,842.6655883789062,962.5459594726562,408.42364501953125,968.8156127929688,820.0272827148438,973.6493530273438,409.0581359863281,982.3289794921875,822.9930419921875,1128.166015625,502.1217346191406,1129.1265869140625,889.7185668945312,1152.896728515625,499.4591064453125,1152.6461181640625,884.4732055664062,1178.845703125,493.6489562988281,1176.0361328125,878.904052734375,1172.31787109375,471.65142822265625,1171.6170654296875,837.4462890625,1200.364013671875,438.8963928222656,1198.5452880859375,848.9429321289062,1199.952392578125,409.2862243652344,1200.416748046875,831.4940185546875,1224.1331787109375,415.3932189941406,1223.2342529296875,833.9357299804688,816.1477661132812,386.6452331542969,827.8482666015625,842.7565307617188,1031.234130859375,405.9407043457031,1033.6163330078125,825.1229858398438,1089.91845703125,403.9925842285156,1086.893798828125,829.1528930664062,1148.3675537109375,402.5497131347656,1142.9527587890625,831.2767333984375,1308.421875,430.6982727050781,1307.207275390625,841.0737915039062,1390.225341796875,435.7401123046875,1434.9266357421875,856.3526000976562,1470.043701171875,441.3369445800781,1494.576171875,862.6079711914062,1546.210693359375,456.9425354003906,1532.128662109375,868.6668090820312,1620.76513671875,472.17059326171875,1611.56396484375,878.979248046875,1695.745849609375,490.9829406738281,1684.0826416015625,874.7503662109375
1039.5802001953125,490.5619201660156,1048.3599853515625,842.7976684570312,1023.575927734375,492.0234069824219,1029.02490234375,838.2117309570312,1009.4772338867188,485.33636474609375,1013.53515625,829.3938598632812,991.4028930664062,451.00714111328125,996.2774047851562,814.6563720703125,969.7797241210938,437.02294921875,975.03125,842.9108276367188,961.458984375,408.4969787597656,967.7237548828125,819.98681640625,972.5654907226562,409.020263671875,980.9443969726562,822.81103515625,1128.1702880859375,502.0696716308594,1129.2069091796875,889.73291015625,1152.8916015625,499.4574279785156,1152.8912353515625,884.4957275390625,1178.8697509765625,493.4013671875,1176.10302734375,879.1107177734375,1171.8468017578125,472.0860595703125,1171.2008056640625,837.5036010742188,1199.65234375,438.7328796386719,1198.1318359375,849.349365234375,1198.930419921875,409.17047119140625,1199.5419921875,831.6876831054688,1223.2728271484375,415.3108215332031,1222.2855224609375,834.0106811523438,815.3972778320312,386.2809143066406,827.0345458984375,842.6574096679688,1029.71923828125,406.1153564453125,1031.897216796875,825.5101318359375,1088.454833984375,403.9865417480469,1086.0594482421875,829.6907958984375,1146.9029541015625,402.2543029785156,1141.20947265625,831.3290405273438,1307.44677734375,430.5091552734375,1303.062255859375,841.0139770507812,1389.765625,435.6072692871094,1429.090576171875,854.70556640625,1470.341064453125,441.409912109375,1493.394775390625,862.6094360351562,1546.193115234375,456.8771057128906,1532.2041015625,868.7433471679688,1621.0771484375,472.1636962890625,1611.3258056640625,879.1635131835938,1695.1014404296875,490.9390869140625,1683.3873291015625,874.9580078125
1034.6851806640625,492.8582763671875,1045.516357421875,844.0873413085938,1019.4326171875,494.08587646484375,1025.4261474609375,840.9127197265625,1005.9879760742188,485.8258056640625,1011.7135620117188,830.4940185546875,988.7269897460938,451.33660888671875,994.9268188476562,814.62451171875,968.6021118164062,436.63702392578125,974.5454711914062,842.5089721679688,960.7840576171875,408.47418212890625,966.5927734375,819.9247436523438,971.642578125,408.8289794921875,979.91845703125,822.5894165039062,1128.3052978515625,501.98492431640625,1129.218994140625,889.6775512695312,1152.8868408203125,499.3270568847656,1152.949951171875,884.4400024414062,1178.951904296875,493.27191162109375,1176.0538330078125,879.359130859375,1171.458251953125,472.07196044921875,1170.6734619140625,837.5341796875,1199.29736328125,438.7410583496094,1198.00244140625,849.3802490234375,1198.4400634765625,409.4808044433594,1199.78759765625,831.90283203125,1222.739501953125,415.3422546386719,1222.4620361328125,834.5835571289062,814.6149291992188,386.0838317871094,826.1322631835938,842.6209716796875,1028.66455078125,406.4609680175781,1031.585205078125,826.5951538085938,1087.6307373046875,404.4680480957031,1085.6248779296875,830.1752319335938,1145.7371826171875,402.428955078125,1140.6373291015625,831.6612548828125,1305.87255859375,430.1652526855469,1303.0830078125,841.2600708007812,1388.4119873046875,435.6459045410156,1435.9537353515625,856.749755859375,1472.4178466796875,442.603759765625,1493.759765625,862.8524780273438,1545.9598388671875,457.1897888183594,1530.021728515625,868.8233642578125,1620.77294921875,472.07305908203125,1607.242919921875,878.8935546875,1694.0516357421875,490.7950744628906,1682.6810302734375,875.233154296875
1032.9644775390625,497.49566650390625,1041.1983642578125,845.6930541992188,1015.4509887695312,496.7662353515625,1023.3826904296875,840.4007568359375,1002.4964599609375,486.5561828613281,1008.9913330078125,830.6171264648438,987.9218139648438,451.8260803222656,993.5490112304688,814.4125366210938,969.3396606445312,436.09149169921875,973.658935546875,842.3674926757812,960.2429809570312,408.3390808105469,965.473388671875,820.1041870117188,971.5863037109375,408.6167907714844,978.2994995117188,822.3280029296875,1128.397705078125,501.99981689453125,1129.0987548828125,889.7730102539062,1152.91748046875,499.37579345703125,1153.1085205078125,884.3934326171875,1178.95458984375,493.19586181640625,1176.1759033203125,879.3611450195312,1170.779541015625,472.3444519042969,1170.56005859375,837.922119140625,1198.3665771484375,438.4874267578125,1197.94384765625,849.5136108398438,1197.1141357421875,409.3133544921875,1199.4482421875,832.0421752929688,1221.7337646484375,415.28460693359375,1222.179443359375,834.6697998046875,813.9320678710938,385.09039306640625,825.429931640625,842.11181640625,1028.309814453125,406.4451599121094,1030.1990966796875,826.2285766601562,1087.0947265625,404.508544921875,1085.3890380859375,830.1665649414062,1146.13671875,402.2889099121094,1141.150146484375,831.920654296875,1304.9825439453125,429.67779541015625,1302.6304931640625,841.4010009765625,1387.4683837890625,435.50897216796875,1435.9010009765625,856.9461059570312,1470.296142578125,441.212890625,1493.3314208984375,862.846923828125,1544.8306884765625,456.5960693359375,1515.7935791015625,866.2635498046875,1619.816162109375,471.9353942871094,1606.1639404296875,878.8643188476562,1692.8231201171875,490.45697021484375,1682.03857421875,875.3994750976562
1028.077880859375,499.400146484375,1033.1533203125,845.991455078125,1011.1401977539062,498.72998046875,1016.870849609375,840.581298828125,998.74462890625,487.1403503417969,1001.8826293945312,829.9386596679688,987.3722534179688,452.3956298828125,992.3350830078125,815.222900390625,969.3858642578125,436.2914123535156,972.9420776367188,842.591064453125,959.9122314453125,408.130615234375,964.8818969726562,820.2922973632812,971.8768920898438,408.3494567871094,977.3616333007812,822.848388671875,1128.3359375,502.03753662109375,1129.1812744140625,889.7718505859375,1152.902099609375,499.3314208984375,1152.9818115234375,884.3494262695312,1179.0211181640625,493.1996154785156,1176.169189453125,879.3390502929688,1170.3880615234375,472.66357421875,1169.881591796875,837.7774658203125,1197.4359130859375,438.4041442871094,1196.8233642578125,849.7900390625,1195.8414306640625,409.4158630371094,1196.600341796875,832.3661499023438,1220.633544921875,415.3114318847656,1220.912841796875,834.6973876953125,813.0308837890625,384.7943420410156,824.7003784179688,842.0648193359375,1028.18798828125,406.5049133300781,1028.87353515625,826.2643432617188,1085.9661865234375,405.0564880371094,1083.828369140625,830.27099609375,1145.1859130859375,402.18487548828125,1139.296875,832.23193359375,1305.0518798828125,429.6632995605469,1301.9637451171875,841.22412109375,1386.910888671875,435.17205810546875,1436.973388671875,856.9571533203125,1472.1585693359375,442.46002197265625,1466.8994140625,858.2314453125,1545.9632568359375,457.26959228515625,1524.49951171875,867.413330078125,1619.8421630859375,471.8791198730469,1605.8636474609375,879.0950317382812,1692.151611328125,490.3016357421875,1681.3841552734375,875.4166870117188
1025.5958251953125,501.80657958984375,1029.601806640625,847.2086181640625,1007.1055297851562,500.7384338378906,1011.94482421875,840.6634521484375,995.48583984375,487.81011962890625,998.9273681640625,830.3710327148438,985.6832275390625,452.2182922363281,991.4627685546875,816.0073852539062,967.9088745117188,436.45166015625,971.3416137695312,842.9144897460938,958.9249267578125,408.01654052734375,963.2059326171875,820.1406860351562,971.2646484375,408.320556640625,975.9049072265625,822.8380126953125,1128.4659423828125,502.0823059082031,1129.150146484375,889.7294311523438,1152.985107421875,499.4227600097656,1152.9759521484375,884.1294555664062,1179.2017822265625,493.13031005859375,1176.1510009765625,879.0606689453125,1170.0380859375,472.8121337890625,1169.6298828125,837.5000610351562,1196.876708984375,438.47064208984375,1195.8165283203125,849.9545288085938,1194.782470703125,409.360107421875,1195.1365966796875,832.3283081054688,1219.774658203125,415.1070861816406,1218.7158203125,834.498291015625,812.38720703125,384.5967102050781,823.8449096679688,841.98828125,1027.3001708984375,407.0079345703125,1027.405029296875,826.1343994140625,1084.9608154296875,405.4889221191406,1083.6922607421875,830.243896484375,1144.21728515625,402.13739013671875,1139.66162109375,832.4121704101562,1303.7923583984375,429.42205810546875,1301.7625732421875,841.1801147460938,1386.836669921875,435.0216064453125,1435.1009521484375,857.1005249023438,1471.1800537109375,441.3826904296875,1492.630126953125,863.0556640625,1545.7786865234375,457.08782958984375,1516.5579833984375,866.7032470703125,1619.3173828125,471.7852783203125,1605.4312744140625,879.0725708007812,1691.640869140625,490.0276794433594,1680.4781494140625,875.1100463867188
1020.93408203125,505.1289978027344,1025.7301025390625,848.7783203125,1002.8408813476562,502.8594055175781,1007.8235473632812,840.7547607421875,991.6071166992188,488.8563232421875,996.4258422851562,831.2734375,983.9739379882812,452.08123779296875,991.9705810546875,815.41064453125,966.0816040039062,436.00970458984375,971.0029296875,842.9996948242188,958.58837890625,407.62200927734375,963.4414672851562,820.0233764648438,970.1026611328125,408.3829345703125,976.5316772460938,822.9256591796875,1128.384765625,502.082275390625,1129.1666259765625,889.7959594726562,1152.92822265625,499.4254455566406,1152.9693603515625,884.101318359375,1179.2926025390625,493.30584716796875,1175.911376953125,879.0535888671875,1169.9068603515625,472.6156005859375,1169.3433837890625,837.64501953125,1196.407470703125,438.20428466796875,1194.989501953125,849.9972534179688,1194.0909423828125,408.9016418457031,1192.1378173828125,833.2313842773438,1219.077392578125,414.7502746582031,1217.4541015625,834.4616088867188,811.8676147460938,384.198486328125,822.9653930664062,841.9326782226562,1026.3515625,407.1922912597656,1027.5654296875,826.394775390625,1084.1392822265625,405.62530517578125,1083.2232666015625,830.3694458007812,1143.462158203125,402.17547607421875,1139.992431640625,832.27783203125,1302.879638671875,429.5668640136719,1300.697509765625,841.1406860351562,1384.2965087890625,434.5780029296875,1435.299560546875,857.115234375,1469.4619140625,440.97845458984375,1491.049560546875,862.91796875,1544.69189453125,456.9305114746094,1516.461181640625,866.6520385742188,1618.265869140625,471.5727844238281,1604.1754150390625,878.91552734375,1691.077392578125,490.06781005859375,1679.6329345703125,875.0154418945312
1017.7266235351562,508.28753662109375,1021.3394775390625,849.6973876953125,999.6848754882812,505.1883850097656,1001.7005615234375,840.4732666015625,989.2481689453125,490.10174560546875,991.8585815429688,830.1618041992188,984.4035034179688,452.3766784667969,989.3570556640625,815.4068603515625,964.9251708984375,435.73614501953125,969.64599609375,842.4342651367188,957.4913940429688,407.7746887207031,963.3613891601562,819.669189453125,969.1262817382812,408.6162109375,976.7155151367188,822.380615234375,1128.4583740234375,502.1075134277344,1129.0699462890625,889.749755859375,1152.9462890625,499.4720458984375,1152.90185546875,884.0972900390625,1179.412841796875,493.323486328125,1176.1527099609375,878.7835083007812,1169.4603271484375,472.6409606933594,1168.9630126953125,837.7882690429688,1195.634765625,438.1606750488281,1193.354248046875,849.9384155273438,1193.2958984375,409.0339050292969,1190.734619140625,833.1216430664062,1218.11962890625,414.2591552734375,1216.178955078125,834.5018310546875,811.0641479492188,383.6823425292969,821.913330078125,841.9133911132812,1026.0050048828125,407.2202453613281,1027.092529296875,826.2688598632812,1083.5931396484375,405.8711242675781,1082.8697509765625,830.5972900390625,1142.6036376953125,402.1676330566406,1139.0389404296875,832.2647094726562,1301.61962890625,429.31951904296875,1300.496826171875,841.1331787109375,1382.6099853515625,434.55096435546875,1437.4940185546875,857.576904296875,1467.84814453125,440.7907409667969,1455.3394775390625,857.8563232421875,1543.115966796875,456.784912109375,1525.8836669921875,868.0390625,1617.3011474609375,471.38458251953125,1604.4852294921875,878.9345092773438,1690.4383544921875,490.1832580566406,1677.9993896484375,874.0488891601562
1013.2517700195312,511.28997802734375,1015.292236328125,846.6538696289062,996.0400390625,507.14306640625,998.337890625,840.9234008789062,984.22900390625,489.83575439453125,988.4274291992188,830.2000732421875,982.8412475585938,452.62384033203125,987.3672485351562,815.9740600585938,963.90576171875,435.65673828125,967.9356689453125,842.0526123046875,955.9207153320312,406.9038391113281,961.1839599609375,819.5532836914062,968.2717895507812,408.20556640625,975.02783203125,822.1034545898438,1128.58935546875,502.1573181152344,1129.3416748046875,889.7250366210938,1152.962158203125,499.47259521484375,1152.8841552734375,884.12744140625,1179.4727783203125,493.37689208984375,1176.01318359375,878.7440185546875,1169.1529541015625,472.885986328125,1168.6724853515625,837.5035400390625,1195.2984619140625,438.0301208496094,1193.5283203125,850.45068359375,1193.1544189453125,409.2918701171875,1191.123291015625,833.32470703125,1217.8768310546875,414.4098815917969,1216.924072265625,834.7628173828125,809.989013671875,383.9462890625,821.0194702148438,841.824462890625,1024.9774169921875,407.13287353515625,1025.1649169921875,826.3489379882812,1083.019287109375,405.94915771484375,1081.4588623046875,830.8462524414062,1142.182373046875,402.2550048828125,1138.55615234375,832.2405395507812,1300.6641845703125,429.3333740234375,1301.5045166015625,841.3665161132812,1380.5621337890625,434.3883056640625,1438.4542236328125,857.8200073242188,1461.5928955078125,440.4403381347656,1453.0390625,858.1198120117188,1539.9288330078125,455.60015869140625,1525.65234375,868.4630126953125,1615.668212890625,471.129638671875,1603.6630859375,879.001708984375,1689.6669921875,490.1185607910156,1677.3145751953125,873.8141479492188
1006.0052490234375,513.984130859375,1010.2018432617188,845.4536743164062,989.2805786132812,508.6792297363281,993.093505859375,840.5482177734375,979.8770141601562,489.8409729003906,984.0166625976562,829.71923828125,981.2552490234375,453.1894836425781,985.7247314453125,818.1873779296875,962.5982666015625,435.0072326660156,966.906982421875,842.5540771484375,955.0792236328125,406.6756896972656,960.2611083984375,819.0731201171875,966.1249389648438,408.9661865234375,974.196533203125,821.58642578125,1128.585205078125,502.1005859375,1129.377685546875,889.8191528320312,1152.9415283203125,499.4952087402344,1152.9632568359375,884.2537231445312,1179.5380859375,493.5068664550781,1176.005859375,878.8508911132812,1168.8785400390625,472.9988708496094,1168.9146728515625,837.780029296875,1194.933837890625,438.0553283691406,1193.268310546875,850.4411010742188,1192.63623046875,409.380859375,1190.5802001953125,833.3905029296875,1217.197021484375,414.3243408203125,1215.62548828125,834.2345581054688,808.71484375,384.0401306152344,819.9452514648438,841.6585083007812,1022.24755859375,406.9181213378906,1025.608154296875,826.6676025390625,1081.65478515625,406.3900146484375,1081.337890625,830.8822631835938,1140.75390625,402.9538269042969,1138.2767333984375,832.4036865234375,1300.2662353515625,429.1363830566406,1300.0057373046875,841.4946899414062,1379.949462890625,434.0295715332031,1436.4383544921875,858.1067504882812,1460.466796875,440.2594909667969,1452.166748046875,858.3597412109375,1539.034912109375,455.2200622558594,1523.7283935546875,868.4720458984375,1614.4666748046875,470.9747314453125,1603.0535888671875,879.1172485351562,1688.848388671875,490.08563232421875,1676.5235595703125,873.6753540039062
1000.5239868164062,516.41943359375,1001.1466674804688,848.6018676757812,985.0746459960938,509.40155029296875,985.6651611328125,841.50146484375,977.2496948242188,489.681884765625,979.7730102539062,830.7505493164062,979.8724365234375,453.7685852050781,982.2172241210938,818.629150390625,961.7106323242188,435.5260314941406,964.7410278320312,841.961181640625,954.3934326171875,406.6820068359375,958.9791870117188,819.3250122070312,965.4916381835938,408.8623352050781,972.5235595703125,821.5029296875,1128.6566162109375,502.20562744140625,1129.4462890625,890.015380859375,1152.9049072265625,499.5838928222656,1152.905029296875,884.2589721679688,1179.509521484375,493.45416259765625,1175.987060546875,878.9503784179688,1168.64013671875,473.0902404785156,1169.2894287109375,838.1049194335938,1194.3853759765625,437.7831115722656,1193.035400390625,850.7447509765625,1192.580078125,408.7003173828125,1190.023193359375,833.4996948242188,1216.392578125,413.6045837402344,1215.37939453125,834.38525390625,807.7279663085938,383.4482421875,819.053466796875,841.4635620117188,1021.0943603515625,406.9830322265625,1025.572265625,826.2811279296875,1080.269287109375,406.77569580078125,1082.2138671875,831.2147827148438,1139.5665283203125,403.4029541015625,1137.8299560546875,832.5504150390625,1298.531005859375,428.72576904296875,1300.139404296875,841.9658813476562,1379.2396240234375,433.53314208984375,1426.4962158203125,856.1614379882812,1461.031982421875,440.3014221191406,1488.222900390625,862.2908935546875,1539.4793701171875,455.2837829589844,1516.178466796875,867.3780517578125,1614.23095703125,470.891845703125,1601.689453125,879.0864868164062,1687.842529296875,489.4812316894531,1675.5799560546875,873.3211669921875
993.7877197265625,518.2730712890625,994.180419921875,845.9800415039062,979.4774169921875,510.90777587890625,978.8080444335938,840.07177734375,973.0921630859375,490.7138366699219,973.5732421875,829.9664916992188,978.8119506835938,454.79217529296875,980.4258422851562,818.0050659179688,960.9152221679688,435.6523132324219,965.9569702148438,842.3610229492188,953.0753173828125,406.4680480957031,959.1882934570312,819.5875244140625,964.9948120117188,408.74981689453125,972.4907836914062,821.6321411132812,1128.49169921875,502.18914794921875,1129.5335693359375,890.0960083007812,1152.7955322265625,499.56451416015625,1153.03515625,884.3291625976562,1179.496826171875,493.4528503417969,1176.054443359375,879.0473022460938,1168.128662109375,473.3031005859375,1168.6231689453125,837.7362670898438,1194.2567138671875,437.25634765625,1191.709716796875,850.6474609375,1191.4482421875,408.50628662109375,1188.53125,833.4452514648438,1215.413330078125,412.9888916015625,1213.5838623046875,834.4575805664062,806.6109008789062,382.7313232421875,818.2214965820312,841.0918579101562,1021.2078247070312,406.9824523925781,1025.6856689453125,826.4867553710938,1079.2115478515625,406.1697998046875,1081.627685546875,831.5714721679688,1138.556396484375,403.38433837890625,1135.77978515625,833.4413452148438,1296.5469970703125,428.6051025390625,1291.2723388671875,840.991455078125,1377.836181640625,433.12408447265625,1426.6280517578125,856.3782348632812,1466.642333984375,440.94903564453125,1487.4349365234375,862.6763916015625,1540.6917724609375,455.560302734375,1516.228759765625,867.81298828125,1614.509765625,471.1015625,1600.49462890625,879.0366821289062,1687.049072265625,489.35137939453125,1674.8543701171875,873.5374145507812
983.7813110351562,520.7798461914062,983.7648315429688,846.0540161132812,972.4841918945312,511.70538330078125,971.8508911132812,840.1277465820312,969.0681762695312,490.56402587890625,969.9281005859375,832.7882690429688,977.501708984375,455.6512451171875,978.6055297851562,819.6727294921875,959.7034912109375,435.4097900390625,966.90966796875,844.2327880859375,952.6185302734375,406.16644287109375,960.2640380859375,820.3619995117188,964.1301879882812,408.64031982421875,973.965087890625,822.4651489257812,1128.3873291015625,502.3316955566406,1129.7333984375,890.128173828125,1152.738525390625,499.590087890625,1153.1617431640625,884.4649658203125,1179.3770751953125,493.4914245605469,1176.287353515625,878.9746704101562,1167.912353515625,473.5552673339844,1168.583984375,837.763671875,1193.7718505859375,437.1598815917969,1190.5205078125,850.7044067382812,1190.6148681640625,408.4502258300781,1187.3006591796875,833.6681518554688,1214.961181640625,412.72467041015625,1212.20166015625,834.5016479492188,806.1102294921875,382.7611999511719,817.1433715820312,841.2622680664062,1020.4014282226562,407.1029357910156,1026.6728515625,826.6466674804688,1078.46337890625,406.2467041015625,1081.9005126953125,831.493896484375,1137.850830078125,403.1128845214844,1135.8621826171875,833.5791625976562,1296.561767578125,428.5921936035156,1290.3154296875,841.3162231445312,1377.139404296875,432.8147277832031,1427.3642578125,856.8944702148438,1461.3037109375,440.0516357421875,1451.271728515625,858.9153442382812,1539.54296875,455.3014221191406,1523.48095703125,869.3783569335938,1613.6998291015625,471.0575866699219,1600.8927001953125,879.2891845703125,1685.586181640625,489.2390441894531,1674.065185546875,873.2234497070312
976.8965454101562,523.5171508789062,970.5090942382812,844.0536499023438,965.3226928710938,512.0243530273438,965.1749877929688,838.4805908203125,962.9869995117188,489.397216796875,965.913818359375,831.2543334960938,975.8504028320312,456.6426696777344,975.9662475585938,819.4393920898438,957.6620483398438,434.5630798339844,964.6256713867188,844.4850463867188,951.0762939453125,405.6953125,959.177978515625,820.378662109375,962.361083984375,408.2309265136719,973.5206298828125,822.5859375,1128.4029541015625,502.4286193847656,1129.579345703125,890.0712890625,1152.697265625,499.6343994140625,1153.2144775390625,884.5203247070312,1179.474365234375,493.63092041015625,1176.3590087890625,879.1865234375,1167.5728759765625,474.0576477050781,1168.8133544921875,837.656005859375,1192.3533935546875,437.2073059082031,1189.2579345703125,851.0209350585938,1188.4757080078125,408.6060485839844,1185.9051513671875,833.6362915039062,1213.6072998046875,412.79632568359375,1210.3546142578125,834.3303833007812,804.8248901367188,382.7020263671875,816.2160034179688,841.2606201171875,1019.2989501953125,407.0960693359375,1024.732177734375,826.3634033203125,1076.9632568359375,406.6540222167969,1079.626708984375,831.7858276367188,1136.1251220703125,403.53125,1134.8555908203125,833.6898193359375,1294.9437255859375,428.34991455078125,1289.0537109375,841.394775390625,1377.3585205078125,432.7326354980469,1427.056884765625,857.3800048828125,1467.794677734375,441.09271240234375,1451.80029296875,859.5191650390625,1540.33203125,455.38134765625,1516.8997802734375,868.9218139648438,1613.144287109375,470.8916320800781,1600.886474609375,879.3153686523438,1684.3680419921875,488.9474792480469,1672.219970703125,873.2717895507812
968.0120849609375,526.9537353515625,964.7630004882812,845.07666015625,959.4002685546875,513.0572509765625,958.7774047851562,836.84912109375,959.9198608398438,491.2381286621094,961.8023071289062,830.533203125,975.3341064453125,456.9203796386719,973.687255859375,819.0020751953125,956.971435546875,434.731689453125,961.3856811523438,844.117919921875,950.412109375,405.3106689453125,957.9766845703125,819.3175048828125,962.0203857421875,407.8111572265625,971.5802001953125,822.1083984375,1128.4813232421875,502.49578857421875,1129.5728759765625,890.01025390625,1152.6522216796875,499.5838928222656,1153.2113037109375,884.45166015625,1179.449951171875,493.7236633300781,1176.6405029296875,879.177734375,1166.578369140625,474.8634033203125,1168.75,837.7195434570312,1190.7269287109375,437.4061279296875,1187.375244140625,851.1251831054688,1186.4427490234375,408.5549011230469,1183.8006591796875,833.626953125,1212.24609375,413.2227783203125,1205.8851318359375,835.0316162109375,803.921630859375,382.6702575683594,815.40087890625,840.9615478515625,1018.57177734375,407.0777282714844,1023.7009887695312,825.9681396484375,1076.0556640625,406.7469177246094,1076.9754638671875,830.8080444335938,1134.2645263671875,404.24578857421875,1132.6043701171875,833.6865234375,1293.9627685546875,428.8096923828125,1286.06787109375,841.4021606445312,1377.1785888671875,432.8410339355469,1370.8887939453125,851.3651123046875,1468.458984375,441.2072448730469,1451.0968017578125,859.4547119140625,1544.8828125,456.25390625,1516.2071533203125,869.51953125,1612.76904296875,470.9249572753906,1599.73193359375,879.213134765625,1682.96728515625,488.53533935546875,1671.240966796875,872.9649658203125
960.5858154296875,526.8961181640625,959.7723999023438,846.5926513671875,953.1185302734375,512.1283569335938,952.9617309570312,835.4498901367188,955.416748046875,491.46441650390625,956.2425537109375,830.77880859375,972.6608276367188,457.8227233886719,970.8562622070312,818.7626342773438,955.2523803710938,434.7131042480469,959.8036499023438,842.225341796875,949.0125122070312,405.1900634765625,956.3529052734375,819.0596923828125,960.50439453125,407.42724609375,970.0549926757812,822.2230224609375,1128.408447265625,502.5601806640625,1129.4920654296875,890.0580444335938,1152.599365234375,499.56005859375,1153.2476806640625,884.4765625,1179.463134765625,493.5428161621094,1176.838134765625,879.0758056640625,1166.106689453125,475.1973571777344,1168.31103515625,837.4828491210938,1189.649169921875,437.37518310546875,1187.300048828125,850.851806640625,1185.4681396484375,408.51580810546875,1183.6920166015625,833.6754760742188,1211.047119140625,412.7146301269531,1205.7474365234375,835.1397094726562,802.71435546875,382.5174865722656,814.403076171875,840.6036376953125,1017.4156494140625,407.2107238769531,1023.98681640625,826.0978393554688,1074.6876220703125,407.0635681152344,1076.912109375,830.8204345703125,1132.5462646484375,404.1708068847656,1132.073486328125,833.6336059570312,1293.57421875,428.614501953125,1285.2265625,841.4681396484375,1374.9403076171875,432.35552978515625,1369.5899658203125,851.6170043945312,1460.269775390625,439.5989074707031,1475.545166015625,863.20751953125,1538.1263427734375,454.7684631347656,1517.105224609375,869.9169921875,1610.6971435546875,470.4709777832031,1598.8614501953125,879.2029418945312,1681.4864501953125,488.5072021484375,1670.0447998046875,872.9773559570312
952.5591430664062,527.976806640625,958.2052001953125,848.2760620117188,945.7077026367188,512.1681518554688,948.7310180664062,833.7344360351562,950.8736572265625,492.06561279296875,950.171142578125,828.8157348632812,970.7637329101562,457.37738037109375,966.4423828125,818.0906372070312,953.9412841796875,434.05120849609375,957.0533447265625,841.3626708984375,947.8076782226562,404.7297668457031,954.5791625976562,819.8493041992188,959.2923583984375,406.9302978515625,967.7939453125,822.4154052734375,1128.5755615234375,502.6349792480469,1129.696533203125,889.996826171875,1152.583740234375,499.55157470703125,1153.4161376953125,884.4568481445312,1179.5262451171875,493.5176086425781,1177.176513671875,878.846923828125,1165.8211669921875,475.7114562988281,1167.8038330078125,837.6365356445312,1189.36767578125,437.3513488769531,1185.541748046875,851.0795288085938,1184.96435546875,408.55938720703125,1181.044921875,833.583251953125,1211.251708984375,412.6230773925781,1203.971923828125,835.282958984375,801.474853515625,381.9327087402344,813.0172729492188,840.0610961914062,1017.8825073242188,407.11602783203125,1021.544189453125,825.513427734375,1073.2640380859375,407.9504699707031,1074.5379638671875,830.6869506835938,1131.322265625,404.517578125,1129.402587890625,833.6690673828125,1293.095947265625,428.2586669921875,1283.775146484375,841.36376953125,1374.6488037109375,432.2633056640625,1363.423583984375,850.9378662109375,1458.3177490234375,439.30908203125,1449.970703125,860.2316284179688,1533.48779296875,453.933349609375,1516.75927734375,870.0681762695312,1606.1270751953125,469.3471374511719,1598.570068359375,879.1386108398438,1680.3360595703125,487.718505859375,1669.501708984375,873.2779541015625
943.4142456054688,528.237060546875,949.9456787109375,844.1835327148438,939.4032592773438,510.6379699707031,944.5711669921875,833.9622802734375,945.89208984375,491.8940124511719,946.396728515625,828.65625,968.2536010742188,459.1632080078125,965.3988647460938,817.9388427734375,952.296875,434.11151123046875,956.8877563476562,841.4249877929688,946.7827758789062,404.3376159667969,955.5673828125,819.3800659179688,958.3323364257812,406.4608459472656,967.6155395507812,821.8677368164062,1128.6490478515625,502.67266845703125,1129.6334228515625,890.091796875,1152.5682373046875,499.5094909667969,1153.405517578125,884.3892211914062,1179.5316162109375,493.57574462890625,1177.1650390625,878.6792602539062,1165.4127197265625,475.9373779296875,1167.39306640625,837.64990234375,1188.474365234375,437.3364562988281,1182.8927001953125,851.2232666015625,1183.7447509765625,408.75762939453125,1179.91552734375,833.7418823242188,1209.7042236328125,412.3507995605469,1202.7603759765625,835.3579711914062,800.0534057617188,381.32818603515625,811.9853515625,839.1575927734375,1015.0918579101562,407.9784851074219,1021.4580688476562,825.5076293945312,1072.38671875,408.04534912109375,1074.335693359375,830.6803588867188,1130.42236328125,404.5622253417969,1128.041259765625,833.6690063476562,1291.8424072265625,427.8159484863281,1282.8037109375,841.3897094726562,1374.2349853515625,431.6584777832031,1362.19580078125,851.4293823242188,1459.6524658203125,439.358154296875,1450.7191162109375,860.2899780273438,1535.37890625,454.2882385253906,1515.520751953125,870.2052001953125,1606.5880126953125,469.3467102050781,1595.41064453125,878.5541381835938,1679.440185546875,487.6322021484375,1668.4715576171875,873.2423095703125
933.8007202148438,527.8165283203125,937.8734741210938,846.1611328125,931.0156860351562,510.2198791503906,935.6183471679688,835.7307739257812,939.9422607421875,492.6495361328125,940.4406127929688,829.4671020507812,964.8102416992188,462.0405578613281,963.985595703125,817.961669921875,950.4038696289062,434.0079345703125,957.7130126953125,842.08203125,945.255615234375,404.18304443359375,956.3002319335938,818.2557373046875,956.521484375,406.7870178222656,968.4337158203125,821.1329345703125,1128.7896728515625,502.6540222167969,1129.5841064453125,890.0762939453125,1152.66162109375,499.52276611328125,1153.4947509765625,884.447998046875,1179.6700439453125,493.6873474121094,1177.011474609375,878.7998046875,1165.4498291015625,476.5523681640625,1167.2808837890625,837.7822875976562,1187.532958984375,437.3940734863281,1182.397705078125,851.408935546875,1183.3353271484375,409.6793518066406,1179.5015869140625,833.8362426757812,1208.3651123046875,412.1065368652344,1202.166015625,835.5973510742188,798.896240234375,380.7890319824219,811.0504150390625,838.7306518554688,1013.7530517578125,407.8625793457031,1021.58251953125,825.8599853515625,1069.9022216796875,408.1972351074219,1074.100830078125,830.7351684570312,1129.069580078125,404.6239929199219,1127.69580078125,833.8645629882812,1289.96337890625,427.2231140136719,1282.9403076171875,841.6978759765625,1371.3797607421875,431.3753662109375,1360.46728515625,851.8763427734375,1457.965087890625,439.1869812011719,1450.22802734375,860.416015625,1533.6612548828125,454.2428283691406,1514.2568359375,870.3296508789062,1605.345703125,469.00152587890625,1594.2384033203125,878.6344604492188,1678.5382080078125,487.39495849609375,1667.5556640625,873.3384399414062
925.598388671875,527.9885864257812,931.22607421875,847.09033203125,926.421142578125,509.30731201171875,929.4263916015625,834.973388671875,935.3583984375,492.0679016113281,937.12548828125,828.6613159179688,962.0567626953125,463.58038330078125,962.7415771484375,818.1779174804688,949.1500244140625,433.926025390625,957.5344848632812,842.7703247070312,944.7290649414062,404.3167419433594,955.572998046875,818.7319946289062,955.8790283203125,407.2197265625,966.8521728515625,821.00244140625,1128.951416015625,502.7944641113281,1129.595947265625,890.1602783203125,1152.63232421875,499.5195007324219,1153.3626708984375,884.598876953125,1179.84619140625,493.6712646484375,1177.0677490234375,878.8887329101562,1164.947998046875,476.95196533203125,1166.8753662109375,837.8055419921875,1186.6876220703125,437.5390319824219,1182.00439453125,851.61865234375,1182.430419921875,409.69677734375,1178.6055908203125,833.9921264648438,1207.378662109375,412.1084289550781,1201.6385498046875,835.7794189453125,798.4334716796875,379.58209228515625,810.0530395507812,838.6544799804688,1012.9154052734375,408.10986328125,1019.34033203125,825.8651733398438,1069.4534912109375,408.2983093261719,1072.6357421875,830.74853515625,1129.6048583984375,404.47174072265625,1127.7305908203125,833.432861328125,1288.326171875,426.7316589355469,1283.04833984375,841.973876953125,1368.5445556640625,431.0395812988281,1360.0343017578125,851.8046264648438,1458.3131103515625,438.8912048339844,1449.0743408203125,860.6438598632812,1538.7220458984375,454.86688232421875,1513.1600341796875,870.6135864257812,1606.15234375,469.30712890625,1590.9359130859375,878.7431030273438,1677.407470703125,487.09405517578125,1666.5849609375,873.519775390625
915.8152465820312,524.6052856445312,922.3677978515625,851.026611328125,918.8963623046875,506.3750915527344,922.624267578125,835.3125,930.2091674804688,490.7627258300781,932.7026977539062,830.308837890625,959.3540649414062,464.27423095703125,963.3795166015625,819.8530883789062,947.2003173828125,433.47100830078125,957.0992431640625,841.8299560546875,943.8616333007812,403.4315185546875,956.0001220703125,818.7174072265625,954.6734008789062,406.7929992675781,967.3538818359375,820.984130859375,1128.887939453125,502.8201599121094,1129.558349609375,890.13720703125,1152.6058349609375,499.5708312988281,1153.5330810546875,884.6124877929688,1179.9793701171875,493.8216552734375,1177.41796875,878.8515014648438,1164.3499755859375,477.1077880859375,1167.029541015625,838.0059814453125,1185.6201171875,437.7916259765625,1180.927734375,852.0177612304688,1180.8643798828125,409.2026062011719,1176.1636962890625,834.3185424804688,1206.575927734375,412.5213623046875,1200.32470703125,835.9803466796875,797.3070678710938,378.8694152832031,809.0900268554688,838.7781372070312,1011.8223876953125,408.232421875,1017.9483032226562,825.6361083984375,1068.614990234375,408.26806640625,1072.3037109375,830.5492553710938,1128.6766357421875,404.6164855957031,1126.51416015625,833.628662109375,1288.7191162109375,426.64227294921875,1282.4488525390625,842.1486206054688,1367.4010009765625,430.92401123046875,1359.9052734375,852.0130004882812,1457.1112060546875,438.70855712890625,1438.407958984375,859.2964477539062,1534.4522705078125,454.53570556640625,1512.1910400390625,870.7445678710938,1604.6807861328125,468.97265625,1590.492431640625,878.8056640625,1676.5098876953125,486.8350830078125,1665.6026611328125,873.4263305664062
908.5659790039062,524.9219970703125,909.4835815429688,853.7213134765625,912.232177734375,506.3904724121094,914.1536254882812,838.3211669921875,925.2274780273438,491.2523498535156,926.4932250976562,830.3340454101562,957.3273315429688,465.5446472167969,958.6705932617188,821.2578735351562,945.8838500976562,433.08026123046875,954.9576416015625,841.6644897460938,942.5167846679688,402.9699401855469,952.3513793945312,817.0279541015625,953.4094848632812,406.6767578125,963.7598876953125,820.89990234375,1128.864990234375,502.9064025878906,1129.6756591796875,890.4437866210938,1152.6456298828125,499.5599365234375,1153.5616455078125,884.5527954101562,1180.044189453125,493.69720458984375,1177.644287109375,878.6798706054688,1163.7415771484375,477.3766174316406,1166.74462890625,838.3734741210938,1184.7144775390625,437.9713134765625,1179.6552734375,852.28125,1179.6778564453125,408.86676025390625,1174.8511962890625,834.7005615234375,1205.25537109375,412.4715576171875,1199.5621337890625,836.2354125976562,796.3307495117188,378.0103454589844,808.3370971679688,838.5419311523438,1011.65234375,408.1700134277344,1015.5693969726562,825.8790893554688,1067.6956787109375,408.4025573730469,1070.230712890625,830.563720703125,1127.4637451171875,404.3720397949219,1125.0684814453125,833.7603759765625,1288.1180419921875,426.3468933105469,1281.345947265625,842.0809326171875,1368.1961669921875,430.8572082519531,1359.458740234375,852.0039672851562,1457.09814453125,438.7517395019531,1444.213134765625,860.5962524414062,1536.8726806640625,454.5860900878906,1508.87158203125,869.2536010742188,1604.1126708984375,468.7939147949219,1589.4603271484375,879.0075073242188,1675.517822265625,486.70318603515625,1664.539794921875,873.3419189453125
900.9876708984375,520.738525390625,905.0020141601562,853.18359375,906.7330322265625,503.65203857421875,908.058349609375,839.4187622070312,921.6307983398438,490.0753479003906,920.60009765625,831.2957153320312,954.4273681640625,466.411376953125,955.7919921875,821.6797485351562,945.23193359375,432.60980224609375,954.56201171875,841.319580078125,941.9520263671875,402.6263732910156,953.6951904296875,819.327880859375,952.528564453125,406.35626220703125,964.64404296875,821.4928588867188,1128.9298095703125,502.8951416015625,1129.6781005859375,890.5427856445312,1152.579833984375,499.5321960449219,1153.5235595703125,884.7359008789062,1179.96630859375,493.60003662109375,1177.73095703125,878.685546875,1163.2119140625,477.4701232910156,1166.7728271484375,838.332275390625,1183.9283447265625,438.3364562988281,1179.1177978515625,852.7128295898438,1178.73095703125,408.568603515625,1174.4957275390625,834.9430541992188,1204.263427734375,412.1871032714844,1198.7672119140625,836.5170288085938,795.6068115234375,377.0631408691406,807.4725952148438,838.2485961914062,1010.7039184570312,408.1435852050781,1015.5292358398438,826.2328491210938,1067.212890625,408.52703857421875,1071.264404296875,831.0284423828125,1126.7452392578125,404.5753173828125,1125.489990234375,833.8990478515625,1284.8663330078125,425.7016296386719,1278.18310546875,842.148193359375,1365.4468994140625,430.8905334472656,1421.678955078125,859.3656005859375,1454.669189453125,438.39215087890625,1438.1265869140625,859.5563354492188,1536.7127685546875,454.6584167480469,1508.516357421875,869.6381225585938,1603.349609375,468.6514587402344,1587.791259765625,878.9893798828125,1674.7908935546875,486.352294921875,1663.618896484375,873.3707275390625
891.5362548828125,517.9429931640625,899.4325561523438,850.1201782226562,900.1150512695312,503.1257629394531,901.0537719726562,838.3726806640625,915.6771850585938,491.0609130859375,914.42431640625,831.9899291992188,950.0894775390625,467.55548095703125,952.5681762695312,821.6072998046875,943.9721069335938,432.609375,950.9343872070312,841.81298828125,940.0975952148438,402.3659973144531,951.77099609375,817.3391723632812,951.3425903320312,405.74639892578125,963.0311279296875,821.11865234375,1128.9580078125,502.9632263183594,1129.62744140625,890.5869140625,1152.5596923828125,499.530029296875,1153.526123046875,884.79443359375,1179.8787841796875,493.66107177734375,1177.7283935546875,878.5979614257812,1162.736083984375,477.6231384277344,1166.9619140625,838.1777954101562,1183.407470703125,438.1476135253906,1176.6353759765625,852.4266357421875,1178.1007080078125,408.858154296875,1172.8150634765625,834.8373413085938,1203.7440185546875,411.8591003417969,1196.9520263671875,836.4813232421875,794.3340454101562,376.31817626953125,806.8187866210938,838.0560913085938,1009.6356201171875,408.37548828125,1014.9141845703125,826.24560546875,1066.0760498046875,408.7554016113281,1070.20849609375,831.1707153320312,1125.658935546875,405.09967041015625,1124.21435546875,834.1315307617188,1284.51611328125,425.69873046875,1277.3897705078125,842.1821899414062,1365.385986328125,430.81243896484375,1422.1456298828125,859.401611328125,1453.8892822265625,438.3544616699219,1436.393310546875,859.6666259765625,1533.9315185546875,454.54901123046875,1508.832275390625,870.0308227539062,1602.4840087890625,468.34613037109375,1587.660400390625,878.8836059570312,1673.9481201171875,486.0462341308594,1662.305908203125,872.3301391601562
885.4780883789062,514.7224731445312,889.2858276367188,851.0394287109375,894.9431762695312,500.6692810058594,897.1634521484375,836.2271728515625,911.7173461914062,489.0968322753906,912.2947998046875,830.9332275390625,946.3713989257812,468.6986389160156,949.819580078125,821.2108764648438,942.6672973632812,433.0618896484375,949.7687377929688,842.1210327148438,939.2322387695312,402.2720947265625,950.8331909179688,817.3403930664062,950.361572265625,405.4710998535156,961.8973388671875,821.1978759765625,1128.9677734375,502.9425964355469,1129.62890625,890.527099609375,1152.5838623046875,499.3504333496094,1153.5489501953125,884.7014770507812,1180.0186767578125,493.51495361328125,1177.8958740234375,878.3614501953125,1162.300537109375,478.0542907714844,1166.568115234375,838.0907592773438,1182.993896484375,437.8905334472656,1175.54052734375,852.5357666015625,1177.3360595703125,408.7768859863281,1171.799560546875,834.8540649414062,1203.138671875,411.6313781738281,1196.06005859375,836.5687255859375,793.7705078125,375.9206848144531,805.9911499023438,838.16650390625,1006.8440551757812,408.08502197265625,1012.7443237304688,826.3323974609375,1065.514404296875,409.25103759765625,1068.975830078125,831.34619140625,1124.3768310546875,405.5851745605469,1123.22265625,834.028564453125,1284.5733642578125,425.6815185546875,1277.218994140625,842.369384765625,1365.787841796875,430.9910888671875,1422.1455078125,859.3831787109375,1454.4404296875,438.6492004394531,1436.14111328125,860.0763549804688,1533.9228515625,454.7425537109375,1508.5240478515625,870.3378295898438,1601.7352294921875,468.11505126953125,1587.1104736328125,878.7180786132812,1672.8065185546875,485.8651123046875,1661.5748291015625,872.4708251953125
875.8076171875,510.4128112792969,884.3228149414062,849.130126953125,889.2554931640625,498.36663818359375,893.659912109375,835.6658325195312,905.6168212890625,489.223876953125,910.3235473632812,831.1104125976562,943.4229736328125,469.437255859375,946.044189453125,821.0956420898438,941.0503540039062,433.0254211425781,948.281005859375,841.9794311523438,938.414794921875,401.81610107421875,949.7515258789062,817.4181518554688,949.4654541015625,405.1985778808594,960.671875,821.2350463867188,1128.95166015625,502.98565673828125,1129.8250732421875,890.6396484375,1152.549560546875,499.4559631347656,1153.2828369140625,884.7446899414062,1179.9410400390625,493.6188659667969,1177.657470703125,878.04833984375,1162.1654052734375,478.5503845214844,1167.686279296875,839.1124877929688,1182.0343017578125,438.1950988769531,1175.4034423828125,852.6881713867188,1176.350341796875,409.1595458984375,1171.66455078125,834.9683837890625,1202.031005859375,411.9588928222656,1195.8408203125,836.4776000976562,792.9373168945312,375.25457763671875,805.127197265625,838.361083984375,1005.4677124023438,408.1291198730469,1011.2911376953125,826.3916625976562,1064.5941162109375,409.4955139160156,1068.4681396484375,831.2880859375,1123.0286865234375,405.8866271972656,1122.352294921875,833.9859008789062,1282.951171875,425.4073486328125,1278.197509765625,842.4096069335938,1364.9879150390625,431.0542907714844,1419.689208984375,859.8084716796875,1451.936279296875,438.26507568359375,1437.759521484375,860.5084838867188,1533.163330078125,454.7198486328125,1506.6422119140625,869.8715209960938,1601.0418701171875,467.8269958496094,1586.6387939453125,878.7584228515625,1672.1466064453125,485.64642333984375,1660.4056396484375,872.2264404296875
870.4525146484375,506.4361877441406,876.3733520507812,850.6910400390625,884.263671875,495.4028015136719,892.0335693359375,836.67578125,900.9359130859375,486.75189208984375,907.3832397460938,831.9068603515625,939.35400390625,470.5530700683594,943.9902954101562,822.5797729492188,939.650390625,432.9442443847656,947.0967407226562,842.174072265625,936.6299438476562,401.2513732910156,949.7210083007812,817.3154296875,948.697021484375,404.7362365722656,960.3262939453125,820.9512939453125,1129.0819091796875,503.0579833984375,1129.898193359375,890.6387329101562,1152.664794921875,499.3493347167969,1153.26611328125,884.7250366210938,1179.9566650390625,493.3644104003906,1177.49267578125,877.79248046875,1161.9698486328125,478.758544921875,1166.8719482421875,838.8399047851562,1181.5809326171875,437.8309631347656,1173.49951171875,852.8887329101562,1175.5576171875,408.9027099609375,1169.3739013671875,834.9166259765625,1201.1695556640625,411.6829528808594,1190.647705078125,836.3550415039062,792.3615112304688,374.1805725097656,804.3135375976562,838.2420043945312,1004.0819091796875,407.82489013671875,1010.8157958984375,826.1201171875,1062.6416015625,409.4623107910156,1067.39599609375,831.2723388671875,1121.6337890625,405.7191467285156,1121.041259765625,833.9531860351562,1282.7950439453125,425.4207458496094,1276.3603515625,842.0304565429688,1364.353515625,431.1390686035156,1420.9100341796875,860.2666015625,1452.1593017578125,438.489013671875,1436.588134765625,860.6615600585938,1533.4542236328125,454.8636169433594,1507.4898681640625,870.3302612304688,1601.079833984375,467.8608093261719,1586.5660400390625,878.747314453125,1671.3258056640625,485.1122741699219,1659.8074951171875,872.199462890625
862.8892211914062,502.2421569824219,869.3678588867188,849.1553955078125,880.0223388671875,493.3279113769531,884.9924926757812,836.8113403320312,896.5869750976562,485.1123352050781,902.2640991210938,832.9290161132812,936.6822509765625,471.41778564453125,938.8016357421875,823.1102905273438,938.5404052734375,432.2401428222656,945.49853515625,841.9401245117188,935.78173828125,400.9067077636719,948.3924560546875,817.5263671875,947.9481811523438,404.24041748046875,959.0411987304688,820.5907592773438,1129.051025390625,502.9683837890625,1129.911865234375,890.4998779296875,1152.675537109375,499.2720642089844,1153.28076171875,884.5437622070312,1179.7705078125,493.5906066894531,1177.6748046875,877.3995971679688,1161.849609375,479.08404541015625,1165.7813720703125,838.1504516601562,1180.7572021484375,437.76873779296875,1171.6368408203125,852.6600341796875,1175.6611328125,409.4361877441406,1165.0701904296875,834.8877563476562,1200.18017578125,411.6754150390625,1188.1229248046875,836.356689453125,791.796630859375,373.0480651855469,803.6320190429688,838.0399169921875,1003.2548217773438,407.8927917480469,1008.8609619140625,824.8060913085938,1061.6763916015625,409.7235107421875,1065.2296142578125,831.2669067382812,1120.29541015625,405.80267333984375,1118.0509033203125,834.6936645507812,1281.435302734375,425.5403137207031,1270.193359375,842.8709716796875,1363.1741943359375,431.17901611328125,1420.363037109375,860.2664794921875,1451.7813720703125,438.8498840332031,1436.73828125,860.7786254882812,1533.761962890625,454.9855651855469,1507.107666015625,870.5969848632812,1600.6168212890625,467.6922912597656,1585.66552734375,878.53466796875,1670.8203125,484.73626708984375,1659.3419189453125,872.3734130859375
856.7289428710938,498.3353271484375,866.3490600585938,852.6226806640625,875.2230224609375,490.524169921875,879.9677124023438,838.8698120117188,895.6111450195312,483.2571105957031,897.1007690429688,834.5407104492188,933.6215209960938,472.57794189453125,935.0126342773438,823.9652099609375,936.769775390625,431.2876892089844,943.16796875,841.9668579101562,934.782470703125,400.6420593261719,946.4125366210938,817.40771484375,946.7930908203125,403.87548828125,957.2266845703125,820.3067626953125,1129.030029296875,503.0259094238281,1129.9974365234375,890.5428466796875,1152.656005859375,499.2364501953125,1153.1251220703125,884.5205078125,1179.750244140625,493.6013488769531,1177.6829833984375,877.543212890625,1161.560546875,479.107421875,1166.42724609375,838.3861083984375,1180.056640625,437.4132080078125,1172.174072265625,852.755126953125,1174.777587890625,409.6971435546875,1167.4310302734375,835.0465698242188,1199.5150146484375,411.6173095703125,1188.8961181640625,836.6043090820312,791.1807861328125,372.18243408203125,803.1301879882812,837.8529663085938,1002.7967529296875,408.5575256347656,1008.3743286132812,825.5578002929688,1060.283447265625,410.0709228515625,1065.0062255859375,831.3861083984375,1119.1962890625,407.4956970214844,1118.5950927734375,834.5508422851562,1280.504638671875,425.48822021484375,1267.843994140625,843.1007690429688,1362.46484375,431.2221984863281,1346.9595947265625,851.9551391601562,1449.5267333984375,439.37799072265625,1433.2744140625,860.9838256835938,1531.62060546875,454.4385070800781,1507.425048828125,871.0408935546875,1599.611083984375,467.3058776855469,1585.566162109375,878.4347534179688,1670.1929931640625,484.6246337890625,1658.8515625,872.3082885742188
853.1635131835938,494.78826904296875,859.3464965820312,854.5018920898438,871.62255859375,487.09283447265625,875.9024658203125,842.8444213867188,890.2158203125,481.5917663574219,892.5426635742188,835.4376220703125,930.262939453125,471.60797119140625,929.8637084960938,824.7512817382812,935.20947265625,430.8910827636719,942.1270141601562,841.7113647460938,933.6489868164062,400.6153259277344,946.5078735351562,817.72265625,945.4940795898438,403.7347717285156,959.0618286132812,820.2706909179688,1129.0616455078125,503.0672912597656,1130.01953125,890.5023193359375,1152.7647705078125,499.1251220703125,1153.050537109375,884.4752807617188,1179.728515625,493.567626953125,1177.710205078125,877.481201171875,1161.321044921875,479.4613952636719,1166.634521484375,838.3773193359375,1179.8045654296875,437.28466796875,1172.001708984375,852.7671508789062,1174.50439453125,409.6243896484375,1165.0054931640625,835.2114868164062,1199.2244873046875,411.6058654785156,1188.6317138671875,836.85595703125,790.268798828125,371.8754577636719,802.515625,837.8821411132812,1000.899169921875,408.0302429199219,1006.0863647460938,825.2546997070312,1059.5843505859375,410.48846435546875,1063.9713134765625,831.4761962890625,1118.734130859375,407.5442199707031,1118.5703125,834.5010375976562,1280.0830078125,425.5882873535156,1267.107421875,843.2225341796875,1362.3555908203125,431.52056884765625,1347.8409423828125,852.107177734375,1448.7373046875,439.73675537109375,1433.3448486328125,861.5189819335938,1529.313720703125,454.09686279296875,1506.0645751953125,870.9492797851562,1598.758056640625,467.228759765625,1584.504638671875,878.203369140625,1669.4705810546875,484.2865905761719,1658.31005859375,872.2349243164062
848.6514892578125,490.8102722167969,853.9894409179688,851.9802856445312,866.9678955078125,484.95526123046875,869.9763793945312,843.1271362304688,884.6707763671875,480.9036560058594,888.9400024414062,836.05419921875,927.0000610351562,471.3904724121094,926.8209838867188,825.44287109375,934.3091430664062,430.4158020019531,941.119384765625,842.1416015625,932.6547241210938,400.4627685546875,947.13623046875,817.6107788085938,945.0113525390625,403.5455017089844,959.2496948242188,820.0722045898438,1129.0238037109375,503.0168762207031,1130.1246337890625,890.63818359375,1152.7662353515625,498.99652099609375,1153.1591796875,884.5399169921875,1179.7816162109375,493.4707336425781,1177.64208984375,877.5926513671875,1161.141357421875,479.514404296875,1166.2330322265625,838.5439453125,1179.3358154296875,437.373046875,1171.0977783203125,852.9151000976562,1173.882080078125,409.5563659667969,1163.872802734375,835.3345947265625,1198.72998046875,411.6473083496094,1187.504638671875,837.0430908203125,789.5646362304688,371.51507568359375,802.0335083007812,837.8379516601562,1000.6630249023438,408.0252990722656,1006.095458984375,825.3078002929688,1059.0252685546875,410.4825439453125,1061.7757568359375,830.8633422851562,1117.9287109375,407.47222900390625,1117.157470703125,834.697509765625,1279.829833984375,425.6951599121094,1267.7275390625,843.4002685546875,1362.34375,431.9488525390625,1347.854248046875,852.6216430664062,1448.99853515625,440.0379333496094,1433.0330810546875,861.8136596679688,1528.13720703125,453.8611755371094,1505.8238525390625,871.05517578125,1598.2216796875,467.26287841796875,1584.6531982421875,878.3999633789062,1668.765625,484.1548156738281,1657.7701416015625,872.2413330078125
843.7213134765625,487.96905517578125,848.6419067382812,851.9013061523438,862.954833984375,482.5633239746094,864.7031860351562,845.7303466796875,881.421630859375,479.2186279296875,881.173828125,839.1310424804688,925.1203002929688,471.843017578125,921.8120727539062,827.0369262695312,933.1199951171875,430.0372009277344,939.141845703125,842.6942138671875,931.7825317382812,399.9739990234375,947.491943359375,817.3986206054688,944.41650390625,403.1216125488281,959.3005981445312,820.00341796875,1129.01806640625,502.92901611328125,1130.0826416015625,890.72900390625,1152.8193359375,498.86419677734375,1153.1019287109375,884.576171875,1179.7039794921875,493.5002746582031,1177.3541259765625,877.735107421875,1161.7197265625,479.6408386230469,1166.1639404296875,838.9393920898438,1178.6451416015625,437.74407958984375,1171.1607666015625,853.234619140625,1172.862548828125,410.0520324707031,1164.2259521484375,835.5164184570312,1197.806640625,411.825927734375,1187.3994140625,837.1786499023438,788.945556640625,371.06109619140625,801.3858032226562,837.8156127929688,1000.8800659179688,408.96441650390625,1006.3912353515625,825.3790283203125,1058.589599609375,410.7975158691406,1063.6307373046875,831.4306640625,1117.7265625,407.6347961425781,1117.474609375,834.8785400390625,1279.8345947265625,425.740234375,1268.45166015625,843.8942260742188,1362.7186279296875,432.1949768066406,1347.6380615234375,852.92236328125,1449.810302734375,440.39520263671875,1432.8001708984375,861.928466796875,1528.093505859375,454.1348571777344,1504.84033203125,871.1055297851562,1598.062255859375,467.3005676269531,1584.5380859375,878.5732421875,1668.35302734375,484.0170593261719,1657.193115234375,872.2727661132812
840.6464233398438,484.01702880859375,840.9862060546875,852.3082885742188,861.5774536132812,480.5557556152344,859.031494140625,847.4774780273438,880.7689819335938,477.6105041503906,878.5145874023438,840.25537109375,921.1102294921875,472.6364440917969,918.1244506835938,830.1253051757812,932.0328369140625,429.9170227050781,939.1690063476562,842.9334716796875,930.9714965820312,399.62420654296875,948.8687133789062,817.3270874023438,943.83251953125,402.77947998046875,958.9332275390625,820.2731323242188,1128.9796142578125,502.8899841308594,1130.536376953125,891.068359375,1152.8275146484375,498.9095153808594,1153.14599609375,884.76904296875,1179.7208251953125,493.5960693359375,1177.3045654296875,877.5472412109375,1161.6754150390625,479.9592590332031,1165.222900390625,839.3209228515625,1178.2264404296875,438.0408630371094,1170.3558349609375,853.4476928710938,1172.1915283203125,410.3609924316406,1163.446533203125,835.7330322265625,1197.276611328125,411.9992980957031,1186.4256591796875,837.3087158203125,788.4020385742188,370.6501770019531,800.916015625,837.8472900390625,999.97509765625,408.5561218261719,1007.0751953125,825.2242431640625,1058.0213623046875,410.9130554199219,1064.3349609375,831.5597534179688,1117.25830078125,407.7257385253906,1117.112548828125,835.11083984375,1279.22265625,425.9115905761719,1268.7158203125,844.14208984375,1361.861572265625,432.48236083984375,1341.991455078125,852.1435546875,1449.3359375,440.416015625,1432.0184326171875,861.9359130859375,1527.7926025390625,454.1816101074219,1504.23193359375,870.928466796875,1597.206298828125,467.28277587890625,1584.6376953125,878.571044921875,1667.862548828125,483.78350830078125,1656.5584716796875,872.6328735351562
838.4996948242188,481.7711181640625,838.626953125,851.5457153320312,858.3248901367188,479.6468505859375,855.4548950195312,847.0364990234375,877.0065307617188,476.9087219238281,876.85009765625,841.2962036132812,918.5974731445312,473.3650207519531,915.2132568359375,831.2319946289062,931.1065673828125,429.4243469238281,938.2349853515625,843.0518188476562,930.4017944335938,399.1986999511719,948.31884765625,816.9046020507812,943.343505859375,402.3411560058594,960.4473876953125,819.7195434570312,1129.0775146484375,502.8560485839844,1130.648681640625,891.260498046875,1152.8726806640625,498.9087829589844,1153.0025634765625,884.736328125,1179.775146484375,493.6510925292969,1177.017822265625,877.5944213867188,1161.2930908203125,479.3276672363281,1165.5653076171875,839.5285034179688,1177.819580078125,437.8699035644531,1169.8670654296875,853.8211669921875,1171.3336181640625,410.76080322265625,1162.611083984375,835.7828369140625,1196.761474609375,412.09478759765625,1186.071533203125,837.0289916992188,787.9415893554688,370.2939758300781,800.6332397460938,837.7688598632812,999.4295654296875,408.60400390625,1006.3779907226562,825.0519409179688,1057.391845703125,411.12750244140625,1061.73681640625,831.013916015625,1116.4632568359375,408.01922607421875,1115.3531494140625,835.1049194335938,1278.32666015625,427.2270812988281,1268.8489990234375,844.259033203125,1360.30810546875,432.37127685546875,1417.044189453125,860.2393798828125,1444.4415283203125,439.9322814941406,1431.854248046875,862.2339477539062,1522.050537109375,452.8507385253906,1503.921630859375,870.9594116210938,1595.3502197265625,467.0720520019531,1584.3216552734375,878.626220703125,1667.317138671875,483.6540222167969,1656.0555419921875,872.607421875
835.626708984375,480.25421142578125,836.741943359375,851.9862670898438,854.8394165039062,478.7598571777344,853.4981689453125,847.588623046875,874.367431640625,476.3330383300781,875.5300903320312,842.3103637695312,916.0274658203125,473.5575866699219,912.864501953125,831.9505615234375,930.1385498046875,429.23785400390625,936.2298583984375,842.4307861328125,930.4276123046875,398.9549560546875,947.9951171875,816.418212890625,943.1791381835938,402.2619934082031,960.1657104492188,819.3728637695312,1128.95458984375,502.9374694824219,1130.58740234375,891.0444946289062,1152.9007568359375,498.9129638671875,1152.87841796875,884.6317138671875,1179.7406005859375,493.68182373046875,1176.880126953125,877.7156372070312,1160.9542236328125,479.6247253417969,1165.170654296875,839.6505126953125,1177.2169189453125,437.7446594238281,1170.539794921875,853.813720703125,1170.23095703125,410.8697814941406,1163.5357666015625,835.8546142578125,1196.9755859375,411.8919677734375,1186.5889892578125,837.5309448242188,787.47802734375,370.1524658203125,800.164306640625,837.6104736328125,998.8921508789062,408.81298828125,1006.3147583007812,824.9735717773438,1056.7298583984375,411.25909423828125,1062.094970703125,830.9683837890625,1115.4752197265625,408.1376953125,1115.7454833984375,835.0950317382812,1278.800537109375,427.58477783203125,1268.5118408203125,844.605712890625,1360.58056640625,432.5789489746094,1418.395263671875,860.8378295898438,1443.3636474609375,440.12823486328125,1432.8974609375,862.65185546875,1518.4462890625,452.9817810058594,1504.7701416015625,871.2662963867188,1594.227294921875,466.8017578125,1584.724365234375,878.6426391601562,1666.6363525390625,483.53790283203125,1655.7677001953125,872.5910034179688
832.4127197265625,479.5704650878906,833.5075073242188,849.1732177734375,851.806396484375,477.5370178222656,850.9833374023438,847.9288940429688,871.636474609375,475.5146179199219,870.1585693359375,843.6456909179688,913.714599609375,473.3828430175781,909.849853515625,833.0000610351562,929.2819213867188,429.2764892578125,934.307373046875,842.2887573242188,930.4081420898438,398.8992004394531,946.9090576171875,816.1287231445312,943.0237426757812,402.1936950683594,959.05859375,819.0343627929688,1128.9967041015625,502.8734436035156,1130.43310546875,891.0565185546875,1153.0167236328125,498.8977355957031,1152.6947021484375,884.6614379882812,1179.7763671875,493.68988037109375,1176.9500732421875,877.2735595703125,1160.8690185546875,479.6781921386719,1164.471435546875,839.70361328125,1177.145751953125,437.67559814453125,1171.1456298828125,853.9277954101562,1170.125244140625,411.3068542480469,1164.9117431640625,836.0175170898438,1196.5098876953125,412.4021301269531,1187.4442138671875,837.5715942382812,787.1136474609375,370.1119384765625,799.7050170898438,837.5457763671875,998.9314575195312,408.7278137207031,1006.3922729492188,824.860595703125,1056.80908203125,411.2381286621094,1063.5159912109375,831.6741333007812,1114.99609375,407.9972839355469,1115.931640625,835.169921875,1278.3458251953125,427.65692138671875,1318.510498046875,852.7584228515625,1360.3115234375,432.573486328125,1417.2197265625,861.0567626953125,1442.718505859375,440.133056640625,1431.839111328125,862.4680786132812,1517.0908203125,452.73883056640625,1504.3065185546875,871.4007568359375,1593.189697265625,466.4986877441406,1584.114013671875,878.4307861328125,1666.1375732421875,483.343505859375,1655.20263671875,872.566650390625
829.5462036132812,478.98992919921875,832.8018188476562,850.3496704101562,849.5203857421875,478.12908935546875,849.0010986328125,848.4319458007812,869.17822265625,474.93682861328125,867.8189086914062,844.76904296875,911.9586181640625,472.4217529296875,908.5546264648438,834.6234130859375,928.3297119140625,429.0192565917969,933.4462280273438,841.9349975585938,929.8733520507812,398.642333984375,945.22509765625,815.4406127929688,942.55322265625,402.02777099609375,957.3818969726562,818.5159301757812,1129.003173828125,502.87591552734375,1130.4005126953125,890.8997192382812,1153.10009765625,498.89923095703125,1152.628173828125,884.5414428710938,1179.8035888671875,493.7919006347656,1176.9197998046875,877.4536743164062,1160.7353515625,480.03448486328125,1164.542724609375,839.833984375,1176.729248046875,438.0177001953125,1170.830322265625,854.0184326171875,1169.3214111328125,411.4021301269531,1164.3978271484375,836.1063842773438,1195.848388671875,412.3968200683594,1187.1749267578125,837.733154296875,786.5973510742188,370.14764404296875,799.3187255859375,837.243408203125,998.3855590820312,408.7789306640625,1004.76953125,824.8419799804688,1055.815673828125,411.9679260253906,1060.252685546875,831.0875854492188,1114.25830078125,408.4150085449219,1114.475341796875,835.0516967773438,1277.7867431640625,427.630859375,1268.76708984375,844.955322265625,1359.24169921875,432.81744384765625,1341.3197021484375,852.92138671875,1441.0460205078125,440.09405517578125,1431.228759765625,862.3594360351562,1516.773193359375,452.84222412109375,1503.7247314453125,871.6226196289062,1592.721923828125,466.35137939453125,1584.169921875,878.5166015625,1665.5377197265625,483.22723388671875,1654.4595947265625,872.4718017578125
826.969482421875,478.7461853027344,830.3450317382812,851.2079467773438,847.3056030273438,476.88427734375,847.3872680664062,848.8598022460938,866.9239501953125,474.2760009765625,865.4751586914062,846.5133056640625,910.1468505859375,471.6414489746094,905.242919921875,837.3930053710938,927.638427734375,429.26080322265625,932.9835815429688,842.4244384765625,929.4518432617188,398.60565185546875,944.2864379882812,815.209228515625,941.902099609375,401.89056396484375,956.3837280273438,818.1651611328125,1129.0015869140625,502.860595703125,1130.3470458984375,890.9849853515625,1153.1170654296875,498.93634033203125,1152.498046875,884.6008911132812,1179.852783203125,493.8870544433594,1176.3914794921875,877.6884765625,1160.5137939453125,480.056884765625,1163.943603515625,840.0283203125,1176.5067138671875,438.0079345703125,1170.2388916015625,854.31103515625,1168.6729736328125,411.60400390625,1163.890869140625,836.11572265625,1195.6197509765625,412.42291259765625,1186.759033203125,837.8515014648438,785.8855590820312,370.4134826660156,798.842529296875,836.8906860351562,997.7542724609375,408.53057861328125,1004.340576171875,824.7476806640625,1055.0660400390625,411.8141174316406,1058.9085693359375,830.9609375,1113.386474609375,408.3275451660156,1113.1046142578125,835.0140991210938,1276.237060546875,427.5381774902344,1268.5438232421875,845.047119140625,1358.634033203125,433.25396728515625,1340.843505859375,852.9471435546875,1442.5618896484375,440.3934326171875,1429.1119384765625,862.1559448242188,1518.6929931640625,453.3289489746094,1503.5029296875,871.6193237304688,1593.063232421875,466.43621826171875,1583.8438720703125,878.2632446289062,1664.983642578125,482.9583435058594,1654.3392333984375,872.7802734375
825.2149047851562,477.25860595703125,827.7262573242188,852.4649658203125,845.9452514648438,476.50372314453125,845.7799072265625,850.8499145507812,865.04052734375,474.53631591796875,865.1864624023438,847.1643676757812,907.1720581054688,472.5572204589844,904.9071655273438,838.2383422851562,927.1640014648438,429.14178466796875,931.8944091796875,842.3444213867188,929.1030883789062,398.71490478515625,942.7393798828125,815.8212890625,941.6385498046875,401.9603576660156,954.3466796875,817.6560668945312,1129.1241455078125,502.82904052734375,1130.429443359375,890.9024047851562,1153.1302490234375,498.8187561035156,1152.5599365234375,884.5528564453125,1179.8868408203125,493.792724609375,1176.6124267578125,877.503662109375,1160.4705810546875,480.24664306640625,1163.5068359375,840.1843872070312,1176.290771484375,437.8941345214844,1169.782470703125,854.4597778320312,1168.4500732421875,411.53424072265625,1163.6727294921875,836.2269287109375,1194.8951416015625,412.3121643066406,1186.3746337890625,837.68017578125,785.2301635742188,370.7181701660156,798.6214599609375,836.2839965820312,997.6425170898438,408.4638366699219,1003.5843505859375,824.6919555664062,1054.9317626953125,411.89166259765625,1058.69287109375,830.8619384765625,1113.016845703125,408.36895751953125,1112.919921875,835.2646484375,1275.3426513671875,427.5043640136719,1264.2039794921875,844.843994140625,1357.994140625,433.2691650390625,1338.4976806640625,852.8125610351562,1441.79638671875,440.83154296875,1426.2381591796875,862.0977172851562,1518.0574951171875,453.3060302734375,1500.6212158203125,871.6486206054688,1592.492919921875,466.2725830078125,1583.28173828125,878.2741088867188,1664.57373046875,482.8525695800781,1654.08642578125,873.0011596679688
824.3333740234375,477.8709411621094,825.65380859375,853.8377075195312,843.4485473632812,476.2006530761719,844.2286987304688,851.3972778320312,864.5863647460938,474.53564453125,863.6599731445312,848.283935546875,905.8046875,472.36431884765625,902.921142578125,839.5065307617188,926.69189453125,428.9197692871094,930.4148559570312,842.9688110351562,928.8115844726562,398.62908935546875,941.881103515625,815.6921997070312,941.2125854492188,401.8419494628906,953.5510864257812,817.6099853515625,1129.1090087890625,502.80743408203125,1130.575927734375,891.0665893554688,1153.134765625,498.8291931152344,1152.5545654296875,884.64111328125,1179.922119140625,493.79052734375,1176.35791015625,877.8068237304688,1160.436767578125,480.1998596191406,1163.31640625,840.4544677734375,1176.149658203125,437.80718994140625,1169.4361572265625,854.752197265625,1168.297119140625,411.2341613769531,1163.477294921875,836.4087524414062,1194.48974609375,412.23248291015625,1185.888916015625,838.0728149414062,784.5946044921875,370.8019104003906,797.9091796875,835.9197387695312,996.9484252929688,408.7068176269531,1002.7385864257812,824.7852783203125,1054.6375732421875,412.01470947265625,1057.8863525390625,830.862060546875,1113.08837890625,408.16400146484375,1112.6192626953125,835.3392333984375,1273.8990478515625,427.2650146484375,1264.389404296875,845.1643676757812,1357.3570556640625,433.2947998046875,1338.7794189453125,852.78564453125,1440.94775390625,440.9148254394531,1426.451904296875,862.29150390625,1517.6363525390625,453.4199523925781,1500.3623046875,871.7787475585938,1590.615234375,465.8272705078125,1583.4970703125,878.4396362304688,1664.2362060546875,482.3303527832031,1653.694091796875,873.020751953125
822.18896484375,477.5050964355469,823.8839111328125,853.4829711914062,842.0049438476562,476.78662109375,842.5366821289062,853.0328979492188,862.7025146484375,474.1687927246094,863.2581176757812,849.7249145507812,904.8407592773438,471.56829833984375,902.5736694335938,841.2778930664062,925.7929077148438,428.7770690917969,930.4509887695312,843.4407348632812,928.2202758789062,398.5713806152344,941.8892822265625,815.4227905273438,940.8695678710938,402.2721252441406,953.5897827148438,818.1900024414062,1129.0853271484375,502.748291015625,1131.1097412109375,891.2735595703125,1153.17333984375,498.8247985839844,1153.08447265625,884.5274658203125,1179.915283203125,493.9444580078125,1176.4779052734375,877.7479248046875,1160.425537109375,480.5030822753906,1163.257080078125,840.3355712890625,1175.77978515625,437.85687255859375,1166.570556640625,854.8592529296875,1167.454833984375,411.44989013671875,1161.7459716796875,836.5185546875,1193.712646484375,412.24774169921875,1184.976806640625,837.795654296875,784.1454467773438,370.8594055175781,797.3486938476562,835.4537963867188,996.3843994140625,408.7205505371094,1002.4207763671875,824.6498413085938,1054.52294921875,411.9372253417969,1056.735107421875,830.7921142578125,1112.71435546875,408.4324035644531,1110.7327880859375,834.751708984375,1273.4693603515625,427.2039489746094,1262.3865966796875,845.0281982421875,1357.4432373046875,433.170654296875,1337.114501953125,853.0848388671875,1441.9873046875,441.1017761230469,1425.9278564453125,862.4625244140625,1518.08837890625,453.6788330078125,1500.555419921875,871.9082641601562,1590.535888671875,465.7447509765625,1583.3682861328125,878.456787109375,1663.9716796875,482.1763000488281,1653.227294921875,873.1521606445312
820.2498779296875,477.5252380371094,821.8768920898438,854.5654907226562,839.6752319335938,476.5005187988281,841.3388671875,853.9356689453125,859.3173217773438,474.011474609375,860.159423828125,849.9578857421875,903.4794921875,471.5955505371094,900.29150390625,842.3425903320312,925.3717041015625,428.9634094238281,928.2970581054688,843.4432373046875,928.0850219726562,398.90057373046875,941.1646118164062,814.9661865234375,940.6942749023438,402.3528747558594,952.4885864257812,817.73486328125,1128.9884033203125,502.6964416503906,1131.044677734375,891.2576904296875,1153.2266845703125,498.7510681152344,1152.9317626953125,884.6201171875,1179.913818359375,493.7845764160156,1176.366943359375,878.0023193359375,1160.3702392578125,480.7171936035156,1163.3448486328125,840.6319580078125,1175.2054443359375,437.954345703125,1166.0103759765625,855.2255859375,1166.973876953125,410.9787902832031,1160.7508544921875,836.6702880859375,1193.129150390625,412.17926025390625,1184.4169921875,837.975341796875,783.7897338867188,371.03082275390625,796.95751953125,835.2152709960938,995.7711791992188,408.92059326171875,1001.6442260742188,824.500732421875,1053.6644287109375,411.9195861816406,1054.4034423828125,830.6865844726562,1113.277099609375,407.9761962890625,1109.9617919921875,834.8731689453125,1273.2359619140625,427.18560791015625,1262.18310546875,844.8616333007812,1357.0452880859375,433.512939453125,1337.192138671875,853.23828125,1441.2288818359375,441.04095458984375,1423.9278564453125,863.2982788085938,1516.6966552734375,453.7635498046875,1499.925048828125,871.9518432617188,1589.412353515625,465.4424133300781,1583.064697265625,878.6080932617188,1663.7392578125,482.1630554199219,1652.709716796875,873.3948364257812
818.0166015625,476.948974609375,822.1431884765625,857.9393920898438,837.6456298828125,476.10845947265625,840.8711547851562,854.3201904296875,857.576416015625,473.92840576171875,859.1875,850.4473876953125,901.2578735351562,471.0344543457031,898.2428588867188,843.0925903320312,924.6069946289062,428.97149658203125,926.4400024414062,843.165771484375,927.7757568359375,398.8101501464844,939.1029663085938,814.0116577148438,940.4579467773438,402.37109375,950.6419067382812,817.1860961914062,1129.032958984375,502.7171936035156,1131.0087890625,891.1549682617188,1153.3011474609375,498.77728271484375,1152.8824462890625,884.55126953125,1179.9241943359375,493.7994384765625,1176.5555419921875,878.1658325195312,1160.2520751953125,481.1702575683594,1163.61181640625,840.3780517578125,1174.8226318359375,438.02197265625,1166.3631591796875,855.3060302734375,1166.5869140625,411.3138427734375,1160.7418212890625,836.8380737304688,1192.401123046875,412.4172668457031,1184.38916015625,838.2199096679688,783.4730224609375,371.1331787109375,796.6687622070312,835.0426635742188,995.7313842773438,408.9378967285156,1000.6670532226562,824.4168090820312,1053.618408203125,411.9502258300781,1054.7135009765625,830.65087890625,1112.8570556640625,408.12677001953125,1109.9156494140625,834.9653930664062,1273.2882080078125,427.2527160644531,1263.1905517578125,844.4308471679688,1357.5135498046875,433.5822448730469,1408.0244140625,861.2740478515625,1439.4112548828125,441.1051330566406,1424.93017578125,863.7002563476562,1515.987060546875,453.76287841796875,1500.2030029296875,872.0057373046875,1588.7703857421875,465.34716796875,1582.932373046875,878.538818359375,1663.4189453125,482.1414489746094,1652.3446044921875,873.3427734375
815.67578125,476.6248779296875,821.4412841796875,860.0753173828125,835.8125,475.5343933105469,840.0880126953125,855.6348876953125,856.070068359375,473.7094421386719,858.9541625976562,852.8880615234375,899.5099487304688,471.1152648925781,898.2553100585938,843.8584594726562,924.3058471679688,429.2773742675781,925.7894897460938,844.0408325195312,927.5511474609375,398.5390930175781,939.8804931640625,814.5706787109375,940.31884765625,402.1905212402344,950.9895629882812,817.2528076171875,1128.9522705078125,502.57403564453125,1130.85302734375,891.0618896484375,1153.3448486328125,498.7720031738281,1152.9185791015625,884.5888671875,1180.1749267578125,493.8395080566406,1176.56982421875,878.2260131835938,1160.2154541015625,481.38958740234375,1163.884033203125,840.6893310546875,1174.306884765625,438.2943115234375,1166.3873291015625,855.4302978515625,1166.1680908203125,411.4540100097656,1160.7454833984375,836.9344482421875,1192.071044921875,412.85321044921875,1184.4381103515625,838.417724609375,783.1880493164062,371.2734069824219,796.210693359375,834.7303466796875,996.1806030273438,409.0213317871094,1000.5059204101562,824.30517578125,1053.3988037109375,412.3102111816406,1054.564453125,830.4605712890625,1112.0877685546875,408.54583740234375,1109.67822265625,834.8125,1273.50341796875,427.596923828125,1262.9681396484375,844.3396606445312,1356.2420654296875,433.8291015625,1407.959716796875,861.6949462890625,1438.34375,440.99786376953125,1425.4154052734375,863.680908203125,1515.6356201171875,453.8597717285156,1499.928955078125,872.190185546875,1588.565673828125,465.2392578125,1582.84326171875,878.3209838867188,1663.1837158203125,481.86199951171875,1651.999267578125,873.1322631835938
814.2171630859375,476.0231628417969,819.9923706054688,863.3219604492188,834.7864990234375,474.964111328125,839.9236450195312,857.5576171875,855.2770385742188,473.1443786621094,859.4662475585938,854.6524047851562,898.0625,470.8966979980469,896.906494140625,844.3392333984375,924.2071533203125,429.24688720703125,925.0408325195312,843.4445190429688,927.5715942382812,398.454345703125,938.1268310546875,813.7093505859375,940.0956420898438,402.04888916015625,950.5447387695312,817.118896484375,1128.8731689453125,502.4694519042969,1130.753662109375,890.911376953125,1153.3319091796875,498.7666015625,1152.74755859375,884.458984375,1180.2479248046875,494.0535888671875,1176.625,878.1641235351562,1160.2069091796875,481.84844970703125,1163.5958251953125,840.6919555664062,1173.70263671875,438.5696716308594,1165.8671875,855.4609375,1165.411865234375,411.8595275878906,1160.2908935546875,836.9637451171875,1191.3128662109375,413.0916748046875,1184.0589599609375,838.3671264648438,782.91748046875,371.75555419921875,795.7298583984375,834.4329223632812,994.6528930664062,408.9587097167969,998.3425903320312,823.3308715820312,1052.648681640625,412.32781982421875,1053.6036376953125,830.5794677734375,1111.23291015625,408.7628173828125,1109.352294921875,834.7683715820312,1273.056640625,427.63348388671875,1264.432373046875,844.59765625,1356.63330078125,434.232666015625,1411.833984375,861.5918579101562,1438.879150390625,441.304443359375,1425.591796875,863.8914794921875,1516.2889404296875,454.2064514160156,1499.4017333984375,872.1887817382812,1588.4654541015625,465.2389221191406,1581.0401611328125,877.6903686523438,1662.8389892578125,481.78424072265625,1651.75732421875,873.2708129882812
812.4168701171875,475.9529724121094,818.2616577148438,864.841796875,833.2908935546875,474.59478759765625,839.3424682617188,859.8847045898438,853.9072265625,472.5516052246094,858.9112548828125,856.2090454101562,897.2188110351562,469.7540283203125,896.1510620117188,845.203857421875,923.5013427734375,428.3563232421875,924.1873779296875,843.7536010742188,927.105224609375,398.3546447753906,937.9511108398438,813.794677734375,939.4352416992188,402.10040283203125,950.5466918945312,817.1981811523438,1128.86181640625,502.4291076660156,1130.6536865234375,890.9859008789062,1153.377685546875,498.7832946777344,1152.60009765625,884.5442504882812,1180.210693359375,494.04119873046875,1176.553466796875,878.1527709960938,1160.2000732421875,482.04144287109375,1163.2943115234375,840.6694946289062,1173.3306884765625,438.90911865234375,1165.40625,855.4981079101562,1164.9288330078125,412.3807678222656,1160.176513671875,836.9945678710938,1190.6080322265625,413.4043273925781,1184.1304931640625,838.3916015625,782.6441650390625,371.86956787109375,795.3179931640625,834.1932983398438,994.6385498046875,409.1472473144531,998.3795776367188,823.3507080078125,1052.525390625,412.58050537109375,1053.47412109375,830.4497680664062,1111.3154296875,408.90618896484375,1108.985595703125,834.6126708984375,1272.9415283203125,427.8743896484375,1263.1815185546875,844.3969116210938,1356.2286376953125,434.6843566894531,1411.789794921875,862.4008178710938,1438.8096923828125,441.60675048828125,1425.626953125,863.9176025390625,1516.1351318359375,454.25592041015625,1499.4501953125,872.1541748046875,1588.2889404296875,465.1731262207031,1580.93115234375,877.5895385742188,1662.3717041015625,481.5775451660156,1651.47021484375,873.234130859375
811.4528198242188,475.8699951171875,817.24853515625,866.7212524414062,832.4602661132812,474.20745849609375,838.201416015625,862.1329345703125,852.7481079101562,472.1160888671875,857.8369140625,857.5481567382812,896.068359375,469.15948486328125,896.4031372070312,845.9481201171875,922.7839965820312,428.0336608886719,923.5739135742188,844.0162353515625,926.8275146484375,398.1807556152344,937.0721435546875,813.6527099609375,939.1004028320312,402.0565490722656,949.738525390625,817.1160888671875,1128.72509765625,502.42901611328125,1130.87646484375,891.0142211914062,1153.3275146484375,498.8446044921875,1152.464599609375,884.6774291992188,1180.1343994140625,494.29986572265625,1177.042236328125,878.2681884765625,1160.054931640625,482.27752685546875,1163.3809814453125,840.8885498046875,1172.4078369140625,439.3640441894531,1164.7406005859375,855.3634643554688,1164.2596435546875,412.6757507324219,1158.4566650390625,837.260498046875,1189.5108642578125,413.6280822753906,1184.217529296875,838.4813232421875,782.0860595703125,371.77130126953125,794.8492431640625,834.0545654296875,994.1538696289062,409.2641906738281,997.7907104492188,823.334228515625,1051.834716796875,412.7123107910156,1052.6842041015625,830.5138549804688,1110.1536865234375,409.0377502441406,1107.853271484375,834.552734375,1272.5220947265625,427.8358154296875,1264.3624267578125,844.0576782226562,1354.6549072265625,434.8851318359375,1412.0069580078125,861.953857421875,1437.3597412109375,441.7568664550781,1426.3809814453125,864.0538330078125,1514.616943359375,453.95867919921875,1499.22705078125,872.1995239257812,1587.5325927734375,464.9831848144531,1580.64990234375,877.624755859375,1661.8199462890625,481.2961120605469,1651.1312255859375,873.1531372070312
810.0826416015625,474.9151611328125,817.491455078125,868.0040283203125,831.4359741210938,473.5158386230469,838.3788452148438,863.0560302734375,851.4727783203125,471.5039978027344,858.1371459960938,859.0455322265625,894.3594970703125,468.9055480957031,896.7234497070312,846.5914916992188,922.3704833984375,427.94842529296875,923.416015625,843.6005859375,926.2356567382812,398.013671875,936.3191528320312,813.6571655273438,938.4464721679688,402.0195007324219,948.7977905273438,817.058837890625,1128.6141357421875,502.2139892578125,1130.6473388671875,891.0257568359375,1153.4351806640625,498.71588134765625,1152.4310302734375,884.7774047851562,1180.1080322265625,494.2742919921875,1177.49609375,878.7200927734375,1160.2274169921875,482.66729736328125,1164.051513671875,841.2726440429688,1172.164794921875,439.5280456542969,1165.9765625,855.6600341796875,1163.813720703125,412.7053527832031,1160.430419921875,837.2069091796875,1189.1041259765625,413.8934631347656,1184.7667236328125,838.697021484375,781.6989135742188,371.3846130371094,794.568603515625,834.0646362304688,993.1760864257812,409.172607421875,997.9967041015625,823.4176025390625,1051.3037109375,412.9879455566406,1054.0347900390625,830.4970092773438,1110.1326904296875,409.09613037109375,1108.807861328125,834.6949462890625,1272.8563232421875,428.1103210449219,1264.4395751953125,843.9356079101562,1353.8568115234375,435.0262756347656,1410.843017578125,861.9365844726562,1438.375,442.2964782714844,1425.3118896484375,863.8875122070312,1515.0054931640625,454.1710510253906,1497.907958984375,872.0625,1587.9136962890625,465.03570556640625,1579.9793701171875,877.667236328125,1661.3065185546875,481.08001708984375,1650.672607421875,873.134765625
809.35595703125,474.6361999511719,817.5350341796875,869.3695068359375,830.4179077148438,473.2151184082031,837.7147827148438,863.9922485351562,850.2394409179688,471.1687927246094,858.2247314453125,860.7588500976562,893.0090942382812,468.77801513671875,896.1260986328125,847.01318359375,921.2105102539062,428.2217102050781,922.7039794921875,843.6692504882812,925.4757690429688,397.9939880371094,935.538818359375,813.6430053710938,936.9299926757812,401.88336181640625,946.6729736328125,816.3759765625,1128.678955078125,502.2358703613281,1130.7926025390625,891.090087890625,1153.4908447265625,498.74365234375,1152.5091552734375,884.7791748046875,1180.1204833984375,494.4591979980469,1177.14990234375,878.6027221679688,1160.1968994140625,483.0146789550781,1164.371826171875,841.3114013671875,1171.7838134765625,440.1867980957031,1165.59130859375,855.7860107421875,1163.3489990234375,413.1687316894531,1158.571044921875,837.4683227539062,1188.48681640625,414.2057189941406,1184.3619384765625,838.7277221679688,781.213623046875,371.06243896484375,794.1910400390625,834.2285766601562,992.7622680664062,409.1686096191406,997.429931640625,823.3865356445312,1050.70947265625,413.1457824707031,1053.7064208984375,830.5177612304688,1109.4794921875,409.3294372558594,1108.6568603515625,834.7749633789062,1270.415283203125,428.6206359863281,1305.9742431640625,851.0106811523438,1352.328369140625,435.052490234375,1410.7679443359375,861.9926147460938,1439.3740234375,443.1202697753906,1425.099853515625,863.8638305664062,1515.196533203125,454.2723388671875,1497.27392578125,872.0783081054688,1587.6737060546875,464.9666442871094,1579.6412353515625,877.676513671875,1660.7001953125,480.9898681640625,1650.3265380859375,873.1804809570312
809.5248413085938,474.33026123046875,816.3697509765625,872.1713256835938,829.8425903320312,472.6556091308594,836.7686767578125,865.77001953125,849.649658203125,471.1346130371094,857.8051147460938,862.529296875,891.8707275390625,469.4723205566406,897.28564453125,847.4445190429688,921.2954711914062,428.5589904785156,923.30908203125,843.67041015625,925.1652221679688,397.7767333984375,935.0133666992188,813.7756958007812,936.540771484375,401.8042907714844,945.9487915039062,816.5320434570312,1128.51806640625,502.1246337890625,1130.8265380859375,891.1920776367188,1153.4302978515625,498.78509521484375,1152.3448486328125,884.8641357421875,1180.130126953125,494.4438171386719,1177.103515625,878.6451416015625,1160.1412353515625,483.1058044433594,1163.9029541015625,841.2464599609375,1171.560546875,440.37255859375,1164.4813232421875,856.1130981445312,1162.93798828125,413.1206359863281,1157.611328125,837.4801025390625,1188.0533447265625,414.0256652832031,1183.20458984375,838.6767578125,780.7896728515625,370.591552734375,793.7974853515625,834.5491333007812,991.2872924804688,409.2676696777344,996.8031616210938,823.3524780273438,1050.309326171875,413.5452575683594,1052.9090576171875,830.6762084960938,1109.1708984375,409.85455322265625,1107.863525390625,834.8878173828125,1269.39453125,428.4955749511719,1306.2764892578125,851.2102661132812,1352.11474609375,435.2066955566406,1408.282470703125,862.9837036132812,1439.3800048828125,443.2600402832031,1425.0267333984375,864.03759765625,1514.5301513671875,454.31396484375,1497.53369140625,872.1835327148438,1586.9307861328125,464.9102783203125,1579.7537841796875,877.9115600585938,1660.1656494140625,480.791259765625,1649.9005126953125,873.175537109375
808.6962890625,474.0647277832031,820.2611694335938,872.094482421875,829.1510620117188,472.54815673828125,838.8101806640625,866.8117065429688,849.3577270507812,470.9687194824219,859.004638671875,862.905029296875,890.8201293945312,469.6530456542969,899.060302734375,848.6948852539062,920.6329956054688,428.52911376953125,924.2672729492188,844.2291870117188,924.7423095703125,397.8167724609375,935.287353515625,814.120361328125,936.0817260742188,401.75335693359375,945.7932739257812,816.8345947265625,1128.5177001953125,502.1568603515625,1131.09619140625,891.976806640625,1153.38671875,498.78009033203125,1152.877197265625,884.938720703125,1180.059326171875,494.5599060058594,1177.427001953125,878.8506469726562,1160.0128173828125,483.6076354980469,1164.1214599609375,841.7880249023438,1170.9805908203125,440.71685791015625,1164.5428466796875,856.2283935546875,1162.11865234375,413.3730773925781,1157.557861328125,837.564697265625,1187.2904052734375,414.3499755859375,1182.8177490234375,838.7598266601562,780.275634765625,370.2549133300781,793.2999267578125,834.8599853515625,990.7106323242188,409.2483215332031,996.6851806640625,823.3976440429688,1049.8922119140625,413.7593688964844,1052.984375,830.7347412109375,1108.4129638671875,409.8460998535156,1107.6885986328125,834.9580688476562,1268.874267578125,428.3416748046875,1305.5262451171875,851.3657836914062,1351.2054443359375,435.0238342285156,1408.0478515625,862.9691772460938,1437.963134765625,442.8705749511719,1426.223388671875,864.2694091796875,1513.6788330078125,454.1192626953125,1498.4525146484375,872.3388671875,1586.28857421875,464.6574401855469,1580.2794189453125,878.6618041992188,1659.6707763671875,480.4398193359375,1649.0679931640625,872.8565063476562
808.8505859375,473.6595764160156,818.0415649414062,874.4006958007812,829.0066528320312,472.126220703125,838.19384765625,869.9179077148438,849.8632202148438,471.3310852050781,858.0217895507812,865.5277709960938,890.3391723632812,469.07403564453125,899.73095703125,849.4390258789062,920.109130859375,428.3118896484375,924.2944946289062,844.296142578125,924.1296997070312,397.7668151855469,934.7507934570312,814.2246704101562,935.4314575195312,401.6999816894531,945.2218017578125,816.7472534179688,1128.464599609375,502.0777587890625,1130.9534912109375,891.9925537109375,1153.304931640625,498.7243957519531,1152.779052734375,884.9190063476562,1179.9827880859375,494.5091857910156,1177.458740234375,878.7921752929688,1159.879638671875,483.8504638671875,1163.996826171875,842.0926513671875,1170.278076171875,441.0016174316406,1164.2911376953125,856.2880859375,1161.111083984375,413.6011047363281,1157.3563232421875,837.5906372070312,1186.54345703125,414.4156799316406,1182.5504150390625,838.770751953125,779.8192138671875,369.7635498046875,792.7979736328125,835.181640625,990.315185546875,409.16650390625,996.4462280273438,823.4586181640625,1049.429931640625,413.6728515625,1052.7777099609375,830.5180053710938,1107.3829345703125,410.3475646972656,1107.5177001953125,835.013427734375,1268.1483154296875,428.10455322265625,1305.6273193359375,851.2686157226562,1349.2056884765625,435.3657531738281,1411.405517578125,862.1996459960938,1437.6036376953125,442.9337158203125,1425.795166015625,864.1531372070312,1513.00244140625,453.90997314453125,1498.157470703125,872.417236328125,1585.21630859375,464.5854797363281,1579.7503662109375,878.8095703125,1659.3922119140625,480.2794494628906,1648.6038818359375,872.8380126953125
809.103271484375,473.59576416015625,813.6659545898438,877.0689697265625,829.1134643554688,472.2138366699219,834.9579467773438,873.7826538085938,849.2445068359375,470.8533630371094,855.9961547851562,868.2240600585938,890.021484375,468.80804443359375,901.437744140625,849.1854248046875,919.5183715820312,427.8634338378906,924.5062255859375,844.6025390625,922.8732299804688,396.71514892578125,934.2438354492188,814.3136596679688,934.7675170898438,401.1106872558594,944.6438598632812,816.7395629882812,1128.379150390625,502.09552001953125,1131.161376953125,891.6259765625,1153.3040771484375,498.8184814453125,1152.6483154296875,885.044677734375,1180.0770263671875,494.509765625,1177.2740478515625,878.848876953125,1159.72998046875,483.9681396484375,1163.5654296875,842.1083984375,1170.1058349609375,440.8464050292969,1164.6373291015625,856.1687622070312,1160.729248046875,413.14886474609375,1157.7467041015625,837.650146484375,1186.220703125,414.0184631347656,1183.1583251953125,838.8651733398438,779.2449951171875,369.5820617675781,792.4428100585938,835.3707885742188,989.6010131835938,409.0497131347656,996.4386596679688,823.6229248046875,1049.1365966796875,413.86767578125,1052.8094482421875,830.634521484375,1107.0006103515625,410.4539489746094,1106.8934326171875,834.9907836914062,1267.36279296875,428.0777587890625,1306.30712890625,851.6574096679688,1348.539306640625,435.22216796875,1411.4482421875,862.3577270507812,1436.7158203125,442.676025390625,1425.348388671875,864.25927734375,1511.7769775390625,453.69189453125,1497.5228271484375,872.3602294921875,1584.3685302734375,464.41290283203125,1579.3316650390625,878.7819213867188,1659.03369140625,480.1390686035156,1648.117431640625,872.8649291992188
809.3853759765625,473.6784973144531,814.1185913085938,879.9230346679688,829.3779296875,472.42510986328125,834.9171752929688,877.4188842773438,849.60498046875,471.15081787109375,855.3804321289062,871.1066284179688,889.7869262695312,468.95751953125,902.4434814453125,849.3768920898438,919.4017333984375,428.01611328125,924.2036743164062,844.7498168945312,922.738525390625,396.39404296875,933.0643920898438,814.18212890625,934.6223754882812,400.6614990234375,943.4407958984375,816.7755126953125,1128.566162109375,502.1053771972656,1130.8409423828125,891.897705078125,1153.371826171875,498.6687927246094,1152.39501953125,885.0820922851562,1179.967041015625,494.4123840332031,1177.39013671875,878.3117065429688,1159.884521484375,484.3187561035156,1163.3251953125,842.1298828125,1169.6881103515625,440.9225769042969,1163.7620849609375,856.2749633789062,1161.186767578125,412.6749267578125,1157.001953125,837.5223999023438,1185.41943359375,414.2065124511719,1182.8795166015625,838.84765625,778.6411743164062,369.555419921875,792.0069580078125,835.8782958984375,989.2001953125,408.9005126953125,995.194580078125,823.5088500976562,1048.742431640625,414.02880859375,1051.1256103515625,830.6615600585938,1106.51708984375,410.5340881347656,1105.7279052734375,834.9375610351562,1267.2822265625,428.1009216308594,1307.1837158203125,852.0216064453125,1349.23291015625,435.3629455566406,1407.5511474609375,863.0361328125,1436.9619140625,442.909423828125,1424.342041015625,864.0850830078125,1512.024658203125,453.6434326171875,1496.97509765625,872.2939453125,1584.0704345703125,464.3238220214844,1578.677001953125,878.6109619140625,1658.651123046875,480.0509948730469,1647.630615234375,872.81103515625
808.1531982421875,473.8920593261719,814.7597045898438,880.1043090820312,829.6995239257812,472.97454833984375,835.4365844726562,878.7568359375,850.0947875976562,471.9905700683594,854.1629028320312,873.0398559570312,890.451904296875,469.1245422363281,901.5733032226562,849.8046264648438,919.1513671875,427.8914794921875,923.4794921875,845.0228271484375,922.6617431640625,396.288330078125,932.8098754882812,814.4495239257812,935.0498046875,400.52569580078125,943.1339721679688,817.0360717773438,1128.451416015625,502.0224609375,1130.9775390625,891.3071899414062,1153.2918701171875,498.75787353515625,1152.458984375,884.9738159179688,1179.8560791015625,494.54437255859375,1177.299560546875,878.1109619140625,1159.805419921875,484.2093505859375,1162.982666015625,841.5343017578125,1169.3370361328125,440.64593505859375,1162.300048828125,856.672119140625,1161.0262451171875,412.41546630859375,1155.607177734375,837.4435424804688,1185.1014404296875,413.8853759765625,1181.5462646484375,838.9697265625,778.14111328125,369.4173278808594,791.6276245117188,836.2256469726562,988.665283203125,408.7861328125,994.0834350585938,823.44970703125,1047.426513671875,413.8310241699219,1048.68994140625,831.008056640625,1106.4202880859375,410.548095703125,1102.9251708984375,835.9088745117188,1266.2882080078125,428.2198791503906,1306.376220703125,852.0144653320312,1348.1632080078125,435.2707824707031,1407.14404296875,863.1013793945312,1436.2940673828125,442.7986145019531,1423.6092529296875,864.1644897460938,1507.9578857421875,452.8867492675781,1496.2635498046875,872.0084838867188,1583.8572998046875,464.27166748046875,1578.8421630859375,878.141845703125,1657.886474609375,479.736328125,1647.1280517578125,872.6666259765625
808.4353637695312,473.5171813964844,814.80126953125,880.0476684570312,829.7647094726562,472.9869384765625,834.1805419921875,878.4970092773438,850.1205444335938,472.1950988769531,854.2198486328125,874.2382202148438,890.2518310546875,469.33544921875,901.6377563476562,849.7060546875,918.8114624023438,427.73553466796875,923.4361572265625,845.0640258789062,922.1885986328125,396.1000061035156,932.5491333007812,814.7594604492188,934.5070190429688,400.2622375488281,942.7993774414062,817.2890625,1128.45849609375,501.9943542480469,1130.74169921875,891.098876953125,1153.31103515625,498.65509033203125,1152.106201171875,885.0056762695312,1179.867431640625,494.46759033203125,1177.2274169921875,878.05078125,1161.208984375,484.1626281738281,1162.7935791015625,841.5401611328125,1169.0618896484375,440.9505920410156,1162.76025390625,856.588623046875,1160.3521728515625,412.8356628417969,1155.9273681640625,837.5053100585938,1184.680419921875,414.1891784667969,1181.875732421875,839.064697265625,777.6845703125,369.5224304199219,791.2284545898438,836.5552978515625,988.2318115234375,408.5479431152344,993.8399658203125,823.5667724609375,1046.9173583984375,414.0520324707031,1049.0291748046875,831.1246948242188,1106.0125732421875,410.95587158203125,1102.888916015625,835.996826171875,1266.1544189453125,428.2866516113281,1306.2288818359375,851.9150390625,1347.75146484375,435.34637451171875,1410.0626220703125,862.7138671875,1438.1610107421875,443.9794921875,1423.123046875,864.038818359375,1507.9151611328125,452.7803649902344,1497.62158203125,872.2786865234375,1583.7142333984375,464.2186584472656,1574.572021484375,878.1605224609375,1657.2750244140625,479.4046936035156,1646.385986328125,872.6613159179688
808.417236328125,473.5789794921875,814.159423828125,880.02001953125,829.862060546875,473.06915283203125,834.0867309570312,878.6995849609375,850.2465209960938,472.2452087402344,853.8314819335938,874.5949096679688,889.9461059570312,469.16485595703125,900.4078369140625,850.1753540039062,918.2017822265625,427.3891296386719,922.0198364257812,845.7196655273438,921.3425903320312,395.7919616699219,932.3785400390625,814.9934692382812,933.7396240234375,399.8477478027344,942.70849609375,817.5805053710938,1128.5887451171875,502.1080322265625,1130.5936279296875,891.0582275390625,1153.2943115234375,498.59918212890625,1152.138916015625,885.0136108398438,1179.8177490234375,494.4541015625,1177.0062255859375,878.0167846679688,1161.125732421875,484.2630310058594,1162.271728515625,841.6350708007812,1168.646728515625,440.9851989746094,1161.249755859375,856.0031127929688,1159.7178955078125,412.70489501953125,1155.442138671875,837.4373779296875,1183.9315185546875,413.9488220214844,1181.1094970703125,838.8977661132812,777.2093505859375,369.352783203125,790.7013549804688,837.1123046875,987.5250854492188,408.4521789550781,993.6097412109375,823.4577026367188,1046.357421875,414.1848449707031,1049.0994873046875,831.2813110351562,1105.4449462890625,411.1679382324219,1104.810791015625,835.0678100585938,1264.2489013671875,428.19842529296875,1305.4564208984375,851.8521118164062,1347.729736328125,435.3818054199219,1410.4437255859375,862.7515258789062,1438.988525390625,444.3853454589844,1422.155029296875,864.1424560546875,1512.679443359375,453.90655517578125,1496.3746337890625,871.9820556640625,1584.1331787109375,464.27105712890625,1574.3953857421875,878.0677490234375,1656.774658203125,479.2227783203125,1645.959228515625,872.6321411132812
808.511962890625,473.7875061035156,814.5889892578125,880.0208740234375,829.96875,473.1173400878906,834.400390625,878.982666015625,850.3303833007812,472.304931640625,853.9635620117188,875.0253295898438,889.6923217773438,469.2984619140625,898.372802734375,851.7471313476562,917.5635986328125,427.1572570800781,922.0807495117188,845.744384765625,920.1409301757812,395.69775390625,932.2680053710938,815.152587890625,933.3179321289062,399.6358642578125,942.8984375,817.7500610351562,1128.5286865234375,502.0430603027344,1130.72216796875,891.7528076171875,1153.29541015625,498.67706298828125,1152.4903564453125,885.0509033203125,1179.7733154296875,494.52056884765625,1177.308837890625,878.1209716796875,1161.0264892578125,484.2554931640625,1162.691650390625,841.42626953125,1168.373291015625,441.293701171875,1160.4580078125,856.1857299804688,1159.1043701171875,413.1806335449219,1154.3485107421875,837.4979248046875,1183.8321533203125,414.36480712890625,1179.78173828125,839.0321655273438,776.7409057617188,369.1641540527344,790.1902465820312,837.8286743164062,987.1912231445312,408.4204406738281,993.0527954101562,823.5294189453125,1045.8682861328125,414.45721435546875,1048.1229248046875,831.5438232421875,1104.5364990234375,411.50408935546875,1102.3861083984375,836.1134643554688,1264.4803466796875,428.0852966308594,1304.5633544921875,851.904541015625,1347.5233154296875,435.43170166015625,1410.03515625,862.678466796875,1439.4959716796875,444.5606689453125,1422.0274658203125,864.300048828125,1512.6319580078125,454.0649108886719,1497.29150390625,872.29638671875,1583.343994140625,464.1728210449219,1573.8035888671875,878.0274658203125,1656.4339599609375,478.95770263671875,1645.595703125,872.4544067382812
808.4853515625,473.9894104003906,814.619140625,879.883544921875,830.37451171875,473.6761474609375,834.5665283203125,879.3732299804688,850.312744140625,472.4261169433594,854.3131713867188,875.7377319335938,889.5910034179688,469.22125244140625,897.9202270507812,851.909912109375,916.8170166015625,426.75933837890625,921.2890014648438,846.1528930664062,919.7212524414062,395.323486328125,931.9729614257812,814.7384033203125,932.6397705078125,399.37933349609375,943.343017578125,817.7870483398438,1128.46435546875,501.97479248046875,1130.5604248046875,891.6576538085938,1153.304443359375,498.55523681640625,1152.720458984375,885.0361328125,1179.850341796875,494.44635009765625,1177.4989013671875,877.9390258789062,1160.9969482421875,484.3542785644531,1161.9677734375,841.3641357421875,1167.6143798828125,441.5905456542969,1159.6873779296875,856.181884765625,1158.57373046875,413.2276611328125,1153.62841796875,837.4703979492188,1183.3541259765625,414.59417724609375,1178.95703125,839.0869750976562,776.2864379882812,369.0079040527344,789.7449951171875,838.2985229492188,986.6173095703125,408.26544189453125,992.15576171875,823.6302490234375,1045.1365966796875,414.372802734375,1047.1864013671875,831.375244140625,1103.5863037109375,412.38653564453125,1101.0843505859375,835.9813842773438,1264.2919921875,428.05877685546875,1304.35205078125,852.1316528320312,1347.472412109375,435.3624572753906,1410.077392578125,862.5573120117188,1439.4085693359375,444.5856018066406,1422.3519287109375,864.3438110351562,1506.5916748046875,453.01519775390625,1496.7822265625,872.2559814453125,1582.1768798828125,464.262451171875,1573.49365234375,878.0325317382812,1656.0826416015625,478.825439453125,1644.990234375,872.3818969726562
808.567626953125,474.121337890625,814.9957275390625,880.0848999023438,830.4671020507812,473.7710266113281,835.0509643554688,879.6860961914062,850.5446166992188,472.4195861816406,854.5592651367188,876.1491088867188,889.4151000976562,469.3269348144531,898.5823364257812,851.7960815429688,916.4208374023438,426.3975524902344,920.511474609375,846.2860107421875,919.54833984375,394.8235778808594,930.946533203125,814.9210815429688,932.2613525390625,398.9306945800781,941.9567260742188,817.7526245117188,1128.5037841796875,501.97259521484375,1130.8607177734375,891.87744140625,1153.3643798828125,498.5050354003906,1152.85888671875,885.067626953125,1179.8062744140625,494.48236083984375,1177.422119140625,877.7763671875,1160.8172607421875,484.3535461425781,1160.89013671875,841.2360229492188,1167.40771484375,441.6410827636719,1159.1279296875,856.4862670898438,1158.0601806640625,413.0078430175781,1153.63818359375,837.66162109375,1182.9661865234375,414.556884765625,1179.0802001953125,839.1619873046875,775.8455810546875,368.6910095214844,789.3259887695312,838.8890991210938,986.13818359375,407.9061584472656,991.8084716796875,824.1032104492188,1044.8115234375,414.12371826171875,1045.4129638671875,831.2579345703125,1102.9368896484375,411.9105529785156,1100.660888671875,836.0675048828125,1263.4317626953125,427.96722412109375,1304.510498046875,852.462646484375,1347.2947998046875,435.40972900390625,1410.579345703125,862.7684326171875,1439.9471435546875,444.86138916015625,1422.760498046875,864.333740234375,1502.72021484375,452.2422180175781,1497.449951171875,872.2617797851562,1581.99462890625,464.09228515625,1573.804931640625,878.1758422851562,1655.7236328125,478.7835388183594,1644.5166015625,872.219482421875
808.5527954101562,474.1957092285156,814.7369384765625,880.2047119140625,830.5252075195312,473.8502197265625,834.8478393554688,879.7980346679688,850.428466796875,472.5101623535156,854.2425537109375,876.4334716796875,889.0714111328125,469.3786315917969,897.7302856445312,851.954345703125,915.5187377929688,426.2109680175781,919.5712280273438,846.44482421875,919.1611328125,394.54443359375,929.75634765625,815.0186767578125,931.7481689453125,398.8238830566406,941.0089721679688,817.848388671875,1128.47412109375,502.02423095703125,1130.68017578125,891.784912109375,1153.3662109375,498.4576721191406,1152.933837890625,885.1233520507812,1179.8173828125,494.20684814453125,1177.4307861328125,877.70947265625,1160.854736328125,484.2588195800781,1159.9034423828125,841.2449340820312,1167.2918701171875,440.8284606933594,1158.761474609375,856.6376342773438,1157.8680419921875,413.45501708984375,1153.447021484375,837.8348388671875,1182.775634765625,415.1687927246094,1179.0255126953125,839.431640625,775.5200805664062,368.55047607421875,789.08642578125,839.2274169921875,985.7369995117188,407.86151123046875,990.5467529296875,824.2221069335938,1044.060791015625,414.1448059082031,1044.6768798828125,830.6714477539062,1102.5233154296875,412.10498046875,1100.379638671875,836.1719970703125,1263.3426513671875,428.0362548828125,1303.6446533203125,852.6666870117188,1347.5694580078125,435.4482727050781,1410.002197265625,862.8927001953125,1440.093994140625,444.9432373046875,1421.7017822265625,864.4530029296875,1502.3758544921875,452.3240966796875,1495.9404296875,872.0617065429688,1581.1673583984375,464.0966796875,1573.16064453125,878.2109985351562,1656.0726318359375,478.9701232910156,1643.9027099609375,872.2723388671875
808.4400634765625,474.1413879394531,814.617919921875,880.1920776367188,830.3799438476562,473.85321044921875,834.7304077148438,879.7510375976562,850.3580322265625,472.49041748046875,854.0084838867188,876.5232543945312,888.7691650390625,469.4153137207031,896.749755859375,851.9354248046875,915.2562255859375,426.0543518066406,919.1721801757812,846.4827880859375,919.054931640625,394.424072265625,929.5219116210938,815.065185546875,931.5012817382812,398.6525573730469,940.7359619140625,817.7918701171875,1128.5250244140625,501.9503479003906,1130.5426025390625,891.8037719726562,1153.470458984375,498.4148254394531,1153.0948486328125,885.0755615234375,1179.756103515625,494.2048034667969,1177.9425048828125,877.7357788085938,1160.804443359375,484.4076232910156,1159.7918701171875,842.4765625,1166.8995361328125,440.4700927734375,1159.424560546875,856.7239990234375,1157.220703125,413.1799011230469,1154.2637939453125,838.0487060546875,1182.3392333984375,415.00958251953125,1180.111083984375,839.70263671875,775.0776977539062,368.0223388671875,788.6188354492188,839.4859619140625,985.7098388671875,407.66204833984375,990.511962890625,824.305419921875,1043.3232421875,413.8894348144531,1044.5098876953125,831.29296875,1102.11767578125,412.2446594238281,1100.9864501953125,836.2052001953125,1262.3311767578125,428.5101318359375,1304.73681640625,852.9356079101562,1346.3157958984375,435.2626647949219,1410.5404052734375,863.0697631835938,1439.1278076171875,444.8333740234375,1425.39794921875,864.5733642578125,1503.02685546875,452.4219665527344,1496.3175048828125,871.9600219726562,1580.891357421875,464.1085510253906,1572.8729248046875,878.0623168945312,1655.5950927734375,478.8528747558594,1643.530029296875,872.0917358398438
808.4413452148438,474.1731872558594,814.7861328125,880.3489379882812,830.4332275390625,473.9246520996094,834.9315795898438,879.9380493164062,850.2767333984375,472.58050537109375,854.09375,876.6192626953125,888.6328125,469.473388671875,896.41748046875,851.7420654296875,914.9072875976562,425.90057373046875,918.518798828125,846.47119140625,918.862548828125,394.1839904785156,929.5479125976562,814.9784545898438,931.34375,398.6167297363281,940.4880981445312,817.755615234375,1128.512451171875,502.01123046875,1129.973876953125,891.1414184570312,1153.4139404296875,498.3389587402344,1152.888916015625,884.908447265625,1179.6380615234375,494.0538635253906,1177.896240234375,877.6998291015625,1160.591552734375,484.4001159667969,1159.3997802734375,842.5194702148438,1166.5184326171875,440.3542175292969,1158.6458740234375,856.8497314453125,1156.7308349609375,413.0303039550781,1153.410888671875,838.0907592773438,1182.296875,414.7406311035156,1179.2882080078125,839.882568359375,774.576416015625,367.6760559082031,788.1776733398438,839.6970825195312,985.4530029296875,407.6841735839844,989.9754028320312,824.2724609375,1043.4991455078125,413.94561767578125,1043.6375732421875,831.2223510742188,1101.41064453125,412.5224914550781,1100.1214599609375,836.3435668945312,1261.40234375,428.3202209472656,1303.397216796875,853.23681640625,1344.91650390625,435.09503173828125,1409.5572509765625,863.2514038085938,1423.7921142578125,441.6756896972656,1422.0225830078125,865.1719360351562,1503.0416259765625,452.36724853515625,1494.94287109375,872.0067749023438,1580.51708984375,463.9497375488281,1572.1181640625,878.0806884765625,1654.9757080078125,478.7001037597656,1643.2042236328125,871.9964599609375
808.4796142578125,474.2515869140625,814.850341796875,880.2970581054688,830.4695434570312,474.0098876953125,834.8461303710938,879.8636474609375,850.3111572265625,472.54595947265625,853.9682006835938,876.6311645507812,888.4935913085938,469.2716979980469,895.4244384765625,851.3739624023438,914.472900390625,425.62139892578125,917.8156127929688,846.580078125,918.7178955078125,394.1235046386719,928.8671264648438,815.01220703125,930.9812622070312,398.56805419921875,939.6792602539062,817.6250610351562,1128.4871826171875,501.8144836425781,1130.3094482421875,891.3021240234375,1153.491455078125,498.2279052734375,1153.04296875,884.7197875976562,1179.7430419921875,494.1198425292969,1177.8834228515625,877.5299682617188,1160.4923095703125,484.7955627441406,1159.5565185546875,842.34375,1166.06884765625,440.5638427734375,1158.8619384765625,856.8645629882812,1156.2528076171875,413.18505859375,1153.8076171875,838.1854248046875,1181.718994140625,414.95635986328125,1180.0635986328125,840.127685546875,774.0316772460938,367.20220947265625,787.7042846679688,839.7171630859375,985.0726928710938,407.60565185546875,989.6898193359375,824.3457641601562,1042.53369140625,413.755859375,1043.456298828125,831.1683349609375,1101.16015625,412.42022705078125,1100.40185546875,836.3621826171875,1261.4091796875,428.2314453125,1303.3682861328125,853.3168334960938,1346.8416748046875,435.2642517089844,1406.133544921875,862.9962768554688,1438.2205810546875,444.92919921875,1420.139404296875,865.1065063476562,1502.774658203125,452.5152893066406,1491.9478759765625,871.60205078125,1581.0889892578125,463.9775085449219,1571.8994140625,877.4371337890625,1654.302001953125,478.6064758300781,1642.6934814453125,871.927734375
808.5218505859375,474.20953369140625,815.1773071289062,880.4276123046875,830.5267944335938,473.95892333984375,835.0808715820312,879.8110961914062,850.249755859375,472.5651550292969,854.2427368164062,876.421630859375,888.3363037109375,469.2434997558594,895.3723754882812,850.7376708984375,913.739501953125,425.479736328125,917.4595947265625,846.4176025390625,917.9332275390625,394.01885986328125,928.2422485351562,815.0484008789062,930.2877197265625,398.4613952636719,939.06884765625,817.610595703125,1128.478759765625,501.7860107421875,1130.1522216796875,891.092529296875,1153.416748046875,498.15496826171875,1153.289306640625,884.4784545898438,1179.7786865234375,494.05029296875,1178.0640869140625,877.4332885742188,1160.1929931640625,484.6640319824219,1159.0517578125,842.0111083984375,1165.8148193359375,440.4046630859375,1159.01171875,856.8909301757812,1155.380615234375,413.041259765625,1153.907958984375,838.346923828125,1181.2552490234375,414.7978210449219,1179.9598388671875,840.4591064453125,774.2569580078125,367.37652587890625,787.1897583007812,839.5105590820312,984.8228759765625,407.5849609375,989.7866821289062,824.365478515625,1042.11279296875,413.5755615234375,1043.3087158203125,831.0660400390625,1100.525146484375,412.4794616699219,1100.1131591796875,836.3772583007812,1260.400634765625,427.795166015625,1303.02392578125,853.413818359375,1346.1280517578125,435.0464782714844,1404.516357421875,862.9695434570312,1437.5771484375,444.75604248046875,1415.01513671875,864.6450805664062,1506.98388671875,452.9978332519531,1490.2042236328125,871.4290161132812,1580.750244140625,463.8778381347656,1570.755615234375,877.296875,1653.5445556640625,478.49310302734375,1642.2425537109375,872.0062255859375
808.554443359375,474.0372314453125,815.2623291015625,880.6171875,830.489990234375,473.9604187011719,835.0457153320312,879.9556884765625,850.132568359375,472.497802734375,854.1856689453125,876.4737548828125,887.8663330078125,469.134521484375,894.1640625,850.5025024414062,913.0130004882812,425.1835632324219,916.125,846.4850463867188,916.953857421875,394.0464782714844,926.7307739257812,815.5377807617188,929.4862060546875,398.49176025390625,937.506591796875,817.3765258789062,1128.352294921875,501.77899169921875,1130.0078125,890.9138793945312,1153.3602294921875,498.23309326171875,1153.1671142578125,884.2791748046875,1179.80517578125,493.9779357910156,1178.0445556640625,877.4540405273438,1160.11279296875,484.66619873046875,1159.1939697265625,840.337646484375,1165.2432861328125,440.6251220703125,1158.7960205078125,857.0177612304688,1154.470458984375,413.10797119140625,1153.6861572265625,838.4898681640625,1180.2933349609375,414.94451904296875,1179.774169921875,840.6489868164062,773.637939453125,367.1880798339844,786.6331176757812,839.2728271484375,984.2535400390625,407.5766296386719,988.3468017578125,824.2089233398438,1041.3333740234375,413.6722717285156,1042.0318603515625,830.890380859375,1099.4827880859375,412.4761657714844,1098.997802734375,836.4573974609375,1260.2965087890625,427.7252502441406,1302.67578125,853.6670532226562,1346.136474609375,435.1064147949219,1405.1834716796875,863.0774536132812,1438.7762451171875,444.9678955078125,1415.328857421875,864.9172973632812,1501.97216796875,452.4902038574219,1490.797607421875,871.80615234375,1579.8939208984375,463.87225341796875,1570.454833984375,877.4251098632812,1652.8663330078125,478.2692565917969,1641.736083984375,872.1002197265625
808.646484375,474.1627502441406,815.444580078125,880.8309326171875,830.53076171875,474.0032653808594,835.2658081054688,879.9843139648438,850.0626220703125,472.5644836425781,854.2914428710938,876.4165649414062,888.4744873046875,469.31439208984375,893.5323486328125,850.0557250976562,912.4944458007812,424.8240051269531,915.89013671875,846.2213134765625,916.254638671875,393.8165283203125,926.0419921875,815.5020141601562,928.6851806640625,398.2157897949219,936.7945556640625,817.3448486328125,1128.3580322265625,501.7723388671875,1130.5308837890625,891.1362915039062,1153.3330078125,498.2608947753906,1153.2152099609375,884.1868896484375,1179.7073974609375,493.9140625,1176.887939453125,877.729736328125,1159.8240966796875,484.630859375,1158.7041015625,841.7096557617188,1164.658935546875,440.6383056640625,1158.696533203125,857.0427856445312,1153.54248046875,413.33380126953125,1153.8333740234375,838.565673828125,1179.219970703125,414.9936218261719,1179.635009765625,840.9495239257812,773.1622314453125,366.8612060546875,786.3554077148438,838.9688720703125,983.6560668945312,407.7801513671875,987.6069946289062,824.31201171875,1040.982177734375,413.58074951171875,1041.2352294921875,830.8065185546875,1098.9010009765625,412.35919189453125,1098.1448974609375,836.5287475585938,1259.296875,427.46820068359375,1302.97314453125,853.9462890625,1344.7476806640625,434.7526550292969,1405.2890625,863.1192016601562,1438.841552734375,444.96600341796875,1421.137451171875,865.5635375976562,1499.9801025390625,452.2258605957031,1490.586669921875,871.80615234375,1578.410400390625,463.6238708496094,1570.1787109375,877.46240234375,1652.361328125,478.1126403808594,1641.0211181640625,871.9693603515625
808.6751098632812,474.22003173828125,815.6104125976562,881.0233154296875,830.5374145507812,474.0730285644531,835.3367919921875,880.0592041015625,850.0328979492188,472.6269226074219,854.3169555664062,876.45947265625,888.1605224609375,469.4269104003906,892.6266479492188,850.2750854492188,911.6730346679688,424.6188659667969,914.5216064453125,845.52392578125,915.795654296875,393.3244323730469,924.817138671875,815.4722290039062,928.1592407226562,397.6967468261719,936.2442626953125,817.5241088867188,1128.27490234375,501.8484802246094,1129.967041015625,890.8255615234375,1153.35009765625,498.2472839355469,1153.2381591796875,884.1066284179688,1179.6419677734375,493.874755859375,1177.0328369140625,877.4306640625,1159.8248291015625,484.79541015625,1158.132568359375,841.840087890625,1164.0604248046875,440.3804626464844,1158.4578857421875,857.1880493164062,1152.834716796875,413.1014709472656,1153.5562744140625,838.663330078125,1177.8616943359375,414.256591796875,1179.216064453125,841.1854248046875,772.6455688476562,366.806640625,785.7225341796875,838.8648681640625,983.06494140625,407.6236877441406,986.1773681640625,824.2855224609375,1040.2784423828125,413.6418762207031,1040.7322998046875,830.3054809570312,1097.9881591796875,411.9944763183594,1097.4326171875,835.7833251953125,1258.31982421875,427.148193359375,1268.9056396484375,848.611572265625,1343.4290771484375,435.00628662109375,1403.5408935546875,863.5087890625,1437.5740966796875,444.5704650878906,1421.63330078125,865.81005859375,1499.7281494140625,452.18365478515625,1490.0445556640625,871.86181640625,1577.8792724609375,463.56500244140625,1569.6646728515625,877.4195556640625,1651.857666015625,478.13433837890625,1640.5908203125,871.8463134765625
808.714599609375,474.3437805175781,815.8427124023438,881.262451171875,830.5769653320312,474.09722900390625,835.4238891601562,880.1460571289062,850.02490234375,472.6435852050781,854.3953857421875,876.52978515625,887.9728393554688,469.40594482421875,893.1047973632812,850.0396118164062,911.0997924804688,424.3304748535156,915.0280151367188,845.4242553710938,915.374267578125,393.2215881347656,925.0733642578125,815.372314453125,927.5526123046875,397.4353942871094,936.5664672851562,817.541015625,1128.33251953125,501.7429504394531,1130.2169189453125,890.859130859375,1153.26123046875,498.1073913574219,1153.4793701171875,884.0770263671875,1179.58154296875,493.717041015625,1178.10986328125,876.7108764648438,1159.7501220703125,484.8596496582031,1157.97216796875,841.6846923828125,1163.1904296875,440.3159484863281,1158.292236328125,857.1976928710938,1152.0145263671875,413.25567626953125,1153.307373046875,838.8499755859375,1177.2449951171875,414.2569580078125,1180.3385009765625,842.1994018554688,772.2595825195312,366.6134033203125,785.2227172851562,838.5738525390625,982.6981811523438,407.52880859375,986.5053100585938,824.152587890625,1039.67626953125,413.5449523925781,1040.2108154296875,830.8575439453125,1097.2735595703125,411.8810119628906,1097.41748046875,835.8208618164062,1257.9127197265625,426.9764404296875,1268.817138671875,849.3119506835938,1340.9129638671875,434.6090393066406,1403.9024658203125,863.902587890625,1427.538818359375,442.27130126953125,1421.1116943359375,865.8883056640625,1499.059814453125,452.1064147949219,1490.9075927734375,872.1514892578125,1577.5213623046875,463.4949035644531,1569.8323974609375,877.5994262695312,1651.4061279296875,478.2156982421875,1640.236572265625,871.9050903320312
808.6766967773438,474.3696594238281,816.046875,881.4373168945312,830.5165405273438,474.0640563964844,835.5469970703125,880.2439575195312,850.0402221679688,472.5953063964844,854.515625,876.6609497070312,887.8889770507812,469.3118591308594,892.8333129882812,849.9150390625,912.3596801757812,424.31201171875,914.557861328125,845.3714599609375,915.244384765625,393.0165100097656,924.6971435546875,815.314697265625,927.3234252929688,397.2342834472656,936.466552734375,817.8888549804688,1128.39404296875,501.73968505859375,1130.0213623046875,890.66064453125,1153.3409423828125,498.0776672363281,1153.169677734375,884.1323852539062,1179.4595947265625,493.61212158203125,1177.4222412109375,877.0210571289062,1159.6790771484375,484.85284423828125,1157.3629150390625,841.6702880859375,1163.0848388671875,440.4219055175781,1159.071533203125,856.9431762695312,1151.6922607421875,413.2108459472656,1154.5963134765625,838.98388671875,1177.07568359375,414.3890686035156,1182.030517578125,842.6836547851562,771.8930053710938,366.29974365234375,784.7545166015625,838.4675903320312,982.5022583007812,407.54827880859375,986.1820068359375,824.1219482421875,1039.0751953125,414.29156494140625,1040.3577880859375,830.9901733398438,1096.71728515625,411.6997985839844,1097.7042236328125,836.8086547851562,1258.064697265625,426.88751220703125,1269.150146484375,849.7329711914062,1341.52294921875,434.6181640625,1400.2529296875,863.7032470703125,1427.154052734375,442.151611328125,1421.31298828125,866.1689453125,1499.433349609375,452.0284423828125,1490.7088623046875,872.4159545898438,1577.3575439453125,463.5279846191406,1569.3314208984375,877.6826171875,1651.006591796875,478.23345947265625,1639.740478515625,871.907958984375
808.7584838867188,474.3835144042969,816.164306640625,881.63330078125,830.5648193359375,473.9827575683594,835.7572631835938,880.3681640625,850.1094360351562,472.5955810546875,854.7089233398438,876.706787109375,887.9025268554688,469.30255126953125,895.0418701171875,847.9931030273438,912.2936401367188,424.22918701171875,915.0338745117188,845.3758544921875,915.1224975585938,392.72308349609375,925.3062133789062,815.4816284179688,927.2957153320312,397.01763916015625,936.9246215820312,817.9646606445312,1128.3543701171875,501.7524719238281,1130.080810546875,890.60302734375,1153.258544921875,498.104736328125,1153.4329833984375,884.2186279296875,1179.4644775390625,493.57208251953125,1177.4237060546875,876.9819946289062,1159.7122802734375,484.7164611816406,1157.5927734375,841.8701782226562,1162.734619140625,440.2983703613281,1158.4189453125,857.276123046875,1151.356201171875,413.0908508300781,1153.775390625,839.072998046875,1176.6578369140625,414.16107177734375,1181.1602783203125,842.4971923828125,771.4639282226562,365.786376953125,784.5767822265625,838.34912109375,982.864990234375,407.7157287597656,986.4173583984375,824.138671875,1039.1697998046875,414.3282165527344,1040.1341552734375,830.969482421875,1096.7154541015625,411.8591003417969,1097.430908203125,836.0509643554688,1257.7938232421875,426.60931396484375,1268.446533203125,849.7117309570312,1342.3125,434.5467834472656,1402.9495849609375,864.0831298828125,1427.9967041015625,442.1675109863281,1422.695068359375,866.3223266601562,1499.9132080078125,452.1849670410156,1492.0400390625,872.4814453125,1577.1845703125,463.5115051269531,1569.2877197265625,877.7528076171875,1650.5086669921875,478.2635498046875,1639.432373046875,871.9143676757812
808.7742919921875,474.44232177734375,815.9929809570312,881.5328369140625,830.5585327148438,473.8972473144531,835.7203369140625,880.2938232421875,849.9826049804688,472.6045227050781,854.7264404296875,876.8067016601562,887.7915649414062,469.33282470703125,893.157958984375,849.865234375,912.14306640625,424.0264587402344,914.9938354492188,845.24755859375,915.1196899414062,392.5352478027344,925.01904296875,815.5301513671875,927.196533203125,396.8716125488281,936.6322021484375,818.0006713867188,1128.48486328125,501.72735595703125,1130.12255859375,890.5401000976562,1153.2952880859375,498.0174255371094,1153.4049072265625,884.1173095703125,1179.464599609375,493.6315612792969,1177.6697998046875,876.7958374023438,1159.7230224609375,484.6412658691406,1157.553466796875,841.6775512695312,1162.511474609375,440.29229736328125,1158.6845703125,857.222412109375,1151.0997314453125,413.22021484375,1153.96630859375,839.1007690429688,1176.359619140625,414.21881103515625,1181.244384765625,842.3126220703125,771.193603515625,365.2093200683594,784.3750610351562,838.1378173828125,982.5848388671875,407.5379638671875,986.4046020507812,824.1244506835938,1038.78759765625,414.2845764160156,1040.130859375,831.0400390625,1096.376708984375,411.7374572753906,1097.457763671875,836.9820556640625,1256.83203125,426.4386901855469,1268.07568359375,849.9503173828125,1340.625244140625,434.3005065917969,1403.85791015625,864.2218017578125,1426.2225341796875,442.01580810546875,1422.595947265625,866.2431640625,1499.0068359375,451.92376708984375,1491.3936767578125,872.510498046875,1577.0457763671875,463.5535888671875,1569.1793212890625,877.6444091796875,1650.0816650390625,478.1446533203125,1639.1737060546875,871.8395385742188
808.8460083007812,474.4869079589844,816.4608764648438,881.6979370117188,830.6575927734375,473.91522216796875,836.1276245117188,880.3047485351562,850.0907592773438,472.62744140625,854.9121704101562,876.7296142578125,887.816162109375,469.2821960449219,895.1610107421875,847.822998046875,911.8050537109375,424.106201171875,914.8108520507812,845.0418090820312,914.80712890625,392.6287536621094,924.879638671875,815.3373413085938,926.8589477539062,396.8393249511719,936.3264770507812,817.8071899414062,1128.470703125,501.66632080078125,1129.87060546875,890.4110717773438,1153.350830078125,498.0755310058594,1153.4300537109375,884.2633666992188,1179.531005859375,493.6128845214844,1177.7686767578125,876.3381958007812,1159.82861328125,484.5301208496094,1157.190185546875,841.48486328125,1161.693115234375,440.0763854980469,1158.8533935546875,856.9963989257812,1150.4097900390625,413.0163269042969,1153.8994140625,839.0062255859375,1175.479736328125,414.00189208984375,1180.2420654296875,841.4146118164062,771.0827026367188,364.852294921875,784.1823120117188,837.9092407226562,982.31494140625,407.4687194824219,985.8935546875,824.0009765625,1038.61669921875,414.50390625,1038.952392578125,830.888427734375,1096.3260498046875,411.9639892578125,1097.0689697265625,836.0678100585938,1256.1436767578125,426.33184814453125,1268.3223876953125,849.4346923828125,1340.3394775390625,434.3129577636719,1399.2537841796875,863.826171875,1422.7723388671875,441.4297790527344,1422.5675048828125,866.28173828125,1499.0255126953125,451.9772033691406,1491.64111328125,872.60595703125,1576.8218994140625,463.5150146484375,1569.0869140625,877.79052734375,1649.90087890625,478.0560302734375,1639.13232421875,871.812255859375
808.8565673828125,474.3717041015625,816.4625244140625,881.7218017578125,830.6580200195312,473.8547058105469,836.2991333007812,880.2284545898438,850.0216064453125,472.68817138671875,855.17333984375,876.7254638671875,887.748046875,469.3597717285156,893.2559204101562,849.6223754882812,911.7902221679688,424.0589294433594,914.98583984375,845.2865600585938,914.92041015625,392.4199523925781,925.3661499023438,815.3756103515625,926.9832763671875,396.8227844238281,936.8836059570312,817.8789672851562,1128.4124755859375,501.7398986816406,1129.950927734375,890.4622802734375,1153.390380859375,498.10858154296875,1153.427734375,884.3439331054688,1179.4913330078125,493.6974182128906,1177.9842529296875,876.2115478515625,1159.64599609375,484.63623046875,1157.4627685546875,841.3385009765625,1162.0252685546875,440.2437744140625,1159.4161376953125,856.9002685546875,1150.4598388671875,413.2293395996094,1154.1275634765625,838.9370727539062,1175.667724609375,414.2230224609375,1180.08349609375,841.247802734375,770.9169311523438,364.5498352050781,783.997802734375,837.685791015625,982.3870239257812,407.7097473144531,986.25439453125,824.0823974609375,1038.4007568359375,414.26422119140625,1039.0335693359375,830.8590698242188,1095.859619140625,411.8019104003906,1097.232421875,836.0369262695312,1256.2181396484375,426.5165710449219,1268.6402587890625,849.33447265625,1339.9249267578125,434.27691650390625,1403.9920654296875,864.0006713867188,1426.1507568359375,441.8188781738281,1453.6865234375,868.5686645507812,1499.59521484375,452.20635986328125,1491.7581787109375,872.4318237304688,1576.9061279296875,463.6236877441406,1568.6937255859375,877.6979370117188,1649.71044921875,478.1188659667969,1638.8397216796875,871.9713134765625
808.9210205078125,474.4028015136719,816.5228271484375,881.7706909179688,830.7300415039062,473.8979187011719,836.3286743164062,880.2548217773438,850.1444702148438,472.7305908203125,855.1071166992188,876.7984008789062,887.8692626953125,469.494384765625,892.5990600585938,849.4999389648438,911.4793090820312,424.0260925292969,914.1019287109375,845.1585693359375,914.6665649414062,392.49298095703125,925.07763671875,815.3190307617188,926.7861328125,396.7942810058594,936.4766235351562,817.9007568359375,1128.4471435546875,501.7352600097656,1129.90576171875,890.5858764648438,1153.361328125,498.1756591796875,1153.44970703125,884.3529663085938,1179.5206298828125,493.7607116699219,1178.11474609375,876.160888671875,1159.55322265625,484.75048828125,1157.5648193359375,841.19140625,1161.712646484375,440.67584228515625,1159.4395751953125,856.884033203125,1150.199462890625,413.41424560546875,1154.0753173828125,838.90087890625,1175.4315185546875,414.3271789550781,1179.590576171875,840.7722778320312,770.9296875,364.3345642089844,783.7066040039062,837.6322021484375,981.6829833984375,407.627197265625,985.8086547851562,824.113525390625,1038.259521484375,414.5428771972656,1039.0224609375,830.9962158203125,1097.2198486328125,411.9923095703125,1097.3380126953125,835.968017578125,1256.19482421875,426.5088195800781,1268.2039794921875,850.0344848632812,1340.652587890625,434.3948669433594,1399.1273193359375,863.103271484375,1426.37548828125,441.9974670410156,1453.5213623046875,868.2879638671875,1499.2882080078125,452.0844421386719,1489.7237548828125,872.3029174804688,1576.77978515625,463.5650329589844,1568.504150390625,877.7435302734375,1649.5499267578125,478.19036865234375,1638.679931640625,871.9752807617188
809.0433349609375,474.3916015625,816.989013671875,881.9619140625,830.8179931640625,473.8919677734375,836.6788940429688,880.2847900390625,850.1873779296875,472.7885437011719,855.3895263671875,876.8129272460938,887.9555053710938,469.6155700683594,892.840087890625,849.3812866210938,911.3156127929688,424.03973388671875,914.1987915039062,845.0932006835938,914.6178588867188,392.5503845214844,924.77197265625,815.3485717773438,926.5802612304688,396.92047119140625,936.2442016601562,817.8504028320312,1128.42041015625,501.7978515625,1129.911376953125,890.4583740234375,1153.38232421875,498.21343994140625,1153.4649658203125,884.2456665039062,1179.5703125,493.7505798339844,1178.5450439453125,875.7280883789062,1159.6243896484375,484.68035888671875,1157.89990234375,840.9489135742188,1161.650390625,440.7669982910156,1158.16748046875,857.044677734375,1150.1859130859375,413.51776123046875,1152.1441650390625,838.6951904296875,1175.48681640625,414.435302734375,1177.057373046875,839.46142578125,770.9022216796875,364.0373840332031,783.5012817382812,837.5233764648438,981.4010009765625,407.5867614746094,985.1459350585938,824.2086181640625,1038.0609130859375,414.3717041015625,1038.3135986328125,830.9586181640625,1095.6748046875,411.9727478027344,1096.3565673828125,836.0143432617188,1255.9439697265625,426.5756530761719,1267.472412109375,851.5702514648438,1342.4263916015625,434.5917053222656,1398.7132568359375,862.9139404296875,1428.189453125,442.114013671875,1413.2059326171875,865.0756225585938,1500.8135986328125,452.5483703613281,1490.4307861328125,872.1657104492188,1577.075439453125,463.5634765625,1568.48828125,877.7352905273438,1649.333984375,478.1485290527344,1638.5552978515625,872.052490234375
809.0016479492188,474.37969970703125,817.0463256835938,881.9188232421875,830.8502197265625,473.8733825683594,836.6983642578125,880.1785888671875,850.1453247070312,472.91412353515625,855.266845703125,876.8755493164062,887.8341064453125,469.73565673828125,892.7861328125,849.3240966796875,911.0963745117188,424.162353515625,914.2623291015625,845.2432861328125,914.4136962890625,392.70660400390625,924.1800537109375,814.7759399414062,926.5743408203125,397.0992126464844,935.8502807617188,817.8675537109375,1128.370849609375,501.7808837890625,1130.1201171875,890.1119995117188,1153.4296875,498.25640869140625,1153.4559326171875,884.1549682617188,1179.5513916015625,493.78375244140625,1178.37939453125,876.1746215820312,1159.5699462890625,484.75311279296875,1157.9315185546875,840.9444580078125,1161.3541259765625,440.8691101074219,1157.6878662109375,857.302001953125,1149.59619140625,413.6917419433594,1151.3509521484375,838.8216552734375,1174.97119140625,414.5812683105469,1175.9515380859375,839.7022094726562,770.7495727539062,364.1244201660156,783.4892578125,837.5789184570312,981.2882690429688,407.86517333984375,984.95849609375,824.2301025390625,1038.05029296875,414.6466064453125,1038.33642578125,831.0880737304688,1097.14013671875,412.12640380859375,1096.1728515625,836.0592651367188,1256.1270751953125,426.8255920410156,1265.2510986328125,851.3671264648438,1343.16259765625,434.7983093261719,1397.9423828125,862.9503784179688,1428.631103515625,442.57794189453125,1412.677978515625,864.7351684570312,1500.47021484375,452.63006591796875,1489.7828369140625,872.2312622070312,1576.990966796875,463.606689453125,1568.4903564453125,877.6577758789062,1649.0887451171875,478.0271301269531,1638.4117431640625,872.2847900390625
809.046142578125,474.3921203613281,816.919677734375,882.0252075195312,830.8756103515625,473.94189453125,836.705810546875,880.28076171875,850.2243041992188,473.03338623046875,855.3264770507812,876.8640747070312,887.874267578125,470.03131103515625,892.982666015625,849.3914184570312,910.699951171875,424.2268981933594,914.4281616210938,845.3711547851562,914.3286743164062,392.7242126464844,923.9867553710938,814.878662109375,926.160400390625,397.0772399902344,934.9483032226562,817.4775390625,1128.3499755859375,501.7633056640625,1130.3798828125,890.1673583984375,1153.445556640625,498.2942810058594,1153.6107177734375,884.2003173828125,1179.5098876953125,493.7781677246094,1178.289794921875,876.296630859375,1159.610107421875,484.7288818359375,1157.380859375,840.887939453125,1160.93212890625,440.96014404296875,1157.871826171875,857.1959228515625,1150.093017578125,413.8466491699219,1151.194091796875,838.7810668945312,1174.71923828125,414.478271484375,1175.4261474609375,839.6443481445312,770.4799194335938,364.22625732421875,783.2450561523438,837.6714477539062,980.5950927734375,407.8846130371094,985.0789184570312,824.4603271484375,1037.60400390625,414.5647888183594,1038.699951171875,831.2904663085938,1096.9232177734375,412.27447509765625,1096.2115478515625,836.2196655273438,1254.9742431640625,426.8082275390625,1264.375244140625,851.3613891601562,1341.3048095703125,434.79364013671875,1397.467041015625,862.8250122070312,1427.9547119140625,442.4950866699219,1412.8642578125,864.671630859375,1500.7967529296875,452.6164245605469,1485.48583984375,871.4672241210938,1577.09619140625,463.5613708496094,1568.0052490234375,877.6329956054688,1648.8671875,477.9195556640625,1638.199951171875,872.2777709960938
808.9915161132812,474.4858093261719,816.6990966796875,882.2234497070312,830.7919921875,473.9714050292969,836.5816040039062,880.3998413085938,850.1461181640625,473.1300048828125,855.3040161132812,876.842041015625,887.5582275390625,470.387939453125,892.8101806640625,849.0026245117188,910.205078125,424.3656311035156,913.8053588867188,845.508056640625,913.5126342773438,393.2725524902344,923.5728759765625,815.0086059570312,925.4609985351562,397.41015625,934.5997924804688,817.5814208984375,1128.315673828125,501.747314453125,1130.7645263671875,889.8319702148438,1153.4945068359375,498.3406677246094,1153.9122314453125,884.1220092773438,1179.4912109375,493.8345642089844,1178.62353515625,876.2390747070312,1159.7518310546875,484.9435729980469,1156.8580322265625,840.6078491210938,1160.6309814453125,441.42474365234375,1156.6229248046875,857.2520751953125,1149.7952880859375,414.19091796875,1149.7589111328125,839.2318115234375,1174.497802734375,414.8122253417969,1172.9381103515625,839.7471313476562,770.0428466796875,364.76470947265625,782.9261474609375,837.7179565429688,979.9886474609375,407.60406494140625,984.0086669921875,824.5525512695312,1037.1953125,414.8441162109375,1038.6885986328125,830.9805297851562,1096.361572265625,412.6639404296875,1094.8585205078125,836.2202758789062,1255.3643798828125,427.17730712890625,1263.36865234375,851.5625610351562,1341.949462890625,434.8789367675781,1397.771728515625,863.1424560546875,1429.021728515625,442.56103515625,1421.39404296875,865.7368774414062,1500.7333984375,452.8026123046875,1485.258544921875,871.5543823242188,1577.0238037109375,463.5194396972656,1568.3548583984375,877.7177734375,1648.4486083984375,477.735595703125,1638.0120849609375,872.4103393554688
809.0445556640625,474.437744140625,816.8956909179688,882.3458862304688,830.8214721679688,474.0901184082031,836.5596313476562,880.588134765625,850.132568359375,473.28314208984375,855.3115844726562,876.8424682617188,887.4711303710938,470.6598205566406,892.4996337890625,848.7880249023438,909.9415893554688,424.5445556640625,913.651611328125,845.51513671875,913.5972290039062,393.54290771484375,923.7818603515625,815.1974487304688,925.2243041992188,397.7320861816406,934.7264404296875,817.769775390625,1128.180419921875,501.6855773925781,1130.7911376953125,889.8907470703125,1153.4771728515625,498.3474426269531,1153.7034912109375,884.1995849609375,1179.469970703125,493.6532897949219,1178.373046875,876.5966186523438,1159.7119140625,485.3125915527344,1156.871337890625,841.0640258789062,1160.0867919921875,441.75439453125,1156.5233154296875,857.4661865234375,1150.0648193359375,414.1986999511719,1149.507080078125,839.4595336914062,1174.9149169921875,415.0328369140625,1172.587646484375,840.03076171875,769.694091796875,365.064208984375,782.559814453125,837.8220825195312,979.5205688476562,408.0238952636719,983.9486083984375,824.5868530273438,1036.697021484375,414.9244689941406,1038.8922119140625,831.0574340820312,1095.76123046875,413.10137939453125,1095.1143798828125,836.3378295898438,1254.77001953125,427.140869140625,1262.99169921875,852.040283203125,1340.5982666015625,434.7615661621094,1397.7894287109375,863.5111694335938,1428.2745361328125,442.41766357421875,1410.5997314453125,864.1885986328125,1501.5347900390625,452.9579772949219,1484.7789306640625,871.6395874023438,1576.951904296875,463.6004638671875,1567.8502197265625,877.775390625,1647.860107421875,477.6431884765625,1637.64306640625,872.2254028320312
808.955078125,474.4747009277344,817.177490234375,882.5999145507812,830.7306518554688,474.1412658691406,836.7391357421875,880.6505737304688,850.1072998046875,473.3664855957031,855.3626098632812,876.819580078125,887.184814453125,470.9520263671875,892.4155883789062,848.6870727539062,909.4405517578125,424.348876953125,913.6044921875,845.5043334960938,912.88525390625,393.9453125,923.4283447265625,815.140869140625,924.0752563476562,398.0816650390625,934.3131103515625,817.6770629882812,1128.1673583984375,501.7204895019531,1131.15380859375,889.7193603515625,1153.3817138671875,498.36212158203125,1153.764404296875,884.3082885742188,1179.3861083984375,493.7989807128906,1178.1480712890625,876.599609375,1159.6387939453125,485.1552734375,1156.8568115234375,841.2545776367188,1159.6331787109375,442.0725402832031,1155.8941650390625,857.7106323242188,1149.47705078125,414.6606750488281,1148.9949951171875,839.76416015625,1174.4637451171875,415.28546142578125,1171.938232421875,840.52392578125,768.9569702148438,365.64947509765625,782.7960815429688,837.99267578125,979.50390625,408.47344970703125,983.1788940429688,823.8334350585938,1036.3001708984375,415.0146179199219,1038.4527587890625,831.017333984375,1095.11572265625,413.6523742675781,1094.3585205078125,836.3773193359375,1255.272216796875,427.2942199707031,1259.82177734375,852.0879516601562,1341.3035888671875,434.85699462890625,1391.4853515625,863.158447265625,1429.0506591796875,442.4759826660156,1408.9034423828125,864.2503051757812,1502.1976318359375,453.1490783691406,1482.591064453125,871.7723388671875,1576.80126953125,463.4935302734375,1567.66455078125,877.7223510742188,1647.4571533203125,477.5874938964844,1637.019775390625,872.28125
808.885986328125,474.475341796875,816.90234375,882.5845947265625,830.6920776367188,474.2167663574219,836.3448486328125,880.794677734375,850.0293579101562,473.49169921875,854.9150390625,876.8827514648438,886.7325439453125,471.302734375,892.3788452148438,848.5574340820312,909.0289916992188,424.81341552734375,912.940185546875,845.2943115234375,912.5809326171875,394.0076904296875,922.945068359375,815.0861206054688,923.71044921875,398.140869140625,933.6576538085938,817.574951171875,1128.217529296875,501.6357116699219,1131.404052734375,889.697998046875,1153.32080078125,498.29229736328125,1154.0289306640625,884.2327880859375,1179.3438720703125,493.9215393066406,1178.2296142578125,876.2596435546875,1159.58642578125,485.61187744140625,1156.2637939453125,840.62158203125,1159.0341796875,442.2957763671875,1155.261474609375,857.5946044921875,1148.77001953125,415.05133056640625,1148.651611328125,839.9263305664062,1173.2138671875,415.3998718261719,1171.4041748046875,840.6317749023438,768.4002685546875,365.968505859375,782.0240478515625,837.920654296875,978.74365234375,408.7018737792969,982.8369140625,823.869140625,1035.873046875,415.2252197265625,1038.367431640625,830.9711303710938,1094.4212646484375,413.7289733886719,1094.1361083984375,836.4551391601562,1254.3736572265625,427.2174377441406,1258.2210693359375,852.4639282226562,1338.66943359375,434.5459289550781,1390.8900146484375,863.4002075195312,1425.681640625,442.3338317871094,1408.71044921875,864.5823364257812,1501.2908935546875,452.9870300292969,1482.900146484375,871.8074340820312,1576.50537109375,463.60174560546875,1567.2613525390625,877.7214965820312,1647.0106201171875,477.2538146972656,1636.5355224609375,871.9026489257812
808.9705200195312,474.4576110839844,817.0960693359375,882.7211303710938,830.7100219726562,474.34051513671875,836.2156982421875,880.8616943359375,849.9351806640625,473.5103454589844,854.6978759765625,876.898681640625,886.5665283203125,471.5501708984375,891.9730224609375,848.5789184570312,908.2359619140625,425.0682678222656,912.49609375,845.4769287109375,911.9566040039062,393.80340576171875,922.1385498046875,815.052001953125,923.3612670898438,398.12158203125,932.600830078125,817.477783203125,1127.99560546875,501.6431579589844,1131.4375,889.6905517578125,1153.11376953125,498.2528991699219,1153.9427490234375,884.19580078125,1179.235107421875,493.9676513671875,1178.0638427734375,876.41015625,1159.269287109375,485.6683044433594,1155.651123046875,840.37060546875,1158.49755859375,442.57696533203125,1155.29052734375,857.6680297851562,1147.99658203125,415.4405212402344,1148.4952392578125,840.0383911132812,1172.231689453125,415.5147705078125,1172.53759765625,840.4287109375,767.708740234375,366.496826171875,781.3272094726562,837.7532958984375,978.2594604492188,408.87762451171875,982.3367919921875,823.8565673828125,1035.0150146484375,415.2523193359375,1038.177978515625,831.0353393554688,1093.5869140625,413.99444580078125,1094.171875,836.4536743164062,1253.5528564453125,427.26654052734375,1256.3555908203125,851.9849853515625,1338.5736083984375,434.6543884277344,1391.60791015625,863.6701049804688,1424.3770751953125,442.27484130859375,1407.3935546875,864.6747436523438,1499.9051513671875,452.7227478027344,1482.6961669921875,871.9074096679688,1572.943603515625,463.1307678222656,1567.2647705078125,877.8336791992188,1646.2860107421875,477.27972412109375,1636.1282958984375,871.9475708007812
808.838623046875,474.4347229003906,816.9203491210938,882.6102905273438,830.6411743164062,474.32080078125,835.833984375,880.8553466796875,849.896240234375,473.5706481933594,854.0611572265625,876.9080810546875,886.2866821289062,471.6556091308594,890.8609619140625,848.7734985351562,907.7090454101562,425.46142578125,912.035400390625,845.5486450195312,911.8313598632812,393.6659851074219,921.8912963867188,815.2135620117188,923.0723876953125,397.9672546386719,932.2227783203125,817.5272216796875,1128.0091552734375,501.55706787109375,1131.44140625,889.9368896484375,1153.06884765625,498.2183532714844,1153.8634033203125,884.3106079101562,1179.6529541015625,493.7025146484375,1177.6988525390625,876.0716552734375,1159.2418212890625,485.93634033203125,1155.16259765625,840.7564697265625,1158.15625,442.9576721191406,1154.61328125,857.839599609375,1147.571533203125,415.90740966796875,1147.8497314453125,840.4633178710938,1171.936767578125,415.66748046875,1171.5140380859375,841.0722045898438,766.9172973632812,366.5021057128906,780.6058959960938,837.5158081054688,978.0233764648438,409.1746826171875,982.0386962890625,823.8699340820312,1035.0281982421875,415.68658447265625,1037.8697509765625,830.9503784179688,1093.4813232421875,414.4902038574219,1093.99560546875,836.4002075195312,1252.10400390625,427.1553955078125,1255.551513671875,852.4259033203125,1336.29541015625,434.5727233886719,1390.350830078125,863.6161499023438,1422.340087890625,442.02081298828125,1406.4403076171875,864.6546630859375,1499.5218505859375,452.6541748046875,1481.9896240234375,871.889404296875,1572.620361328125,462.99542236328125,1564.8389892578125,876.9078979492188,1645.377685546875,477.2634582519531,1635.5255126953125,872.1605224609375
808.9042358398438,474.4246520996094,816.8554077148438,882.578857421875,830.6581420898438,474.39849853515625,835.5092163085938,880.849365234375,849.3925170898438,473.24267578125,853.335205078125,877.0943603515625,886.1171875,471.5447692871094,889.765380859375,848.6433715820312,907.0216674804688,425.502685546875,911.7214965820312,844.3588256835938,911.2303466796875,393.0223388671875,919.8148803710938,815.0079956054688,921.940185546875,398.00958251953125,929.889404296875,817.3173828125,1127.886474609375,501.64825439453125,1131.3695068359375,889.7418823242188,1153.04150390625,498.28631591796875,1153.883056640625,884.0432739257812,1179.5118408203125,493.6944580078125,1177.5765380859375,876.4183349609375,1158.992431640625,486.2471008300781,1155.274658203125,840.683349609375,1157.0360107421875,443.218017578125,1153.41357421875,857.6690673828125,1146.352294921875,416.3173522949219,1146.9703369140625,840.2802124023438,1170.8863525390625,416.2454833984375,1170.294189453125,840.7347412109375,766.5161743164062,366.26904296875,780.0550537109375,837.473388671875,977.0743408203125,408.9090576171875,980.7037353515625,823.5051879882812,1034.3203125,415.8638000488281,1035.984375,830.7178955078125,1092.8856201171875,414.91754150390625,1092.4771728515625,836.1062622070312,1251.6285400390625,426.9993591308594,1253.5352783203125,852.3577270507812,1335.3380126953125,434.41217041015625,1328.404296875,856.3432006835938,1421.84228515625,442.0558776855469,1407.30078125,864.5067749023438,1498.744873046875,452.6654968261719,1481.21630859375,871.8552856445312,1571.8104248046875,462.9385070800781,1563.77197265625,876.8219604492188,1644.7694091796875,477.2601318359375,1634.7869873046875,872.3442993164062
810.1051025390625,475.2217102050781,817.0681762695312,882.6637573242188,830.6773071289062,474.41644287109375,835.4867553710938,880.855224609375,849.8753662109375,473.6553039550781,853.0001220703125,877.1709594726562,886.0582885742188,471.5262145996094,888.95263671875,848.4869995117188,906.3037109375,425.2641296386719,911.2347412109375,844.2393188476562,910.597900390625,392.5594787597656,919.3566284179688,814.8755493164062,921.3402709960938,397.58807373046875,929.6843872070312,817.376220703125,1127.9578857421875,501.72332763671875,1131.38330078125,889.9393310546875,1153.0330810546875,498.3170471191406,1153.771240234375,883.959716796875,1179.4609375,493.85858154296875,1177.599365234375,876.6622314453125,1158.72900390625,486.07037353515625,1155.907958984375,840.4882202148438,1156.769287109375,443.103759765625,1152.6376953125,857.6082763671875,1145.6451416015625,416.9364318847656,1146.1566162109375,840.0238647460938,1170.377685546875,416.6445617675781,1168.977783203125,840.51904296875,765.8372192382812,365.9332580566406,779.4268798828125,837.403076171875,976.1212768554688,408.5386657714844,980.3294067382812,823.4528198242188,1033.6868896484375,416.25860595703125,1035.96142578125,830.9695434570312,1092.240234375,415.49554443359375,1092.3819580078125,836.2552490234375,1251.3807373046875,426.80316162109375,1251.525390625,852.4854125976562,1333.36376953125,434.3643493652344,1328.3037109375,856.1478271484375,1421.6319580078125,442.1347961425781,1407.921142578125,864.68310546875,1496.4742431640625,452.25445556640625,1481.8494873046875,872.0288696289062,1570.492919921875,462.824462890625,1563.7867431640625,876.9935913085938,1644.0498046875,477.1370849609375,1634.1275634765625,872.5742797851562
810.0858154296875,475.171875,817.1239013671875,882.8704833984375,830.60205078125,474.3139953613281,835.3903198242188,880.8885498046875,849.339599609375,473.3202819824219,852.8179931640625,877.1551513671875,885.8045043945312,471.5710754394531,888.4631958007812,848.18896484375,905.7890625,425.0849914550781,910.529296875,844.13671875,909.7037963867188,392.5197448730469,918.7643432617188,814.84130859375,920.8727416992188,397.73193359375,929.22021484375,817.4215698242188,1127.95849609375,501.7317199707031,1131.1341552734375,890.0493774414062,1153.1636962890625,498.35479736328125,1153.6478271484375,883.983642578125,1179.362548828125,493.9776306152344,1177.175048828125,877.102294921875,1158.48486328125,486.080810546875,1155.1142578125,840.8556518554688,1156.0999755859375,443.48077392578125,1151.4793701171875,857.6461181640625,1145.0281982421875,417.7618408203125,1143.7396240234375,839.6227416992188,1169.6116943359375,417.0123596191406,1166.4833984375,840.1828002929688,765.0050659179688,365.7434387207031,778.6639404296875,837.3130493164062,975.5367431640625,408.3966064453125,979.4419555664062,823.4336547851562,1033.267822265625,416.58514404296875,1035.5980224609375,831.0757446289062,1091.4554443359375,415.99359130859375,1091.1915283203125,836.0972900390625,1250.7724609375,426.7638244628906,1248.9996337890625,852.079833984375,1331.6285400390625,434.0095520019531,1323.6326904296875,856.41259765625,1420.03173828125,441.7138977050781,1408.141357421875,865.2593383789062,1495.369384765625,452.15032958984375,1481.4599609375,872.0432739257812,1569.6944580078125,462.7297058105469,1563.659912109375,877.1685791015625,1643.4429931640625,476.978515625,1633.1273193359375,872.551513671875
810.0653076171875,475.29364013671875,817.2132568359375,883.0343017578125,830.671630859375,474.24700927734375,835.4519653320312,880.9432373046875,849.2833251953125,473.27178955078125,852.8065795898438,877.1504516601562,885.7738647460938,471.39044189453125,888.0594482421875,847.9894409179688,905.0728149414062,424.942138671875,910.388427734375,844.0584716796875,909.1388549804688,392.37396240234375,918.7171630859375,815.0211791992188,920.8699951171875,397.3560485839844,929.1613159179688,817.5504150390625,1127.9267578125,501.852783203125,1131.50146484375,890.0999145507812,1153.1971435546875,498.2920837402344,1153.395263671875,884.2196655273438,1179.20947265625,494.04547119140625,1176.7353515625,876.88427734375,1158.2352294921875,486.2279357910156,1155.36669921875,840.79541015625,1155.4144287109375,443.3703918457031,1150.803955078125,857.8532104492188,1144.624267578125,417.90460205078125,1142.949462890625,839.4721069335938,1168.5545654296875,417.0060729980469,1166.9442138671875,839.9353637695312,764.3204956054688,365.35272216796875,778.1224365234375,837.6160278320312,974.7533569335938,408.1344299316406,979.38427734375,823.5369873046875,1031.75927734375,415.35284423828125,1035.843017578125,831.2501220703125,1090.5325927734375,415.9661865234375,1091.12451171875,836.05126953125,1249.1324462890625,426.5863952636719,1246.6234130859375,851.8340454101562,1331.1798095703125,433.783935546875,1324.009765625,856.3206787109375,1417.8917236328125,441.19793701171875,1407.712158203125,864.8323974609375,1492.38525390625,451.4551696777344,1483.343017578125,872.2667236328125,1569.08837890625,462.78448486328125,1564.184326171875,877.4424438476562,1643.0638427734375,476.951171875,1632.3800048828125,872.4022216796875
810.3004760742188,475.2392883300781,817.0925903320312,883.2389526367188,830.7591552734375,474.277099609375,835.2660522460938,881.0540161132812,849.91259765625,473.74066162109375,852.4759521484375,877.1565551757812,885.6488037109375,471.33001708984375,887.4327392578125,847.6735229492188,905.7046508789062,424.21978759765625,909.5101928710938,843.9074096679688,908.541015625,392.2477722167969,918.6536865234375,814.349365234375,920.3916625976562,397.0919494628906,928.3953247070312,817.6506958007812,1128.078125,501.852783203125,1131.35400390625,890.142578125,1153.2430419921875,498.2774963378906,1153.1375732421875,884.1099853515625,1179.12451171875,494.1752624511719,1176.510009765625,876.7578735351562,1157.8370361328125,486.206298828125,1154.5758056640625,841.1511840820312,1154.83349609375,443.50653076171875,1150.7054443359375,857.831787109375,1143.5225830078125,418.2187194824219,1142.4732666015625,839.286376953125,1167.7052001953125,417.14447021484375,1164.3992919921875,840.2008666992188,763.8560791015625,364.6763916015625,777.4698486328125,837.837890625,974.0333251953125,407.9608459472656,978.9454345703125,823.4757080078125,1030.914306640625,415.7967529296875,1035.6593017578125,831.2506713867188,1089.381591796875,416.2615966796875,1090.9088134765625,835.994140625,1248.0975341796875,426.1728515625,1245.49267578125,850.973876953125,1330.45703125,433.56011962890625,1323.946533203125,856.2749633789062,1412.4521484375,440.51190185546875,1406.7305908203125,865.0978393554688,1490.3140869140625,451.20843505859375,1483.079345703125,872.5307006835938,1567.5787353515625,462.6322937011719,1564.0086669921875,877.7772216796875,1642.37548828125,476.81329345703125,1631.560546875,872.5380859375
810.255126953125,475.2585754394531,817.215576171875,883.12255859375,830.6884155273438,474.2898864746094,835.3410034179688,881.0388793945312,849.9010620117188,473.6810302734375,852.3702392578125,877.0970458984375,885.2702026367188,471.3374328613281,887.4507446289062,847.5526733398438,904.8182983398438,423.6780090332031,909.1438598632812,844.5243530273438,908.505126953125,391.7958068847656,918.148193359375,814.6293334960938,919.4132690429688,396.63623046875,927.73876953125,817.8218383789062,1128.05712890625,501.8888854980469,1131.0230712890625,889.9224853515625,1153.22802734375,498.19805908203125,1152.7972412109375,884.1061401367188,1178.9798583984375,494.1565856933594,1176.181396484375,877.1524658203125,1157.3717041015625,486.0276794433594,1154.226318359375,841.3588256835938,1154.22705078125,443.44805908203125,1150.5035400390625,857.8329467773438,1142.1405029296875,417.8345947265625,1141.52978515625,839.0885620117188,1166.875732421875,416.9927978515625,1166.008056640625,840.214111328125,763.3226928710938,363.7219543457031,776.8017578125,838.31640625,972.9952392578125,407.665771484375,977.9755249023438,823.412109375,1030.25244140625,415.7390441894531,1035.0953369140625,831.4359741210938,1088.5318603515625,416.3876953125,1090.5401611328125,835.8809814453125,1246.9542236328125,426.08935546875,1244.42041015625,851.6752319335938,1329.6566162109375,433.1127624511719,1323.81103515625,856.5989379882812,1412.400390625,440.33538818359375,1404.4134521484375,864.8988647460938,1489.8951416015625,450.9471435546875,1482.4549560546875,872.49267578125,1566.5367431640625,462.32562255859375,1563.415283203125,877.9472045898438,1641.33447265625,476.5631408691406,1630.7764892578125,872.6815185546875
810.2474975585938,475.2978515625,817.1801147460938,883.0751342773438,830.5964965820312,474.1656799316406,835.1943969726562,881.093017578125,849.860107421875,473.5659484863281,852.2339477539062,877.1473999023438,885.0758056640625,470.9572448730469,887.1577758789062,847.69140625,903.8672485351562,423.2666320800781,909.0501708984375,844.7299194335938,907.6466674804688,391.4488220214844,917.6669921875,814.7110595703125,918.3428955078125,396.4419860839844,927.1304321289062,817.9208984375,1128.117919921875,502.0250244140625,1130.8424072265625,889.7819213867188,1153.2874755859375,498.2550354003906,1152.6136474609375,883.996826171875,1178.8623046875,494.17034912109375,1176.265625,876.9942626953125,1157.1300048828125,486.2407531738281,1153.5958251953125,841.011474609375,1153.1622314453125,443.6253967285156,1150.0191650390625,857.0319213867188,1140.755126953125,417.63226318359375,1141.0858154296875,838.581298828125,1165.8798828125,417.393310546875,1165.92724609375,840.3920288085938,762.5175170898438,363.12933349609375,776.139404296875,838.7329711914062,971.9601440429688,407.5372619628906,977.6547241210938,823.4093017578125,1029.322021484375,415.8444519042969,1034.3099365234375,831.28515625,1086.7591552734375,417.5758361816406,1089.4818115234375,835.7021484375,1246.1719970703125,425.7497253417969,1243.374755859375,851.3526000976562,1330.1270751953125,433.23876953125,1322.364501953125,856.3137817382812,1419.1318359375,440.9564208984375,1403.7611083984375,864.78125,1490.2823486328125,450.8394775390625,1481.29638671875,872.3048706054688,1566.4200439453125,462.4410400390625,1561.776123046875,877.9122924804688,1640.5504150390625,476.5086975097656,1629.7855224609375,872.5634765625
810.3557739257812,475.2008361816406,817.5938720703125,883.2816162109375,830.768310546875,474.22442626953125,835.4482421875,881.1196899414062,849.9168701171875,473.5810241699219,852.1470336914062,877.1345825195312,884.6682739257812,470.2668762207031,886.9852905273438,849.2827758789062,902.7745971679688,422.41998291015625,907.68212890625,844.8844604492188,904.9319458007812,390.5433349609375,917.1853637695312,814.869140625,917.1316528320312,395.9615783691406,926.551025390625,817.9537353515625,1127.9339599609375,501.8904113769531,1130.80322265625,889.5796508789062,1153.1260986328125,498.2026672363281,1152.4898681640625,883.9651489257812,1178.6131591796875,494.19647216796875,1176.147216796875,877.2464599609375,1156.527099609375,485.934814453125,1153.785400390625,840.0657348632812,1152.2562255859375,443.64593505859375,1149.119873046875,857.1424560546875,1139.7799072265625,418.00250244140625,1139.849365234375,838.2711181640625,1165.536376953125,417.31500244140625,1164.1390380859375,840.25927734375,761.683837890625,362.73291015625,775.4398193359375,838.9601440429688,970.89501953125,407.291748046875,976.5758056640625,823.3614501953125,1028.360595703125,415.6715087890625,1033.5496826171875,831.2321166992188,1085.6580810546875,417.9179992675781,1088.730224609375,835.6399536132812,1245.8446044921875,425.564208984375,1244.060302734375,851.5374145507812,1330.50390625,432.98626708984375,1321.81298828125,856.1784057617188,1419.88818359375,441.1463317871094,1402.2137451171875,864.5903930664062,1496.1749267578125,451.55364990234375,1481.35546875,872.2881469726562,1566.47900390625,462.59942626953125,1558.7213134765625,878.0031127929688,1639.9136962890625,476.2887268066406,1628.7515869140625,872.3355712890625
810.3289184570312,475.12701416015625,817.6246337890625,883.2438354492188,830.8092651367188,474.2822265625,835.4375,881.1285400390625,850.116943359375,473.6835021972656,852.0807495117188,877.2062377929688,884.4874267578125,469.615234375,885.9603271484375,848.3828125,902.0042724609375,422.06597900390625,906.1571655273438,844.7684326171875,904.3091430664062,390.4804382324219,916.00048828125,814.9395141601562,916.3230590820312,395.8831787109375,926.7689819335938,817.848388671875,1127.9556884765625,501.8011779785156,1130.3218994140625,889.5086669921875,1153.2171630859375,498.09259033203125,1152.444580078125,884.0216674804688,1178.51171875,494.2646789550781,1176.133056640625,877.30908203125,1156.096923828125,485.5084533691406,1153.3651123046875,841.0693359375,1151.408203125,443.7734680175781,1147.337158203125,857.06396484375,1138.8055419921875,418.06939697265625,1137.52392578125,838.2066040039062,1164.4378662109375,416.9901428222656,1161.021240234375,840.510009765625,760.9849243164062,361.9443359375,774.8598022460938,839.154296875,970.1090698242188,407.214599609375,976.1533813476562,823.5755004882812,1027.453857421875,415.9741516113281,1031.974365234375,830.8213500976562,1084.4736328125,418.1744079589844,1085.4439697265625,835.7789916992188,1244.718017578125,424.9308776855469,1242.8399658203125,851.1555786132812,1330.800048828125,433.0513610839844,1318.8841552734375,856.168212890625,1417.894287109375,440.7806701660156,1400.2197265625,864.3677978515625,1492.4896240234375,450.8365173339844,1479.18896484375,871.7116088867188,1566.0345458984375,462.5789489746094,1558.150146484375,877.0824584960938,1640.1458740234375,476.3946533203125,1628.004150390625,871.9821166992188
809.2549438476562,474.4502258300781,817.66015625,883.2696533203125,830.755615234375,474.267822265625,835.3385009765625,881.1823120117188,849.9957275390625,473.5938415527344,851.7879028320312,877.4645385742188,884.1113891601562,469.3257751464844,885.2368774414062,848.1757202148438,901.2442626953125,421.8985290527344,904.764892578125,845.0286254882812,903.3497924804688,390.3103942871094,913.9502563476562,814.871337890625,915.3515625,395.5810241699219,924.9024658203125,817.62109375,1127.9608154296875,501.7437438964844,1129.35546875,890.1707763671875,1153.1162109375,498.0297546386719,1151.827392578125,883.8937377929688,1178.19384765625,494.5505065917969,1176.0369873046875,877.4271850585938,1155.5211181640625,485.613525390625,1153.83740234375,841.5689697265625,1151.06787109375,443.7096862792969,1147.293701171875,857.28173828125,1138.1640625,417.96337890625,1137.762451171875,838.2914428710938,1163.48828125,416.9517517089844,1160.4560546875,840.464111328125,760.0052490234375,361.0853271484375,774.2005004882812,839.5266723632812,968.8993530273438,406.80938720703125,975.2759399414062,823.2937622070312,1026.7198486328125,415.77239990234375,1031.7529296875,830.7268676757812,1083.8218994140625,418.0111083984375,1085.318603515625,835.5941162109375,1244.32958984375,424.90155029296875,1241.9049072265625,850.6478271484375,1329.973388671875,432.96697998046875,1317.839599609375,855.9074096679688,1416.3048095703125,440.61212158203125,1398.8486328125,864.3629760742188,1490.525146484375,450.6886291503906,1477.9385986328125,871.5886840820312,1564.998779296875,462.40972900390625,1556.3114013671875,877.6742553710938,1639.09912109375,476.3984375,1627.2034912109375,871.9989624023438
809.313232421875,474.4519958496094,817.4989624023438,883.0452880859375,830.775390625,474.2936706542969,835.1574096679688,881.1007080078125,849.9474487304688,473.60430908203125,851.4483642578125,877.8724975585938,884.0030517578125,469.2897033691406,884.3722534179688,848.1144409179688,900.8402099609375,421.8924560546875,903.6686401367188,845.4473876953125,902.942626953125,389.9980163574219,912.3491821289062,815.4703369140625,914.9453735351562,395.1817321777344,923.2413330078125,817.8126831054688,1127.8863525390625,501.7832336425781,1129.456298828125,890.3629150390625,1153.10791015625,498.07598876953125,1151.6458740234375,883.985595703125,1178.212890625,494.51324462890625,1175.9049072265625,877.2212524414062,1155.331298828125,485.77783203125,1153.675537109375,841.8444213867188,1150.095947265625,443.5578918457031,1146.1116943359375,857.3834838867188,1136.9764404296875,417.9686584472656,1136.513427734375,837.82421875,1162.2354736328125,416.9819030761719,1158.668212890625,840.1595458984375,759.4063720703125,360.070556640625,773.4487915039062,840.088134765625,968.5645141601562,406.5706787109375,975.190185546875,823.8848876953125,1026.220458984375,415.52978515625,1030.4501953125,830.6265869140625,1083.2960205078125,418.1298828125,1083.9664306640625,835.5831298828125,1243.2894287109375,424.71783447265625,1240.5863037109375,850.2432861328125,1328.9505615234375,432.51116943359375,1317.696044921875,855.6498413085938,1412.442626953125,439.6558532714844,1399.242431640625,864.1182861328125,1491.1966552734375,450.7317199707031,1476.0552978515625,871.3959350585938,1564.6959228515625,462.4051208496094,1555.141357421875,876.8973999023438,1637.95703125,476.46929931640625,1626.4727783203125,872.0509033203125
809.3782348632812,474.4485168457031,817.3482666015625,882.9558715820312,830.7997436523438,474.2975158691406,834.9964599609375,881.1726684570312,849.7887573242188,473.5647277832031,851.3880615234375,878.1009521484375,883.79638671875,469.1169128417969,883.54736328125,848.3057861328125,899.8785400390625,421.4273376464844,902.8676147460938,845.9713134765625,902.1527099609375,389.6851806640625,910.9593505859375,815.85009765625,913.8947143554688,394.6323547363281,921.74365234375,817.9776000976562,1127.7828369140625,501.836181640625,1129.228271484375,890.2582397460938,1152.99853515625,498.1055908203125,1151.4384765625,884.10205078125,1178.0689697265625,494.3689880371094,1175.8992919921875,877.2177734375,1155.2744140625,486.0730895996094,1154.1383056640625,842.2968139648438,1149.210205078125,443.8793640136719,1145.2962646484375,857.9166259765625,1136.8062744140625,417.7134094238281,1136.389404296875,837.376708984375,1161.958740234375,416.93560791015625,1157.7557373046875,840.4232788085938,758.6512451171875,359.22259521484375,772.7089233398438,840.6187744140625,967.9137573242188,406.6302185058594,974.2223510742188,824.08935546875,1025.6572265625,415.288330078125,1029.7354736328125,830.6454467773438,1082.67822265625,418.07427978515625,1084.00341796875,835.6969604492188,1242.849609375,424.4801025390625,1238.44482421875,850.4319458007812,1329.6815185546875,432.5651550292969,1315.0252685546875,855.162841796875,1412.880126953125,439.5135498046875,1395.7835693359375,863.7501831054688,1491.7454833984375,450.8831481933594,1472.80859375,871.1150512695312,1564.2001953125,462.512451171875,1553.5650634765625,876.8578491210938,1636.791015625,476.6990966796875,1625.3729248046875,872.119140625
809.46044921875,474.37811279296875,817.6779174804688,882.9838256835938,830.867431640625,474.2799377441406,835.1844482421875,881.2101440429688,849.7586669921875,473.53912353515625,851.4918823242188,878.054443359375,883.671630859375,468.9169616699219,883.6277465820312,847.7081909179688,898.9678344726562,421.2068786621094,902.1445922851562,845.9273681640625,900.9754028320312,389.37738037109375,910.5397338867188,816.0725708007812,912.6825561523438,394.22186279296875,921.3499145507812,818.1806640625,1127.810546875,501.75634765625,1129.0511474609375,890.3937377929688,1152.9569091796875,498.1024169921875,1151.5484619140625,884.3391723632812,1177.951904296875,494.3936462402344,1175.7960205078125,877.1763916015625,1155.3287353515625,486.2829284667969,1156.3856201171875,842.1826171875,1148.277099609375,444.01763916015625,1144.4476318359375,856.5906372070312,1135.123779296875,417.4888916015625,1135.61962890625,837.1563720703125,1159.7923583984375,415.85546875,1156.4981689453125,839.8821411132812,757.7684936523438,358.6833190917969,772.2091674804688,841.0440673828125,967.9998168945312,406.9208679199219,973.9381713867188,824.3385620117188,1024.3519287109375,415.2414245605469,1028.903564453125,830.7147827148438,1081.513671875,418.2662048339844,1082.5101318359375,835.7554321289062,1242.873779296875,424.2730407714844,1238.90185546875,850.552734375,1329.1474609375,432.2712707519531,1315.8365478515625,855.2206420898438,1411.8948974609375,439.3069763183594,1396.1278076171875,864.0226440429688,1490.3033447265625,450.74005126953125,1470.6767578125,871.003173828125,1563.1329345703125,462.5080871582031,1553.8131103515625,877.0838012695312,1635.614013671875,476.7333068847656,1624.5404052734375,871.9826049804688
809.426025390625,474.341552734375,817.586181640625,882.9268798828125,830.8630981445312,474.2889099121094,835.1845092773438,881.254150390625,849.782958984375,473.60125732421875,851.4683227539062,878.1365966796875,883.4884643554688,468.6712646484375,883.0885009765625,847.0263671875,898.1261596679688,420.8293762207031,900.8795166015625,846.0674438476562,900.2223510742188,388.8598327636719,909.622314453125,816.5738525390625,911.9196166992188,393.6072692871094,920.4847412109375,818.6074829101562,1127.8394775390625,501.8679504394531,1129.2064208984375,890.608154296875,1152.9031982421875,498.1092834472656,1151.8074951171875,884.5966186523438,1177.9039306640625,494.32220458984375,1175.9241943359375,877.3688354492188,1154.8070068359375,486.3858642578125,1156.3206787109375,841.8850708007812,1147.692626953125,444.0883483886719,1143.47265625,856.888427734375,1133.4901123046875,417.3139953613281,1134.0089111328125,836.958251953125,1158.4769287109375,415.6719970703125,1154.9710693359375,839.7518310546875,756.6253051757812,358.1312255859375,771.4950561523438,841.7719116210938,967.1354370117188,406.80487060546875,972.7754516601562,824.5050048828125,1022.9695434570312,415.53729248046875,1027.3856201171875,830.8280639648438,1080.5126953125,418.4625244140625,1081.4315185546875,835.8470458984375,1241.7769775390625,424.03131103515625,1237.1678466796875,850.3648681640625,1329.963134765625,432.0886535644531,1314.193359375,855.2555541992188,1412.045654296875,439.2116394042969,1394.6259765625,863.740234375,1489.86474609375,450.69134521484375,1470.5037841796875,871.32421875,1562.4901123046875,462.6259460449219,1552.74365234375,877.1800537109375,1634.615478515625,477.03375244140625,1623.34619140625,871.4862060546875
809.4638671875,474.45172119140625,817.74755859375,882.9190673828125,830.9356079101562,474.3367614746094,835.4265747070312,881.3555297851562,849.7301635742188,473.6652526855469,851.5258178710938,878.2169799804688,883.19873046875,468.49444580078125,883.212890625,847.049072265625,897.14013671875,420.3594665527344,900.430908203125,846.2168579101562,899.29833984375,388.2588806152344,909.9707641601562,817.3164672851562,910.2758178710938,393.5683898925781,920.2318115234375,819.2119750976562,1127.92138671875,501.8832702636719,1128.78759765625,890.6826782226562,1152.836181640625,497.97705078125,1151.22705078125,884.6727905273438,1177.759033203125,494.2908630371094,1175.4119873046875,878.0099487304688,1154.3846435546875,486.58526611328125,1154.473876953125,842.4673461914062,1146.89404296875,443.8540954589844,1142.7142333984375,857.5130615234375,1134.9114990234375,417.06683349609375,1133.058349609375,836.5770874023438,1157.523681640625,415.2974853515625,1153.2838134765625,839.71826171875,755.9160766601562,357.06195068359375,771.1737670898438,842.405029296875,966.2588500976562,406.57373046875,971.46533203125,824.6467895507812,1022.0774536132812,416.0331115722656,1026.486572265625,830.833740234375,1080.80810546875,417.8913269042969,1081.8824462890625,834.8528442382812,1240.6177978515625,423.7630920410156,1237.36572265625,850.5723876953125,1327.0855712890625,431.74664306640625,1312.7581787109375,855.389892578125,1411.4500732421875,439.05499267578125,1392.4476318359375,863.7723999023438,1488.775146484375,450.4254455566406,1468.974365234375,871.594970703125,1561.9649658203125,462.6673278808594,1552.755126953125,877.2654418945312,1633.4012451171875,477.3288269042969,1622.593017578125,871.6122436523438
808.8999633789062,475.6452331542969,817.67041015625,882.9202880859375,830.8262329101562,474.2420349121094,835.36962890625,881.3689575195312,849.6099853515625,473.5221252441406,851.2278442382812,878.3372802734375,883.1946411132812,468.14788818359375,882.4974365234375,847.7081298828125,896.5026245117188,420.3923034667969,899.7614135742188,846.4672241210938,898.5936889648438,388.219482421875,908.3613891601562,816.4398193359375,909.5343017578125,393.7256164550781,919.0122680664062,819.3790893554688,1127.9393310546875,501.7650451660156,1128.8524169921875,890.7279663085938,1152.848876953125,497.87786865234375,1151.2906494140625,884.619873046875,1177.6943359375,494.2596740722656,1175.663818359375,877.5045166015625,1153.92724609375,486.5872802734375,1153.9661865234375,841.7713623046875,1145.7047119140625,443.2898864746094,1141.9837646484375,857.46484375,1134.1370849609375,417.24847412109375,1132.052490234375,837.07373046875,1156.7913818359375,415.59515380859375,1152.3463134765625,839.3865356445312,755.2653198242188,356.3513488769531,770.6595458984375,842.9967041015625,965.7413330078125,406.706787109375,970.3724975585938,824.8838500976562,1021.5930786132812,415.883056640625,1025.2601318359375,830.8330688476562,1079.5157470703125,417.8805236816406,1081.0987548828125,834.8796997070312,1238.786376953125,423.3146057128906,1235.329833984375,850.1085815429688,1324.981201171875,431.4831848144531,1311.200439453125,855.3250732421875,1410.58935546875,438.7362060546875,1391.3863525390625,863.9119262695312,1489.318359375,450.6299743652344,1467.6634521484375,871.761474609375,1561.6072998046875,462.73687744140625,1552.597900390625,877.4146728515625,1632.2578125,477.506591796875,1621.950439453125,872.0634155273438
808.8593139648438,475.73468017578125,817.6779174804688,882.9467163085938,830.8302612304688,474.3130187988281,835.6405639648438,881.2798461914062,849.4557495117188,473.5168151855469,851.4105224609375,878.188232421875,882.827392578125,467.91497802734375,882.598388671875,847.57861328125,896.2854614257812,420.99798583984375,899.05615234375,846.5407104492188,897.8027954101562,388.0901794433594,907.3740844726562,816.6326293945312,908.8406372070312,393.70404052734375,917.72705078125,819.4918212890625,1127.901123046875,501.8711242675781,1128.1639404296875,890.5195922851562,1152.9093017578125,497.84210205078125,1150.7796630859375,884.5956420898438,1177.5799560546875,494.156005859375,1175.2711181640625,877.6046752929688,1153.5657958984375,486.9100036621094,1153.5443115234375,841.7310791015625,1144.8626708984375,443.4688720703125,1140.80322265625,857.4252319335938,1133.5067138671875,417.0992736816406,1129.8262939453125,838.6148071289062,1156.316162109375,415.5389099121094,1151.82177734375,839.88818359375,754.4947509765625,356.0132141113281,770.0819702148438,843.6824340820312,965.2117919921875,406.6242980957031,971.1571044921875,824.6972045898438,1020.9981689453125,415.9343566894531,1025.2264404296875,830.052978515625,1078.77685546875,417.6641845703125,1080.0145263671875,834.860595703125,1237.32958984375,422.9339904785156,1234.765625,850.1384887695312,1322.440185546875,431.07025146484375,1310.4989013671875,855.2147827148438,1410.3922119140625,438.54107666015625,1390.8431396484375,863.877685546875,1489.2044677734375,450.4669494628906,1466.9840087890625,871.5086059570312,1561.078125,462.75225830078125,1551.921630859375,877.4067993164062,1631.34228515625,477.1937561035156,1621.0126953125,871.7166137695312
809.3887939453125,474.2825927734375,817.6470336914062,882.8931884765625,830.8775634765625,474.3328552246094,835.7183837890625,881.1802978515625,849.5066528320312,473.598876953125,851.4025268554688,878.260986328125,882.5321044921875,467.7052001953125,882.1776123046875,847.1235961914062,895.7258911132812,420.79254150390625,897.51513671875,846.4537963867188,897.2831420898438,387.6460266113281,905.5482788085938,816.806640625,908.0194702148438,393.2262268066406,915.4920654296875,819.4384155273438,1127.941650390625,502.1119079589844,1128.4505615234375,890.4207763671875,1152.8564453125,497.94268798828125,1150.9051513671875,884.4368286132812,1177.2869873046875,494.2081604003906,1175.276611328125,876.9116821289062,1153.0804443359375,486.6678466796875,1153.3804931640625,841.123291015625,1144.3248291015625,443.802978515625,1140.113525390625,857.4549560546875,1133.87060546875,417.0636901855469,1129.4853515625,838.7296142578125,1156.1641845703125,415.4018249511719,1150.4324951171875,839.4413452148438,753.5391235351562,356.1284484863281,768.99365234375,844.7613525390625,964.5713500976562,406.5494384765625,968.7891235351562,824.9408569335938,1020.4421997070312,415.9420166015625,1022.1235961914062,830.5596313476562,1078.9864501953125,417.6801452636719,1078.826416015625,834.8045043945312,1236.07470703125,422.6412048339844,1231.0572509765625,850.09228515625,1318.685302734375,431.20343017578125,1309.0311279296875,854.9071044921875,1405.995361328125,438.3644714355469,1389.9520263671875,864.228759765625,1483.0126953125,450.11358642578125,1467.275634765625,871.3900146484375,1556.94970703125,461.7147521972656,1552.0823974609375,877.455810546875,1630.2332763671875,477.2440185546875,1620.22021484375,871.8712768554688
809.49560546875,474.3424072265625,817.7042236328125,882.9556274414062,830.8319702148438,474.3698425292969,835.70849609375,881.1950073242188,849.5126953125,473.525634765625,851.2889404296875,878.1398315429688,882.2554931640625,467.3170166015625,882.062255859375,846.9905395507812,894.9271240234375,420.864501953125,896.8693237304688,846.3131713867188,896.6592407226562,387.3663330078125,904.5308227539062,817.0518188476562,907.2886962890625,393.193603515625,914.4390869140625,819.560791015625,1127.8380126953125,502.196044921875,1128.15771484375,890.5150756835938,1152.89453125,497.9606628417969,1150.9068603515625,884.27685546875,1177.203369140625,494.3037109375,1175.2437744140625,876.5050659179688,1152.7562255859375,486.6365051269531,1151.970458984375,840.2418212890625,1143.3321533203125,443.74151611328125,1139.3414306640625,856.7325439453125,1132.4393310546875,416.9150695800781,1128.862548828125,839.06396484375,1155.2108154296875,415.03253173828125,1150.234619140625,839.6318359375,752.5375366210938,355.69293212890625,768.2395629882812,845.1195678710938,963.6010131835938,405.9859924316406,968.6876831054688,825.1884155273438,1019.64501953125,416.1770935058594,1019.8863525390625,830.4815063476562,1078.429931640625,417.86016845703125,1077.1888427734375,834.7095947265625,1235.4788818359375,422.539306640625,1230.9652099609375,850.1688232421875,1318.136962890625,430.83538818359375,1301.3021240234375,855.2538452148438,1405.6552734375,438.25408935546875,1389.3345947265625,863.6531372070312,1484.480224609375,450.3796691894531,1465.4161376953125,871.4712524414062,1557.025634765625,461.900146484375,1551.6290283203125,877.2811279296875,1628.71240234375,477.5017395019531,1619.173828125,872.0858154296875
809.5336303710938,474.2538146972656,817.629638671875,882.94384765625,830.8355102539062,474.36627197265625,835.7659301757812,880.9561157226562,849.5322265625,473.4585266113281,851.4207763671875,877.9075317382812,881.7822265625,467.0435791015625,882.2643432617188,846.6317138671875,894.0286865234375,421.1650390625,896.319580078125,846.5795288085938,896.130615234375,387.22528076171875,903.4696044921875,817.3311767578125,906.53759765625,393.04779052734375,913.4131469726562,819.86572265625,1127.851318359375,502.32611083984375,1128.53076171875,890.650146484375,1152.87158203125,498.0240173339844,1150.8604736328125,884.2628173828125,1177.156982421875,494.24658203125,1174.9444580078125,876.4061279296875,1152.3875732421875,486.6097106933594,1151.7357177734375,840.4489135742188,1142.6602783203125,443.2038879394531,1139.583740234375,856.747802734375,1131.6253662109375,416.8887634277344,1129.7540283203125,838.7017822265625,1154.89404296875,415.1679382324219,1150.102294921875,839.7898559570312,751.6617431640625,355.3206481933594,767.3936157226562,845.7473754882812,962.8062744140625,406.1624755859375,968.773681640625,825.3890380859375,1019.5083618164062,416.8011779785156,1020.3513793945312,830.0823364257812,1078.830810546875,417.88531494140625,1076.951904296875,834.6080932617188,1234.1839599609375,422.31475830078125,1230.52685546875,849.9808349609375,1315.425048828125,430.3223571777344,1300.7950439453125,854.9815063476562,1404.0855712890625,437.7633361816406,1387.7330322265625,863.5214233398438,1484.4595947265625,450.4642639160156,1463.813720703125,870.1326293945312,1556.5657958984375,462.103271484375,1548.2921142578125,876.6151733398438,1627.9644775390625,477.4917907714844,1617.966552734375,872.1936645507812
809.4490966796875,474.2846984863281,817.7675170898438,883.018310546875,830.7835693359375,474.3390197753906,835.8837280273438,880.9334106445312,849.4148559570312,473.522216796875,851.6153564453125,877.7376098632812,881.3436889648438,466.635498046875,882.5830688476562,846.3623046875,893.134765625,421.0509033203125,895.7688598632812,846.7853393554688,895.8646850585938,387.0609436035156,901.7595825195312,817.603759765625,905.1426391601562,393.0799865722656,911.3631591796875,819.9022827148438,1127.984130859375,502.317626953125,1128.589111328125,890.5348510742188,1152.9862060546875,498.0482482910156,1151.589111328125,884.0792236328125,1176.8883056640625,494.402587890625,1175.5916748046875,875.7979736328125,1151.0987548828125,485.99066162109375,1151.625244140625,840.46875,1142.294189453125,443.4820861816406,1138.656982421875,856.1356811523438,1131.4267578125,417.599853515625,1127.67431640625,838.283447265625,1154.9117431640625,415.8446960449219,1148.6932373046875,839.6541137695312,751.1525268554688,355.35589599609375,767.0120239257812,847.1015625,961.7540893554688,406.1924133300781,965.0529174804688,824.4619140625,1018.799072265625,416.9795837402344,1019.5955200195312,830.3456420898438,1078.6805419921875,418.1522521972656,1075.461669921875,834.5963745117188,1234.15966796875,422.2114562988281,1229.9681396484375,849.7093505859375,1316.4141845703125,430.5845947265625,1300.00537109375,854.8583984375,1403.1103515625,437.82720947265625,1386.8084716796875,863.682861328125,1483.6285400390625,450.33172607421875,1463.205078125,869.9447631835938,1555.4405517578125,462.03753662109375,1547.7247314453125,876.5774536132812,1627.5350341796875,477.4532165527344,1616.75341796875,872.0370483398438
809.5021362304688,474.1412353515625,817.8078002929688,883.1504516601562,830.83984375,474.273193359375,836.1168823242188,880.9885864257812,849.3235473632812,473.562255859375,851.930908203125,877.6354370117188,880.9933471679688,466.272216796875,882.5819702148438,846.1357421875,892.7470092773438,420.8521423339844,895.8112182617188,846.2206420898438,895.3248291015625,386.93280029296875,900.9889526367188,818.1281127929688,904.6111450195312,392.9490661621094,910.390869140625,820.2618408203125,1127.8297119140625,502.3095397949219,1128.27587890625,890.345947265625,1152.92431640625,498.0802001953125,1151.4669189453125,883.9791870117188,1176.7408447265625,494.4975280761719,1175.666259765625,875.3478393554688,1150.7896728515625,486.28564453125,1151.78759765625,840.10009765625,1141.7874755859375,443.820556640625,1138.126708984375,856.3897094726562,1130.4893798828125,417.694091796875,1126.78759765625,838.8349609375,1154.5037841796875,415.9228515625,1148.0435791015625,839.8379516601562,750.5294799804688,354.9046936035156,765.6434936523438,846.9942626953125,960.5949096679688,405.7574157714844,964.3441162109375,824.5971069335938,1017.6777954101562,417.3463439941406,1019.8414916992188,830.62548828125,1077.211181640625,418.45941162109375,1075.51416015625,834.5020141601562,1233.6624755859375,422.1321105957031,1229.2906494140625,849.7122802734375,1315.60888671875,430.4144287109375,1299.21337890625,854.7618408203125,1402.8480224609375,437.7060852050781,1385.7755126953125,863.1485595703125,1482.7847900390625,450.0917053222656,1461.2952880859375,870.0399780273438,1554.7894287109375,461.96026611328125,1542.6614990234375,876.005859375,1626.802978515625,477.59649658203125,1616.122314453125,872.1566772460938
809.576904296875,474.0704345703125,818.30322265625,883.2784423828125,830.8628540039062,474.2613220214844,836.3656005859375,881.039306640625,849.3131713867188,473.4836730957031,852.0667724609375,877.5687255859375,880.5955810546875,466.1347351074219,882.7245483398438,845.9608764648438,892.3214111328125,420.99896240234375,895.6812133789062,846.3988037109375,894.9458618164062,386.9234313964844,900.7439575195312,818.64111328125,904.0068359375,392.8238220214844,909.8540649414062,820.5665893554688,1127.916015625,502.4064025878906,1128.611083984375,890.69287109375,1152.902099609375,498.2046813964844,1151.521240234375,883.981201171875,1176.736083984375,494.5334777832031,1175.38525390625,874.8316650390625,1150.4951171875,486.4229431152344,1151.198974609375,839.6573486328125,1140.597900390625,443.9834899902344,1137.5015869140625,856.4738159179688,1128.464111328125,417.68682861328125,1126.1317138671875,838.7737426757812,1152.9656982421875,415.9504089355469,1148.6922607421875,840.0706176757812,749.9424438476562,354.1841735839844,765.0284423828125,847.3603515625,959.6912231445312,405.4507751464844,963.3577880859375,824.7301635742188,1016.6073608398438,417.5615539550781,1019.7905883789062,831.049560546875,1075.354736328125,418.56011962890625,1075.38623046875,834.3197021484375,1233.3272705078125,422.0242919921875,1227.60302734375,849.609130859375,1315.5523681640625,430.2498779296875,1298.4617919921875,854.7604370117188,1402.19091796875,437.72698974609375,1384.5738525390625,863.5242919921875,1481.3955078125,449.83087158203125,1462.4146728515625,870.1429443359375,1553.6949462890625,461.8753967285156,1543.243408203125,876.3215942382812,1626.0244140625,477.3021545410156,1615.4068603515625,872.2332763671875
809.54833984375,474.11572265625,818.5985717773438,883.335205078125,830.8663940429688,474.2261047363281,836.7167358398438,881.0519409179688,849.2510986328125,473.4094543457031,852.33203125,877.5619506835938,880.44580078125,465.81500244140625,882.5889892578125,845.5377807617188,891.7505493164062,420.5259094238281,895.5465698242188,846.5520629882812,894.2681274414062,386.5849304199219,900.5603637695312,819.005126953125,903.6776733398438,392.2899169921875,909.815185546875,820.8821411132812,1127.9315185546875,502.3404846191406,1127.93603515625,890.4656372070312,1152.966796875,498.1534729003906,1151.266357421875,884.0048828125,1176.795654296875,494.4776611328125,1175.093505859375,874.7210693359375,1150.326171875,486.50347900390625,1151.70556640625,840.9216918945312,1139.9549560546875,444.3804931640625,1137.165771484375,856.460205078125,1127.474853515625,417.4722900390625,1125.109375,837.8642578125,1152.1053466796875,415.90777587890625,1148.0494384765625,839.8759765625,749.227783203125,353.78460693359375,764.5473022460938,847.6658325195312,958.4765625,405.0502014160156,963.4855346679688,824.7620849609375,1014.6170043945312,416.3883056640625,1019.6027221679688,831.1011352539062,1073.79638671875,418.8941345214844,1075.322998046875,833.9511108398438,1233.0313720703125,421.8200988769531,1227.1578369140625,849.4464721679688,1315.99267578125,430.345947265625,1298.32470703125,854.851318359375,1402.3251953125,438.007568359375,1384.9595947265625,863.7202758789062,1482.0203857421875,449.8980407714844,1462.5245361328125,870.2621459960938,1553.7471923828125,461.7909851074219,1548.0714111328125,877.290771484375,1625.2757568359375,477.14544677734375,1614.7548828125,872.1695556640625
809.5745849609375,474.0079345703125,818.6279296875,883.4552001953125,830.89013671875,474.2393798828125,836.8233032226562,881.1627807617188,849.1734008789062,473.3309631347656,851.6165161132812,877.5792236328125,880.2401123046875,465.5772705078125,882.93017578125,845.0974731445312,891.1578979492188,420.28271484375,895.6099243164062,846.5302124023438,893.8884887695312,386.50482177734375,900.4608154296875,819.2888793945312,903.1119995117188,392.13568115234375,909.9074096679688,821.1519165039062,1127.804931640625,502.3760070800781,1128.014892578125,890.458984375,1152.93798828125,498.13885498046875,1151.193115234375,884.0755004882812,1176.7135009765625,494.47528076171875,1175.0068359375,874.630859375,1150.00732421875,486.54913330078125,1150.2735595703125,840.9955444335938,1139.44384765625,444.1458435058594,1136.464111328125,856.2972412109375,1126.998046875,417.3460388183594,1125.2501220703125,837.2567138671875,1151.648193359375,415.73736572265625,1147.11962890625,839.4078369140625,748.7982177734375,353.58270263671875,764.1893310546875,848.0867919921875,957.862060546875,404.98785400390625,964.0602416992188,825.0673828125,1014.1725463867188,416.592041015625,1019.1602172851562,831.1635131835938,1073.5091552734375,418.9292297363281,1074.9520263671875,833.55859375,1232.325439453125,421.7865905761719,1227.7003173828125,849.3557739257812,1315.1142578125,430.21600341796875,1298.07470703125,855.0469360351562,1402.027587890625,438.0566711425781,1384.0679931640625,863.9046630859375,1481.6910400390625,449.79888916015625,1460.669921875,870.4307250976562,1553.6689453125,461.665771484375,1541.498779296875,877.2893676757812,1624.58349609375,476.984130859375,1614.130859375,872.0671997070312
809.5701293945312,474.0693054199219,818.62451171875,883.5919189453125,830.890869140625,474.2135314941406,836.94189453125,881.1036376953125,849.1481323242188,473.2980041503906,851.8816528320312,877.4782104492188,880.0572509765625,465.53680419921875,882.878173828125,845.1353759765625,890.7942504882812,420.31256103515625,895.447509765625,846.852783203125,893.8004760742188,386.3685302734375,900.4285888671875,819.4239501953125,903.1012573242188,392.0002746582031,909.79296875,821.3776245117188,1127.8326416015625,502.32373046875,1128.254638671875,890.4641723632812,1153.013916015625,498.1967468261719,1151.5228271484375,884.2452392578125,1176.798583984375,494.3985900878906,1175.0972900390625,874.6260375976562,1150.013671875,486.64239501953125,1150.6751708984375,841.5062866210938,1139.015380859375,444.4123840332031,1135.09765625,856.4468994140625,1126.0958251953125,417.79095458984375,1124.4520263671875,836.3897705078125,1150.9881591796875,416.0178527832031,1145.2020263671875,839.2139892578125,748.4508666992188,353.4318542480469,763.7979125976562,848.5891723632812,957.3271484375,404.8843688964844,964.388427734375,825.7425537109375,1013.5177612304688,416.567138671875,1017.8383178710938,831.2947998046875,1072.6337890625,419.19354248046875,1073.57763671875,833.6334228515625,1232.06005859375,421.7988586425781,1226.4962158203125,849.363037109375,1314.9527587890625,430.1714782714844,1298.146728515625,855.1097412109375,1402.77734375,438.04058837890625,1383.732177734375,863.8609008789062,1481.8997802734375,449.7875671386719,1459.92724609375,870.5820922851562,1553.368896484375,461.62017822265625,1540.6978759765625,877.1539306640625,1624.13232421875,476.80462646484375,1613.5926513671875,871.9171752929688
809.6848754882812,473.9464111328125,818.52783203125,883.562255859375,830.9924926757812,474.2348327636719,836.7723388671875,881.0966796875,849.1001586914062,473.3360900878906,851.7389526367188,877.539794921875,879.982666015625,465.51605224609375,882.6608276367188,845.163330078125,890.4100341796875,420.22467041015625,895.3701782226562,846.971923828125,893.40185546875,386.4634704589844,900.1414794921875,819.568115234375,902.3820190429688,391.942626953125,909.324951171875,821.5419311523438,1127.830322265625,502.37347412109375,1128.49267578125,890.4027099609375,1153.0791015625,498.20751953125,1151.5567626953125,884.13330078125,1176.811279296875,494.34661865234375,1174.97705078125,874.6392822265625,1149.758056640625,486.75616455078125,1150.514892578125,841.0792236328125,1138.2608642578125,444.5247497558594,1134.89306640625,856.3610229492188,1124.8905029296875,417.7390441894531,1124.2255859375,836.5050659179688,1150.2095947265625,415.8423767089844,1145.3284912109375,839.45703125,748.021240234375,353.60382080078125,763.3648071289062,848.7630004882812,956.7984008789062,404.8179016113281,962.9575805664062,825.5658569335938,1012.90869140625,416.8097839355469,1016.3615112304688,831.38525390625,1070.1966552734375,420.41485595703125,1072.4964599609375,833.7053833007812,1231.54736328125,421.70745849609375,1227.3182373046875,849.4996948242188,1314.779541015625,430.29302978515625,1298.60791015625,855.0263671875,1402.48388671875,437.9013977050781,1383.48388671875,863.8267822265625,1483.04443359375,449.9248046875,1460.115478515625,870.4932861328125,1553.3594970703125,461.5498962402344,1540.4140625,876.5282592773438,1624.740234375,476.8886413574219,1613.065185546875,871.7413330078125
809.69384765625,474.06231689453125,818.2796020507812,883.5520629882812,830.93505859375,474.29071044921875,836.6691284179688,881.0673828125,849.0310668945312,473.2735595703125,851.7534790039062,877.501953125,879.9450073242188,465.37982177734375,882.4827880859375,844.9552001953125,890.028076171875,420.008056640625,895.047119140625,846.9776000976562,892.923095703125,386.35784912109375,900.1793212890625,819.5399169921875,901.8313598632812,391.7453308105469,909.44775390625,821.6763305664062,1127.7679443359375,502.33319091796875,1128.5882568359375,890.42431640625,1153.1502685546875,498.2117919921875,1151.505615234375,884.1173095703125,1176.880859375,494.3332824707031,1174.7197265625,874.570068359375,1149.5511474609375,486.7890319824219,1149.97802734375,841.2708740234375,1137.9129638671875,444.57965087890625,1133.8001708984375,856.5481567382812,1124.395751953125,417.79315185546875,1122.72412109375,836.5586547851562,1150.4786376953125,415.6318359375,1144.4508056640625,839.4562377929688,747.5866088867188,353.3886413574219,762.9307250976562,849.0121459960938,955.8081665039062,404.60687255859375,962.2214965820312,825.4739990234375,1012.2044067382812,416.8684387207031,1015.5615844726562,831.533203125,1069.764404296875,420.13482666015625,1070.8538818359375,833.8928833007812,1231.1708984375,421.8407287597656,1226.89501953125,849.2886352539062,1315.3785400390625,430.1878967285156,1298.141357421875,855.013916015625,1403.3536376953125,438.0118103027344,1383.2943115234375,863.8359985351562,1484.140380859375,449.9631042480469,1459.31103515625,870.3628540039062,1553.130126953125,461.55816650390625,1540.6878662109375,876.664306640625,1624.230224609375,476.7625732421875,1612.3548583984375,871.540283203125
809.6837768554688,474.0561218261719,818.1325073242188,883.5863037109375,830.9558715820312,474.32080078125,836.5040893554688,881.03564453125,849.0687255859375,473.2570495605469,851.5682373046875,877.4754028320312,879.8461303710938,465.15850830078125,882.54052734375,845.8624267578125,889.5042114257812,418.95928955078125,894.8018188476562,847.0946655273438,891.987548828125,386.2633972167969,899.6771240234375,819.6039428710938,900.803955078125,391.56561279296875,908.8472290039062,821.786376953125,1127.91650390625,502.38555908203125,1128.842529296875,890.4415283203125,1153.230712890625,498.32952880859375,1151.62060546875,884.0225219726562,1176.9556884765625,494.354248046875,1174.9825439453125,874.5048828125,1149.4754638671875,486.4985656738281,1150.556396484375,841.7808227539062,1137.731201171875,444.68707275390625,1132.933349609375,856.3124389648438,1124.202392578125,417.679443359375,1121.9515380859375,836.9200439453125,1150.1353759765625,415.48974609375,1143.912109375,839.5994262695312,747.14306640625,353.4284973144531,762.4736328125,849.1002197265625,955.16796875,404.62017822265625,961.3958740234375,825.4554443359375,1011.5194091796875,417.0545959472656,1015.103759765625,831.4752807617188,1069.2431640625,420.09326171875,1069.523193359375,835.2695922851562,1230.759765625,421.7229309082031,1226.0107421875,849.3262939453125,1315.141845703125,430.1864318847656,1297.9237060546875,854.9068603515625,1403.378173828125,437.9447021484375,1382.735107421875,863.5498046875,1485.1466064453125,450.07855224609375,1459.0771484375,870.4693603515625,1553.018798828125,461.5552978515625,1539.6259765625,876.5071411132812,1623.5408935546875,476.8003234863281,1611.6539306640625,871.7054443359375
809.7252197265625,473.94671630859375,818.0068359375,883.5772094726562,830.6416625976562,473.675537109375,836.327392578125,881.123291015625,849.0477905273438,473.2263488769531,851.4231567382812,877.45458984375,879.8120727539062,465.04736328125,882.1828002929688,844.8080444335938,889.1218872070312,419.0415344238281,894.8961181640625,847.2691040039062,891.4412231445312,386.5727233886719,899.677734375,819.7998046875,900.277587890625,391.8714294433594,908.9337158203125,821.8956298828125,1127.873779296875,502.3898010253906,1128.587890625,890.3660888671875,1153.165771484375,498.3035888671875,1151.5145263671875,884.0530395507812,1176.9334716796875,494.3092956542969,1174.7276611328125,874.4052124023438,1149.1492919921875,486.49676513671875,1149.997802734375,841.9696044921875,1137.5296630859375,444.7619323730469,1132.236328125,856.3712768554688,1123.8740234375,418.0398254394531,1120.98779296875,837.2354125976562,1149.812255859375,415.67431640625,1143.29150390625,839.7708740234375,746.5776977539062,353.6526794433594,761.9939575195312,848.9209594726562,954.6050415039062,404.52899169921875,960.9049682617188,825.6087646484375,1010.9322509765625,417.1145935058594,1014.9369506835938,831.472900390625,1069.0289306640625,420.638427734375,1068.94921875,835.3555908203125,1230.3780517578125,422.08416748046875,1223.25,849.2535400390625,1314.69189453125,430.2237548828125,1297.54443359375,854.7844848632812,1402.05810546875,437.7091369628906,1382.1414794921875,863.727783203125,1483.9688720703125,450.01318359375,1457.6888427734375,870.4986572265625,1551.9814453125,461.552490234375,1537.9774169921875,876.2926635742188,1622.8770751953125,476.84979248046875,1611.133544921875,871.6121826171875
809.7171020507812,474.01019287109375,818.1460571289062,883.6893310546875,830.9730224609375,474.4473571777344,836.3597412109375,881.169189453125,848.9663696289062,473.2999572753906,851.474365234375,877.41650390625,879.7509765625,464.97955322265625,882.1979370117188,845.4653930664062,888.92041015625,419.0509033203125,894.4559326171875,847.1881713867188,891.4985961914062,386.55438232421875,898.40478515625,819.802490234375,900.001953125,391.7715759277344,908.5701904296875,821.509521484375,1127.8740234375,502.4199523925781,1128.9395751953125,890.4592895507812,1153.0933837890625,498.28143310546875,1151.6123046875,884.11865234375,1176.93896484375,494.4442138671875,1174.4820556640625,874.218017578125,1148.94677734375,486.541259765625,1149.51416015625,841.9428100585938,1137.081298828125,444.7496337890625,1131.803955078125,856.4580078125,1123.3389892578125,418.1188049316406,1120.040283203125,837.6925048828125,1149.089599609375,415.5953063964844,1142.7149658203125,839.8843383789062,746.2640380859375,353.7799072265625,761.5553588867188,848.880859375,954.3072509765625,404.5687255859375,960.1519775390625,825.5084228515625,1010.0782470703125,416.9177551269531,1014.6869506835938,831.3468017578125,1068.2410888671875,420.3705749511719,1067.6610107421875,835.6578369140625,1230.332763671875,422.0912780761719,1222.6519775390625,849.4366455078125,1315.363525390625,430.23248291015625,1296.7147216796875,854.909423828125,1401.9932861328125,437.7466735839844,1380.7305908203125,863.6463623046875,1483.7064208984375,449.9283142089844,1457.0654296875,870.5570678710938,1551.1566162109375,461.59881591796875,1537.4283447265625,876.2613525390625,1622.2291259765625,476.7853698730469,1610.7769775390625,871.59033203125
809.6901245117188,474.0552673339844,818.1717529296875,883.782470703125,830.9496459960938,474.5480041503906,836.4009399414062,881.1640014648438,849.003173828125,473.356689453125,851.5108642578125,877.4169921875,879.5927734375,465.04791259765625,881.9437255859375,845.0914306640625,888.332763671875,419.142578125,893.7266235351562,847.127685546875,890.6456298828125,386.82940673828125,897.9832763671875,819.866455078125,899.329345703125,392.0137634277344,908.2169799804688,821.5687255859375,1127.9981689453125,502.38916015625,1128.9534912109375,890.40625,1153.1917724609375,498.2401123046875,1151.8907470703125,884.1702270507812,1177.0640869140625,494.4905700683594,1174.9915771484375,873.9686889648438,1148.97216796875,486.71356201171875,1149.559326171875,841.7920532226562,1136.5042724609375,444.8700256347656,1131.9625244140625,856.2025146484375,1122.8753662109375,418.1494140625,1120.3369140625,837.7871704101562,1148.7354736328125,415.6233215332031,1142.65283203125,839.8914184570312,745.8456420898438,354.06793212890625,761.0560302734375,848.958740234375,953.86865234375,404.81903076171875,959.959716796875,825.6749267578125,1009.7742919921875,416.8708190917969,1015.1729736328125,830.8834838867188,1067.9027099609375,420.29754638671875,1068.474609375,835.126220703125,1229.3876953125,422.187255859375,1222.7073974609375,849.3777465820312,1314.795654296875,430.4041442871094,1297.28662109375,854.8616333007812,1401.18017578125,437.57275390625,1381.1414794921875,863.6378173828125,1483.9417724609375,450.2334289550781,1457.5054931640625,870.685302734375,1550.7012939453125,461.5412292480469,1537.47119140625,876.4217529296875,1621.705322265625,476.7010803222656,1610.2520751953125,871.839599609375
809.5066528320312,474.0484619140625,818.1785278320312,883.7203369140625,830.7688598632812,474.61468505859375,836.4371948242188,881.2841186523438,848.80908203125,473.3179931640625,851.5877075195312,877.4522094726562,879.32080078125,465.1498107910156,882.0159912109375,845.0739135742188,888.0234985351562,419.1294860839844,893.6591186523438,847.1265869140625,888.166259765625,385.96002197265625,897.2659301757812,820.0216674804688,898.887939453125,391.9759826660156,907.4130859375,821.5146484375,1127.9578857421875,502.4391174316406,1129.4051513671875,890.5149536132812,1153.1002197265625,498.1370849609375,1151.9451904296875,884.3846435546875,1176.9891357421875,494.5997619628906,1174.7772216796875,873.9696655273438,1148.5931396484375,486.8117980957031,1149.487060546875,842.46337890625,1136.013916015625,445.2251281738281,1132.142333984375,856.2201538085938,1122.070556640625,418.20477294921875,1120.71044921875,837.8934936523438,1147.2535400390625,415.26800537109375,1142.4188232421875,839.8514404296875,745.1529541015625,354.2421875,760.4987182617188,849.051513671875,953.5284423828125,404.7922668457031,960.0393676757812,825.8482666015625,1008.6507568359375,417.0539245605469,1014.3320922851562,831.5923461914062,1066.7509765625,420.35882568359375,1069.5159912109375,835.1585083007812,1228.2833251953125,422.1435546875,1223.1416015625,849.4542236328125,1311.0966796875,429.6589660644531,1297.304931640625,855.0230712890625,1399.5218505859375,437.2596130371094,1380.3641357421875,863.5758666992188,1483.335205078125,450.1629333496094,1456.7105712890625,870.7643432617188,1550.3421630859375,461.5623779296875,1537.2615966796875,876.4910278320312,1621.11572265625,476.783447265625,1609.78466796875,871.9434814453125
809.6012573242188,474.0541687011719,818.2369995117188,883.8071899414062,830.843505859375,474.6202392578125,836.4793090820312,881.33740234375,848.819091796875,473.3055725097656,851.6057739257812,877.4454345703125,879.0130615234375,465.11083984375,881.7593383789062,844.8660888671875,887.7548217773438,418.9969787597656,892.991455078125,847.3165283203125,888.2218627929688,385.951171875,896.4417724609375,820.1080932617188,898.7782592773438,391.90753173828125,906.4826049804688,821.5355224609375,1128.0140380859375,502.3383483886719,1129.1507568359375,890.5032348632812,1153.0750732421875,498.1617431640625,1152.1746826171875,884.5146484375,1177.0418701171875,494.683837890625,1174.9095458984375,873.804931640625,1148.541015625,487.119140625,1149.2286376953125,842.400390625,1135.9808349609375,445.3066711425781,1131.453125,856.3927612304688,1122.1092529296875,418.4162292480469,1120.4368896484375,837.8223266601562,1147.6265869140625,415.717041015625,1141.686279296875,839.7010498046875,744.5377197265625,354.414794921875,759.9228515625,848.8348388671875,953.1864624023438,405.0679016113281,959.6112060546875,825.8099365234375,1008.904541015625,417.0994873046875,1014.1405029296875,830.7872924804688,1066.7479248046875,420.0842590332031,1067.9395751953125,834.7911987304688,1227.9468994140625,422.0997009277344,1223.584228515625,849.4404907226562,1311.25439453125,429.81439208984375,1297.479736328125,854.984619140625,1396.7255859375,436.60186767578125,1379.978271484375,863.718505859375,1483.15673828125,450.34698486328125,1452.945068359375,870.010986328125,1549.9298095703125,461.4402770996094,1537.044189453125,876.49609375,1620.302978515625,476.8702392578125,1609.0455322265625,871.7999267578125
809.5171508789062,474.0455322265625,818.0874633789062,883.7418212890625,830.7117309570312,474.6234436035156,836.4058227539062,881.3445434570312,848.6807250976562,473.28631591796875,851.6159057617188,877.4707641601562,878.9602661132812,465.1272277832031,881.3488159179688,844.7020263671875,887.3760986328125,418.956787109375,892.4657592773438,847.2418823242188,887.5050659179688,385.8921203613281,896.4401245117188,820.112548828125,897.9795532226562,391.7338562011719,906.4288330078125,821.5040283203125,1127.9373779296875,502.25604248046875,1129.509521484375,890.4229736328125,1152.9522705078125,498.0329895019531,1152.1148681640625,884.6694946289062,1176.884033203125,494.723388671875,1174.9630126953125,873.9088745117188,1148.3233642578125,486.9183349609375,1149.7193603515625,842.9722900390625,1135.5135498046875,445.1605529785156,1130.8516845703125,856.4166870117188,1121.8819580078125,418.5208435058594,1120.6165771484375,837.77099609375,1147.3629150390625,415.65985107421875,1140.9464111328125,839.5137939453125,744.06884765625,354.6464538574219,759.4071044921875,848.6753540039062,952.9832763671875,405.05474853515625,959.9015502929688,825.7066040039062,1008.8777465820312,417.3102722167969,1014.170654296875,830.650390625,1067.0963134765625,420.1775207519531,1067.923828125,834.7058715820312,1227.552001953125,421.9711608886719,1222.65185546875,849.4052734375,1314.609619140625,430.4801940917969,1297.114990234375,854.8245239257812,1399.91552734375,437.45343017578125,1380.146484375,863.7218017578125,1481.928466796875,449.92718505859375,1452.402099609375,870.0908203125,1549.1156005859375,461.2699279785156,1536.739013671875,876.4744262695312,1619.689208984375,476.8970947265625,1608.6646728515625,871.696533203125
809.4886474609375,474.0379943847656,818.0313720703125,883.789306640625,830.7055053710938,474.654052734375,836.4478759765625,881.3046264648438,848.6566162109375,473.3214111328125,851.697998046875,877.444091796875,878.7442626953125,465.21099853515625,881.0444946289062,844.5847778320312,886.8756103515625,418.9811706542969,892.1024169921875,847.1727294921875,887.1702880859375,385.9087829589844,896.1304931640625,820.0156860351562,897.4940185546875,391.9109802246094,906.4672241210938,821.4589233398438,1127.9951171875,502.3179931640625,1129.3173828125,890.2064208984375,1152.8958740234375,497.9163513183594,1152.0496826171875,884.6033325195312,1176.899658203125,494.6851806640625,1174.8641357421875,873.8170166015625,1148.3004150390625,487.1163024902344,1149.768798828125,843.115966796875,1134.84912109375,445.6292419433594,1130.223388671875,856.3167114257812,1120.81689453125,418.99072265625,1120.4111328125,837.8770751953125,1146.43212890625,415.8927001953125,1140.2498779296875,839.3450927734375,743.6187744140625,354.3553161621094,758.9993286132812,848.2666625976562,952.4740600585938,405.0682678222656,959.6709594726562,825.6319580078125,1008.3299560546875,417.5158996582031,1013.4877319335938,830.59912109375,1066.3331298828125,420.5263671875,1066.3409423828125,832.1368408203125,1225.9700927734375,421.9357604980469,1221.9964599609375,849.2203979492188,1311.15185546875,430.25787353515625,1297.458984375,854.8914184570312,1395.4254150390625,436.8658752441406,1380.1668701171875,863.696044921875,1481.3575439453125,449.6856994628906,1451.869140625,870.044189453125,1548.5614013671875,461.0879821777344,1536.2606201171875,876.5278930664062,1619.0955810546875,476.9241943359375,1608.40234375,871.5944213867188
809.525390625,474.1101379394531,817.9594116210938,883.6544189453125,830.6439208984375,474.652099609375,836.3943481445312,881.1651000976562,848.5475463867188,473.3241882324219,852.3914794921875,877.2994995117188,878.539306640625,465.29522705078125,881.066650390625,844.5377197265625,886.3892211914062,418.9780578613281,892.0348510742188,847.1627807617188,886.2826538085938,386.15032958984375,896.2562255859375,819.843505859375,896.7376708984375,392.0862731933594,906.4580688476562,821.2938232421875,1128.010009765625,502.27825927734375,1129.1597900390625,890.25146484375,1152.924560546875,497.82781982421875,1151.7945556640625,884.4413452148438,1176.9686279296875,494.63214111328125,1174.741455078125,873.7637329101562,1147.721923828125,486.9368591308594,1149.0419921875,842.5932006835938,1134.3167724609375,445.7838439941406,1130.045166015625,856.1123046875,1120.0777587890625,419.2481994628906,1120.220703125,837.8535766601562,1145.2572021484375,416.0987854003906,1139.8338623046875,839.118896484375,743.2429809570312,354.2660217285156,758.6192626953125,847.71484375,951.391845703125,405.0882568359375,959.3947143554688,825.5927124023438,1007.8115844726562,417.61383056640625,1013.54248046875,830.4625244140625,1066.0203857421875,420.9413146972656,1065.630126953125,832.5643310546875,1226.177734375,422.02490234375,1221.6641845703125,849.0702514648438,1311.1884765625,430.3181457519531,1297.6715087890625,854.8711547851562,1395.85986328125,436.9903259277344,1381.109130859375,863.5702514648438,1480.8548583984375,449.600830078125,1452.8880615234375,870.1546020507812,1548.182861328125,461.0297546386719,1536.6563720703125,876.5900268554688,1618.6697998046875,476.8799133300781,1607.8375244140625,871.311279296875
809.6290893554688,474.1142883300781,817.9127197265625,883.6302490234375,830.6990966796875,474.73980712890625,836.3470458984375,881.0804443359375,848.5557861328125,473.3749084472656,852.2070922851562,877.2322998046875,878.48974609375,465.3487854003906,880.6959838867188,844.4713745117188,886.0547485351562,418.807373046875,890.2181396484375,846.98779296875,885.5655517578125,386.00909423828125,895.4708251953125,819.5925903320312,896.0740356445312,391.9309387207031,905.7670288085938,821.0449829101562,1128.1419677734375,502.20477294921875,1129.21923828125,890.165771484375,1152.947021484375,497.8518371582031,1151.737548828125,884.4743041992188,1176.9246826171875,494.68878173828125,1174.705322265625,873.5971069335938,1147.535400390625,486.9810485839844,1148.605224609375,842.440673828125,1133.556640625,446.09991455078125,1129.33642578125,855.9807739257812,1119.6536865234375,419.50665283203125,1119.470947265625,837.6309204101562,1144.7432861328125,416.5033264160156,1139.0894775390625,838.832763671875,742.7857055664062,353.94732666015625,758.243408203125,847.2954711914062,951.3245849609375,405.1131286621094,958.744140625,825.6397094726562,1007.61767578125,417.3321228027344,1012.2376098632812,830.3088989257812,1065.3807373046875,421.121826171875,1063.4515380859375,832.6871948242188,1225.8489990234375,422.2425842285156,1222.2696533203125,849.0715942382812,1311.6141357421875,430.1643371582031,1298.194580078125,854.7086791992188,1396.1671142578125,437.21795654296875,1381.46337890625,863.6427001953125,1480.6265869140625,449.5773010253906,1453.3138427734375,870.105224609375,1547.8564453125,460.9231262207031,1536.2100830078125,876.5243530273438,1618.2598876953125,476.9342346191406,1607.2840576171875,871.2902221679688
809.6448974609375,474.1356506347656,817.9527587890625,883.66015625,830.6395874023438,474.6607360839844,836.3861083984375,881.0692749023438,848.40625,473.3638000488281,852.1445922851562,877.3295288085938,878.2158813476562,466.2127990722656,880.9232177734375,844.555908203125,885.5375366210938,418.9316101074219,889.8831787109375,847.8274536132812,884.9254760742188,385.9351501464844,894.1735229492188,819.2526245117188,895.558349609375,391.96343994140625,904.268798828125,820.6986694335938,1128.0592041015625,502.1736755371094,1128.8812255859375,889.9382934570312,1152.893798828125,497.8789367675781,1151.6201171875,884.5127563476562,1176.9083251953125,494.74810791015625,1174.6402587890625,873.530517578125,1147.3013916015625,486.7882385253906,1148.1458740234375,842.1790161132812,1132.7855224609375,446.4673767089844,1128.305908203125,855.669189453125,1118.948486328125,419.9546203613281,1118.895751953125,837.67333984375,1144.5762939453125,416.4661865234375,1138.4244384765625,838.7739868164062,742.4202880859375,353.6220397949219,758.1812133789062,847.3035888671875,951.5303344726562,406.04779052734375,958.3616333007812,825.4478149414062,1007.2323608398438,417.41070556640625,1011.4921875,830.02880859375,1064.6964111328125,421.7651062011719,1062.9539794921875,832.5845947265625,1225.920654296875,422.3222961425781,1221.3551025390625,848.9111938476562,1311.15576171875,430.4137268066406,1298.3531494140625,854.7539672851562,1395.4261474609375,437.206298828125,1380.9927978515625,863.5186157226562,1474.2396240234375,449.041015625,1453.363525390625,870.1513671875,1547.0938720703125,460.67413330078125,1535.94775390625,876.486083984375,1617.7581787109375,476.97381591796875,1607.0391845703125,871.4683227539062
809.6553344726562,474.030517578125,817.9310913085938,883.5912475585938,830.6786499023438,474.6969909667969,836.3905029296875,881.0001831054688,848.8031616210938,474.5645751953125,852.174560546875,877.3350219726562,878.1099853515625,466.1947937011719,880.828125,844.0308227539062,885.1544189453125,418.95916748046875,889.6132202148438,847.7330322265625,884.9646606445312,386.0867919921875,894.5287475585938,819.0121459960938,895.6464233398438,392.2060546875,904.61376953125,820.4981079101562,1128.1527099609375,502.2152404785156,1129.3841552734375,889.9510498046875,1152.8648681640625,497.9002685546875,1151.841796875,884.50439453125,1176.914794921875,494.82867431640625,1174.777099609375,873.3638305664062,1147.068115234375,487.0457763671875,1147.78076171875,841.77197265625,1132.29638671875,447.0211181640625,1128.01171875,855.4298706054688,1118.9324951171875,421.34393310546875,1117.5076904296875,837.3179321289062,1143.876953125,416.86444091796875,1137.2921142578125,838.6137084960938,742.0745849609375,353.4754943847656,757.8433837890625,846.5309448242188,951.4143676757812,406.1624755859375,958.6979370117188,825.4500122070312,1006.9163208007812,417.4670104980469,1010.89111328125,829.8619995117188,1064.2259521484375,422.12969970703125,1063.038330078125,832.6890258789062,1225.13037109375,422.4685363769531,1220.458251953125,848.8612060546875,1310.8621826171875,430.55303955078125,1297.6641845703125,854.5028686523438,1394.772216796875,437.46551513671875,1380.3399658203125,863.0042114257812,1475.216796875,449.3150634765625,1453.613037109375,870.2330322265625,1546.7105712890625,460.515869140625,1535.9974365234375,876.609375,1617.2066650390625,476.9496765136719,1606.657470703125,871.646728515625
809.7406005859375,473.9895324707031,818.0496215820312,883.7050170898438,830.6690673828125,474.648193359375,836.4229125976562,881.1034545898438,848.7145385742188,474.54547119140625,852.1538696289062,877.4147338867188,877.782470703125,466.29730224609375,880.7075805664062,843.9614868164062,884.6957397460938,418.8428649902344,889.416015625,847.5193481445312,884.2882080078125,386.0378112792969,894.0631103515625,818.8461303710938,895.0562133789062,391.880615234375,904.4459838867188,820.3455810546875,1128.0843505859375,502.1148376464844,1128.8525390625,889.7719116210938,1152.8525390625,497.80584716796875,1151.67919921875,884.460205078125,1176.8936767578125,494.87799072265625,1174.767333984375,873.5108032226562,1146.8494873046875,487.0072937011719,1147.722412109375,841.6920776367188,1132.0155029296875,447.07977294921875,1128.3875732421875,855.4246826171875,1118.6435546875,421.54339599609375,1117.6334228515625,837.3152465820312,1143.5782470703125,417.24627685546875,1137.112060546875,838.57177734375,741.59912109375,353.13568115234375,757.4490966796875,846.2122192382812,950.7264404296875,406.17041015625,958.5009155273438,825.6521606445312,1006.0701904296875,417.673583984375,1011.5413208007812,829.8168334960938,1064.8958740234375,422.0699157714844,1063.6240234375,833.263671875,1225.04345703125,422.5784912109375,1221.09375,849.0145874023438,1310.3231201171875,430.6212158203125,1296.9534912109375,854.5748291015625,1395.134521484375,437.3331298828125,1379.363525390625,863.0006713867188,1476.1502685546875,449.45916748046875,1452.1202392578125,870.3564453125,1546.65087890625,460.5309753417969,1535.599853515625,876.58642578125,1616.76220703125,476.95037841796875,1606.2740478515625,871.7176513671875
809.676513671875,474.06658935546875,818.03955078125,883.720703125,830.59033203125,474.6956787109375,836.3385009765625,881.1459350585938,848.7258911132812,474.5518493652344,851.9876098632812,877.571044921875,877.5439453125,466.3849182128906,880.4610595703125,844.0781860351562,884.2109985351562,418.76983642578125,889.131103515625,847.3262329101562,883.8837890625,385.9216003417969,893.3726806640625,818.6442260742188,894.6243896484375,391.82470703125,903.863037109375,820.0916137695312,1128.1380615234375,502.0377502441406,1129.36181640625,889.8217163085938,1152.7945556640625,497.7857666015625,1152.0003662109375,884.6079711914062,1176.847412109375,494.90863037109375,1174.6754150390625,873.5018920898438,1146.8133544921875,486.83770751953125,1147.2872314453125,841.8482055664062,1132.11572265625,447.3556823730469,1128.2183837890625,855.5972290039062,1119.418701171875,421.4953918457031,1117.3675537109375,837.479248046875,1143.3397216796875,417.7690124511719,1136.8763427734375,838.7180786132812,741.013427734375,353.20880126953125,757.07080078125,845.6785888671875,950.5282592773438,406.193359375,957.4213256835938,825.4496459960938,1006.1434326171875,417.63726806640625,1010.9717407226562,830.5442504882812,1064.7994384765625,422.4486389160156,1063.89697265625,834.0908203125,1224.077392578125,422.67608642578125,1220.775634765625,849.2692260742188,1308.409912109375,430.58856201171875,1296.8905029296875,854.5086059570312,1394.2265625,437.3692321777344,1379.0826416015625,863.1202392578125,1475.3040771484375,449.2642517089844,1451.8004150390625,870.5990600585938,1546.604736328125,460.51177978515625,1535.9334716796875,876.7341918945312,1616.427490234375,476.838134765625,1605.9473876953125,871.8803100585938
809.7256469726562,474.015380859375,818.0093383789062,883.7673950195312,830.5592651367188,474.70697021484375,836.4579467773438,881.1744384765625,848.7312622070312,474.6141357421875,852.120849609375,877.52978515625,877.2036743164062,466.4812316894531,880.424072265625,843.7742309570312,883.9511108398438,418.6405029296875,888.6463623046875,847.232666015625,883.8870239257812,385.85498046875,893.6810302734375,818.6162719726562,894.5972290039062,391.69329833984375,904.4876098632812,820.0087280273438,1128.0517578125,501.90692138671875,1129.0340576171875,889.6530151367188,1152.8145751953125,497.63555908203125,1151.6640625,884.5096435546875,1176.796630859375,494.91314697265625,1174.3597412109375,873.5228271484375,1146.6947021484375,487.0667724609375,1146.9761962890625,841.4024047851562,1131.8057861328125,447.60150146484375,1128.0108642578125,855.266357421875,1118.6041259765625,421.52178955078125,1117.379150390625,837.5103759765625,1143.1221923828125,418.02215576171875,1136.52734375,838.646484375,740.7608642578125,353.1063232421875,756.80224609375,845.39208984375,950.2160034179688,406.29571533203125,957.98828125,825.5662231445312,1005.28515625,417.6064147949219,1011.2161254882812,830.5772094726562,1064.669189453125,421.9499816894531,1063.741943359375,834.5150756835938,1224.0926513671875,422.7450866699219,1221.8541259765625,849.3388061523438,1307.4207763671875,430.6954650878906,1298.51123046875,854.8336791992188,1394.28857421875,437.6752014160156,1379.2193603515625,863.3017578125,1474.719970703125,449.2884216308594,1450.46044921875,870.582763671875,1546.348388671875,460.56201171875,1535.301025390625,876.6177368164062,1616.2098388671875,476.7413024902344,1605.693115234375,871.924560546875
809.7701416015625,474.0418395996094,818.1162109375,883.8744506835938,830.5719604492188,474.7171936035156,836.4786987304688,881.2767944335938,848.7291870117188,474.5873107910156,851.9736328125,877.6791381835938,877.1670532226562,466.4912414550781,879.8770751953125,844.0026245117188,883.5344848632812,418.5837097167969,887.9952392578125,847.222412109375,883.4570922851562,385.9206848144531,894.4390869140625,818.8881225585938,894.1570434570312,391.6665344238281,904.3159790039062,820.6301879882812,1128.1429443359375,501.9023742675781,1129.3173828125,889.7767944335938,1152.927490234375,497.49224853515625,1151.8192138671875,884.626953125,1176.8614501953125,494.8793029785156,1174.5740966796875,873.6622314453125,1146.548828125,487.33154296875,1146.987548828125,841.7098999023438,1131.76904296875,447.9153747558594,1127.725341796875,855.449462890625,1118.675048828125,421.76873779296875,1116.7996826171875,837.4160766601562,1143.0234375,418.405029296875,1136.1929931640625,838.6614990234375,740.5138549804688,352.90887451171875,756.5516967773438,845.0104370117188,949.7423706054688,406.46923828125,957.1039428710938,825.5206298828125,1005.2205810546875,417.6681213378906,1010.599609375,830.41259765625,1064.521484375,421.7550964355469,1063.19775390625,834.5272827148438,1223.8883056640625,423.12664794921875,1219.9661865234375,849.38720703125,1307.1014404296875,431.0267333984375,1295.60595703125,854.764892578125,1393.390625,437.5551452636719,1378.663818359375,863.41455078125,1473.8822021484375,449.2539978027344,1448.8114013671875,870.5479736328125,1545.90625,460.3789978027344,1529.373779296875,875.2180786132812,1615.8751220703125,476.8075866699219,1605.374267578125,871.6871948242188
809.7810668945312,474.0693664550781,818.041748046875,883.9131469726562,830.5498046875,474.7109069824219,836.48095703125,881.2337036132812,848.7674560546875,474.51708984375,851.9075317382812,877.7802734375,877.0553588867188,466.5279846191406,880.0718383789062,844.0149536132812,883.2166748046875,418.5267639160156,887.81103515625,847.0595703125,883.1907348632812,385.69378662109375,894.2986450195312,818.6604614257812,894.0903930664062,391.5107727050781,904.11767578125,820.3812866210938,1128.1558837890625,501.8509216308594,1129.226318359375,889.7444458007812,1152.9619140625,497.4858093261719,1151.8302001953125,884.6439819335938,1176.8438720703125,495.0402526855469,1174.5771484375,873.72900390625,1146.5673828125,487.23797607421875,1146.8111572265625,841.4750366210938,1131.357421875,448.0556335449219,1127.62744140625,855.4537963867188,1117.6591796875,421.9110412597656,1116.7764892578125,837.48388671875,1142.2745361328125,418.61309814453125,1136.1851806640625,838.6845703125,740.232421875,353.05059814453125,756.3829956054688,844.5795288085938,949.2086791992188,406.45587158203125,957.0377807617188,825.500732421875,1004.5791625976562,417.552978515625,1011.380859375,829.6279296875,1063.65185546875,422.00103759765625,1062.61474609375,834.53173828125,1222.52587890625,422.8103942871094,1220.74462890625,849.4046630859375,1306.5179443359375,431.10137939453125,1297.065185546875,854.742919921875,1393.3326416015625,437.7898254394531,1379.390869140625,863.7073364257812,1473.9649658203125,449.2713623046875,1449.7196044921875,870.5631713867188,1545.7425537109375,460.3676452636719,1529.72802734375,875.1470336914062,1615.62451171875,476.68389892578125,1605.1064453125,871.560791015625
809.7481689453125,474.0653381347656,817.8800659179688,883.7780151367188,830.5662841796875,474.7016296386719,836.37841796875,881.2260131835938,848.781005859375,474.4546203613281,851.8129272460938,877.7279052734375,876.9850463867188,466.5967712402344,880.268310546875,843.9530639648438,883.039306640625,418.4459228515625,887.5460815429688,846.9354858398438,883.0814819335938,385.702392578125,893.7196655273438,818.4697265625,893.7279663085938,391.3175354003906,903.2388305664062,820.20654296875,1128.14208984375,501.9335632324219,1128.9141845703125,889.6622314453125,1153.0133056640625,497.5556640625,1151.670166015625,884.6210327148438,1176.8697509765625,495.04351806640625,1174.446044921875,873.5626831054688,1146.404541015625,487.40771484375,1146.7198486328125,841.6575317382812,1130.743408203125,448.548583984375,1127.3743896484375,855.5323486328125,1115.968994140625,422.30230712890625,1116.1585693359375,837.4413452148438,1141.055419921875,418.768310546875,1135.712890625,838.6691284179688,739.9780883789062,353.0575866699219,756.1536254882812,844.0936279296875,948.7320556640625,406.1694030761719,956.0977172851562,825.402099609375,1003.70361328125,417.53936767578125,1009.9645385742188,830.441650390625,1062.22900390625,422.43634033203125,1062.5478515625,834.5436401367188,1221.9134521484375,422.9711608886719,1220.439697265625,849.318359375,1306.7176513671875,431.2152404785156,1296.7562255859375,854.90625,1394.0806884765625,438.0491027832031,1379.1195068359375,863.62890625,1474.4010009765625,449.4000549316406,1449.0322265625,870.6687622070312,1545.6219482421875,460.3369445800781,1528.7525634765625,875.0858154296875,1615.2611083984375,476.11529541015625,1605.00244140625,871.5162963867188
809.8350219726562,474.05426025390625,817.7748413085938,883.836669921875,830.0726318359375,473.97564697265625,836.2568969726562,881.3078002929688,848.815673828125,474.54083251953125,851.6975708007812,877.8450927734375,876.9776000976562,466.7446594238281,879.7459106445312,843.96240234375,882.7525634765625,418.48870849609375,887.12646484375,846.93896484375,882.9470825195312,385.7569580078125,893.3965454101562,818.2928466796875,893.541259765625,391.51605224609375,902.8975830078125,820.1085815429688,1128.16748046875,501.83917236328125,1129.0206298828125,889.6279296875,1153.099609375,497.4672546386719,1151.780517578125,884.6060791015625,1176.9366455078125,495.13470458984375,1174.568359375,873.406005859375,1146.4970703125,487.7164306640625,1146.5133056640625,841.4729614257812,1131.190673828125,448.8650817871094,1127.088623046875,855.4749755859375,1116.1092529296875,422.72607421875,1115.662841796875,837.2324829101562,1141.035888671875,419.2419738769531,1135.2196044921875,838.5820922851562,739.8016357421875,352.9428405761719,755.7108154296875,843.3406982421875,948.6729125976562,406.287109375,955.990478515625,825.39697265625,1003.8668212890625,417.3790283203125,1010.2278442382812,829.5582275390625,1062.6680908203125,422.22808837890625,1061.914794921875,834.5370483398438,1221.568359375,423.1787109375,1219.128662109375,849.1767578125,1304.4173583984375,431.3329162597656,1295.658447265625,854.7549438476562,1392.0994873046875,438.0868835449219,1378.89501953125,863.6710205078125,1473.14013671875,449.2755432128906,1448.57275390625,870.546630859375,1544.8096923828125,460.1615295410156,1528.7364501953125,874.9564819335938,1614.991455078125,476.0526123046875,1604.8895263671875,871.2911376953125
809.7216796875,473.89044189453125,817.6347045898438,883.755126953125,830.1498413085938,473.96636962890625,836.0728149414062,881.3128051757812,848.8688354492188,474.52276611328125,851.4435424804688,877.678955078125,876.9996948242188,466.74212646484375,879.3834838867188,844.4329223632812,882.5540771484375,418.3739929199219,886.7177734375,846.9378662109375,882.6294555664062,385.6332092285156,891.3399658203125,817.4700927734375,893.0806884765625,391.3977355957031,902.2258911132812,819.912841796875,1128.2730712890625,501.8470153808594,1128.9324951171875,889.6592407226562,1153.104248046875,497.5010070800781,1151.5281982421875,884.5006103515625,1176.9881591796875,495.08795166015625,1174.42236328125,873.4411010742188,1146.4176025390625,487.6558532714844,1146.49267578125,841.3734741210938,1129.6728515625,448.2716979980469,1127.4918212890625,855.371337890625,1115.574462890625,423.0084533691406,1116.2650146484375,837.2988891601562,1140.48046875,419.3014221191406,1135.7127685546875,838.585693359375,739.4488525390625,353.09320068359375,755.3699951171875,842.7696533203125,948.4181518554688,406.41168212890625,956.0631103515625,825.2705688476562,1003.4863891601562,417.7179870605469,1009.9757690429688,830.2537231445312,1062.032470703125,422.5228271484375,1062.5999755859375,834.3909301757812,1220.7548828125,423.1158142089844,1215.07373046875,849.0263671875,1302.6168212890625,431.6782531738281,1294.8995361328125,854.7369384765625,1391.02392578125,438.1948547363281,1378.26953125,863.4380493164062,1472.7652587890625,449.28765869140625,1449.1495361328125,870.61962890625,1544.40283203125,460.1673889160156,1529.568359375,875.1105346679688,1614.6773681640625,475.9348449707031,1604.6168212890625,871.3358154296875
809.7892456054688,474.0129089355469,817.5203857421875,883.6778564453125,830.1399536132812,473.97528076171875,836.0621337890625,881.2320556640625,848.9026489257812,474.5408630371094,851.5174560546875,877.9357299804688,876.8164672851562,466.65277099609375,879.5670166015625,844.1900024414062,882.1533203125,418.2102355957031,886.4813232421875,846.7792358398438,882.3218383789062,385.68902587890625,891.44482421875,817.4369506835938,892.6836547851562,391.3455810546875,901.8695678710938,819.8549194335938,1128.3363037109375,501.8265380859375,1125.8336181640625,889.1315307617188,1153.1500244140625,497.397705078125,1151.144775390625,884.3997192382812,1176.9420166015625,495.194580078125,1174.2578125,873.5733032226562,1146.2159423828125,487.71636962890625,1145.9222412109375,841.3287353515625,1129.0982666015625,448.3935852050781,1126.5277099609375,855.2535400390625,1115.1317138671875,423.030517578125,1114.7666015625,837.0348510742188,1140.080322265625,419.5261535644531,1134.42431640625,838.3905029296875,738.9400634765625,353.2501525878906,754.84375,842.3273315429688,948.27783203125,406.5987854003906,955.4392700195312,825.2605590820312,1003.194580078125,418.12359619140625,1006.6036376953125,829.9600219726562,1061.73681640625,422.7223205566406,1060.6947021484375,834.2774658203125,1220.871826171875,423.130615234375,1213.9515380859375,848.8870849609375,1304.3028564453125,431.7994079589844,1294.3194580078125,854.625732421875,1391.1640625,438.5066223144531,1378.2939453125,863.2537841796875,1468.8878173828125,449.2817687988281,1447.8736572265625,870.5230712890625,1541.76708984375,459.610595703125,1528.119140625,875.1298828125,1614.0570068359375,475.8497314453125,1604.1439208984375,871.3511962890625
809.7652587890625,473.91900634765625,817.46240234375,883.6436767578125,830.1565551757812,473.931396484375,836.0104370117188,881.169921875,848.9890747070312,474.5120544433594,851.379150390625,877.9141845703125,876.6018676757812,466.7497863769531,878.8129272460938,844.6218872070312,881.7212524414062,418.2567138671875,885.2966918945312,846.4287109375,881.927978515625,385.5536804199219,890.1580810546875,817.3340454101562,892.3148193359375,391.2452087402344,900.5647583007812,819.7676391601562,1128.3341064453125,501.85205078125,1125.802734375,889.0917358398438,1153.111083984375,497.3916320800781,1151.3482666015625,884.50244140625,1176.858154296875,495.1388854980469,1174.442138671875,873.32568359375,1146.035400390625,487.50244140625,1146.1474609375,841.5509033203125,1128.64404296875,448.50469970703125,1126.8253173828125,855.0817260742188,1115.016357421875,422.9423828125,1115.0631103515625,836.900146484375,1139.654296875,419.5570068359375,1134.4810791015625,838.3314819335938,738.4481811523438,353.2196960449219,754.3236083984375,842.0358276367188,948.0166625976562,406.4717712402344,955.5418701171875,825.1432495117188,1002.9995727539062,417.9731140136719,1006.6039428710938,829.9633178710938,1061.7222900390625,422.7704162597656,1061.2861328125,834.1913452148438,1220.125,423.0828552246094,1213.5491943359375,848.5111083984375,1303.8028564453125,431.7923278808594,1293.223876953125,854.428955078125,1390.28466796875,438.9017639160156,1376.774169921875,863.2427368164062,1468.8677978515625,449.4400329589844,1447.3426513671875,870.5722045898438,1541.1500244140625,459.67498779296875,1527.080078125,875.1995849609375,1613.4764404296875,475.9405212402344,1603.6614990234375,871.50732421875
809.6947021484375,473.8531494140625,817.5120849609375,883.6719360351562,830.0477905273438,473.836181640625,836.064697265625,881.1353759765625,848.884033203125,474.4604797363281,851.4293823242188,877.9010620117188,876.4182739257812,466.6388244628906,878.7089233398438,844.3228149414062,881.4567260742188,418.26104736328125,885.0989990234375,846.2807006835938,881.7696533203125,385.2757873535156,889.9761352539062,817.2606201171875,892.2044067382812,391.0341796875,900.2933959960938,819.630126953125,1128.2781982421875,501.8601379394531,1128.686767578125,889.103759765625,1152.942138671875,497.43695068359375,1151.619140625,884.5574951171875,1176.7669677734375,495.1329650878906,1174.304931640625,873.2088012695312,1145.7911376953125,487.7624206542969,1145.2034912109375,841.2076416015625,1128.108642578125,448.6248779296875,1125.9661865234375,854.9398193359375,1114.73974609375,423.15240478515625,1113.6019287109375,836.5009765625,1139.371826171875,419.7434387207031,1135.3114013671875,837.740478515625,737.7018432617188,353.3382263183594,753.8310546875,841.9029541015625,947.5811767578125,406.4423522949219,955.55224609375,824.7637939453125,1002.8324584960938,418.16064453125,1006.090576171875,829.7354736328125,1061.5860595703125,422.6015930175781,1060.1058349609375,833.9270629882812,1220.05859375,423.33526611328125,1212.9237060546875,848.1817626953125,1304.0758056640625,431.9972839355469,1289.557373046875,853.9048461914062,1390.9090576171875,439.18896484375,1376.2120361328125,863.14697265625,1469.19970703125,449.5481872558594,1444.663818359375,869.8211669921875,1540.6353759765625,459.8050537109375,1526.5,875.2185668945312,1612.7601318359375,476.0496826171875,1603.1165771484375,871.5748901367188
809.7312622070312,473.8919982910156,817.48974609375,883.7954711914062,830.0133056640625,473.9239501953125,835.9737548828125,881.261474609375,848.8231201171875,474.5208740234375,851.370361328125,877.8389892578125,876.0575561523438,466.7536315917969,878.16943359375,844.1688842773438,880.9862060546875,418.3556823730469,884.8599853515625,846.15771484375,881.271484375,385.2784729003906,889.9649658203125,817.1909790039062,891.6519775390625,391.0091247558594,900.4423217773438,819.4820556640625,1128.3382568359375,502.0149230957031,1129.133056640625,889.1397705078125,1152.93359375,497.475830078125,1151.6685791015625,884.6948852539062,1176.7386474609375,495.16888427734375,1174.486083984375,873.1646728515625,1145.5775146484375,487.8294677734375,1145.718017578125,841.096923828125,1127.6097412109375,448.6479187011719,1125.607421875,854.5427856445312,1114.1309814453125,423.4727783203125,1112.576416015625,836.1757202148438,1138.7919921875,419.9734802246094,1134.7154541015625,837.3865966796875,737.1941528320312,353.1180419921875,753.2321166992188,841.8528442382812,947.08251953125,406.3090515136719,953.7025146484375,824.8402099609375,1002.3707885742188,418.3909606933594,1005.7135620117188,829.5068969726562,1060.8282470703125,423.18218994140625,1060.0972900390625,833.5980834960938,1219.1300048828125,423.4352111816406,1212.1348876953125,847.4358520507812,1304.0330810546875,432.3731994628906,1289.0333251953125,853.595703125,1390.67236328125,439.17852783203125,1374.0582275390625,862.3137817382812,1474.208251953125,449.9517822265625,1442.6680908203125,869.5064086914062,1540.823974609375,459.8265380859375,1525.288818359375,875.31005859375,1612.180908203125,476.0098571777344,1602.5909423828125,871.746826171875
809.6451416015625,473.8905029296875,817.39892578125,883.8399047851562,829.9656982421875,473.9033203125,835.944091796875,881.2572021484375,848.9133911132812,474.4060974121094,851.305419921875,878.1384887695312,875.9005126953125,466.642333984375,877.8309936523438,844.1990966796875,880.5910034179688,418.539306640625,883.879638671875,846.2001953125,880.9566040039062,385.60443115234375,889.0028686523438,816.9166870117188,891.2389526367188,391.4200134277344,899.0199584960938,819.172607421875,1128.239013671875,502.0544738769531,1129.1488037109375,889.102294921875,1152.7896728515625,497.4031677246094,1151.8189697265625,884.6937866210938,1176.5723876953125,495.100830078125,1174.55908203125,873.1641845703125,1145.4544677734375,488.0868225097656,1145.65869140625,841.2451782226562,1127.2310791015625,448.762451171875,1124.759765625,854.4304809570312,1113.7108154296875,423.5658874511719,1111.462890625,835.968017578125,1138.28466796875,420.33221435546875,1133.4281005859375,836.8939819335938,736.523193359375,353.39227294921875,752.8832397460938,841.9180297851562,946.7647094726562,406.37628173828125,953.541748046875,824.393798828125,1002.1886596679688,418.5832214355469,1005.3601684570312,829.1995239257812,1060.69091796875,423.150390625,1059.16455078125,833.1395874023438,1219.093017578125,423.7137451171875,1214.312255859375,847.3223876953125,1303.27880859375,432.5041809082031,1289.7103271484375,853.1370239257812,1390.3282470703125,439.4208679199219,1378.94580078125,862.9164428710938,1473.537109375,450.0028076171875,1435.319091796875,868.2158203125,1540.5501708984375,459.8294677734375,1524.2515869140625,875.3775024414062,1611.6558837890625,475.9306640625,1602.1729736328125,871.875732421875
810.3231201171875,474.9736328125,817.5802612304688,883.8347778320312,830.3513793945312,474.59881591796875,836.0472412109375,881.2400512695312,848.8046875,474.49932861328125,851.298095703125,878.0978393554688,875.7915649414062,466.5643310546875,877.8417358398438,844.1409912109375,880.3922119140625,418.73394775390625,883.6669311523438,846.0640869140625,880.7793579101562,385.6356506347656,888.5836791992188,816.6586303710938,891.23779296875,391.4771423339844,898.4071044921875,818.9261474609375,1128.2977294921875,502.09332275390625,1128.9158935546875,889.0817260742188,1152.65380859375,497.5765686035156,1151.66796875,884.8018188476562,1176.4990234375,495.1584777832031,1174.28857421875,873.453369140625,1145.3636474609375,488.3653869628906,1145.3636474609375,841.281982421875,1126.6644287109375,448.7980041503906,1123.951416015625,854.4495849609375,1113.0899658203125,423.5851745605469,1110.4423828125,835.50634765625,1137.5528564453125,420.54632568359375,1132.738525390625,836.4707641601562,736.0993041992188,353.2568054199219,752.3975219726562,841.8665161132812,946.3399658203125,406.35198974609375,951.5890502929688,823.432861328125,1001.872802734375,418.5265197753906,1004.744140625,828.8919067382812,1060.3377685546875,423.1880798339844,1058.395263671875,832.769287109375,1218.485595703125,423.84429931640625,1213.5001220703125,846.510498046875,1302.15625,432.5478515625,1287.5050048828125,854.0775146484375,1388.7808837890625,439.3372802734375,1369.735595703125,861.732177734375,1470.0172119140625,450.026611328125,1434.9915771484375,868.2160034179688,1539.8978271484375,459.843505859375,1523.68505859375,875.352294921875,1611.2159423828125,475.8672790527344,1601.535400390625,871.7998657226562
810.330322265625,474.936279296875,817.4198608398438,883.8391723632812,830.2706909179688,474.5887756347656,835.9775390625,881.2196655273438,848.81005859375,474.4317626953125,851.3240356445312,878.0899658203125,875.518310546875,466.58245849609375,877.341552734375,843.5574951171875,880.492919921875,419.5701599121094,882.7587890625,845.770263671875,880.3897705078125,385.6160583496094,887.930908203125,816.3529663085938,890.8718872070312,391.5451354980469,897.4900512695312,818.6423950195312,1128.258056640625,501.8810729980469,1129.1087646484375,888.9296875,1152.6597900390625,497.6896057128906,1151.7198486328125,884.803955078125,1176.44287109375,495.19268798828125,1174.37744140625,873.2998657226562,1145.102783203125,488.0272521972656,1145.585205078125,841.1444091796875,1126.049072265625,449.0761413574219,1123.3170166015625,854.1051635742188,1112.8974609375,423.1433410644531,1109.4490966796875,835.0025634765625,1136.6461181640625,420.7755432128906,1131.861083984375,836.0511474609375,735.707275390625,353.1547546386719,752.0377807617188,841.7521362304688,945.4931640625,406.5198669433594,950.933349609375,823.218017578125,1001.1800537109375,418.9570007324219,1004.1568603515625,828.3532104492188,1059.303955078125,423.3903503417969,1058.3331298828125,832.2713012695312,1217.9281005859375,423.89666748046875,1212.7681884765625,845.8455200195312,1301.4063720703125,432.5355224609375,1286.8350830078125,853.95947265625,1388.0858154296875,439.5203857421875,1368.835205078125,861.53369140625,1469.4879150390625,450.1155090332031,1434.420654296875,868.1408081054688,1538.929931640625,459.7149963378906,1523.5743408203125,875.3854370117188,1610.74755859375,475.6478576660156,1600.9339599609375,871.6664428710938
810.2979736328125,474.9775695800781,817.398681640625,883.8047485351562,830.194091796875,474.57147216796875,835.9786376953125,881.0726318359375,848.8430786132812,474.3846130371094,851.2736206054688,877.9103393554688,875.3466186523438,466.2723693847656,877.3565673828125,843.0272216796875,879.8701171875,419.5471496582031,882.5966186523438,845.4174194335938,879.970458984375,385.57855224609375,887.9402465820312,816.2005004882812,890.1959228515625,391.569091796875,897.5770874023438,818.427490234375,1128.2073974609375,501.89007568359375,1129.360595703125,888.87060546875,1152.6029052734375,497.79248046875,1151.975341796875,884.7650756835938,1176.383056640625,495.3318786621094,1174.2542724609375,872.9074096679688,1144.931640625,488.3654479980469,1145.400390625,841.052978515625,1125.6041259765625,449.3970031738281,1122.8975830078125,853.642333984375,1112.2008056640625,423.1095275878906,1109.4068603515625,834.756591796875,1136.01611328125,420.7530822753906,1131.7908935546875,835.650146484375,735.2591552734375,352.8453674316406,751.389892578125,841.6680908203125,944.9324951171875,406.27142333984375,951.098388671875,823.0352783203125,999.81396484375,417.84100341796875,1004.7139892578125,828.1607055664062,1058.7552490234375,423.4889831542969,1059.320068359375,831.9998168945312,1217.210693359375,423.9995422363281,1212.2906494140625,845.3338012695312,1300.8922119140625,432.45770263671875,1286.476318359375,853.5883178710938,1387.1314697265625,439.39959716796875,1367.8873291015625,860.9224243164062,1468.1522216796875,449.9563903808594,1435.1160888671875,868.1844482421875,1538.0189208984375,459.7876281738281,1522.5977783203125,875.3553466796875,1610.199951171875,475.48516845703125,1600.2900390625,871.6619873046875
810.2915649414062,474.964111328125,817.2648315429688,883.8369750976562,830.14794921875,474.61883544921875,835.9820556640625,881.0076904296875,848.7925415039062,474.4578552246094,851.2459716796875,877.7278442382812,875.0429077148438,466.09332275390625,877.1416015625,842.4950561523438,879.3525390625,419.7842712402344,881.7401733398438,845.0211181640625,880.3355712890625,385.5786437988281,887.4290771484375,815.9188842773438,889.5457763671875,391.72161865234375,896.6951293945312,818.0659790039062,1128.3404541015625,501.87908935546875,1129.5118408203125,888.9046630859375,1152.6856689453125,497.87164306640625,1152.1064453125,884.70947265625,1176.2462158203125,495.4085693359375,1174.078857421875,872.8677978515625,1144.569580078125,488.3317565917969,1145.30078125,840.5255126953125,1124.3878173828125,449.5191345214844,1122.562744140625,853.4249877929688,1110.9525146484375,423.4405822753906,1109.35595703125,834.3458862304688,1134.8963623046875,420.9012145996094,1131.825927734375,835.2981567382812,734.6830444335938,352.3616943359375,750.7462158203125,841.48974609375,944.0363159179688,406.16693115234375,950.9031372070312,822.8846435546875,998.7238159179688,418.0533447265625,1004.37744140625,827.6986083984375,1057.3876953125,423.87176513671875,1059.115234375,831.5958251953125,1216.6519775390625,424.11773681640625,1211.7889404296875,845.0272216796875,1301.0023193359375,432.3538513183594,1286.17919921875,853.2203369140625,1386.4639892578125,439.2900695800781,1368.4583740234375,861.125244140625,1467.15625,449.900634765625,1435.8707275390625,867.9130859375,1537.276123046875,459.6924133300781,1521.887451171875,875.4795532226562,1609.564208984375,475.4063415527344,1599.3017578125,871.7896728515625
810.2921142578125,474.9610290527344,817.4130859375,883.8404541015625,830.1301879882812,474.6556396484375,836.0043334960938,880.9429321289062,848.8092041015625,474.550537109375,851.2902221679688,877.399169921875,874.3900756835938,465.84698486328125,877.2706298828125,842.05126953125,878.78076171875,419.6550598144531,881.06689453125,844.4720458984375,879.7747192382812,385.4286804199219,886.341796875,815.5320434570312,888.937744140625,391.4287109375,895.7097778320312,817.7665405273438,1128.36962890625,501.9784851074219,1129.13037109375,888.9315185546875,1152.799072265625,498.1012268066406,1152.359375,884.7266845703125,1176.302978515625,495.52203369140625,1175.142822265625,872.94287109375,1144.1943359375,488.5120544433594,1145.271728515625,840.3859252929688,1123.8023681640625,449.6534118652344,1121.8023681640625,852.9742431640625,1110.3026123046875,423.6820373535156,1108.337158203125,834.0227661132812,1134.5570068359375,421.1328125,1130.8863525390625,834.9371337890625,734.0381469726562,352.24444580078125,750.1282958984375,841.6994018554688,943.52685546875,406.2061462402344,950.1634521484375,822.5888061523438,998.363037109375,418.3746032714844,1004.2273559570312,827.4454345703125,1056.8853759765625,424.2349853515625,1058.31640625,831.3103637695312,1216.0528564453125,424.05975341796875,1211.684326171875,844.8447265625,1300.1324462890625,432.3177185058594,1285.518798828125,853.0678100585938,1386.53857421875,439.3088073730469,1368.2799072265625,861.3207397460938,1466.98974609375,449.6613464355469,1440.5101318359375,869.251220703125,1536.739013671875,459.67523193359375,1521.945556640625,875.4815063476562,1608.94921875,475.3217468261719,1598.70703125,871.7898559570312
810.4383544921875,474.8609313964844,817.0128784179688,883.706787109375,830.1681518554688,474.56939697265625,835.7943115234375,880.9137573242188,848.6878051757812,474.5177917480469,851.1207885742188,877.348876953125,873.865234375,465.72027587890625,878.1867065429688,841.5155639648438,878.1564331054688,419.81597900390625,879.4677124023438,843.7714233398438,879.3006591796875,385.2003173828125,884.8923950195312,815.1555786132812,888.2406005859375,391.51727294921875,893.9097900390625,817.4811401367188,1128.3037109375,502.04638671875,1128.44384765625,888.8053588867188,1152.784912109375,498.0862121582031,1151.98583984375,884.7326049804688,1176.376220703125,495.4793701171875,1174.9373779296875,873.2442016601562,1143.8984375,488.49468994140625,1145.366943359375,840.393798828125,1123.2939453125,449.5959777832031,1121.09326171875,852.853515625,1109.4630126953125,423.4367370605469,1107.25439453125,833.7081909179688,1134.8514404296875,420.58209228515625,1129.863525390625,834.638916015625,733.4130859375,352.0758972167969,749.309326171875,841.3565673828125,943.54443359375,406.8388671875,948.62548828125,822.230712890625,997.61474609375,418.7069091796875,1002.9010620117188,827.1883544921875,1055.3458251953125,424.7328186035156,1057.3331298828125,831.0150146484375,1215.5533447265625,423.79400634765625,1210.966796875,844.686279296875,1299.4935302734375,432.0581970214844,1286.1531982421875,852.7582397460938,1386.9854736328125,439.2811584472656,1369.8223876953125,861.7409057617188,1468.8294677734375,449.9884033203125,1440.6507568359375,869.2002563476562,1537.205322265625,459.66827392578125,1522.4556884765625,875.6766357421875,1608.3914794921875,475.3044738769531,1597.827880859375,871.4254760742188
810.3992919921875,474.8722229003906,817.16015625,883.6930541992188,830.1498413085938,474.4652404785156,835.8180541992188,880.9900512695312,848.6708984375,474.3240051269531,851.1489868164062,877.29833984375,873.50341796875,465.43145751953125,877.8118286132812,841.3805541992188,877.7025146484375,419.57086181640625,878.7529907226562,843.7005615234375,878.8628540039062,384.93988037109375,884.251220703125,815.0234985351562,887.6397705078125,391.2734069824219,893.3218994140625,817.422119140625,1128.3253173828125,502.2251281738281,1128.7237548828125,888.8427124023438,1152.892578125,498.1446838378906,1152.0260009765625,884.76171875,1176.3480224609375,495.4608154296875,1174.8985595703125,873.1637573242188,1143.503662109375,488.6519775390625,1144.999755859375,840.5391235351562,1122.6961669921875,449.6437072753906,1120.2999267578125,852.7589111328125,1108.7681884765625,423.52435302734375,1106.91845703125,833.46875,1134.2713623046875,420.64508056640625,1129.3505859375,834.5625610351562,732.9898071289062,351.8463439941406,748.6323852539062,841.1491088867188,942.7601318359375,406.7404479980469,948.5435180664062,822.0051879882812,996.7981567382812,418.80908203125,1002.9778442382812,827.094482421875,1054.157958984375,423.825439453125,1057.14892578125,830.7918090820312,1215.9110107421875,423.881591796875,1210.3406982421875,844.499755859375,1299.881103515625,432.2177734375,1286.537353515625,852.7726440429688,1387.6729736328125,439.4455871582031,1378.888427734375,862.4305419921875,1468.4864501953125,449.840576171875,1435.0950927734375,868.2440795898438,1537.0101318359375,459.6767272949219,1522.410400390625,875.7032470703125,1608.9014892578125,475.35418701171875,1597.1353759765625,871.2130126953125
810.4327392578125,474.9190673828125,817.4417114257812,883.9011840820312,830.1551513671875,474.477783203125,836.0000610351562,881.0549926757812,848.49755859375,474.22247314453125,851.2661743164062,877.3013916015625,873.3153686523438,465.168701171875,877.7099609375,841.60009765625,877.1968383789062,419.48626708984375,878.2827758789062,843.5787353515625,878.6354370117188,385.02642822265625,883.4173583984375,815.0590209960938,887.5355224609375,390.75592041015625,893.5946655273438,817.4320678710938,1128.2646484375,502.2398376464844,1128.4161376953125,888.877685546875,1152.89697265625,498.2413024902344,1152.002197265625,884.8323364257812,1176.31396484375,495.3568115234375,1174.796630859375,873.1455688476562,1143.3026123046875,488.650390625,1144.7686767578125,840.4720458984375,1122.017578125,449.693115234375,1119.375244140625,852.6686401367188,1107.988525390625,423.51678466796875,1106.029052734375,833.4575805664062,1133.373046875,420.63427734375,1128.3341064453125,834.6482543945312,732.5718994140625,351.63653564453125,747.9370727539062,841.042236328125,942.312255859375,406.68353271484375,947.9029541015625,821.8717651367188,996.40673828125,418.76239013671875,1002.5266723632812,826.90625,1054.1292724609375,424.49114990234375,1056.75341796875,830.5648193359375,1215.1939697265625,423.8808898925781,1209.687255859375,844.475341796875,1298.99462890625,432.15997314453125,1286.2000732421875,852.8712768554688,1385.6756591796875,439.40045166015625,1380.177978515625,862.5756225585938,1466.496337890625,449.3518371582031,1434.2593994140625,868.2268676757812,1535.6290283203125,459.57373046875,1522.63916015625,875.9397583007812,1608.3944091796875,475.32763671875,1596.27001953125,871.0327758789062
810.4951171875,474.7544860839844,817.2620239257812,883.8323364257812,830.1785278320312,474.41497802734375,835.90283203125,881.02587890625,848.5104370117188,474.039306640625,851.1632080078125,877.3447265625,873.0791015625,464.8124694824219,877.3711547851562,841.83544921875,876.5692138671875,419.2059631347656,877.8347778320312,843.7586669921875,878.1482543945312,384.7582702636719,882.893310546875,815.1862182617188,886.8499145507812,390.5158996582031,893.0096435546875,817.3699951171875,1128.2252197265625,502.2942810058594,1128.236083984375,888.9099731445312,1152.761474609375,498.2386169433594,1151.784912109375,884.8341064453125,1176.19140625,495.32989501953125,1174.58935546875,873.1917724609375,1142.9056396484375,488.66754150390625,1144.7640380859375,840.357666015625,1121.7064208984375,449.6150817871094,1119.3140869140625,852.5961303710938,1107.7296142578125,423.6014099121094,1106.155029296875,833.5374755859375,1132.9163818359375,420.4593200683594,1128.219970703125,834.7628784179688,732.1245727539062,351.3798828125,747.4639282226562,841.3443603515625,941.7686157226562,406.4101867675781,947.3484497070312,821.95556640625,996.0419921875,418.71331787109375,1001.9238891601562,827.047607421875,1053.95458984375,424.4842834472656,1056.339111328125,830.5869140625,1215.275634765625,423.95074462890625,1210.0174560546875,844.6080322265625,1298.2568359375,431.9706726074219,1286.363525390625,852.85009765625,1384.0596923828125,439.15179443359375,1402.3736572265625,864.7321166992188,1460.4549560546875,448.77838134765625,1434.065673828125,868.2622680664062,1534.58447265625,459.5726318359375,1521.3505859375,875.8824462890625,1607.589111328125,475.10040283203125,1595.5460205078125,871.1461791992188
810.4259033203125,474.79766845703125,817.3926391601562,883.9207763671875,830.203369140625,474.3486328125,835.9680786132812,881.0393676757812,848.3990478515625,473.9529724121094,851.1578979492188,877.3670654296875,872.9026489257812,464.4571533203125,877.2579956054688,841.4686279296875,875.93017578125,419.0455322265625,877.866943359375,843.7594604492188,877.5870361328125,384.95233154296875,883.0516357421875,815.3447875976562,886.13037109375,390.3570556640625,893.0808715820312,817.4234008789062,1128.244873046875,502.20947265625,1128.7093505859375,888.99951171875,1152.7901611328125,498.1475524902344,1152.095458984375,885.0048217773438,1176.021240234375,495.2053527832031,1174.602783203125,873.1532592773438,1142.993896484375,488.58343505859375,1144.4449462890625,840.5999755859375,1121.4139404296875,450.002197265625,1118.925048828125,852.6206665039062,1107.3245849609375,424.0115661621094,1105.7862548828125,833.6919555664062,1132.0753173828125,420.73675537109375,1127.543701171875,834.9147338867188,731.6763916015625,351.119140625,747.0486450195312,841.5404663085938,941.67431640625,406.2857666015625,947.1934204101562,822.09765625,995.6466064453125,418.6239013671875,1002.3027954101562,827.0615234375,1053.5711669921875,424.5207824707031,1056.337158203125,830.6714477539062,1214.4622802734375,423.73516845703125,1209.5992431640625,844.5911865234375,1298.904296875,431.9161682128906,1286.4268798828125,852.7578125,1384.2354736328125,438.66827392578125,1403.4031982421875,864.7875366210938,1460.4012451171875,448.80474853515625,1430.9298095703125,867.7693481445312,1533.74462890625,459.35833740234375,1520.439208984375,875.9476318359375,1606.6962890625,474.755859375,1595.1226806640625,871.1866455078125
810.406494140625,474.79498291015625,817.3947143554688,883.8576049804688,830.1991577148438,474.29931640625,835.9557495117188,880.965576171875,848.384765625,473.87982177734375,851.1062622070312,877.2725219726562,872.57177734375,464.22406005859375,876.9714965820312,841.3912353515625,875.1756591796875,418.64801025390625,877.5194702148438,843.8541870117188,876.9835815429688,384.8061218261719,882.398681640625,815.3983764648438,885.4674682617188,390.14593505859375,892.4044799804688,817.3502197265625,1128.1749267578125,502.09893798828125,1128.7340087890625,889.1011352539062,1152.74609375,498.14471435546875,1152.2449951171875,885.2495727539062,1175.8387451171875,495.17059326171875,1174.518310546875,873.2535400390625,1142.94921875,488.6036682128906,1144.156982421875,840.8673706054688,1120.8536376953125,449.8615417480469,1117.8951416015625,852.7893676757812,1106.708251953125,424.0949401855469,1104.9951171875,833.71435546875,1131.199462890625,420.5321350097656,1126.552734375,834.8570556640625,731.1007080078125,351.33197021484375,746.4224853515625,841.748779296875,940.9442749023438,405.9753112792969,946.5681762695312,822.249267578125,995.0225219726562,418.64263916015625,1001.5213012695312,827.0824584960938,1053.0947265625,424.5461120605469,1055.2608642578125,831.32958984375,1215.0289306640625,423.7123718261719,1207.021728515625,845.00146484375,1298.3387451171875,431.5981140136719,1285.7513427734375,852.5198974609375,1384.63623046875,438.3251037597656,1403.25146484375,864.8377075195312,1465.7503662109375,448.985107421875,1433.676513671875,868.2645874023438,1533.5977783203125,459.32830810546875,1519.0472412109375,875.3749389648438,1605.870849609375,474.6465759277344,1594.7020263671875,871.2584228515625
810.4593505859375,474.8628845214844,817.0166625976562,883.8009033203125,830.1738891601562,474.3465576171875,835.6907348632812,880.9022216796875,848.2698364257812,473.8714904785156,850.9825439453125,877.2889404296875,872.452880859375,464.17498779296875,876.8610229492188,841.41552734375,874.6046142578125,418.439697265625,877.5308837890625,843.8782348632812,876.8984375,384.69384765625,882.2554931640625,815.7302856445312,885.2559814453125,390.2115173339844,892.25244140625,817.6690063476562,1128.092529296875,502.2095947265625,1129.0350341796875,889.1583862304688,1152.6959228515625,498.0889587402344,1152.2476806640625,885.3477172851562,1175.630859375,495.0177917480469,1174.2711181640625,873.19482421875,1142.9261474609375,488.5943908691406,1143.8863525390625,841.1704711914062,1120.39013671875,449.8675842285156,1117.2803955078125,852.6483154296875,1106.147216796875,424.2075500488281,1104.3768310546875,833.6416625976562,1130.610107421875,420.6637878417969,1125.6597900390625,834.8515014648438,730.3983154296875,351.4420471191406,745.6261596679688,842.2424926757812,940.4231567382812,406.2247009277344,945.9814453125,822.2258911132812,994.9072265625,418.950927734375,1001.319091796875,827.2070922851562,1052.9180908203125,424.6619873046875,1054.828857421875,831.3919067382812,1213.7939453125,423.56524658203125,1207.2197265625,845.0708618164062,1297.7640380859375,431.33734130859375,1285.2593994140625,852.5643920898438,1384.7379150390625,437.9193420410156,1404.5640869140625,864.9884033203125,1467.7603759765625,449.3040466308594,1430.73974609375,868.1544799804688,1533.197509765625,459.2291564941406,1520.2353515625,876.1023559570312,1604.98388671875,474.5839538574219,1593.8492431640625,871.296630859375
810.4525146484375,474.8400573730469,817.126220703125,883.6654663085938,830.1168823242188,474.3727722167969,835.6765747070312,880.9061279296875,848.2456665039062,473.8885192871094,850.9338989257812,877.2618408203125,872.7540283203125,464.39630126953125,876.4310302734375,841.3831787109375,874.052490234375,418.2312927246094,877.4762573242188,844.110107421875,876.070068359375,384.62347412109375,881.4441528320312,815.8364868164062,884.5137329101562,390.11529541015625,891.4139404296875,817.7096557617188,1128.006591796875,502.111572265625,1128.9720458984375,889.2681274414062,1152.70947265625,497.97186279296875,1152.3140869140625,885.4050903320312,1175.53125,494.9095153808594,1174.11376953125,872.9925537109375,1142.947021484375,488.59417724609375,1143.5955810546875,841.1513061523438,1119.72900390625,450.0257568359375,1116.639404296875,852.6767578125,1105.390380859375,424.11279296875,1103.492919921875,833.5463256835938,1129.7279052734375,420.79937744140625,1124.9580078125,834.7374267578125,729.773681640625,351.7806091308594,745.071533203125,842.0931396484375,939.4495239257812,405.85223388671875,944.5964965820312,822.025634765625,994.0313720703125,418.45172119140625,1000.5783081054688,827.2640380859375,1051.9327392578125,424.46539306640625,1053.5294189453125,831.2515869140625,1213.818115234375,423.2806091308594,1207.3775634765625,845.0707397460938,1297.3970947265625,431.1501770019531,1284.9775390625,852.4942016601562,1384.9102783203125,437.76129150390625,1404.697509765625,865.008544921875,1467.9805908203125,449.2532958984375,1430.064208984375,868.1104125976562,1533.667236328125,459.3419494628906,1519.4129638671875,876.1883544921875,1604.2352294921875,474.6018371582031,1593.1719970703125,870.8646240234375
810.4340209960938,474.9621887207031,816.9763793945312,883.5630493164062,830.0750122070312,474.4337158203125,835.5414428710938,880.793212890625,848.02587890625,473.92242431640625,850.851806640625,877.2938842773438,872.5494995117188,464.4710388183594,876.0584716796875,841.7897338867188,873.5515747070312,418.0188293457031,876.9481811523438,844.21240234375,875.5425415039062,384.6733703613281,880.4656372070312,815.8912963867188,883.9921875,389.98284912109375,890.5104370117188,817.5521850585938,1127.98779296875,501.94622802734375,1129.0992431640625,889.0836791992188,1152.712646484375,497.93304443359375,1152.296875,885.40234375,1175.3885498046875,494.8792724609375,1173.9091796875,872.8109130859375,1142.5758056640625,488.52532958984375,1143.2086181640625,841.219482421875,1119.115478515625,449.7837829589844,1116.3238525390625,852.5607299804688,1104.9068603515625,424.29815673828125,1103.518798828125,833.529296875,1129.2554931640625,420.8215637207031,1124.43212890625,834.7235717773438,728.8706665039062,352.0196533203125,744.469482421875,842.524169921875,938.685791015625,405.8526306152344,944.1277465820312,822.0012817382812,993.441650390625,418.0063781738281,1000.6549682617188,827.3213500976562,1051.05908203125,424.1294250488281,1054.354248046875,831.289794921875,1213.225830078125,423.3175354003906,1207.0030517578125,844.9981079101562,1299.4632568359375,431.3241882324219,1285.0186767578125,852.4716186523438,1385.8531494140625,437.7349853515625,1405.4072265625,865.075927734375,1468.44287109375,449.306640625,1430.7373046875,868.2907104492188,1533.059814453125,459.2545471191406,1519.673828125,876.1343994140625,1603.5404052734375,474.8694152832031,1592.8375244140625,870.7813720703125
810.4619750976562,474.9543762207031,816.837890625,883.4471435546875,830.0427856445312,474.3719482421875,835.4269409179688,880.66552734375,847.9639892578125,473.8640441894531,850.8751220703125,877.2408447265625,872.2727661132812,464.34588623046875,875.7559204101562,841.7836303710938,873.2772216796875,417.79833984375,876.318603515625,844.1234130859375,874.8851318359375,384.576416015625,879.790771484375,816.1281127929688,883.360595703125,389.8865966796875,889.9136352539062,817.6860961914062,1127.88427734375,502.11090087890625,1129.1060791015625,889.0996704101562,1152.6485595703125,497.9888916015625,1152.2264404296875,885.3033447265625,1175.2523193359375,494.87701416015625,1173.791259765625,872.7166748046875,1142.3380126953125,488.5833435058594,1142.814453125,841.4323120117188,1118.697021484375,449.8991394042969,1115.7056884765625,852.3693237304688,1104.305419921875,424.09124755859375,1103.2921142578125,832.6209106445312,1128.8013916015625,420.8524475097656,1123.5262451171875,834.5398559570312,728.4337768554688,351.9817810058594,743.9866943359375,842.8644409179688,938.0668334960938,405.79473876953125,943.5242919921875,822.0558471679688,992.7950439453125,417.87164306640625,999.8237915039062,826.6001586914062,1050.1514892578125,424.3829040527344,1053.965087890625,831.1080322265625,1213.0322265625,423.1811218261719,1206.193115234375,844.8270874023438,1298.4332275390625,431.08892822265625,1285.416015625,852.2841796875,1384.944091796875,437.4219970703125,1404.897705078125,865.0989379882812,1467.3001708984375,448.976318359375,1428.4888916015625,868.1926879882812,1531.7371826171875,458.9089050292969,1516.5322265625,875.8587036132812,1602.7451171875,474.9687194824219,1592.2808837890625,870.7182006835938
810.5335083007812,474.860595703125,816.8336791992188,883.49462890625,830.0535278320312,474.39874267578125,835.4432373046875,880.710205078125,847.8453369140625,473.84124755859375,850.8318481445312,877.2315673828125,872.0609741210938,464.3603515625,875.5419311523438,841.82763671875,872.802490234375,417.8516540527344,876.5037841796875,843.9404296875,874.275634765625,384.87274169921875,879.49462890625,816.3463134765625,882.7972412109375,390.0183410644531,889.5875854492188,817.8770751953125,1127.8487548828125,502.0677795410156,1128.887451171875,889.009765625,1152.6488037109375,497.93212890625,1152.253173828125,885.3291625976562,1175.32861328125,494.86572265625,1173.72705078125,872.5996704101562,1142.03759765625,488.535888671875,1142.857177734375,841.1063842773438,1118.1092529296875,449.98321533203125,1115.0845947265625,852.1654663085938,1103.545654296875,424.03497314453125,1102.72607421875,832.5828857421875,1128.8485107421875,420.05120849609375,1122.981689453125,834.4317016601562,727.7050170898438,351.974853515625,743.5206909179688,843.341552734375,937.31005859375,405.5924987792969,943.7801513671875,822.1860961914062,991.933349609375,417.6415710449219,1000.572509765625,827.3240356445312,1049.6148681640625,424.3605041503906,1053.438720703125,830.9830932617188,1212.22119140625,423.05987548828125,1204.214111328125,844.5891723632812,1298.5513916015625,431.0157165527344,1284.0616455078125,851.8380737304688,1383.9525146484375,437.25048828125,1360.4993896484375,860.0835571289062,1452.6468505859375,447.1426696777344,1430.3953857421875,868.3562622070312,1530.07958984375,458.6444396972656,1516.5052490234375,875.8817138671875,1602.105712890625,474.97772216796875,1591.6431884765625,870.5350952148438
810.4628295898438,474.91363525390625,816.920166015625,883.4547729492188,830.0758056640625,474.4408874511719,835.5870971679688,880.6427001953125,847.77685546875,473.8286437988281,851.1400146484375,877.0494995117188,871.7334594726562,464.3548583984375,875.5921630859375,840.611083984375,872.1370239257812,417.6112365722656,876.3018188476562,843.4474487304688,870.8552856445312,383.785888671875,879.3828735351562,816.5776977539062,881.539306640625,389.5094299316406,889.6387939453125,818.06005859375,1127.83984375,501.962890625,1128.6544189453125,889.0797729492188,1152.724609375,497.87957763671875,1152.1802978515625,885.4451904296875,1175.2393798828125,494.761962890625,1173.4752197265625,872.6781616210938,1141.891845703125,488.427734375,1142.5787353515625,841.3233032226562,1117.7830810546875,450.0195617675781,1114.8414306640625,852.4080810546875,1103.332763671875,424.2657470703125,1102.5352783203125,832.7000732421875,1128.5396728515625,420.29827880859375,1122.539794921875,834.5943603515625,727.0260620117188,352.0506286621094,743.1300048828125,843.7593994140625,936.2689819335938,405.0147399902344,944.0360107421875,822.2968139648438,991.3338012695312,417.3902893066406,1000.8756713867188,827.373291015625,1049.1148681640625,424.4342956542969,1053.4444580078125,831.093505859375,1211.1348876953125,422.8735046386719,1203.8497314453125,844.5593872070312,1298.1634521484375,430.8467102050781,1283.5101318359375,851.94921875,1380.923095703125,436.7120666503906,1360.2159423828125,860.0657348632812,1452.4140625,447.02801513671875,1429.27880859375,868.1626586914062,1529.5836181640625,458.5987548828125,1515.826171875,875.9232177734375,1601.4796142578125,475.00885009765625,1591.180908203125,870.6787109375
809.3370971679688,475.3172607421875,817.008056640625,883.549560546875,830.0957641601562,474.521240234375,835.6075439453125,880.6779174804688,847.7051391601562,473.8265686035156,851.05615234375,877.0430297851562,871.4703979492188,464.2562561035156,875.3529663085938,840.6376342773438,871.7111206054688,417.6368103027344,876.0055541992188,843.4891357421875,870.368896484375,383.8216857910156,879.2587280273438,816.7526245117188,881.1934204101562,389.5841064453125,889.0330200195312,818.25732421875,1127.779296875,501.7424621582031,1128.523681640625,889.2012329101562,1152.662841796875,497.8165588378906,1151.976318359375,885.5487670898438,1175.0594482421875,494.87091064453125,1173.4276123046875,872.7505493164062,1141.471923828125,488.1061706542969,1142.368408203125,841.0524291992188,1116.935546875,449.9088134765625,1114.3543701171875,852.3311157226562,1102.5015869140625,423.7701721191406,1102.40087890625,832.8399047851562,1127.7779541015625,420.0360107421875,1122.3443603515625,834.6558837890625,726.4268798828125,352.06158447265625,742.6958618164062,844.1730346679688,935.7261352539062,405.6587829589844,943.6060791015625,822.3262939453125,990.4658203125,417.4550476074219,1000.8886108398438,827.4346923828125,1048.886962890625,423.62982177734375,1053.1708984375,831.1273803710938,1210.142578125,422.6232604980469,1202.8736572265625,844.5695190429688,1297.525634765625,430.75103759765625,1281.9949951171875,851.6984252929688,1380.0262451171875,436.56060791015625,1360.190185546875,860.268798828125,1453.1434326171875,447.01446533203125,1431.456787109375,868.4953002929688,1529.324951171875,458.57684326171875,1515.8360595703125,875.9657592773438,1600.779541015625,475.0299072265625,1590.7127685546875,870.6214599609375
810.492919921875,474.8587646484375,816.9096069335938,883.5148315429688,830.0199584960938,474.4811706542969,835.7283325195312,880.6045532226562,847.6430053710938,473.79473876953125,851.1517333984375,876.9705200195312,871.1905517578125,464.18548583984375,875.2893676757812,840.5625610351562,871.1455688476562,417.4931945800781,875.5386962890625,843.2687377929688,869.681640625,383.8163757324219,878.450439453125,817.0609130859375,880.4117431640625,389.4344482421875,888.415283203125,818.4176025390625,1127.67138671875,501.6015930175781,1128.744140625,889.2686157226562,1152.730224609375,497.82855224609375,1152.0302734375,885.5904541015625,1174.92724609375,494.70611572265625,1173.289306640625,872.6458740234375,1141.251708984375,487.8939208984375,1141.9638671875,841.2022094726562,1116.248291015625,449.86834716796875,1114.0921630859375,852.4228515625,1103.25732421875,423.97607421875,1101.86279296875,832.7941284179688,1127.74169921875,419.865234375,1121.600341796875,834.7661743164062,725.7003173828125,351.9396057128906,742.2503662109375,844.5235595703125,935.3116455078125,405.4019775390625,942.563720703125,822.3770141601562,990.4273071289062,417.39447021484375,999.6949462890625,826.9277954101562,1048.9454345703125,423.658935546875,1053.13720703125,831.2908325195312,1208.3746337890625,422.3964538574219,1201.766845703125,844.6653442382812,1291.77490234375,429.6661071777344,1280.8837890625,851.7652587890625,1377.927734375,436.5440979003906,1360.0247802734375,860.4572143554688,1453.3521728515625,447.0185852050781,1432.298828125,868.6190185546875,1529.420166015625,458.6048889160156,1515.2938232421875,875.965087890625,1600.205810546875,474.94287109375,1590.072021484375,870.759521484375
810.4929809570312,474.79571533203125,817.0687255859375,883.594970703125,829.9411010742188,474.37353515625,835.8310546875,880.6696166992188,847.5700073242188,473.6947021484375,851.2772216796875,877.0036010742188,870.8543701171875,464.2409973144531,874.9788818359375,840.3255004882812,870.5946044921875,417.43109130859375,875.3013916015625,843.6680297851562,869.23876953125,383.74493408203125,877.9765625,817.2211303710938,880.1033325195312,389.3136291503906,887.8718872070312,818.76123046875,1127.728759765625,501.7355651855469,1128.7882080078125,889.270751953125,1152.71630859375,497.8827209472656,1152.143310546875,885.622314453125,1174.8743896484375,494.6459045410156,1173.2225341796875,872.7308349609375,1141.121337890625,488.15399169921875,1141.7789306640625,841.0277099609375,1115.9609375,450.04541015625,1113.798095703125,852.31689453125,1102.4268798828125,424.0767517089844,1101.7066650390625,832.7706909179688,1126.927978515625,419.9111328125,1121.1798095703125,834.7620239257812,725.0031127929688,352.1448669433594,741.5942993164062,844.8262939453125,934.9956665039062,405.37542724609375,943.8047485351562,823.3626708984375,990.0007934570312,417.66943359375,999.0482177734375,827.0534057617188,1048.4228515625,423.512939453125,1052.234130859375,831.3590698242188,1206.54541015625,421.84625244140625,1201.2041015625,844.7999877929688,1291.390625,429.5323791503906,1280.9058837890625,851.659423828125,1377.6051025390625,436.42291259765625,1359.2056884765625,860.434814453125,1453.7427978515625,447.01531982421875,1431.2308349609375,868.6670532226562,1529.0596923828125,458.58477783203125,1513.21630859375,875.058837890625,1599.6099853515625,474.3728332519531,1589.561767578125,870.822265625
810.442138671875,474.82342529296875,817.0651245117188,883.5425415039062,829.9456787109375,474.4320983886719,835.8987426757812,880.6339111328125,847.4771118164062,473.6800231933594,851.4235229492188,876.8167114257812,870.7196655273438,464.0855712890625,874.9826049804688,840.108642578125,870.0950927734375,417.4629211425781,875.0089721679688,843.5902709960938,868.9409790039062,383.88336181640625,877.4576416015625,817.2382202148438,879.666748046875,389.3150634765625,887.3916015625,818.7535400390625,1127.60205078125,501.9102478027344,1128.8162841796875,889.147216796875,1152.6710205078125,498.064208984375,1152.014404296875,885.6936645507812,1174.6834716796875,494.7047119140625,1173.041259765625,872.5909423828125,1140.9744873046875,488.21240234375,1141.6099853515625,840.986328125,1115.563720703125,450.2278747558594,1113.3123779296875,852.2172241210938,1101.98828125,424.2500305175781,1100.8729248046875,832.4779052734375,1126.5211181640625,420.0748596191406,1120.044921875,834.755126953125,724.4182739257812,352.17376708984375,741.1505126953125,844.9990844726562,934.48876953125,405.4752197265625,942.8090209960938,823.4291381835938,989.58251953125,417.6576232910156,998.2174682617188,827.09130859375,1048.24072265625,423.50677490234375,1051.3680419921875,831.36572265625,1205.48974609375,421.78741455078125,1200.633544921875,844.7476806640625,1289.9833984375,429.6336669921875,1280.6982421875,851.9430541992188,1376.9195556640625,436.30804443359375,1358.9444580078125,860.3787841796875,1453.634765625,446.9255676269531,1430.805908203125,868.5678100585938,1528.9453125,458.6705017089844,1512.7440185546875,875.1451416015625,1599.1822509765625,474.5248107910156,1589.0540771484375,870.8970947265625
810.443359375,474.8761901855469,817.115478515625,883.6800537109375,829.956298828125,474.4753723144531,835.8677368164062,880.782470703125,847.455322265625,473.572509765625,851.4261474609375,876.9136962890625,870.614501953125,463.99969482421875,874.7036743164062,839.7382202148438,869.7532958984375,417.31878662109375,874.4166870117188,843.51708984375,868.4219360351562,383.8341369628906,876.7386474609375,817.2723999023438,879.2264404296875,389.115234375,886.758056640625,818.748779296875,1127.6341552734375,501.8043518066406,1129.0596923828125,889.21728515625,1152.71533203125,497.961669921875,1152.095458984375,885.8023071289062,1174.589599609375,494.7202453613281,1172.9700927734375,872.361083984375,1140.4429931640625,488.2837829589844,1141.2635498046875,840.7611083984375,1115.0380859375,450.4215393066406,1113.211181640625,852.1865234375,1101.17724609375,424.3113708496094,1100.885498046875,832.4490966796875,1125.8406982421875,419.9862976074219,1120.073974609375,834.7243041992188,723.8736572265625,352.4089660644531,740.655517578125,845.3289794921875,934.2147827148438,405.32025146484375,942.7947998046875,823.4746704101562,989.1196899414062,417.5586242675781,997.9158325195312,827.22216796875,1047.6868896484375,423.5075988769531,1051.1710205078125,831.2919921875,1205.5357666015625,421.6969299316406,1199.7412109375,844.6517944335938,1288.5526123046875,429.611572265625,1279.30078125,851.8533325195312,1375.6136474609375,436.161376953125,1357.9095458984375,860.3234252929688,1452.5968017578125,446.6482238769531,1430.1126708984375,868.3692626953125,1526.5093994140625,457.7964782714844,1512.4793701171875,875.1279907226562,1598.639892578125,474.5273742675781,1588.6483154296875,870.9449462890625
810.4683837890625,474.84393310546875,816.97216796875,883.6878051757812,829.9120483398438,474.42437744140625,835.7730102539062,880.6505737304688,847.3544311523438,473.5164489746094,851.4545288085938,876.7905883789062,870.447509765625,463.79144287109375,874.559814453125,839.2234497070312,869.3451538085938,417.4349365234375,873.9100952148438,843.2022094726562,867.8773193359375,383.8575439453125,876.145751953125,817.3282470703125,878.4791259765625,388.9739074707031,886.176513671875,818.85400390625,1127.561767578125,501.79876708984375,1129.112060546875,888.9960327148438,1152.5831298828125,497.90802001953125,1152.05126953125,885.651123046875,1174.451904296875,494.6639099121094,1172.9747314453125,872.322265625,1140.2015380859375,488.0972900390625,1140.8839111328125,840.6268920898438,1114.477783203125,450.4337158203125,1112.537109375,852.0435791015625,1099.965576171875,424.144775390625,1100.3453369140625,832.3860473632812,1125.1390380859375,419.7678527832031,1119.3184814453125,834.68603515625,723.4451904296875,352.34161376953125,740.31689453125,845.2301635742188,933.4628295898438,405.29937744140625,942.529541015625,823.5397338867188,988.0692138671875,417.6658630371094,997.1991577148438,827.3324584960938,1046.7025146484375,423.674072265625,1050.4156494140625,831.2281494140625,1205.0648193359375,421.7622375488281,1199.5394287109375,844.5872192382812,1285.852783203125,430.088134765625,1279.999755859375,851.7913208007812,1375.4908447265625,435.9828186035156,1353.34912109375,859.032470703125,1452.959228515625,446.142822265625,1429.309814453125,868.392333984375,1526.5662841796875,457.8468322753906,1511.7691650390625,875.0519409179688,1597.997314453125,474.4569396972656,1588.0830078125,871.099609375
810.4124145507812,474.7901306152344,816.8917846679688,883.5914306640625,829.8380737304688,474.4247131347656,835.74658203125,880.5921020507812,847.33203125,473.5289611816406,851.41162109375,876.7807006835938,870.2085571289062,463.5635986328125,874.3826904296875,839.0476684570312,868.6724243164062,417.4302673339844,872.28955078125,843.5394287109375,867.538818359375,384.12457275390625,873.6621704101562,816.6784057617188,878.2645263671875,389.1648864746094,884.7635498046875,818.7550048828125,1127.48828125,501.803466796875,1129.5196533203125,889.0401000976562,1152.595947265625,497.9334411621094,1152.23583984375,885.5629272460938,1174.3555908203125,494.635009765625,1172.66748046875,872.1422119140625,1139.990478515625,488.1410217285156,1140.419189453125,840.471435546875,1114.1436767578125,450.5362854003906,1112.4808349609375,852.127197265625,1099.4776611328125,424.20147705078125,1100.5391845703125,832.4606323242188,1124.54052734375,419.90277099609375,1119.3284912109375,834.654052734375,722.9945678710938,352.4400329589844,739.798095703125,845.1141357421875,933.0994262695312,405.3162841796875,942.0762939453125,823.5697631835938,988.0464477539062,417.72607421875,997.1952514648438,827.3772583007812,1046.501220703125,423.61602783203125,1050.5428466796875,831.137451171875,1204.8883056640625,421.7071533203125,1198.4393310546875,844.4212036132812,1288.1300048828125,429.7220458984375,1279.716796875,851.6050415039062,1375.80419921875,436.3970642089844,1353.2061767578125,859.1505737304688,1454.32861328125,446.4942932128906,1429.1160888671875,868.4783325195312,1526.127685546875,457.82965087890625,1510.7247314453125,875.1399536132812,1597.5159912109375,474.4423522949219,1587.6158447265625,870.9821166992188
810.55126953125,474.7849426269531,816.80419921875,883.6255493164062,829.9066162109375,474.37005615234375,835.7412109375,880.5813598632812,847.4235229492188,473.4064636230469,851.4867553710938,876.73779296875,870.0465698242188,463.38836669921875,874.474853515625,838.8272705078125,868.2327270507812,417.5025939941406,872.6250610351562,843.416748046875,867.1807861328125,384.2000732421875,874.0194091796875,816.7685546875,877.7844848632812,389.1564025878906,885.129638671875,818.85009765625,1127.5528564453125,501.7633056640625,1129.4739990234375,888.9817504882812,1152.6448974609375,497.9773254394531,1152.3121337890625,885.6603393554688,1174.1943359375,494.63043212890625,1172.5677490234375,872.1827392578125,1139.7144775390625,488.10345458984375,1140.4149169921875,840.681396484375,1114.0833740234375,450.7765808105469,1114.1085205078125,851.501708984375,1099.293701171875,424.44354248046875,1100.1549072265625,832.3333129882812,1124.2158203125,420.069580078125,1118.929443359375,834.6838989257812,722.5045776367188,352.4590148925781,739.3602294921875,845.0562133789062,932.8627319335938,405.3125915527344,941.779052734375,823.53515625,987.5079956054688,417.5671081542969,996.6724243164062,827.4149780273438,1045.989013671875,423.61138916015625,1050.2203369140625,831.12353515625,1204.4342041015625,421.71112060546875,1197.708740234375,844.2994384765625,1285.3780517578125,430.10345458984375,1277.5169677734375,850.5764770507812,1375.7166748046875,436.332275390625,1352.558349609375,858.7557983398438,1453.9449462890625,446.8395080566406,1429.0185546875,868.582763671875,1526.088134765625,457.8477478027344,1510.08203125,875.1795043945312,1596.9844970703125,474.368408203125,1587.309814453125,870.9398803710938
810.6185913085938,474.7264404296875,816.8001098632812,883.5814819335938,829.916748046875,474.3807067871094,835.7462158203125,880.5841064453125,847.4843139648438,473.3882141113281,851.5199584960938,876.7568359375,870.224609375,462.584716796875,874.6069946289062,838.4520263671875,868.0352172851562,417.6773681640625,872.5032958984375,843.3121948242188,866.8638305664062,384.23724365234375,873.9251098632812,816.8063354492188,877.3811645507812,389.2430725097656,885.1378784179688,818.9400634765625,1127.64501953125,501.9968566894531,1129.517822265625,889.031005859375,1152.635498046875,498.0816955566406,1152.280029296875,885.654541015625,1174.0570068359375,494.5162353515625,1172.471923828125,872.0509033203125,1139.204345703125,487.9806823730469,1140.175048828125,840.6696166992188,1113.457763671875,450.7153015136719,1114.2393798828125,851.5700073242188,1098.557373046875,424.2273864746094,1100.34423828125,832.4614868164062,1123.56689453125,419.8584289550781,1118.93798828125,834.8141479492188,722.0300903320312,352.73675537109375,738.81591796875,844.9157104492188,932.3505859375,405.1610412597656,941.897705078125,823.5789184570312,987.1533813476562,417.85504150390625,997.0825805664062,827.3903198242188,1045.5068359375,423.4455871582031,1050.884521484375,831.3115844726562,1203.5089111328125,421.8421325683594,1197.544677734375,844.4447631835938,1285.3521728515625,430.226318359375,1276.3167724609375,850.658447265625,1374.6767578125,436.6260986328125,1352.25048828125,858.8400268554688,1453.242431640625,446.741455078125,1428.9810791015625,868.5883178710938,1525.506591796875,457.81329345703125,1510.037353515625,875.3070678710938,1596.421142578125,474.35357666015625,1586.86181640625,870.6183471679688
810.5586547851562,474.6925354003906,816.84765625,883.7337036132812,829.927734375,474.4181213378906,835.7902221679688,880.6287841796875,847.3763427734375,472.815185546875,851.5811767578125,876.7999877929688,870.001953125,462.39324951171875,874.5426635742188,838.1806030273438,867.5283813476562,417.8150939941406,871.6320190429688,843.3671264648438,866.4275512695312,384.2225036621094,872.5582275390625,816.8768310546875,876.9524536132812,389.6175842285156,883.063720703125,818.9503784179688,1127.6549072265625,502.16741943359375,1129.4359130859375,888.9544067382812,1152.6041259765625,498.0962219238281,1152.3052978515625,885.703369140625,1173.854248046875,494.4917907714844,1172.634521484375,872.01416015625,1139.012939453125,487.8020324707031,1139.976806640625,840.551025390625,1113.6710205078125,450.3155212402344,1114.0877685546875,851.6469116210938,1097.92333984375,424.0759582519531,1099.5955810546875,832.6064453125,1123.070068359375,419.7882080078125,1118.7513427734375,834.7994384765625,721.3433227539062,352.8847351074219,738.1332397460938,844.7650756835938,931.8634033203125,404.99383544921875,939.583740234375,823.4432373046875,986.59619140625,418.01544189453125,995.3463745117188,827.3021240234375,1044.9305419921875,423.81658935546875,1049.48828125,830.898681640625,1202.6507568359375,421.682861328125,1197.8172607421875,844.5702514648438,1284.5013427734375,430.28179931640625,1276.5089111328125,850.7230224609375,1375.76953125,436.428466796875,1353.1885986328125,859.0136108398438,1456.9442138671875,447.0667419433594,1429.50537109375,868.8114624023438,1525.8199462890625,457.9369201660156,1509.8134765625,875.4074096679688,1596.0382080078125,474.3653869628906,1586.3282470703125,870.8873901367188
810.5576171875,474.6583251953125,816.9466552734375,883.6896362304688,829.9205932617188,474.42022705078125,835.852294921875,880.6815185546875,847.510009765625,472.91131591796875,851.6058959960938,876.8359375,869.720703125,462.3819885253906,874.3897705078125,837.8560791015625,867.223388671875,418.1549987792969,871.3307495117188,843.0573120117188,865.940673828125,384.53277587890625,872.0184326171875,816.8866577148438,876.3167724609375,390.0148010253906,882.4424438476562,818.9436645507812,1127.6619873046875,502.2797546386719,1128.1678466796875,889.5994873046875,1152.5909423828125,498.0666809082031,1152.6502685546875,885.8123779296875,1173.77099609375,494.4085998535156,1172.635009765625,872.1683959960938,1138.8450927734375,487.7849426269531,1139.72607421875,840.84814453125,1113.231201171875,450.3255615234375,1113.55712890625,851.7391357421875,1097.659912109375,424.0679931640625,1099.1553955078125,832.5791015625,1122.8094482421875,419.7117614746094,1118.55859375,834.95166015625,720.7015380859375,352.935302734375,737.5485229492188,844.6420288085938,931.8662109375,405.316162109375,938.7341918945312,823.5206909179688,986.5414428710938,418.162841796875,995.0272827148438,827.4572143554688,1044.6683349609375,423.84320068359375,1049.1785888671875,831.0216674804688,1202.5087890625,421.69989013671875,1197.3785400390625,844.5466918945312,1284.1995849609375,430.2264709472656,1275.4976806640625,850.6055297851562,1373.886962890625,435.9975891113281,1352.462646484375,858.9474487304688,1456.4449462890625,446.8514099121094,1428.7957763671875,869.0411376953125,1525.38623046875,457.92083740234375,1509.2930908203125,875.5439453125,1595.5802001953125,474.6221008300781,1585.7589111328125,870.9408569335938
810.5709228515625,474.6789855957031,816.9695434570312,883.8392944335938,829.9185180664062,474.3103332519531,835.8317260742188,880.8065795898438,847.5396118164062,472.77777099609375,851.4996337890625,876.9513549804688,869.3304443359375,462.2223815917969,874.0134887695312,837.8894653320312,866.6508178710938,418.01129150390625,870.7715454101562,843.2409057617188,865.3900756835938,384.6209716796875,871.5101318359375,816.961181640625,875.6729736328125,390.0675048828125,881.4296875,818.8619384765625,1127.7462158203125,502.352294921875,1129.8011474609375,889.2154541015625,1152.548583984375,498.1098327636719,1152.7774658203125,885.9212646484375,1173.5792236328125,494.62591552734375,1172.509765625,871.9017944335938,1138.510498046875,488.08502197265625,1139.372314453125,841.17822265625,1112.63623046875,450.27838134765625,1112.8515625,851.6917724609375,1096.94287109375,423.9968566894531,1098.449951171875,832.5287475585938,1122.0267333984375,419.7328796386719,1118.2275390625,834.8427124023438,720.0439453125,353.0103759765625,736.96142578125,844.1617431640625,931.3302612304688,405.33697509765625,937.8848876953125,823.5303344726562,985.8410034179688,418.30126953125,993.6661987304688,827.2750244140625,1043.555419921875,423.818115234375,1047.9969482421875,830.918212890625,1202.7303466796875,421.7101135253906,1197.36083984375,844.5746459960938,1285.730712890625,430.1822204589844,1275.1337890625,850.6444702148438,1377.248779296875,436.14678955078125,1350.9820556640625,858.6693115234375,1457.7601318359375,447.0306701660156,1427.154296875,868.8104248046875,1525.55126953125,458.0791931152344,1508.989990234375,875.55908203125,1595.182373046875,474.9032287597656,1585.1829833984375,870.9754638671875
810.4869995117188,474.56256103515625,816.8792114257812,883.732421875,829.8914184570312,474.25225830078125,835.7332763671875,880.8695068359375,847.5529174804688,473.1222839355469,851.5333862304688,876.9981689453125,869.1236572265625,461.8542175292969,873.5791625976562,837.781982421875,866.1690063476562,418.07470703125,870.0751953125,843.1851806640625,864.9041748046875,384.7442932128906,870.640869140625,816.8142700195312,875.0743408203125,390.2033386230469,880.2161865234375,818.7091674804688,1127.5892333984375,502.45465087890625,1129.6044921875,889.1986694335938,1152.5977783203125,498.0381774902344,1152.7611083984375,885.950927734375,1173.348388671875,494.5847473144531,1172.5709228515625,871.588134765625,1138.135009765625,487.9889831542969,1139.0577392578125,840.9822998046875,1111.6099853515625,450.28472900390625,1111.9781494140625,851.4884033203125,1096.41650390625,423.4255676269531,1097.6488037109375,832.6577758789062,1121.06103515625,420.1410827636719,1119.189697265625,834.61083984375,719.4041137695312,353.0069274902344,736.2943725585938,843.5792846679688,930.4032592773438,405.29632568359375,936.8967895507812,823.5994873046875,984.9720458984375,418.36859130859375,992.6500854492188,827.0455322265625,1042.078857421875,423.79827880859375,1046.45703125,830.6728515625,1202.9534912109375,421.7334289550781,1197.04296875,844.6160278320312,1286.1776123046875,430.31915283203125,1273.3165283203125,850.6641235351562,1377.916748046875,435.9432373046875,1349.3382568359375,858.515380859375,1457.176513671875,446.7178955078125,1425.6162109375,868.599365234375,1524.229248046875,457.9999694824219,1507.99609375,875.40625,1594.6285400390625,474.8891906738281,1584.48876953125,871.088623046875
810.489501953125,474.52630615234375,817.04150390625,883.7197265625,829.8236694335938,474.3134765625,835.82470703125,880.837890625,847.4725341796875,473.1218566894531,851.4053955078125,876.950927734375,868.6373901367188,461.83154296875,873.2583618164062,837.7510986328125,865.72314453125,418.2734069824219,869.5734252929688,842.741943359375,864.143310546875,384.91485595703125,869.8896484375,816.5697631835938,874.5218505859375,390.462646484375,879.2306518554688,818.3893432617188,1127.4600830078125,502.5583801269531,1129.896240234375,889.27099609375,1152.5130615234375,498.1420593261719,1152.8133544921875,886.0906372070312,1172.810302734375,494.5724182128906,1172.4769287109375,871.4025268554688,1137.6190185546875,487.8400573730469,1140.42333984375,840.8473510742188,1111.0230712890625,450.26788330078125,1111.3204345703125,851.6055908203125,1095.64111328125,423.4139709472656,1097.4315185546875,832.5869140625,1119.9171142578125,420.4688415527344,1118.8863525390625,834.5462036132812,718.7421264648438,353.0034484863281,735.5801391601562,843.2659912109375,929.7108764648438,405.3616027832031,936.9600830078125,823.5523681640625,984.5721435546875,418.435302734375,992.8023071289062,827.0095825195312,1041.6826171875,423.827392578125,1046.6102294921875,830.6522827148438,1203.238525390625,421.95306396484375,1196.1943359375,844.3499145507812,1286.1182861328125,430.25225830078125,1272.9976806640625,850.635009765625,1377.9813232421875,435.6842346191406,1348.986572265625,858.5606079101562,1451.0625,445.26409912109375,1423.2607421875,868.1644897460938,1522.07763671875,457.9249572753906,1507.0126953125,875.3719482421875,1593.8741455078125,474.9245300292969,1583.57666015625,870.8203125
810.43359375,474.4605712890625,816.96435546875,883.6943969726562,829.7396850585938,474.2377624511719,835.6860961914062,880.892578125,847.2910766601562,473.0611877441406,851.2476196289062,876.9727783203125,868.150634765625,461.8116455078125,872.8233642578125,837.8294677734375,865.14404296875,418.1069030761719,869.820068359375,842.626708984375,864.2064819335938,384.4399108886719,870.2379760742188,816.423095703125,873.6260986328125,390.1848449707031,880.03125,818.2658081054688,1127.3995361328125,502.6724853515625,1129.514404296875,889.2847290039062,1152.5648193359375,498.2946472167969,1152.75244140625,886.1570434570312,1172.4720458984375,494.5641784667969,1172.3248291015625,871.1018676757812,1137.0096435546875,487.6475830078125,1139.949951171875,841.2511596679688,1110.0411376953125,450.2430419921875,1110.3966064453125,851.6705932617188,1094.8704833984375,423.7904968261719,1096.83544921875,832.56689453125,1118.931640625,420.86383056640625,1118.1876220703125,834.4376831054688,717.8631591796875,352.8463134765625,734.5109252929688,842.8610229492188,928.9611206054688,405.25250244140625,937.4329833984375,823.5680541992188,982.82568359375,417.04290771484375,993.1168212890625,827.0253295898438,1040.4442138671875,423.95709228515625,1046.6517333984375,830.674560546875,1201.3677978515625,421.9087219238281,1195.5208740234375,844.2830200195312,1284.9254150390625,430.09423828125,1271.8612060546875,850.3797607421875,1376.905517578125,435.7176208496094,1349.42041015625,858.9380493164062,1449.2080078125,444.89495849609375,1426.2799072265625,868.93603515625,1520.4840087890625,457.7714538574219,1507.3277587890625,875.44921875,1593.0733642578125,474.88409423828125,1582.8492431640625,871.0632934570312
810.384033203125,474.50152587890625,816.7596435546875,883.638427734375,829.7061157226562,474.1666259765625,835.7928466796875,880.9035034179688,847.2485961914062,473.0280456542969,851.4605102539062,876.7570190429688,867.649658203125,461.59271240234375,872.526611328125,837.2147827148438,864.5357055664062,418.0313415527344,869.9973754882812,842.2432861328125,863.4176635742188,384.283203125,870.5550537109375,816.2293701171875,872.6756591796875,390.05572509765625,880.4625244140625,818.0464477539062,1127.194091796875,502.4316101074219,1129.570556640625,889.3203735351562,1152.5982666015625,498.3558654785156,1152.77685546875,886.1500244140625,1172.0919189453125,494.5365295410156,1172.334228515625,870.7066650390625,1136.59521484375,487.2255859375,1139.27978515625,841.3296508789062,1108.9847412109375,450.1273193359375,1108.5823974609375,851.61181640625,1093.57470703125,424.0145568847656,1095.9906005859375,832.95703125,1118.469482421875,420.5335693359375,1116.3323974609375,834.1755981445312,717.0997314453125,352.84075927734375,733.6119384765625,842.8384399414062,928.4107666015625,405.1720275878906,936.2816772460938,823.3771362304688,982.1970825195312,417.2738037109375,992.5758666992188,826.8443603515625,1039.0509033203125,424.8214111328125,1046.05859375,830.5540161132812,1200.6484375,421.9853820800781,1194.3551025390625,844.2019653320312,1283.4798583984375,429.9685363769531,1268.56396484375,850.9754028320312,1376.3939208984375,435.6371154785156,1348.4351806640625,859.0014038085938,1438.7552490234375,444.1346740722656,1425.3392333984375,868.80419921875,1519.85546875,457.76837158203125,1506.7669677734375,875.4275512695312,1592.419189453125,474.94805908203125,1581.85302734375,870.9546508789062
810.3280029296875,474.44873046875,816.5621948242188,883.6434936523438,829.340576171875,473.70184326171875,835.718505859375,880.8550415039062,847.1004028320312,473.0392761230469,851.3675537109375,876.6480102539062,867.1482543945312,461.7549743652344,871.9545288085938,838.8592529296875,864.0078125,419.11083984375,869.5953369140625,842.0152587890625,862.8977661132812,384.17816162109375,870.3270874023438,815.9730224609375,872.2452392578125,389.8462219238281,880.3165283203125,817.836669921875,1127.169189453125,502.5543518066406,1129.5068359375,889.4343872070312,1152.65283203125,498.4098815917969,1152.86181640625,886.0546875,1171.7784423828125,494.4964904785156,1172.4151611328125,870.4301147460938,1136.08447265625,487.3559265136719,1138.5445556640625,841.3831787109375,1108.5740966796875,450.2957763671875,1107.6646728515625,851.6068115234375,1093.048095703125,424.2773132324219,1095.066162109375,832.7579345703125,1117.94091796875,420.8180847167969,1115.3837890625,834.0530395507812,716.438720703125,353.0750732421875,732.6491088867188,842.205810546875,928.1629028320312,405.280029296875,935.7374267578125,823.2327270507812,981.8936157226562,417.4089050292969,992.0836791992188,826.9924926757812,1038.561279296875,424.6219787597656,1045.20556640625,830.3845825195312,1200.5880126953125,421.99530029296875,1194.4219970703125,844.2100219726562,1283.54541015625,429.7370300292969,1267.5401611328125,850.900634765625,1375.9393310546875,435.3482971191406,1348.3282470703125,858.9600830078125,1450.944580078125,445.12091064453125,1424.7320556640625,868.73974609375,1520.060302734375,457.88525390625,1506.4713134765625,875.4935913085938,1591.923828125,475.0231628417969,1580.840576171875,870.779296875
810.3448486328125,474.3787536621094,816.434326171875,883.6874389648438,829.3174438476562,473.6253662109375,835.7001953125,880.8895263671875,846.8917236328125,473.02740478515625,851.3909912109375,876.6555786132812,866.82861328125,461.8215637207031,871.5397338867188,838.60986328125,863.4308471679688,419.0801086425781,869.4878540039062,842.060791015625,862.4527587890625,384.0426025390625,869.6494750976562,815.7616577148438,872.0133666992188,389.53173828125,879.5204467773438,817.7167358398438,1127.0035400390625,502.27313232421875,1129.8575439453125,889.4135131835938,1152.588134765625,498.31005859375,1153.03466796875,886.1846313476562,1171.35595703125,494.27874755859375,1172.0555419921875,870.3651733398438,1134.2838134765625,486.16815185546875,1138.1583251953125,841.6812133789062,1107.3070068359375,450.2970886230469,1106.3155517578125,851.6827392578125,1092.2576904296875,423.7030334472656,1093.7900390625,832.576171875,1116.9237060546875,420.44647216796875,1114.6162109375,833.8417358398438,715.9156494140625,352.8364562988281,731.7422485351562,841.478515625,927.8056030273438,404.98468017578125,935.1368408203125,822.2921142578125,981.4060668945312,417.0874938964844,989.4423828125,827.0111083984375,1038.0894775390625,424.4136047363281,1044.050537109375,830.0828857421875,1200.16845703125,422.06707763671875,1192.567138671875,844.7999877929688,1283.2928466796875,429.7781677246094,1267.5107421875,851.0968017578125,1374.3092041015625,434.8970031738281,1347.603515625,859.1027221679688,1438.6441650390625,443.9554748535156,1424.11865234375,868.6134643554688,1517.6990966796875,457.6608581542969,1506.1912841796875,875.5697021484375,1592.13671875,474.7205505371094,1580.0924072265625,870.8251953125
810.3397216796875,474.4137878417969,816.3543701171875,883.7037963867188,829.579833984375,474.1590881347656,835.6756591796875,880.8262329101562,846.8753662109375,472.98193359375,851.3873901367188,876.7070922851562,866.4017944335938,461.9432678222656,871.408935546875,838.2074584960938,862.2427368164062,418.8360595703125,868.8574829101562,841.8269653320312,861.1270751953125,384.0422058105469,869.4365234375,815.5553588867188,870.6672973632812,389.39813232421875,879.23046875,817.4762573242188,1126.9879150390625,502.1882019042969,1129.8045654296875,889.3960571289062,1152.6580810546875,498.3511962890625,1153.2203369140625,886.3108520507812,1170.9017333984375,494.31536865234375,1171.7562255859375,870.0010375976562,1134.0140380859375,486.5977478027344,1136.6060791015625,841.8034057617188,1106.5648193359375,450.8635559082031,1104.614013671875,851.5807495117188,1091.41015625,424.3265075683594,1091.9476318359375,832.4530639648438,1116.304931640625,420.9352722167969,1112.6171875,833.665771484375,714.9692993164062,352.6852722167969,730.93896484375,840.3954467773438,927.2056274414062,405.4204406738281,934.0927124023438,822.0637817382812,980.5973510742188,417.2947998046875,988.494384765625,826.7230834960938,1037.6533203125,424.4798583984375,1042.9146728515625,830.0424194335938,1198.9178466796875,422.2631530761719,1192.706298828125,844.761474609375,1283.51220703125,429.8179626464844,1268.5455322265625,851.4158935546875,1375.037353515625,435.17724609375,1348.8809814453125,859.8463134765625,1437.15185546875,443.6758728027344,1421.8731689453125,868.059326171875,1516.6197509765625,457.39971923828125,1505.385009765625,875.6066284179688,1590.92041015625,474.48138427734375,1579.4075927734375,870.7696533203125
810.265380859375,474.5442810058594,816.0965576171875,883.5823364257812,829.5222778320312,474.2228088378906,835.51416015625,880.7178344726562,846.7579956054688,473.0971374511719,851.339599609375,876.678466796875,866.0513916015625,462.2244567871094,871.13134765625,838.2015991210938,861.6343383789062,419.02606201171875,868.5213623046875,841.7157592773438,860.4369506835938,384.13018798828125,869.2326049804688,815.3346557617188,869.9905395507812,389.5671691894531,879.3388061523438,817.314697265625,1126.8975830078125,502.1778259277344,1129.952392578125,889.5170288085938,1152.7913818359375,498.3413391113281,1153.390625,886.4285888671875,1170.5855712890625,494.27056884765625,1171.60791015625,869.7296752929688,1133.3702392578125,486.5272216796875,1135.431884765625,841.9581298828125,1105.6851806640625,450.95050048828125,1103.41455078125,851.5650634765625,1090.8310546875,424.5172119140625,1090.948974609375,832.5243530273438,1115.429931640625,420.95684814453125,1111.2392578125,833.90966796875,713.8244018554688,353.4869689941406,729.8643798828125,839.6439819335938,926.652099609375,405.12310791015625,933.5867919921875,821.9655151367188,980.4190063476562,417.2107849121094,988.5841064453125,826.8453369140625,1037.2730712890625,424.4750671386719,1042.595703125,830.2311401367188,1198.3424072265625,422.2594909667969,1191.56640625,844.7095336914062,1281.9044189453125,429.7126770019531,1266.6422119140625,851.2882080078125,1357.2420654296875,433.2919616699219,1347.4150390625,859.8223266601562,1436.95068359375,443.8079528808594,1422.1614990234375,868.2477416992188,1515.2041015625,457.15594482421875,1505.076171875,875.6939697265625,1589.8297119140625,474.3216552734375,1578.91650390625,870.8297729492188
810.19580078125,474.4870300292969,816.319580078125,883.566162109375,829.5036010742188,474.2464294433594,835.5380859375,880.8731079101562,846.69970703125,473.0884094238281,851.3983154296875,876.8919677734375,865.4330444335938,462.0858154296875,870.90185546875,838.0889892578125,861.1093139648438,419.2492980957031,867.3553466796875,841.5001831054688,859.9276733398438,384.3040771484375,868.11962890625,815.255615234375,869.5300903320312,389.74359130859375,878.6600341796875,817.41845703125,1126.67578125,502.2817077636719,1129.8717041015625,889.63037109375,1152.9169921875,498.34832763671875,1153.2982177734375,886.5142211914062,1170.251953125,494.05401611328125,1171.3526611328125,869.5940551757812,1132.71533203125,486.15093994140625,1135.1907958984375,842.0145874023438,1104.5423583984375,450.70794677734375,1102.9732666015625,851.5126342773438,1089.3642578125,424.747314453125,1090.9200439453125,832.7533569335938,1113.931396484375,421.1517333984375,1111.5750732421875,834.0281372070312,712.7020874023438,354.0848083496094,728.822998046875,839.5728149414062,925.6729125976562,405.02996826171875,931.9058837890625,821.7828979492188,979.68896484375,417.43841552734375,987.41064453125,826.7236328125,1036.4447021484375,424.79156494140625,1042.125732421875,830.0309448242188,1197.9957275390625,422.73907470703125,1190.69970703125,844.7958374023438,1280.455810546875,429.7016906738281,1266.178466796875,851.4276733398438,1356.35302734375,433.1325988769531,1348.3154296875,859.9959716796875,1436.08544921875,443.67901611328125,1421.1104736328125,868.3562622070312,1514.3660888671875,457.1042175292969,1504.65673828125,875.7008666992188,1588.888427734375,474.30914306640625,1577.939208984375,870.9852294921875
810.2130126953125,474.45526123046875,816.2687377929688,883.6026000976562,829.4899291992188,474.2315979003906,835.6433715820312,880.7920532226562,846.1776123046875,473.0175476074219,851.3660888671875,876.6428833007812,864.95849609375,462.10137939453125,870.7799072265625,837.8397216796875,860.2478637695312,419.40216064453125,866.7402954101562,841.2307739257812,858.7535400390625,384.9552001953125,867.1273803710938,815.2008666992188,868.4060668945312,390.1109619140625,877.6078491210938,817.2114868164062,1126.47216796875,502.1540222167969,1129.9747314453125,889.6199340820312,1152.98828125,498.325439453125,1153.401611328125,886.6494750976562,1170.0377197265625,493.9270324707031,1171.1453857421875,869.4332885742188,1132.4127197265625,486.08087158203125,1134.8001708984375,841.3995361328125,1103.8209228515625,450.71392822265625,1101.955078125,851.5827026367188,1088.7852783203125,424.7014465332031,1089.8199462890625,832.6277465820312,1113.4964599609375,421.25531005859375,1110.53515625,834.0626220703125,711.7905883789062,354.74822998046875,727.8942260742188,839.06689453125,924.9067993164062,405.17730712890625,930.2163696289062,821.6422119140625,979.2604370117188,417.26519775390625,986.027099609375,826.6323852539062,1036.03173828125,423.994873046875,1040.721435546875,829.9451293945312,1197.1055908203125,422.5589904785156,1189.8961181640625,844.7360229492188,1280.9049072265625,430.0804138183594,1267.81396484375,851.65185546875,1357.275146484375,433.3401184082031,1349.1519775390625,859.9374389648438,1436.114990234375,443.5013122558594,1420.7188720703125,868.5269165039062,1514.3433837890625,457.1897277832031,1504.729248046875,875.871337890625,1588.015625,474.50787353515625,1577.0205078125,870.5858154296875
810.092041015625,474.4752502441406,816.4326782226562,883.6611328125,829.491455078125,474.2375793457031,835.6487426757812,880.9426879882812,846.0140991210938,473.0321960449219,851.337158203125,876.5366821289062,864.6578369140625,461.9966735839844,870.2776489257812,837.5189208984375,859.3973999023438,419.2828674316406,865.7781372070312,841.1774291992188,855.744384765625,384.70697021484375,866.2073974609375,814.9763793945312,866.755859375,389.9853515625,876.6282958984375,816.9567260742188,1126.5946044921875,502.12176513671875,1130.2344970703125,889.7503051757812,1153.201171875,498.2995910644531,1153.3939208984375,886.6990356445312,1169.7459716796875,493.82489013671875,1170.7381591796875,869.4940795898438,1131.4481201171875,485.7947998046875,1134.5679931640625,841.7510375976562,1102.927734375,450.4913635253906,1101.5439453125,851.5965576171875,1087.5760498046875,424.2839050292969,1089.58251953125,832.7503662109375,1113.065185546875,420.453369140625,1110.412353515625,834.1177978515625,710.5462036132812,355.7957763671875,726.9527587890625,838.7081298828125,923.4595947265625,405.2857666015625,929.309814453125,821.4070434570312,978.2133178710938,417.01849365234375,985.2384033203125,826.7078857421875,1035.433349609375,424.83984375,1040.644287109375,830.0457153320312,1195.5106201171875,422.6472473144531,1190.2232666015625,844.8121337890625,1279.082763671875,429.2751770019531,1270.1527099609375,851.465087890625,1376.0155029296875,434.873779296875,1348.2392578125,859.9097900390625,1435.244384765625,443.3520812988281,1417.3902587890625,868.6796875,1514.1011962890625,457.2042541503906,1503.98291015625,875.8511352539062,1586.85595703125,474.5406494140625,1576.0137939453125,870.4566650390625
810.1781616210938,474.4923095703125,816.4588012695312,883.6510620117188,829.5569458007812,474.24212646484375,835.7232666015625,880.9246215820312,846.0416870117188,473.0403137207031,851.36767578125,876.4700317382812,864.2661743164062,461.7596740722656,869.962646484375,837.4393310546875,858.0281372070312,419.04290771484375,865.2791748046875,840.9337158203125,854.1607666015625,384.4841003417969,865.7393798828125,814.7549438476562,865.355224609375,389.6287536621094,875.994140625,816.601318359375,1126.631591796875,501.9164733886719,1130.2989501953125,889.701904296875,1153.4996337890625,498.24078369140625,1153.3463134765625,886.7897338867188,1169.593505859375,493.85906982421875,1170.371826171875,869.3739013671875,1131.2418212890625,486.0036315917969,1134.2523193359375,842.1173095703125,1102.065185546875,450.8494873046875,1100.8565673828125,851.4501342773438,1086.947509765625,424.37200927734375,1089.218994140625,832.7738037109375,1112.67822265625,420.6739501953125,1109.7557373046875,834.0159301757812,709.0896606445312,356.414306640625,725.8606567382812,838.3137817382812,922.50732421875,405.1974792480469,929.0410766601562,821.1591186523438,977.6333618164062,416.9359130859375,985.2566528320312,826.4990234375,1034.68701171875,424.66827392578125,1039.8392333984375,830.0077514648438,1195.181640625,422.7030029296875,1189.24951171875,844.5621337890625,1280.922607421875,430.1976623535156,1267.4248046875,851.6983642578125,1370.9793701171875,434.46624755859375,1348.197509765625,859.7683715820312,1436.666015625,443.5311279296875,1418.6767578125,868.9192504882812,1513.7803955078125,457.23931884765625,1503.531494140625,875.889892578125,1585.3277587890625,474.8261413574219,1575.038818359375,870.3430786132812
810.1962890625,474.4448547363281,816.2435302734375,883.53515625,829.6519165039062,474.2547607421875,835.4700317382812,880.8823852539062,846.0825805664062,472.9865417480469,851.0767211914062,876.4520263671875,863.8801879882812,461.5550842285156,869.9411010742188,837.7787475585938,857.2611694335938,419.03546142578125,864.9953002929688,840.8140258789062,853.4934692382812,384.4903869628906,865.53125,814.47216796875,864.5116577148438,389.4727783203125,875.87548828125,816.4209594726562,1126.668212890625,501.56024169921875,1130.279296875,889.599609375,1153.8223876953125,498.0437316894531,1153.0343017578125,886.831787109375,1169.246337890625,493.7572937011719,1169.984130859375,869.09228515625,1130.4854736328125,485.6051330566406,1133.8089599609375,842.3192749023438,1101.1290283203125,450.7515563964844,1101.1181640625,851.537109375,1086.7625732421875,424.76165771484375,1088.709228515625,832.805419921875,1111.2789306640625,420.6629333496094,1108.87255859375,834.0562744140625,707.8050537109375,357.1211853027344,724.7720336914062,837.91015625,921.2044067382812,405.2341613769531,929.3009643554688,821.07275390625,976.2520141601562,416.48138427734375,985.6353149414062,826.4963989257812,1033.4866943359375,424.2712707519531,1040.0811767578125,830.0352172851562,1193.772705078125,422.7857360839844,1187.87158203125,844.3606567382812,1277.324462890625,429.1908874511719,1265.193115234375,851.2594604492188,1358.2723388671875,433.71563720703125,1345.4981689453125,859.2047119140625,1435.0555419921875,443.15570068359375,1418.570556640625,869.1489868164062,1508.885009765625,456.16278076171875,1503.0743408203125,875.82470703125,1584.1395263671875,474.7751159667969,1574.1558837890625,870.4049072265625
810.264892578125,474.5064392089844,815.998046875,883.423095703125,829.6939086914062,474.14373779296875,835.2981567382812,880.908447265625,846.1795043945312,472.9272155761719,850.94921875,876.4264526367188,863.4053955078125,461.4844665527344,869.6197509765625,837.7328491210938,855.9908447265625,418.58099365234375,864.5827026367188,840.9403076171875,852.8193969726562,384.67071533203125,863.8309936523438,814.568359375,863.6705322265625,389.3963623046875,875.5896606445312,816.28515625,1126.71337890625,501.08782958984375,1130.3917236328125,889.7059326171875,1154.0531005859375,497.9609069824219,1153.2689208984375,886.8790283203125,1168.9093017578125,493.8587341308594,1169.1524658203125,868.4063720703125,1129.874267578125,485.28070068359375,1132.557373046875,842.5587158203125,1100.2803955078125,450.6378173828125,1100.16162109375,851.6444702148438,1085.4591064453125,425.0128479003906,1088.1856689453125,832.8137817382812,1110.3736572265625,420.7841491699219,1107.9964599609375,834.0504150390625,706.630126953125,358.2029113769531,723.5443725585938,837.534912109375,920.2554931640625,404.99005126953125,928.7163696289062,820.9154663085938,975.087890625,416.418212890625,984.7926635742188,826.4972534179688,1033.97509765625,423.29193115234375,1038.82373046875,830.3511962890625,1192.5709228515625,422.68505859375,1186.8162841796875,844.1973266601562,1273.1546630859375,429.00384521484375,1263.6861572265625,851.2747802734375,1357.7841796875,433.6985778808594,1345.4866943359375,859.1586303710938,1435.1827392578125,443.1610107421875,1418.7015380859375,869.4163208007812,1512.627197265625,456.93743896484375,1503.383056640625,876.0692138671875,1583.30126953125,474.17828369140625,1573.378173828125,870.326904296875
810.24853515625,474.5484313964844,815.6080322265625,883.425537109375,829.744140625,474.1239013671875,834.9937133789062,880.9232177734375,846.279052734375,472.81072998046875,850.8436889648438,876.5213623046875,863.2374877929688,462.0265808105469,869.371826171875,837.5884399414062,855.490966796875,418.8757629394531,863.427978515625,841.0996704101562,852.2579345703125,384.9476318359375,862.595947265625,814.328125,863.2201538085938,389.4637145996094,874.3547973632812,815.9017333984375,1126.8502197265625,501.0080261230469,1130.4736328125,889.7048950195312,1154.2105712890625,497.78466796875,1153.39990234375,887.0545043945312,1168.4476318359375,493.80865478515625,1168.650634765625,868.2261962890625,1129.1275634765625,484.87060546875,1131.6700439453125,842.9500122070312,1099.5621337890625,450.8838806152344,1099.4339599609375,851.8613891601562,1084.436279296875,425.22705078125,1087.595458984375,832.7069702148438,1109.4732666015625,421.03643798828125,1107.3851318359375,833.9991455078125,705.8300170898438,358.699462890625,722.3388061523438,837.0286865234375,919.468994140625,405.5420837402344,927.6583251953125,820.83251953125,974.39501953125,416.6427917480469,983.5419311523438,825.8343505859375,1033.158203125,423.2639465332031,1037.5184326171875,830.1795043945312,1192.2161865234375,422.66351318359375,1186.3333740234375,844.1492309570312,1273.9249267578125,429.0675964355469,1262.9268798828125,851.2127685546875,1358.525390625,433.7264709472656,1341.7135009765625,858.1448974609375,1436.704345703125,443.2600402832031,1413.8818359375,868.4811401367188,1512.9564208984375,456.995849609375,1502.488525390625,876.0441284179688,1582.6500244140625,474.078125,1572.6441650390625,870.3145751953125
810.3693237304688,474.5191345214844,815.4297485351562,883.55322265625,829.869384765625,474.20123291015625,834.7886962890625,881.0022583007812,846.2499389648438,472.9120788574219,850.8671264648438,876.5614624023438,862.9254760742188,461.8863830566406,868.5985717773438,837.1851196289062,854.5289306640625,418.8739013671875,863.03515625,841.217529296875,851.1974487304688,385.27569580078125,862.6677856445312,814.1719360351562,862.2484130859375,389.6591796875,873.6527709960938,815.7935791015625,1126.830810546875,500.92657470703125,1130.5462646484375,889.5924682617188,1154.39501953125,497.6692199707031,1153.4593505859375,887.1112060546875,1168.1514892578125,493.5412902832031,1168.772216796875,868.2138061523438,1129.0443115234375,484.8189697265625,1131.184814453125,843.3729858398438,1098.9466552734375,451.007568359375,1097.80029296875,852.1626586914062,1083.60498046875,424.8840026855469,1086.2974853515625,831.6802978515625,1108.5045166015625,420.91156005859375,1106.018798828125,833.958984375,704.8652954101562,360.1831970214844,721.1751708984375,836.4254150390625,919.1024780273438,405.55157470703125,927.134521484375,820.6556396484375,974.3697509765625,416.35113525390625,982.6482543945312,826.0359497070312,1032.8729248046875,423.0893859863281,1037.3631591796875,830.4929809570312,1192.09375,422.5517883300781,1185.030517578125,844.1672973632812,1275.327392578125,429.1871032714844,1256.4072265625,850.489501953125,1364.6412353515625,433.5087585449219,1339.74609375,858.3742065429688,1437.77294921875,443.2555847167969,1414.2003173828125,868.606201171875,1512.910888671875,457.0582275390625,1499.402099609375,875.7023315429688,1581.8707275390625,474.0088195800781,1571.88232421875,870.3248291015625
810.4771118164062,474.5108947753906,815.224853515625,883.5652465820312,830.025146484375,474.1897888183594,834.5257568359375,881.0469360351562,846.3193359375,472.8930358886719,850.5994262695312,876.65087890625,862.3977661132812,461.6036071777344,867.898681640625,837.5111083984375,853.2095336914062,418.89251708984375,863.04052734375,841.1441650390625,850.0410766601562,385.51654052734375,862.7150268554688,814.1587524414062,860.9268798828125,390.21112060546875,874.0722045898438,815.68017578125,1126.6793212890625,500.7880859375,1130.5595703125,889.6831665039062,1154.4935302734375,497.6326599121094,1153.4942626953125,887.1863403320312,1167.699462890625,493.692138671875,1167.1142578125,867.4714965820312,1128.5621337890625,484.5894470214844,1130.1475830078125,843.4700317382812,1098.39990234375,450.97601318359375,1097.1138916015625,852.2166137695312,1082.5849609375,424.9512023925781,1085.5167236328125,831.9351806640625,1107.8416748046875,421.0345458984375,1105.28076171875,834.1449584960938,703.8441162109375,361.1811828613281,720.1251831054688,835.8906860351562,918.2010498046875,405.5564270019531,926.6927490234375,820.7178955078125,973.2640991210938,416.6629638671875,982.2086791992188,825.9903564453125,1031.7674560546875,423.1265869140625,1038.0498046875,830.5563354492188,1191.8148193359375,422.7153625488281,1185.2864990234375,844.3756713867188,1274.2161865234375,429.0225524902344,1262.1597900390625,851.62158203125,1362.4873046875,433.2576904296875,1341.1824951171875,858.5335083007812,1435.8720703125,442.8175354003906,1414.3125,868.802734375,1507.423095703125,455.9580078125,1497.9190673828125,875.2056274414062,1580.8516845703125,473.89715576171875,1571.220947265625,870.5912475585938
810.4749755859375,474.51947021484375,815.264892578125,883.744384765625,829.9655151367188,474.2127990722656,834.6093139648438,881.2911987304688,846.2090454101562,472.8575134277344,850.7340087890625,876.6524047851562,861.9840087890625,461.6306457519531,867.605712890625,837.6541137695312,852.2862548828125,419.09283447265625,862.0394287109375,841.10888671875,849.2766723632812,385.6880798339844,861.5269775390625,814.0233154296875,859.7958374023438,390.63427734375,873.3362426757812,815.7406616210938,1126.39501953125,500.87939453125,1130.3831787109375,889.7045288085938,1154.18994140625,497.5406494140625,1153.431884765625,887.324951171875,1167.13427734375,493.22308349609375,1166.75390625,867.4624633789062,1129.534423828125,483.8477783203125,1130.1065673828125,843.6607055664062,1097.56494140625,450.91754150390625,1096.8927001953125,852.3793334960938,1081.50634765625,424.9190673828125,1085.441162109375,832.120849609375,1106.7486572265625,421.2757568359375,1105.404052734375,834.394287109375,703.0458984375,361.41339111328125,719.1759643554688,835.5368041992188,917.3526611328125,405.11798095703125,927.3980102539062,821.9473876953125,972.486572265625,416.6579284667969,981.8954467773438,826.1049194335938,1031.080322265625,423.0339660644531,1037.9998779296875,830.7781982421875,1190.065673828125,422.0505676269531,1184.64697265625,844.6654052734375,1271.014404296875,429.3985595703125,1257.581787109375,850.8186645507812,1357.366943359375,433.3699951171875,1340.2958984375,858.7786254882812,1434.135498046875,442.50701904296875,1415.1226806640625,869.1766967773438,1505.8778076171875,455.89642333984375,1497.5462646484375,875.34765625,1580.113037109375,473.8280334472656,1570.5892333984375,870.7147216796875
810.5999145507812,474.500244140625,815.2649536132812,883.7874145507812,830.096923828125,474.2262268066406,834.7125854492188,881.4312744140625,846.2603149414062,472.809814453125,850.62890625,877.0198364257812,861.5048828125,461.6768493652344,867.0010375976562,837.9509887695312,851.6528930664062,419.40496826171875,860.611328125,841.3231811523438,848.0264892578125,385.86907958984375,859.4529418945312,813.8705444335938,858.194091796875,390.8185119628906,870.983642578125,816.0519409179688,1126.5574951171875,501.1253356933594,1130.59619140625,889.7415161132812,1154.4515380859375,497.5243835449219,1153.5406494140625,887.3005981445312,1166.492431640625,493.1415100097656,1166.209228515625,867.184326171875,1129.0562744140625,483.7820739746094,1129.5616455078125,844.0270385742188,1097.1807861328125,450.6514892578125,1096.2769775390625,852.7219848632812,1080.33251953125,424.8945007324219,1084.91552734375,832.3202514648438,1105.64501953125,421.3345947265625,1105.025390625,834.7474365234375,701.7986450195312,362.1400451660156,718.477783203125,835.2550659179688,916.1974487304688,404.9674987792969,925.097412109375,821.8448486328125,971.3294677734375,416.483642578125,980.283447265625,826.1087036132812,1029.243408203125,423.0989990234375,1036.300048828125,830.6945190429688,1187.587158203125,422.0068359375,1183.7568359375,844.7863159179688,1269.7576904296875,429.4855651855469,1256.5975341796875,850.7672119140625,1357.37744140625,433.3343505859375,1338.2196044921875,858.8502807617188,1434.568115234375,442.67425537109375,1414.10888671875,869.2955322265625,1505.7294921875,456.0735778808594,1496.207275390625,875.3885498046875,1579.29931640625,474.35345458984375,1569.520263671875,870.3739624023438
810.5463256835938,474.4730224609375,815.400390625,883.8212890625,829.9891357421875,474.27801513671875,834.688232421875,881.4354858398438,846.1753540039062,472.9270324707031,850.3770141601562,877.183837890625,860.6947631835938,461.2870788574219,866.4503173828125,837.952392578125,850.586669921875,419.4523620605469,860.0765991210938,841.77490234375,847.4336547851562,386.1969909667969,859.0382690429688,814.0869140625,856.9398803710938,391.134765625,870.5263671875,816.16748046875,1126.596435546875,501.1258544921875,1130.571044921875,889.8362426757812,1154.3704833984375,497.5413513183594,1153.556640625,887.27490234375,1166.1285400390625,493.032958984375,1165.5435791015625,867.0438842773438,1128.2864990234375,483.6858215332031,1129.2071533203125,844.074462890625,1096.14599609375,450.4891052246094,1098.3572998046875,852.1863403320312,1080.5208740234375,423.423095703125,1084.015380859375,832.2528686523438,1104.9791259765625,421.33154296875,1104.4359130859375,834.7576293945312,700.7435302734375,362.57806396484375,717.1232299804688,834.8231811523438,915.2696533203125,404.6528625488281,924.2515258789062,822.0089111328125,970.6182250976562,416.2546081542969,978.9906616210938,826.0732421875,1028.4530029296875,422.5545349121094,1034.7618408203125,830.5789184570312,1187.6024169921875,422.1550598144531,1183.6435546875,844.7584838867188,1270.7357177734375,429.5372009277344,1256.6259765625,850.925048828125,1358.62646484375,433.2590026855469,1337.6485595703125,859.078125,1433.5645751953125,442.20758056640625,1413.7578125,869.4147338867188,1504.47216796875,456.04449462890625,1495.882568359375,875.4666137695312,1578.398681640625,474.7019958496094,1568.45263671875,870.7028198242188
810.606689453125,474.3966369628906,815.1908569335938,883.8330688476562,830.0189208984375,474.239013671875,834.55322265625,881.4232177734375,846.2717895507812,472.8443908691406,850.2835083007812,877.2691650390625,859.9856567382812,461.06597900390625,866.0364379882812,837.9660034179688,849.724609375,419.34283447265625,858.6727294921875,841.6105346679688,845.4300537109375,385.916259765625,856.224365234375,813.8062133789062,855.501953125,390.93072509765625,868.0575561523438,815.7662963867188,1126.6781005859375,501.14251708984375,1130.544921875,889.6892700195312,1154.3160400390625,497.2740783691406,1153.783203125,887.320068359375,1165.6407470703125,492.7016296386719,1165.0294189453125,866.9033203125,1127.1556396484375,483.8885498046875,1128.3719482421875,844.2880859375,1094.980224609375,450.6717224121094,1097.267333984375,852.2037353515625,1079.3089599609375,423.77569580078125,1082.91943359375,832.153564453125,1103.8092041015625,421.6886901855469,1103.3902587890625,834.648193359375,699.6812133789062,362.728759765625,715.7451171875,834.3358154296875,913.6943359375,404.2286376953125,922.3565673828125,821.8296508789062,969.1513671875,416.0151062011719,977.8797607421875,826.021240234375,1027.0970458984375,422.5152587890625,1033.8802490234375,830.4388427734375,1188.540283203125,422.49810791015625,1182.96337890625,844.7324829101562,1272.7239990234375,429.1266784667969,1253.6973876953125,852.0325317382812,1358.5767822265625,433.3698425292969,1336.3416748046875,858.9025268554688,1433.915771484375,442.376220703125,1413.39306640625,869.132080078125,1504.59619140625,456.1711730957031,1495.1546630859375,875.5861206054688,1577.463623046875,474.65203857421875,1567.3905029296875,870.6461181640625
810.5079956054688,474.5019226074219,814.85888671875,883.7156372070312,830.0684204101562,474.253173828125,834.3258056640625,881.3128051757812,846.3043212890625,472.7371520996094,850.0746459960938,877.2849731445312,859.8763427734375,460.875,865.9065551757812,837.9066772460938,849.2546997070312,419.55902099609375,857.5904541015625,841.3566284179688,844.9931640625,386.36798095703125,855.0700073242188,813.6400146484375,855.02880859375,391.2527770996094,867.3829956054688,815.7320556640625,1126.8380126953125,501.04193115234375,1130.5384521484375,889.7323608398438,1154.4295654296875,497.4624938964844,1153.7928466796875,887.4019165039062,1165.2152099609375,492.5736389160156,1164.1793212890625,867.02197265625,1126.41943359375,483.6422424316406,1127.359375,843.8501586914062,1094.1165771484375,451.0764465332031,1096.19482421875,852.0633544921875,1078.530517578125,423.9713439941406,1082.1944580078125,832.153564453125,1103.133056640625,421.91986083984375,1104.4830322265625,834.8389892578125,698.545654296875,362.7679138183594,714.4133911132812,833.967041015625,913.2454223632812,404.25714111328125,922.2868041992188,821.8534545898438,968.6722412109375,415.70196533203125,977.6417236328125,826.0087890625,1026.3870849609375,422.19097900390625,1033.318359375,830.2394409179688,1186.92236328125,422.6877136230469,1181.7918701171875,844.7172241210938,1270.23828125,429.5220947265625,1253.8828125,852.1768188476562,1356.19580078125,433.209716796875,1335.21240234375,858.9012451171875,1427.668212890625,441.63824462890625,1413.2147216796875,869.3349609375,1501.748779296875,455.7245178222656,1494.3946533203125,875.5890502929688,1576.60791015625,474.70159912109375,1566.343017578125,870.3860473632812
810.5066528320312,474.3659973144531,814.8543090820312,883.71240234375,830.0255126953125,474.24005126953125,834.2455444335938,881.2562866210938,846.309814453125,472.6418151855469,849.9420166015625,877.4276123046875,859.7527465820312,460.75531005859375,865.39208984375,838.086669921875,848.3925170898438,419.6439514160156,856.216064453125,840.892578125,844.0587158203125,386.3761901855469,853.3218383789062,813.4290771484375,854.2677001953125,391.07598876953125,865.4085693359375,815.5781860351562,1126.8896484375,500.8278503417969,1130.18115234375,889.6155395507812,1154.6849365234375,497.3752136230469,1153.6298828125,887.3770751953125,1165.647216796875,492.4677734375,1163.4241943359375,867.3153686523438,1125.78662109375,483.8337707519531,1126.49169921875,844.1690673828125,1092.8167724609375,451.10235595703125,1095.3533935546875,852.1758422851562,1076.9940185546875,424.3958435058594,1080.8985595703125,832.0620727539062,1102.3631591796875,421.8958740234375,1103.4862060546875,834.6722412109375,697.6044311523438,363.736328125,713.4277954101562,833.9721069335938,912.691162109375,403.600830078125,919.7589721679688,821.7642822265625,968.0835571289062,415.39105224609375,975.946044921875,826.0162963867188,1025.25390625,421.9253234863281,1031.405029296875,829.9968872070312,1186.3133544921875,422.7500305175781,1181.3565673828125,844.581298828125,1269.609619140625,429.5736999511719,1253.490478515625,851.9727783203125,1355.432861328125,433.0306701660156,1335.5535888671875,859.2384643554688,1428.5728759765625,441.8771057128906,1412.71875,869.0806274414062,1501.90771484375,455.8863525390625,1493.811279296875,875.75390625,1575.756591796875,474.5861511230469,1565.309326171875,870.2811889648438
810.5232543945312,474.383056640625,814.7633056640625,883.6007690429688,829.9810791015625,474.2760925292969,834.240234375,881.2257080078125,846.2884521484375,472.5888977050781,849.9554443359375,877.4441528320312,859.544677734375,460.6805725097656,864.6318969726562,837.5302124023438,847.741943359375,419.69879150390625,855.5379638671875,841.0275268554688,842.5112915039062,386.8452453613281,852.3563842773438,813.3771362304688,852.938232421875,391.2486877441406,864.705078125,815.5244140625,1127.182861328125,501.34747314453125,1129.816650390625,889.4240112304688,1154.908447265625,497.6002197265625,1153.291748046875,887.3438110351562,1164.8817138671875,492.40264892578125,1162.9854736328125,867.30712890625,1124.4718017578125,483.9161376953125,1125.4722900390625,844.2776489257812,1092.0335693359375,451.0416259765625,1092.286865234375,851.959716796875,1076.2078857421875,424.3858337402344,1078.99072265625,832.2905883789062,1101.7442626953125,421.9237365722656,1100.856201171875,833.7626342773438,696.61767578125,364.0709228515625,712.5361328125,833.9986572265625,912.0367431640625,403.2021179199219,918.5453491210938,820.8773803710938,966.8330688476562,414.4233703613281,972.0360107421875,826.01416015625,1024.327880859375,421.96966552734375,1028.3670654296875,829.7640380859375,1184.9013671875,423.0517272949219,1180.44580078125,844.300048828125,1268.6099853515625,429.6487121582031,1253.9354248046875,852.5647583007812,1355.1580810546875,432.9715881347656,1333.5411376953125,858.77587890625,1428.9732666015625,441.95416259765625,1412.6014404296875,869.12890625,1501.5089111328125,455.7507629394531,1492.5555419921875,875.8530883789062,1576.1307373046875,474.1678161621094,1563.884521484375,870.2619018554688
810.5593872070312,474.295654296875,814.439453125,883.6038208007812,829.94384765625,474.2184143066406,833.9928588867188,881.0734252929688,846.2872924804688,472.5542907714844,849.744873046875,877.412353515625,859.2505493164062,460.2440185546875,864.8319091796875,837.28662109375,846.9382934570312,419.6172790527344,854.5538940429688,840.9072265625,841.3584594726562,386.9112854003906,850.4807739257812,813.4253540039062,851.5076293945312,391.0599670410156,863.12158203125,815.4955444335938,1127.213134765625,501.9813537597656,1130.113525390625,889.5880737304688,1154.8863525390625,498.0218811035156,1153.3118896484375,887.3611450195312,1163.8717041015625,492.00244140625,1162.220458984375,867.0829467773438,1123.219482421875,483.61798095703125,1124.608154296875,844.0316772460938,1090.80859375,451.2124328613281,1091.1876220703125,851.8606567382812,1075.04443359375,424.61859130859375,1078.453857421875,832.4339599609375,1100.2310791015625,421.8901672363281,1100.2388916015625,833.7444458007812,695.4715576171875,364.0733947753906,711.5409545898438,834.4646606445312,910.7449951171875,402.40826416015625,916.7725830078125,820.728759765625,965.7816162109375,413.83673095703125,971.9554443359375,826.055419921875,1022.8981323242188,423.3977355957031,1027.59228515625,829.65185546875,1183.1729736328125,423.30419921875,1181.213134765625,844.5623168945312,1266.9716796875,429.5514831542969,1257.6478271484375,851.7105102539062,1354.252685546875,433.0780944824219,1337.29541015625,859.0104370117188,1434.4154052734375,442.64886474609375,1404.3565673828125,867.00732421875,1501.139404296875,455.6243591308594,1491.4578857421875,875.7175903320312,1574.9036865234375,473.77410888671875,1562.9869384765625,870.0526123046875
810.5018920898438,474.3493347167969,814.0069580078125,883.5796508789062,829.89453125,474.2989807128906,833.7999877929688,881.06298828125,846.1864013671875,472.6276550292969,849.706298828125,877.3400268554688,858.9365234375,460.274658203125,864.440185546875,837.1585693359375,846.3125610351562,419.6540222167969,854.57421875,841.318603515625,839.9379272460938,385.95166015625,851.0067138671875,813.9823608398438,850.7256469726562,390.64044189453125,863.4244384765625,816.373291015625,1127.201171875,502.4109191894531,1129.7664794921875,889.6536865234375,1154.80224609375,498.26300048828125,1153.11376953125,887.4484252929688,1163.151611328125,491.6937561035156,1161.8817138671875,866.689208984375,1121.6376953125,484.0556335449219,1123.5654296875,843.5856323242188,1089.61279296875,451.34320068359375,1089.738525390625,851.7132568359375,1074.0087890625,424.8498229980469,1077.37548828125,832.3804321289062,1098.76416015625,422.26422119140625,1098.85400390625,833.3886108398438,694.4544067382812,364.46417236328125,710.53466796875,834.9625244140625,909.8121337890625,402.5911865234375,916.3729858398438,820.8076171875,964.5458374023438,413.2929992675781,971.6806030273438,826.1303100585938,1022.0277709960938,423.1552429199219,1027.07861328125,829.6908569335938,1182.1907958984375,423.2737731933594,1180.458251953125,844.3092651367188,1266.6640625,429.7942810058594,1256.5467529296875,851.99267578125,1353.6649169921875,433.1116638183594,1334.227783203125,859.11328125,1428.2652587890625,442.1435241699219,1405.4940185546875,867.1766357421875,1500.4876708984375,455.5226135253906,1490.7421875,875.7017211914062,1573.806396484375,473.4025573730469,1562.4820556640625,870.2206420898438
810.4260864257812,474.3837585449219,814.3399047851562,883.5052490234375,829.7454833984375,474.3477783203125,833.9745483398438,881.0751953125,846.1303100585938,472.68817138671875,849.8182373046875,877.40771484375,858.7277221679688,460.1715393066406,863.7911987304688,837.1690673828125,845.5721435546875,419.41400146484375,852.4287719726562,841.5430297851562,838.7681884765625,385.9195251464844,847.9800415039062,813.8792724609375,849.4735717773438,390.2419128417969,860.894287109375,816.4352416992188,1127.11328125,502.944580078125,1129.5653076171875,889.4496459960938,1154.526123046875,498.61993408203125,1152.8558349609375,887.439697265625,1162.3929443359375,491.1048583984375,1161.2337646484375,866.7539672851562,1121.423095703125,483.66986083984375,1122.8170166015625,843.46630859375,1088.3560791015625,451.0950012207031,1087.9429931640625,851.5469360351562,1073.0567626953125,424.9336853027344,1075.789794921875,832.1590576171875,1097.9892578125,422.0223083496094,1096.7611083984375,833.3912353515625,693.3328247070312,364.9952087402344,709.5034790039062,835.30126953125,908.5484619140625,401.93487548828125,913.4533081054688,820.5828247070312,964.4313354492188,413.2835998535156,969.8400268554688,826.1165161132812,1021.508544921875,422.68072509765625,1025.4300537109375,829.5245361328125,1182.1380615234375,423.2747497558594,1180.4534912109375,844.4583740234375,1267.818359375,430.02557373046875,1257.58203125,851.9937744140625,1350.7601318359375,432.5992431640625,1337.5726318359375,859.4738159179688,1426.963134765625,441.8522644042969,1386.10546875,865.437744140625,1499.383544921875,455.33221435546875,1489.8602294921875,875.668212890625,1572.513916015625,473.0882263183594,1561.609130859375,870.1461791992188
810.3748168945312,474.34490966796875,813.8351440429688,883.4664916992188,829.7481079101562,474.3390808105469,833.8431396484375,881.115478515625,846.1220092773438,472.71142578125,849.8174438476562,877.4866333007812,858.2089233398438,459.95892333984375,863.3028564453125,836.9547729492188,844.4431762695312,419.2403259277344,852.0719604492188,842.0657348632812,837.1590576171875,385.710693359375,847.4549560546875,814.2649536132812,848.0968017578125,389.731201171875,860.3421020507812,816.7489013671875,1127.0028076171875,502.9229736328125,1129.572998046875,889.4590454101562,1154.3759765625,498.7545166015625,1152.8310546875,887.5196533203125,1161.767578125,490.88507080078125,1161.0928955078125,866.672119140625,1120.532958984375,483.19580078125,1122.542724609375,843.906982421875,1087.0841064453125,450.95611572265625,1087.1507568359375,851.6022338867188,1071.727783203125,424.8463134765625,1075.3167724609375,832.1492309570312,1096.9462890625,421.9417419433594,1096.241943359375,833.3847045898438,692.1931762695312,365.27374267578125,708.602294921875,835.6719360351562,906.89404296875,401.7362976074219,912.672119140625,820.6510009765625,962.7799072265625,412.83685302734375,969.4666137695312,826.2875366210938,1019.9214477539062,422.3858642578125,1024.9468994140625,829.44970703125,1180.702880859375,423.7542419433594,1179.2589111328125,844.4501342773438,1266.4437255859375,430.1420593261719,1257.296875,851.8484497070312,1349.85986328125,432.5718688964844,1338.1549072265625,859.406005859375,1427.1199951171875,442.0525817871094,1404.8372802734375,867.1279296875,1499.0723876953125,455.29742431640625,1489.74365234375,875.8687744140625,1570.9473876953125,472.79437255859375,1560.591796875,869.9135131835938
810.3322143554688,474.3050842285156,813.8155517578125,883.3095703125,829.7593383789062,474.4001770019531,833.8755493164062,881.1011352539062,845.88720703125,472.73828125,849.8043823242188,877.6174926757812,857.9514770507812,459.89154052734375,862.82421875,837.3446044921875,843.7484741210938,418.98834228515625,851.1163940429688,840.8897094726562,836.5519409179688,385.33270263671875,847.0684204101562,815.3465576171875,847.4952392578125,389.1119689941406,859.9302368164062,816.9548950195312,1127.0838623046875,502.9888000488281,1129.2977294921875,889.4011840820312,1154.4674072265625,498.7307434082031,1152.9189453125,887.312255859375,1161.1268310546875,490.48455810546875,1160.806396484375,866.2582397460938,1119.3095703125,482.5320739746094,1121.614990234375,844.1159057617188,1085.7952880859375,451.11236572265625,1085.8935546875,851.2931518554688,1070.7550048828125,424.4977111816406,1074.7802734375,832.2013549804688,1096.347900390625,421.81622314453125,1095.413330078125,833.3856811523438,690.8919067382812,365.46368408203125,707.4246826171875,836.1788330078125,906.2706298828125,401.2220764160156,911.95263671875,820.923828125,961.6373901367188,412.51837158203125,969.2694702148438,826.2822875976562,1018.9546508789062,422.0198059082031,1024.4947509765625,829.6344604492188,1180.6304931640625,423.68182373046875,1179.1173095703125,844.3367919921875,1267.5096435546875,430.35821533203125,1258.63671875,852.232666015625,1350.615478515625,432.7846984863281,1339.0194091796875,859.5411987304688,1426.39111328125,441.9181823730469,1382.7030029296875,865.4119262695312,1498.5396728515625,455.2090148925781,1488.866455078125,875.853271484375,1570.0125732421875,472.5896301269531,1559.7086181640625,869.9352416992188
810.3916625976562,474.2361755371094,813.649658203125,883.1284790039062,829.7428588867188,474.5123596191406,833.7692260742188,881.0289916992188,845.8126831054688,472.87677001953125,849.7377319335938,877.6182250976562,857.6387329101562,460.0094299316406,862.1318969726562,837.0177612304688,843.393798828125,419.33172607421875,850.3380126953125,840.8860473632812,836.242431640625,385.4539489746094,846.3007202148438,815.943359375,847.2503662109375,389.11572265625,858.9656982421875,817.1184692382812,1127.0655517578125,503.004150390625,1129.1612548828125,889.4585571289062,1154.416015625,498.6518859863281,1152.83935546875,887.215576171875,1161.7860107421875,490.4977722167969,1160.322509765625,866.0881958007812,1117.995361328125,482.4071044921875,1121.067138671875,844.3211669921875,1084.379150390625,451.2314758300781,1084.936279296875,851.1787719726562,1070.5491943359375,424.71197509765625,1073.8524169921875,831.9378051757812,1095.2215576171875,421.7830505371094,1094.6986083984375,833.2066040039062,689.7696533203125,365.5003356933594,706.389404296875,836.3958129882812,905.6424560546875,400.991455078125,910.7308349609375,820.9403076171875,960.1727905273438,412.1015319824219,967.22998046875,825.85693359375,1017.3952026367188,421.5628356933594,1023.745361328125,829.6387329101562,1180.0906982421875,423.921630859375,1174.437744140625,844.1380615234375,1265.2169189453125,430.0865783691406,1259.4580078125,852.4652709960938,1347.80078125,432.9125061035156,1357.1666259765625,861.9080810546875,1421.9613037109375,441.63629150390625,1380.8446044921875,865.6222534179688,1497.009765625,454.828857421875,1489.0238037109375,875.8096313476562,1568.7626953125,472.5525207519531,1558.676025390625,869.9243774414062
810.406982421875,474.2521667480469,813.4681396484375,883.0748901367188,829.6994018554688,474.5250244140625,833.8402709960938,881.048828125,845.6819458007812,472.9292297363281,849.7423706054688,877.5992431640625,857.3657836914062,460.0862731933594,862.0479736328125,836.501953125,842.4269409179688,419.252197265625,848.5955200195312,842.0491333007812,835.3788452148438,385.5862121582031,842.9688720703125,815.5670166015625,846.1611328125,389.1951599121094,855.347412109375,817.3424072265625,1127.045166015625,502.9385070800781,1129.199951171875,889.5929565429688,1154.533935546875,498.7148742675781,1152.958251953125,887.1044311523438,1160.7344970703125,490.11895751953125,1161.0716552734375,865.90771484375,1117.2481689453125,482.0758361816406,1120.4456787109375,844.4356079101562,1082.9466552734375,450.91949462890625,1085.542724609375,851.7335815429688,1069.195556640625,424.39166259765625,1072.8369140625,831.6964721679688,1093.6104736328125,421.7845153808594,1093.6141357421875,832.904052734375,688.4562377929688,365.61944580078125,704.97216796875,836.8237915039062,904.5012817382812,400.5072937011719,909.3517456054688,821.58056640625,958.7745361328125,411.80780029296875,965.1956176757812,825.9725341796875,1016.3244018554688,420.7917175292969,1021.6925048828125,829.57666015625,1177.640380859375,423.9066162109375,1173.16943359375,843.81005859375,1261.7696533203125,429.3787841796875,1257.2802734375,851.6636352539062,1346.13330078125,432.66766357421875,1340.109619140625,859.4437866210938,1422.47705078125,441.514892578125,1381.3133544921875,865.8129272460938,1495.1866455078125,454.6492004394531,1488.5804443359375,875.8598022460938,1567.8485107421875,471.88140869140625,1557.766845703125,869.4653930664062
810.4645385742188,474.270263671875,813.5919799804688,882.92041015625,829.7459716796875,474.5548095703125,833.9105224609375,881.0665893554688,845.6145629882812,472.8233337402344,849.8162841796875,877.5177001953125,856.7401733398438,459.40155029296875,861.7694702148438,836.6126708984375,840.970947265625,418.8821105957031,847.181640625,841.9118041992188,834.0733032226562,385.458251953125,841.8268432617188,815.9559326171875,844.8502807617188,388.9602966308594,853.9736938476562,817.6077880859375,1127.133544921875,502.98712158203125,1129.0335693359375,889.5713500976562,1154.4017333984375,498.774658203125,1152.766845703125,887.05908203125,1159.9793701171875,489.984619140625,1160.661865234375,865.7005615234375,1116.4512939453125,481.4494934082031,1120.6136474609375,844.6075439453125,1081.9844970703125,450.9275817871094,1084.2275390625,851.4857177734375,1068.7188720703125,424.6150207519531,1071.913330078125,831.535400390625,1092.7335205078125,422.1685791015625,1092.861328125,832.8692016601562,687.0076293945312,366.02191162109375,703.8155517578125,837.2733764648438,903.0765991210938,400.3030700683594,908.2664794921875,821.8436279296875,958.0418090820312,411.08978271484375,964.3703002929688,826.2610473632812,1017.6483154296875,419.2950134277344,1021.0496215820312,829.6097412109375,1176.6199951171875,423.7115173339844,1171.872802734375,843.4862670898438,1258.993896484375,429.1336975097656,1256.7471923828125,851.807373046875,1345.62060546875,432.550048828125,1340.949462890625,859.177490234375,1421.804443359375,441.64404296875,1380.99609375,865.8794555664062,1494.657958984375,454.5450744628906,1488.532470703125,875.8687133789062,1566.9561767578125,471.48114013671875,1556.8299560546875,869.4572143554688
810.4392700195312,474.236083984375,813.32470703125,882.8267822265625,829.837890625,474.56494140625,833.7764892578125,880.9547729492188,845.6080322265625,472.8221435546875,849.7172241210938,877.4513549804688,856.103759765625,459.4134521484375,862.4199829101562,836.5133056640625,840.3460083007812,418.63555908203125,846.8017578125,842.1797485351562,832.7332153320312,385.2849426269531,841.5517578125,816.4282836914062,843.2673950195312,389.56884765625,853.8307495117188,817.87646484375,1127.04345703125,503.4631652832031,1129.02587890625,889.5881958007812,1154.093994140625,498.94921875,1152.6053466796875,886.8262329101562,1158.932861328125,489.7355651855469,1160.08447265625,865.3788452148438,1115.2740478515625,481.1914367675781,1119.0638427734375,845.0811767578125,1080.6385498046875,450.9964599609375,1082.20751953125,851.4257202148438,1067.432373046875,424.277587890625,1070.66943359375,831.0191650390625,1091.3778076171875,422.1125793457031,1091.6529541015625,832.8709106445312,686.123291015625,366.1785888671875,703.2628173828125,837.597900390625,901.56005859375,399.3388671875,906.38330078125,821.2897338867188,956.7275390625,410.3879699707031,962.5636596679688,826.218505859375,1015.8189697265625,418.6453552246094,1018.5357666015625,829.7571411132812,1176.1148681640625,423.9234924316406,1171.167236328125,843.5615234375,1257.9549560546875,429.1181640625,1257.544677734375,852.1412353515625,1345.1385498046875,432.7242431640625,1340.869873046875,858.9729614257812,1421.361572265625,441.6341552734375,1381.1595458984375,865.6654052734375,1493.3720703125,454.367919921875,1488.0203857421875,875.7733154296875,1565.9119873046875,470.979736328125,1555.81591796875,869.3812866210938
810.494384765625,474.1866455078125,813.2481079101562,882.755859375,829.7916259765625,474.5849304199219,833.82763671875,880.9932250976562,846.566650390625,473.64923095703125,849.798828125,877.2401733398438,855.7268676757812,459.0245666503906,861.729248046875,835.7569580078125,839.4619140625,418.73016357421875,845.0516967773438,842.1697998046875,832.7354125976562,385.3210144042969,839.2315673828125,815.4927368164062,841.8984375,389.5671081542969,851.164794921875,817.85986328125,1126.9288330078125,503.2624816894531,1128.8836669921875,889.6592407226562,1154.0594482421875,499.09918212890625,1152.1846923828125,886.703857421875,1158.17724609375,489.5331726074219,1159.3018798828125,865.3163452148438,1113.9337158203125,481.4504699707031,1118.306884765625,844.615478515625,1080.4739990234375,450.9298400878906,1080.5789794921875,851.389892578125,1066.154296875,423.8945007324219,1068.9080810546875,830.9520874023438,1090.5755615234375,422.15478515625,1090.2735595703125,832.5225219726562,684.8768310546875,366.3655700683594,701.95361328125,837.9231567382812,900.50439453125,398.5453796386719,904.8069458007812,820.65869140625,955.7244873046875,410.18487548828125,960.79345703125,825.9682006835938,1014.9188232421875,418.1402282714844,1017.5941772460938,829.1863403320312,1174.0228271484375,423.494140625,1169.6173095703125,843.2216186523438,1253.746337890625,428.9853515625,1257.23974609375,851.8098754882812,1342.0408935546875,433.4544677734375,1341.6016845703125,858.772216796875,1419.4566650390625,441.5432434082031,1379.6588134765625,865.579833984375,1492.1234130859375,453.93914794921875,1474.065673828125,873.98193359375,1564.879638671875,470.59051513671875,1554.9248046875,869.246826171875
810.690185546875,474.2104187011719,812.8467407226562,882.7409057617188,829.942626953125,474.58447265625,833.8312377929688,880.776611328125,846.6459350585938,473.54339599609375,849.9730834960938,877.15673828125,853.8650512695312,457.99945068359375,861.39013671875,834.9765625,838.1942138671875,418.73828125,843.905029296875,842.2536010742188,831.2711181640625,385.30908203125,837.03369140625,815.6112060546875,840.5829467773438,389.5431213378906,848.432861328125,817.7467651367188,1126.8016357421875,503.15911865234375,1128.922119140625,889.7607421875,1153.82958984375,499.1052551269531,1152.138916015625,886.7225952148438,1156.8702392578125,489.2772521972656,1158.953125,865.06494140625,1112.9517822265625,480.8580017089844,1117.838623046875,844.4844360351562,1078.3359375,450.3382568359375,1081.9986572265625,851.5510864257812,1063.6451416015625,422.9695739746094,1068.289794921875,830.9873046875,1088.9169921875,421.88519287109375,1089.5958251953125,832.647705078125,683.7449951171875,366.8090515136719,700.856689453125,838.4801025390625,898.8446044921875,398.14190673828125,904.0076293945312,818.53369140625,954.6226196289062,410.0100402832031,957.1088256835938,826.0316162109375,1012.9766235351562,417.7535095214844,1015.3001708984375,828.9502563476562,1171.4979248046875,423.652587890625,1167.2138671875,843.019775390625,1253.985595703125,430.0209655761719,1255.56298828125,852.1749877929688,1341.502685546875,433.408935546875,1322.705078125,857.87353515625,1419.1578369140625,441.4469909667969,1381.40087890625,865.5661010742188,1491.0921630859375,453.7236328125,1475.2965087890625,874.1307373046875,1564.068115234375,470.39666748046875,1553.980224609375,869.4404296875
810.7210693359375,474.1529541015625,812.8090209960938,882.8271484375,830.079345703125,474.6192932128906,833.856201171875,880.8563232421875,846.6683349609375,473.4737243652344,850.4013061523438,877.1817626953125,853.4176635742188,457.9302062988281,861.2465209960938,834.4962158203125,837.224365234375,418.71331787109375,843.6533203125,842.1359252929688,830.1954345703125,385.5702209472656,836.6074829101562,816.0714721679688,839.2919311523438,389.705322265625,848.8129272460938,818.4623413085938,1126.9644775390625,503.1502990722656,1128.890869140625,889.649169921875,1153.686279296875,498.9750671386719,1152.3052978515625,886.6600952148438,1156.1009521484375,489.1403503417969,1158.3594970703125,864.830810546875,1112.2144775390625,481.0140380859375,1116.403564453125,845.0386352539062,1076.9381103515625,450.46746826171875,1080.116943359375,851.4793701171875,1062.515380859375,423.44757080078125,1066.4691162109375,831.2343139648438,1087.7508544921875,422.43994140625,1089.2696533203125,833.5181274414062,683.0325317382812,367.0640869140625,699.6593627929688,839.1371459960938,897.1683349609375,397.5420227050781,903.1223754882812,818.1427001953125,953.328369140625,409.8562316894531,958.9307861328125,826.5800170898438,1011.2465209960938,417.8930358886719,1015.5031127929688,829.2100219726562,1170.8314208984375,423.9969177246094,1167.113037109375,843.214111328125,1254.6656494140625,430.32208251953125,1247.102783203125,851.6127319335938,1342.6043701171875,433.74481201171875,1340.5970458984375,859.1716918945312,1418.486572265625,441.453125,1381.3704833984375,865.8728637695312,1490.404052734375,453.647705078125,1473.99560546875,874.0792846679688,1563.250732421875,470.2578430175781,1553.0479736328125,869.8363037109375
810.869873046875,474.1247863769531,813.06396484375,882.895263671875,830.27099609375,474.5028991699219,833.9611206054688,880.8771362304688,846.6452026367188,473.3867492675781,850.52783203125,877.0800170898438,852.8222045898438,457.76739501953125,860.6994018554688,834.8804321289062,836.1351318359375,418.7372741699219,843.60009765625,842.365478515625,828.836181640625,386.0143737792969,836.2463989257812,816.564453125,838.34423828125,389.6219177246094,848.6422729492188,819.1004638671875,1126.9278564453125,503.1987609863281,1128.9093017578125,889.6610107421875,1153.6300048828125,498.7272033691406,1152.56201171875,886.65771484375,1155.109619140625,488.9457702636719,1157.690673828125,864.6444702148438,1111.26318359375,480.87652587890625,1114.9534912109375,845.6824340820312,1075.5159912109375,450.25103759765625,1078.0389404296875,851.5617065429688,1061.608642578125,423.07501220703125,1064.654052734375,831.4046020507812,1087.37744140625,422.17431640625,1087.1712646484375,833.2489013671875,681.6708374023438,367.17791748046875,698.35546875,839.9660034179688,896.005615234375,397.03594970703125,902.4666137695312,819.5371704101562,952.3834228515625,409.1391906738281,956.9397583007812,827.2456665039062,1010.6240844726562,417.67529296875,1014.826416015625,829.2335205078125,1170.8199462890625,424.2027587890625,1166.2955322265625,843.1805419921875,1254.54443359375,430.3656921386719,1241.58349609375,850.614013671875,1343.14794921875,433.6690979003906,1322.95654296875,858.5567016601562,1419.2757568359375,441.7248229980469,1400.2935791015625,868.7498779296875,1489.4786376953125,453.4781494140625,1451.779296875,872.79296875,1562.099853515625,469.9521179199219,1552.1402587890625,869.8192749023438
810.921875,473.96722412109375,813.2542724609375,883.1344604492188,830.3474731445312,474.3994140625,833.96923828125,880.98193359375,846.7481689453125,473.227294921875,850.757568359375,877.1348266601562,852.0116577148438,457.6295166015625,860.5132446289062,834.67138671875,835.1400146484375,418.6939392089844,842.4091186523438,841.4043579101562,828.1629638671875,385.91815185546875,834.3612670898438,816.9744873046875,837.6904907226562,389.3141784667969,847.6712036132812,819.4796142578125,1127.1314697265625,503.5613708496094,1128.8463134765625,889.6792602539062,1153.7086181640625,498.8183898925781,1152.1732177734375,886.683837890625,1153.6800537109375,488.7680969238281,1157.5556640625,864.7713623046875,1111.0089111328125,480.2146911621094,1115.1767578125,845.62646484375,1074.478271484375,450.1766357421875,1078.1961669921875,851.5302124023438,1060.6318359375,423.181396484375,1065.2596435546875,831.5423583984375,1086.9600830078125,422.3557434082031,1087.5238037109375,833.3818359375,680.3798828125,368.0337219238281,697.175048828125,840.5542602539062,895.2579956054688,396.6758728027344,901.54150390625,820.4454345703125,951.6487426757812,408.8832702636719,956.891357421875,827.43701171875,1009.8365478515625,417.6014404296875,1015.541259765625,829.3427124023438,1169.166015625,424.3905334472656,1165.2999267578125,843.41015625,1251.9022216796875,430.4077453613281,1240.9306640625,850.7901000976562,1340.1031494140625,434.04486083984375,1320.713623046875,858.3385620117188,1414.01513671875,440.67376708984375,1398.9683837890625,868.8359985351562,1487.8944091796875,453.1947021484375,1451.7518310546875,872.819580078125,1560.8741455078125,469.255126953125,1551.4720458984375,869.9248046875
810.8871459960938,473.9582214355469,813.53076171875,883.185546875,830.353515625,474.4520263671875,834.2216186523438,880.9775390625,846.6726684570312,473.1986389160156,850.958984375,877.0908813476562,851.2833251953125,457.5301513671875,859.7669677734375,834.4926147460938,834.1639404296875,419.1825866699219,841.5606079101562,842.7576293945312,827.0341186523438,386.4415283203125,833.5626831054688,817.127197265625,836.9782104492188,389.9072570800781,846.8560791015625,819.5807495117188,1126.8603515625,503.6967468261719,1128.8365478515625,889.6864013671875,1153.52197265625,498.8705749511719,1152.14599609375,886.5640869140625,1152.841796875,488.6184387207031,1156.8070068359375,864.6972045898438,1109.995849609375,480.0117492675781,1113.5372314453125,846.3502197265625,1073.27685546875,450.18670654296875,1076.397216796875,851.52587890625,1059.5828857421875,423.51373291015625,1065.256591796875,832.0042114257812,1085.72900390625,422.5494079589844,1086.3125,833.19091796875,679.0303955078125,368.7743225097656,696.1992797851562,840.87353515625,894.2576904296875,398.1751708984375,900.3048095703125,820.52734375,950.2080688476562,408.0843811035156,956.0628051757812,827.10546875,1008.7063598632812,417.4276123046875,1014.192626953125,829.385498046875,1168.8555908203125,424.40106201171875,1164.4298095703125,843.23876953125,1251.445556640625,430.23052978515625,1239.575439453125,851.5308837890625,1337.22607421875,433.6233215332031,1321.7608642578125,858.6530151367188,1412.9871826171875,440.5603942871094,1399.359375,867.8087768554688,1486.968994140625,453.0273132324219,1451.712646484375,873.03076171875,1560.1353759765625,468.8587646484375,1550.4151611328125,869.7868041992188
810.7367553710938,473.9810791015625,813.781005859375,883.2463989257812,830.1792602539062,474.5798645019531,834.3834228515625,881.0486450195312,846.4472045898438,473.224853515625,851.01416015625,876.95703125,850.6295166015625,457.856201171875,859.0176391601562,834.8109130859375,833.4125366210938,419.38037109375,841.1156616210938,842.779541015625,825.5372314453125,386.06951904296875,833.3009643554688,817.2396240234375,836.389892578125,390.1847229003906,846.4108276367188,819.763671875,1126.723388671875,503.4166564941406,1128.842529296875,889.6671142578125,1153.525634765625,498.8810729980469,1151.988525390625,886.3838500976562,1152.5419921875,488.57122802734375,1155.7462158203125,864.4580688476562,1109.2279052734375,479.8428649902344,1111.9779052734375,846.2213134765625,1072.3094482421875,450.14727783203125,1075.0052490234375,851.12060546875,1058.515625,423.5048522949219,1064.4615478515625,831.9564208984375,1084.69873046875,422.90936279296875,1085.4290771484375,832.933349609375,677.743896484375,369.2265625,695.131591796875,841.308837890625,893.1704711914062,397.9112243652344,899.2584838867188,821.309326171875,948.8434448242188,407.5547180175781,956.0054321289062,827.2696533203125,1006.703857421875,418.1246337890625,1013.3833618164062,829.4260864257812,1167.976318359375,424.4876403808594,1164.4876708984375,843.2117919921875,1250.67919921875,430.1261291503906,1238.504638671875,851.4495849609375,1338.29296875,433.5789794921875,1320.13134765625,858.439697265625,1416.8599853515625,441.8858947753906,1398.606689453125,867.653076171875,1487.1934814453125,453.02545166015625,1451.76220703125,873.2300415039062,1559.4510498046875,468.6475524902344,1549.8765869140625,869.6849975585938
810.7250366210938,473.9999694824219,814.130859375,883.288818359375,830.2041625976562,474.69122314453125,834.6194458007812,880.995849609375,846.3939819335938,473.22064208984375,851.0720825195312,876.9285278320312,850.0413818359375,457.4715576171875,859.3675537109375,834.7005004882812,832.7150268554688,419.40447998046875,840.5645141601562,842.4486694335938,825.0160522460938,386.4989013671875,831.9656372070312,817.4716186523438,835.97412109375,390.6177673339844,845.0858154296875,819.9509887695312,1126.8526611328125,503.34967041015625,1128.8905029296875,889.7450561523438,1153.4771728515625,498.81903076171875,1151.6458740234375,886.4274291992188,1151.67333984375,488.5743408203125,1154.8814697265625,864.1805419921875,1108.0892333984375,479.4184265136719,1110.468017578125,846.0492553710938,1070.843505859375,449.7608337402344,1073.9305419921875,850.967529296875,1056.9593505859375,422.93017578125,1063.5560302734375,831.8350830078125,1082.7137451171875,422.2012023925781,1084.8470458984375,832.746826171875,676.5878295898438,369.5158386230469,694.01416015625,841.5275268554688,891.905029296875,397.50958251953125,897.943359375,820.9464721679688,947.80029296875,407.3096618652344,954.7656860351562,827.1632690429688,1005.1988525390625,417.9362487792969,1011.9303588867188,829.3829956054688,1166.4603271484375,424.5819091796875,1164.1549072265625,843.08984375,1249.6004638671875,429.9681091308594,1238.7591552734375,851.565673828125,1337.194580078125,433.4928894042969,1320.2115478515625,858.637451171875,1418.537841796875,441.73699951171875,1398.4595947265625,867.8526000976562,1486.77685546875,452.9881896972656,1452.21533203125,873.21923828125,1558.6868896484375,468.3653259277344,1548.406982421875,869.8538208007812
810.607177734375,473.9600524902344,813.7661743164062,883.2265625,830.1755981445312,474.685791015625,834.463134765625,880.9220581054688,846.539794921875,473.1251525878906,851.056396484375,876.7498168945312,849.790771484375,457.4029541015625,858.6121826171875,834.1402587890625,833.219482421875,419.4819641113281,839.9353637695312,841.7079467773438,824.0801391601562,386.6151428222656,831.1641235351562,817.7311401367188,835.2813110351562,390.7632141113281,844.8280639648438,820.1956787109375,1126.6531982421875,503.33941650390625,1128.71240234375,889.5726928710938,1153.1204833984375,498.8159484863281,1151.44580078125,886.266845703125,1151.1556396484375,488.5184326171875,1154.397216796875,864.025634765625,1107.17138671875,479.4085693359375,1110.403076171875,845.8814086914062,1069.8636474609375,449.8380432128906,1073.375,850.9365844726562,1056.02490234375,422.6315612792969,1063.027587890625,831.5252075195312,1081.50634765625,422.0630187988281,1083.8756103515625,832.4691162109375,675.4573974609375,370.1924133300781,692.9446411132812,841.42919921875,891.2754516601562,397.1077880859375,897.8071899414062,821.635498046875,946.561767578125,406.8442077636719,954.831298828125,827.2308349609375,1004.3349609375,417.373046875,1011.8385620117188,829.2460327148438,1165.77685546875,424.92022705078125,1162.3914794921875,842.48193359375,1249.56640625,429.9621276855469,1238.2054443359375,851.3536376953125,1333.2677001953125,433.2951965332031,1317.306640625,858.2954711914062,1407.2015380859375,439.9180908203125,1397.429443359375,867.997314453125,1484.838134765625,452.7527160644531,1476.4901123046875,875.4061889648438,1557.459716796875,468.0788879394531,1547.042236328125,869.5287475585938
810.4592895507812,473.9176025390625,813.5729370117188,883.281494140625,830.0138549804688,474.6802062988281,834.51220703125,880.86376953125,846.5615844726562,472.9340515136719,851.3535766601562,876.4852294921875,849.1064453125,456.84576416015625,858.502685546875,833.6355590820312,831.9088134765625,419.4071960449219,839.6234741210938,840.8446044921875,822.305908203125,387.0429992675781,830.4302978515625,817.5232543945312,833.6903076171875,390.7353210449219,844.9856567382812,819.965087890625,1126.2613525390625,502.2213439941406,1128.93701171875,889.6140747070312,1152.7052001953125,498.54571533203125,1151.209228515625,886.2052001953125,1150.67138671875,488.7020568847656,1153.6419677734375,863.7179565429688,1107.07958984375,479.5185241699219,1109.458984375,845.7696533203125,1069.2901611328125,450.24951171875,1071.8974609375,850.2583618164062,1055.328369140625,422.8900451660156,1061.777587890625,831.0593872070312,1081.281494140625,422.11285400390625,1082.51513671875,832.0485229492188,674.3152465820312,370.3966369628906,691.5650024414062,841.5440063476562,890.1953125,397.0282897949219,897.0162353515625,822.68017578125,945.4365234375,406.7383728027344,954.8286743164062,827.2101440429688,1003.1250610351562,417.4212646484375,1011.3063354492188,829.0841064453125,1164.548828125,424.8070983886719,1157.5281982421875,842.9841918945312,1249.2021484375,430.0007629394531,1236.599853515625,851.1766357421875,1337.1005859375,432.8544006347656,1316.4212646484375,857.8623046875,1418.7823486328125,441.5182189941406,1388.6278076171875,866.1175537109375,1485.0760498046875,452.89544677734375,1454.1854248046875,873.7133178710938,1556.2081298828125,468.17340087890625,1546.373046875,869.4617919921875
810.3798828125,474.0141296386719,813.4404296875,883.208251953125,829.932861328125,474.81878662109375,834.5223999023438,880.7596435546875,846.471923828125,472.788330078125,851.5010986328125,876.28515625,848.0545654296875,456.1273498535156,857.8576049804688,833.0963745117188,830.5279541015625,419.59930419921875,839.5087280273438,840.7590942382812,820.783447265625,387.389404296875,831.0215454101562,818.002685546875,831.8540649414062,390.8865661621094,844.7717895507812,819.6249389648438,1126.0213623046875,501.55999755859375,1128.96826171875,889.7030029296875,1152.4742431640625,498.3545227050781,1150.939208984375,885.869873046875,1150.1981201171875,488.63909912109375,1151.357421875,864.8788452148438,1104.650390625,478.2841491699219,1108.4063720703125,845.1522827148438,1068.2159423828125,449.8180236816406,1070.992431640625,850.151611328125,1053.9595947265625,422.7315673828125,1060.5928955078125,830.8204345703125,1080.0594482421875,422.02459716796875,1081.587646484375,832.2079467773438,673.2191162109375,371.1324768066406,690.5460815429688,841.654296875,888.5608520507812,396.8634948730469,898.710205078125,822.337646484375,943.656982421875,406.2967529296875,954.0770874023438,827.2433471679688,1001.2102661132812,417.1202087402344,1010.2014770507812,828.9359741210938,1164.847412109375,424.70745849609375,1156.869873046875,842.9136962890625,1251.4803466796875,430.3594055175781,1236.6524658203125,851.1791381835938,1338.984130859375,432.7271728515625,1316.5018310546875,858.0607299804688,1419.213623046875,441.5915832519531,1387.9783935546875,866.2986450195312,1484.4232177734375,452.9053955078125,1455.0489501953125,873.8014526367188,1555.00830078125,468.0496520996094,1545.501953125,869.4293212890625
810.2254028320312,473.8174133300781,813.4802856445312,883.2026977539062,829.83154296875,474.98968505859375,834.8062744140625,880.6349487304688,846.5733032226562,472.8406982421875,851.4949340820312,875.9880981445312,846.7929077148438,456.37030029296875,857.5845947265625,833.4246826171875,829.5252075195312,419.83837890625,839.5728149414062,840.64453125,819.8792114257812,387.343994140625,830.8324584960938,818.1450805664062,831.1306762695312,390.7682189941406,844.3170166015625,819.79052734375,1126.0264892578125,501.9122009277344,1129.2103271484375,889.616455078125,1152.13720703125,498.2838439941406,1150.7916259765625,885.602783203125,1149.6085205078125,488.38726806640625,1149.889404296875,864.3180541992188,1103.603759765625,478.2300720214844,1106.6451416015625,844.8450927734375,1066.9439697265625,449.3325500488281,1069.7630615234375,850.0767211914062,1053.9295654296875,422.3312072753906,1059.4302978515625,830.4581909179688,1078.7125244140625,421.8074951171875,1080.5457763671875,831.9531860351562,671.9315185546875,371.4901428222656,689.7915649414062,841.5765991210938,887.8609008789062,397.17572021484375,898.5795288085938,822.6537475585938,942.5993041992188,406.0621643066406,953.0650634765625,826.82861328125,1000.260009765625,416.28680419921875,1009.3508911132812,828.7549438476562,1164.1632080078125,424.5735168457031,1156.2064208984375,842.8737182617188,1250.858642578125,430.3125915527344,1237.43603515625,851.4647827148438,1338.792724609375,432.71759033203125,1316.9232177734375,858.276123046875,1406.4312744140625,440.3177795410156,1386.48388671875,866.7503662109375,1483.0992431640625,452.73291015625,1456.4854736328125,873.8696899414062,1553.811767578125,467.80224609375,1544.3712158203125,869.5179443359375
810.2003173828125,473.81756591796875,813.6015625,883.291748046875,829.9577026367188,475.016357421875,835.00830078125,880.6082763671875,846.5341796875,472.7673034667969,851.6011352539062,875.9057006835938,846.3937377929688,456.4993591308594,857.1295166015625,833.7026977539062,829.2706909179688,419.9731750488281,838.3163452148438,841.1610107421875,819.3286743164062,387.5982666015625,829.4236450195312,818.122802734375,830.3067016601562,390.8219909667969,843.0460205078125,819.911376953125,1126.5322265625,501.4057312011719,1129.0714111328125,889.5995483398438,1152.136962890625,497.54168701171875,1150.1612548828125,885.6345825195312,1148.6199951171875,488.1658020019531,1148.8629150390625,864.3684692382812,1102.3927001953125,478.3804016113281,1105.9940185546875,844.9373779296875,1065.868896484375,449.1621398925781,1070.7947998046875,851.4786987304688,1053.048583984375,422.5124206542969,1058.8414306640625,830.4949340820312,1077.72119140625,421.8628234863281,1079.9559326171875,831.9635620117188,671.0090942382812,371.8907165527344,688.9138793945312,841.791748046875,886.7115478515625,396.75091552734375,897.6365356445312,822.5969848632812,942.2241821289062,405.79827880859375,951.2800903320312,826.531005859375,999.9968872070312,416.0849304199219,1008.1602783203125,828.5174560546875,1162.76611328125,424.7249755859375,1155.665771484375,842.79541015625,1249.16015625,430.34515380859375,1233.88916015625,850.8038940429688,1332.2882080078125,432.8624572753906,1315.8834228515625,858.1155395507812,1405.26904296875,439.97894287109375,1384.0516357421875,866.7696533203125,1480.8583984375,452.1930847167969,1456.2999267578125,873.8120727539062,1552.6781005859375,467.56158447265625,1543.273193359375,869.3115844726562
810.1902465820312,473.7972412109375,813.3203735351562,883.402587890625,829.9931640625,475.06488037109375,835.056640625,880.540771484375,846.6470947265625,472.71588134765625,851.7526245117188,875.6860961914062,845.5479736328125,456.268798828125,856.9420166015625,833.8980712890625,828.4780883789062,420.13458251953125,837.5176391601562,841.1508178710938,818.4339599609375,387.943115234375,828.2079467773438,817.8161010742188,829.3234252929688,391.1255187988281,842.2365112304688,819.62744140625,1127.396728515625,501.60699462890625,1128.9775390625,889.3341064453125,1152.008056640625,497.7751159667969,1149.68798828125,885.5118408203125,1147.5240478515625,488.0773620605469,1147.136962890625,862.256591796875,1101.3359375,478.2384033203125,1104.34375,844.9908447265625,1064.6881103515625,449.021728515625,1069.3175048828125,851.180419921875,1052.126220703125,422.31964111328125,1057.1746826171875,830.1567993164062,1076.8687744140625,421.7928771972656,1078.64599609375,831.8592529296875,669.9964599609375,372.1167907714844,687.6286010742188,841.8646850585938,885.4920654296875,396.60015869140625,894.1724853515625,822.487060546875,940.7588500976562,405.46453857421875,950.7144775390625,826.0397338867188,999.6309814453125,414.1659240722656,1007.0195922851562,828.78515625,1161.00439453125,424.610595703125,1153.3502197265625,842.6312866210938,1243.737548828125,429.5972900390625,1230.673828125,850.7289428710938,1330.976318359375,432.6492919921875,1307.9783935546875,858.1737060546875,1404.451904296875,439.9346618652344,1384.6614990234375,866.931884765625,1479.18798828125,451.88372802734375,1456.7049560546875,873.7808837890625,1551.921630859375,466.94232177734375,1542.0029296875,869.0968627929688
810.147705078125,473.7911682128906,813.3743896484375,883.6290893554688,830.0347290039062,475.06109619140625,835.267822265625,880.5560913085938,846.6729125976562,472.5643005371094,851.9242553710938,875.38525390625,844.915771484375,456.2700500488281,856.7947387695312,832.990478515625,827.4063110351562,420.347412109375,836.9486083984375,841.0392456054688,816.9406127929688,388.43035888671875,827.3338012695312,817.38232421875,827.5133666992188,391.7080383300781,841.5684204101562,819.3216552734375,1128.2021484375,501.3723449707031,1128.8807373046875,889.392333984375,1152.0533447265625,497.5176696777344,1150.4503173828125,884.9886474609375,1146.1002197265625,487.4621276855469,1146.388427734375,861.7884521484375,1099.898193359375,479.0482177734375,1104.5074462890625,845.1892700195312,1063.38818359375,448.4415283203125,1067.9085693359375,851.0458374023438,1050.6654052734375,421.6078186035156,1055.9727783203125,830.167724609375,1075.399658203125,421.4853515625,1078.012939453125,831.891357421875,668.7085571289062,372.2356872558594,686.4449462890625,842.2676391601562,883.889892578125,396.1207580566406,894.1198120117188,822.9747924804688,939.672119140625,404.9963684082031,949.250732421875,825.8216552734375,998.1412963867188,413.63714599609375,1003.9232788085938,828.8805541992188,1158.998046875,424.9434509277344,1153.248046875,842.7670288085938,1242.539306640625,429.4123840332031,1230.037109375,850.7050170898438,1330.3115234375,432.5726318359375,1306.7396240234375,857.9476318359375,1405.67578125,440.41888427734375,1384.0743408203125,866.9468994140625,1479.36083984375,451.9775085449219,1481.8953857421875,876.3130493164062,1550.9949951171875,467.0481872558594,1541.3870849609375,869.1302490234375
810.1869506835938,473.6904296875,813.374267578125,883.6769409179688,830.0362548828125,475.1204528808594,835.1153564453125,880.521240234375,846.6004028320312,472.51513671875,851.5576782226562,875.3854370117188,844.2303466796875,456.3751525878906,856.3259887695312,833.1678466796875,826.7893676757812,420.545654296875,836.47314453125,840.9342041015625,816.329833984375,388.48614501953125,826.6074829101562,817.009521484375,826.8179931640625,391.8687744140625,841.309814453125,818.9212036132812,1127.9351806640625,501.06414794921875,1128.9769287109375,889.42138671875,1152.0213623046875,497.207763671875,1149.9918212890625,884.7428588867188,1145.1033935546875,487.3806457519531,1145.218505859375,861.3141479492188,1099.2635498046875,479.2067565917969,1102.36328125,845.1653442382812,1062.1700439453125,448.2837829589844,1066.0738525390625,851.0160522460938,1049.560546875,421.75579833984375,1054.8148193359375,830.2177734375,1074.096923828125,421.75872802734375,1076.8680419921875,831.8388061523438,667.723388671875,372.5505676269531,684.7324829101562,841.8483276367188,883.1471557617188,395.6297302246094,893.2432250976562,822.5946044921875,939.1658935546875,404.64630126953125,948.5606079101562,825.8818969726562,997.3533935546875,413.4190673828125,1003.0735473632812,828.9146728515625,1157.2774658203125,424.99749755859375,1152.2103271484375,842.5049438476562,1239.7889404296875,429.4558410644531,1227.874267578125,849.8946533203125,1327.4488525390625,432.91644287109375,1302.838623046875,857.8336181640625,1406.1072998046875,440.5915222167969,1374.6077880859375,865.9345092773438,1478.6854248046875,451.7713317871094,1479.9027099609375,876.5611572265625,1549.9031982421875,466.60479736328125,1540.2890625,869.0384521484375
810.2672119140625,473.5299377441406,813.4324951171875,883.628173828125,829.97314453125,475.0724182128906,835.0634155273438,880.4366455078125,846.5760498046875,472.42822265625,851.4690551757812,874.968994140625,843.6624145507812,456.26165771484375,856.5099487304688,832.6932373046875,825.845703125,420.6105041503906,835.8239135742188,841.007080078125,815.5323486328125,388.69488525390625,825.3456420898438,817.0452270507812,825.9607543945312,392.0233154296875,840.1038818359375,818.9988403320312,1128.4287109375,501.1108093261719,1128.89013671875,889.2721557617188,1152.0732421875,496.8774719238281,1149.462890625,884.4632568359375,1143.1439208984375,486.9684143066406,1144.4578857421875,861.4012451171875,1097.277099609375,478.369384765625,1100.8544921875,846.1250610351562,1060.450927734375,448.1529846191406,1065.505126953125,850.6290893554688,1048.1429443359375,421.4989929199219,1053.5147705078125,829.531005859375,1072.8192138671875,421.6443176269531,1075.679931640625,831.5797119140625,666.6287231445312,373.05859375,683.47314453125,841.0779418945312,882.3982543945312,395.58514404296875,891.2907104492188,821.5535888671875,938.8499145507812,404.6117248535156,947.3256225585938,825.672607421875,996.9493408203125,412.9227294921875,1001.2020874023438,828.61083984375,1156.1248779296875,424.96026611328125,1148.7967529296875,842.5098266601562,1238.4979248046875,430.40069580078125,1221.6402587890625,849.9677734375,1326.204833984375,433.340087890625,1301.220703125,857.6788330078125,1404.296630859375,440.5164489746094,1373.3424072265625,865.7323608398438,1476.5716552734375,451.2587890625,1481.1724853515625,876.77392578125,1548.60009765625,465.76361083984375,1539.44970703125,869.1406860351562
810.1871337890625,473.614013671875,813.9146728515625,883.6883544921875,829.9473266601562,475.2234191894531,835.19580078125,880.3990478515625,846.5009765625,472.44244384765625,851.4486083984375,875.0552978515625,843.11328125,456.6504821777344,856.5917358398438,832.361083984375,824.9791259765625,421.1258850097656,834.6904907226562,841.2594604492188,814.307861328125,389.66595458984375,824.0968627929688,815.7963256835938,824.7334594726562,392.4239501953125,838.0077514648438,818.6434936523438,1128.517822265625,501.6231384277344,1128.9490966796875,889.401123046875,1151.5968017578125,496.66107177734375,1149.0484619140625,884.0894775390625,1141.5811767578125,487.1902770996094,1143.1697998046875,861.1038818359375,1095.89697265625,477.93280029296875,1098.860107421875,846.1901245117188,1058.60009765625,448.19842529296875,1062.318115234375,850.23046875,1046.7574462890625,421.4504089355469,1050.47314453125,829.54541015625,1071.5572509765625,421.8927001953125,1073.7073974609375,831.2546997070312,665.7178955078125,373.59515380859375,682.326904296875,840.4696044921875,880.8606567382812,395.182373046875,889.4696655273438,821.6941528320312,937.544677734375,404.3261413574219,945.413330078125,825.3881225585938,995.5908203125,412.4731140136719,1001.1173095703125,827.990234375,1154.4974365234375,424.9208679199219,1147.6202392578125,842.2046508789062,1237.7525634765625,430.454345703125,1220.0821533203125,849.5536499023438,1325.7545166015625,433.1097717285156,1300.7698974609375,857.2061767578125,1404.72314453125,440.76483154296875,1372.0645751953125,865.651611328125,1475.8984375,451.1982421875,1481.620849609375,876.7801513671875,1547.498779296875,465.2779541015625,1538.5364990234375,869.3328857421875
810.1926879882812,473.52386474609375,813.8363647460938,883.6212158203125,829.927001953125,475.1473693847656,835.07275390625,880.0977172851562,846.6314086914062,472.5213623046875,852.042724609375,875.4490966796875,842.2511596679688,456.7354736328125,856.6901245117188,830.325927734375,824.0552978515625,421.4089660644531,834.4090576171875,841.0249633789062,813.3082275390625,390.1730651855469,823.412841796875,815.2172241210938,823.6515502929688,392.3524475097656,836.4252319335938,817.8947143554688,1128.1260986328125,501.25067138671875,1129.0006103515625,889.3522338867188,1151.21923828125,495.97161865234375,1148.7125244140625,883.9578857421875,1140.5723876953125,486.93792724609375,1142.031494140625,860.7557373046875,1094.6456298828125,478.1622314453125,1097.5133056640625,845.6396484375,1057.497802734375,448.0416259765625,1060.3175048828125,850.4046630859375,1045.4415283203125,420.8191223144531,1051.5426025390625,830.2815551757812,1070.572021484375,421.52191162109375,1073.248779296875,832.3992309570312,664.270751953125,374.5792541503906,681.0432739257812,840.4757690429688,880.4488525390625,395.61798095703125,889.4422607421875,821.7321166992188,936.3427124023438,403.99951171875,944.78515625,825.1712036132812,994.68359375,412.1942138671875,1000.063720703125,827.8302001953125,1154.9404296875,424.92724609375,1147.2171630859375,842.1459350585938,1239.117919921875,430.47113037109375,1218.95654296875,849.4246826171875,1327.457763671875,433.37591552734375,1300.2244873046875,857.4181518554688,1405.3963623046875,441.0903625488281,1371.8475341796875,865.789306640625,1475.4808349609375,451.1228942871094,1480.0408935546875,876.8280029296875,1546.7181396484375,465.4215087890625,1537.1949462890625,869.5015258789062
810.299560546875,473.5203552246094,813.8238525390625,883.6854248046875,830.1334838867188,475.16607666015625,835.0908203125,880.0781860351562,846.6524047851562,472.4955139160156,851.8131103515625,875.4026489257812,841.4965209960938,456.5260314941406,856.930908203125,830.333984375,822.9855346679688,421.7448425292969,833.41259765625,841.026611328125,812.20263671875,390.9029541015625,821.271484375,814.8536376953125,822.7468872070312,392.6701965332031,834.2787475585938,817.453125,1127.595458984375,500.97357177734375,1128.8472900390625,889.4737548828125,1150.7149658203125,495.80584716796875,1148.2391357421875,883.7833862304688,1139.790283203125,487.0161437988281,1141.32373046875,860.8497924804688,1094.116943359375,478.1295471191406,1097.0989990234375,846.4710083007812,1056.74462890625,448.1729431152344,1059.7650146484375,850.2154541015625,1044.793212890625,420.7167053222656,1051.693115234375,830.3291015625,1070.1107177734375,421.7198181152344,1073.299072265625,832.537353515625,663.1506958007812,375.81475830078125,679.9074096679688,840.0266723632812,878.8157958984375,394.4081726074219,888.7807006835938,821.816162109375,934.427001953125,402.8783264160156,944.922607421875,825.0838012695312,993.803955078125,411.69268798828125,1000.1101684570312,827.8716430664062,1154.4736328125,425.0274963378906,1147.5882568359375,841.461669921875,1238.73193359375,430.59844970703125,1218.768798828125,849.4673461914062,1326.115966796875,433.3560791015625,1345.4754638671875,862.876220703125,1403.146484375,440.4280700683594,1369.6328125,865.6890258789062,1474.5179443359375,450.93975830078125,1478.51171875,876.8976440429688,1545.8604736328125,465.4577331542969,1536.312744140625,869.47607421875
810.277099609375,473.5984802246094,813.634033203125,883.653564453125,830.0374755859375,475.241455078125,834.8423461914062,880.1944580078125,846.6099243164062,472.6837463378906,850.5758666992188,874.9000244140625,841.1984252929688,456.81011962890625,857.1552124023438,831.300537109375,822.3683471679688,422.15606689453125,833.3556518554688,840.9624633789062,810.5387573242188,390.8906555175781,820.7821044921875,814.5411376953125,822.1485595703125,393.1651916503906,833.7603759765625,817.230224609375,1128.2392578125,501.2747497558594,1129.052490234375,889.4111938476562,1150.4613037109375,495.65509033203125,1147.957275390625,883.4912719726562,1138.551025390625,486.9810485839844,1139.9866943359375,861.1295776367188,1093.427734375,478.144287109375,1095.340087890625,845.1007690429688,1056.09765625,448.3976745605469,1057.5943603515625,849.9300537109375,1044.0452880859375,420.99249267578125,1049.16796875,830.2886352539062,1069.557373046875,421.7055358886719,1071.1417236328125,832.1194458007812,661.9561157226562,376.5708312988281,678.7989501953125,840.2119750976562,877.6359252929688,393.9499816894531,887.7950439453125,821.7400512695312,933.762451171875,402.44488525390625,941.6407470703125,825.3516235351562,993.1903076171875,411.61224365234375,998.5577392578125,827.7890014648438,1152.5789794921875,425.0386047363281,1146.00341796875,841.4280395507812,1235.0684814453125,430.177001953125,1218.3751220703125,849.4312133789062,1322.465087890625,432.841064453125,1345.168701171875,863.0225219726562,1399.6182861328125,439.5609130859375,1370.04150390625,865.6819458007812,1472.99755859375,450.8163146972656,1452.0111083984375,873.6383056640625,1544.9842529296875,465.4727783203125,1535.5048828125,869.3275146484375
810.2137451171875,473.6304016113281,813.9719848632812,883.5581665039062,830.0299072265625,475.3265380859375,835.0369262695312,880.2574462890625,846.6129150390625,472.7168273925781,850.5907592773438,875.1939697265625,840.5816650390625,456.6009826660156,854.967041015625,832.9468383789062,821.4686889648438,422.60504150390625,832.0059814453125,841.5576782226562,809.1669921875,391.9147644042969,818.6451416015625,813.9354248046875,821.495361328125,393.220703125,831.5077514648438,816.938720703125,1127.4486083984375,500.66387939453125,1129.046142578125,889.4376220703125,1149.7469482421875,495.1513671875,1147.5045166015625,883.1279907226562,1138.2000732421875,486.81182861328125,1139.1044921875,861.2592163085938,1093.004150390625,478.3014831542969,1094.4459228515625,845.0972900390625,1055.2711181640625,448.44244384765625,1057.017578125,849.7440185546875,1043.46240234375,420.9439392089844,1049.83349609375,830.2112426757812,1069.1383056640625,421.82257080078125,1071.2706298828125,832.1064453125,660.6641845703125,377.5539855957031,677.7364501953125,840.3409423828125,876.9410400390625,393.73046875,886.4695434570312,821.2925415039062,933.4327392578125,402.3284606933594,940.7874145507812,825.3010864257812,992.7820434570312,411.218994140625,998.0599975585938,827.81396484375,1152.9183349609375,424.9664306640625,1144.7530517578125,841.4129028320312,1236.2508544921875,430.1764831542969,1218.633056640625,849.6734619140625,1323.29638671875,432.82794189453125,1343.7144775390625,862.965576171875,1401.4166259765625,440.1117858886719,1409.797607421875,870.7571411132812,1472.6431884765625,450.82098388671875,1474.3861083984375,876.2877197265625,1544.3388671875,465.1730041503906,1534.6005859375,869.5219116210938
810.2393798828125,473.7447814941406,813.8975219726562,883.4287719726562,830.077392578125,475.2811279296875,835.1099243164062,880.2653198242188,846.5896606445312,472.6922302246094,850.8218383789062,875.1234741210938,840.6826171875,456.05029296875,854.1146850585938,832.7474365234375,820.7781982421875,422.9369812011719,830.7168579101562,841.6661987304688,807.9727172851562,392.4234313964844,817.40185546875,815.6527099609375,820.7029418945312,393.8311767578125,829.2109375,816.8217163085938,1127.780517578125,500.8350830078125,1128.7847900390625,889.4705200195312,1149.016357421875,495.10498046875,1147.0535888671875,883.14892578125,1136.673583984375,486.7064208984375,1138.4798583984375,861.265625,1092.120849609375,478.5341491699219,1093.340576171875,845.4694213867188,1054.3271484375,448.33612060546875,1056.42236328125,849.9095458984375,1042.338134765625,420.4580383300781,1049.1866455078125,830.1665649414062,1068.3248291015625,421.427978515625,1070.679443359375,832.1474609375,659.7152709960938,378.7752990722656,676.65673828125,840.4998168945312,876.0567016601562,394.0791931152344,884.841796875,821.2757568359375,932.6163330078125,402.1319274902344,940.0027465820312,825.2817993164062,991.72705078125,410.924560546875,997.0989379882812,827.8284912109375,1152.32861328125,425.0951232910156,1145.0709228515625,841.54931640625,1235.7803955078125,430.15570068359375,1217.74072265625,849.8206176757812,1324.099365234375,432.76226806640625,1342.73388671875,863.6316528320312,1404.602294921875,440.7129211425781,1369.3978271484375,866.05224609375,1472.267578125,450.66436767578125,1467.255859375,875.707763671875,1543.7518310546875,465.0791931152344,1533.677734375,869.2515869140625
810.3253173828125,473.9219665527344,814.0484619140625,883.4601440429688,830.3178100585938,475.4457092285156,835.3230590820312,880.2117919921875,846.5274047851562,472.6653747558594,851.0361328125,874.8575439453125,839.9136962890625,456.09893798828125,853.3731689453125,831.9190673828125,819.8942260742188,423.32275390625,829.30224609375,840.9058837890625,806.8804321289062,392.773681640625,816.6306762695312,816.8758544921875,819.3597412109375,393.9980773925781,827.6998291015625,816.7879638671875,1127.813232421875,500.0245056152344,1128.651123046875,889.6925659179688,1148.310791015625,493.9757080078125,1146.888427734375,882.9855346679688,1136.001220703125,486.4795837402344,1138.1092529296875,861.525390625,1091.25390625,478.6260986328125,1092.7142333984375,846.1197509765625,1053.6524658203125,447.9580078125,1056.0250244140625,849.7433471679688,1041.3660888671875,419.9899597167969,1047.788330078125,830.305908203125,1067.407470703125,421.1918029785156,1070.0323486328125,832.1491088867188,658.7639770507812,380.08062744140625,675.6036376953125,840.500732421875,874.7160034179688,394.0518493652344,884.2847290039062,821.3915405273438,931.23828125,401.3724365234375,939.9266357421875,825.3307495117188,990.4224243164062,410.83673095703125,996.3324584960938,827.934326171875,1151.087646484375,425.0896301269531,1144.4375,841.880859375,1234.0986328125,429.96112060546875,1218.32763671875,850.1071166992188,1321.241943359375,432.7664794921875,1304.3052978515625,858.682861328125,1401.3759765625,439.9634704589844,1370.02490234375,866.2427978515625,1470.4239501953125,450.335693359375,1460.2279052734375,875.0137329101562,1543.0386962890625,464.8139953613281,1532.5230712890625,869.1712646484375
810.2401733398438,473.9465026855469,814.2177124023438,883.3341064453125,830.5230712890625,475.4334411621094,835.6803588867188,880.1727294921875,846.5579833984375,472.72418212890625,851.23876953125,874.8436889648438,839.488037109375,456.2957763671875,852.27392578125,832.2780151367188,819.2459106445312,423.9393310546875,828.4180297851562,840.6549682617188,806.8485717773438,394.5616455078125,814.5673217773438,815.31689453125,818.1366577148438,394.6140441894531,827.584716796875,817.5574340820312,1128.06787109375,500.45989990234375,1128.871826171875,889.671875,1147.844482421875,493.8704833984375,1146.6121826171875,882.8564453125,1134.8582763671875,486.2675476074219,1137.416015625,861.682861328125,1090.11572265625,478.2392883300781,1092.0556640625,846.5980834960938,1053.09130859375,447.9626770019531,1054.9959716796875,849.6929931640625,1041.052490234375,419.9582214355469,1047.16162109375,830.16943359375,1066.8564453125,420.8639221191406,1069.2969970703125,832.0936889648438,657.6961059570312,381.3636474609375,674.6736450195312,840.54931640625,874.0108642578125,394.6501159667969,881.9092407226562,821.2318725585938,930.3790893554688,401.3089294433594,938.64208984375,825.39453125,989.8076782226562,410.3450012207031,995.15185546875,827.8652954101562,1150.4420166015625,425.2596435546875,1142.8551025390625,841.7901000976562,1233.061279296875,429.95703125,1218.0570068359375,850.3234252929688,1317.3509521484375,432.39794921875,1302.27587890625,859.7803344726562,1395.5277099609375,438.952392578125,1370.3927001953125,866.457763671875,1469.2572021484375,450.5968322753906,1459.16650390625,875.04931640625,1542.0223388671875,464.6502685546875,1531.3843994140625,869.2008666992188
810.1570434570312,474.2049255371094,814.47607421875,883.414794921875,830.6362915039062,475.5549011230469,835.9635009765625,880.353271484375,846.6334228515625,472.88006591796875,851.3777465820312,874.8870239257812,839.2734375,456.6272888183594,850.7054443359375,832.6528930664062,818.9464111328125,424.046630859375,827.5308227539062,840.45166015625,806.5227661132812,395.4391174316406,814.272705078125,815.608154296875,817.4783935546875,395.32177734375,825.834228515625,816.6616821289062,1127.87255859375,499.8112487792969,1128.6627197265625,889.7273559570312,1147.6031494140625,493.50677490234375,1147.1407470703125,883.4603881835938,1134.0745849609375,486.05804443359375,1136.946044921875,861.77880859375,1089.207275390625,478.09991455078125,1091.6156005859375,846.29931640625,1052.6993408203125,447.8404541015625,1054.1478271484375,849.45361328125,1040.564453125,420.06451416015625,1047.4781494140625,829.9766845703125,1066.6724853515625,421.0833435058594,1068.9266357421875,832.1400756835938,657.0744018554688,382.01861572265625,673.911376953125,840.5965576171875,873.5402221679688,394.94183349609375,879.907958984375,820.9142456054688,929.8270263671875,400.91607666015625,937.2608642578125,825.48828125,989.1663818359375,409.9921875,993.9386596679688,827.6688842773438,1150.3067626953125,425.223388671875,1142.270751953125,841.879150390625,1233.1541748046875,429.9839782714844,1217.095703125,850.47900390625,1321.3358154296875,432.2819519042969,1301.6768798828125,860.0031127929688,1401.357177734375,440.049072265625,1364.34375,865.7179565429688,1469.1302490234375,450.6872253417969,1456.6866455078125,874.9429931640625,1541.294677734375,464.4778747558594,1530.86572265625,869.0802001953125
810.1104736328125,474.134033203125,814.6209106445312,883.4728393554688,830.8035278320312,475.549072265625,836.0742797851562,880.4226684570312,846.7966918945312,472.9806823730469,851.561767578125,874.9186401367188,838.849853515625,457.2740173339844,850.0238647460938,832.7977905273438,818.248779296875,424.6888122558594,826.7637939453125,840.2611083984375,805.2963256835938,395.84246826171875,813.7380981445312,815.2086181640625,816.1915893554688,395.5540466308594,825.0051879882812,817.287353515625,1127.8953857421875,500.24078369140625,1128.7637939453125,889.6067504882812,1147.3134765625,493.64056396484375,1146.8216552734375,883.1458129882812,1133.5574951171875,486.09637451171875,1136.12646484375,861.7382202148438,1088.7264404296875,477.7440185546875,1090.5587158203125,845.2293090820312,1052.359619140625,447.68243408203125,1053.5677490234375,849.6565551757812,1039.9676513671875,419.84686279296875,1046.5908203125,829.8076171875,1066.1011962890625,420.818603515625,1068.1640625,832.1578369140625,656.60400390625,382.8047790527344,673.1744384765625,840.6554565429688,872.3435668945312,394.69677734375,879.0836791992188,820.83984375,929.0733032226562,400.7947082519531,936.6162109375,825.5758056640625,988.35546875,409.6351623535156,992.7645263671875,827.5799560546875,1150.198974609375,425.0965270996094,1141.8297119140625,842.0091552734375,1235.021484375,430.1483459472656,1216.774169921875,850.3894653320312,1321.4859619140625,432.19525146484375,1300.79150390625,859.9541015625,1396.084716796875,439.29241943359375,1357.6524658203125,865.3674926757812,1468.059326171875,450.4736022949219,1453.66796875,874.3666381835938,1540.628173828125,464.2939453125,1530.3426513671875,868.971923828125
810.041259765625,474.127197265625,814.5518798828125,883.4644165039062,830.8766479492188,475.4697265625,836.015380859375,880.4896850585938,846.9365844726562,473.0406494140625,851.5349731445312,875.0028686523438,838.8508911132812,457.8500061035156,849.41650390625,833.0689697265625,817.9052734375,425.218017578125,824.8228759765625,840.14697265625,804.8871459960938,396.17877197265625,810.8963012695312,814.0136108398438,816.1483154296875,395.75213623046875,823.7728271484375,816.0804443359375,1127.6475830078125,500.2981262207031,1128.83447265625,889.5025634765625,1146.9642333984375,493.6553649902344,1146.6041259765625,882.7627563476562,1133.34765625,486.08349609375,1135.2073974609375,861.5714721679688,1088.4639892578125,477.8635559082031,1089.742431640625,845.1234741210938,1051.74462890625,447.3571472167969,1052.810546875,849.8084106445312,1039.536376953125,419.5446472167969,1045.5936279296875,829.75634765625,1065.9566650390625,420.8564758300781,1067.15478515625,832.097412109375,655.4481201171875,384.61859130859375,672.4931030273438,840.608642578125,872.3951416015625,394.9490966796875,878.1019897460938,821.3570556640625,928.579833984375,400.41375732421875,934.375244140625,824.37890625,987.929931640625,409.2373352050781,991.8443603515625,827.4920654296875,1149.971435546875,424.8772888183594,1140.8751220703125,842.0162353515625,1234.4796142578125,430.0185546875,1216.7186279296875,850.456298828125,1321.6129150390625,431.9909362792969,1301.1539306640625,859.9644775390625,1390.6546630859375,438.55609130859375,1356.433349609375,865.2257690429688,1466.8927001953125,450.3794250488281,1441.1883544921875,872.82763671875,1539.8253173828125,464.2750549316406,1529.8126220703125,869.0516967773438
810.0643310546875,474.2478942871094,814.7695922851562,883.4364624023438,830.960693359375,475.3752746582031,836.0830078125,880.509521484375,846.9968872070312,473.16290283203125,851.7263793945312,875.0369873046875,838.6906127929688,458.1664733886719,849.4765625,833.0027465820312,817.2207641601562,425.7532653808594,823.83154296875,840.3685913085938,803.8265991210938,396.5599365234375,808.8499755859375,814.3192749023438,815.12060546875,396.07574462890625,821.906005859375,816.3485107421875,1127.940185546875,500.4308776855469,1128.75341796875,889.5733032226562,1146.6116943359375,493.70965576171875,1146.29931640625,882.7023315429688,1132.4552001953125,486.048583984375,1135.0301513671875,861.9732055664062,1087.5635986328125,477.64495849609375,1089.968017578125,845.1354370117188,1051.2344970703125,447.10357666015625,1052.924072265625,849.9342041015625,1039.1220703125,419.3298645019531,1045.73681640625,829.828857421875,1065.3504638671875,420.668212890625,1067.1959228515625,832.1450805664062,654.8316650390625,384.9538879394531,671.7869873046875,840.333740234375,871.6919555664062,394.9580383300781,875.9523315429688,821.4461059570312,927.8211059570312,399.9144592285156,933.2964477539062,824.3790283203125,987.5421142578125,408.7862243652344,991.2372436523438,827.36181640625,1149.2449951171875,424.47479248046875,1141.2261962890625,842.2203369140625,1234.150634765625,429.6338806152344,1216.6871337890625,850.3705444335938,1317.4014892578125,431.8090515136719,1340.42138671875,862.2434692382812,1391.781005859375,438.4207763671875,1354.247802734375,865.0171508789062,1465.7242431640625,450.2593078613281,1440.1370849609375,872.7652587890625,1539.123291015625,464.48919677734375,1529.0166015625,868.939208984375
810.114990234375,474.1580810546875,814.7084350585938,883.348876953125,831.0165405273438,475.3405456542969,836.0043334960938,880.5626220703125,846.1818237304688,471.97003173828125,851.6820678710938,875.1978759765625,838.3992309570312,457.87957763671875,850.5901489257812,833.0692749023438,816.781494140625,426.5994873046875,824.1884155273438,840.6343994140625,803.4759521484375,396.77337646484375,808.8609008789062,814.2095947265625,814.6824340820312,396.365966796875,821.3071899414062,816.2648315429688,1127.7322998046875,500.0948181152344,1128.525634765625,889.6138916015625,1146.128662109375,493.5662841796875,1145.871337890625,882.7201538085938,1132.0155029296875,485.94720458984375,1134.3214111328125,862.4345092773438,1085.493408203125,477.3576965332031,1089.02685546875,845.15185546875,1050.015625,447.3108215332031,1054.00439453125,851.1766967773438,1039.634765625,419.3280334472656,1044.6851806640625,829.7129516601562,1064.4417724609375,420.3676452636719,1066.6632080078125,832.1156005859375,653.9828491210938,385.34552001953125,671.0867309570312,840.316650390625,871.09912109375,395.1026306152344,873.556640625,821.4581909179688,927.0347290039062,399.7419128417969,931.88134765625,824.398193359375,986.7210083007812,408.33245849609375,990.5870971679688,827.6709594726562,1149.3250732421875,424.2234802246094,1141.049560546875,842.2511596679688,1231.909423828125,428.9981689453125,1216.2734375,850.7152709960938,1313.0084228515625,431.4208984375,1334.8419189453125,862.4441528320312,1389.751708984375,437.8652038574219,1351.835693359375,864.8607788085938,1464.2454833984375,449.98681640625,1440.390625,872.6934814453125,1538.414794921875,464.65447998046875,1528.060791015625,868.7357177734375
810.1165771484375,474.197265625,814.7285766601562,883.3721923828125,831.0626220703125,475.400146484375,836.052490234375,880.6334838867188,846.1202392578125,472.09820556640625,851.6732177734375,875.3124389648438,838.0875854492188,458.6285095214844,850.2313232421875,833.0089721679688,816.2031860351562,427.13519287109375,823.9935302734375,840.8677978515625,802.4835815429688,396.86444091796875,808.5818481445312,814.2564086914062,813.6427001953125,396.6947021484375,820.749267578125,816.9719848632812,1127.9644775390625,500.6146240234375,1128.1529541015625,889.505859375,1145.6309814453125,493.4042663574219,1145.5533447265625,882.4120483398438,1131.476806640625,485.9421081542969,1133.45361328125,862.4378662109375,1085.2037353515625,477.6149597167969,1088.9012451171875,845.0869750976562,1049.8426513671875,447.3124694824219,1053.8056640625,851.349609375,1039.218994140625,419.1288146972656,1044.056884765625,829.6740112304688,1063.8876953125,420.32110595703125,1065.8251953125,832.0203247070312,653.3554077148438,385.9349365234375,670.777587890625,840.3992309570312,870.409423828125,394.67718505859375,873.6820678710938,821.5214233398438,926.1695556640625,399.2699279785156,931.45556640625,824.4766845703125,986.2596435546875,407.94189453125,990.2131958007812,827.6929931640625,1147.8726806640625,424.23016357421875,1141.3438720703125,842.684814453125,1229.79296875,428.5229797363281,1217.4290771484375,850.6485595703125,1311.462158203125,431.0208435058594,1334.0234375,862.9322509765625,1390.43798828125,438.0211486816406,1351.8284912109375,864.9495849609375,1463.162841796875,449.8156433105469,1445.548583984375,873.4276123046875,1537.3497314453125,464.5046081542969,1527.1756591796875,868.6620483398438
810.114501953125,474.2923889160156,814.5047607421875,883.314453125,830.9909057617188,475.5064697265625,835.96630859375,880.727783203125,845.9768676757812,472.11834716796875,851.6357421875,875.6087646484375,837.691162109375,458.82916259765625,849.8798217773438,833.132568359375,815.6878051757812,427.4543762207031,823.7567749023438,840.8864135742188,802.1077270507812,397.1756286621094,808.1029052734375,814.3770141601562,813.3556518554688,396.96453857421875,819.1300659179688,817.1759033203125,1128.286865234375,500.9915466308594,1128.0845947265625,889.5590209960938,1145.1583251953125,493.3146057128906,1145.2449951171875,882.144287109375,1129.386474609375,485.295654296875,1132.75244140625,862.4457397460938,1083.5909423828125,477.0228576660156,1088.6529541015625,845.116943359375,1048.4541015625,446.87872314453125,1052.881103515625,851.2702026367188,1037.9361572265625,418.53533935546875,1042.7779541015625,829.6453247070312,1063.1253662109375,419.9107360839844,1066.0828857421875,831.885986328125,652.6387939453125,386.4984436035156,669.746826171875,840.5997924804688,869.5880737304688,394.2830505371094,872.2304077148438,821.2908325195312,925.3346557617188,398.80255126953125,929.233642578125,824.6121215820312,985.0327758789062,407.517333984375,988.7147216796875,827.8142700195312,1145.9615478515625,423.7855224609375,1140.6751708984375,842.5427856445312,1226.8505859375,428.2373352050781,1217.602294921875,850.685791015625,1311.2591552734375,430.9847717285156,1332.6768798828125,863.1541748046875,1390.322509765625,438.1097717285156,1350.5550537109375,865.3389892578125,1463.056640625,449.8294982910156,1441.5653076171875,872.8421020507812,1536.546142578125,464.452880859375,1526.6668701171875,868.6989135742188
810.2005615234375,474.2582092285156,814.2726440429688,883.3900146484375,830.9953002929688,475.52001953125,835.8672485351562,880.7824096679688,845.9057006835938,472.1337585449219,851.4595947265625,875.7649536132812,837.1387329101562,459.1084289550781,849.2491455078125,833.713134765625,815.2114868164062,427.963134765625,823.1926879882812,841.3947143554688,801.458740234375,397.7041320800781,806.796875,814.87646484375,812.6983642578125,397.4945068359375,817.7684326171875,817.619873046875,1128.5439453125,501.4688720703125,1128.126220703125,889.7122192382812,1144.9180908203125,493.1989440917969,1144.855224609375,882.0477294921875,1128.3876953125,484.9783020019531,1130.9482421875,862.2720947265625,1083.016845703125,476.96917724609375,1087.136474609375,845.09716796875,1047.4136962890625,446.5413818359375,1051.5135498046875,851.2495727539062,1036.5906982421875,418.0250549316406,1041.5384521484375,829.4609985351562,1061.9378662109375,419.6561584472656,1065.082275390625,831.9837036132812,651.87353515625,386.91943359375,668.6142578125,840.6912231445312,868.5336303710938,394.09228515625,870.7696533203125,821.3933715820312,924.27880859375,398.6240234375,926.9848022460938,824.9661865234375,983.9847412109375,407.14080810546875,986.2789306640625,827.9625854492188,1145.4027099609375,423.7165222167969,1139.2945556640625,842.6324462890625,1226.109375,428.0232238769531,1216.4981689453125,850.5469970703125,1310.858154296875,431.1417541503906,1331.342041015625,863.2296142578125,1389.625,438.3206481933594,1349.4635009765625,865.44677734375,1462.1026611328125,449.64361572265625,1440.9560546875,873.6184692382812,1535.7496337890625,464.222412109375,1525.8892822265625,868.9916381835938
810.267822265625,474.2955322265625,814.3394775390625,883.514404296875,831.0313110351562,475.4986877441406,835.9490966796875,880.8717651367188,845.9154052734375,472.1258850097656,851.503662109375,875.8372802734375,836.8839721679688,459.2734069824219,848.5693969726562,834.3065795898438,814.6382446289062,428.6055603027344,822.4907836914062,841.4030151367188,800.7967529296875,398.26446533203125,805.4099731445312,815.2549438476562,812.303466796875,398.08099365234375,816.272705078125,817.7213745117188,1128.486572265625,501.85107421875,1128.14599609375,889.784423828125,1144.8294677734375,493.0075378417969,1144.4228515625,882.1354370117188,1127.90185546875,485.0223388671875,1130.1280517578125,861.3162231445312,1082.095703125,476.8020935058594,1087.2069091796875,845.1762084960938,1046.1728515625,446.5553283691406,1051.2706298828125,851.0615844726562,1035.9984130859375,417.6307373046875,1040.8402099609375,829.4794311523438,1061.46484375,419.4991455078125,1064.6995849609375,831.9393920898438,651.0198974609375,387.3631591796875,667.5260009765625,840.5217895507812,867.4968872070312,394.3432312011719,869.967041015625,821.4366455078125,923.697265625,398.48907470703125,926.1852416992188,824.9837036132812,983.3263549804688,406.78399658203125,985.4479370117188,827.8189697265625,1143.6378173828125,423.32635498046875,1139.10400390625,842.7031860351562,1225.34619140625,427.9174499511719,1216.5587158203125,850.66259765625,1310.1962890625,431.0624084472656,1337.8551025390625,863.4252319335938,1389.158203125,438.445068359375,1352.207763671875,865.5927734375,1461.0657958984375,449.3997497558594,1445.373779296875,874.1190795898438,1534.968505859375,464.1324157714844,1525.1029052734375,869.1239013671875
810.2151489257812,474.29718017578125,814.3153686523438,883.5452270507812,831.2386474609375,475.5599365234375,836.0612182617188,881.0272216796875,846.0863037109375,472.2616882324219,851.6868286132812,875.667724609375,836.2759399414062,459.2688903808594,847.491943359375,834.75,813.5263061523438,429.06451416015625,820.4382934570312,840.6184692382812,798.54052734375,397.8324890136719,803.4376831054688,815.3243408203125,810.6681518554688,398.5349426269531,814.7023315429688,818.0723266601562,1128.85400390625,502.2061767578125,1128.494873046875,889.9276733398438,1144.343994140625,493.16607666015625,1144.2750244140625,881.3453369140625,1126.6492919921875,485.4843444824219,1129.633544921875,861.8834228515625,1081.1649169921875,476.9440002441406,1084.105224609375,846.6249389648438,1045.2913818359375,446.4812927246094,1049.60986328125,850.6344604492188,1034.79638671875,417.6674499511719,1039.9622802734375,829.6964111328125,1059.8861083984375,419.5409851074219,1064.1856689453125,832.2353515625,650.2551879882812,388.0604248046875,666.6830444335938,840.6237182617188,865.9879760742188,394.589111328125,867.9826049804688,821.128662109375,922.8760375976562,398.4644775390625,925.4052734375,824.9340209960938,982.1736450195312,406.4403076171875,984.4091796875,827.8369750976562,1142.045654296875,423.2359924316406,1138.823974609375,842.987060546875,1221.9188232421875,428.4268493652344,1217.5006103515625,851.1770629882812,1308.6219482421875,431.1459655761719,1333.2889404296875,863.4148559570312,1389.2359619140625,438.6375427246094,1349.9176025390625,865.4971923828125,1460.358642578125,449.3159484863281,1443.4407958984375,874.0709838867188,1534.2127685546875,464.0476379394531,1524.3475341796875,868.9796142578125
810.3221435546875,474.3656005859375,814.3115844726562,883.4737548828125,831.4166259765625,475.5888366699219,835.9066772460938,880.9580688476562,846.2208251953125,472.3377990722656,851.52880859375,875.61181640625,835.8209838867188,459.54315185546875,847.6851806640625,834.7395629882812,813.4266967773438,429.39691162109375,820.7088012695312,840.9127197265625,798.4996337890625,399.2725524902344,803.7894287109375,815.608154296875,810.123046875,397.8380432128906,814.2344360351562,817.8390502929688,1130.2598876953125,502.8280029296875,1128.8245849609375,890.1266479492188,1143.6373291015625,493.245361328125,1143.53369140625,880.2901611328125,1123.849365234375,485.826904296875,1127.939208984375,860.5953369140625,1078.4482421875,476.6072998046875,1082.78076171875,847.2385864257812,1043.7603759765625,446.0728759765625,1049.1865234375,849.8846435546875,1033.756591796875,417.3273620605469,1039.4332275390625,829.60986328125,1058.681396484375,419.35772705078125,1063.720947265625,832.3790893554688,649.593994140625,389.04888916015625,665.7899780273438,840.6581420898438,865.98193359375,394.50396728515625,868.1026000976562,821.3390502929688,922.4017333984375,398.50006103515625,925.415771484375,825.0725708007812,981.5460205078125,406.0119323730469,984.2235107421875,827.8563232421875,1142.1385498046875,423.5339050292969,1137.8310546875,843.1231079101562,1222.7100830078125,428.4375305175781,1217.1231689453125,851.341796875,1309.9942626953125,431.116943359375,1336.9659423828125,863.471923828125,1389.3048095703125,438.641357421875,1352.5684814453125,865.1930541992188,1459.7332763671875,449.2792053222656,1444.8316650390625,874.2025756835938,1533.018798828125,463.9439392089844,1523.468994140625,868.83349609375
810.3646240234375,474.41131591796875,814.3689575195312,883.3438720703125,831.415283203125,475.5737609863281,835.8626098632812,880.8514404296875,846.0648803710938,472.4574890136719,851.43896484375,875.5433959960938,835.1915893554688,459.5872497558594,848.20556640625,834.4144897460938,812.7039184570312,429.6019287109375,820.4450073242188,840.7389526367188,797.5062866210938,400.1500244140625,803.2582397460938,815.3973999023438,809.4310913085938,398.68438720703125,814.65869140625,818.203125,1130.498291015625,502.0162353515625,1129.058349609375,890.3399047851562,1143.313232421875,493.1009826660156,1142.678466796875,879.3844604492188,1122.598388671875,486.30548095703125,1126.1588134765625,859.8588256835938,1076.71240234375,476.4894714355469,1080.7686767578125,846.9961547851562,1042.6378173828125,445.4991149902344,1046.967041015625,849.7874755859375,1032.7310791015625,416.73565673828125,1038.8770751953125,829.751953125,1057.5443115234375,418.9638977050781,1062.6380615234375,832.3113403320312,648.84130859375,389.93841552734375,664.9879760742188,840.8238525390625,865.050048828125,394.7105407714844,867.1012573242188,821.1880493164062,921.6192626953125,398.8017272949219,924.269287109375,825.1251220703125,980.5247192382812,405.61572265625,984.5281372070312,827.5628051757812,1141.32958984375,423.5239562988281,1135.35693359375,842.6377563476562,1222.2147216796875,428.55908203125,1211.9149169921875,849.9367065429688,1309.7264404296875,430.9981689453125,1291.2242431640625,858.955322265625,1389.4088134765625,438.7259216308594,1355.352294921875,865.5137329101562,1459.38720703125,449.280517578125,1444.8787841796875,874.3103637695312,1532.1055908203125,463.47540283203125,1522.80859375,868.9674072265625
810.36865234375,474.3219299316406,814.38330078125,883.2713623046875,831.418701171875,475.5102233886719,835.8313598632812,880.77978515625,846.0375366210938,472.5618591308594,851.3279418945312,875.5249633789062,834.758056640625,459.82159423828125,848.3092041015625,834.2728881835938,812.3084716796875,430.0999755859375,820.3331909179688,840.96875,796.9425048828125,400.6249084472656,803.0965576171875,815.5133056640625,808.7676391601562,399.1553649902344,814.2876586914062,818.3757934570312,1130.5069580078125,501.55224609375,1129.1734619140625,890.6356811523438,1142.7369384765625,493.1595458984375,1141.694580078125,879.066650390625,1121.63720703125,486.73553466796875,1124.6600341796875,859.6915283203125,1076.127197265625,476.41632080078125,1079.48486328125,847.3048095703125,1041.6495361328125,445.0414733886719,1045.39111328125,849.7451171875,1031.8482666015625,416.40509033203125,1037.302978515625,829.6361083984375,1056.83935546875,418.9126892089844,1061.129638671875,832.1596069335938,648.0809936523438,391.03369140625,664.36083984375,841.3703002929688,864.732421875,395.43426513671875,866.4983520507812,821.1884765625,920.9696044921875,398.54034423828125,923.2018432617188,825.2420043945312,979.7086791992188,405.19329833984375,983.60595703125,827.408447265625,1140.8345947265625,423.5600280761719,1134.7183837890625,842.8424682617188,1221.13330078125,428.5112609863281,1211.810791015625,849.87744140625,1309.0123291015625,431.0073547363281,1289.9949951171875,858.863037109375,1387.6202392578125,438.5409851074219,1355.784912109375,865.4634399414062,1458.4229736328125,449.0038757324219,1443.823974609375,874.1724853515625,1531.2607421875,463.35516357421875,1521.911376953125,869.3369750976562
809.6551513671875,474.9161071777344,814.4559936523438,883.2736206054688,831.4349975585938,475.7075500488281,835.921875,880.7899780273438,845.82080078125,472.69342041015625,851.4303588867188,875.3252563476562,834.304931640625,460.0627136230469,847.8126831054688,834.3274536132812,811.7053833007812,430.3648376464844,819.6729736328125,840.9518432617188,795.7742919921875,401.3203430175781,802.6219482421875,815.6152954101562,807.8984375,399.8286437988281,813.5077514648438,818.3541259765625,1130.210693359375,501.2420654296875,1130.0137939453125,890.52099609375,1142.0938720703125,493.24737548828125,1141.0401611328125,878.02880859375,1120.561767578125,486.93328857421875,1123.095703125,859.8525390625,1075.1737060546875,476.6778869628906,1078.3175048828125,844.9554443359375,1040.99658203125,445.138671875,1044.2418212890625,849.6710815429688,1031.0572509765625,416.5108947753906,1036.17333984375,829.651123046875,1056.2261962890625,418.8175964355469,1060.24755859375,832.18017578125,647.0587158203125,392.29534912109375,663.5596923828125,841.6973876953125,863.8304443359375,395.6735534667969,865.8779296875,821.091064453125,919.8633422851562,398.3578796386719,922.2909545898438,825.3644409179688,978.8046264648438,404.8175354003906,983.081787109375,827.48486328125,1140.3533935546875,423.3397216796875,1135.4349365234375,843.1207275390625,1220.42724609375,428.48486328125,1212.1087646484375,850.068603515625,1310.6265869140625,431.1216735839844,1290.249755859375,858.8385620117188,1388.114990234375,438.4292297363281,1353.4173583984375,865.3106079101562,1458.1402587890625,448.83294677734375,1441.43212890625,873.3356323242188,1530.521240234375,463.2853698730469,1521.160400390625,869.2156372070312
809.803955078125,474.83843994140625,814.4163208007812,883.2265014648438,831.5955200195312,475.77423095703125,835.9602661132812,880.810302734375,845.8885498046875,472.8224182128906,851.3767700195312,875.2275390625,833.8488159179688,460.0099792480469,847.509521484375,834.5667114257812,811.6376342773438,430.8627624511719,819.2979736328125,840.974365234375,794.1304931640625,400.7557067871094,802.4761962890625,815.7667846679688,807.0999755859375,400.11199951171875,813.2255859375,818.4384765625,1130.3026123046875,501.479248046875,1130.18505859375,890.5996704101562,1141.85595703125,493.0765380859375,1140.2550048828125,877.6351928710938,1119.7401123046875,486.8499755859375,1121.97509765625,859.8257446289062,1073.8438720703125,476.7383728027344,1077.6104736328125,845.2047119140625,1040.94384765625,444.9842224121094,1043.3089599609375,849.7216796875,1030.7452392578125,416.67645263671875,1034.8096923828125,829.7020874023438,1055.695068359375,418.5052185058594,1058.794921875,831.912353515625,646.4640502929688,393.2729187011719,662.8442993164062,842.046142578125,862.9067993164062,395.74102783203125,865.2762451171875,821.1187744140625,918.7195434570312,397.8170471191406,921.369384765625,825.446044921875,978.4846801757812,404.6051940917969,982.1326904296875,827.6557006835938,1139.428955078125,423.34326171875,1136.354736328125,843.1583251953125,1220.1956787109375,428.34527587890625,1210.4130859375,850.0799560546875,1309.06982421875,431.2036437988281,1288.5322265625,859.437255859375,1387.331787109375,438.4124755859375,1363.4813232421875,866.7977294921875,1457.41455078125,448.69342041015625,1444.01904296875,874.2466430664062,1529.99755859375,463.3122863769531,1520.62158203125,869.242431640625
809.7962646484375,474.9688720703125,814.5831909179688,883.30126953125,831.6610717773438,475.8235778808594,835.9295043945312,881.0093994140625,845.8895263671875,472.81884765625,851.2815551757812,875.5040893554688,833.02783203125,460.03619384765625,847.4552612304688,835.0643310546875,810.7733764648438,431.202880859375,818.982177734375,841.2310180664062,793.2578125,401.3927307128906,802.3560791015625,816.04052734375,806.0518798828125,400.81829833984375,812.829345703125,818.7191162109375,1130.495849609375,501.0869140625,1130.25439453125,890.6232299804688,1141.483642578125,492.7873840332031,1139.2410888671875,877.5465698242188,1119.80029296875,487.0921325683594,1120.717041015625,860.059814453125,1073.3214111328125,477.3601989746094,1076.5479736328125,845.205810546875,1040.4561767578125,444.8657531738281,1042.1898193359375,849.716796875,1029.801513671875,416.1209411621094,1035.5086669921875,830.3158569335938,1055.415771484375,418.4461364746094,1057.56787109375,831.7888793945312,645.5795288085938,394.36334228515625,662.1174926757812,842.3978881835938,862.0743408203125,396.1524658203125,864.741455078125,821.1463623046875,918.3746948242188,397.8429870605469,920.3941040039062,825.660888671875,977.9210815429688,404.4102783203125,981.1356811523438,827.735107421875,1139.4979248046875,423.191162109375,1133.96630859375,843.576904296875,1219.9779052734375,428.18353271484375,1208.9298095703125,850.2133178710938,1308.51513671875,431.044677734375,1287.947021484375,859.639892578125,1386.0384521484375,438.27398681640625,1364.254638671875,867.0889282226562,1456.612548828125,448.63592529296875,1443.10546875,874.1865844726562,1529.4251708984375,463.28302001953125,1520.22705078125,869.3410034179688
809.7095336914062,475.0134582519531,814.635986328125,883.3248901367188,831.6761474609375,475.9058837890625,835.9977416992188,881.1558837890625,846.076904296875,472.928466796875,851.3956298828125,875.4398803710938,832.9684448242188,460.3420104980469,847.7769165039062,834.8207397460938,810.339599609375,431.7293395996094,818.8086547851562,841.194580078125,792.4269409179688,402.0788879394531,802.0721435546875,816.1524658203125,804.9884643554688,401.55059814453125,812.6753540039062,818.908935546875,1130.16748046875,500.9093322753906,1130.20556640625,890.4515991210938,1140.8818359375,492.5791320800781,1138.4644775390625,877.7124633789062,1119.0540771484375,487.3737487792969,1119.6392822265625,859.7888793945312,1072.537353515625,477.0911865234375,1076.2630615234375,845.0060424804688,1039.6461181640625,444.5423583984375,1041.5450439453125,849.7444458007812,1029.475830078125,415.9560241699219,1034.8846435546875,830.3609008789062,1054.9111328125,418.18328857421875,1056.9659423828125,831.8648071289062,644.8192749023438,395.2016296386719,661.6875610351562,842.7066040039062,860.7894287109375,396.0055236816406,864.2505493164062,821.1838989257812,917.7285766601562,397.88983154296875,919.8179931640625,825.702880859375,977.5165405273438,404.30340576171875,980.7205810546875,827.8221435546875,1137.1153564453125,422.96221923828125,1132.94775390625,843.5662231445312,1218.258056640625,428.01995849609375,1204.768310546875,850.75390625,1307.99951171875,431.0423278808594,1286.1767578125,859.4795532226562,1385.38525390625,437.9551086425781,1362.2294921875,867.0383911132812,1456.204345703125,448.5672302246094,1442.8653564453125,874.3217163085938,1528.8985595703125,463.2063903808594,1519.742431640625,869.5234985351562
809.5748901367188,474.9562683105469,814.8306884765625,883.2686767578125,831.7608032226562,476.0369873046875,836.139892578125,881.2269897460938,845.9571533203125,473.0077209472656,851.5960693359375,875.4356079101562,832.3446655273438,460.2383117675781,847.5550537109375,835.1102294921875,809.853515625,432.13330078125,818.079345703125,841.1965942382812,791.5359497070312,402.39862060546875,801.1438598632812,816.2613525390625,804.0584106445312,402.0130615234375,811.4525756835938,818.9370727539062,1129.9342041015625,501.0939636230469,1129.8846435546875,890.4366455078125,1139.88525390625,492.43121337890625,1138.7550048828125,877.4451904296875,1117.9205322265625,487.5896911621094,1119.1953125,859.6636962890625,1072.469482421875,477.3337097167969,1075.6448974609375,844.9500732421875,1039.01513671875,444.454345703125,1040.9649658203125,849.7672729492188,1029.1451416015625,415.9606018066406,1034.1346435546875,830.544677734375,1054.5780029296875,418.156494140625,1056.173095703125,831.9708251953125,644.3173217773438,396.117431640625,661.257080078125,842.7989501953125,859.9308471679688,395.9378662109375,863.0169677734375,821.0643920898438,917.1165771484375,397.8290100097656,918.4699096679688,825.2464599609375,976.9730834960938,404.3408203125,979.629638671875,828.0039672851562,1136.4012451171875,422.70458984375,1132.4136962890625,843.5572509765625,1217.75439453125,427.820556640625,1204.46337890625,850.739013671875,1307.324462890625,430.695556640625,1285.0662841796875,859.3732299804688,1380.4622802734375,436.85943603515625,1363.7796630859375,867.7752685546875,1455.2322998046875,448.51898193359375,1442.468505859375,874.4478759765625,1528.23388671875,463.24267578125,1519.1356201171875,869.5851440429688
809.5545654296875,475.1114501953125,814.9946899414062,883.342041015625,831.8755493164062,476.2174377441406,836.276611328125,881.351806640625,845.8878173828125,472.952880859375,851.681396484375,875.5599365234375,831.785400390625,460.4765625,846.3787841796875,835.4140014648438,808.9598999023438,432.1007080078125,817.289794921875,841.4989624023438,791.020263671875,402.7503967285156,800.5681762695312,816.6159057617188,803.1492309570312,402.41912841796875,810.6898803710938,819.2181396484375,1131.7459716796875,500.55670166015625,1129.82177734375,890.2181396484375,1139.64990234375,492.3335876464844,1138.7376708984375,877.5328979492188,1116.45947265625,487.9974670410156,1118.468994140625,859.6961669921875,1070.44775390625,476.9537048339844,1075.1182861328125,844.7901000976562,1039.359619140625,443.7970275878906,1040.427734375,849.9125366210938,1027.9810791015625,415.4671325683594,1033.621337890625,830.5784301757812,1053.41357421875,418.6950988769531,1055.7149658203125,832.1402587890625,643.6033325195312,397.052001953125,660.4830932617188,843.1216430664062,858.9962768554688,396.24749755859375,862.335205078125,821.2131958007812,916.1337280273438,397.8626708984375,917.9459228515625,824.6740112304688,974.8040771484375,405.5086669921875,978.326904296875,827.9296264648438,1136.5465087890625,422.5558776855469,1132.527099609375,843.71826171875,1218.336181640625,427.4760437011719,1205.407958984375,851.1774291992188,1308.3135986328125,430.47515869140625,1286.5609130859375,859.869384765625,1384.354736328125,438.04803466796875,1364.7275390625,868.0379028320312,1455.1776123046875,448.5824279785156,1442.6556396484375,874.5496826171875,1528.240966796875,463.39263916015625,1518.5985107421875,869.6077270507812
809.5203247070312,475.1769104003906,815.0602416992188,883.3775024414062,831.9058227539062,476.3055114746094,836.2099609375,881.3756103515625,846.0160522460938,473.1024169921875,851.6669311523438,875.6864624023438,831.862548828125,460.7939147949219,846.1510009765625,835.9201049804688,808.8089599609375,432.6674499511719,816.9639282226562,841.4298095703125,790.9517211914062,403.3021240234375,799.6058349609375,816.6474609375,802.7125854492188,402.8767395019531,809.6854858398438,819.1021118164062,1137.0399169921875,500.7269287109375,1130.888427734375,890.7550659179688,1138.8260498046875,491.58184814453125,1138.859130859375,878.273681640625,1116.3135986328125,486.8973693847656,1120.0040283203125,859.400390625,1071.8782958984375,477.04815673828125,1075.266845703125,844.96875,1039.0400390625,444.086181640625,1039.7744140625,849.6846313476562,1027.8914794921875,415.4813232421875,1033.59033203125,830.5758666992188,1053.065673828125,418.58990478515625,1055.5374755859375,832.24267578125,642.93359375,397.5431213378906,659.6876220703125,843.0992431640625,858.649169921875,396.1211853027344,861.6326293945312,821.2144165039062,915.7562866210938,397.8934020996094,917.1985473632812,824.6411743164062,974.4820556640625,405.2061767578125,977.8104858398438,827.8837280273438,1135.8896484375,422.44207763671875,1134.656005859375,843.4287109375,1217.0244140625,427.23443603515625,1208.224853515625,850.5923461914062,1306.48046875,430.333984375,1287.8973388671875,860.4163818359375,1380.2869873046875,436.8785095214844,1365.8544921875,868.3569946289062,1454.354248046875,448.96533203125,1443.4578857421875,874.7150268554688,1527.493408203125,463.4508972167969,1517.61669921875,869.6698608398438
809.6940307617188,475.1471862792969,815.1031494140625,883.4008178710938,832.0186157226562,476.4659729003906,836.1954956054688,881.4046020507812,845.7140502929688,473.1350402832031,851.6144409179688,875.5535278320312,831.3372802734375,460.5630798339844,846.0877075195312,835.8741455078125,808.2540893554688,432.8884582519531,816.7453002929688,841.3247680664062,790.444091796875,403.6918029785156,799.2774047851562,816.8471069335938,801.8577880859375,403.14398193359375,809.2976684570312,819.1194458007812,1135.82470703125,500.0199279785156,1131.2952880859375,890.4314575195312,1137.7066650390625,490.0497741699219,1138.2247314453125,878.1320190429688,1114.53173828125,485.6997375488281,1119.1368408203125,860.13671875,1069.825927734375,477.32659912109375,1073.9566650390625,844.5761108398438,1038.1031494140625,444.076416015625,1038.226318359375,849.3079833984375,1026.8992919921875,415.1855773925781,1032.2796630859375,830.4800415039062,1052.4688720703125,418.2793884277344,1054.864013671875,832.5105590820312,642.2152099609375,398.2114562988281,659.0238037109375,843.0064086914062,858.3861694335938,396.3194274902344,863.523681640625,822.0213623046875,914.9195556640625,397.6912536621094,916.6449584960938,824.6177368164062,973.6744384765625,404.5842590332031,977.1607666015625,827.6910400390625,1134.4757080078125,422.9055480957031,1135.63671875,843.56201171875,1215.6505126953125,427.0476379394531,1209.529052734375,850.9406127929688,1306.5965576171875,430.24658203125,1286.389892578125,860.0238037109375,1375.976806640625,436.4619445800781,1363.7515869140625,868.28857421875,1452.6279296875,448.7069396972656,1443.05322265625,874.8897094726562,1526.70263671875,463.2805480957031,1516.6318359375,869.5070190429688
809.7420654296875,475.1106872558594,814.871337890625,883.3269653320312,832.1188354492188,476.458984375,836.1098022460938,881.3658447265625,845.4849243164062,473.0919189453125,851.5028076171875,875.2220458984375,831.0034790039062,460.3603515625,845.342041015625,835.5225830078125,807.5384521484375,433.0450134277344,815.6966552734375,841.1536865234375,789.5184936523438,403.90118408203125,799.2770385742188,817.7277221679688,800.7584228515625,403.19012451171875,809.2015380859375,819.1891479492188,1135.2607421875,500.373291015625,1131.8946533203125,890.4060668945312,1136.625,489.6417236328125,1137.172119140625,877.3154296875,1114.13037109375,484.9544677734375,1117.336669921875,860.63330078125,1069.180908203125,477.33428955078125,1072.263916015625,843.8640747070312,1037.437744140625,444.4571533203125,1037.2794189453125,848.7388916015625,1026.87451171875,415.2601318359375,1031.072021484375,830.3438110351562,1052.5594482421875,418.3309326171875,1053.423583984375,832.3685913085938,641.5324096679688,398.911376953125,658.2405395507812,842.9447021484375,857.913330078125,396.4270324707031,861.9299926757812,821.9089965820312,914.6525268554688,397.26287841796875,915.6192016601562,824.6331176757812,973.3458251953125,404.02728271484375,976.1700439453125,827.6553955078125,1135.448486328125,422.2787170410156,1133.01904296875,843.14404296875,1217.354736328125,426.930419921875,1204.18896484375,851.1871948242188,1306.9898681640625,430.118896484375,1284.36865234375,859.8853149414062,1379.2119140625,436.43756103515625,1362.7987060546875,868.232177734375,1452.359619140625,448.74114990234375,1441.9886474609375,874.658203125,1525.5916748046875,463.11529541015625,1515.228271484375,869.0657958984375
809.7962646484375,475.1764831542969,814.9589233398438,883.318603515625,832.077880859375,476.4941101074219,836.1502685546875,881.3216552734375,845.31591796875,473.0359191894531,851.4895629882812,875.07958984375,830.891845703125,459.9964904785156,844.7860717773438,835.6024169921875,806.9806518554688,433.46527099609375,815.158203125,841.184326171875,788.6837158203125,404.4543151855469,798.6441650390625,817.9133911132812,799.9375,403.67059326171875,808.9130249023438,819.26953125,1135.704345703125,501.16253662109375,1132.6583251953125,890.6490478515625,1135.2235107421875,489.286865234375,1136.264404296875,875.8005981445312,1113.1612548828125,484.34454345703125,1116.080322265625,860.6983642578125,1067.5242919921875,476.3411865234375,1070.904296875,843.6104736328125,1036.3221435546875,443.90655517578125,1037.3023681640625,848.8446044921875,1026.101318359375,414.7542419433594,1029.8194580078125,830.11865234375,1051.813232421875,417.98760986328125,1052.250732421875,832.193359375,640.624755859375,399.3422546386719,657.5994873046875,843.1842041015625,857.1760864257812,396.5826721191406,861.1826171875,821.728515625,913.9338989257812,397.16302490234375,915.1608276367188,824.650146484375,972.472412109375,403.7826232910156,974.8861083984375,827.7049560546875,1134.84130859375,422.7195129394531,1130.576416015625,842.9063110351562,1218.3031005859375,427.0066223144531,1203.879150390625,851.1400756835938,1309.0062255859375,430.01885986328125,1285.1243896484375,859.96875,1380.276611328125,436.40826416015625,1357.5703125,866.4356079101562,1452.430419921875,448.81964111328125,1441.4713134765625,874.6302490234375,1524.7716064453125,463.2403869628906,1514.57373046875,868.9591674804688
809.761474609375,475.30328369140625,815.1614379882812,883.1522827148438,832.4378662109375,476.6141662597656,836.0762939453125,881.3101196289062,845.3583374023438,473.05352783203125,851.3336181640625,875.012939453125,830.3369140625,460.02392578125,844.5139770507812,835.80859375,806.1883544921875,433.5897216796875,813.9088745117188,841.9774169921875,787.844482421875,404.69696044921875,797.144287109375,817.7723388671875,799.4265747070312,403.93194580078125,807.3947143554688,819.0988159179688,1134.4918212890625,501.8059997558594,1132.1815185546875,890.733642578125,1133.1802978515625,488.77716064453125,1135.120361328125,875.0789184570312,1111.439453125,483.6625061035156,1112.1558837890625,860.4827270507812,1066.7149658203125,475.7391662597656,1069.19482421875,843.6310424804688,1035.513427734375,443.2087097167969,1035.654052734375,848.8101806640625,1025.1868896484375,414.6612548828125,1028.7613525390625,829.898193359375,1050.8712158203125,417.88726806640625,1050.654541015625,832.4063720703125,639.8177490234375,399.8153381347656,656.8128051757812,843.24560546875,856.8621215820312,397.000732421875,860.1522827148438,821.763916015625,913.5460205078125,396.6212463378906,914.3128662109375,824.5922241210938,971.59228515625,403.3981628417969,974.171630859375,827.5941162109375,1134.1708984375,422.5877990722656,1126.3968505859375,842.5225219726562,1216.450439453125,426.7875671386719,1203.9571533203125,851.1018676757812,1294.408203125,429.312744140625,1284.523193359375,859.9447021484375,1375.3568115234375,436.18267822265625,1358.21435546875,866.6317138671875,1450.078369140625,448.7079772949219,1440.8311767578125,874.5545654296875,1523.771240234375,463.6222229003906,1513.7960205078125,868.9684448242188
809.9025268554688,475.2192077636719,815.0960693359375,883.0810546875,832.7987670898438,476.4938659667969,835.8743286132812,881.2032470703125,845.75048828125,472.826416015625,851.1884765625,874.858642578125,829.691162109375,460.5235900878906,844.614990234375,834.5497436523438,805.5372314453125,434.06243896484375,813.7658081054688,841.546630859375,787.3355712890625,404.92724609375,796.5980834960938,817.6717529296875,799.2548217773438,404.14959716796875,807.0288696289062,818.9564208984375,1131.4176025390625,502.7557678222656,1131.6505126953125,891.082763671875,1132.808837890625,488.1856384277344,1134.326904296875,874.9111938476562,1109.9464111328125,482.6363525390625,1111.7357177734375,860.7175903320312,1064.916748046875,474.5044860839844,1068.70849609375,843.1683349609375,1034.458251953125,442.8511962890625,1034.552001953125,848.7907104492188,1024.1015625,414.32720947265625,1028.2728271484375,830.0264892578125,1049.6444091796875,417.7814025878906,1050.8912353515625,831.6500854492188,639.0518798828125,400.1377258300781,656.0101318359375,843.4888916015625,856.9490966796875,397.11614990234375,859.4757690429688,821.8292846679688,912.76708984375,396.2478332519531,914.020263671875,824.6260986328125,970.5885009765625,403.1119079589844,973.5491943359375,827.5900268554688,1132.9833984375,422.6241455078125,1124.49169921875,842.6245727539062,1216.104248046875,426.7842102050781,1202.5985107421875,850.8699951171875,1294.489501953125,428.951171875,1284.1612548828125,859.8145141601562,1374.6458740234375,436.1429443359375,1364.5213623046875,868.5995483398438,1448.2322998046875,448.29205322265625,1441.3592529296875,874.8068237304688,1522.5372314453125,463.67681884765625,1512.7479248046875,868.1907958984375
809.9524536132812,475.4173889160156,815.1331787109375,883.0651245117188,833.260009765625,476.3763732910156,835.911376953125,881.1798706054688,846.1233520507812,472.61285400390625,851.2975463867188,874.6630859375,828.7160034179688,461.1291809082031,843.8854370117188,834.3963012695312,804.2261962890625,434.58233642578125,812.9846801757812,841.4135131835938,786.10791015625,405.7376403808594,793.611328125,816.2393798828125,797.9718017578125,404.585205078125,805.4931640625,818.8026123046875,1128.70947265625,501.0536804199219,1131.675537109375,891.059326171875,1131.53955078125,487.07025146484375,1133.438720703125,874.0758056640625,1107.076171875,482.79998779296875,1109.8887939453125,860.3634643554688,1062.851318359375,474.3048095703125,1066.327392578125,842.8118896484375,1031.9984130859375,441.9668884277344,1032.807861328125,848.7119750976562,1024.049560546875,414.1871337890625,1026.499267578125,829.9376220703125,1047.817626953125,416.85662841796875,1049.620849609375,831.8434448242188,638.1690063476562,400.4755859375,655.105224609375,843.6725463867188,855.4242553710938,397.01849365234375,857.2208251953125,821.8318481445312,911.39111328125,395.4794006347656,912.8916015625,824.5719604492188,968.9450073242188,402.2388000488281,971.9365234375,827.7630004882812,1131.0985107421875,422.5767517089844,1123.685546875,842.5914916992188,1214.1297607421875,426.93426513671875,1203.5123291015625,851.1902465820312,1293.0126953125,428.64697265625,1282.87255859375,859.8424682617188,1372.6324462890625,435.9658203125,1358.8839111328125,867.1795043945312,1444.6173095703125,447.7598571777344,1441.1324462890625,874.8961791992188,1521.5345458984375,463.47344970703125,1511.743408203125,868.391845703125
810.1054077148438,475.5451965332031,815.1734619140625,883.0411376953125,833.2562255859375,476.45703125,835.8524780273438,881.2095336914062,846.0325927734375,472.49322509765625,851.3696899414062,874.4165649414062,827.7315673828125,461.192626953125,843.492431640625,834.3892822265625,802.7442016601562,434.956298828125,812.7657470703125,841.482177734375,784.79833984375,406.7074890136719,792.8938598632812,816.5767211914062,798.2955932617188,405.2697448730469,804.7098999023438,819.0418090820312,1128.2589111328125,500.4173889160156,1130.254638671875,890.7068481445312,1128.427978515625,488.17547607421875,1130.4334716796875,873.1181030273438,1105.32666015625,482.55133056640625,1108.828125,859.4616088867188,1060.6943359375,473.7226867675781,1065.181396484375,841.5663452148438,1029.6947021484375,441.8908386230469,1033.768310546875,848.48779296875,1022.8154907226562,413.9844665527344,1025.332763671875,829.7720336914062,1046.778076171875,416.9368591308594,1048.3985595703125,831.7799682617188,637.36474609375,400.9417724609375,654.1259155273438,844.1041870117188,853.51611328125,397.2355041503906,855.7849731445312,821.9365844726562,909.2874755859375,395.3565368652344,911.5902709960938,824.6790161132812,969.5955200195312,400.980712890625,970.8256225585938,827.8638305664062,1130.0657958984375,422.6296081542969,1123.1236572265625,842.9877319335938,1211.827880859375,426.7120361328125,1202.74560546875,851.3012084960938,1295.258544921875,428.90093994140625,1282.5870361328125,859.9345092773438,1373.401123046875,436.292724609375,1357.9501953125,867.37646484375,1445.4322509765625,447.7825622558594,1440.5289306640625,874.9130859375,1520.662109375,463.4839172363281,1510.9288330078125,868.5865478515625
810.283203125,475.50634765625,815.05712890625,883.0880126953125,833.1397094726562,476.4460754394531,835.8193969726562,881.1497192382812,845.7617797851562,472.39239501953125,851.451904296875,874.3438720703125,826.7047729492188,461.5238952636719,843.643798828125,833.9099731445312,801.9205932617188,435.25189208984375,812.4362182617188,841.820068359375,783.6940307617188,406.8116760253906,791.7494506835938,816.9608764648438,797.092529296875,405.2926330566406,803.7051391601562,819.3626098632812,1126.570556640625,499.2233581542969,1129.544677734375,890.8572387695312,1125.636474609375,487.8735656738281,1128.0308837890625,871.5514526367188,1103.22802734375,482.66888427734375,1107.3267822265625,857.8829956054688,1058.5694580078125,475.4207763671875,1061.5794677734375,838.8250122070312,1028.3594970703125,441.53460693359375,1032.063720703125,848.3441772460938,1022.0657958984375,413.74688720703125,1023.471923828125,830.2326049804688,1045.6502685546875,416.6210632324219,1046.5072021484375,831.6839599609375,636.825439453125,401.20147705078125,653.3525390625,845.2951049804688,853.5482788085938,397.0393371582031,855.3331298828125,822.052001953125,908.9314575195312,394.7977294921875,911.123046875,824.810791015625,969.3551635742188,400.830810546875,970.2069702148438,827.9306640625,1129.518798828125,422.6493225097656,1121.6397705078125,843.0715942382812,1210.7860107421875,426.7789611816406,1197.009521484375,850.443115234375,1296.9349365234375,429.2771301269531,1282.0645751953125,859.9959716796875,1373.2978515625,436.357666015625,1358.3538818359375,867.6966552734375,1445.3885498046875,447.6754150390625,1440.52197265625,874.9718017578125,1519.9447021484375,463.2435607910156,1509.9395751953125,868.6264038085938
810.3034057617188,475.52825927734375,815.2205810546875,883.2455444335938,832.9461669921875,476.5095520019531,835.8949584960938,881.2881469726562,845.490478515625,472.3890686035156,851.4041137695312,874.36279296875,826.4901733398438,461.9705810546875,842.6585693359375,834.63671875,801.3814697265625,435.4186706542969,811.8004150390625,842.203125,782.5066528320312,407.7677307128906,790.9713745117188,817.4820556640625,795.8123168945312,405.99859619140625,802.484375,819.7554931640625,1125.0560302734375,498.6258544921875,1128.0465087890625,891.3855590820312,1122.1856689453125,487.80517578125,1125.377197265625,870.8846435546875,1101.33837890625,483.63568115234375,1105.3218994140625,855.6365356445312,1054.591796875,474.68145751953125,1058.4769287109375,836.8536376953125,1028.2020263671875,441.9039001464844,1030.9136962890625,848.3265380859375,1021.5751342773438,413.8413391113281,1021.5099487304688,830.534423828125,1045.3221435546875,416.76202392578125,1046.43408203125,832.56884765625,636.2108154296875,401.9677734375,652.5863037109375,845.889404296875,852.126220703125,396.9491271972656,854.0291137695312,822.2633056640625,908.471923828125,395.08380126953125,909.822998046875,824.9640502929688,968.611328125,400.6634216308594,968.2954711914062,828.1904907226562,1128.6492919921875,422.7834167480469,1122.392578125,843.32568359375,1209.359375,426.6581726074219,1199.7095947265625,851.568603515625,1294.325439453125,429.1171569824219,1281.2386474609375,859.96044921875,1371.58984375,436.35516357421875,1359.3203125,867.9813842773438,1444.6488037109375,447.54449462890625,1440.173828125,874.9805297851562,1519.3243408203125,462.4499206542969,1509.4415283203125,868.9015502929688
810.2989501953125,475.5231628417969,815.2293090820312,883.30078125,832.9876098632812,476.5187072753906,835.8644409179688,881.3087768554688,845.3233032226562,472.3296203613281,851.1880493164062,874.3438110351562,826.0894775390625,462.12200927734375,842.4595336914062,834.6959838867188,800.5238647460938,435.75335693359375,811.2991333007812,842.3301391601562,781.8250122070312,408.10791015625,789.906982421875,817.7745361328125,794.8084106445312,406.280029296875,801.4902954101562,819.93115234375,1126.2635498046875,494.5735168457031,1127.422119140625,891.2431030273438,1119.4588623046875,488.62188720703125,1123.1107177734375,870.171630859375,1098.9915771484375,485.28265380859375,1103.0244140625,853.9681396484375,1053.08642578125,476.197509765625,1054.3294677734375,835.9415893554688,1027.3236083984375,441.8138427734375,1029.3060302734375,847.9572143554688,1020.3956298828125,413.3297424316406,1020.649658203125,830.8758544921875,1044.4249267578125,416.3513488769531,1046.1094970703125,832.364990234375,635.5931396484375,402.6195068359375,651.8680419921875,846.2501220703125,851.1525268554688,396.6527404785156,853.3793334960938,822.4003295898438,907.39892578125,394.7340087890625,909.0977172851562,825.0238037109375,967.4301147460938,400.30743408203125,969.36376953125,827.6885986328125,1127.5631103515625,422.5181884765625,1122.251708984375,843.2440185546875,1208.06005859375,426.5685729980469,1200.3817138671875,851.5606079101562,1294.260498046875,429.21258544921875,1281.5257568359375,859.8939208984375,1372.944580078125,436.7476501464844,1359.3173828125,868.1193237304688,1444.88818359375,447.4572448730469,1440.1038818359375,875.2666625976562,1518.489501953125,462.40875244140625,1509.01416015625,868.7919311523438
810.2284545898438,475.4875793457031,815.4611206054688,883.3843383789062,832.9513549804688,476.5208435058594,835.9140625,881.3453369140625,845.1928100585938,472.37286376953125,851.13134765625,874.38134765625,825.73681640625,462.5711975097656,841.9793090820312,834.611572265625,800.572998046875,435.61663818359375,810.5028076171875,842.1663818359375,781.0733642578125,408.9134826660156,788.8836669921875,817.9800415039062,793.8386840820312,407.0331115722656,800.2083129882812,819.8886108398438,1124.80029296875,494.5858154296875,1127.480712890625,891.6943359375,1115.6978759765625,490.0245056152344,1120.44921875,870.1486206054688,1095.5234375,486.9271240234375,1098.695556640625,854.6780395507812,1051.4781494140625,477.30047607421875,1050.797607421875,834.8251953125,1026.7840576171875,441.99822998046875,1028.4630126953125,847.8038330078125,1020.0425415039062,413.24639892578125,1020.4569702148438,831.0960083007812,1043.92529296875,416.2701110839844,1046.400634765625,832.4581298828125,635.1052856445312,403.0453796386719,651.436279296875,846.390869140625,850.4453735351562,396.7317199707031,852.2567749023438,822.325439453125,907.0515747070312,394.9137878417969,909.3395385742188,824.9163208007812,967.1190185546875,399.97796630859375,968.5631713867188,828.0861206054688,1126.57275390625,422.210205078125,1122.908447265625,843.620849609375,1209.34130859375,426.6357421875,1201.994873046875,851.9825439453125,1295.145751953125,429.12994384765625,1283.1588134765625,860.1299438476562,1373.0589599609375,436.7964782714844,1360.5855712890625,868.3575439453125,1444.1986083984375,447.3859558105469,1440.096435546875,875.3585205078125,1517.799560546875,462.4128723144531,1508.21728515625,868.5360717773438
810.087158203125,475.4384765625,815.4712524414062,883.4012451171875,832.7918701171875,476.40289306640625,835.8995361328125,881.2279052734375,845.1539916992188,472.18756103515625,851.0885009765625,874.2499389648438,825.312255859375,462.8331604003906,841.7050170898438,835.0245361328125,800.1912841796875,435.8958435058594,809.9219970703125,842.4715576171875,780.5239868164062,409.15594482421875,789.1998901367188,818.20947265625,793.0947875976562,407.09228515625,800.8453369140625,820.2601928710938,1123.554443359375,497.0065002441406,1127.1756591796875,892.1439208984375,1112.1845703125,492.42230224609375,1118.09521484375,871.2574462890625,1092.9532470703125,488.3851623535156,1097.13330078125,855.2069702148438,1049.24658203125,477.46722412109375,1048.9813232421875,833.6434326171875,1026.511474609375,441.9408264160156,1027.8128662109375,848.172607421875,1019.5133056640625,412.9779052734375,1020.1361694335938,831.0791625976562,1043.26513671875,416.002197265625,1046.4395751953125,832.6068725585938,634.7582397460938,403.4909362792969,650.2242431640625,846.1871948242188,850.0200805664062,396.7726745605469,853.276123046875,822.5228271484375,906.4276123046875,394.8855895996094,910.5296020507812,824.9855346679688,966.4948120117188,399.8979187011719,968.9304809570312,828.1966552734375,1126.7962646484375,422.33575439453125,1123.2694091796875,843.9191284179688,1209.207763671875,426.4562072753906,1201.2706298828125,852.3193969726562,1296.451171875,429.4254150390625,1282.5894775390625,859.9432373046875,1372.842529296875,436.86920166015625,1360.052001953125,868.1987915039062,1443.687744140625,447.3963928222656,1439.6988525390625,875.2594604492188,1516.9671630859375,462.3746643066406,1507.4407958984375,868.6307373046875
810.1638793945312,475.53045654296875,815.7000122070312,883.4755859375,832.628173828125,476.4852294921875,836.0067749023438,881.1309204101562,845.0205688476562,472.3840026855469,851.20361328125,874.1709594726562,825.1725463867188,463.0823974609375,841.3495483398438,834.938720703125,800.0902099609375,436.4041442871094,809.7050170898438,842.7005004882812,780.515625,409.51324462890625,789.3271484375,818.5145263671875,792.9935913085938,407.548095703125,801.103271484375,820.5711669921875,1123.6138916015625,493.58673095703125,1127.126220703125,892.149658203125,1109.5245361328125,492.605712890625,1116.58740234375,873.1002807617188,1088.876953125,489.5863342285156,1095.5947265625,854.9420776367188,1046.908203125,477.3661193847656,1046.8690185546875,832.4723510742188,1026.1854248046875,441.9928283691406,1026.419677734375,848.4771728515625,1019.3425903320312,413.3301086425781,1019.032958984375,831.1820068359375,1042.887451171875,416.0669250488281,1045.4295654296875,832.76904296875,634.397705078125,403.5754699707031,649.8955688476562,846.566650390625,849.7362670898438,396.92578125,853.350830078125,822.5560913085938,906.2965698242188,394.71697998046875,910.6015014648438,824.9099731445312,966.4806518554688,400.028076171875,968.4954223632812,828.206787109375,1125.8935546875,422.5553283691406,1122.693359375,844.18017578125,1207.82177734375,426.2530822753906,1201.7216796875,852.5145874023438,1296.35400390625,429.5248718261719,1282.1195068359375,860.22802734375,1373.2958984375,436.9927978515625,1358.4036865234375,868.4237060546875,1443.7080078125,447.4410705566406,1439.538330078125,875.1162109375,1516.499267578125,462.3340759277344,1507.1116943359375,868.7406005859375
810.0066528320312,475.2841796875,815.7455444335938,883.5657958984375,832.5745849609375,476.546142578125,836.1604614257812,881.15625,845.04736328125,472.4530944824219,851.1970825195312,873.9517822265625,825.4520263671875,463.3265686035156,840.923828125,835.1022338867188,800.2808227539062,436.9577331542969,809.317138671875,842.6639404296875,780.5936889648438,409.6040344238281,789.0813598632812,818.6741943359375,793.1748657226562,407.79339599609375,800.9014892578125,820.6868896484375,1122.252685546875,492.5833435058594,1128.221923828125,883.93115234375,1106.96533203125,493.2606506347656,1112.234619140625,870.805419921875,1084.5343017578125,489.683837890625,1091.7972412109375,852.53466796875,1044.3193359375,477.9952087402344,1040.6448974609375,830.6517944335938,1025.1536865234375,441.78668212890625,1026.9764404296875,848.6871337890625,1018.688232421875,412.9748229980469,1020.2510375976562,831.2596435546875,1042.1094970703125,415.4532165527344,1047.02685546875,833.7443237304688,633.9805908203125,403.89593505859375,649.6072998046875,846.9080810546875,849.5951538085938,397.1634216308594,853.3317260742188,822.5806884765625,906.2686767578125,395.1220397949219,910.5960083007812,825.08056640625,966.04638671875,400.2747802734375,968.5480346679688,828.4271850585938,1125.2667236328125,422.5080261230469,1125.5655517578125,844.9719848632812,1206.880859375,426.8484802246094,1204.870849609375,853.4675903320312,1296.8162841796875,429.55157470703125,1282.9317626953125,860.5457763671875,1373.8599853515625,437.0430603027344,1357.51708984375,868.5487670898438,1443.6639404296875,447.5256042480469,1437.12548828125,874.4609985351562,1516.251708984375,462.4466247558594,1506.6754150390625,868.865966796875
809.852294921875,475.1690979003906,815.8799438476562,883.5546264648438,832.4207763671875,476.4749755859375,836.275634765625,881.1417236328125,844.97314453125,472.297119140625,851.2371215820312,873.7267456054688,825.4341430664062,463.6225891113281,840.5690307617188,834.7633056640625,800.1533203125,437.1628112792969,809.4466552734375,843.837646484375,780.315673828125,410.21356201171875,788.9163818359375,818.7325439453125,793.0645141601562,408.4091796875,800.7258911132812,820.7651977539062,1122.116455078125,492.62884521484375,1128.083984375,882.3187255859375,1105.666259765625,493.7200927734375,1111.046142578125,870.0726928710938,1082.8555908203125,490.3239440917969,1087.7952880859375,849.6201782226562,1042.543701171875,478.56005859375,1038.272705078125,828.6961059570312,1024.2747802734375,441.33135986328125,1026.0643310546875,848.771484375,1017.9502563476562,413.4208984375,1019.8865966796875,831.6646118164062,1041.4661865234375,415.816650390625,1046.8116455078125,834.247802734375,633.3505249023438,403.82427978515625,648.9500732421875,847.0658569335938,849.2501831054688,397.2684631347656,853.57568359375,822.6749877929688,906.4104614257812,395.3138427734375,910.878662109375,825.1793823242188,966.2066650390625,400.55194091796875,968.7488403320312,828.5839233398438,1125.40380859375,422.542236328125,1125.214599609375,845.3922119140625,1207.9088134765625,426.0247497558594,1204.228271484375,853.651611328125,1295.6248779296875,429.2890930175781,1282.026611328125,861.054931640625,1372.8892822265625,436.8895263671875,1358.0137939453125,868.871826171875,1442.883056640625,447.5028991699219,1437.1488037109375,874.6077270507812,1516.0123291015625,462.460205078125,1506.220703125,868.9424438476562
809.9419555664062,475.24102783203125,816.2189331054688,883.5802001953125,832.3345336914062,476.448486328125,836.553466796875,881.2573852539062,844.9673461914062,472.3858642578125,851.3070678710938,873.7200317382812,825.012451171875,463.9866943359375,840.2202758789062,834.581298828125,799.59033203125,437.7718505859375,809.1390380859375,843.888671875,778.9015502929688,410.28253173828125,788.9209594726562,818.9302978515625,792.6932373046875,409.0777282714844,800.523681640625,820.9169921875,1120.2227783203125,494.0531005859375,1130.024658203125,874.4461669921875,1103.223876953125,494.7401123046875,1108.820068359375,866.0545043945312,1080.408935546875,490.77886962890625,1084.86328125,848.0021362304688,1040.783935546875,478.8885498046875,1035.908203125,826.8749389648438,1023.3670654296875,441.3978576660156,1025.6630859375,848.5596313476562,1016.9105224609375,413.4843444824219,1020.0370483398438,831.6051025390625,1040.69482421875,415.62860107421875,1046.6861572265625,834.069091796875,632.9755249023438,404.2135314941406,648.458251953125,847.1898193359375,848.6397094726562,397.9784851074219,853.51611328125,822.8271484375,905.8031616210938,395.8120422363281,910.5852661132812,825.2586669921875,965.4373168945312,400.7690124511719,968.7479858398438,828.7735595703125,1125.2171630859375,422.5490417480469,1125.3685302734375,845.5853271484375,1209.4874267578125,426.1485900878906,1202.6806640625,853.9185180664062,1297.24267578125,429.5721740722656,1280.8070068359375,861.4876098632812,1373.385498046875,437.0478515625,1356.4285888671875,869.1465454101562,1442.4573974609375,447.50885009765625,1436.75146484375,874.7362670898438,1515.642578125,462.337646484375,1505.9625244140625,869.2220458984375
809.9556884765625,475.4169921875,816.4132690429688,883.6104736328125,832.2789916992188,476.3271789550781,836.7568969726562,881.320556640625,844.949462890625,472.38671875,851.403076171875,873.40234375,824.3718872070312,463.8724670410156,839.4262084960938,834.7861328125,798.8126831054688,438.2678527832031,808.0226440429688,843.73486328125,778.4962768554688,411.4877624511719,787.8389892578125,818.9725341796875,792.1264038085938,409.6338195800781,799.13916015625,820.7486572265625,1119.9962158203125,494.00439453125,1133.0760498046875,867.8568115234375,1100.509521484375,495.443603515625,1106.12646484375,862.1796264648438,1078.3311767578125,491.2740783691406,1084.0654296875,845.8883666992188,1036.7774658203125,477.7341613769531,1034.5491943359375,826.0449829101562,1022.6141967773438,440.966552734375,1024.945068359375,848.3937377929688,1016.6171264648438,413.2279052734375,1019.5178833007812,831.357421875,1040.32861328125,415.6493835449219,1044.7767333984375,833.0839233398438,632.6175537109375,404.56768798828125,648.1110229492188,847.2431030273438,847.0481567382812,399.29315185546875,852.4036254882812,822.8001098632812,904.8151245117188,395.7635192871094,909.88525390625,825.417236328125,964.7068481445312,400.74127197265625,969.1185302734375,828.6265869140625,1124.1416015625,422.45977783203125,1125.4649658203125,845.3699340820312,1208.09521484375,425.8121337890625,1202.42724609375,854.2794189453125,1294.714111328125,429.1728515625,1280.526123046875,861.434814453125,1371.607666015625,436.6482238769531,1356.1060791015625,869.3328247070312,1441.590576171875,447.35516357421875,1436.564697265625,874.8493041992188,1515.261474609375,462.3544921875,1505.6419677734375,869.38232421875
810.03955078125,475.83673095703125,816.4674682617188,883.6026000976562,832.215576171875,476.34027099609375,836.7635498046875,881.293701171875,844.8788452148438,472.3330993652344,851.3523559570312,873.5413818359375,823.8623657226562,464.13616943359375,839.2048950195312,834.681640625,798.0784912109375,438.84027099609375,808.0394897460938,843.7832641601562,777.7261352539062,412.2188415527344,787.6660766601562,818.9930419921875,791.35693359375,409.52294921875,798.9883422851562,820.7391967773438,1120.2130126953125,494.5036926269531,1127.2855224609375,862.19775390625,1097.6800537109375,496.4681396484375,1102.615966796875,857.9003295898438,1076.4078369140625,492.6924133300781,1078.31103515625,839.9154663085938,1034.0296630859375,477.0819091796875,1033.0784912109375,826.889404296875,1021.8314819335938,440.9509582519531,1024.1348876953125,848.621826171875,1015.8604125976562,413.30316162109375,1018.7046508789062,831.4767456054688,1039.67822265625,415.7573547363281,1043.1890869140625,833.1456298828125,632.2073364257812,404.8975524902344,647.5828857421875,847.1517944335938,846.2639770507812,399.6101379394531,851.9268188476562,822.76953125,904.4384765625,395.7099914550781,909.2503662109375,825.4148559570312,964.2542724609375,400.74481201171875,968.2598876953125,828.5103149414062,1123.546875,422.3831481933594,1124.2152099609375,846.3760986328125,1208.0498046875,425.6086120605469,1200.237548828125,854.3341674804688,1294.527099609375,428.9827880859375,1279.340087890625,861.52880859375,1371.2578125,436.6337890625,1355.26171875,869.452392578125,1441.482666015625,447.31842041015625,1439.888916015625,875.2030639648438,1514.7403564453125,462.4093322753906,1505.2037353515625,869.57177734375
810.0656127929688,476.0343933105469,816.5074462890625,883.684814453125,832.081787109375,476.33258056640625,836.8135375976562,881.3175659179688,844.7125854492188,472.4064636230469,851.2968139648438,873.574951171875,823.6932373046875,464.1163024902344,839.0313110351562,834.673095703125,797.87646484375,439.1541748046875,807.9050903320312,843.7086791992188,777.4799194335938,412.58502197265625,787.6630859375,818.9745483398438,790.9348754882812,409.7588195800781,798.8452758789062,820.7440185546875,1120.1793212890625,494.041259765625,1121.5330810546875,857.2362670898438,1096.725341796875,497.69482421875,1097.84033203125,853.5579833984375,1072.38525390625,493.4953308105469,1071.5321044921875,836.2108154296875,1031.69580078125,476.1139221191406,1031.1990966796875,827.0005493164062,1021.2259521484375,440.5063781738281,1023.5635986328125,848.609619140625,1015.630126953125,412.48138427734375,1018.8427734375,831.6884155273438,1039.6058349609375,415.6546630859375,1042.7655029296875,833.62158203125,631.7496948242188,405.0856018066406,647.0869750976562,846.9312133789062,845.6705322265625,399.9107666015625,852.0079956054688,822.8231811523438,904.0747680664062,395.8502502441406,908.9830932617188,825.4571533203125,964.07958984375,400.6223449707031,967.8880615234375,828.4979248046875,1123.412109375,422.55670166015625,1123.7615966796875,846.6954956054688,1206.968994140625,426.2852783203125,1201.1568603515625,854.4675903320312,1294.31787109375,429.06378173828125,1279.7841796875,861.7568359375,1370.591796875,436.5665283203125,1355.4010009765625,869.57421875,1441.1290283203125,447.444580078125,1435.4464111328125,874.9194946289062,1514.0928955078125,462.4901123046875,1504.7354736328125,869.5158081054688
810.07373046875,476.2452087402344,816.5291137695312,883.5850830078125,832.02587890625,476.4256896972656,836.9593505859375,881.2802734375,844.5863037109375,472.5533752441406,851.2401123046875,873.207275390625,824.2626953125,465.06988525390625,838.4173583984375,834.2021484375,797.593017578125,439.6182556152344,806.7420043945312,843.1542358398438,776.9448852539062,412.56915283203125,786.0501098632812,818.4739990234375,790.66357421875,409.73797607421875,797.4525146484375,820.3156127929688,1118.375732421875,493.2634582519531,1118.7203369140625,856.0525512695312,1093.82421875,498.5478820800781,1094.199951171875,848.8917236328125,1068.7010498046875,493.812744140625,1069.543212890625,834.31591796875,1028.652587890625,475.7361145019531,1028.537353515625,825.733154296875,1020.0888671875,440.4349670410156,1023.7609252929688,848.2168579101562,1015.6602783203125,411.9255065917969,1018.7931518554688,831.6242065429688,1038.949462890625,415.6166687011719,1042.79248046875,833.9802856445312,631.2999877929688,405.34503173828125,646.6248779296875,846.7005615234375,844.8809204101562,400.0035095214844,850.8298950195312,822.4314575195312,903.27685546875,396.1399841308594,908.282958984375,825.1944580078125,963.25537109375,400.21075439453125,966.7222290039062,828.3396606445312,1122.850830078125,422.3961486816406,1123.79931640625,847.248779296875,1205.9049072265625,425.98504638671875,1200.156005859375,854.6954956054688,1293.6336669921875,428.990478515625,1279.730224609375,861.8447265625,1369.259521484375,436.0831298828125,1355.615966796875,869.6112060546875,1440.199951171875,447.29736328125,1435.435302734375,875.0167236328125,1513.3404541015625,462.53875732421875,1504.3123779296875,869.5520629882812
810.2066650390625,476.3798828125,816.7536010742188,883.5469360351562,832.1248168945312,476.30950927734375,837.0606079101562,881.2557983398438,844.4945678710938,472.286865234375,851.1362915039062,873.108154296875,823.6796875,464.9763488769531,837.7201538085938,834.6029052734375,797.2608032226562,439.3846435546875,805.8012084960938,842.806640625,776.685546875,412.489013671875,784.9776000976562,818.1527099609375,790.1716918945312,409.6745300292969,796.0191040039062,820.0064086914062,1110.7327880859375,494.1239929199219,1117.1478271484375,850.0900268554688,1091.83935546875,499.8382873535156,1092.2806396484375,845.4122924804688,1063.88671875,493.7574768066406,1065.9541015625,831.4507446289062,1024.74267578125,473.2765197753906,1024.7386474609375,824.8605346679688,1019.3794555664062,439.5072937011719,1022.3131713867188,847.266357421875,1015.3010864257812,411.3604431152344,1017.0442504882812,831.1513671875,1038.7596435546875,415.5592041015625,1041.716064453125,833.5858154296875,630.7008056640625,405.66851806640625,646.58154296875,846.7985229492188,844.250244140625,399.9222106933594,849.2163696289062,821.75146484375,902.8367919921875,396.2579040527344,906.8460083007812,825.0496826171875,962.6255493164062,399.91461181640625,964.96630859375,828.216796875,1122.4857177734375,422.2565612792969,1121.6695556640625,847.1089477539062,1204.944580078125,425.9919738769531,1198.714599609375,853.75830078125,1292.6431884765625,428.7948303222656,1275.633056640625,861.09326171875,1369.3187255859375,436.126220703125,1355.129638671875,869.606201171875,1439.8914794921875,447.3258056640625,1434.617919921875,874.8068237304688,1512.7464599609375,462.6905517578125,1503.846923828125,869.7595825195312
810.1022338867188,476.4081115722656,816.681640625,883.6527709960938,832.071044921875,476.2926025390625,836.924072265625,881.2390747070312,844.3411254882812,472.2456970214844,850.9257202148438,873.1064453125,823.1489868164062,464.9915466308594,837.59326171875,834.5562133789062,796.9137573242188,439.75244140625,805.5980834960938,842.5653686523438,776.6509399414062,412.67236328125,784.58837890625,818.01416015625,790.0382080078125,409.8860168457031,795.62646484375,819.7882080078125,1107.715087890625,494.17352294921875,1109.1466064453125,844.8406372070312,1088.14453125,501.01220703125,1082.681884765625,839.0720825195312,1060.250244140625,494.23321533203125,1057.697021484375,827.947021484375,1021.2634887695312,473.6067810058594,1020.8109741210938,825.2078857421875,1018.6180419921875,438.88397216796875,1020.514892578125,848.3851318359375,1014.9884033203125,411.1907043457031,1016.5836791992188,831.052001953125,1038.509521484375,415.1356506347656,1040.9906005859375,833.4781494140625,630.0411376953125,406.0521545410156,646.0137329101562,846.4959716796875,843.9078369140625,400.2187805175781,849.0257568359375,821.5158081054688,902.728759765625,396.4769287109375,906.7703247070312,824.8016357421875,962.3889770507812,399.7388916015625,965.316650390625,828.0418701171875,1121.9061279296875,422.2013854980469,1119.0234375,847.3175048828125,1204.66748046875,426.0527038574219,1196.241455078125,853.3436889648438,1292.5521240234375,428.8582458496094,1275.359619140625,861.1099243164062,1369.8394775390625,436.1737976074219,1353.8485107421875,869.6259155273438,1439.8095703125,447.2742004394531,1431.9498291015625,874.4176025390625,1512.271240234375,462.7721862792969,1503.2840576171875,869.7194213867188
810.0337524414062,476.4578857421875,816.3785400390625,883.5800170898438,832.17431640625,476.20318603515625,836.8336791992188,881.1470947265625,844.4371948242188,472.1441345214844,851.1510009765625,872.9834594726562,822.6446533203125,465.0433044433594,837.3533325195312,834.41796875,796.1558227539062,439.8373107910156,805.5912475585938,842.2693481445312,776.125732421875,412.42218017578125,784.9775390625,817.9318237304688,789.3231201171875,409.7793884277344,796.1304321289062,819.660400390625,1104.247802734375,495.2657165527344,1102.619384765625,839.8207397460938,1080.8536376953125,503.7872314453125,1078.9244384765625,837.5396118164062,1056.1260986328125,495.02484130859375,1053.061767578125,826.32958984375,1016.4461059570312,475.2227478027344,1017.1766357421875,826.461181640625,1017.4819946289062,438.2685241699219,1018.9405517578125,848.2171630859375,1014.7944946289062,410.6650085449219,1016.1918334960938,831.3726196289062,1038.45361328125,414.6456604003906,1041.4163818359375,834.2095947265625,629.471435546875,406.1872863769531,645.6290893554688,846.3450927734375,843.3360595703125,400.09735107421875,849.6834716796875,821.4470825195312,902.4789428710938,396.14111328125,907.477294921875,824.554931640625,962.221923828125,399.21746826171875,966.221435546875,827.8450927734375,1121.3592529296875,422.0567932128906,1117.97802734375,845.9804077148438,1204.223876953125,426.06695556640625,1195.370361328125,853.4839477539062,1293.77490234375,428.9179382324219,1278.4310302734375,861.8591918945312,1371.05859375,436.4850769042969,1354.4498291015625,869.8428344726562,1440.206298828125,447.34906005859375,1432.2711181640625,874.4118041992188,1512.573974609375,462.9288024902344,1502.6297607421875,869.7904052734375
809.9933471679688,476.1094665527344,816.4510498046875,883.6708984375,832.097412109375,476.0953674316406,836.6913452148438,881.2119750976562,844.2879028320312,472.1416320800781,850.99658203125,873.0125122070312,822.1408081054688,465.0467224121094,837.2180786132812,834.278076171875,795.7203369140625,439.72845458984375,805.3590087890625,842.209716796875,775.949951171875,412.5074462890625,784.67578125,817.8358154296875,789.2662963867188,409.89044189453125,795.7824096679688,819.6160278320312,1099.882080078125,496.44573974609375,1098.5728759765625,838.1406860351562,1077.1431884765625,504.5817565917969,1071.636962890625,835.9857177734375,1050.781005859375,494.193603515625,1043.93798828125,826.57958984375,1014.062255859375,472.5722961425781,1011.8864135742188,825.939208984375,1016.2409057617188,438.6317443847656,1018.735595703125,848.0202026367188,1014.0835571289062,410.9626159667969,1016.2378540039062,831.5437622070312,1037.7869873046875,415.66839599609375,1041.329833984375,834.8380737304688,628.8141479492188,406.2574157714844,645.1079711914062,846.1226806640625,842.7620849609375,400.2716064453125,849.5234375,821.2454223632812,901.7098388671875,396.3788146972656,907.2232055664062,824.48046875,961.3096313476562,399.0561218261719,966.8472900390625,827.6460571289062,1120.49609375,422.0748596191406,1116.1807861328125,846.1688232421875,1203.7017822265625,426.2292175292969,1194.2518310546875,853.56982421875,1294.787109375,429.21466064453125,1278.6578369140625,861.9307861328125,1371.0045166015625,436.34893798828125,1353.02587890625,869.8432006835938,1439.8184814453125,447.15478515625,1430.6591796875,874.4496459960938,1511.8670654296875,462.7355651855469,1502.334716796875,869.7473754882812
809.8536987304688,476.0281066894531,816.4204711914062,883.6780395507812,832.10302734375,476.0479736328125,836.7551879882812,881.3252563476562,844.3143310546875,472.07977294921875,850.5699462890625,872.7809448242188,821.7351684570312,465.1585998535156,836.6181640625,834.530029296875,795.1021118164062,439.8083801269531,805.3499145507812,842.0532836914062,775.424560546875,412.5783386230469,784.9461059570312,817.9338989257812,788.7059936523438,410.049560546875,795.8707885742188,819.6971435546875,1091.9122314453125,498.60955810546875,1092.68798828125,835.5115966796875,1072.6536865234375,506.215087890625,1065.215576171875,835.5595092773438,1045.9345703125,495.4228820800781,1042.94384765625,825.2552490234375,1011.048095703125,471.1725769042969,1010.5025024414062,824.7800903320312,1015.528076171875,438.1725769042969,1018.5505981445312,848.1947631835938,1013.609130859375,410.621337890625,1015.1040649414062,831.5798950195312,1037.10986328125,415.62451171875,1039.6708984375,834.4879150390625,627.9293823242188,406.65460205078125,644.7289428710938,846.1304321289062,842.2053833007812,400.0706481933594,849.8903198242188,821.1961669921875,901.4098510742188,395.9915466308594,907.119384765625,824.6159057617188,960.9381713867188,398.65631103515625,966.1265258789062,827.7449951171875,1119.7137451171875,422.13330078125,1115.2054443359375,846.584228515625,1203.57958984375,426.2012023925781,1192.9796142578125,853.2451782226562,1292.9735107421875,428.8287353515625,1276.32763671875,861.4422607421875,1368.4033203125,435.8847961425781,1352.079833984375,869.9827270507812,1437.58447265625,446.9975280761719,1430.0069580078125,874.6704711914062,1511.0225830078125,462.5518798828125,1501.3514404296875,869.9327392578125
809.83740234375,476.07012939453125,816.39599609375,883.7221069335938,832.1434326171875,475.9716796875,836.6880493164062,881.3909301757812,844.1965942382812,471.9780578613281,850.3958740234375,872.7642822265625,821.4175415039062,465.1531066894531,835.9659423828125,835.167236328125,794.3157958984375,439.7995910644531,804.4517822265625,841.8681640625,774.8782958984375,412.8575744628906,783.7607421875,817.7819213867188,787.8729248046875,410.3056335449219,794.6556396484375,819.6030883789062,1088.5535888671875,500.0135803222656,1086.621826171875,835.2183227539062,1064.31689453125,509.25592041015625,1063.23681640625,834.32275390625,1042.6337890625,496.5950012207031,1037.1561279296875,825.0972900390625,1008.061279296875,469.374267578125,1007.087158203125,824.2059326171875,1014.5062866210938,437.7974853515625,1018.1048583984375,848.2367553710938,1013.0425415039062,410.5635070800781,1015.4850463867188,832.6359252929688,1036.007080078125,415.2738037109375,1038.2607421875,835.6290893554688,627.3732299804688,406.968017578125,644.2675170898438,846.0476684570312,841.4943237304688,400.05865478515625,848.963623046875,820.9310913085938,900.6622314453125,395.7459411621094,906.0838012695312,824.549560546875,959.3394775390625,399.56756591796875,965.4315795898438,827.839111328125,1119.409423828125,421.9959411621094,1116.0936279296875,846.9306640625,1202.6639404296875,426.1072082519531,1191.3961181640625,853.66259765625,1292.2708740234375,428.7978515625,1274.556884765625,861.60009765625,1363.0999755859375,434.84381103515625,1351.7415771484375,869.7423706054688,1436.4349365234375,446.93243408203125,1429.6324462890625,874.8517456054688,1510.103759765625,462.4277648925781,1500.2462158203125,869.9757080078125
809.9290161132812,476.17315673828125,816.5386962890625,883.8237915039062,832.2119750976562,475.987548828125,836.7383422851562,881.4498901367188,844.015625,471.9028015136719,850.2334594726562,872.6854858398438,821.0301513671875,465.0521545410156,835.2739868164062,835.5225830078125,793.53515625,439.8516845703125,803.8021240234375,841.8057250976562,774.1889038085938,412.82080078125,784.7561645507812,818.5949096679688,786.9521484375,410.39508056640625,793.525146484375,819.660888671875,1084.0723876953125,502.2132873535156,1081.922119140625,833.2835083007812,1060.0338134765625,508.6267395019531,1057.8115234375,831.5963134765625,1037.4140625,497.8395690917969,1032.9195556640625,823.4882202148438,1004.61083984375,467.70428466796875,1002.3467407226562,824.062744140625,1014.4730834960938,436.9762268066406,1018.5611572265625,847.1484375,1011.8284912109375,410.21142578125,1014.7053833007812,832.704833984375,1035.2716064453125,414.651123046875,1035.526611328125,834.6380004882812,626.6387939453125,407.1463623046875,643.669921875,845.9388427734375,840.73974609375,399.87347412109375,847.9756469726562,820.68359375,899.9024047851562,395.242919921875,905.47021484375,824.6220092773438,957.1143798828125,398.7810363769531,964.2566528320312,827.6904907226562,1119.220947265625,421.99212646484375,1115.946044921875,847.0965576171875,1202.8543701171875,426.3013610839844,1190.2967529296875,853.5568237304688,1292.21142578125,428.7809143066406,1273.434814453125,861.6785278320312,1364.0343017578125,434.86767578125,1350.961181640625,869.7815551757812,1436.700439453125,446.82354736328125,1429.0697021484375,874.8364868164062,1509.4013671875,462.4087829589844,1499.3360595703125,869.6925048828125
809.94091796875,476.0613098144531,816.4254760742188,883.8594360351562,832.197265625,475.894287109375,836.6016235351562,881.5089721679688,844.0911865234375,471.9040832519531,849.9705200195312,872.75146484375,820.7535400390625,465.2581787109375,834.6255493164062,835.403564453125,792.402099609375,439.9493103027344,803.4324951171875,841.8169555664062,773.5364379882812,412.7622985839844,784.4312133789062,818.6196899414062,786.0669555664062,410.4325866699219,793.2825927734375,819.5789184570312,1077.119873046875,505.1180725097656,1067.36474609375,832.19580078125,1054.5799560546875,512.53662109375,1046.700439453125,831.4892578125,1032.0396728515625,497.7124328613281,1028.22998046875,823.3990478515625,1001.0288696289062,468.1778564453125,998.6358032226562,825.1445922851562,1012.9696044921875,436.23162841796875,1017.0740966796875,847.3458862304688,1011.1405029296875,409.6406555175781,1012.5679321289062,832.9180908203125,1034.26025390625,414.0174560546875,1033.68408203125,834.961669921875,626.1353149414062,407.0262451171875,642.814697265625,846.1954345703125,840.1101684570312,399.89410400390625,847.3101806640625,820.572265625,899.2274780273438,394.8157958984375,904.1944580078125,824.6076049804688,955.9641723632812,398.2860107421875,962.6096801757812,827.6107788085938,1117.9000244140625,422.0509338378906,1112.0296630859375,846.4585571289062,1202.294921875,426.2165222167969,1189.4703369140625,853.2657470703125,1292.3228759765625,428.9461975097656,1272.4642333984375,861.9337158203125,1368.1328125,435.5931396484375,1350.5718994140625,869.89892578125,1436.2491455078125,446.899169921875,1428.0172119140625,874.7110595703125,1508.712646484375,462.4125061035156,1498.7572021484375,869.700927734375
809.8369140625,475.97412109375,816.3073120117188,883.8544311523438,832.2395629882812,475.8492736816406,836.495361328125,881.6295776367188,844.081298828125,471.7227783203125,849.7422485351562,872.9053955078125,820.3831787109375,465.19891357421875,833.9219360351562,835.681884765625,791.021728515625,439.9755554199219,802.7139892578125,841.6514282226562,772.9481201171875,412.8047180175781,783.7664184570312,818.6866455078125,785.4492797851562,410.5709533691406,792.6099853515625,819.5211181640625,1070.916015625,506.89935302734375,1064.4183349609375,830.9376220703125,1045.703125,513.8927001953125,1042.68017578125,830.5643920898438,1026.59716796875,497.2223205566406,1024.1510009765625,821.4678344726562,997.5542602539062,466.1758728027344,999.7225952148438,823.6011352539062,1011.9769287109375,435.41815185546875,1015.3421020507812,847.2039794921875,1010.3795776367188,409.27130126953125,1011.560546875,833.3439331054688,1033.726318359375,413.6190185546875,1032.4373779296875,835.6592407226562,625.3380126953125,407.03594970703125,642.136474609375,846.1594848632812,839.9644775390625,399.6782531738281,847.0440673828125,820.4807739257812,899.0661010742188,394.7892150878906,903.057861328125,824.5779418945312,955.7447509765625,398.12994384765625,961.56396484375,827.3451538085938,1116.4095458984375,422.08697509765625,1109.2547607421875,847.611572265625,1201.5189208984375,426.1982727050781,1189.1458740234375,853.174560546875,1292.0479736328125,429.044677734375,1271.797119140625,862.3408203125,1363.5638427734375,434.8520202636719,1350.3594970703125,870.0380249023438,1435.4910888671875,446.3572692871094,1427.531494140625,874.77880859375,1508.0885009765625,462.5386047363281,1498.085693359375,869.611083984375
809.577392578125,475.7629699707031,816.364990234375,883.8097534179688,832.1736450195312,475.9226379394531,836.3380126953125,881.7047119140625,843.9111328125,471.81304931640625,849.5628051757812,872.9061889648438,820.0658569335938,465.1946105957031,833.6263427734375,835.8656616210938,790.3711547851562,440.08013916015625,802.4864501953125,841.7235717773438,772.1778564453125,412.9107666015625,783.70654296875,818.7540283203125,784.4962768554688,410.6977844238281,792.6783447265625,819.6470336914062,1060.31591796875,509.5322570800781,1059.0118408203125,830.530029296875,1041.4776611328125,515.715576171875,1031.4462890625,830.3896484375,1020.8639526367188,498.5382385253906,1015.6911010742188,821.8262329101562,993.1972045898438,463.2952880859375,995.8590087890625,822.9373168945312,1010.8160400390625,434.9176330566406,1013.7826538085938,846.7860717773438,1009.3171997070312,409.18804931640625,1010.7420043945312,833.0488891601562,1032.9708251953125,413.94036865234375,1031.3067626953125,835.30810546875,624.8119506835938,407.317626953125,641.5560913085938,845.7940673828125,839.9363403320312,398.81219482421875,847.0023803710938,820.3934326171875,898.2118530273438,394.22503662109375,902.8496704101562,824.5140380859375,954.9817504882812,397.74462890625,961.475830078125,827.1026611328125,1115.122802734375,422.2149963378906,1109.244384765625,846.9998779296875,1200.393310546875,426.10858154296875,1190.4686279296875,853.7363891601562,1291.3924560546875,429.0820617675781,1272.1063232421875,862.5809326171875,1362.558837890625,434.73602294921875,1351.0003662109375,870.0872802734375,1434.5499267578125,446.1532287597656,1427.3643798828125,874.776123046875,1507.026611328125,462.6789855957031,1497.4326171875,869.3961181640625
809.1405029296875,475.61175537109375,815.9842529296875,883.7651977539062,832.007568359375,475.826171875,836.0372314453125,881.7141723632812,843.8978271484375,471.8225402832031,849.412841796875,872.8994750976562,819.6810913085938,465.11175537109375,833.4472045898438,836.0359497070312,789.992919921875,439.8062438964844,802.6246948242188,841.6123046875,771.4152221679688,412.8826904296875,783.4644775390625,818.6937866210938,783.7267456054688,410.6937561035156,792.3009033203125,819.6444091796875,1054.3851318359375,510.4586181640625,1051.4912109375,832.04931640625,1034.157958984375,519.7894287109375,1029.799072265625,830.3399658203125,1015.1228637695312,498.884033203125,1012.4699096679688,822.07861328125,989.571044921875,462.23748779296875,992.3734130859375,823.001220703125,1009.229248046875,434.9312744140625,1011.6000366210938,845.8059692382812,1008.6244506835938,408.8096923828125,1009.300537109375,832.0784912109375,1031.5028076171875,414.36566162109375,1030.081298828125,835.8123779296875,624.166748046875,407.4252014160156,640.8060913085938,846.0057373046875,838.9785766601562,398.3838195800781,848.2916870117188,821.28955078125,897.2301635742188,393.79010009765625,901.4813842773438,823.1781005859375,953.5164794921875,396.71575927734375,960.791748046875,827.2088012695312,1114.4403076171875,422.53692626953125,1108.5032958984375,847.1532592773438,1199.69677734375,426.18524169921875,1189.50048828125,853.416259765625,1289.20654296875,428.81585693359375,1271.6234130859375,862.4371948242188,1358.971923828125,435.0521240234375,1350.493896484375,870.063720703125,1433.5836181640625,445.92828369140625,1427.498291015625,874.9273071289062,1505.7750244140625,462.49383544921875,1496.4891357421875,869.3921508789062
808.8204956054688,475.8858947753906,816.059326171875,883.7109985351562,831.6488037109375,475.7021179199219,835.9027709960938,881.8028564453125,843.6116943359375,471.76556396484375,849.265625,872.8369750976562,818.9310302734375,465.0411376953125,832.7453002929688,835.9271240234375,789.1797485351562,439.7711181640625,802.0728759765625,841.268310546875,770.707275390625,412.9864196777344,782.544921875,818.7445068359375,782.92138671875,410.92681884765625,793.0789794921875,819.9003295898438,1047.7420654296875,514.5393676757812,1045.430908203125,831.7481689453125,1023.3202514648438,521.0737915039062,1007.2229614257812,834.9619750976562,1009.4827270507812,497.9255676269531,1006.9699096679688,822.1865844726562,985.2780151367188,459.8218688964844,988.9730834960938,822.5026245117188,1007.988525390625,434.18572998046875,1009.2803344726562,845.9993286132812,1007.9127197265625,408.29638671875,1008.7425537109375,832.5352783203125,1030.999755859375,414.111572265625,1027.6453857421875,837.7399291992188,623.42138671875,407.7708435058594,640.0529174804688,845.7350463867188,837.6843872070312,398.14251708984375,846.5012817382812,821.083251953125,896.1580810546875,393.02008056640625,900.8316040039062,823.1243286132812,952.2823486328125,395.7157897949219,959.4326171875,827.1285400390625,1112.961181640625,422.6763916015625,1108.387939453125,847.6400756835938,1199.316650390625,426.33697509765625,1188.9649658203125,853.5822143554688,1283.9664306640625,428.3865051269531,1270.3807373046875,862.1753540039062,1358.6986083984375,434.9769592285156,1348.9482421875,869.8866577148438,1432.869140625,446.3606262207031,1426.4312744140625,874.7902221679688,1504.5133056640625,462.31536865234375,1495.1849365234375,869.0270385742188
808.9987182617188,475.8399658203125,815.9872436523438,883.756591796875,831.6367797851562,475.7264099121094,835.8814697265625,881.9522094726562,843.5517578125,471.57733154296875,849.011474609375,872.7906494140625,818.1901245117188,465.0212097167969,833.1056518554688,836.5604248046875,788.1215209960938,439.9402770996094,800.6948852539062,841.1148681640625,769.6338500976562,413.1456298828125,780.0474243164062,818.5535278320312,781.802978515625,411.1531982421875,791.2705078125,819.8008422851562,1038.526123046875,517.881591796875,1035.780517578125,830.4703369140625,1015.2064819335938,522.0093994140625,1014.1810302734375,831.1969604492188,1003.5526733398438,498.59765625,1002.2464599609375,822.2561645507812,983.8491821289062,458.23388671875,984.8916015625,822.3905639648438,1006.6494140625,434.38958740234375,1006.9600219726562,846.4602661132812,1007.61376953125,408.498046875,1005.901611328125,831.3746337890625,1030.40185546875,414.2057800292969,1026.618408203125,836.4701538085938,622.98779296875,408.0508117675781,639.2034912109375,845.946533203125,836.6821899414062,397.8354187011719,843.6487426757812,820.9986572265625,895.15673828125,392.44696044921875,898.466796875,823.0875244140625,954.210693359375,394.7035217285156,957.4818725585938,826.9158935546875,1112.0743408203125,422.8424072265625,1106.95263671875,847.8834228515625,1197.642333984375,426.42156982421875,1187.3507080078125,853.493896484375,1282.629638671875,428.498046875,1269.121826171875,861.8685913085938,1357.8126220703125,435.1315612792969,1348.4932861328125,870.0401611328125,1432.31787109375,445.7997131347656,1425.771240234375,874.7346801757812,1503.447021484375,461.697021484375,1494.4114990234375,868.9268188476562
808.2036743164062,475.64068603515625,815.8284301757812,883.840087890625,831.3894653320312,475.6217956542969,835.707275390625,881.9697265625,843.7186889648438,471.66802978515625,848.693115234375,872.6310424804688,818.3705444335938,465.6986999511719,832.2879638671875,837.1931762695312,787.8880615234375,440.275390625,799.384765625,841.4983520507812,769.0670776367188,413.3812561035156,777.9649047851562,818.4898681640625,781.701904296875,410.8861999511719,789.3876342773438,819.7305908203125,1028.789306640625,521.10302734375,1031.595703125,832.5827026367188,1007.8653564453125,524.616943359375,998.3539428710938,833.5401611328125,997.4118041992188,497.4495849609375,996.3233032226562,822.6586303710938,980.3074951171875,457.0064697265625,984.5184936523438,820.7138061523438,1004.0574340820312,434.8044128417969,1005.7000122070312,845.4508666992188,1006.0711669921875,408.5884704589844,1003.9454345703125,830.1415405273438,1029.1375732421875,414.14727783203125,1027.02978515625,834.2468872070312,622.0830078125,407.7716369628906,638.140625,846.0237426757812,835.6027221679688,397.388427734375,841.66259765625,821.167724609375,893.1529541015625,392.47515869140625,896.4364013671875,823.0904541015625,952.7365112304688,394.910400390625,955.5429077148438,826.543212890625,1110.9539794921875,422.5752868652344,1106.3834228515625,847.3076171875,1196.2098388671875,426.3956298828125,1185.6038818359375,853.44091796875,1281.6531982421875,428.5197448730469,1267.8541259765625,861.8878784179688,1358.1607666015625,435.4945068359375,1348.4293212890625,870.4299926757812,1428.7080078125,445.0657043457031,1425.47607421875,874.7194213867188,1502.384765625,461.593017578125,1493.4769287109375,869.005859375
808.2433471679688,475.9253845214844,815.7803955078125,883.842041015625,831.2442626953125,475.6375427246094,835.5225830078125,881.971435546875,843.53955078125,471.6095886230469,848.4925537109375,872.7258911132812,817.9581298828125,466.01318359375,831.5897216796875,837.5874633789062,787.0325317382812,440.4158935546875,798.5325317382812,841.8211669921875,767.7757568359375,413.55889892578125,777.302490234375,817.6686401367188,780.23828125,411.0796813964844,788.8652954101562,819.9086303710938,1018.9231567382812,524.156494140625,997.8828125,835.6802978515625,997.5520629882812,527.248291015625,995.5055541992188,835.8623657226562,989.9710693359375,498.15081787109375,991.4886474609375,822.3472900390625,978.6986694335938,454.4870910644531,982.8416137695312,819.9640502929688,1002.2808227539062,434.6495361328125,1005.4055786132812,844.1226196289062,1004.1941528320312,408.1881408691406,1005.7708740234375,829.338623046875,1027.4835205078125,413.9294128417969,1028.6004638671875,832.7297973632812,621.089111328125,407.79547119140625,636.9156494140625,845.989501953125,834.2742919921875,397.3484191894531,842.0524291992188,821.2122802734375,891.9666748046875,392.27386474609375,896.6104736328125,823.1939086914062,950.78662109375,394.88775634765625,955.2252197265625,826.4849853515625,1110.3702392578125,422.6811828613281,1106.10400390625,847.2406005859375,1195.3834228515625,426.3765563964844,1186.47509765625,853.7451782226562,1278.7471923828125,428.4836120605469,1268.367919921875,862.0113525390625,1356.88818359375,435.42156982421875,1348.7130126953125,870.4016723632812,1428.4443359375,445.0474548339844,1424.9249267578125,874.8729248046875,1501.174072265625,461.3006591796875,1492.808349609375,869.2516479492188
808.2571411132812,475.6496887207031,815.612548828125,883.7589721679688,831.0965576171875,475.5141906738281,835.329833984375,882.05322265625,843.0189819335938,471.7153625488281,848.420654296875,873.215087890625,816.9876708984375,466.0480651855469,831.4015502929688,837.7147216796875,786.1820068359375,440.72418212890625,798.3939208984375,842.2305297851562,766.2200927734375,413.0539245605469,777.1215209960938,817.9686279296875,778.8480224609375,411.3821716308594,788.7422485351562,820.2137451171875,1006.9759521484375,525.7527465820312,988.6439208984375,833.458740234375,989.3067016601562,527.2156982421875,990.6246948242188,833.5452270507812,983.630615234375,496.36163330078125,986.6200561523438,822.216064453125,974.5580444335938,453.80804443359375,981.951171875,819.53466796875,1000.4189453125,433.6542663574219,1005.083740234375,846.1429443359375,1002.376220703125,407.51312255859375,1006.0888061523438,831.16796875,1026.0372314453125,413.26385498046875,1026.6475830078125,834.286376953125,620.072998046875,407.9263000488281,636.1588134765625,846.3968505859375,833.2657470703125,397.42816162109375,841.9581298828125,821.282958984375,890.908935546875,391.75079345703125,897.4852905273438,823.3590698242188,948.9378051757812,394.3997497558594,954.7307739257812,826.6663208007812,1109.69775390625,422.9231262207031,1105.03466796875,847.1063842773438,1195.023193359375,426.3935241699219,1184.743896484375,853.8997802734375,1280.9967041015625,428.7472839355469,1266.62255859375,861.9672241210938,1357.7108154296875,435.6898193359375,1342.044677734375,868.9951171875,1428.26220703125,444.9152526855469,1423.95703125,874.9656372070312,1500.3275146484375,461.07049560546875,1491.896728515625,869.2102661132812
808.2050170898438,475.7703552246094,815.729736328125,883.7845458984375,830.9650268554688,475.4773254394531,835.5369262695312,882.0199584960938,842.934326171875,471.9127502441406,848.2517700195312,872.9000854492188,816.5143432617188,465.9275207519531,830.2208251953125,838.27001953125,785.25244140625,440.9331970214844,796.5696411132812,842.6644897460938,765.6257934570312,413.3777770996094,776.1469116210938,818.238525390625,777.76171875,411.509765625,787.8330078125,820.4463500976562,996.9412841796875,529.7348022460938,984.0261840820312,835.2133178710938,977.2830810546875,526.2695922851562,969.9857177734375,825.373779296875,977.0081787109375,494.2799987792969,978.106689453125,823.0182495117188,972.9544677734375,451.8877258300781,980.6395874023438,819.6041259765625,998.9415893554688,433.05633544921875,1004.72998046875,846.65283203125,1001.698486328125,407.2632141113281,1006.0172119140625,832.1342163085938,1025.182861328125,412.8810119628906,1026.427001953125,835.3746337890625,619.2923583984375,407.88653564453125,635.5313110351562,846.2569580078125,832.4173583984375,397.5060729980469,840.6836547851562,821.5731201171875,890.2980346679688,391.84368896484375,897.7869873046875,823.4067993164062,948.0742797851562,393.9495849609375,953.4226684570312,827.8529663085938,1108.4521484375,422.8243713378906,1102.0977783203125,847.20947265625,1193.22021484375,426.2698669433594,1184.3701171875,853.8651733398438,1278.9327392578125,428.7718505859375,1266.970703125,861.934814453125,1356.9019775390625,435.5906677246094,1341.9901123046875,869.0028686523438,1427.892333984375,444.89044189453125,1423.5037841796875,875.0675659179688,1499.73681640625,460.76300048828125,1491.264404296875,869.5377197265625
808.45458984375,475.5320129394531,815.62353515625,883.8213500976562,830.8084716796875,475.4100341796875,835.337646484375,882.073486328125,842.3772583007812,471.8892822265625,848.1419067382812,872.8378295898438,815.7694091796875,465.80426025390625,829.8535766601562,838.6467895507812,784.2593994140625,441.3331604003906,796.3794555664062,843.0635375976562,764.7068481445312,413.3034362792969,775.8984985351562,818.4077758789062,777.1401977539062,411.60430908203125,787.396240234375,820.6431274414062,987.2922973632812,529.7782592773438,964.7683715820312,832.63525390625,969.9315185546875,526.628662109375,963.1736450195312,827.3286743164062,970.3276977539062,494.5041198730469,972.91748046875,823.7326049804688,969.12646484375,452.1784362792969,981.1978759765625,815.4550170898438,997.76611328125,433.1492614746094,1003.28271484375,846.5829467773438,999.7532958984375,407.7724914550781,1003.7247314453125,832.7860717773438,1024.2630615234375,413.0977783203125,1025.584716796875,835.4700317382812,618.5896606445312,408.02166748046875,634.83154296875,846.5084228515625,831.5234985351562,397.677734375,839.9213256835938,821.7438354492188,889.5459594726562,391.53662109375,896.2368774414062,823.3237915039062,947.47265625,393.6564636230469,955.1329956054688,827.0049438476562,1107.903564453125,422.8948974609375,1102.1331787109375,847.5704345703125,1192.966064453125,426.2099914550781,1183.803466796875,853.8198852539062,1277.6883544921875,428.6099853515625,1265.978759765625,861.86083984375,1354.59765625,435.1564025878906,1341.5457763671875,869.127197265625,1425.3345947265625,444.6752624511719,1423.332275390625,875.0133666992188,1499.2071533203125,460.60626220703125,1490.4822998046875,869.6327514648438
808.9339599609375,475.4613952636719,815.3865356445312,883.722900390625,830.7720947265625,475.2795104980469,835.1539306640625,882.0343627929688,842.2899780273438,471.85198974609375,848.0056762695312,872.6290283203125,815.2999877929688,465.9265441894531,829.53271484375,839.0821533203125,783.3754272460938,441.5091247558594,795.0988159179688,843.337158203125,763.7138061523438,413.7591247558594,774.5087890625,818.8351440429688,775.85498046875,411.92315673828125,785.357666015625,820.8344116210938,975.8316040039062,530.822998046875,961.2781982421875,840.1791381835938,956.0696411132812,519.66748046875,959.5363159179688,832.1969604492188,964.2455444335938,492.5917053222656,965.4462890625,823.2638549804688,970.3508911132812,449.978271484375,979.7745971679688,817.9674072265625,997.0077514648438,432.4111633300781,1001.717041015625,846.5801391601562,998.8816528320312,407.39617919921875,1001.6621704101562,833.9503784179688,1023.3731079101562,412.8878479003906,1026.7420654296875,837.0394287109375,618.0111694335938,408.1348571777344,633.7991943359375,847.0150756835938,830.0716552734375,398.2560119628906,836.66552734375,821.5804443359375,887.1979370117188,390.7349548339844,893.0635375976562,823.8397216796875,946.36181640625,393.34942626953125,952.095947265625,828.0864868164062,1106.9154052734375,423.0232238769531,1101.293212890625,847.9661254882812,1191.376220703125,426.8056335449219,1182.177734375,853.7708740234375,1276.206787109375,428.6878662109375,1265.7916259765625,862.0090942382812,1353.0389404296875,434.98583984375,1340.4295654296875,869.2229614257812,1425.0614013671875,444.7118225097656,1420.9522705078125,874.81689453125,1498.61181640625,460.4461975097656,1489.5045166015625,869.7708129882812
809.2041625976562,475.7605285644531,815.4031372070312,883.7130126953125,830.7510375976562,475.3849792480469,835.139892578125,881.9972534179688,842.0736083984375,472.07403564453125,847.5759887695312,872.2592163085938,814.849365234375,466.24273681640625,828.3811645507812,839.154052734375,783.1837768554688,440.9996032714844,793.8236083984375,843.447265625,762.9912109375,414.9867248535156,773.1366577148438,819.3311157226562,775.3442993164062,412.3229675292969,783.7183227539062,820.941650390625,964.7867431640625,530.725341796875,948.5734252929688,842.6688232421875,948.7404174804688,519.2067260742188,951.109130859375,832.6887817382812,957.44580078125,490.9798583984375,961.56201171875,826.6019287109375,968.7208251953125,448.0979919433594,981.6094360351562,821.1567993164062,995.7329711914062,432.7815246582031,1002.1429443359375,846.939697265625,998.2257080078125,407.2973937988281,1002.2459716796875,834.3984375,1022.6595458984375,412.6150817871094,1027.6488037109375,837.5780639648438,616.9240112304688,408.5513000488281,632.85888671875,847.220703125,829.43310546875,398.5873107910156,835.2863159179688,821.6515502929688,886.6758422851562,390.7184753417969,892.8321533203125,823.7531127929688,945.5604858398438,392.8308410644531,950.8826904296875,828.1345825195312,1105.6441650390625,422.9665222167969,1101.547607421875,847.635498046875,1189.4700927734375,426.82781982421875,1181.3277587890625,853.1619262695312,1275.656005859375,428.6893615722656,1264.466064453125,861.9733276367188,1353.8515625,435.064697265625,1339.7135009765625,869.3104858398438,1425.0545654296875,444.5064697265625,1420.4404296875,874.8866577148438,1497.6151123046875,460.23248291015625,1488.584716796875,869.8059692382812
808.9238891601562,476.14434814453125,815.6263427734375,883.76025390625,830.7977905273438,475.24285888671875,835.2169189453125,881.9747314453125,842.0433959960938,471.88079833984375,847.5084228515625,872.2064819335938,814.9805908203125,466.5697021484375,827.5654296875,839.0633544921875,782.2998657226562,441.17852783203125,794.1744995117188,845.0413208007812,761.889404296875,415.760009765625,772.3067626953125,819.7215576171875,774.0028686523438,412.73175048828125,782.8173828125,821.2658081054688,956.6770629882812,527.2512817382812,942.5828857421875,845.3057861328125,939.2705688476562,515.41259765625,943.1734619140625,835.9031372070312,952.6634521484375,489.7937316894531,958.0714721679688,828.0842895507812,966.72705078125,446.4650573730469,979.7283325195312,824.5234375,993.888916015625,432.4951171875,999.8536376953125,845.4771728515625,996.8953247070312,407.10784912109375,1001.6424560546875,833.0150756835938,1022.2931518554688,412.58074951171875,1026.5399169921875,837.3235473632812,615.8998413085938,409.11798095703125,631.6275634765625,847.815185546875,828.2238159179688,398.5294494628906,834.1414184570312,821.7685546875,885.5291137695312,390.7355651855469,891.5905151367188,823.6429443359375,944.3394775390625,392.664306640625,948.7391967773438,829.2901000976562,1103.7633056640625,422.7449645996094,1100.4471435546875,847.93798828125,1188.1051025390625,426.9981994628906,1180.5224609375,853.3780517578125,1275.929931640625,428.8824768066406,1264.563720703125,862.0557861328125,1354.5299072265625,435.1303405761719,1338.091796875,869.3579711914062,1425.3621826171875,444.501708984375,1417.4730224609375,874.4502563476562,1496.823486328125,460.0350036621094,1487.7584228515625,869.8276977539062
810.227294921875,476.152587890625,816.7821044921875,883.6986083984375,830.797607421875,475.1878356933594,835.2281494140625,881.895263671875,841.8662109375,471.8551330566406,847.5110473632812,871.9444580078125,814.2564697265625,466.77899169921875,826.8131103515625,839.5682983398438,781.6624755859375,441.2793884277344,792.5812377929688,845.2645874023438,761.14111328125,415.9699401855469,770.4691162109375,819.9447021484375,773.1824340820312,412.896728515625,782.1575317382812,821.2457275390625,944.897216796875,524.6117553710938,926.1587524414062,842.92529296875,930.9439697265625,509.78558349609375,937.4697265625,835.5821533203125,946.1758422851562,486.2931213378906,955.7096557617188,830.7930908203125,964.1043090820312,446.4134826660156,978.5364990234375,825.0381469726562,992.7857055664062,432.37091064453125,998.7645874023438,846.0051879882812,995.4097900390625,407.0003662109375,1000.662841796875,832.7890625,1021.0153198242188,412.2724914550781,1024.8145751953125,837.35986328125,615.3345336914062,409.2377014160156,630.8389892578125,848.5230712890625,827.1381225585938,398.6510314941406,833.23876953125,821.8710327148438,885.130126953125,390.89337158203125,889.2688598632812,822.9581298828125,943.2506103515625,392.96514892578125,947.7139282226562,829.4932250976562,1103.070556640625,422.66864013671875,1099.10498046875,847.9815063476562,1187.373291015625,426.9823303222656,1178.2374267578125,853.4146118164062,1277.589111328125,428.8498229980469,1260.952880859375,861.63134765625,1356.1478271484375,435.3210144042969,1337.4696044921875,869.356201171875,1425.5985107421875,444.394775390625,1415.33740234375,874.153076171875,1496.7391357421875,459.91558837890625,1486.8984375,869.788818359375
810.3593139648438,476.3251037597656,815.686279296875,883.7786254882812,830.9134521484375,475.1544494628906,835.3045043945312,881.9716796875,841.7012939453125,471.8145446777344,847.4404296875,871.9712524414062,813.4842529296875,466.8934020996094,826.6715698242188,840.4884033203125,780.8388061523438,441.3486328125,792.4149169921875,845.9509887695312,760.8001098632812,415.8451843261719,770.7916870117188,820.3753051757812,772.7366943359375,412.7743225097656,782.380126953125,821.7466430664062,931.0830078125,524.3983764648438,924.0361938476562,845.543212890625,922.57470703125,505.46063232421875,930.5282592773438,835.0216064453125,938.5625,485.09088134765625,947.2376098632812,828.684326171875,962.0752563476562,446.3821105957031,975.3790893554688,825.1876831054688,992.9187622070312,432.2359619140625,997.014892578125,846.5003051757812,994.335693359375,406.3409118652344,999.8872680664062,832.995361328125,1019.445556640625,411.6521301269531,1024.8426513671875,837.0609130859375,614.4985961914062,409.5355224609375,629.8925170898438,849.1751098632812,826.6080322265625,398.54913330078125,834.0567016601562,822.3704223632812,883.8202514648438,390.43048095703125,889.0885620117188,823.2084350585938,942.4444580078125,392.4167175292969,948.22119140625,830.1101684570312,1102.766845703125,422.67877197265625,1098.5201416015625,848.005859375,1187.1842041015625,427.0357360839844,1178.6571044921875,853.6407470703125,1275.643798828125,428.8092041015625,1263.0909423828125,862.4917602539062,1353.75830078125,434.8372802734375,1338.0474853515625,869.396240234375,1424.4053955078125,444.48565673828125,1388.240478515625,872.3262939453125,1495.7520751953125,459.8634033203125,1485.8829345703125,869.8548583984375
810.18359375,476.2108459472656,815.802001953125,883.782958984375,830.795654296875,475.3092956542969,835.4113159179688,882.0018310546875,841.4322509765625,471.9027099609375,847.2169189453125,871.93408203125,812.8104248046875,466.8507080078125,824.56494140625,840.8768920898438,779.9320068359375,441.5426025390625,790.5615844726562,847.0125732421875,760.003662109375,414.4115905761719,769.3861083984375,820.7900390625,772.1403198242188,413.3996276855469,780.5213012695312,822.1780395507812,917.6580810546875,518.7742919921875,914.4639282226562,846.3505249023438,916.1516723632812,500.5646667480469,922.6273193359375,835.3211059570312,935.938720703125,481.7351379394531,944.1527709960938,829.6239013671875,959.0234985351562,445.3874816894531,972.5670776367188,828.26953125,992.3497314453125,431.5547180175781,996.3419799804688,847.6007690429688,993.201416015625,405.5655822753906,999.3587646484375,832.9511108398438,1018.0184326171875,411.4344482421875,1025.1629638671875,836.8267822265625,613.4912719726562,409.7306823730469,628.9703369140625,849.72119140625,826.1890869140625,398.9850158691406,832.2861938476562,822.4432983398438,883.2034301757812,390.4993896484375,888.4564208984375,824.04443359375,941.6800537109375,392.3253173828125,946.8870239257812,830.2437133789062,1102.357177734375,423.1125183105469,1098.0284423828125,848.2122192382812,1186.5128173828125,426.9935607910156,1174.953125,854.135009765625,1276.0989990234375,429.04827880859375,1258.7646484375,862.278076171875,1354.207275390625,434.9754638671875,1334.7989501953125,868.8917846679688,1423.6739501953125,444.4449768066406,1412.8656005859375,874.3635864257812,1494.8974609375,459.6989440917969,1484.4322509765625,869.7265625
810.6129150390625,476.3774719238281,817.0776977539062,883.7991943359375,830.9035034179688,475.4449157714844,835.4795532226562,882.0426025390625,841.1835327148438,471.8934020996094,847.2371215820312,872.1094970703125,812.4724731445312,467.12548828125,824.5914916992188,841.643310546875,779.0745239257812,441.68414306640625,790.196044921875,847.589599609375,759.3926391601562,414.24017333984375,769.0420532226562,821.232666015625,771.4790649414062,413.3136291503906,780.189697265625,822.5548095703125,909.4981689453125,515.9808349609375,906.6968994140625,848.8140258789062,910.6653442382812,494.3018798828125,917.4260864257812,836.5684814453125,932.3651123046875,479.63665771484375,940.3287963867188,831.3682250976562,956.671630859375,446.306396484375,968.879150390625,824.2078247070312,991.3441162109375,430.75640869140625,994.882080078125,847.9976196289062,993.0274047851562,404.7704772949219,997.91259765625,832.4971923828125,1017.2249755859375,411.18780517578125,1023.3125610351562,836.50732421875,612.6354370117188,410.003173828125,628.280029296875,850.2017211914062,825.646484375,398.6214599609375,831.83203125,822.5202026367188,882.6474609375,390.1859436035156,888.9270629882812,824.298095703125,940.9420776367188,391.69329833984375,946.6333618164062,828.0849609375,1100.138916015625,423.0103454589844,1095.3900146484375,847.889404296875,1185.5986328125,427.3407897949219,1173.8843994140625,854.1666870117188,1275.7001953125,428.88177490234375,1257.417724609375,861.9935913085938,1354.3126220703125,435.0433349609375,1334.775634765625,869.1528930664062,1423.0810546875,444.3792724609375,1412.4044189453125,874.3004760742188,1493.8741455078125,459.6397399902344,1483.328369140625,869.4939575195312
810.30859375,476.3152770996094,815.967041015625,883.9171142578125,830.8843994140625,475.2969665527344,835.6676635742188,882.034423828125,841.61865234375,471.1589050292969,847.3273315429688,872.2335815429688,812.1819458007812,467.40606689453125,824.8011474609375,842.3192749023438,778.435302734375,441.9440002441406,790.1777954101562,848.2330932617188,758.674560546875,414.2825622558594,769.5327758789062,821.7640991210938,770.7090454101562,413.42559814453125,780.7579345703125,822.99072265625,899.4257202148438,511.78216552734375,896.8914794921875,852.9990234375,904.719970703125,491.00518798828125,910.8656005859375,837.654541015625,928.6032104492188,477.1864929199219,932.2960205078125,832.7455444335938,955.1293334960938,445.95806884765625,965.5157470703125,825.70068359375,991.171630859375,430.45806884765625,993.3311157226562,847.9942016601562,992.4864501953125,404.85455322265625,996.5302124023438,832.19921875,1016.929443359375,411.30450439453125,1021.4940795898438,836.50439453125,612.0336303710938,410.0480041503906,627.5382690429688,850.65283203125,825.546875,398.6725769042969,832.09423828125,822.9694213867188,882.2262573242188,390.2097473144531,889.1241455078125,824.3865356445312,940.6463012695312,391.54473876953125,948.0307006835938,827.785888671875,1100.34912109375,423.1290283203125,1093.2730712890625,847.6690673828125,1185.548828125,427.2997741699219,1173.9761962890625,854.409912109375,1276.118408203125,428.8233337402344,1257.3958740234375,861.84521484375,1355.4771728515625,435.315185546875,1334.3082275390625,869.1644287109375,1422.5274658203125,444.34698486328125,1411.7254638671875,874.2840576171875,1492.598876953125,459.4417419433594,1482.7958984375,869.4574584960938
810.4039306640625,476.04150390625,815.8768920898438,883.7467651367188,830.9234008789062,475.21783447265625,835.6092529296875,882.052001953125,841.658447265625,471.2912292480469,847.4885864257812,872.3801879882812,811.7874755859375,467.7588806152344,824.1657104492188,842.8234252929688,777.8809814453125,442.1346740722656,789.5950927734375,848.365478515625,757.9073486328125,414.1990966796875,769.0736083984375,822.18994140625,769.936279296875,413.47772216796875,780.3286743164062,823.3917846679688,889.6491088867188,506.2276306152344,890.7736206054688,851.914306640625,898.4407348632812,489.4986267089844,906.6590576171875,839.1018676757812,925.4768676757812,476.00421142578125,930.1563720703125,834.3919677734375,953.9967041015625,446.05645751953125,962.4690551757812,828.6982421875,990.0624389648438,430.53533935546875,993.0147705078125,848.5897827148438,991.8568725585938,404.9640197753906,996.0991821289062,832.2277221679688,1015.9386596679688,411.5784912109375,1021.26025390625,836.9727172851562,611.3287963867188,410.1351013183594,626.645751953125,850.97900390625,824.6068115234375,398.7010803222656,831.0726928710938,823.1544189453125,881.4951171875,389.98052978515625,887.5480346679688,824.1453857421875,939.784423828125,390.962158203125,947.6727294921875,828.3411865234375,1100.3057861328125,423.2412109375,1092.8134765625,847.7489624023438,1186.134765625,427.0608825683594,1173.88623046875,854.3456420898438,1276.3101806640625,428.89178466796875,1257.508544921875,861.854248046875,1354.0133056640625,434.74169921875,1333.6727294921875,869.0979614257812,1421.389892578125,444.1629333496094,1411.952392578125,874.39111328125,1491.455078125,459.4927978515625,1482.181396484375,869.4581909179688
810.2390747070312,476.24212646484375,815.9537963867188,883.9199829101562,831.0261840820312,475.31500244140625,835.8204345703125,881.9168701171875,841.4111328125,471.5198669433594,847.3302612304688,872.674072265625,811.3938598632812,467.9119567871094,823.6654663085938,843.193115234375,776.6482543945312,442.4078369140625,788.5983276367188,848.6162109375,757.1718139648438,414.1205749511719,767.7879028320312,822.3875732421875,768.8681640625,413.29754638671875,779.4542236328125,823.5689086914062,882.3592529296875,504.7489318847656,881.9508056640625,853.8344116210938,894.3533935546875,487.54180908203125,902.6300048828125,839.9585571289062,920.5003051757812,475.5508117675781,928.08056640625,835.829833984375,951.8156127929688,447.0481872558594,960.2451782226562,829.31494140625,989.21337890625,430.7471008300781,992.017822265625,848.7820434570312,990.9301147460938,404.8921203613281,996.2025146484375,831.9702758789062,1015.2353515625,412.33795166015625,1020.3930053710938,837.3135375976562,610.5819091796875,410.054443359375,625.9910888671875,851.5355834960938,823.99169921875,398.64208984375,831.1311645507812,823.6593017578125,881.2662353515625,389.9546813964844,890.6643676757812,825.205810546875,939.2933349609375,390.9215393066406,949.2205810546875,828.0399169921875,1098.875244140625,423.066162109375,1091.6171875,847.6906127929688,1185.4393310546875,426.93548583984375,1172.59521484375,854.1622314453125,1274.9481201171875,428.79058837890625,1255.518798828125,862.4491577148438,1348.3717041015625,434.06988525390625,1333.7509765625,869.1650390625,1420.1856689453125,443.9507751464844,1411.44677734375,874.5451049804688,1490.633056640625,459.603271484375,1481.6065673828125,869.3233642578125
809.9959716796875,476.1448059082031,816.228515625,883.8552856445312,831.0515747070312,475.230712890625,836.1109619140625,881.9910888671875,841.2996826171875,471.2662658691406,846.4168090820312,872.2967529296875,810.8724975585938,467.91888427734375,821.4534301757812,843.5418701171875,776.0424194335938,442.4880065917969,786.6614379882812,848.9395141601562,756.6741943359375,414.2818298339844,766.815185546875,823.611572265625,768.283935546875,413.4482421875,777.00048828125,823.9415283203125,875.6947021484375,503.09783935546875,873.7938842773438,851.5645141601562,891.584716796875,486.2068176269531,898.85693359375,841.2243041992188,916.654052734375,474.0975341796875,924.8491821289062,838.7388916015625,949.8594970703125,447.861328125,957.7409057617188,831.8470458984375,988.6580810546875,431.03594970703125,991.1980590820312,848.4065551757812,990.6926879882812,404.61907958984375,995.9964599609375,831.6917724609375,1014.8695678710938,412.0893249511719,1019.2884521484375,836.8247680664062,609.7261962890625,410.1149597167969,625.1952514648438,851.8851318359375,823.3660278320312,398.0706481933594,829.3477172851562,824.220703125,880.6006469726562,389.84832763671875,887.5786743164062,824.3687133789062,938.4881591796875,390.9115905761719,949.1129760742188,829.4329833984375,1097.9732666015625,423.3402404785156,1091.2410888671875,847.65625,1184.2742919921875,427.025634765625,1172.5997314453125,854.1531372070312,1272.9718017578125,428.41790771484375,1256.5057373046875,861.6444702148438,1348.132568359375,433.9180908203125,1333.369873046875,869.2340698242188,1419.258056640625,443.7612609863281,1411.578125,874.4067993164062,1489.4815673828125,459.6811828613281,1480.465087890625,869.1784057617188
809.5453491210938,475.810791015625,816.1025390625,883.9735107421875,831.0869140625,475.3368835449219,836.159912109375,881.8932495117188,841.0592041015625,470.7129211425781,846.2874145507812,872.3365478515625,810.1326904296875,468.0639343261719,821.1626586914062,843.6593017578125,775.1616821289062,442.6483154296875,786.6324462890625,849.4632568359375,755.6542358398438,413.95556640625,766.2027587890625,824.0225830078125,767.0873413085938,413.229736328125,777.440185546875,824.3218994140625,868.49951171875,498.92645263671875,871.7420654296875,850.3120727539062,888.1676025390625,486.16357421875,897.419921875,842.8898315429688,914.8990478515625,474.2156677246094,926.5260620117188,843.4737548828125,949.2308349609375,448.4285583496094,955.4760131835938,833.5167236328125,987.869873046875,431.28076171875,989.8186645507812,848.294677734375,991.8468017578125,405.0331726074219,995.3258666992188,831.6305541992188,1014.26953125,412.24530029296875,1017.2062377929688,836.3876342773438,609.0228881835938,409.890625,624.4346313476562,852.1963500976562,822.8703002929688,398.01385498046875,830.7581176757812,823.90380859375,879.911376953125,389.7852478027344,889.669189453125,825.9338989257812,937.7314453125,390.7631530761719,947.2340698242188,829.2607421875,1096.560791015625,423.29412841796875,1090.1881103515625,847.7123413085938,1184.0662841796875,427.1424255371094,1171.296142578125,854.1203002929688,1273.0400390625,428.4978332519531,1255.322998046875,862.0732421875,1352.8896484375,434.4700622558594,1325.2406005859375,867.7203369140625,1418.7371826171875,443.6748046875,1410.49267578125,874.1903076171875,1488.3858642578125,459.7832336425781,1479.3258056640625,868.9436645507812
809.437744140625,475.9610595703125,816.2900390625,883.8740234375,831.1614379882812,475.47796630859375,836.1760864257812,881.8973999023438,840.9366455078125,470.453125,845.927734375,872.6216430664062,809.597412109375,468.08575439453125,819.799560546875,844.041748046875,774.1670532226562,442.7811279296875,786.028076171875,850.0336303710938,754.7059936523438,414.0678405761719,766.867919921875,824.4043579101562,766.207763671875,413.3930969238281,777.2991943359375,824.678466796875,866.9171142578125,494.3914794921875,869.3582153320312,851.1669921875,886.2210693359375,485.0264587402344,893.0338134765625,844.7810668945312,913.3568115234375,474.0928955078125,924.2066040039062,845.5292358398438,948.6245727539062,448.9430236816406,955.9837036132812,831.6463012695312,986.817626953125,432.17218017578125,990.208251953125,850.1214599609375,990.9383544921875,404.4205017089844,996.9509887695312,832.4694213867188,1013.8744506835938,411.8586730957031,1019.595703125,836.994140625,608.3945922851562,409.904296875,623.6423950195312,852.6825561523438,821.730224609375,397.78704833984375,830.9815673828125,823.9649047851562,878.2792358398438,390.3248291015625,888.8950805664062,825.238525390625,938.2235107421875,390.0596008300781,948.5111083984375,829.1097412109375,1096.2310791015625,423.20611572265625,1090.96728515625,847.7491455078125,1183.078369140625,427.1955261230469,1171.8392333984375,854.3486938476562,1268.709716796875,428.4920959472656,1255.0328369140625,861.9713745117188,1349.03857421875,434.14892578125,1324.6824951171875,867.6039428710938,1418.2607421875,443.6478271484375,1410.06005859375,874.177978515625,1487.4453125,459.5145568847656,1478.7401123046875,869.1746826171875
809.03515625,475.7496643066406,816.1170654296875,883.5388793945312,830.9241943359375,475.2755126953125,835.7760009765625,882.3649291992188,840.8856811523438,470.3168640136719,845.956298828125,873.2825317382812,808.3770141601562,467.71124267578125,819.091552734375,844.5165405273438,773.054443359375,442.42333984375,785.1715087890625,850.20751953125,754.3848266601562,415.8014221191406,765.7597045898438,824.7899780273438,764.95654296875,413.1247253417969,776.4148559570312,825.2068481445312,861.3294067382812,491.74822998046875,865.69189453125,852.5482177734375,883.9849243164062,484.5747985839844,891.212158203125,848.4939575195312,912.15283203125,474.7663269042969,918.2652587890625,847.9849243164062,948.0408935546875,449.8756408691406,954.1697998046875,835.0609130859375,986.2659912109375,432.7327880859375,990.3015747070312,851.376708984375,990.3062133789062,404.19775390625,997.3546752929688,833.3087158203125,1013.076416015625,411.6725769042969,1019.923583984375,836.7952880859375,607.4924926757812,409.9299011230469,622.9190673828125,853.2332153320312,821.1900634765625,397.58758544921875,830.8306884765625,824.1687622070312,877.728515625,390.37652587890625,891.4979248046875,826.2758178710938,937.8474731445312,390.0700378417969,948.4777221679688,828.7908325195312,1094.64404296875,422.78863525390625,1091.5577392578125,847.951171875,1180.7093505859375,426.5306396484375,1171.071044921875,854.4401245117188,1268.021240234375,428.4364929199219,1253.9017333984375,861.7964477539062,1348.3519287109375,434.0650939941406,1333.2208251953125,869.6954956054688,1417.2921142578125,443.54901123046875,1410.7078857421875,874.2139892578125,1486.5108642578125,459.7221984863281,1477.70166015625,869.004150390625
808.888671875,475.8058776855469,816.4009399414062,883.550048828125,830.3978271484375,475.00750732421875,835.8505859375,882.5489501953125,840.9918823242188,470.06903076171875,846.5200805664062,873.8115234375,808.1111450195312,467.99127197265625,819.1361083984375,845.4607543945312,772.2816772460938,442.2222595214844,784.8261108398438,850.8067016601562,753.612060546875,415.15521240234375,765.413330078125,825.2161254882812,764.0126953125,412.7746887207031,775.7277221679688,825.6657104492188,858.561279296875,489.5078125,864.9791259765625,857.855712890625,881.550537109375,484.8705749511719,890.3081665039062,855.1535034179688,910.2966918945312,475.15924072265625,916.5357666015625,852.8204956054688,947.0821533203125,450.78485107421875,950.7320556640625,837.7324829101562,985.987060546875,432.7393798828125,987.37939453125,851.5274047851562,989.7161865234375,403.9665222167969,996.2797241210938,833.4171142578125,1012.8670654296875,411.1452331542969,1018.068115234375,836.457275390625,606.7653198242188,409.56036376953125,623.1270141601562,853.195556640625,820.400390625,397.55291748046875,830.7772827148438,824.5391845703125,877.0811157226562,390.2500915527344,893.2598876953125,825.9841918945312,937.22802734375,389.9247131347656,948.298095703125,828.4308471679688,1094.69580078125,422.8394470214844,1091.7620849609375,847.8230590820312,1179.791259765625,426.51483154296875,1170.3341064453125,854.6901245117188,1265.728759765625,428.3407287597656,1253.197021484375,861.7200927734375,1346.0380859375,433.8713073730469,1325.3914794921875,868.0553588867188,1416.43994140625,443.50213623046875,1409.854248046875,874.060546875,1485.729248046875,459.7749328613281,1477.235595703125,869.1156005859375
808.908203125,476.0357971191406,816.872314453125,883.5313110351562,830.3680419921875,474.8521728515625,836.2424926757812,882.4573364257812,840.842529296875,469.8148498535156,846.5741577148438,873.2064208984375,807.5993041992188,467.85986328125,818.35009765625,845.8319702148438,771.6918334960938,441.9443359375,783.6983642578125,851.1447143554688,753.0252685546875,415.04180908203125,762.4556274414062,825.0001220703125,763.1365966796875,412.80267333984375,773.4478759765625,825.839599609375,857.6964111328125,489.5474853515625,859.722412109375,862.3056030273438,881.5528564453125,484.930908203125,883.6547241210938,861.2508544921875,910.6592407226562,475.7649230957031,910.2349853515625,859.3319091796875,947.0721435546875,451.7205810546875,947.4254150390625,838.6364135742188,985.96240234375,432.4343566894531,984.73828125,850.1970825195312,989.1644897460938,403.9192810058594,995.5262451171875,833.2288818359375,1012.3919067382812,411.1554870605469,1017.998291015625,836.6484375,606.3194580078125,409.10516357421875,622.4904174804688,853.5398559570312,819.6077270507812,397.4184875488281,829.0383911132812,825.1976928710938,876.5853881835938,390.31951904296875,891.6173095703125,825.9430541992188,936.829345703125,389.6638488769531,943.0926513671875,828.3837890625,1093.9989013671875,422.8962707519531,1092.7998046875,848.3865966796875,1178.0479736328125,426.3670959472656,1170.395263671875,855.1802978515625,1265.7816162109375,428.3459167480469,1252.6778564453125,861.7473754882812,1343.457763671875,434.4406433105469,1325.4302978515625,868.466796875,1413.79052734375,443.24273681640625,1409.4569091796875,874.0540161132812,1485.2442626953125,459.97784423828125,1476.6212158203125,868.9940795898438
808.807861328125,475.9164123535156,816.8182983398438,883.5800170898438,830.304443359375,474.80462646484375,836.2723999023438,882.4072265625,840.6420288085938,469.9853210449219,845.9157104492188,872.7354736328125,807.0841064453125,468.0158386230469,818.1461181640625,845.3818969726562,771.1741333007812,442.0337829589844,783.1904296875,851.5592651367188,752.5033569335938,414.761962890625,760.9777221679688,825.2338256835938,762.6220703125,412.6217346191406,772.5030517578125,826.0419921875,857.0194702148438,490.3254089355469,859.7642822265625,864.0175170898438,881.7258911132812,485.2404479980469,883.3278198242188,865.3162231445312,910.6256103515625,476.2660217285156,910.4996337890625,862.6282958984375,948.0870361328125,452.47247314453125,946.6840209960938,841.4847412109375,985.210693359375,432.21868896484375,983.6846923828125,850.7368774414062,988.42626953125,403.9253845214844,995.8194580078125,833.4235229492188,1011.38427734375,410.9262390136719,1018.7408447265625,836.869873046875,605.6632080078125,408.9928894042969,621.9510498046875,853.7924194335938,819.3605346679688,397.3533935546875,829.5297241210938,825.3460693359375,876.3855590820312,390.09893798828125,890.7852172851562,825.9439086914062,936.624755859375,389.50518798828125,945.8224487304688,828.7545776367188,1093.0447998046875,422.7080078125,1093.4017333984375,848.5991821289062,1176.9825439453125,426.20416259765625,1169.193115234375,855.3589477539062,1266.0167236328125,428.57763671875,1251.49462890625,861.8978881835938,1342.55908203125,434.15972900390625,1324.550048828125,868.7210693359375,1413.4935302734375,443.280029296875,1409.455810546875,874.1522216796875,1484.6629638671875,460.36505126953125,1476.0975341796875,869.0023803710938
808.5159301757812,475.8644714355469,816.4674682617188,883.73681640625,830.0095825195312,474.7089538574219,836.21923828125,882.62158203125,840.4578247070312,469.9879150390625,846.3531494140625,872.7222900390625,806.5332641601562,467.982177734375,818.7283325195312,845.7086181640625,770.6134033203125,441.88543701171875,783.5913696289062,851.9920043945312,752.0968627929688,414.2618408203125,762.404296875,825.5491943359375,761.9129028320312,412.4442443847656,773.16796875,826.3370361328125,855.5380249023438,491.07232666015625,859.6888427734375,869.5886840820312,881.3368530273438,486.0362243652344,884.3045043945312,869.6192016601562,910.5909423828125,477.2478332519531,911.204345703125,865.56005859375,948.17919921875,453.2480163574219,946.96484375,847.2711181640625,984.7017211914062,432.0341491699219,983.8221435546875,851.9403076171875,987.9671020507812,403.85137939453125,996.58251953125,834.3336791992188,1010.6207885742188,410.5038757324219,1019.059814453125,837.4998779296875,605.1121215820312,408.8478088378906,621.3678588867188,854.0474853515625,818.9324951171875,397.360107421875,832.1167602539062,825.2460327148438,876.2214965820312,390.08782958984375,892.5939331054688,826.2039794921875,936.2925415039062,389.9383850097656,947.6522216796875,829.2191162109375,1093.255615234375,422.62017822265625,1092.0162353515625,849.0021362304688,1177.1959228515625,426.0972595214844,1168.5675048828125,855.5404052734375,1266.2535400390625,428.4555358886719,1250.784912109375,861.95556640625,1342.9398193359375,434.3904113769531,1325.037109375,868.7670288085938,1412.9759521484375,443.3473205566406,1404.13232421875,873.4993286132812,1483.9578857421875,460.42352294921875,1475.47607421875,868.7611694335938
808.2860717773438,475.74017333984375,816.8489379882812,883.96337890625,829.9122924804688,474.6835021972656,836.4710693359375,882.1409301757812,840.2279663085938,469.9691162109375,845.4810180664062,871.470947265625,805.9661254882812,467.9703674316406,817.3233032226562,845.9185180664062,770.1031494140625,441.98846435546875,782.4910888671875,852.3414306640625,751.63623046875,414.2095031738281,760.6616821289062,825.7750244140625,761.2860717773438,412.33587646484375,772.2852172851562,826.5340576171875,854.94775390625,490.4956970214844,866.9840087890625,876.9520874023438,881.7542114257812,486.43017578125,888.4589233398438,874.0565795898438,910.54296875,477.9494323730469,916.44921875,869.4424438476562,947.6670532226562,454.1474609375,945.2366333007812,848.1543579101562,983.9674072265625,432.1457824707031,982.6025390625,853.0691528320312,987.2584228515625,403.750732421875,992.1814575195312,834.2496948242188,1010.0707397460938,410.2895812988281,1014.5383911132812,838.07763671875,604.6761474609375,408.89752197265625,620.902099609375,854.3070678710938,818.2318725585938,397.5039978027344,829.005126953125,825.7604370117188,875.59033203125,390.00701904296875,885.8539428710938,826.4555053710938,935.6444091796875,389.7409362792969,942.671142578125,829.6265258789062,1093.2794189453125,422.60498046875,1091.2349853515625,849.1104736328125,1177.177978515625,426.0606689453125,1168.004638671875,855.3995971679688,1265.927490234375,428.658447265625,1250.2061767578125,862.2236938476562,1341.7744140625,434.25146484375,1323.7900390625,868.9467163085938,1412.645751953125,443.3300476074219,1408.1605224609375,873.9852294921875,1483.6719970703125,460.45050048828125,1475.1678466796875,868.9581909179688
808.2040405273438,475.42486572265625,816.7147827148438,883.9144287109375,829.9098510742188,474.9476013183594,836.611328125,882.2154541015625,839.5482177734375,469.9679870605469,845.4404907226562,870.9374389648438,805.3529052734375,467.9460754394531,816.0697021484375,846.28173828125,769.6414794921875,441.9636535644531,782.0344848632812,852.8736572265625,751.4669189453125,414.1174621582031,760.4256591796875,825.9662475585938,760.6949462890625,412.3414001464844,772.0298461914062,826.7919921875,855.2587890625,491.0243225097656,860.8535766601562,881.8410034179688,882.1279907226562,486.9679870605469,885.9495849609375,880.096923828125,910.5984497070312,478.8517761230469,911.0653686523438,874.8712158203125,947.5701904296875,454.55291748046875,944.9246826171875,851.9996337890625,983.9059448242188,431.890380859375,983.4237060546875,854.7162475585938,986.9146728515625,403.8855285644531,993.1735229492188,834.7171020507812,1009.805419921875,410.2735290527344,1016.5125122070312,838.6599731445312,604.0783081054688,408.1807861328125,620.311279296875,854.3074951171875,818.0819091796875,397.3548889160156,827.4466552734375,826.0125732421875,875.52490234375,390.054443359375,885.4776611328125,826.6870727539062,935.64501953125,389.97149658203125,941.86328125,830.4535522460938,1093.7177734375,422.5129089355469,1091.453125,849.261962890625,1178.2451171875,425.8194885253906,1230.59130859375,860.9608764648438,1267.147705078125,428.6924743652344,1249.4583740234375,862.0951538085938,1346.7813720703125,434.2131652832031,1322.69482421875,868.95751953125,1412.8829345703125,443.4935607910156,1408.696533203125,873.9722900390625,1483.224609375,460.5267639160156,1474.693115234375,869.0918579101562
808.0369262695312,475.26953125,816.9652099609375,884.0634765625,829.7298583984375,474.85113525390625,836.6946411132812,882.242919921875,839.1875610351562,469.9778137207031,845.4595947265625,870.6668090820312,804.9474487304688,467.95733642578125,815.7008056640625,846.4483032226562,769.15185546875,441.9241943359375,781.7921752929688,853.0404663085938,750.927978515625,413.9768981933594,758.85205078125,825.9639282226562,760.1561279296875,412.1408996582031,770.5889282226562,826.96630859375,855.7111206054688,490.8034973144531,861.6629028320312,883.7677001953125,883.1134033203125,487.2874450683594,887.8580932617188,881.785400390625,910.9716796875,479.8612060546875,912.1471557617188,878.1362915039062,947.3963623046875,455.14990234375,945.3521728515625,853.9599609375,983.5697021484375,431.2035827636719,983.6475830078125,855.1389770507812,986.7984619140625,403.8923645019531,992.7410278320312,834.961669921875,1009.2500610351562,410.3240051269531,1016.3020629882812,838.9592895507812,603.6439208984375,407.4741516113281,619.8140869140625,854.1326904296875,817.474365234375,397.4519348144531,827.1727294921875,826.5790405273438,875.28125,390.2298583984375,884.1279907226562,826.8513793945312,935.3975830078125,390.0889892578125,941.0162353515625,830.6851196289062,1093.46826171875,422.315673828125,1091.6558837890625,849.4827270507812,1176.9510498046875,425.63555908203125,1230.690185546875,861.072021484375,1266.09326171875,428.5740051269531,1247.01953125,862.10107421875,1342.6378173828125,434.4582824707031,1322.8153076171875,868.9390258789062,1412.28662109375,443.5827941894531,1408.4180908203125,873.6722412109375,1482.9981689453125,460.8276062011719,1474.2388916015625,869.123779296875
807.8992309570312,475.3321228027344,817.1693725585938,884.0210571289062,829.5916748046875,474.8798828125,836.8092041015625,882.240966796875,838.8392333984375,469.95660400390625,845.254150390625,870.5931396484375,804.4757080078125,467.9355773925781,815.2593383789062,847.2278442382812,768.663330078125,441.9951171875,781.5740356445312,853.3594970703125,750.6834716796875,413.56341552734375,758.18017578125,826.2142333984375,759.97802734375,411.85296630859375,770.1358032226562,827.2884521484375,855.4788818359375,490.7163391113281,862.6925048828125,882.8331298828125,882.9088134765625,487.1148681640625,887.8598022460938,881.7841186523438,910.8125610351562,479.6101989746094,912.9692993164062,878.0460205078125,947.1885986328125,454.64300537109375,945.3578491210938,853.2408447265625,982.9315185546875,431.22900390625,983.3008422851562,854.7373046875,986.449462890625,403.9567565917969,994.0304565429688,835.410888671875,1008.9701538085938,410.5065612792969,1016.6777954101562,839.3224487304688,603.1963500976562,406.82470703125,619.470947265625,853.8255615234375,817.4262084960938,397.4273681640625,827.8317260742188,826.80517578125,875.0643920898438,390.3939514160156,884.261962890625,826.9965209960938,935.1624145507812,389.9851989746094,941.517333984375,831.0296020507812,1092.695556640625,422.1654052734375,1092.1419677734375,849.9697875976562,1177.5185546875,425.4027404785156,1231.2694091796875,861.35009765625,1265.9705810546875,428.35357666015625,1245.3106689453125,862.1028442382812,1346.6844482421875,434.20770263671875,1322.0892333984375,869.3685913085938,1412.1978759765625,443.7159423828125,1408.83935546875,873.4961547851562,1482.461181640625,460.9157409667969,1473.5555419921875,868.333251953125
808.1884765625,475.1482849121094,817.0317993164062,884.0084838867188,829.6211547851562,474.95330810546875,836.54296875,882.2565307617188,838.6491088867188,469.8706970214844,845.04150390625,870.687255859375,804.478515625,467.92535400390625,815.3521118164062,846.9432373046875,768.1484375,442.1473693847656,781.2171630859375,853.0623168945312,750.3126831054688,413.16473388671875,757.7213134765625,826.2879638671875,760.9800415039062,411.7403259277344,769.5044555664062,827.28125,855.4436645507812,490.8044128417969,862.7503662109375,883.0291137695312,882.8281860351562,487.2131042480469,888.06982421875,881.9159545898438,910.6669921875,479.77386474609375,913.7952880859375,877.8880615234375,946.3264770507812,454.54998779296875,945.4089965820312,852.365234375,982.2944946289062,431.2656555175781,983.9378662109375,853.9337768554688,985.937744140625,403.8430480957031,994.0764770507812,835.4813842773438,1008.7511596679688,409.950927734375,1018.8346557617188,838.356689453125,602.8152465820312,406.18084716796875,619.0553588867188,853.6069946289062,816.9434814453125,397.5724792480469,826.9644165039062,826.8897705078125,874.675537109375,390.1686096191406,883.4015502929688,827.1263427734375,934.8622436523438,389.7154235839844,941.4130859375,831.2216796875,1091.9393310546875,421.9139404296875,1092.2999267578125,850.1863403320312,1175.8994140625,425.1681823730469,1230.4552001953125,861.5046997070312,1264.5667724609375,428.18084716796875,1245.00927734375,862.3795776367188,1341.7088623046875,434.013671875,1321.8389892578125,869.4132690429688,1411.4329833984375,443.6732177734375,1399.2596435546875,872.5765380859375,1481.8363037109375,460.8821716308594,1473.0704345703125,867.6212768554688
807.9728393554688,474.9820251464844,816.83154296875,884.0285034179688,829.6494750976562,474.8885498046875,836.3880615234375,882.2274169921875,838.6685180664062,469.91400146484375,844.7919921875,870.760498046875,803.9391479492188,467.7396545410156,815.10546875,847.1356811523438,767.8461303710938,441.8861083984375,780.7733764648438,852.8854370117188,750.0067138671875,412.8683776855469,757.3256225585938,826.3533935546875,760.8316040039062,411.53082275390625,769.237548828125,827.344482421875,855.5074462890625,490.82574462890625,862.7136840820312,883.0641479492188,882.931640625,487.37725830078125,888.1818237304688,881.9385986328125,910.7828979492188,479.8704528808594,913.801513671875,878.020751953125,945.9342041015625,454.4643249511719,945.025634765625,852.2472534179688,981.791748046875,431.2358093261719,984.0513305664062,853.8310546875,985.3268432617188,403.920166015625,993.6576538085938,835.2277221679688,1008.3504028320312,410.1913757324219,1018.5696411132812,837.9270629882812,602.2786865234375,405.7819519042969,618.7086181640625,853.6402587890625,816.7882080078125,397.7563171386719,826.1839599609375,827.130615234375,874.0919799804688,390.16375732421875,883.3052368164062,827.2053833007812,934.2719116210938,389.7268371582031,940.7599487304688,831.1898803710938,1091.435791015625,421.6718444824219,1092.915283203125,849.8614501953125,1173.8492431640625,425.2165222167969,1229.92333984375,862.248779296875,1264.2926025390625,427.94427490234375,1246.9578857421875,862.2872314453125,1341.6834716796875,433.9418640136719,1321.6060791015625,869.4199829101562,1411.2901611328125,443.7084045410156,1398.742919921875,872.6492919921875,1481.4442138671875,460.8384704589844,1472.4013671875,867.3328247070312
807.9680786132812,474.8150939941406,817.0079956054688,884.149658203125,829.8436889648438,474.7497253417969,836.3766479492188,882.4993896484375,838.58544921875,469.97149658203125,844.7257080078125,871.19580078125,803.4494018554688,467.9092102050781,815.1907958984375,847.65283203125,766.927490234375,441.4151306152344,780.5697631835938,852.8153076171875,749.513427734375,412.7388000488281,756.800537109375,826.3386840820312,760.4647827148438,411.3720397949219,768.8074951171875,827.3649291992188,855.5520629882812,490.80584716796875,862.5355224609375,882.7994995117188,882.9204711914062,487.5426330566406,888.1068115234375,882.052490234375,910.693603515625,480.0606384277344,913.7587890625,878.1651000976562,945.12890625,454.3599548339844,945.00927734375,851.3656616210938,980.9840087890625,431.2661437988281,984.197998046875,853.8107299804688,983.5758056640625,403.9560241699219,992.7837524414062,835.122314453125,1007.89599609375,410.12152099609375,1016.5250244140625,838.7274780273438,601.7788696289062,405.41845703125,618.0604858398438,853.9117431640625,816.0722045898438,397.5853271484375,824.98828125,827.256103515625,873.3273315429688,390.1271057128906,882.269287109375,827.1253662109375,933.956298828125,389.8453674316406,940.1411743164062,830.9295043945312,1090.474853515625,421.53857421875,1092.253173828125,849.4483642578125,1173.0660400390625,425.11358642578125,1229.95068359375,861.3912353515625,1262.3916015625,427.5263366699219,1247.793212890625,861.8652954101562,1340.5966796875,433.7003173828125,1320.9256591796875,869.03515625,1410.50439453125,443.4980773925781,1397.566162109375,872.6200561523438,1480.921630859375,460.7669982910156,1472.099365234375,867.678955078125
807.7495727539062,474.9235534667969,817.2982177734375,884.2647094726562,829.8069458007812,474.7550964355469,836.3651123046875,882.777099609375,838.2015380859375,469.994384765625,844.462646484375,871.4410400390625,802.757080078125,468.1862487792969,814.8043823242188,849.0140991210938,766.7584228515625,441.4137268066406,779.2559204101562,852.9286499023438,748.7723999023438,412.7860412597656,755.7622680664062,826.2040405273438,759.9998168945312,411.445556640625,767.6351928710938,827.3067626953125,855.6604614257812,490.48553466796875,862.6755981445312,883.1549682617188,883.047119140625,487.70257568359375,888.3006591796875,882.272705078125,910.7350463867188,480.139892578125,913.62158203125,878.310791015625,944.4027709960938,454.3916015625,943.4076538085938,850.8121948242188,980.0325317382812,431.3736267089844,982.5216064453125,853.7056884765625,982.6866455078125,404.0555114746094,990.2001342773438,834.587890625,1007.0859375,410.2264099121094,1013.9777221679688,838.0619506835938,600.7769775390625,405.0804138183594,617.5574951171875,853.8765258789062,815.5513305664062,397.6075744628906,823.2240600585938,827.2465209960938,872.7554931640625,390.5567321777344,880.6695556640625,826.8607177734375,933.0878295898438,389.95648193359375,938.31591796875,830.7335815429688,1089.328369140625,421.261962890625,1090.7705078125,848.8101806640625,1171.19921875,424.9813232421875,1228.4866943359375,861.2214965820312,1262.326416015625,427.5835266113281,1247.730712890625,861.75927734375,1339.44140625,433.41650390625,1319.1229248046875,867.61083984375,1410.1461181640625,443.4845886230469,1396.3104248046875,872.8650512695312,1480.5155029296875,460.5130920410156,1471.45703125,867.9451293945312
807.5244750976562,474.9915771484375,817.4091796875,884.2535400390625,830.011962890625,474.760986328125,836.4573364257812,882.9156494140625,838.1094970703125,469.7973937988281,844.2460327148438,871.153564453125,802.8746948242188,468.1582946777344,813.3178100585938,849.279296875,766.1925048828125,441.3774719238281,778.1156005859375,854.4332275390625,747.2649536132812,413.56585693359375,753.9258422851562,825.9762573242188,759.2044677734375,411.1318664550781,766.2625732421875,827.1372680664062,855.5565795898438,490.4863586425781,862.8932495117188,883.8648071289062,882.8671264648438,487.8099365234375,888.4241333007812,882.4852905273438,910.6110229492188,480.22039794921875,913.136962890625,878.2850341796875,943.817138671875,454.173095703125,941.9500122070312,849.9985961914062,979.4923706054688,431.5593566894531,980.8377685546875,853.483642578125,981.9843139648438,403.9303894042969,988.039306640625,833.5984497070312,1008.0477905273438,409.94189453125,1012.0501708984375,837.4285278320312,600.1979370117188,404.87384033203125,616.6967163085938,853.8632202148438,814.477783203125,398.05352783203125,820.95751953125,826.2179565429688,871.9002075195312,390.09857177734375,878.7176513671875,827.2867431640625,932.2216186523438,389.5833740234375,937.472900390625,829.458984375,1089.5048828125,421.0567626953125,1089.748291015625,848.3782958984375,1171.6470947265625,425.11248779296875,1164.055908203125,854.04541015625,1264.210693359375,427.7443542480469,1247.0177001953125,861.5822143554688,1341.9229736328125,433.61322021484375,1319.5980224609375,867.5357666015625,1410.2642822265625,443.5337219238281,1395.66259765625,872.7999877929688,1480.6839599609375,460.4775390625,1470.4906005859375,868.007080078125
807.8078002929688,475.1424255371094,817.2227783203125,884.3085327148438,830.0840454101562,474.7410583496094,836.4251098632812,882.9400024414062,837.8724975585938,469.65557861328125,844.114990234375,870.9733276367188,802.9722290039062,468.6942443847656,812.9237060546875,849.1663818359375,766.0882568359375,441.44879150390625,777.3886108398438,854.0938110351562,746.9659423828125,413.6329040527344,753.0479125976562,825.5592041015625,759.246337890625,411.2464294433594,765.4973754882812,826.7568969726562,855.4656982421875,490.3497009277344,863.27978515625,884.2793579101562,882.84619140625,487.8476867675781,888.6290893554688,882.6243896484375,910.439208984375,480.2311096191406,913.3298950195312,878.3621826171875,943.1317749023438,454.0793151855469,942.3027954101562,849.8410034179688,978.5704956054688,431.2376403808594,980.5394287109375,853.3399047851562,981.0574340820312,403.47705078125,986.6343383789062,833.4551391601562,1007.3238525390625,409.89501953125,1010.9883422851562,837.7568359375,599.635498046875,405.05853271484375,615.9761352539062,853.9135131835938,814.394775390625,397.9036560058594,820.0604248046875,826.0359497070312,870.51806640625,389.322021484375,877.706298828125,826.7081298828125,931.5536499023438,389.464599609375,937.2074584960938,829.0287475585938,1087.503173828125,421.11724853515625,1089.2767333984375,848.1558837890625,1171.3328857421875,425.12872314453125,1226.45458984375,861.0213012695312,1263.293212890625,427.6661376953125,1246.391845703125,861.183837890625,1341.8465576171875,433.5334777832031,1317.7530517578125,867.405029296875,1409.90673828125,443.5265197753906,1394.480712890625,872.8291625976562,1480.0850830078125,460.6080017089844,1469.9598388671875,868.1090698242188
808.8163452148438,475.2554016113281,817.162109375,884.2908325195312,830.3841552734375,474.47979736328125,836.335205078125,882.9440307617188,837.2036743164062,469.5570373535156,843.90966796875,870.9976196289062,801.967041015625,468.9986877441406,812.5728149414062,849.0035400390625,765.4075927734375,441.51666259765625,777.2428588867188,853.667236328125,746.44775390625,413.7586364746094,753.0784912109375,825.2192993164062,758.7423706054688,411.1820373535156,765.199951171875,826.4202880859375,855.404541015625,490.291259765625,863.56884765625,884.6991577148438,882.5718383789062,487.8739013671875,888.7286376953125,882.6159057617188,910.1812133789062,480.45404052734375,913.356201171875,878.2001342773438,942.326416015625,454.0169677734375,941.5589599609375,848.5629272460938,977.7477416992188,431.081787109375,979.8138427734375,852.6224975585938,980.394775390625,403.2735290527344,986.9781494140625,833.0436401367188,1006.3479614257812,409.693115234375,1011.3983764648438,837.4920043945312,598.8161010742188,405.1373596191406,615.2731323242188,853.7796630859375,813.635498046875,397.8059387207031,820.0816650390625,825.9102783203125,869.9462280273438,389.2109069824219,878.27734375,826.5424194335938,930.8974609375,388.92486572265625,937.45263671875,828.8251953125,1086.343994140625,421.3232421875,1091.3018798828125,848.587646484375,1170.0159912109375,424.7298583984375,1159.1939697265625,853.8735961914062,1262.22216796875,427.3495178222656,1245.7701416015625,861.1309204101562,1341.0068359375,433.3976745605469,1317.4556884765625,867.5234375,1409.641845703125,443.5624084472656,1394.5963134765625,872.7702026367188,1479.164794921875,460.53155517578125,1468.7974853515625,867.6689453125
809.3363647460938,475.218017578125,817.236083984375,884.118408203125,830.6088256835938,474.3309020996094,836.0964965820312,882.7153930664062,836.53173828125,469.3132629394531,843.3429565429688,870.5128173828125,801.4284057617188,469.2809753417969,811.6275024414062,848.8875122070312,764.7867431640625,441.6398010253906,776.9223022460938,853.2032470703125,745.7744750976562,414.1075439453125,753.140869140625,825.093505859375,758.0289916992188,411.4778137207031,765.4317626953125,826.1819458007812,855.2698364257812,490.22161865234375,863.002685546875,884.7249755859375,882.2049560546875,487.95703125,888.1087646484375,882.4783935546875,910.4417114257812,480.6457214355469,912.6505126953125,878.3673706054688,941.4580078125,454.1004638671875,940.4242553710938,848.3320922851562,976.7320556640625,431.0570983886719,978.9095458984375,852.1171875,979.2476196289062,402.83416748046875,985.8519897460938,832.4011840820312,1004.656982421875,409.6514892578125,1010.6990966796875,837.0094604492188,597.8500366210938,405.9966735839844,614.5574951171875,853.4940795898438,813.6846923828125,397.1341857910156,818.604736328125,825.5130004882812,869.2703857421875,389.1275939941406,877.6755981445312,826.364990234375,929.696044921875,388.53204345703125,936.3543701171875,828.7849731445312,1086.445556640625,421.1661682128906,1090.4881591796875,848.19580078125,1170.18408203125,424.6790771484375,1158.5245361328125,853.40625,1261.5101318359375,427.1683044433594,1246.48291015625,860.996337890625,1339.0252685546875,433.23065185546875,1309.384033203125,866.2071533203125,1408.17724609375,443.44781494140625,1391.754150390625,872.6325073242188,1478.0797119140625,460.16766357421875,1467.825439453125,867.281005859375
809.2424926757812,475.2434997558594,817.375244140625,884.1112670898438,830.6383056640625,474.09625244140625,835.8856201171875,882.6810913085938,836.3352661132812,468.80401611328125,842.0673217773438,870.3074951171875,801.0108032226562,468.8056945800781,810.6170654296875,848.915771484375,763.5555419921875,441.9093017578125,776.5408935546875,852.9664916992188,744.6458129882812,414.33087158203125,753.5249633789062,824.8803100585938,756.9679565429688,411.57696533203125,765.4977416992188,826.01904296875,855.0116577148438,490.20074462890625,863.0387573242188,885.1197509765625,882.0176391601562,488.1384582519531,887.8729858398438,882.3976440429688,910.1940307617188,480.7565002441406,912.272705078125,878.3892211914062,941.0824584960938,453.8679504394531,939.7734375,847.6510009765625,977.2371215820312,430.7105407714844,978.9520263671875,851.8114013671875,978.8306884765625,402.6235046386719,985.5845947265625,832.086669921875,1003.4417724609375,409.43817138671875,1010.6961669921875,836.6522216796875,596.7986450195312,406.1112060546875,613.3430786132812,853.1470947265625,812.1084594726562,397.89520263671875,818.287109375,825.2013549804688,868.8497924804688,388.8575134277344,876.7865600585938,826.1253662109375,929.2337036132812,388.4599609375,935.7979736328125,828.586669921875,1086.118896484375,421.10223388671875,1090.5758056640625,847.7544555664062,1171.723388671875,425.1180114746094,1158.275390625,853.3884887695312,1261.3292236328125,427.2604064941406,1245.5084228515625,861.0138549804688,1339.6590576171875,433.2547912597656,1307.558349609375,866.0946044921875,1406.7181396484375,443.3751220703125,1391.4049072265625,872.5958862304688,1476.8719482421875,459.7318420410156,1466.9298095703125,867.2857666015625
809.6589965820312,475.5195007324219,817.2055053710938,884.1974487304688,830.7095336914062,474.0643615722656,835.8014526367188,882.6005859375,835.703125,468.6695861816406,841.235595703125,869.9114990234375,799.8851318359375,468.68157958984375,809.7758178710938,848.6510009765625,762.5064086914062,442.30792236328125,776.0091552734375,852.5524291992188,743.7498168945312,414.5140686035156,754.4039306640625,824.55615234375,755.87890625,411.8238830566406,765.0634765625,825.7206420898438,855.018310546875,489.88714599609375,863.068115234375,885.5963134765625,882.0478515625,488.1474609375,887.7944946289062,882.4857788085938,910.019775390625,480.7755432128906,911.861083984375,878.3561401367188,938.3969116210938,454.9639587402344,938.12451171875,846.9335327148438,975.9833984375,430.3999938964844,976.8368530273438,851.2017211914062,977.9562377929688,402.1700134277344,983.0549926757812,831.7133178710938,1001.5800170898438,408.62054443359375,1008.1817016601562,836.0233764648438,595.5949096679688,406.779052734375,612.2341918945312,852.6300659179688,810.8228759765625,397.9779357910156,818.477294921875,824.937255859375,867.5599975585938,388.8274230957031,876.5785522460938,825.7182006835938,927.9136352539062,388.09295654296875,934.4278564453125,828.2468872070312,1085.98876953125,421.1704406738281,1084.9468994140625,845.847900390625,1170.4937744140625,424.66790771484375,1157.64208984375,853.3002319335938,1261.4183349609375,427.0975646972656,1243.7669677734375,860.6246337890625,1339.229736328125,433.2904968261719,1306.5621337890625,866.0780029296875,1405.2366943359375,442.97332763671875,1391.9986572265625,872.7734985351562,1475.979248046875,459.36700439453125,1466.2166748046875,866.9819946289062
809.5216674804688,475.5060729980469,817.2313232421875,884.237548828125,830.4109497070312,473.9903259277344,835.9105224609375,882.560791015625,835.235595703125,468.7215881347656,840.5338745117188,869.4478759765625,799.0199584960938,468.4571228027344,808.5023803710938,849.1474609375,761.8104248046875,442.37664794921875,773.6276245117188,852.1902465820312,743.05029296875,414.6596374511719,752.7732543945312,824.1380615234375,755.1947021484375,412.0166320800781,763.1707763671875,825.267333984375,854.91357421875,490.057373046875,863.00634765625,885.6234130859375,881.9057006835938,488.288330078125,887.9763793945312,882.369140625,909.7587280273438,480.7791748046875,912.0485229492188,878.407958984375,937.673828125,454.8809509277344,937.3760986328125,846.2203979492188,974.9324340820312,430.298583984375,974.449951171875,851.4806518554688,976.9315795898438,402.0562744140625,981.2249755859375,831.3451538085938,1000.6077880859375,408.528076171875,1006.9391479492188,835.4515380859375,594.803466796875,407.3649597167969,611.2969970703125,852.1013793945312,809.97265625,398.02569580078125,816.2571411132812,824.3878173828125,866.8346557617188,388.8033447265625,873.890380859375,825.3731689453125,926.0562744140625,388.70770263671875,931.7064208984375,827.8851928710938,1085.341064453125,421.087646484375,1084.6236572265625,845.1918334960938,1170.5426025390625,425.0378112792969,1157.8067626953125,853.2501220703125,1260.4759521484375,426.8708190917969,1241.852783203125,860.35498046875,1338.7115478515625,433.16705322265625,1306.068359375,865.9412231445312,1404.5745849609375,442.7708435058594,1390.8150634765625,872.6470336914062,1475.129150390625,459.37139892578125,1465.6600341796875,867.14697265625
809.53173828125,475.55474853515625,817.4205322265625,884.3277587890625,830.2728271484375,473.7966613769531,836.1690063476562,882.487548828125,835.06201171875,468.6845703125,840.0479125976562,869.1834106445312,798.7271118164062,468.60089111328125,807.3256225585938,848.9735717773438,761.0517578125,442.4073791503906,772.0115966796875,851.4850463867188,741.8717651367188,414.85272216796875,751.8389282226562,823.8858642578125,753.6323852539062,412.35400390625,763.023681640625,825.4478759765625,854.7430419921875,490.026611328125,862.8492431640625,885.644287109375,881.7700805664062,488.4653625488281,887.9716186523438,882.4287109375,909.4774780273438,480.8487854003906,912.3007202148438,878.0979614257812,936.91845703125,454.7843017578125,937.4365844726562,845.63134765625,974.133056640625,430.0198669433594,973.6828002929688,850.9845581054688,976.2119140625,401.7984313964844,980.7010498046875,831.3260498046875,999.5542602539062,408.3815002441406,1006.1478271484375,835.326904296875,593.8646240234375,407.8045959472656,610.3640747070312,851.4203491210938,808.752685546875,397.8852844238281,815.7825927734375,824.0740356445312,866.0028076171875,388.78228759765625,874.01318359375,825.2050170898438,925.1680908203125,388.5021057128906,931.8475952148438,827.8643188476562,1083.4378662109375,421.29669189453125,1083.188232421875,844.9537963867188,1168.22705078125,424.98114013671875,1157.24951171875,853.2166137695312,1259.2716064453125,427.17236328125,1240.4791259765625,860.4769897460938,1336.9267578125,432.64593505859375,1294.34521484375,865.3466186523438,1403.029541015625,442.1929016113281,1389.7447509765625,872.5194702148438,1474.1961669921875,459.5753173828125,1464.804443359375,867.0192260742188
809.4467163085938,475.6571350097656,817.075439453125,884.4158935546875,830.0862426757812,473.7305603027344,836.2213745117188,882.560546875,834.8034057617188,468.5965270996094,839.4178466796875,868.9408569335938,798.1572265625,468.4363708496094,806.2029418945312,849.1823120117188,760.197509765625,442.5533447265625,770.4366455078125,851.388671875,740.8933715820312,414.80218505859375,751.40673828125,824.3206176757812,752.5069580078125,412.3804016113281,761.4495849609375,825.2556762695312,854.6192626953125,490.1405334472656,863.1279296875,885.7236328125,881.7792358398438,488.6065979003906,888.2123413085938,882.4572143554688,909.6643676757812,480.7861328125,912.3946533203125,877.9178466796875,936.440673828125,454.4862976074219,937.2721557617188,845.0611572265625,973.6427001953125,429.58062744140625,974.2713623046875,851.2107543945312,977.2548217773438,401.72149658203125,980.7633666992188,831.3875732421875,998.8941650390625,407.8927307128906,1006.7779541015625,835.3958129882812,593.1463623046875,408.2428283691406,609.6522216796875,850.6810913085938,809.2223510742188,397.6000671386719,813.919189453125,823.8225708007812,865.3973999023438,388.51416015625,870.6232299804688,824.6918334960938,924.6027221679688,388.2083740234375,930.8458251953125,827.948486328125,1080.9610595703125,421.1603698730469,1084.38330078125,844.7855224609375,1166.1529541015625,425.1015930175781,1158.663330078125,853.726318359375,1246.19970703125,426.46649169921875,1243.1007080078125,861.2982177734375,1329.7332763671875,432.2445373535156,1291.040283203125,865.314208984375,1402.3140869140625,442.03228759765625,1388.806884765625,872.547607421875,1472.9232177734375,459.5272521972656,1464.057861328125,866.67578125
809.341796875,475.51873779296875,816.9693603515625,884.4566650390625,829.784423828125,473.62109375,836.2752075195312,882.6757202148438,834.2664794921875,468.4757080078125,839.0660400390625,868.9815673828125,797.5098266601562,468.07550048828125,805.5082397460938,849.470458984375,759.4853515625,442.5834655761719,769.4273681640625,850.9115600585938,740.158935546875,414.5564270019531,750.6260375976562,824.1029052734375,751.73779296875,412.325439453125,760.3766479492188,825.05419921875,854.526611328125,490.4107971191406,863.2019653320312,885.5284423828125,881.7218017578125,488.66607666015625,888.2325439453125,882.6325073242188,909.4251098632812,480.7986145019531,912.4689331054688,878.0166625976562,935.8168334960938,454.43157958984375,935.0189819335938,843.3438720703125,972.6474609375,428.97064208984375,973.3709716796875,850.984375,976.3988647460938,401.2796630859375,979.6831665039062,831.2269287109375,998.6401977539062,408.2705383300781,1006.3890380859375,835.3565673828125,592.368896484375,409.5018615722656,609.0303344726562,850.180419921875,808.8049926757812,397.37579345703125,813.8095703125,824.2774047851562,864.8792724609375,388.6333923339844,868.849365234375,824.7979736328125,923.5592041015625,388.0236511230469,929.0400390625,828.0451049804688,1078.624755859375,420.80279541015625,1086.2843017578125,845.31396484375,1164.556396484375,425.2232360839844,1158.6490478515625,853.762451171875,1246.845703125,426.51312255859375,1241.5660400390625,861.193603515625,1330.3251953125,432.24737548828125,1293.1014404296875,865.4034423828125,1402.3770751953125,442.0434265136719,1388.975341796875,872.4970092773438,1471.9693603515625,459.4678649902344,1462.2613525390625,865.7908325195312
809.0657348632812,475.94073486328125,816.790283203125,884.54541015625,829.4481201171875,473.7533874511719,836.0892333984375,882.7070922851562,833.73681640625,468.31402587890625,838.8868408203125,868.7183837890625,796.8130493164062,468.10650634765625,804.7857666015625,849.537109375,758.5968627929688,442.6626892089844,768.94091796875,850.5892333984375,739.3909912109375,414.463134765625,750.70361328125,824.0111694335938,750.808837890625,412.3063049316406,761.0248413085938,825.2300415039062,854.5061645507812,490.478515625,863.6463623046875,885.725830078125,881.7379760742188,488.78375244140625,888.3906860351562,882.6409912109375,909.3903198242188,480.9805603027344,912.6091918945312,878.1996459960938,935.5265502929688,454.2168273925781,934.58642578125,842.8389892578125,972.1634521484375,428.8209533691406,973.6148681640625,851.1468505859375,976.2890014648438,401.04669189453125,980.0265502929688,831.2576904296875,998.1952514648438,408.0668640136719,1007.170166015625,835.3695678710938,591.4542236328125,410.10888671875,608.3477783203125,849.5875854492188,807.8461303710938,397.41729736328125,813.1685791015625,824.210693359375,864.4464111328125,388.7121276855469,868.5968017578125,824.7763061523438,923.1302490234375,387.87115478515625,928.95068359375,828.0519409179688,1078.671630859375,420.86572265625,1085.6241455078125,845.3305053710938,1164.9498291015625,425.3552551269531,1155.8507080078125,853.46240234375,1252.8621826171875,426.8609619140625,1239.1116943359375,861.20703125,1337.052490234375,432.6240539550781,1295.7716064453125,865.657958984375,1402.8251953125,442.1527099609375,1388.1981201171875,872.3629760742188,1471.51513671875,458.6272888183594,1461.691162109375,865.5967407226562
808.8787231445312,475.7138366699219,816.535888671875,884.6722412109375,829.1178588867188,473.5444030761719,835.8958740234375,882.794189453125,833.1884155273438,468.3195495605469,838.5291748046875,868.7227172851562,795.9873657226562,467.8829650878906,804.0625,849.5645751953125,757.7478637695312,442.7205810546875,768.8401489257812,851.2066650390625,738.55419921875,414.2170715332031,749.7688598632812,823.7739868164062,750.2696533203125,412.1338195800781,760.163818359375,825.1438598632812,854.4555053710938,490.52679443359375,863.77001953125,885.825439453125,881.6143798828125,488.88702392578125,888.3506469726562,882.6736450195312,909.0999755859375,481.2197570800781,912.541015625,878.0733032226562,934.5633544921875,454.4714660644531,934.311279296875,842.6466674804688,971.00537109375,428.66650390625,973.0619506835938,851.4736938476562,975.4140625,400.7337646484375,979.3148803710938,831.3776245117188,997.3695068359375,407.8587951660156,1006.0286254882812,835.4453735351562,590.6654663085938,410.67401123046875,607.5715942382812,849.2609252929688,807.6016235351562,397.2989196777344,812.430419921875,824.2699584960938,863.6636352539062,388.7286376953125,867.8703002929688,824.889404296875,921.7710571289062,387.7638244628906,927.6061401367188,828.1055297851562,1078.0120849609375,420.9893798828125,1084.693359375,845.4425659179688,1162.762451171875,425.4712829589844,1156.26025390625,853.5289916992188,1247.685546875,426.824951171875,1239.0380859375,861.0823364257812,1336.9630126953125,432.525634765625,1294.5142822265625,865.647216796875,1401.9547119140625,441.9943542480469,1388.4815673828125,872.4603881835938,1471.1015625,458.3956298828125,1461.2591552734375,865.4142456054688
808.2846069335938,475.7197265625,816.522705078125,884.70556640625,828.7195434570312,473.42974853515625,835.8655395507812,882.537841796875,832.7951049804688,468.1577453613281,837.7399291992188,867.9864501953125,795.4046630859375,467.8763427734375,802.6751098632812,849.5178833007812,756.7774658203125,442.40338134765625,767.8818359375,851.284912109375,737.438720703125,413.8454895019531,748.5660400390625,823.4545288085938,748.8431396484375,412.0067443847656,758.7493896484375,824.9710083007812,854.4656372070312,490.47979736328125,863.8440551757812,885.7822265625,881.5669555664062,488.86376953125,888.3767700195312,882.6694946289062,908.9987182617188,481.299560546875,912.4201049804688,877.8397827148438,933.9661865234375,454.0487060546875,933.5944213867188,842.4767456054688,970.4868774414062,428.9864501953125,972.3458862304688,851.509521484375,974.5701293945312,401.1421813964844,979.2578125,831.3897094726562,996.662353515625,408.0633544921875,1005.381591796875,835.478515625,589.9276733398438,410.7151184082031,606.5850219726562,848.8617553710938,806.8844604492188,397.2679748535156,811.8126220703125,824.3373413085938,862.5933227539062,389.4388122558594,868.0211791992188,824.9631958007812,921.2733764648438,387.847412109375,928.0267333984375,828.1937866210938,1077.4110107421875,420.927490234375,1084.5494384765625,845.654296875,1161.9959716796875,425.37603759765625,1155.760986328125,853.2418212890625,1247.2220458984375,426.90606689453125,1236.6593017578125,860.5291137695312,1325.4775390625,431.9080810546875,1307.93310546875,867.0079956054688,1400.8321533203125,441.7564392089844,1388.398681640625,872.5383911132812,1470.45361328125,458.0929260253906,1460.8138427734375,865.7178955078125
808.6404418945312,476.8227844238281,816.8701171875,884.7755126953125,829.7332153320312,472.8517761230469,836.15087890625,882.15283203125,833.3911743164062,467.43389892578125,838.0831909179688,867.3526611328125,795.687744140625,467.10089111328125,802.0708618164062,848.4913940429688,756.0404663085938,442.2707824707031,767.84130859375,850.5648803710938,736.532958984375,413.7637023925781,748.2904052734375,823.3870849609375,747.6552734375,411.80902099609375,758.849609375,824.9584350585938,854.5379028320312,490.5419921875,864.0263671875,885.4190673828125,881.5527954101562,488.9955749511719,888.5404052734375,882.4806518554688,909.0413208007812,481.46435546875,912.59375,877.3742065429688,933.5068969726562,453.5262145996094,933.37890625,842.2904663085938,969.850341796875,428.744140625,972.3506469726562,851.4020385742188,973.7498779296875,400.75811767578125,979.2836303710938,831.5526733398438,995.9168090820312,407.8551330566406,1005.26611328125,835.5903930664062,589.1351318359375,411.3287658691406,605.8448486328125,848.7517700195312,805.4556274414062,397.1592712402344,812.0529174804688,824.5186767578125,861.6552124023438,389.3903503417969,868.6535034179688,824.9676513671875,922.2684326171875,387.6829833984375,928.5972900390625,828.05322265625,1077.166015625,421.22076416015625,1084.546142578125,845.8463745117188,1161.85009765625,425.34637451171875,1156.224365234375,853.2901611328125,1246.302490234375,426.9358825683594,1237.081298828125,860.4608764648438,1323.7774658203125,432.03204345703125,1307.396240234375,867.2514038085938,1399.3321533203125,441.5633239746094,1387.8187255859375,872.552001953125,1469.4288330078125,457.7353515625,1460.53515625,865.9152221679688
811.23095703125,477.35711669921875,816.7938232421875,884.9583740234375,829.6980590820312,472.52276611328125,836.00146484375,881.7803955078125,832.2177124023438,467.2416687011719,837.2280883789062,866.3760986328125,794.9600219726562,466.9244079589844,800.8809814453125,847.8609619140625,755.345703125,442.07098388671875,766.6015625,850.04443359375,735.5842895507812,413.376220703125,747.5217895507812,823.1990966796875,746.8450927734375,411.2392272949219,758.111328125,824.81005859375,854.7791748046875,490.3140869140625,864.0263061523438,885.32373046875,881.4697875976562,489.0577087402344,888.3744506835938,882.25,908.751708984375,481.74810791015625,912.585205078125,877.083251953125,932.7034301757812,453.1322937011719,933.1171264648438,842.6312866210938,968.698486328125,428.7461853027344,972.5029907226562,851.2395629882812,972.5018310546875,400.58587646484375,979.3714599609375,831.6016845703125,994.847412109375,407.80133056640625,1005.8973388671875,835.5911254882812,588.2860717773438,411.2972412109375,604.9466552734375,848.2391967773438,804.7026977539062,396.88812255859375,810.943359375,824.75439453125,860.92578125,389.2063903808594,868.0571899414062,825.1904907226562,921.2695922851562,387.6204833984375,928.682861328125,828.2074584960938,1076.61376953125,421.2149963378906,1085.1571044921875,845.8933715820312,1159.1009521484375,425.6661682128906,1158.2611083984375,853.811767578125,1244.1527099609375,427.04833984375,1238.2684326171875,860.6725463867188,1322.1871337890625,431.9613037109375,1286.1871337890625,865.4951171875,1394.506103515625,441.1257629394531,1382.4892578125,872.2919921875,1468.5009765625,457.5513610839844,1459.6177978515625,865.8973388671875
811.1405029296875,477.3449401855469,816.4989624023438,884.8819580078125,829.2766723632812,472.1778564453125,835.5175170898438,881.5866088867188,831.4143676757812,466.9211730957031,836.6241455078125,865.88525390625,794.2984619140625,466.6741027832031,800.8178100585938,847.6869506835938,754.6256713867188,442.01019287109375,766.2723999023438,849.8482055664062,734.6917724609375,413.2384033203125,746.71533203125,823.2572021484375,745.8329467773438,411.03973388671875,757.6663818359375,824.8154907226562,854.9046020507812,490.0845031738281,863.982421875,885.235595703125,881.470458984375,489.05999755859375,888.3402099609375,882.2855224609375,908.68896484375,481.85687255859375,912.3230590820312,877.3698120117188,932.014404296875,452.74432373046875,932.6986694335938,843.0161743164062,968.0892944335938,428.43597412109375,972.6015014648438,851.1549682617188,971.9663696289062,400.0581970214844,978.3201293945312,831.7904663085938,994.138916015625,407.66839599609375,1004.6654052734375,835.6902465820312,587.0809936523438,411.411865234375,603.7379760742188,847.914306640625,804.0277709960938,396.90277099609375,810.0394897460938,824.992919921875,860.522216796875,389.17633056640625,866.9393310546875,825.2472534179688,920.6646728515625,387.3313293457031,925.3810424804688,828.301025390625,1076.47314453125,421.4212951660156,1083.0904541015625,845.8142700195312,1158.5242919921875,425.7369079589844,1155.494384765625,853.4847412109375,1245.8526611328125,427.29193115234375,1236.6136474609375,860.1021118164062,1323.08447265625,432.0408630371094,1306.618896484375,867.3057250976562,1393.591552734375,440.9192810058594,1383.1875,872.1262817382812,1467.916748046875,457.1048278808594,1458.822021484375,865.9610595703125
810.4058837890625,476.84027099609375,816.6939086914062,884.8511962890625,829.4867553710938,471.60638427734375,835.170166015625,881.0723266601562,830.7304077148438,466.2915344238281,835.625244140625,865.15283203125,792.9669189453125,465.9023742675781,800.177490234375,846.7593994140625,753.5302734375,441.78497314453125,766.2048950195312,849.74853515625,733.9293212890625,412.6739501953125,747.1685791015625,823.2686767578125,744.6815185546875,410.9235534667969,757.7203979492188,824.6744384765625,855.0046997070312,489.8810729980469,863.802001953125,884.97412109375,881.5721435546875,489.06231689453125,888.2588500976562,882.3912963867188,908.615966796875,482.1490173339844,912.3009033203125,877.4629516601562,931.0787353515625,452.7496337890625,932.145751953125,842.5452880859375,966.8798217773438,428.56890869140625,972.3153076171875,850.6813354492188,970.5433349609375,400.3888854980469,978.4370727539062,831.936767578125,993.3182373046875,407.5638427734375,1003.8875122070312,835.7322998046875,585.9888305664062,410.78839111328125,602.8709106445312,847.6871337890625,802.9287109375,396.9961242675781,810.6001586914062,824.8881225585938,859.7089233398438,389.4749755859375,867.9662475585938,825.4761352539062,919.2357788085938,387.6585388183594,926.7536010742188,828.5487060546875,1076.090576171875,421.2148132324219,1081.8463134765625,845.940185546875,1158.397705078125,425.5543212890625,1155.5535888671875,853.2692260742188,1245.6942138671875,427.29266357421875,1236.38671875,860.2177734375,1322.7373046875,431.9524841308594,1305.8011474609375,867.5066528320312,1393.9481201171875,440.9292907714844,1381.7579345703125,872.1782836914062,1467.1551513671875,456.7002258300781,1458.044677734375,865.99951171875
810.4874877929688,476.5223083496094,816.9631958007812,884.7133178710938,829.6626586914062,471.0423278808594,835.94677734375,879.5308227539062,830.1577758789062,465.6858825683594,834.9312744140625,864.2261962890625,791.7073364257812,465.66064453125,799.2929077148438,846.4356689453125,752.59765625,441.6585388183594,764.9482421875,849.505615234375,732.8834838867188,412.4132080078125,745.8624877929688,822.5662231445312,744.534912109375,410.7322692871094,756.9873046875,824.7459106445312,854.7327270507812,490.1251220703125,864.0960693359375,884.8193969726562,881.529296875,489.106201171875,889.0550537109375,882.7572021484375,908.63037109375,482.2123718261719,912.277099609375,877.46337890625,929.8785400390625,452.50579833984375,931.0020141601562,842.1165771484375,965.391357421875,428.5093994140625,971.7136840820312,850.3228759765625,969.23779296875,400.1757507324219,977.619384765625,831.665771484375,991.8438720703125,407.4912109375,1003.74365234375,835.6627807617188,585.0023803710938,410.46685791015625,601.7432250976562,847.8313598632812,801.5377807617188,396.95654296875,809.7200927734375,824.9556274414062,858.5205688476562,389.4932556152344,866.8043212890625,825.6160888671875,918.0881958007812,387.68231201171875,925.847412109375,828.62841796875,1073.9798583984375,420.9053955078125,1082.5694580078125,846.1786499023438,1156.8912353515625,425.4266052246094,1153.7957763671875,853.5029296875,1244.7772216796875,427.3335876464844,1234.8116455078125,860.3524780273438,1321.307373046875,431.56842041015625,1305.72509765625,867.6798706054688,1392.8291015625,440.6702575683594,1381.3790283203125,872.2392578125,1466.0809326171875,456.5506286621094,1457.258544921875,865.9050903320312
810.44970703125,476.7046203613281,816.9194946289062,884.1533203125,830.21142578125,470.5545349121094,835.74169921875,878.4718017578125,829.1915283203125,465.09033203125,833.449462890625,862.016357421875,790.5760498046875,465.6686096191406,798.2069091796875,845.5643920898438,751.3817138671875,440.91558837890625,762.6087036132812,848.9008178710938,731.6663818359375,413.0816650390625,744.7285766601562,822.4746704101562,744.2263793945312,410.54180908203125,755.4475708007812,824.4877319335938,854.690185546875,490.10858154296875,863.9266967773438,885.0457153320312,881.4955444335938,489.1302490234375,888.9252319335938,882.7227783203125,908.4028930664062,482.3387451171875,911.9080200195312,877.1905517578125,928.9000244140625,452.505126953125,929.5256958007812,841.4205932617188,964.6470336914062,428.4921569824219,970.7716674804688,849.3323364257812,967.2132568359375,400.2725830078125,976.5471801757812,831.2930908203125,991.4710693359375,407.4000244140625,1002.197509765625,835.69287109375,583.8904418945312,409.9002685546875,600.8519897460938,848.0343627929688,800.5892333984375,397.1094055175781,807.1162719726562,824.4932250976562,857.56689453125,389.44964599609375,865.691650390625,825.8530883789062,917.2818603515625,387.5574035644531,924.45703125,828.61962890625,1073.775634765625,421.0063781738281,1082.658447265625,846.3662109375,1156.172119140625,425.4395751953125,1153.1002197265625,853.2227783203125,1245.80029296875,427.6248779296875,1235.9027099609375,860.8430786132812,1322.661376953125,431.6210021972656,1290.9447021484375,865.25390625,1393.62939453125,440.6313781738281,1379.7607421875,872.298583984375,1465.0732421875,456.0885314941406,1455.8492431640625,865.9115600585938
810.2864379882812,476.701904296875,816.5431518554688,884.047607421875,829.9635009765625,470.7652587890625,835.3173217773438,878.2227172851562,828.2652587890625,465.9657287597656,832.3594360351562,861.4912719726562,788.9434204101562,465.12542724609375,797.90625,845.3322143554688,749.8388671875,440.8136901855469,762.3736572265625,849.2001953125,730.4853515625,413.0094299316406,743.1265869140625,822.4483032226562,742.9893798828125,410.3718566894531,753.8711547851562,824.34375,854.5758666992188,490.060791015625,863.4608764648438,884.9885864257812,881.4945068359375,489.1128234863281,887.8035278320312,882.2214965820312,907.9442749023438,482.51397705078125,911.3456420898438,877.415283203125,927.4154663085938,453.035888671875,930.8519287109375,840.5892333984375,963.7240600585938,428.55804443359375,971.1024780273438,849.6627197265625,966.3950805664062,400.1986083984375,976.8946533203125,831.6988525390625,991.2860107421875,407.71368408203125,1002.6094360351562,835.9442138671875,582.7518310546875,408.9351501464844,599.729736328125,848.4232177734375,798.6205444335938,397.0603332519531,806.0205688476562,824.5785522460938,856.3394775390625,389.6373596191406,862.1098022460938,825.681640625,916.190185546875,387.29217529296875,924.0198974609375,828.9302368164062,1073.031494140625,420.79766845703125,1081.083740234375,846.3423461914062,1155.797607421875,425.6507263183594,1151.231201171875,853.1607055664062,1246.953369140625,428.2055358886719,1228.2432861328125,859.2218017578125,1322.9061279296875,431.5096740722656,1292.5711669921875,865.3941650390625,1393.2105712890625,440.5129089355469,1378.693115234375,872.30419921875,1464.304931640625,455.51495361328125,1454.8892822265625,865.816650390625
809.1947631835938,476.67987060546875,816.42041015625,884.0721435546875,828.7105102539062,470.3681335449219,834.6918334960938,877.8865966796875,826.8897094726562,466.064697265625,831.0619506835938,861.2418823242188,787.9500732421875,464.94866943359375,796.7151489257812,844.09423828125,748.5537109375,440.87225341796875,761.3955078125,849.8482666015625,729.3345336914062,412.4294738769531,741.6165771484375,822.32275390625,741.9984130859375,410.0703430175781,752.395263671875,824.1961669921875,854.4525756835938,490.08526611328125,862.7326049804688,884.7891235351562,881.5097045898438,489.23480224609375,887.5487060546875,882.3018798828125,907.6015014648438,482.7245788574219,910.989990234375,877.2662353515625,925.8942260742188,452.88037109375,930.1964111328125,840.2020874023438,962.4578247070312,428.5046081542969,970.8453979492188,849.47802734375,965.1845703125,400.166259765625,976.4412231445312,831.4349365234375,990.221923828125,407.7303466796875,1002.3920288085938,835.7462158203125,581.1209716796875,408.3167724609375,598.4273681640625,848.7711181640625,797.4102783203125,397.05523681640625,804.8167724609375,824.6438598632812,853.8350830078125,388.400146484375,861.4986572265625,825.656494140625,914.7593994140625,386.7551574707031,924.1730346679688,829.019287109375,1070.7347412109375,420.7613830566406,1082.446533203125,846.251953125,1155.181640625,425.702392578125,1150.861083984375,853.4489135742188,1246.1318359375,427.35992431640625,1226.5953369140625,859.3238525390625,1322.65966796875,431.3865966796875,1299.06201171875,866.3575439453125,1391.8648681640625,440.32666015625,1377.9288330078125,872.353759765625,1462.7620849609375,455.4075927734375,1453.4921875,865.6483154296875
809.5488891601562,476.14984130859375,816.4356079101562,884.146240234375,827.420166015625,469.9842224121094,833.5476684570312,877.3795166015625,825.3618774414062,465.9319152832031,831.346435546875,861.2924194335938,786.746337890625,463.9871826171875,794.7621459960938,843.428466796875,747.6764526367188,440.73687744140625,759.3788452148438,849.59033203125,728.3251953125,412.3941345214844,739.7572021484375,822.1962280273438,741.286865234375,410.1584777832031,750.5573120117188,824.0964965820312,854.2949829101562,490.0320129394531,862.9909057617188,884.5903930664062,881.4039916992188,489.1665344238281,887.5763549804688,882.1858520507812,907.3572387695312,482.80224609375,910.9810180664062,877.0240478515625,924.9151611328125,452.8184814453125,927.9210815429688,839.2168579101562,961.8914794921875,428.3706359863281,969.1192016601562,849.2078247070312,964.6961059570312,399.7241516113281,975.7625122070312,830.752685546875,989.5043334960938,407.1470947265625,1001.1458129882812,835.0733642578125,579.4207153320312,406.917724609375,597.4555053710938,848.5299682617188,796.578369140625,397.0596923828125,802.9634399414062,824.5525512695312,853.189453125,388.08453369140625,860.4788208007812,825.7059326171875,914.2213745117188,386.58319091796875,923.5264282226562,829.1257934570312,1071.0352783203125,420.6895446777344,1082.888427734375,846.4139404296875,1155.034423828125,425.7362976074219,1151.6697998046875,853.3733520507812,1245.0640869140625,427.63470458984375,1228.60595703125,859.9796752929688,1317.1624755859375,431.08636474609375,1300.4598388671875,866.7116088867188,1388.2108154296875,440.2673645019531,1376.660888671875,872.2168579101562,1461.029052734375,454.85101318359375,1452.568603515625,865.3804321289062
808.9827880859375,475.9651184082031,816.0870971679688,883.9501342773438,826.547119140625,470.2633972167969,832.6072387695312,877.1964721679688,823.60888671875,466.33013916015625,830.138671875,860.9989624023438,785.8946533203125,463.53387451171875,794.5440063476562,842.8042602539062,746.3031005859375,440.2421875,758.9255981445312,849.1744995117188,727.1729125976562,411.48455810546875,739.5457153320312,822.0067138671875,739.6986083984375,409.5820007324219,750.4104614257812,823.9968872070312,856.8653564453125,491.203857421875,862.7982788085938,884.69970703125,881.27197265625,489.1777038574219,887.4356689453125,882.1455688476562,907.1578979492188,482.7419738769531,910.529296875,877.2682495117188,923.9412841796875,453.3286437988281,927.2101440429688,840.4899291992188,961.0825805664062,427.9734802246094,968.1651611328125,849.1886596679688,963.4850463867188,399.0694274902344,975.3068237304688,830.9066772460938,988.4613647460938,406.5932922363281,1000.494384765625,835.0963134765625,578.3764038085938,405.5152587890625,596.3827514648438,848.5048217773438,795.5454711914062,396.3447265625,801.981689453125,824.4777221679688,851.9452514648438,388.1466064453125,860.603759765625,825.6680908203125,912.291748046875,386.31402587890625,922.2393798828125,828.9263305664062,1070.8944091796875,420.7415466308594,1077.6328125,846.3345947265625,1154.45751953125,425.8155517578125,1152.8876953125,853.6112670898438,1244.6776123046875,427.8487243652344,1226.49365234375,859.1243896484375,1316.04833984375,431.0976867675781,1291.80029296875,865.540283203125,1386.74755859375,440.07672119140625,1376.3798828125,872.4839477539062,1459.843017578125,454.5891418457031,1451.0224609375,864.9932250976562
808.1807861328125,475.7987976074219,815.9212646484375,883.9546508789062,825.7296752929688,470.5062561035156,831.9234008789062,876.7593383789062,822.1166381835938,466.6068420410156,828.4539794921875,860.5359497070312,784.5921630859375,462.8117980957031,792.7392578125,842.4290771484375,745.1104736328125,439.6736755371094,757.4214477539062,848.9127197265625,726.0853271484375,411.3629150390625,738.0452270507812,821.94384765625,738.51416015625,409.7610168457031,750.0177001953125,823.8914794921875,856.6828002929688,490.9826354980469,862.2688598632812,884.6150512695312,881.2015991210938,489.0877685546875,887.357177734375,882.1411743164062,907.0228271484375,482.829833984375,910.6231689453125,876.9059448242188,923.0719604492188,453.2230224609375,926.2557983398438,840.0709838867188,960.186279296875,427.7188415527344,967.1672973632812,848.9308471679688,962.5875854492188,398.92938232421875,973.7769165039062,831.56396484375,987.1658325195312,406.21875,999.5910034179688,834.8562622070312,577.1614379882812,404.9433898925781,595.3063354492188,848.181884765625,794.8216552734375,396.47210693359375,801.0015869140625,824.3474731445312,851.3278198242188,388.3294982910156,859.9029541015625,825.5744018554688,910.4773559570312,387.36138916015625,920.059814453125,828.7483520507812,1070.1658935546875,420.64605712890625,1075.5093994140625,846.1983032226562,1154.563232421875,425.7900695800781,1154.8226318359375,854.1425170898438,1245.1834716796875,427.6507568359375,1227.2542724609375,859.125732421875,1316.8236083984375,431.1370544433594,1285.7664794921875,865.2320556640625,1386.3214111328125,440.05609130859375,1375.9237060546875,872.431884765625,1458.90673828125,454.4042053222656,1450.4764404296875,864.7630615234375
807.5419921875,476.0409851074219,815.2303466796875,883.7969360351562,825.4139404296875,470.4351501464844,832.2351684570312,876.436767578125,821.3292236328125,466.5067443847656,827.9920654296875,860.3910522460938,783.482421875,462.19012451171875,791.811767578125,842.3403930664062,743.5955200195312,439.2814636230469,756.16796875,848.3744506835938,724.8089599609375,410.9592590332031,736.5603637695312,821.801513671875,737.0017700195312,409.5711669921875,748.5346069335938,823.719970703125,856.2516479492188,490.9467468261719,862.559814453125,884.80078125,881.2154541015625,489.0836486816406,887.5476684570312,882.1926879882812,906.9302368164062,482.89508056640625,910.5843505859375,876.7333984375,922.461669921875,453.1539306640625,925.3111572265625,839.8380737304688,959.807861328125,426.99896240234375,966.8243408203125,849.1633911132812,961.5464477539062,398.6457214355469,973.5450439453125,831.4688720703125,985.9915161132812,405.9955139160156,999.297607421875,834.6814575195312,576.3819580078125,403.89068603515625,594.4056396484375,848.0494995117188,793.8729858398438,396.6342468261719,799.677490234375,824.14208984375,850.2687377929688,388.5612487792969,858.6741943359375,825.5713500976562,909.3580322265625,387.3647155761719,919.4050903320312,828.8480224609375,1067.59033203125,420.98504638671875,1075.4757080078125,845.9971313476562,1152.8443603515625,425.74884033203125,1147.7078857421875,853.2777099609375,1243.87646484375,427.4584655761719,1223.4722900390625,859.990966796875,1315.9796142578125,431.0162658691406,1285.993896484375,864.6219482421875,1385.654296875,439.87628173828125,1375.8994140625,872.5505981445312,1457.85986328125,454.2465515136719,1449.8807373046875,864.5877075195312
806.8619995117188,476.3973083496094,814.64111328125,883.7515869140625,824.7918090820312,470.5269775390625,831.439697265625,876.1764526367188,820.0357055664062,466.5184631347656,827.85205078125,860.2600708007812,781.4976806640625,462.4366760253906,791.3095092773438,842.0711669921875,742.3558959960938,438.81536865234375,755.2293701171875,848.1207275390625,723.688720703125,410.30010986328125,735.5289306640625,821.7714233398438,735.86376953125,408.9888610839844,747.6075439453125,823.7222290039062,856.0728149414062,490.8894958496094,862.2025146484375,884.7520751953125,881.0126953125,489.09716796875,887.23779296875,882.1600341796875,906.6845092773438,483.1600341796875,910.4574584960938,876.535888671875,922.0144653320312,453.5321960449219,923.7222290039062,839.4134521484375,958.6475219726562,427.0357666015625,965.1303100585938,848.9723510742188,960.4689331054688,398.5976867675781,971.9722290039062,831.0,984.4835815429688,405.7937927246094,997.8207397460938,834.5227661132812,575.3964233398438,403.09906005859375,593.750732421875,847.9097290039062,792.6754150390625,396.7876892089844,798.6052856445312,824.1638793945312,849.4931030273438,388.5193176269531,857.6220092773438,825.5794067382812,908.5653686523438,387.31549072265625,917.8077392578125,828.9837646484375,1065.8323974609375,421.00341796875,1076.0382080078125,845.9082641601562,1150.3756103515625,425.9940490722656,1154.98095703125,853.9559326171875,1230.3577880859375,426.7370910644531,1226.476318359375,858.9155883789062,1314.2767333984375,430.9651794433594,1284.6087646484375,864.5715942382812,1385.240478515625,439.6653137207031,1373.7869873046875,872.1145629882812,1456.86962890625,453.8855895996094,1448.8931884765625,864.5955810546875
806.7006225585938,476.42120361328125,814.04052734375,883.8582763671875,824.06689453125,470.43865966796875,830.6288452148438,875.804931640625,819.0523681640625,466.5887756347656,826.9986572265625,859.9300537109375,780.5557250976562,462.00457763671875,790.097412109375,841.1548461914062,741.2423095703125,438.4369201660156,754.0734252929688,848.03076171875,722.8762817382812,409.5617980957031,734.2845458984375,821.734130859375,734.2882080078125,408.6988830566406,746.3140258789062,823.6513671875,856.0034790039062,490.72808837890625,862.32470703125,884.804931640625,881.0723876953125,489.0218505859375,887.2748413085938,882.1365966796875,906.6788330078125,483.4692077636719,910.3175048828125,876.6611328125,921.2894287109375,453.4752197265625,922.7828369140625,839.1192626953125,957.56494140625,426.61444091796875,963.6884765625,849.2642822265625,959.7588500976562,398.5512390136719,968.2059936523438,831.123046875,983.9532470703125,405.7069396972656,996.224853515625,834.3997802734375,574.6436767578125,401.916748046875,592.712158203125,847.8169555664062,791.4653930664062,396.4185791015625,797.761474609375,824.197998046875,848.5598754882812,388.63397216796875,855.17822265625,824.971435546875,907.2247924804688,387.32159423828125,916.250732421875,829.1438598632812,1065.5989990234375,421.09576416015625,1073.7691650390625,845.8098754882812,1150.182861328125,426.0393371582031,1156.9918212890625,854.6033935546875,1236.8323974609375,427.12518310546875,1227.1611328125,859.0382690429688,1314.99169921875,431.165283203125,1275.573486328125,864.4384765625,1386.2889404296875,439.8659362792969,1376.01318359375,872.7039794921875,1455.91650390625,453.6838684082031,1447.096435546875,864.4746704101562
806.416748046875,476.4141540527344,813.8564453125,884.16552734375,823.5736694335938,470.4991149902344,829.7576293945312,875.3184814453125,817.4644775390625,466.480712890625,825.6212158203125,859.6177978515625,777.7402954101562,461.4065856933594,788.8515625,840.8880004882812,739.2997436523438,437.9461669921875,753.2675170898438,848.0775756835938,721.4135131835938,409.0985107421875,735.1826171875,822.6544799804688,733.4246215820312,408.6072998046875,745.6273193359375,823.806884765625,855.8379516601562,490.6136169433594,861.97021484375,884.931884765625,881.15673828125,489.0851135253906,887.1525268554688,882.21630859375,906.71240234375,483.67486572265625,910.0701904296875,876.5178833007812,920.4556274414062,453.56561279296875,922.0366821289062,838.8901977539062,956.7823486328125,426.4486083984375,962.559326171875,849.4603271484375,960.3787231445312,398.482177734375,967.3698120117188,831.3063354492188,982.8331909179688,405.62359619140625,995.5753173828125,834.439208984375,573.2495727539062,400.5881042480469,591.5725708007812,847.650634765625,789.9732055664062,396.5599670410156,797.9357299804688,824.2342529296875,846.64453125,389.43719482421875,857.7319946289062,825.9880981445312,905.5192260742188,387.1164245605469,915.9612426757812,829.0836791992188,1062.516845703125,420.7743225097656,1072.338134765625,845.8982543945312,1149.4100341796875,426.0686950683594,1195.0279541015625,857.8035278320312,1232.6939697265625,427.373046875,1227.482421875,859.405517578125,1313.9132080078125,431.2377014160156,1274.134033203125,864.6002807617188,1385.6392822265625,439.8900451660156,1372.6656494140625,872.180419921875,1455.27099609375,453.7640380859375,1445.743408203125,864.531982421875
805.950439453125,475.9790344238281,813.9119262695312,884.3441772460938,822.4191284179688,471.0960388183594,828.65380859375,875.3603515625,816.2763061523438,466.2262878417969,825.049072265625,859.4634399414062,775.9822998046875,460.8084411621094,788.6149291992188,840.8146362304688,737.4189453125,437.4176330566406,752.1873779296875,847.9070434570312,720.070556640625,409.0550842285156,734.0332641601562,822.5177001953125,731.2296142578125,408.5934753417969,744.6109008789062,823.7021484375,855.7260131835938,490.5408630371094,861.6500244140625,884.986572265625,881.1384887695312,489.0447998046875,886.6533813476562,882.3584594726562,906.7557373046875,483.5735168457031,909.6546020507812,876.466064453125,919.829345703125,453.3330078125,921.6624755859375,839.4328002929688,955.6376953125,426.20819091796875,962.1809692382812,849.68603515625,959.6038818359375,398.17279052734375,967.1127319335938,831.7849731445312,981.9899291992188,405.6907958984375,995.110595703125,834.8347778320312,572.1585693359375,399.3155517578125,591.0335083007812,847.4656982421875,788.3008422851562,396.4170837402344,797.7723999023438,825.384521484375,845.6409301757812,389.5814208984375,854.4436645507812,825.4679565429688,906.1727294921875,386.6639709472656,915.5701293945312,829.2673950195312,1061.2235107421875,420.7135314941406,1068.1199951171875,844.3102416992188,1145.03759765625,425.3636474609375,1142.9456787109375,853.6001586914062,1231.290283203125,427.2598876953125,1220.66455078125,858.6842651367188,1308.170166015625,431.0237121582031,1289.8370361328125,866.3538208007812,1378.95166015625,439.2425842285156,1372.1361083984375,872.1746215820312,1454.101806640625,453.73297119140625,1445.038330078125,864.5839233398438
805.9440307617188,475.8617858886719,813.9143676757812,884.4570922851562,822.0455322265625,470.68621826171875,828.5438842773438,875.25927734375,815.1492919921875,465.8672790527344,822.8634033203125,858.060302734375,774.5192260742188,460.53656005859375,787.514892578125,839.8233642578125,736.2698364257812,437.6211242675781,751.637451171875,848.3362426757812,720.3385620117188,408.2965393066406,733.6177368164062,822.5303344726562,730.1992797851562,408.22900390625,744.96484375,824.2445068359375,855.8609008789062,490.4241943359375,861.7401733398438,885.2451171875,881.1013793945312,488.924560546875,886.627197265625,882.27587890625,906.6553344726562,483.6932373046875,909.326904296875,876.14892578125,919.0382080078125,453.18756103515625,920.6434936523438,839.5098266601562,954.8438110351562,426.05267333984375,961.7379760742188,849.6102294921875,958.192138671875,398.1959228515625,966.4474487304688,831.7473754882812,980.292236328125,405.1800842285156,994.8584594726562,834.724609375,571.7994995117188,398.5893249511719,589.8568115234375,847.1644287109375,787.5835571289062,395.97296142578125,796.4020385742188,825.5325927734375,844.9174194335938,389.49456787109375,854.248779296875,825.8276977539062,905.1644897460938,386.749755859375,915.9362182617188,829.3306884765625,1060.66943359375,420.6794738769531,1069.155029296875,844.5361938476562,1145.31640625,425.4835205078125,1147.13427734375,854.0322265625,1229.8837890625,427.16357421875,1221.095458984375,858.7279052734375,1306.7479248046875,430.8018798828125,1291.0079345703125,866.54638671875,1378.640380859375,438.95318603515625,1371.579833984375,872.197265625,1453.1885986328125,453.28070068359375,1444.714111328125,864.9664306640625
805.5114135742188,475.8323669433594,813.5206909179688,884.4609985351562,821.4725952148438,470.4625549316406,827.4827880859375,875.0861206054688,814.0929565429688,465.6124572753906,821.4998168945312,858.271728515625,772.6679077148438,459.5915222167969,786.632080078125,839.3643798828125,734.8018188476562,437.3399658203125,750.579833984375,847.8431396484375,718.7861328125,408.1031799316406,731.755126953125,822.3975830078125,728.5594482421875,407.8240661621094,743.8409423828125,824.1209716796875,855.8233642578125,490.4053649902344,861.7914428710938,885.2451782226562,881.0770263671875,488.9183044433594,886.4591064453125,882.188720703125,906.6690673828125,483.8775329589844,909.2315063476562,876.6631469726562,917.7425537109375,453.67230224609375,919.104736328125,838.8064575195312,953.4091186523438,426.6632080078125,960.2382202148438,849.3720092773438,956.6557006835938,398.2634582519531,964.3190307617188,831.7109375,978.39990234375,404.90789794921875,992.797607421875,834.6842041015625,571.0440673828125,397.5933532714844,588.5891723632812,847.0350341796875,786.3170166015625,396.2858581542969,794.997314453125,825.6598510742188,843.539306640625,389.6923522949219,852.6848754882812,825.9917602539062,903.9131469726562,386.9447021484375,914.1175537109375,829.102783203125,1060.436767578125,420.4112548828125,1068.949462890625,844.517578125,1145.7218017578125,425.3601379394531,1147.9141845703125,854.2249145507812,1230.2091064453125,427.2194519042969,1227.817626953125,859.2686767578125,1307.3876953125,431.05145263671875,1290.5118408203125,866.479248046875,1378.2020263671875,438.85101318359375,1371.454345703125,872.3004150390625,1452.2857666015625,453.1068115234375,1443.7222900390625,865.5777587890625
804.6110229492188,475.7197265625,816.49267578125,885.2723999023438,820.5888061523438,470.0173645019531,826.6076049804688,874.15380859375,812.1808471679688,465.45623779296875,818.8362426757812,857.7481689453125,771.1118774414062,459.2992858886719,784.0191040039062,839.4691162109375,734.0510864257812,436.57025146484375,748.74853515625,847.746337890625,717.7122802734375,408.06622314453125,729.836181640625,821.1298828125,727.9722900390625,407.3808898925781,742.1611938476562,823.8089599609375,855.8959350585938,490.3331604003906,861.4124755859375,885.474365234375,881.2417602539062,488.7565612792969,886.26513671875,882.1859741210938,906.7861938476562,483.5223388671875,909.0777587890625,876.519287109375,916.9479370117188,453.4375915527344,918.0764770507812,838.5762329101562,951.9431762695312,426.54583740234375,958.8933715820312,849.160888671875,955.0778198242188,398.2024841308594,962.868896484375,831.6531372070312,977.0899658203125,404.5194396972656,990.6647338867188,834.960693359375,569.5726928710938,396.74603271484375,587.7581176757812,846.7635498046875,785.077392578125,396.20904541015625,793.3911743164062,825.6527709960938,842.5202026367188,390.0428161621094,851.4534301757812,826.1018676757812,902.3812866210938,386.8675842285156,910.7227783203125,829.5601196289062,1059.0357666015625,420.180419921875,1068.6005859375,844.5250854492188,1144.901611328125,425.1460876464844,1197.376220703125,858.6380004882812,1230.8392333984375,427.3498229980469,1216.16748046875,858.3704833984375,1307.4500732421875,430.9219055175781,1289.4300537109375,866.5155029296875,1376.9752197265625,438.70220947265625,1370.961669921875,872.2767333984375,1451.236328125,452.9938049316406,1442.5975341796875,865.5762329101562
803.5603637695312,475.1314392089844,816.5521240234375,885.3076782226562,819.3270874023438,469.1848449707031,825.7850341796875,873.443115234375,808.59130859375,466.24676513671875,816.7929077148438,857.1642456054688,770.0145874023438,459.3795471191406,782.5792236328125,839.1720581054688,732.7450561523438,436.4297790527344,747.3165283203125,847.5308837890625,716.2339477539062,408.1729736328125,728.1607666015625,821.1676025390625,727.414306640625,407.21044921875,740.003173828125,823.6136474609375,855.890869140625,490.2504577636719,861.0460205078125,885.85986328125,881.31494140625,488.72271728515625,886.0750732421875,882.345458984375,906.7755737304688,483.5108642578125,908.5523071289062,876.3145751953125,916.2230834960938,453.3912353515625,916.9628295898438,837.8272705078125,950.64453125,426.6675720214844,957.0858154296875,848.8765869140625,953.5306396484375,398.24493408203125,962.3505249023438,831.48095703125,975.8517456054688,404.39453125,990.23486328125,834.9882202148438,568.1273803710938,395.9068603515625,586.8356323242188,846.4678955078125,784.3721923828125,396.1376953125,790.4711303710938,825.287841796875,841.6272583007812,389.96044921875,849.8346557617188,826.2017822265625,901.2319946289062,387.033203125,908.9541015625,829.5408935546875,1056.8021240234375,419.7404479980469,1067.79736328125,844.4287719726562,1141.939453125,425.3427429199219,1197.45166015625,858.7432250976562,1230.24951171875,427.302001953125,1214.3843994140625,858.2615356445312,1305.825439453125,430.78814697265625,1288.947021484375,866.4793701171875,1376.6510009765625,438.6810607910156,1370.6907958984375,872.1480102539062,1450.10595703125,452.7814025878906,1441.70947265625,865.6480102539062
802.8349609375,475.1103210449219,816.1791381835938,884.7802734375,818.551513671875,468.7852478027344,825.9252319335938,872.7954711914062,807.7669677734375,466.08935546875,815.6258544921875,856.629638671875,768.8920288085938,458.9945983886719,780.4013061523438,838.3124389648438,731.127197265625,436.20233154296875,745.8018188476562,847.0591430664062,714.3743286132812,407.3212585449219,727.1707153320312,821.0096435546875,726.2047729492188,407.3252868652344,739.102294921875,823.4739990234375,855.911865234375,490.0923156738281,860.5938110351562,885.6046752929688,881.328369140625,488.6564025878906,885.5858764648438,882.2487182617188,906.8338012695312,483.6752624511719,908.2535400390625,876.48388671875,915.4693603515625,453.4400634765625,916.1316528320312,837.5293579101562,949.5478515625,426.6658020019531,954.6840209960938,848.300048828125,951.734130859375,397.513916015625,960.8098754882812,830.5552978515625,974.9053344726562,403.7532043457031,986.3917846679688,834.6563110351562,566.8367309570312,394.8653564453125,585.5293579101562,846.204345703125,782.5336303710938,396.3545227050781,789.283447265625,825.14306640625,840.2133178710938,390.16265869140625,845.6382446289062,826.1743774414062,899.909423828125,386.88372802734375,907.908935546875,829.3760986328125,1055.1160888671875,419.6407775878906,1067.343994140625,844.0107421875,1139.824462890625,425.0555114746094,1195.88134765625,858.8145141601562,1230.1458740234375,427.1042175292969,1214.6319580078125,858.3707885742188,1305.1744384765625,430.51153564453125,1274.1566162109375,864.682373046875,1372.3916015625,438.4578857421875,1367.0457763671875,872.3795166015625,1448.7930908203125,452.6675720214844,1440.385009765625,865.5701904296875
802.7008056640625,474.9823303222656,816.0406494140625,884.54541015625,818.0687866210938,468.37274169921875,825.1361083984375,872.372314453125,806.0951538085938,466.03363037109375,813.4259643554688,855.0100708007812,768.069580078125,458.97802734375,778.0886840820312,837.7254638671875,729.3529052734375,436.0726623535156,743.7266845703125,848.203125,712.9234619140625,407.3665466308594,725.7827758789062,821.0780029296875,724.9462890625,407.5062255859375,737.6243286132812,823.428955078125,855.94580078125,490.0617980957031,860.4464111328125,885.9161987304688,881.3655395507812,488.6478271484375,885.51318359375,882.439453125,906.7665405273438,483.7768859863281,907.633544921875,876.6807250976562,914.6449584960938,453.7046203613281,915.329833984375,837.6124877929688,948.4583740234375,426.5025939941406,954.3090209960938,848.3092041015625,950.4464111328125,397.4888916015625,960.9127807617188,830.392578125,975.2059936523438,405.05908203125,986.986328125,834.623291015625,565.7533569335938,393.6752014160156,584.7498779296875,846.4702758789062,780.8836059570312,396.9584045410156,788.7404174804688,825.3058471679688,837.8411254882812,389.16058349609375,845.9822998046875,826.29443359375,898.4932250976562,386.43023681640625,908.3566284179688,829.322265625,1054.38037109375,419.2394104003906,1066.7052001953125,843.8792724609375,1138.9273681640625,424.8949279785156,1195.2222900390625,858.6915283203125,1230.2579345703125,426.8322448730469,1213.423828125,858.3251953125,1304.939697265625,430.63604736328125,1282.0020751953125,865.3348388671875,1373.0921630859375,438.4936828613281,1366.6834716796875,872.3181762695312,1447.9578857421875,452.5689697265625,1439.444091796875,865.2520141601562
801.4490356445312,473.74188232421875,816.431396484375,884.5839233398438,816.3756103515625,467.9516906738281,823.9986572265625,870.974609375,804.3900146484375,466.1441345214844,810.8389892578125,854.37353515625,766.6613159179688,458.86114501953125,777.0882568359375,836.7345581054688,728.344482421875,436.308837890625,742.6818237304688,847.189453125,711.458251953125,407.5903625488281,724.6542358398438,821.1910400390625,723.5111694335938,407.726806640625,736.5003662109375,823.3370361328125,856.1721801757812,489.9089050292969,860.5286254882812,886.2197265625,881.4212646484375,488.62860107421875,885.8683471679688,882.5453491210938,906.7711791992188,483.83111572265625,907.5833740234375,877.9404296875,913.6213989257812,453.9963684082031,914.5903930664062,837.188720703125,947.0304565429688,426.165771484375,953.6629028320312,848.7127685546875,949.14111328125,397.0655212402344,960.957763671875,830.3726196289062,974.3011474609375,404.7203674316406,986.9673461914062,834.6515502929688,564.4029541015625,393.129150390625,583.6769409179688,846.2827758789062,780.0548706054688,397.1092529296875,787.4320068359375,825.37255859375,836.4189453125,389.3901062011719,844.8303833007812,826.4591674804688,896.917724609375,385.9920654296875,907.8056030273438,828.978515625,1053.4332275390625,418.7859191894531,1067.436279296875,843.9432983398438,1137.7711181640625,424.6646423339844,1194.0850830078125,858.4957275390625,1229.9390869140625,426.6690368652344,1212.3702392578125,858.2259521484375,1304.81103515625,430.78521728515625,1281.3255615234375,865.213623046875,1372.6180419921875,438.513671875,1365.0523681640625,872.2869262695312,1447.0714111328125,452.5495910644531,1438.3294677734375,865.392333984375
800.4912719726562,474.3173522949219,814.2968139648438,884.89990234375,814.84521484375,469.021240234375,822.3280639648438,869.6126098632812,801.8997802734375,465.4535827636719,809.0263061523438,854.8809204101562,764.952880859375,459.31597900390625,774.3087768554688,836.3833618164062,726.5050048828125,436.3454284667969,740.7435302734375,847.1686401367188,710.2860717773438,407.7037353515625,723.0437622070312,821.2627563476562,721.864990234375,407.5157165527344,734.7243041992188,823.3143920898438,856.35107421875,489.748779296875,860.27587890625,886.477294921875,881.416748046875,488.7331237792969,885.6744995117188,882.6619873046875,906.6534423828125,483.94293212890625,907.3357543945312,878.2387084960938,912.6986694335938,454.6195068359375,913.7916259765625,837.2201538085938,946.7175903320312,425.9319763183594,953.1060180664062,848.7213134765625,947.7030639648438,397.0616760253906,960.2008056640625,830.4100952148438,973.1853637695312,404.4136657714844,986.42431640625,834.7363891601562,563.0601196289062,392.45245361328125,582.83203125,845.8951416015625,779.07958984375,396.8750305175781,785.67626953125,825.1700439453125,835.3845825195312,389.5397644042969,843.8709716796875,826.3630981445312,895.1264038085938,387.6314392089844,905.4376220703125,828.2577514648438,1052.9921875,418.3973693847656,1067.1279296875,844.0870971679688,1137.283935546875,424.5400390625,1193.3065185546875,858.5867309570312,1228.3848876953125,426.5476989746094,1209.5003662109375,858.1212768554688,1304.4359130859375,430.6129455566406,1282.21142578125,865.2959594726562,1372.6541748046875,438.5457763671875,1363.5931396484375,872.427734375,1446.052978515625,452.4089660644531,1437.2540283203125,865.3258666992188
798.4249877929688,476.2357177734375,816.4945068359375,884.6071166992188,813.1006469726562,470.3695983886719,820.92041015625,869.0949096679688,800.2163696289062,466.3870544433594,806.391357421875,854.6592407226562,762.8494262695312,459.1141662597656,771.559326171875,835.7025146484375,724.968505859375,435.7101135253906,739.0736694335938,847.1458129882812,709.6461791992188,406.8536376953125,722.1293334960938,821.122802734375,720.91455078125,406.798095703125,734.6742553710938,823.1429443359375,856.4320678710938,489.8411560058594,860.1279907226562,886.451171875,881.3120727539062,488.81365966796875,885.44677734375,882.7061157226562,906.4725952148438,483.9129333496094,907.3966064453125,878.3729248046875,912.2481079101562,454.5091247558594,913.3302612304688,837.5623168945312,946.1136474609375,425.99658203125,952.211669921875,848.6302490234375,946.698486328125,397.0122985839844,958.8875732421875,830.4047241210938,972.4562377929688,404.01556396484375,985.65185546875,834.7724609375,562.1341552734375,391.7561950683594,581.9147338867188,845.5236206054688,778.0504150390625,396.6688537597656,784.2505493164062,824.8906860351562,834.6007690429688,389.6785888671875,842.1728515625,826.487548828125,894.1558227539062,387.6575622558594,903.5101928710938,828.4119262695312,1052.6337890625,418.1708068847656,1067.960693359375,844.156494140625,1137.2347412109375,424.5079040527344,1189.544677734375,857.6229248046875,1228.4393310546875,426.4146423339844,1210.217041015625,858.1389770507812,1304.15771484375,430.7177734375,1281.9498291015625,865.5955810546875,1372.2420654296875,438.72442626953125,1362.3890380859375,872.397705078125,1444.5050048828125,452.2124938964844,1435.81201171875,864.4378051757812
797.5608520507812,477.078857421875,815.7109985351562,884.7378540039062,812.1795043945312,470.67767333984375,819.480712890625,869.2398071289062,798.7572631835938,466.7209167480469,805.4864501953125,854.7988891601562,760.3304443359375,459.2201232910156,770.326171875,835.4268188476562,723.5706787109375,435.61260986328125,737.5294189453125,847.108154296875,708.6294555664062,406.6882629394531,721.083740234375,820.9942626953125,719.8392333984375,406.7389221191406,733.6664428710938,823.0557250976562,856.4288940429688,489.87213134765625,860.13720703125,886.3038330078125,881.2134399414062,488.9313659667969,885.3038940429688,882.8566284179688,906.2592163085938,483.9481201171875,907.1897583007812,878.624267578125,911.9209594726562,454.8794250488281,912.927978515625,837.8649291992188,944.703125,426.7716064453125,951.8551635742188,848.8617553710938,945.4796752929688,397.4559631347656,957.6993408203125,830.3358764648438,971.1134643554688,404.1287841796875,984.3970947265625,834.6030883789062,561.31982421875,390.9600830078125,581.1883544921875,845.31201171875,777.5006713867188,396.9387512207031,783.814453125,824.7384643554688,833.9061889648438,390.3092956542969,842.3062133789062,826.4520263671875,892.9722900390625,387.75640869140625,903.2554321289062,828.54638671875,1052.0701904296875,418.22625732421875,1066.8782958984375,844.1266479492188,1136.9508056640625,424.2353210449219,1188.895751953125,857.7657470703125,1228.0638427734375,426.2179260253906,1211.5322265625,858.19677734375,1304.63427734375,430.7201232910156,1276.000732421875,865.0113525390625,1371.1199951171875,438.5882568359375,1361.5556640625,872.494384765625,1443.7593994140625,452.3364562988281,1435.2784423828125,864.0260009765625
796.3463745117188,477.0757141113281,815.3993530273438,884.5631713867188,809.6537475585938,471.599365234375,817.9586791992188,868.7643432617188,798.1089477539062,467.2092590332031,804.2109985351562,854.981201171875,758.9078369140625,459.1111145019531,769.1708374023438,834.63330078125,722.5226440429688,435.89373779296875,735.8643188476562,846.8406372070312,707.4682006835938,406.68707275390625,719.4838256835938,820.8511352539062,718.91748046875,406.62237548828125,731.9276733398438,822.7205200195312,856.42529296875,489.8641662597656,860.2560424804688,886.4768676757812,881.1813354492188,488.9553527832031,885.6862182617188,882.8461303710938,906.2673950195312,483.7080383300781,907.571533203125,878.5844116210938,911.6127319335938,454.93304443359375,912.548095703125,837.8577880859375,944.2494506835938,426.3525085449219,950.9876098632812,848.4306030273438,945.2406616210938,397.4073791503906,955.9821166992188,830.8919067382812,970.1336059570312,404.2086486816406,983.0567016601562,834.2321166992188,560.4248657226562,390.62091064453125,580.537353515625,845.2200317382812,776.5744018554688,396.86505126953125,782.1963500976562,824.3504028320312,833.4188232421875,390.4681091308594,838.5753784179688,825.6834716796875,892.5880126953125,387.9936218261719,901.5214233398438,828.2955322265625,1050.39794921875,418.1690673828125,1066.59716796875,844.06298828125,1136.2523193359375,424.07379150390625,1187.1422119140625,857.8424072265625,1227.7777099609375,426.23248291015625,1211.91162109375,858.3536987304688,1304.7371826171875,430.8567199707031,1273.447509765625,864.9998168945312,1371.4571533203125,438.75274658203125,1361.02685546875,872.5219116210938,1442.755126953125,452.5171813964844,1434.581787109375,863.9727783203125
795.19921875,477.8289794921875,815.8438720703125,884.11767578125,808.3950805664062,471.6734313964844,815.7872314453125,868.10546875,796.8181762695312,467.3381652832031,801.11865234375,854.6465454101562,757.4954833984375,459.0120849609375,767.195068359375,833.8356323242188,721.1489868164062,436.00250244140625,734.0594482421875,846.9458618164062,706.4019165039062,406.5985107421875,718.9498901367188,821.46337890625,717.7740478515625,406.3034973144531,729.8624877929688,822.5106201171875,856.2457885742188,489.7468566894531,860.4278564453125,886.236083984375,881.0816040039062,488.9427185058594,885.7583618164062,882.8589477539062,906.2796630859375,483.8008728027344,907.9793701171875,878.4337768554688,911.1314697265625,455.4781188964844,912.2140502929688,837.6085815429688,944.4290161132812,426.2511291503906,950.826416015625,848.3863525390625,944.874755859375,397.4122619628906,956.5595703125,830.8868408203125,970.029541015625,404.02740478515625,983.3405151367188,834.2074584960938,559.8194580078125,389.9658508300781,579.7471313476562,844.7969360351562,775.532470703125,396.72479248046875,781.211669921875,824.9780883789062,833.347900390625,391.0187683105469,837.2385864257812,825.8175659179688,892.0874633789062,388.1900329589844,901.0055541992188,828.1885375976562,1049.1824951171875,418.2616882324219,1066.6937255859375,844.1843872070312,1135.07421875,424.4864501953125,1187.05615234375,857.3251953125,1226.2052001953125,426.00445556640625,1209.559326171875,857.899169921875,1299.36474609375,429.95709228515625,1275.372802734375,865.4412231445312,1370.4278564453125,438.4869689941406,1360.1417236328125,872.5819091796875,1441.699951171875,452.6091613769531,1433.97998046875,864.3391723632812
794.4906005859375,478.1204833984375,814.610107421875,885.8355102539062,807.1676635742188,471.7232666015625,813.8419799804688,866.9030151367188,794.7117919921875,468.43292236328125,798.9033813476562,852.9320678710938,756.30322265625,458.526123046875,765.4564208984375,833.53466796875,720.0418090820312,436.17266845703125,732.9282836914062,846.7687377929688,705.8517456054688,407.05792236328125,718.0219116210938,821.093994140625,716.8307495117188,406.69903564453125,729.55078125,823.0540161132812,856.1719360351562,489.73187255859375,860.3633422851562,885.9976196289062,881.0142211914062,488.98455810546875,885.8109741210938,882.7020874023438,906.2058715820312,483.95660400390625,907.8905029296875,878.4005737304688,910.139892578125,456.3191833496094,911.2991943359375,837.1484985351562,943.2359619140625,426.2597961425781,949.513916015625,848.0753784179688,944.0631103515625,397.5415954589844,955.0557250976562,830.630615234375,969.338134765625,403.747314453125,981.966064453125,834.1642456054688,559.20458984375,390.2864990234375,578.6902465820312,844.2374877929688,774.561767578125,397.9258117675781,779.0064086914062,825.0143432617188,832.3602905273438,391.4656982421875,835.3602905273438,825.9866943359375,891.0402221679688,388.2464904785156,899.3201293945312,827.9673461914062,1048.6416015625,418.55810546875,1060.2237548828125,844.0534057617188,1136.9827880859375,424.84564208984375,1188.13330078125,857.596435546875,1227.0614013671875,425.9786071777344,1208.176513671875,857.9094848632812,1304.2330322265625,430.7413635253906,1275.710693359375,865.5542602539062,1370.9080810546875,438.6099548339844,1360.3294677734375,872.5828247070312,1440.8052978515625,452.3831787109375,1433.495361328125,864.8395385742188
795.1122436523438,479.8094482421875,815.0145874023438,878.7603149414062,806.8878784179688,470.8528747558594,811.1514282226562,861.9326782226562,792.8477172851562,469.0589904785156,794.6397094726562,849.57470703125,755.9424438476562,458.9501953125,764.1993408203125,830.8165893554688,719.044189453125,436.262451171875,731.5200805664062,846.5130615234375,704.9842529296875,407.2573547363281,717.9505615234375,821.0496826171875,715.5833129882812,407.6274108886719,729.8302612304688,823.0055541992188,856.2584228515625,489.81494140625,860.1630249023438,885.7470703125,881.0513305664062,488.9621276855469,885.9440307617188,882.41943359375,906.2845458984375,483.7986755371094,908.30517578125,877.5020751953125,909.49951171875,456.74249267578125,911.533935546875,837.0037231445312,942.368408203125,426.33544921875,950.0151977539062,847.8965454101562,944.6585693359375,397.5630187988281,955.4098510742188,830.6866455078125,968.0374145507812,403.93487548828125,982.0775756835938,834.0447387695312,558.2031860351562,389.8660583496094,577.7015380859375,843.856689453125,773.9660034179688,398.1051940917969,778.7361450195312,825.1148071289062,831.617919921875,391.5384826660156,835.6270751953125,826.3983154296875,890.0780029296875,388.3968200683594,899.6292114257812,827.9618530273438,1047.52099609375,418.6707763671875,1061.725341796875,844.0507202148438,1134.248779296875,424.6481018066406,1186.7919921875,857.7291870117188,1222.10009765625,425.83892822265625,1210.4376220703125,858.0499877929688,1303.623779296875,430.9176330566406,1274.426025390625,865.6046142578125,1370.3753662109375,438.51446533203125,1360.7347412109375,872.61376953125,1439.8739013671875,452.2977600097656,1432.0833740234375,864.5891723632812
796.3775634765625,481.2715759277344,816.154296875,875.244873046875,805.7628784179688,471.7989807128906,810.310791015625,858.7064208984375,789.1651611328125,471.16552734375,794.2510375976562,847.5225830078125,754.2711791992188,458.8587646484375,763.1489868164062,828.6405029296875,718.2398681640625,436.3042297363281,729.9847412109375,845.9808959960938,704.58251953125,407.2991943359375,716.0402221679688,820.54248046875,714.8158569335938,407.9735107421875,728.356689453125,822.67431640625,856.29345703125,489.76300048828125,859.6121826171875,885.8687744140625,881.0498657226562,488.9298095703125,885.8513793945312,882.4617309570312,906.20849609375,483.8117370605469,908.5730590820312,877.5385131835938,908.9934692382812,457.5061340332031,910.64453125,837.1885986328125,941.6163940429688,426.366455078125,948.4879760742188,847.5345458984375,943.8589477539062,397.85064697265625,951.8244018554688,830.0836181640625,967.1864013671875,403.8216857910156,979.8030395507812,833.6063842773438,557.271240234375,389.10491943359375,576.8994140625,843.2807006835938,772.615234375,398.4282531738281,777.9659423828125,824.6053466796875,829.4219970703125,391.744384765625,833.590087890625,826.4071044921875,888.7718505859375,388.5626525878906,896.3096923828125,828.0370483398438,1047.3756103515625,418.5356750488281,1058.3170166015625,843.8510131835938,1132.3660888671875,424.5570983886719,1182.5872802734375,857.6498413085938,1221.5501708984375,425.8868713378906,1211.029541015625,858.1925048828125,1304.5291748046875,430.69342041015625,1274.2730712890625,865.586181640625,1370.041748046875,438.4651184082031,1360.448486328125,872.5811767578125,1439.22802734375,451.875244140625,1431.2406005859375,864.4786376953125
797.3510131835938,481.7688903808594,819.1463012695312,871.202392578125,803.9036254882812,472.4980163574219,807.7659912109375,855.3908081054688,786.3740234375,471.7621765136719,793.0729370117188,845.7890014648438,751.8263549804688,458.5353698730469,762.22802734375,826.4014892578125,716.2843627929688,436.05902099609375,728.4259033203125,845.2020874023438,703.0342407226562,407.6385192871094,713.95556640625,819.305908203125,713.31298828125,407.9981689453125,727.1621704101562,822.4033813476562,856.1779174804688,489.6050720214844,859.5389404296875,885.7086181640625,881.1410522460938,488.88214111328125,885.7440795898438,882.23095703125,906.4204711914062,483.83056640625,908.618408203125,877.3682250976562,908.4717407226562,458.17633056640625,909.2157592773438,836.7227783203125,940.6141357421875,426.4795227050781,947.1637573242188,847.2677001953125,942.8060302734375,397.8363037109375,950.0153198242188,829.9989013671875,965.823486328125,403.6502990722656,978.7196655273438,833.397216796875,556.2882080078125,388.54931640625,576.056640625,842.9878540039062,771.224853515625,398.60491943359375,777.1021118164062,823.84619140625,828.0215454101562,391.74163818359375,830.103759765625,826.7465209960938,889.1136474609375,388.6125183105469,891.8760375976562,827.9632568359375,1045.7349853515625,418.2766418457031,1056.963623046875,843.9259643554688,1133.01416015625,424.6434631347656,1186.87109375,858.2210693359375,1220.365478515625,426.1119384765625,1209.8258056640625,858.1135864257812,1298.336181640625,430.05419921875,1274.3321533203125,865.5663452148438,1369.02734375,438.21417236328125,1359.6871337890625,872.607666015625,1438.6048583984375,451.9786682128906,1429.8433837890625,863.627685546875
798.9539794921875,481.4678955078125,817.670166015625,867.8654174804688,801.25,473.4063415527344,806.8590698242188,851.3347778320312,783.7269287109375,472.6600341796875,789.6820068359375,843.2740478515625,749.0587768554688,456.9031677246094,760.1430053710938,824.3313598632812,714.5181274414062,436.0775146484375,727.4395141601562,844.5604248046875,702.0869140625,407.5487365722656,713.4720458984375,819.109375,712.0238037109375,408.00531005859375,726.5277099609375,822.130615234375,856.0565185546875,489.5068054199219,859.5655517578125,886.0968017578125,881.1522216796875,488.6515197753906,885.7022094726562,882.3161010742188,906.5938110351562,483.6143493652344,908.4683227539062,877.4246215820312,907.2610473632812,458.4359436035156,908.4884033203125,836.7723999023438,939.6689453125,426.42413330078125,945.839599609375,847.2418823242188,941.43408203125,397.96612548828125,948.1298217773438,829.9682006835938,964.740478515625,403.38836669921875,978.107666015625,833.1492919921875,555.3021240234375,387.69317626953125,574.9476928710938,842.7915649414062,770.3649291992188,398.8932800292969,776.5748291015625,823.7131958007812,827.4901733398438,392.1943359375,829.4459838867188,826.2730712890625,888.4653930664062,388.86419677734375,890.1513061523438,828.0075073242188,1044.609130859375,418.18194580078125,1052.03369140625,842.9236450195312,1129.4066162109375,423.9281921386719,1188.8548583984375,858.32568359375,1215.5711669921875,425.968505859375,1208.3048095703125,858.009033203125,1296.4427490234375,429.7029724121094,1275.71630859375,865.7413330078125,1363.11865234375,437.7242431640625,1356.0557861328125,872.0509643554688,1437.8541259765625,451.9142150878906,1429.2020263671875,864.085693359375
798.5223388671875,481.69317626953125,819.78662109375,865.5507202148438,797.452880859375,474.6349792480469,805.823974609375,848.7999267578125,781.2625122070312,473.1097106933594,787.96630859375,842.0933837890625,746.98291015625,457.0860290527344,758.6224365234375,822.89453125,713.8899536132812,436.1354064941406,726.7762451171875,844.549560546875,700.7166748046875,407.4638366699219,713.0692138671875,818.8994140625,710.9317016601562,407.87994384765625,726.1337280273438,821.7402954101562,856.0192260742188,489.387451171875,859.3073120117188,885.7400512695312,881.1429443359375,488.4738464355469,885.3817138671875,882.3276977539062,906.7330322265625,483.4651184082031,908.0439453125,877.6366577148438,906.3599853515625,458.5378112792969,907.7884521484375,836.9771118164062,938.138427734375,427.2477722167969,944.7545166015625,846.9151611328125,940.167236328125,397.849609375,947.2696533203125,830.0466918945312,963.4141235351562,403.0343017578125,976.184326171875,832.86767578125,554.1897583007812,387.6107482910156,574.0293579101562,843.0126953125,769.165771484375,399.3545837402344,775.8790283203125,823.871826171875,826.5650024414062,392.5904541015625,828.3158569335938,826.3487548828125,887.35546875,389.3509826660156,888.6279907226562,828.218017578125,1043.9163818359375,418.0338439941406,1053.0831298828125,842.3724365234375,1128.4876708984375,423.60760498046875,1182.6243896484375,858.3190307617188,1215.3507080078125,425.907958984375,1210.146240234375,858.08349609375,1291.2744140625,429.2337341308594,1274.327392578125,865.9028930664062,1363.36279296875,437.62548828125,1355.609130859375,872.0493774414062,1436.8831787109375,451.7622375488281,1428.3946533203125,864.2752075195312
797.37841796875,484.1021728515625,817.8649291992188,860.88330078125,795.3416748046875,475.9327392578125,801.159423828125,846.7589111328125,777.807861328125,472.9331359863281,783.0292358398438,838.8980102539062,744.2954711914062,456.8155517578125,756.5527954101562,821.4172973632812,711.7590942382812,435.7872009277344,725.4976806640625,844.2142944335938,699.7325439453125,407.5450439453125,711.508544921875,818.8010864257812,709.9694213867188,408.0089111328125,724.4342651367188,821.4083251953125,855.9249877929688,489.30023193359375,859.1453247070312,885.7301635742188,881.1087646484375,488.3134460449219,885.5679321289062,882.175048828125,906.7244873046875,483.67559814453125,908.153564453125,877.656982421875,905.4121704101562,459.15399169921875,908.179931640625,836.7792358398438,936.8956909179688,427.4043273925781,943.714599609375,846.9132080078125,938.6749267578125,398.17059326171875,946.0075073242188,829.726806640625,961.780029296875,402.6807556152344,975.0590209960938,832.4632568359375,552.6729125976562,387.2179260253906,572.9361572265625,842.83837890625,767.4946899414062,400.0155029296875,773.9854125976562,824.4730224609375,825.3638916015625,393.11102294921875,825.6839599609375,826.2073974609375,886.0816040039062,389.8038330078125,885.703857421875,828.3677978515625,1043.3916015625,417.9363708496094,1052.6729736328125,842.5628051757812,1128.047119140625,423.09228515625,1178.6488037109375,858.662841796875,1215.1651611328125,425.6928405761719,1212.777099609375,858.4022827148438,1290.8690185546875,429.22052001953125,1254.7652587890625,863.795654296875,1362.0050048828125,437.3244934082031,1349.8984375,871.945556640625,1435.74365234375,451.24755859375,1427.4549560546875,864.6013793945312
794.4078369140625,483.5938720703125,810.6239624023438,849.14599609375,792.2037353515625,476.06536865234375,796.7463989257812,844.1426391601562,774.4119262695312,474.0888977050781,778.4996337890625,836.1766357421875,742.7678833007812,456.4261779785156,752.9595947265625,822.0226440429688,710.3674926757812,435.8230285644531,722.9334716796875,843.0078735351562,697.2528076171875,406.5643615722656,709.9478759765625,818.9397583007812,708.9797973632812,407.850830078125,722.8472900390625,821.283203125,855.6934204101562,489.3472900390625,859.4080200195312,886.0584716796875,881.0760498046875,488.2244873046875,885.886962890625,882.109375,906.7427978515625,483.8028564453125,908.586669921875,877.2727661132812,904.4989013671875,459.9756774902344,908.316162109375,836.284912109375,935.6139526367188,427.5075378417969,940.3135375976562,846.8983764648438,937.1275024414062,398.5616455078125,943.922119140625,829.4425659179688,960.3739624023438,402.6868896484375,969.4561157226562,832.387939453125,551.8526000976562,387.07562255859375,571.7450561523438,842.2055053710938,766.2290649414062,400.21099853515625,773.2120361328125,824.5120239257812,823.970947265625,393.6836853027344,825.41357421875,825.9924926757812,884.4811401367188,390.1977844238281,883.7960815429688,828.0426025390625,1042.502685546875,417.1764831542969,1051.164794921875,842.4776000976562,1126.520263671875,423.21966552734375,1179.6455078125,858.7764892578125,1217.303955078125,424.91729736328125,1211.5750732421875,858.3230590820312,1291.3525390625,429.1685485839844,1257.68896484375,863.9962158203125,1361.74755859375,437.3509826660156,1349.07470703125,871.9950561523438,1434.5526123046875,451.3563537597656,1426.6961669921875,865.1182250976562
791.7889404296875,483.3983459472656,809.6880493164062,846.7181396484375,789.1686401367188,476.63385009765625,793.8247680664062,843.2443237304688,771.4740600585938,475.60968017578125,776.1024780273438,834.3695068359375,739.7007446289062,455.8153076171875,750.3386840820312,819.7530517578125,708.7739868164062,435.4421081542969,720.8993530273438,842.7039794921875,696.1534423828125,406.4548034667969,708.5054321289062,818.8032836914062,707.7489013671875,407.5473327636719,721.4378051757812,821.0615234375,855.6874389648438,489.4766540527344,859.6326293945312,886.186767578125,881.0401611328125,488.26861572265625,885.9570922851562,882.0418701171875,906.7341918945312,483.7454833984375,908.5537719726562,876.998779296875,903.6437377929688,460.2162780761719,908.3658447265625,836.1943359375,934.2415771484375,427.4594421386719,939.3487548828125,847.0184326171875,935.003173828125,398.0384826660156,942.8973388671875,829.1373291015625,959.1279907226562,402.53729248046875,968.182373046875,832.0857543945312,550.44482421875,386.93743896484375,570.7578735351562,841.570556640625,765.1197509765625,400.60711669921875,772.4013061523438,824.1351318359375,822.881103515625,393.997802734375,825.0538330078125,825.6431884765625,883.2888793945312,390.0791320800781,882.91796875,828.0235595703125,1040.5301513671875,416.81292724609375,1049.9393310546875,842.3125,1124.328857421875,423.07159423828125,1181.462158203125,858.6097412109375,1214.890625,425.5612487792969,1197.744873046875,857.5753784179688,1290.2459716796875,429.15509033203125,1271.6109619140625,866.4371948242188,1360.2742919921875,437.1328430175781,1349.8282470703125,872.172119140625,1433.306884765625,451.4270324707031,1425.6864013671875,865.2364501953125
789.1405029296875,485.2393798828125,806.8607788085938,847.1151733398438,784.5176391601562,477.9901123046875,790.73095703125,842.0958862304688,767.6953125,476.0948791503906,773.1996459960938,833.1201782226562,737.1544189453125,455.69482421875,748.7142944335938,818.0645141601562,707.4977416992188,435.0735168457031,718.9995727539062,842.4312133789062,695.4195556640625,405.91094970703125,707.1685791015625,818.4533081054688,706.9432983398438,407.2791748046875,720.4288940429688,820.8260498046875,855.6666870117188,489.4402770996094,859.807861328125,886.1693115234375,880.9568481445312,488.2059326171875,886.2225952148438,882.2411499023438,906.7687377929688,483.7671203613281,908.6114501953125,876.82763671875,904.4172973632812,460.9185485839844,908.0496826171875,835.9179077148438,933.1878662109375,427.613525390625,939.5392456054688,846.89794921875,932.5712890625,398.0720520019531,943.2683715820312,829.0984497070312,958.7418823242188,404.0040283203125,968.4989624023438,832.1744384765625,549.0166015625,386.2178955078125,569.3068237304688,840.8707275390625,763.98779296875,400.7231140136719,771.7562866210938,823.7789306640625,822.1400756835938,394.3481750488281,824.4177856445312,825.29150390625,881.604736328125,389.9908752441406,881.6973876953125,827.929931640625,1039.01953125,416.49481201171875,1051.18310546875,842.2770385742188,1123.513916015625,422.7102355957031,1179.5458984375,858.5659790039062,1216.6630859375,424.36199951171875,1212.9962158203125,858.342041015625,1291.120849609375,429.0598449707031,1272.9000244140625,866.2709350585938,1356.9342041015625,437.1340026855469,1349.2933349609375,872.2191162109375,1432.193115234375,451.2297668457031,1424.451416015625,865.3277587890625
787.8558959960938,485.7036437988281,804.0206298828125,847.0182495117188,781.3968505859375,479.6256408691406,789.6122436523438,841.9681396484375,764.8453369140625,477.8828125,771.6057739257812,832.0557250976562,735.0888061523438,454.6178894042969,745.6862182617188,818.4496459960938,706.0502319335938,435.1687316894531,717.9476928710938,843.14453125,694.9324340820312,405.8168029785156,706.6132202148438,817.7767944335938,705.9995727539062,407.248046875,720.0330810546875,820.3672485351562,855.6212158203125,489.45709228515625,860.16650390625,885.9450073242188,880.9830322265625,488.1713562011719,886.2374267578125,882.1399536132812,906.7598266601562,483.6985778808594,908.3993530273438,876.8695678710938,903.7451171875,461.21807861328125,907.9269409179688,836.0709228515625,932.43896484375,427.5964050292969,939.051025390625,846.7909545898438,931.4986572265625,398.01934814453125,942.5701293945312,829.2421875,957.7343139648438,403.78466796875,967.8779296875,832.0513916015625,547.9597778320312,385.87847900390625,568.4160766601562,840.79296875,762.6254272460938,400.8740539550781,772.08251953125,823.6500244140625,820.9724731445312,394.92547607421875,824.0541381835938,825.7598266601562,879.8724975585938,390.3705749511719,878.3099975585938,828.049560546875,1038.0897216796875,416.7710876464844,1051.0391845703125,842.2921142578125,1122.7860107421875,422.5426330566406,1182.1102294921875,858.9149169921875,1215.5638427734375,424.2811279296875,1198.4732666015625,857.7193603515625,1292.4326171875,429.3974609375,1271.08935546875,866.4765014648438,1359.4588623046875,437.0896301269531,1349.5233154296875,872.231689453125,1431.2060546875,451.2035217285156,1423.4261474609375,865.4479370117188
787.2499389648438,486.6871032714844,801.2954711914062,846.9517822265625,778.2481689453125,483.4358215332031,786.0183715820312,838.5017700195312,762.2305297851562,478.5440368652344,768.498046875,830.6608276367188,732.8392333984375,453.5457763671875,742.7781982421875,817.8147583007812,704.2794189453125,434.76153564453125,715.897216796875,843.759765625,694.0877685546875,405.10595703125,705.58203125,817.6165161132812,704.982666015625,406.4172668457031,719.3655395507812,819.8535766601562,855.6014404296875,489.41351318359375,860.3247680664062,885.640380859375,880.8892211914062,488.1141662597656,886.0673217773438,882.1005249023438,906.873779296875,483.86578369140625,908.3013916015625,876.8244018554688,903.0481567382812,461.88330078125,907.4193725585938,835.8915405273438,931.7737426757812,427.7820129394531,937.884765625,846.316162109375,930.6475219726562,397.95477294921875,939.7276611328125,829.5258178710938,956.793701171875,403.6487731933594,965.4369506835938,831.6878662109375,547.0047607421875,385.483154296875,567.1535034179688,840.40576171875,761.4873046875,400.95098876953125,770.3999633789062,823.2337646484375,820.0570678710938,395.2973937988281,822.87158203125,825.9297485351562,878.8748168945312,391.4219970703125,875.5028686523438,828.1150512695312,1038.1517333984375,416.5958251953125,1045.3572998046875,842.05322265625,1122.884033203125,422.46942138671875,1181.7894287109375,858.8592529296875,1214.089111328125,425.0891418457031,1196.8770751953125,857.7501220703125,1290.3929443359375,429.0428161621094,1268.272216796875,864.9873657226562,1356.34765625,437.1040344238281,1347.4796142578125,872.2320556640625,1430.2198486328125,451.00079345703125,1422.2239990234375,865.6741333007812
785.5088500976562,487.88092041015625,798.3330688476562,847.7110595703125,772.1091918945312,485.0538330078125,783.8253173828125,838.3670654296875,756.3414916992188,480.04571533203125,765.4530639648438,830.7885131835938,729.3952026367188,451.77203369140625,740.897705078125,817.2518920898438,702.4636840820312,433.389892578125,714.6170654296875,842.5599365234375,693.1494140625,404.4439697265625,704.0640258789062,817.6231079101562,704.0467529296875,405.6675109863281,717.5873413085938,819.9555053710938,855.6719360351562,489.4718017578125,860.4736938476562,885.7142333984375,880.8406982421875,488.1176452636719,886.1380615234375,882.1762084960938,906.8890991210938,483.82391357421875,908.5179443359375,876.6206665039062,902.34228515625,462.1533203125,907.464599609375,835.9436645507812,930.98486328125,427.73345947265625,937.381591796875,846.5559692382812,929.7902221679688,397.8376159667969,938.8658447265625,829.2859497070312,955.9032592773438,403.2208557128906,964.9857788085938,832.0133666992188,545.700439453125,385.0775146484375,566.3261108398438,839.73828125,761.0904541015625,401.293212890625,768.5827026367188,822.9467163085938,819.3739013671875,395.3878173828125,822.0327758789062,825.836181640625,878.085693359375,391.40802001953125,875.4874877929688,828.0643920898438,1038.0496826171875,416.42779541015625,1045.0567626953125,842.005615234375,1122.845703125,422.27001953125,1181.6981201171875,858.7153930664062,1213.523193359375,424.90130615234375,1194.8551025390625,857.4949340820312,1290.4569091796875,429.2052001953125,1269.5743408203125,865.1802978515625,1356.8934326171875,437.3185729980469,1347.7401123046875,872.3372192382812,1429.2093505859375,450.6387939453125,1421.2822265625,865.6182250976562
780.0878295898438,490.6036376953125,795.7405395507812,847.2044677734375,767.145263671875,486.806396484375,780.4064331054688,838.5507202148438,751.5335083007812,481.3448791503906,763.7164916992188,830.0098876953125,725.48388671875,449.78662109375,739.0991821289062,816.3170166015625,700.9873046875,433.5091857910156,713.2999877929688,841.79248046875,691.9407958984375,403.9579162597656,702.977783203125,817.120361328125,702.916259765625,405.4021301269531,716.4774780273438,819.8399658203125,855.8032836914062,489.4037170410156,860.3310546875,885.8596801757812,880.6952514648438,488.0831604003906,886.0407104492188,881.9451904296875,906.810791015625,483.8393249511719,908.4271850585938,876.5298461914062,901.7476196289062,461.9967346191406,907.4620971679688,836.0748901367188,930.2053833007812,427.5353088378906,936.0339965820312,846.98974609375,929.1072387695312,397.9898376464844,937.25537109375,829.2625732421875,954.911376953125,403.1048278808594,963.1800537109375,831.807373046875,544.6500854492188,384.6025695800781,565.2484741210938,839.48974609375,760.0731201171875,401.07098388671875,767.9764404296875,822.6981201171875,818.721923828125,395.5356750488281,820.5997924804688,825.9669799804688,877.0391235351562,391.5964660644531,873.1929321289062,828.1184692382812,1036.4566650390625,416.3232727050781,1044.8909912109375,842.0096435546875,1122.45556640625,422.0180358886719,1179.6241455078125,858.8458862304688,1213.6429443359375,424.27069091796875,1195.327880859375,857.7453002929688,1291.2613525390625,429.37078857421875,1267.0196533203125,865.20556640625,1356.2049560546875,437.4442443847656,1346.86181640625,872.4998779296875,1427.9901123046875,450.63885498046875,1419.787109375,865.6994018554688
775.5559692382812,490.73388671875,790.3304443359375,842.462646484375,762.298828125,489.33917236328125,773.1653442382812,838.3680419921875,746.3955688476562,482.1460266113281,758.6265869140625,828.2930297851562,722.7596435546875,450.2064208984375,736.3687744140625,815.4468383789062,699.4752197265625,433.4393615722656,711.20263671875,841.5128173828125,690.8785400390625,403.7792053222656,703.065185546875,817.8225708007812,701.8184814453125,405.27569580078125,714.54638671875,819.5755004882812,855.9491577148438,489.4749450683594,860.5490112304688,886.0222778320312,880.6104736328125,488.1275329589844,886.0902099609375,882.0051879882812,906.7196655273438,483.8029479980469,908.4046020507812,876.6302490234375,901.1176147460938,462.1168212890625,907.8580322265625,836.3197631835938,929.5496215820312,427.43408203125,936.1283569335938,847.7680053710938,928.3614501953125,397.9167785644531,936.1575317382812,829.138916015625,954.1727294921875,402.90142822265625,962.3060302734375,831.7910766601562,544.2939453125,383.3390197753906,564.4207153320312,839.2833251953125,759.501220703125,401.0237731933594,766.6878051757812,821.684814453125,817.512451171875,396.1861572265625,820.364013671875,825.8428955078125,875.1174926757812,391.9013977050781,873.7118530273438,828.1242065429688,1035.9400634765625,416.2362060546875,1044.60498046875,841.9190063476562,1122.654541015625,421.9599304199219,1178.6400146484375,858.510986328125,1213.412841796875,424.244384765625,1195.5994873046875,857.7086791992188,1291.18408203125,429.26153564453125,1266.085693359375,865.23779296875,1355.6490478515625,437.4409484863281,1345.8489990234375,872.6148071289062,1426.8072509765625,451.0470886230469,1418.631103515625,865.5750732421875
772.4239501953125,494.4045715332031,784.8565673828125,842.933837890625,757.784423828125,494.59002685546875,769.0582885742188,837.2457275390625,742.1638793945312,483.8990173339844,754.5503540039062,826.9180908203125,720.4243774414062,450.33941650390625,733.9597778320312,814.0543212890625,698.7238159179688,432.9141845703125,710.4302978515625,840.9408569335938,689.9921264648438,403.5469665527344,703.7156372070312,817.935302734375,700.9303588867188,404.9373474121094,715.4342041015625,819.57763671875,856.0982666015625,489.5246887207031,860.9338989257812,886.0704345703125,880.6156616210938,488.17041015625,886.1483764648438,882.0907592773438,906.7745971679688,483.76593017578125,908.1470947265625,876.6798706054688,900.5512084960938,462.1244201660156,907.2586059570312,836.341796875,929.0997314453125,427.3127746582031,935.4583740234375,847.7766723632812,927.780029296875,398.10174560546875,935.62158203125,829.2714233398438,953.97265625,402.8900146484375,960.2839965820312,831.8397827148438,543.2039794921875,382.3017578125,563.6823120117188,838.8594360351562,758.3619995117188,401.0311584472656,766.7673950195312,821.2056884765625,816.6754150390625,396.65301513671875,820.8809204101562,825.7324829101562,874.1724853515625,391.5855712890625,876.4191284179688,828.0130004882812,1035.5281982421875,415.91778564453125,1043.7276611328125,842.1827392578125,1121.23291015625,421.77752685546875,1174.7332763671875,857.5640869140625,1211.18798828125,424.0731201171875,1193.4193115234375,857.4759521484375,1288.7659912109375,428.6327819824219,1267.2783203125,866.0511474609375,1353.7891845703125,437.1492004394531,1345.2193603515625,872.7496948242188,1425.7802734375,450.7809753417969,1417.9798583984375,865.6647338867188
769.9542236328125,498.33441162109375,781.6021118164062,842.9458618164062,752.2882080078125,497.05609130859375,766.4273681640625,836.6220703125,738.0191040039062,485.5509338378906,751.3841552734375,827.1282348632812,717.5031127929688,449.4136657714844,731.981689453125,813.6727905273438,697.4974365234375,432.0592956542969,708.972412109375,840.6946411132812,689.4857788085938,402.92742919921875,702.8462524414062,817.728271484375,700.0270385742188,404.483642578125,715.1698608398438,819.7811279296875,856.099853515625,489.50787353515625,860.5994262695312,885.9805297851562,880.5948486328125,488.068115234375,885.9777221679688,882.1788330078125,906.7281494140625,483.6927185058594,908.1824340820312,876.765869140625,899.9762573242188,461.9759826660156,906.1215209960938,836.5472412109375,929.0357666015625,426.6620178222656,933.6987915039062,846.8006591796875,927.72412109375,398.16766357421875,933.7112426757812,829.4595947265625,952.4352416992188,402.3415222167969,958.4976196289062,831.6619262695312,542.46923828125,381.3869934082031,562.7890014648438,838.5035400390625,757.3023681640625,400.93145751953125,766.4053955078125,822.37744140625,815.1663208007812,396.6683044433594,819.7990112304688,825.8768920898438,872.6241455078125,391.7171630859375,875.2139892578125,828.1234741210938,1034.0867919921875,415.537353515625,1037.1888427734375,841.5928344726562,1120.7362060546875,421.61456298828125,1172.46142578125,857.6200561523438,1210.3973388671875,423.59539794921875,1195.192138671875,857.6349487304688,1286.0194091796875,428.5945739746094,1259.3125,864.9117431640625,1353.39453125,437.0605163574219,1344.34375,872.736572265625,1424.4215087890625,450.56719970703125,1417.022705078125,865.6051635742188
763.2095336914062,503.14013671875,779.3848876953125,841.3223876953125,747.3970947265625,499.11077880859375,761.2190551757812,835.3430786132812,733.3077392578125,486.4013366699219,745.1873168945312,825.7593994140625,715.7958374023438,449.1968078613281,730.8440551757812,813.63427734375,697.0253295898438,431.6646423339844,707.2914428710938,840.75146484375,688.8062744140625,402.67486572265625,700.6718139648438,817.0962524414062,699.2406005859375,404.7044372558594,714.5391235351562,819.4783935546875,856.1168823242188,489.597412109375,860.2578125,885.9617309570312,880.5311889648438,488.13299560546875,885.8982543945312,882.2048950195312,906.769775390625,483.71533203125,907.92578125,877.1690673828125,899.5764770507812,462.1842346191406,905.4973754882812,836.7694702148438,928.1851806640625,426.7139892578125,933.0582885742188,846.91796875,927.0357055664062,398.14984130859375,933.0977783203125,829.466552734375,951.4113159179688,402.3753662109375,957.890625,831.6082763671875,541.509521484375,380.1493835449219,561.98388671875,838.2996215820312,756.7190551757812,400.7353210449219,764.6416625976562,821.3604125976562,813.7774658203125,397.2501220703125,817.6381225585938,826.0964965820312,872.2295532226562,391.9206237792969,874.719482421875,828.1715698242188,1032.9412841796875,415.3582763671875,1036.1904296875,841.7666015625,1120.1630859375,421.5198669433594,1173.1024169921875,858.3150634765625,1210.6009521484375,423.6706848144531,1196.041748046875,857.8554077148438,1289.34423828125,428.7940979003906,1260.3907470703125,865.19677734375,1353.5289306640625,437.0699462890625,1344.453125,872.830322265625,1423.697998046875,449.7298583984375,1415.8919677734375,865.5970458984375
758.7293090820312,508.24462890625,772.7913208007812,840.8267211914062,742.7288818359375,502.578369140625,753.9725952148438,835.970703125,729.3436279296875,488.31036376953125,741.3353881835938,826.7546997070312,714.3407592773438,449.93865966796875,729.978515625,813.6339721679688,695.2018432617188,430.8172912597656,706.6533203125,840.9596557617188,687.523681640625,402.2301940917969,701.4633178710938,817.0868530273438,697.90869140625,404.5712585449219,714.7816772460938,819.1556396484375,856.2294921875,489.5790710449219,860.5523681640625,886.0564575195312,880.5445556640625,488.08563232421875,886.1060180664062,882.1788940429688,906.8943481445312,483.75750732421875,908.1301879882812,877.1610107421875,898.9965209960938,462.5247497558594,905.39501953125,836.9365844726562,926.864013671875,426.9490661621094,931.740234375,846.6983642578125,925.625244140625,398.6424865722656,931.89990234375,829.4028930664062,950.2606201171875,402.41180419921875,956.6965942382812,831.5953369140625,540.710693359375,378.9837646484375,560.9119262695312,838.029541015625,755.5308837890625,400.67572021484375,764.015380859375,821.008544921875,812.05859375,397.496337890625,818.2501831054688,826.1893920898438,872.6510620117188,391.6224365234375,875.7157592773438,828.0013427734375,1032.8592529296875,415.2392578125,1034.9354248046875,841.536376953125,1119.52978515625,421.302978515625,1172.349365234375,858.5340576171875,1208.6429443359375,423.51422119140625,1227.581298828125,861.1456909179688,1288.7808837890625,428.7306213378906,1259.5281982421875,865.5162353515625,1353.772216796875,437.03472900390625,1343.64404296875,872.9478149414062,1423.0780029296875,449.7479248046875,1414.1932373046875,865.2460327148438
753.59912109375,511.6072082519531,767.1412353515625,841.84423828125,736.7268676757812,505.052001953125,748.1508178710938,835.15625,724.6406860351562,488.78558349609375,737.5115966796875,826.3992919921875,712.38134765625,449.9713439941406,728.512451171875,813.6697998046875,692.9840698242188,430.2241516113281,705.8056030273438,840.7058715820312,687.0860595703125,401.1600646972656,700.8048706054688,817.1688232421875,696.89697265625,403.93426513671875,714.0454711914062,818.8910522460938,856.196533203125,489.5389404296875,860.5980834960938,886.1669921875,880.5999145507812,488.16107177734375,886.247802734375,882.1304931640625,906.8553466796875,483.7415466308594,908.2035522460938,877.131103515625,898.4019775390625,463.2267150878906,904.93408203125,836.907470703125,925.5778198242188,426.8765869140625,930.6900024414062,846.6617431640625,923.802001953125,398.6888732910156,930.6310424804688,829.4550170898438,948.882568359375,402.2183837890625,952.7192993164062,831.8135375976562,540.0880126953125,377.69036865234375,560.2030639648438,837.6984252929688,754.0418701171875,400.61029052734375,764.32666015625,821.2166748046875,810.654296875,397.88458251953125,818.5473022460938,826.2647094726562,870.9227905273438,392.0362243652344,874.5963134765625,828.0811157226562,1032.5845947265625,415.47076416015625,1033.7745361328125,841.3629150390625,1119.311767578125,421.3856506347656,1173.419921875,858.9568481445312,1208.0670166015625,423.47674560546875,1226.892333984375,861.0180053710938,1284.5677490234375,428.336181640625,1260.096923828125,865.4942016601562,1352.34423828125,436.8439636230469,1340.5850830078125,871.9114379882812,1422.232421875,449.83465576171875,1413.5821533203125,864.9749145507812
746.273681640625,513.92529296875,759.5088500976562,843.6242065429688,731.7150268554688,507.79827880859375,746.3603515625,836.70263671875,720.0364990234375,490.2148132324219,735.4057006835938,828.4505004882812,712.422607421875,450.39556884765625,726.7124633789062,813.7086181640625,690.12841796875,429.99639892578125,704.3276977539062,840.6937866210938,685.689697265625,400.95806884765625,698.6282958984375,815.6828002929688,695.7955322265625,402.9507141113281,712.1428833007812,818.5989379882812,856.2316284179688,489.4811096191406,860.6002807617188,886.1830444335938,880.6325073242188,488.241943359375,886.2197265625,881.9412231445312,906.9515991210938,483.8087158203125,908.3970947265625,877.0115356445312,897.5707397460938,463.401611328125,905.039794921875,835.23779296875,924.454833984375,426.95111083984375,929.2590942382812,846.8375854492188,922.7369384765625,398.5817565917969,928.9444580078125,829.3671264648438,947.5056762695312,401.76416015625,951.2064208984375,831.5354614257812,538.7073974609375,376.90240478515625,559.335693359375,837.0082397460938,752.8048095703125,400.7064208984375,762.0345458984375,822.1284790039062,809.896484375,398.36224365234375,816.263671875,826.2047119140625,869.8460693359375,392.4705505371094,872.9414672851562,828.38232421875,1031.843994140625,415.35333251953125,1032.2088623046875,841.0435791015625,1119.2218017578125,421.5855407714844,1174.7484130859375,858.8297119140625,1203.35205078125,423.4339599609375,1194.37060546875,857.4174194335938,1282.62646484375,428.28741455078125,1260.3939208984375,865.6810302734375,1348.80859375,436.3443908691406,1340.060791015625,872.05029296875,1421.01708984375,449.808837890625,1412.756103515625,865.1216430664062
740.8632202148438,516.3755493164062,754.0293579101562,841.2770385742188,726.4840698242188,509.35797119140625,737.5979614257812,834.9812622070312,714.9580078125,490.7826843261719,727.945068359375,826.5210571289062,711.206298828125,451.8460388183594,724.4622192382812,814.9393920898438,690.1378784179688,430.3598937988281,703.1237182617188,839.6058959960938,685.3486938476562,400.8536682128906,697.8287353515625,815.43212890625,695.533447265625,402.8014221191406,711.663818359375,818.7881469726562,856.2395629882812,489.62359619140625,860.7149047851562,885.9598999023438,880.6080932617188,488.25946044921875,886.2182006835938,881.7656860351562,906.8927001953125,483.7041931152344,908.7677612304688,876.8338623046875,896.9295043945312,463.44842529296875,904.0314331054688,835.0630493164062,923.766357421875,427.06201171875,926.5143432617188,847.2259521484375,922.1149291992188,398.7013244628906,926.7786865234375,829.0167846679688,946.8348999023438,401.6239318847656,948.993408203125,831.3306274414062,537.9702758789062,375.737548828125,558.7412719726562,836.2640991210938,751.5553588867188,401.1170654296875,761.614501953125,822.7931518554688,809.316650390625,398.685546875,815.4422607421875,826.1307373046875,869.0499267578125,392.77056884765625,872.649658203125,828.4174194335938,1031.3485107421875,415.173583984375,1031.4765625,841.412109375,1116.8692626953125,421.3899841308594,1173.149658203125,858.8536376953125,1202.4185791015625,423.52777099609375,1227.1070556640625,860.7606201171875,1282.946533203125,428.4571533203125,1260.7940673828125,865.6453857421875,1348.1549072265625,436.27520751953125,1340.579345703125,872.2362670898438,1420.05224609375,449.7720642089844,1412.3426513671875,865.8258666992188
733.8257446289062,518.5987548828125,742.1427612304688,840.0189819335938,719.8677368164062,511.9149475097656,728.1072998046875,833.3787841796875,710.0441284179688,492.6974792480469,722.3250732421875,826.5879516601562,708.6065673828125,451.686279296875,722.7849731445312,815.3325805664062,688.6491088867188,429.7047119140625,703.5103149414062,838.0457153320312,683.4458618164062,400.39935302734375,697.435546875,814.8477783203125,693.83154296875,402.2362976074219,712.075439453125,818.4578857421875,856.2626342773438,489.60321044921875,860.859619140625,886.00146484375,880.5550537109375,488.3701171875,886.1890258789062,881.7921752929688,906.8225708007812,483.8016662597656,908.544921875,876.9212646484375,897.5663452148438,463.1830139160156,903.9343872070312,835.680419921875,923.1239624023438,427.66412353515625,926.6250610351562,847.3294677734375,921.365966796875,399.0063171386719,926.6972045898438,829.113037109375,946.17431640625,401.3870849609375,949.0081176757812,831.4042358398438,536.8836059570312,375.4800720214844,557.7635498046875,835.7080078125,749.3909912109375,400.6512756347656,762.327880859375,822.8921508789062,807.283447265625,398.3562927246094,815.849853515625,826.2379760742188,866.8228759765625,393.4316711425781,872.9989013671875,828.344482421875,1029.526123046875,415.4078674316406,1030.5081787109375,841.311767578125,1114.5003662109375,421.3666687011719,1168.26416015625,859.136474609375,1201.065185546875,423.5095520019531,1221.5045166015625,861.7811889648438,1283.0526123046875,428.6712341308594,1258.8919677734375,866.18115234375,1345.7618408203125,436.0553283691406,1339.2891845703125,872.1336059570312,1419.1097412109375,449.94000244140625,1411.6336669921875,866.2567749023438
724.7315063476562,522.4459228515625,731.4493408203125,842.1920166015625,711.3938598632812,512.2490234375,716.7504272460938,832.2569580078125,705.3565063476562,491.39404296875,714.6650390625,825.8778686523438,706.4132690429688,452.0028991699219,721.6218872070312,816.651123046875,687.3651123046875,429.0861511230469,703.7492065429688,837.9930419921875,682.48876953125,400.0011901855469,698.0989990234375,815.220703125,692.5824584960938,401.8388366699219,711.54931640625,819.0064697265625,856.2730712890625,489.61309814453125,860.858642578125,885.9822387695312,880.552978515625,488.4128112792969,886.3720703125,881.8741455078125,906.6997680664062,483.8988342285156,908.6077880859375,877.3588256835938,897.2818603515625,463.07794189453125,904.3650512695312,835.9413452148438,922.0142211914062,427.5421447753906,928.1195068359375,847.3041381835938,920.1875610351562,399.1873474121094,927.0995483398438,829.3560180664062,945.0892944335938,401.2037353515625,949.4514770507812,831.4873657226562,536.0104370117188,374.49798583984375,556.7833251953125,835.2379760742188,748.3305053710938,400.87060546875,763.509765625,823.2083740234375,806.2319946289062,399.08612060546875,816.7301635742188,826.48046875,865.4959106445312,393.9881896972656,873.3250732421875,828.489013671875,1028.70654296875,415.136962890625,1030.7578125,841.4423828125,1114.666748046875,421.2283630371094,1167.3968505859375,859.0795288085938,1201.6322021484375,423.49871826171875,1220.740478515625,861.6592407226562,1282.312255859375,428.7034606933594,1258.80517578125,866.1016235351562,1345.3187255859375,436.0462341308594,1338.8011474609375,872.2400512695312,1418.135498046875,449.9030456542969,1410.801513671875,866.67431640625
713.412109375,526.0302734375,714.8867797851562,839.1974487304688,703.525146484375,514.0330200195312,707.17236328125,834.0006103515625,701.054443359375,491.28265380859375,707.4205932617188,827.9407958984375,704.2682495117188,453.2466125488281,718.95947265625,817.4552001953125,686.8239135742188,428.86260986328125,704.5552978515625,839.5921630859375,680.1450805664062,399.3662109375,699.9223022460938,816.4613037109375,691.3028564453125,401.50921630859375,713.2103881835938,819.0103759765625,856.3250122070312,489.6494140625,861.0006713867188,885.9639282226562,880.5835571289062,488.4306945800781,886.5100708007812,881.9367065429688,906.9950561523438,483.87530517578125,908.6193237304688,877.3192138671875,896.6300659179688,463.34259033203125,904.0393676757812,835.620849609375,920.95849609375,427.3440246582031,927.11669921875,847.8370361328125,918.5074462890625,399.04486083984375,927.158203125,829.5308837890625,943.6170654296875,401.091552734375,949.50830078125,831.6581420898438,535.0589599609375,373.5920715332031,555.7586669921875,834.82421875,747.2556762695312,400.7706604003906,765.4796752929688,823.28076171875,805.1060791015625,399.36517333984375,818.7572631835938,826.57666015625,864.1346435546875,393.94842529296875,874.25,828.8558959960938,1027.0325927734375,414.763671875,1030.235595703125,841.2531127929688,1112.431884765625,420.6671142578125,1168.785400390625,859.36669921875,1201.650146484375,423.1007385253906,1182.579833984375,857.652099609375,1277.0460205078125,428.25048828125,1258.0958251953125,866.36083984375,1344.394287109375,435.81549072265625,1342.742431640625,872.6051635742188,1416.996826171875,449.9355163574219,1409.9647216796875,867.2606811523438
703.463623046875,528.6033935546875,708.1490478515625,837.0463256835938,696.1932983398438,514.2235107421875,700.296142578125,830.4842529296875,694.9990234375,491.58123779296875,702.4534301757812,825.324462890625,702.9193115234375,453.94085693359375,713.7804565429688,817.3069458007812,685.3417358398438,428.4620666503906,702.56689453125,840.1144409179688,679.1065673828125,398.9407653808594,697.8663940429688,816.8899536132812,690.3138427734375,400.9964599609375,710.7864990234375,819.570068359375,856.3265991210938,489.66265869140625,860.7589111328125,886.0541381835938,880.5947875976562,488.4261169433594,886.4574584960938,881.87060546875,907.0908813476562,483.87109375,908.9231567382812,877.4906005859375,896.2950439453125,463.6734313964844,903.1571655273438,834.8890991210938,920.09765625,427.459716796875,926.6282958984375,848.2014770507812,916.700439453125,398.62188720703125,927.4887084960938,829.72802734375,942.5491943359375,401.3126525878906,950.0838623046875,831.954833984375,533.7054443359375,372.75067138671875,554.8986206054688,834.380615234375,746.4349365234375,400.9655456542969,761.5377807617188,823.1234741210938,804.2678833007812,398.7513732910156,816.2330322265625,826.5765991210938,863.1336059570312,394.51593017578125,873.1841430664062,829.0365600585938,1025.458740234375,414.5002746582031,1031.8262939453125,841.7001953125,1110.566162109375,420.8900146484375,1166.100830078125,858.9649658203125,1200.962646484375,422.9531555175781,1220.6436767578125,861.8025512695312,1281.9425048828125,428.76947021484375,1257.897216796875,866.2230224609375,1344.8841552734375,435.908203125,1337.8665771484375,872.4814453125,1416.3416748046875,449.86962890625,1409.20947265625,867.6612548828125
694.6793212890625,530.9285278320312,701.6893920898438,838.9535522460938,689.0018920898438,514.9872436523438,694.0565795898438,829.9871215820312,689.99072265625,492.6705017089844,697.5613403320312,825.0878295898438,700.9310913085938,454.3263244628906,708.6580200195312,817.9710693359375,684.25732421875,427.78997802734375,699.7843627929688,838.9171752929688,677.9736938476562,398.8581237792969,696.5350952148438,816.0537109375,689.1932983398438,400.8615417480469,708.26416015625,819.3037109375,856.4154052734375,489.7030029296875,860.55419921875,886.2256469726562,880.7225341796875,488.43621826171875,886.1492919921875,881.8524169921875,907.2760620117188,483.89794921875,908.7744140625,877.6097412109375,895.9943237304688,464.1524963378906,902.6493530273438,835.2410888671875,919.4710693359375,427.26702880859375,925.4573974609375,848.4234008789062,915.680419921875,398.6507263183594,923.5861206054688,830.4111328125,941.7769775390625,401.3877258300781,948.2864990234375,832.0840454101562,532.6242065429688,372.0127258300781,553.8939208984375,834.2987670898438,745.4781494140625,400.8608093261719,758.8994140625,822.7791748046875,803.4196166992188,399.2181701660156,814.7312622070312,826.652099609375,861.594970703125,394.9170837402344,871.1943359375,829.0297241210938,1025.7725830078125,414.49139404296875,1029.6575927734375,841.5997924804688,1110.4248046875,420.9234619140625,1166.451171875,858.8016357421875,1200.3345947265625,423.181396484375,1181.3785400390625,857.4462890625,1279.120361328125,428.6410827636719,1255.591064453125,866.2081909179688,1345.8878173828125,436.3775634765625,1335.26806640625,872.6168212890625,1415.68798828125,449.64215087890625,1408.08447265625,867.6240234375
686.029541015625,531.8963623046875,693.7860717773438,837.9462280273438,681.89453125,513.9304809570312,689.5999755859375,828.9905395507812,684.7496337890625,492.50115966796875,692.3442993164062,823.9632568359375,699.6016235351562,455.3833312988281,706.3077392578125,817.5415649414062,683.634765625,427.871337890625,698.27587890625,839.9300537109375,677.4594116210938,398.6342468261719,696.2471923828125,816.462158203125,688.924560546875,400.64251708984375,708.1083374023438,819.3511962890625,856.434326171875,489.7884826660156,860.6649780273438,886.4691772460938,880.6959228515625,488.53741455078125,886.1227416992188,881.9888305664062,907.2415771484375,483.87353515625,908.7484130859375,877.8560791015625,895.6401977539062,464.2792663574219,902.5227661132812,835.179443359375,918.7203979492188,427.3409729003906,924.7774047851562,848.6653442382812,915.099365234375,398.49102783203125,921.3984375,830.9210815429688,941.4833984375,401.8600769042969,947.212890625,832.0467529296875,531.6165771484375,371.2535400390625,553.1746826171875,834.3234252929688,745.712890625,400.94842529296875,758.9588012695312,823.031005859375,803.1130981445312,399.10186767578125,815.245361328125,826.8092041015625,861.1617431640625,394.9315185546875,870.7579956054688,829.0595703125,1025.5716552734375,414.2851257324219,1028.9166259765625,841.5911865234375,1109.074462890625,420.6415100097656,1167.7509765625,858.8118896484375,1198.25830078125,422.88922119140625,1182.0494384765625,857.302001953125,1277.287109375,428.4513244628906,1255.878662109375,866.1900634765625,1343.5093994140625,435.85882568359375,1334.880859375,872.8480834960938,1414.4844970703125,449.6023254394531,1406.869873046875,867.7015991210938
676.7880859375,532.5270385742188,690.1532592773438,842.103515625,674.4344482421875,512.7572631835938,685.0025634765625,832.017333984375,679.8919677734375,491.9078063964844,686.6865844726562,827.0089721679688,698.27001953125,455.77081298828125,703.2989501953125,817.23388671875,682.2703857421875,427.5615234375,695.0130615234375,840.10302734375,676.3139038085938,398.3712463378906,694.693359375,815.686279296875,687.3806762695312,400.68841552734375,706.15576171875,818.203125,856.4166259765625,489.7923278808594,860.5477905273438,886.5338745117188,880.7758178710938,488.5228271484375,885.8489990234375,881.9422607421875,907.4312744140625,484.0360412597656,908.4043579101562,877.9411010742188,894.9482421875,465.0992431640625,902.0296630859375,835.219482421875,917.044921875,427.4537353515625,924.5552978515625,848.8016967773438,913.3123168945312,398.4647521972656,921.20166015625,830.8738403320312,940.146240234375,401.5831298828125,946.914794921875,832.0165405273438,530.4649047851562,370.69097900390625,552.24560546875,834.1414184570312,744.2662963867188,400.8706359863281,757.5827026367188,822.9291381835938,801.7103881835938,399.5941162109375,814.2930908203125,826.8659057617188,858.9937133789062,395.06585693359375,870.0203247070312,829.2600708007812,1022.7891845703125,414.6225891113281,1028.9393310546875,841.4647216796875,1108.72216796875,420.390625,1167.19091796875,858.4505004882812,1197.604736328125,422.8321533203125,1179.4366455078125,857.2759399414062,1275.67578125,428.6279296875,1256.699462890625,865.7288818359375,1342.3941650390625,435.7739562988281,1332.83984375,872.6290283203125,1413.1805419921875,449.3274841308594,1405.6287841796875,867.8881225585938
668.787353515625,531.3121337890625,678.7817993164062,835.1616821289062,668.3431396484375,511.13568115234375,676.8687744140625,828.1060180664062,675.7998657226562,491.0321044921875,682.787109375,823.4867553710938,695.1243896484375,456.3839416503906,704.3773803710938,817.489990234375,680.4959106445312,426.9887390136719,695.9216918945312,838.3350219726562,675.2736206054688,397.848388671875,693.244873046875,815.3883056640625,685.963134765625,400.116455078125,704.2236938476562,818.038330078125,856.5197143554688,489.87310791015625,860.4293212890625,886.5071411132812,880.7410278320312,488.6374816894531,885.526123046875,881.9976806640625,907.4146728515625,484.12347412109375,908.0578002929688,877.9364624023438,894.5380859375,465.3849792480469,901.8369750976562,835.9056396484375,916.3937377929688,427.39837646484375,924.4360961914062,848.9397583007812,912.9799194335938,398.6144104003906,921.1407470703125,830.8826904296875,939.5614624023438,401.3271179199219,946.9247436523438,832.2569580078125,528.9048461914062,369.7392883300781,550.9364624023438,834.1368408203125,742.855712890625,401.44171142578125,755.6528930664062,823.022216796875,800.3843383789062,400.3647766113281,812.337890625,826.96337890625,857.4933471679688,395.2584533691406,869.1995239257812,829.1521606445312,1024.5106201171875,413.77911376953125,1030.041015625,841.4612426757812,1109.0386962890625,420.0532531738281,1164.986328125,858.2349853515625,1197.384765625,422.93560791015625,1178.5692138671875,857.4022216796875,1275.304931640625,428.36859130859375,1255.13916015625,865.502197265625,1340.4852294921875,436.17578125,1331.4705810546875,872.84716796875,1411.7008056640625,449.1109924316406,1403.928466796875,867.2367553710938
659.3722534179688,529.7227783203125,668.540771484375,839.9922485351562,662.3800659179688,509.7415466308594,667.1533813476562,827.5770263671875,669.2612915039062,491.3603210449219,675.52978515625,824.26123046875,692.3796997070312,456.8117980957031,700.6282348632812,817.0432739257812,679.4759521484375,427.02783203125,693.8370361328125,837.6301879882812,675.22021484375,398.0327453613281,690.562744140625,814.9338989257812,684.8975219726562,399.62896728515625,701.8505859375,818.470458984375,856.6266479492188,490.03228759765625,860.0703125,886.6005859375,880.7607421875,488.6772155761719,885.6278076171875,881.7675170898438,907.404541015625,484.2469787597656,908.4158935546875,877.7947387695312,894.0745239257812,465.63128662109375,901.5284423828125,835.4520874023438,915.7056274414062,427.6549987792969,922.8941650390625,848.7692260742188,912.406005859375,398.9733581542969,919.0020751953125,830.5885009765625,938.0932006835938,401.4056091308594,944.9443969726562,832.2222900390625,528.0062866210938,369.2641296386719,549.8494262695312,833.8466796875,741.8408203125,401.42022705078125,753.8583374023438,822.933837890625,799.1720581054688,400.9435119628906,810.5460205078125,827.230712890625,856.5189208984375,395.9272155761719,867.05078125,829.014892578125,1022.0775756835938,414.1921691894531,1028.8333740234375,841.2750854492188,1107.8377685546875,419.81524658203125,1164.7708740234375,858.046875,1197.4166259765625,422.7527160644531,1179.1041259765625,857.6216430664062,1274.9698486328125,428.1332702636719,1254.013916015625,865.8662109375,1338.51513671875,435.9876708984375,1331.19873046875,872.8004150390625,1410.5565185546875,449.4104919433594,1402.801513671875,867.0601806640625
649.2252807617188,528.9352416992188,660.3843994140625,839.702392578125,655.0831298828125,508.04962158203125,662.8319091796875,828.0639038085938,664.0803833007812,491.2246398925781,672.0686645507812,825.89697265625,690.167724609375,457.9306640625,701.035400390625,818.0623779296875,677.9370727539062,426.7237854003906,692.36279296875,838.0447387695312,674.2447509765625,397.387451171875,690.0167846679688,814.6546020507812,684.8287963867188,399.7753601074219,701.9354858398438,818.4390258789062,856.576904296875,490.0911560058594,860.0009765625,886.5054321289062,880.7172241210938,488.772216796875,885.6390380859375,881.4905395507812,907.247802734375,484.3278503417969,908.525146484375,877.5568237304688,893.8355712890625,466.0467834472656,901.5164794921875,835.1116943359375,914.5076904296875,427.9715576171875,921.6594848632812,848.8443603515625,910.5355834960938,399.3575744628906,917.4149169921875,830.3417358398438,935.8391723632812,401.34149169921875,941.489990234375,831.6490478515625,527.1209106445312,368.759765625,548.7615356445312,833.3062744140625,740.5492553710938,401.5216369628906,753.9666748046875,823.1840209960938,797.4525146484375,402.1993408203125,810.1549072265625,827.1412963867188,857.3493041992188,395.5823974609375,866.76806640625,829.1312255859375,1019.5588989257812,413.7388610839844,1026.180419921875,841.1878051757812,1106.0069580078125,419.5663757324219,1164.976318359375,858.4766845703125,1194.89208984375,422.2511291503906,1177.4632568359375,857.9041748046875,1273.576416015625,428.1246032714844,1254.4290771484375,866.0170288085938,1338.96728515625,436.0572509765625,1330.2373046875,872.9814453125,1409.293212890625,449.4525451660156,1401.901123046875,867.1967163085938
639.9791259765625,525.5286254882812,649.2969970703125,840.2281494140625,646.7733764648438,505.83380126953125,653.8787841796875,829.5299072265625,657.8362426757812,490.2231140136719,666.5200805664062,825.361572265625,687.3292236328125,458.12542724609375,697.2886962890625,817.29541015625,675.4905395507812,426.22320556640625,690.7817993164062,838.1047973632812,672.6360473632812,396.8795471191406,689.8603515625,814.8798217773438,682.6568603515625,399.5283203125,701.4677734375,818.916015625,856.6934814453125,490.1309509277344,859.6934814453125,886.3932495117188,880.7640380859375,488.7660217285156,885.4058837890625,881.4010009765625,907.1880493164062,484.521240234375,908.8665161132812,877.447021484375,893.9431762695312,467.3151550292969,900.7208862304688,835.119873046875,913.9952392578125,428.01348876953125,920.6432495117188,848.5057373046875,909.3715209960938,399.6468811035156,917.013916015625,830.5770874023438,934.57470703125,401.1736755371094,941.443359375,831.92333984375,525.73486328125,367.96746826171875,547.481201171875,832.8793334960938,738.6632080078125,401.6118469238281,752.67333984375,822.8997802734375,795.7606811523438,402.6705627441406,809.02490234375,827.4114379882812,855.5964965820312,396.36981201171875,865.7825317382812,829.31396484375,1016.9129028320312,413.10479736328125,1026.2698974609375,841.4083251953125,1104.5321044921875,419.5661926269531,1160.8175048828125,858.0172729492188,1190.525390625,421.7381896972656,1178.555908203125,858.1448364257812,1273.548095703125,428.0030822753906,1254.4488525390625,866.1625366210938,1338.138916015625,436.0162658691406,1329.46533203125,873.0440673828125,1408.3515625,449.12811279296875,1400.70654296875,867.0166625976562
630.6500854492188,522.0265502929688,641.6029663085938,841.26220703125,640.596435546875,503.6685485839844,645.346435546875,829.258544921875,653.7390747070312,488.945068359375,659.29541015625,824.6014404296875,683.4697265625,461.18707275390625,693.3089599609375,817.7789306640625,674.1300048828125,426.1385192871094,689.158203125,838.7477416992188,671.1083984375,396.2706604003906,689.1327514648438,815.369873046875,681.669189453125,399.1760559082031,700.2713012695312,819.0721435546875,856.62060546875,490.12725830078125,859.6956176757812,886.4644165039062,880.7255249023438,488.7532958984375,885.0828857421875,881.525390625,907.2144775390625,484.69677734375,908.5316162109375,877.6065063476562,893.6505737304688,467.5464172363281,899.5796508789062,835.3452758789062,913.4332275390625,428.4532470703125,920.1734619140625,848.8599243164062,908.8023681640625,399.8934631347656,916.7427978515625,830.8599853515625,934.0921020507812,401.2395324707031,941.30078125,831.9623413085938,524.744873046875,367.8880920410156,546.6288452148438,832.8023071289062,737.5261840820312,401.6911315917969,751.7339477539062,822.844482421875,795.0724487304688,403.0581970214844,808.3652954101562,827.628662109375,854.66259765625,396.9268798828125,865.005615234375,829.3348388671875,1017.1719970703125,412.9209899902344,1019.6783447265625,841.0715942382812,1102.818359375,419.3283386230469,1159.2315673828125,858.3016357421875,1189.0716552734375,421.75775146484375,1179.9793701171875,858.34326171875,1274.2027587890625,427.9987487792969,1253.5731201171875,866.6664428710938,1337.500244140625,436.04754638671875,1328.6998291015625,873.0322875976562,1407.2724609375,449.08026123046875,1398.47705078125,866.3790893554688
620.9396362304688,519.8335571289062,630.3956298828125,839.0697021484375,631.5723876953125,503.21246337890625,639.9730834960938,828.6555786132812,647.10888671875,489.4804382324219,655.3135375976562,825.7068481445312,680.0487670898438,461.3286437988281,690.555419921875,818.0432739257812,673.0140380859375,425.7939758300781,688.7178955078125,838.7182006835938,669.9115600585938,395.5565185546875,689.4476318359375,815.6306762695312,681.5498657226562,398.9617919921875,700.9483642578125,819.14013671875,856.5700073242188,490.1020812988281,859.799560546875,886.6737060546875,880.693115234375,488.866943359375,885.2472534179688,881.609375,907.202392578125,484.8210754394531,908.7462768554688,877.7962036132812,893.5555419921875,467.76324462890625,899.0115966796875,834.9656372070312,912.9345703125,428.49957275390625,918.8451538085938,849.086669921875,907.8512573242188,400.0000305175781,915.2128295898438,830.8965454101562,932.8430786132812,401.270263671875,939.7164306640625,831.98974609375,524.0656127929688,367.2059020996094,546.1891479492188,832.6810302734375,736.7091064453125,401.70098876953125,751.3414916992188,823.4553833007812,794.4475708007812,403.5070495605469,806.3403930664062,826.9384155273438,854.2003784179688,397.14520263671875,862.2213745117188,829.38134765625,1016.2584228515625,412.7310791015625,1019.22998046875,841.4951171875,1102.25732421875,419.1764221191406,1159.393310546875,858.4285888671875,1187.9732666015625,421.69891357421875,1179.4764404296875,858.452392578125,1268.542724609375,428.0426025390625,1252.919677734375,867.0740966796875,1336.1617431640625,435.7602844238281,1327.8013916015625,873.041748046875,1406.062255859375,449.0440979003906,1397.202392578125,866.204833984375
614.2869262695312,514.7836303710938,621.5431518554688,835.2479248046875,626.7041015625,501.2997131347656,636.429931640625,826.2115478515625,642.1259765625,488.50341796875,651.6041870117188,825.8045654296875,675.4815673828125,462.86297607421875,686.9808959960938,818.094970703125,671.3098754882812,426.2397766113281,687.7799072265625,839.0804443359375,668.1697998046875,395.31634521484375,688.4496459960938,815.7437133789062,679.7389526367188,398.8984069824219,700.4481201171875,818.5665893554688,856.5513305664062,490.1299743652344,859.884765625,886.6959228515625,880.6557006835938,488.8672180175781,885.2999877929688,881.6459350585938,907.1928100585938,484.9796447753906,908.9666748046875,877.8179321289062,893.1633911132812,468.2475891113281,899.1812744140625,835.2127685546875,912.1123046875,428.8925476074219,917.98828125,849.7108764648438,906.808349609375,400.3584899902344,913.9790649414062,830.9049072265625,931.8973388671875,401.46649169921875,936.615234375,833.130126953125,523.8673095703125,366.32928466796875,545.36376953125,832.4560546875,735.2991333007812,402.3597412109375,750.4623413085938,823.3700561523438,793.6384887695312,403.9203186035156,805.7514038085938,827.11669921875,852.920654296875,397.535400390625,861.6904907226562,829.60009765625,1015.2000732421875,412.58941650390625,1017.4776000976562,841.9788208007812,1098.784912109375,418.9918212890625,1159.5013427734375,858.513671875,1184.792724609375,421.9056396484375,1177.4248046875,858.64208984375,1266.4180908203125,427.77716064453125,1251.7274169921875,867.0069580078125,1331.18017578125,434.83636474609375,1326.155029296875,872.298095703125,1405.0006103515625,448.8805847167969,1396.532470703125,866.9066772460938
606.8739013671875,512.4110717773438,615.1043701171875,834.8486938476562,620.7512817382812,498.8555603027344,629.5118408203125,825.1869506835938,638.11474609375,487.1971740722656,646.7057495117188,824.3329467773438,671.9036254882812,463.5706481933594,683.7763061523438,818.77978515625,669.2923583984375,426.2322692871094,687.5955200195312,839.6373901367188,667.392333984375,394.93212890625,689.18896484375,815.7601318359375,678.5276489257812,398.58154296875,701.0997314453125,818.782470703125,856.5660400390625,490.1161193847656,859.9183959960938,886.7008056640625,880.4946899414062,488.81524658203125,885.3919677734375,881.7349243164062,907.1702880859375,484.8983459472656,909.01806640625,877.658447265625,892.5731201171875,468.5912780761719,899.478515625,835.7721557617188,911.3510131835938,428.5955505371094,915.5842895507812,850.0735473632812,905.8909301757812,400.5408630371094,911.2052001953125,830.7186279296875,930.9740600585938,401.1800842285156,933.949462890625,833.002685546875,522.6976928710938,365.90618896484375,544.5176391601562,832.2315673828125,733.8849487304688,402.1868896484375,749.5235595703125,823.3368530273438,792.2974243164062,404.59393310546875,804.0475463867188,827.4447631835938,852.2077026367188,398.3671569824219,860.2034301757812,829.5634155273438,1013.7297973632812,413.0921630859375,1016.302734375,842.0676879882812,1096.7874755859375,418.7317810058594,1158.0770263671875,858.7496948242188,1184.586669921875,422.05914306640625,1178.8157958984375,858.4293212890625,1266.2200927734375,427.8179016113281,1246.6844482421875,865.8960571289062,1329.5704345703125,434.4866027832031,1325.263916015625,872.5029296875,1403.4427490234375,448.7130432128906,1395.9625244140625,866.7617797851562
599.2518310546875,507.57379150390625,608.5850830078125,836.2296142578125,615.2518920898438,496.7491455078125,623.8509521484375,827.0906372070312,631.660888671875,486.10675048828125,640.2864379882812,825.607666015625,669.3508911132812,463.8363952636719,679.0701293945312,818.9990234375,667.4745483398438,426.0481872558594,685.9967041015625,839.7294921875,666.6716918945312,394.6925964355469,686.5606689453125,815.5657348632812,677.7295532226562,398.4768371582031,698.2715454101562,818.1710815429688,856.5972290039062,490.0531005859375,859.85791015625,886.8071899414062,880.5787963867188,488.7720031738281,885.3588256835938,881.8557739257812,907.1458129882812,485.0344543457031,908.8360595703125,877.6201171875,892.1878662109375,469.3877258300781,898.6187744140625,835.671630859375,910.2630004882812,428.7909851074219,914.7349243164062,850.0756225585938,904.365966796875,401.1628112792969,908.3233032226562,830.3185424804688,929.7864379882812,401.34088134765625,932.7195434570312,833.076171875,521.6792602539062,365.6995849609375,543.4313354492188,832.0678100585938,732.74853515625,402.1378173828125,747.6923828125,823.2534790039062,790.6572875976562,403.5239562988281,802.5568237304688,827.2305908203125,850.7553100585938,398.7017822265625,859.150390625,829.692138671875,1012.9688720703125,412.9215393066406,1015.4620971679688,841.322021484375,1095.5931396484375,418.4958190917969,1153.6439208984375,858.9745483398438,1185.170654296875,421.74188232421875,1180.0582275390625,858.1375732421875,1266.3917236328125,427.95343017578125,1244.553466796875,866.2114868164062,1325.01171875,434.1350402832031,1324.4278564453125,872.5712890625,1402.6785888671875,448.6566467285156,1395.033935546875,866.8517456054688
593.90771484375,504.3238830566406,605.6327514648438,836.05126953125,610.8665161132812,493.7049255371094,623.183349609375,826.9254760742188,627.439453125,483.6257629394531,636.8873901367188,826.6671142578125,665.728759765625,463.99188232421875,675.637939453125,819.6983032226562,665.8074951171875,425.2473449707031,682.9498901367188,840.2366943359375,664.8270874023438,394.5172424316406,685.270751953125,815.1427001953125,677.1576538085938,398.03533935546875,696.6757202148438,817.6947631835938,856.5550537109375,490.09857177734375,859.6964111328125,886.8081665039062,880.6194458007812,488.6517639160156,885.266357421875,881.703857421875,907.1279296875,484.8713073730469,908.7134399414062,877.311767578125,891.8256225585938,469.8761291503906,897.8322143554688,835.5051879882812,908.8324584960938,428.6695861816406,910.8442993164062,849.91064453125,902.7349243164062,399.9599914550781,906.5861206054688,830.3543701171875,927.806884765625,401.15618896484375,931.3712158203125,833.1314697265625,520.5784301757812,364.7384948730469,542.6204223632812,831.3612060546875,731.760986328125,402.05828857421875,746.8011474609375,823.2166137695312,789.8450927734375,403.8619384765625,801.5372924804688,827.2280883789062,849.5924072265625,398.7943115234375,858.6996459960938,829.8098754882812,1010.4368286132812,412.4490661621094,1013.2353515625,840.9901733398438,1094.0068359375,418.9855041503906,1156.141357421875,858.6804809570312,1183.52587890625,421.84228515625,1167.3455810546875,857.65087890625,1260.9971923828125,427.39495849609375,1243.850341796875,866.422119140625,1327.843505859375,434.05889892578125,1322.9034423828125,872.6015014648438,1401.9658203125,448.62255859375,1394.36669921875,867.2280883789062
587.205810546875,500.7940673828125,599.4843139648438,835.2224731445312,605.8565673828125,492.41436767578125,616.3605346679688,825.6672973632812,624.9025268554688,482.1310119628906,632.3786010742188,825.651611328125,662.8291015625,466.11956787109375,670.2939453125,819.7954711914062,664.5511474609375,425.15484619140625,679.5503540039062,839.5221557617188,663.6115112304688,394.5445861816406,682.79931640625,815.29638671875,675.7440795898438,398.0497131347656,694.5685424804688,817.7874755859375,856.5833740234375,490.07525634765625,859.6060791015625,886.5241088867188,880.7269287109375,488.5753173828125,884.7650756835938,881.6484375,907.1151123046875,484.7709045410156,908.3204956054688,877.3602905273438,891.3936767578125,470.18792724609375,897.05029296875,835.45263671875,907.8518676757812,428.2514953613281,910.5318603515625,850.1215209960938,901.8316040039062,399.9425354003906,906.0856323242188,830.505126953125,927.3365478515625,401.0291748046875,931.4117431640625,833.2297973632812,519.1614379882812,364.290771484375,541.3999633789062,831.08154296875,730.6782836914062,402.2037658691406,743.2960205078125,822.9254150390625,788.6373291015625,403.90350341796875,800.0684204101562,827.309814453125,847.7161865234375,399.9574890136719,855.3262329101562,830.3211669921875,1009.5345458984375,412.38494873046875,1013.4705200195312,841.1761474609375,1091.938720703125,418.82843017578125,1152.4029541015625,858.94287109375,1182.443359375,422.25823974609375,1167.1192626953125,857.7132568359375,1258.0546875,427.0998840332031,1242.619384765625,866.6046142578125,1325.4464111328125,433.9797668457031,1321.9705810546875,872.4631958007812,1401.07763671875,448.1951599121094,1393.501708984375,867.2650756835938
581.1006469726562,495.67205810546875,594.799560546875,833.9378662109375,601.555419921875,488.78802490234375,612.34130859375,825.2471313476562,620.3630981445312,480.72381591796875,629.6671752929688,824.5090942382812,659.017822265625,466.05242919921875,667.6992797851562,820.417724609375,663.065673828125,425.26812744140625,676.6024780273438,839.50048828125,662.8095092773438,394.13568115234375,680.575927734375,813.9827270507812,674.3536376953125,397.6119079589844,691.4848022460938,817.5054321289062,856.7166748046875,490.04559326171875,859.4580078125,886.3487548828125,880.7999267578125,488.48358154296875,884.5590209960938,881.4383544921875,907.1046142578125,484.8257141113281,908.358642578125,877.1170043945312,890.8134765625,470.2293395996094,896.4391479492188,835.2710571289062,906.7232666015625,428.0278625488281,910.4010009765625,850.514892578125,900.8148193359375,399.91815185546875,906.0382080078125,830.7805786132812,926.1801147460938,400.96588134765625,931.17724609375,833.4041137695312,517.7625122070312,363.8684997558594,540.59619140625,830.862060546875,729.1063842773438,402.0533752441406,741.7396240234375,822.4952392578125,786.827880859375,404.24566650390625,799.2769775390625,827.3152465820312,846.2633666992188,400.1058349609375,854.20068359375,830.2054443359375,1008.7233276367188,412.34222412109375,1013.0991821289062,841.1589965820312,1092.6278076171875,418.7417297363281,1148.788818359375,859.001220703125,1182.6622314453125,421.9757995605469,1167.0223388671875,857.8387451171875,1262.1326904296875,427.675048828125,1240.6241455078125,866.4405517578125,1325.877197265625,434.01922607421875,1320.322021484375,872.3842163085938,1400.0194091796875,447.68475341796875,1392.085205078125,867.1121826171875
576.0392456054688,491.9717102050781,587.6775512695312,835.5895385742188,596.205078125,486.2119140625,606.5315551757812,825.5303955078125,614.0482788085938,478.94586181640625,622.9913330078125,825.787353515625,655.8167724609375,465.3956604003906,661.6564331054688,821.8386840820312,661.3800659179688,424.0626525878906,675.015625,839.541259765625,661.425048828125,393.2591552734375,681.7201538085938,814.1873779296875,673.0404052734375,396.8744201660156,691.7786254882812,817.2387084960938,856.673095703125,490.02655029296875,859.536865234375,886.36572265625,880.7449951171875,488.49713134765625,884.4551391601562,881.3052978515625,907.1132202148438,484.9280700683594,908.31201171875,877.0445556640625,890.2360229492188,470.3797302246094,896.0870971679688,835.5482788085938,906.3461303710938,428.0318603515625,907.916015625,850.2662353515625,899.060546875,399.90081787109375,902.6280517578125,830.9906616210938,924.9526977539062,401.0201110839844,928.303466796875,833.73583984375,516.474853515625,362.872314453125,539.7138061523438,830.7310180664062,728.4264526367188,401.8735046386719,741.282958984375,822.3496704101562,785.5223388671875,403.83233642578125,797.8037109375,827.455322265625,844.482177734375,399.9937744140625,852.339599609375,830.0997314453125,1008.2969360351562,412.3343505859375,1011.4315185546875,841.1890869140625,1091.073486328125,418.30126953125,1149.617431640625,858.92236328125,1181.20947265625,421.7745666503906,1166.4110107421875,857.8148193359375,1260.1827392578125,427.3720703125,1240.51904296875,865.4334106445312,1325.1129150390625,434.0064392089844,1319.3563232421875,872.32666015625,1398.8621826171875,447.4093017578125,1390.89111328125,867.156494140625
571.0374755859375,488.0736389160156,580.8640747070312,835.7986450195312,592.1976318359375,482.7410583496094,601.0054931640625,827.9393920898438,610.2411499023438,477.8470153808594,618.2708129882812,827.2918701171875,651.3992309570312,465.6985778808594,655.75244140625,822.2979125976562,659.8428344726562,422.9023742675781,671.95166015625,839.1271362304688,660.3875122070312,392.23004150390625,680.2031860351562,813.5386352539062,671.8798828125,395.8692626953125,690.1449584960938,816.7567138671875,856.6403198242188,489.9877014160156,859.6771240234375,886.52880859375,880.7457275390625,488.4972229003906,884.670654296875,881.292724609375,907.1424560546875,484.8826599121094,908.7169799804688,876.5819091796875,889.917724609375,470.44073486328125,896.0353393554688,835.7706298828125,905.7240600585938,427.6141357421875,906.8455200195312,850.4099731445312,898.3660278320312,399.80596923828125,901.5338745117188,831.16845703125,924.3128051757812,400.8277893066406,927.2479248046875,833.8616943359375,515.6864624023438,361.5924377441406,538.8563232421875,830.3421020507812,727.6309204101562,402.441650390625,740.2280883789062,822.1249389648438,784.5411376953125,404.07525634765625,796.8060913085938,827.633544921875,843.656494140625,400.017333984375,851.3444213867188,830.158935546875,1007.5363159179688,412.2884826660156,1011.2590942382812,840.9906005859375,1089.874267578125,418.1361999511719,1147.9384765625,858.8358764648438,1180.21435546875,421.45989990234375,1164.097900390625,858.1370849609375,1259.9454345703125,427.3238525390625,1238.7982177734375,865.2122192382812,1325.8380126953125,434.19097900390625,1317.2474365234375,872.24609375,1397.6392822265625,447.19061279296875,1389.845703125,867.090087890625
567.58154296875,483.1083984375,577.7003173828125,836.4456787109375,587.968505859375,479.69488525390625,594.7758178710938,830.2203979492188,607.5191040039062,474.7951354980469,612.4943237304688,828.7341918945312,648.215087890625,465.7730712890625,650.6189575195312,823.6253051757812,658.2294311523438,422.2668151855469,670.4534912109375,838.8399047851562,659.4153442382812,391.3874206542969,678.4442749023438,813.0457763671875,670.9869995117188,395.3370056152344,688.4794311523438,816.2467651367188,856.5319213867188,489.9599304199219,859.8151245117188,886.60400390625,880.7850341796875,488.4416809082031,884.765625,881.3207397460938,907.079833984375,484.8586730957031,908.7777099609375,876.3413696289062,889.654541015625,470.6367492675781,896.2794189453125,835.9430541992188,905.208251953125,427.9519348144531,905.05908203125,849.5599365234375,897.726806640625,399.9023742675781,899.853515625,831.1609497070312,923.5084838867188,400.8493347167969,925.168212890625,833.7207641601562,514.321044921875,360.6125793457031,537.8603515625,830.5287475585938,726.8706665039062,402.4266357421875,738.29931640625,821.8524169921875,783.779541015625,404.3905944824219,795.0034790039062,827.6112670898438,843.0606079101562,400.26861572265625,849.2286376953125,830.0221557617188,1006.7387084960938,412.8204650878906,1010.5101928710938,841.044677734375,1089.082275390625,417.9873962402344,1145.5909423828125,858.6030883789062,1178.7861328125,421.1893005371094,1163.0355224609375,858.094482421875,1257.7510986328125,426.8106994628906,1237.51171875,865.4237060546875,1323.70947265625,434.0653076171875,1317.1153564453125,872.5466918945312,1396.5504150390625,447.0234680175781,1388.6929931640625,867.0160522460938
563.2564086914062,479.3559265136719,574.4825439453125,837.106689453125,583.36865234375,477.7123718261719,592.4146728515625,830.8323364257812,603.234619140625,473.62896728515625,609.4288940429688,828.8926391601562,644.3571166992188,465.8189697265625,647.4530639648438,823.4801635742188,656.8919067382812,422.1559753417969,668.9342041015625,839.4789428710938,658.90380859375,391.4861145019531,679.1393432617188,813.1875,670.28857421875,395.16290283203125,689.0736083984375,816.3180541992188,856.5379028320312,490.0194396972656,859.697265625,886.5380249023438,880.7772216796875,488.4092712402344,884.4642944335938,881.2621459960938,907.1386108398438,484.7052001953125,908.94384765625,875.9009399414062,889.3128662109375,470.906494140625,895.554443359375,836.047607421875,904.0523071289062,427.6112060546875,906.16357421875,850.9868774414062,895.9165649414062,400.3223876953125,900.4890747070312,831.5859985351562,921.945556640625,400.6903991699219,926.0292358398438,834.1058959960938,513.6055297851562,359.5435791015625,536.974365234375,830.42724609375,726.0816040039062,402.5064392089844,739.1934204101562,822.1548461914062,782.4498291015625,405.4297180175781,796.1990966796875,827.6190185546875,841.2316284179688,400.431396484375,850.0380859375,830.0421142578125,1005.5348510742188,412.7581787109375,1011.8701171875,841.4058227539062,1089.7969970703125,418.1877746582031,1141.790771484375,857.9241943359375,1178.4423828125,421.0448913574219,1163.646484375,858.4100341796875,1257.62353515625,426.83154296875,1236.3001708984375,865.8276977539062,1323.5985107421875,434.1286315917969,1315.7003173828125,872.6563720703125,1395.6103515625,447.07122802734375,1387.7060546875,866.7977294921875
559.1839599609375,476.28924560546875,570.914306640625,834.9105224609375,580.1827392578125,474.689697265625,591.6778564453125,831.097412109375,599.3660278320312,471.3276062011719,608.8341674804688,830.7409057617188,641.0333251953125,464.8813171386719,645.4791259765625,822.8944702148438,655.5142211914062,422.2496337890625,667.566162109375,839.4091186523438,657.4659423828125,390.9088439941406,678.536865234375,813.0598754882812,668.8200073242188,394.33990478515625,688.5335083007812,816.31689453125,856.4104614257812,489.9805603027344,859.7887573242188,886.7507934570312,880.7010498046875,488.3926086425781,884.6632690429688,881.3413696289062,907.06201171875,484.65899658203125,909.3229370117188,875.2573852539062,889.195556640625,471.0110778808594,895.5201416015625,835.753173828125,903.7662963867188,427.45465087890625,904.9821166992188,849.8869018554688,895.7196044921875,400.27569580078125,900.0759887695312,831.8759765625,921.5438232421875,400.637939453125,925.0794677734375,834.1272583007812,512.8546752929688,358.50103759765625,536.740966796875,830.9329223632812,724.6452026367188,402.1687927246094,738.869140625,822.396728515625,781.62548828125,405.5716552734375,796.0792236328125,827.7987060546875,841.5714111328125,400.1380615234375,850.7026977539062,830.9462890625,1005.6398315429688,412.8757629394531,1011.1439819335938,841.193603515625,1090.230224609375,418.1476745605469,1143.8243408203125,858.3987426757812,1178.182861328125,420.83447265625,1164.25927734375,858.5416870117188,1253.4697265625,426.690185546875,1236.7744140625,866.3043823242188,1322.8890380859375,434.00390625,1315.23193359375,872.8583984375,1394.57763671875,447.184814453125,1386.875244140625,866.5261840820312
555.8786010742188,472.10308837890625,566.4628295898438,834.7761840820312,577.0996704101562,471.6478576660156,587.6153564453125,831.3875732421875,596.5963745117188,469.8012390136719,606.2066650390625,831.4398803710938,637.8756103515625,463.9262390136719,643.2245483398438,826.1656494140625,654.3362426757812,421.6842346191406,667.354736328125,839.3271484375,656.585205078125,390.5783386230469,677.3556518554688,812.9437866210938,667.8826293945312,393.7841491699219,687.7395629882812,816.1090087890625,856.3118896484375,489.9700622558594,859.6744384765625,886.9344482421875,880.7155151367188,488.41778564453125,884.6949462890625,881.3988647460938,907.0867919921875,484.5526428222656,909.2941284179688,875.1038208007812,888.768310546875,471.0426025390625,895.1741943359375,836.4019165039062,903.1859130859375,427.5872802734375,905.5717163085938,851.0633544921875,895.1897583007812,400.3548278808594,900.272705078125,832.127685546875,920.8822631835938,400.8490905761719,924.6061401367188,834.0347900390625,512.2459716796875,357.39288330078125,535.9060668945312,831.24365234375,723.7315673828125,401.96527099609375,738.7113647460938,822.3565673828125,781.064453125,405.6593017578125,796.4661865234375,827.9019165039062,840.8881225585938,400.41656494140625,850.4549560546875,830.9576416015625,1003.9218139648438,412.7171630859375,1003.6624145507812,840.341064453125,1088.4931640625,418.3143310546875,1142.7899169921875,858.1157836914062,1174.6611328125,420.80712890625,1162.473388671875,858.402099609375,1253.341796875,426.7087097167969,1236.634765625,866.3151245117188,1322.3104248046875,433.84716796875,1314.0732421875,872.8295288085938,1393.3038330078125,446.80706787109375,1386.2821044921875,866.6704711914062
552.4081420898438,469.381103515625,561.870849609375,835.7490234375,573.6874389648438,469.5469055175781,583.2595825195312,833.2256469726562,593.5458374023438,468.5373840332031,601.5485229492188,832.8636474609375,633.8643188476562,464.62310791015625,640.3997802734375,829.08984375,653.7655639648438,421.21124267578125,666.3589477539062,839.6958618164062,656.3274536132812,390.0661926269531,677.0436401367188,812.8216552734375,667.676513671875,393.5230712890625,687.487548828125,815.8004760742188,856.2949829101562,489.8721008300781,859.5491333007812,886.7112426757812,880.7676391601562,488.3789367675781,884.5314331054688,881.486328125,906.9925537109375,484.6247253417969,909.3237915039062,875.175048828125,888.257080078125,471.3444519042969,895.2781982421875,835.8772583007812,902.4287109375,427.96923828125,905.9252319335938,851.0765991210938,895.2669677734375,400.711181640625,900.8064575195312,832.199951171875,919.8654174804688,400.9302673339844,925.5043334960938,834.3762817382812,511.6076965332031,356.1985778808594,535.388427734375,831.0101928710938,722.51220703125,401.8331298828125,738.4417724609375,822.3555297851562,780.1337280273438,405.83050537109375,796.2203979492188,827.9027099609375,839.74609375,400.6576232910156,850.1784057617188,831.0282592773438,1002.9243774414062,412.3284606933594,1003.638427734375,840.5577392578125,1088.3692626953125,418.23699951171875,1142.1334228515625,858.3128662109375,1175.21044921875,421.15478515625,1163.0645751953125,858.51611328125,1253.5567626953125,426.7984924316406,1236.310302734375,866.2847900390625,1321.9913330078125,433.71270751953125,1313.2467041015625,872.8878784179688,1392.1837158203125,446.466552734375,1385.3406982421875,866.6506958007812
550.3131713867188,465.6651306152344,559.510009765625,835.7410888671875,570.56494140625,467.9454345703125,581.1836547851562,833.5264282226562,591.853759765625,467.8798828125,599.9624633789062,833.742431640625,631.0438842773438,464.5238037109375,639.2484741210938,830.9009399414062,652.3453369140625,421.1898498535156,667.0557861328125,840.2421264648438,655.0418701171875,389.5163269042969,678.7930297851562,813.3860473632812,666.824462890625,393.1997985839844,689.2305297851562,816.0765991210938,856.220458984375,489.8486633300781,859.490478515625,886.6468505859375,880.800048828125,488.4000549316406,884.3555908203125,881.3206176757812,906.958251953125,484.5270690917969,909.0860595703125,874.7665405273438,888.112060546875,471.46734619140625,894.7394409179688,836.3502197265625,901.3404541015625,428.152587890625,905.7240600585938,850.9530639648438,894.12548828125,400.8768005371094,901.062255859375,832.3883056640625,919.1661376953125,400.9683532714844,925.1146850585938,834.3152465820312,511.09393310546875,354.8150939941406,534.7446899414062,830.6590576171875,721.0045166015625,401.2674255371094,740.0814819335938,822.5159912109375,778.9476928710938,405.8697204589844,797.5015869140625,827.8300170898438,838.9445190429688,400.7080993652344,850.6732788085938,831.0307006835938,1002.273681640625,412.28662109375,1003.8689575195312,840.7889404296875,1087.8773193359375,418.37457275390625,1141.30712890625,858.7678833007812,1176.274169921875,421.0489196777344,1163.6226806640625,858.5805053710938,1254.8621826171875,426.81268310546875,1230.601806640625,865.2264404296875,1322.0120849609375,433.64019775390625,1312.8646240234375,872.746337890625,1391.5870361328125,445.78973388671875,1384.244140625,866.5360717773438
545.9942016601562,462.5919189453125,557.5183715820312,836.2156372070312,566.9948120117188,465.10540771484375,578.1296997070312,834.8280639648438,588.1737060546875,465.104248046875,596.5526123046875,835.5321655273438,627.22802734375,463.62725830078125,638.5018310546875,832.7891235351562,651.3547973632812,420.7857360839844,666.3953857421875,841.3513793945312,654.1112670898438,389.4900817871094,678.919189453125,813.32470703125,665.8040161132812,392.84405517578125,689.7067260742188,816.0149536132812,856.3710327148438,489.7982482910156,859.55615234375,886.6763916015625,880.8682861328125,488.2497863769531,883.9757080078125,881.2509765625,906.9349365234375,484.3648681640625,908.947265625,874.5103759765625,888.8688354492188,471.6614685058594,893.7103881835938,836.382568359375,900.3375244140625,428.40716552734375,905.461669921875,851.029541015625,892.9758911132812,401.1592102050781,900.8169555664062,832.522216796875,917.5982666015625,401.14984130859375,924.6767578125,834.25390625,510.32977294921875,354.1131286621094,534.2360229492188,830.4202270507812,720.6390380859375,401.0543212890625,740.6987915039062,822.483642578125,778.7144775390625,405.9479675292969,797.8065795898438,827.8153686523438,838.2190551757812,401.07275390625,851.3750610351562,831.1044921875,1001.1810302734375,411.97344970703125,1001.9033203125,840.8468627929688,1085.90869140625,418.3130798339844,1142.8072509765625,859.208740234375,1173.160888671875,421.4009704589844,1196.313232421875,861.4612426757812,1252.671142578125,426.8567810058594,1230.8382568359375,865.5166625976562,1320.622802734375,433.2701110839844,1312.8515625,872.7977905273438,1390.498291015625,445.5780334472656,1382.791748046875,865.8876953125
542.6876220703125,461.4067077636719,558.6607055664062,837.0332641601562,563.2847290039062,462.3822021484375,577.191162109375,835.9885864257812,584.1143798828125,462.40771484375,593.9517822265625,835.8010864257812,625.8079223632812,462.56695556640625,637.466064453125,834.5150756835938,649.795166015625,420.4747619628906,665.255126953125,841.2498168945312,653.2039794921875,388.8729553222656,677.3333740234375,813.1557006835938,664.0801391601562,393.52142333984375,688.2528686523438,815.787841796875,856.3282470703125,489.8169250488281,859.5704956054688,886.8858642578125,880.8365478515625,488.2662353515625,883.8745727539062,881.3736572265625,906.7528076171875,484.1638488769531,908.4960327148438,874.6204223632812,888.6375122070312,471.9458923339844,894.3665161132812,836.8324584960938,899.547607421875,429.3009338378906,905.4361572265625,851.2793579101562,892.2040405273438,401.5951843261719,900.4313354492188,832.71923828125,916.610107421875,401.6962585449219,924.098876953125,834.2721557617188,509.4913024902344,353.2077331542969,533.6636352539062,830.048828125,719.47607421875,400.72967529296875,739.6423950195312,822.4989013671875,777.8959350585938,406.1377868652344,796.3904418945312,827.705810546875,837.1567993164062,401.3454895019531,850.2694702148438,831.125732421875,998.5265502929688,412.45794677734375,1000.2069702148438,840.391845703125,1085.30908203125,418.6127014160156,1076.563232421875,853.3655395507812,1172.562744140625,421.6418151855469,1195.060791015625,862.9691162109375,1251.6964111328125,426.8959655761719,1230.8997802734375,865.7101440429688,1316.3653564453125,432.7037658691406,1312.0638427734375,872.6771240234375,1389.3668212890625,445.2951354980469,1382.031494140625,865.8243408203125
540.459228515625,459.4131774902344,557.0366821289062,837.2990112304688,561.2762451171875,461.732421875,575.1319580078125,836.9956665039062,582.3165893554688,460.2880859375,592.0964965820312,836.7263793945312,623.4661254882812,461.2413635253906,632.3203125,835.3825073242188,649.45458984375,418.98199462890625,663.9570922851562,841.447021484375,652.9227905273438,388.5169982910156,675.4569091796875,812.8167114257812,663.8323974609375,393.1004943847656,686.9639892578125,815.4989013671875,856.1430053710938,489.7719421386719,859.5484008789062,886.7830200195312,880.7855224609375,488.31671142578125,883.7410278320312,881.5109252929688,906.6995239257812,484.2420959472656,908.1045532226562,875.142578125,888.5716552734375,472.1663818359375,893.2620239257812,836.7528076171875,898.91796875,429.57769775390625,904.4697265625,850.5338745117188,890.9288940429688,401.8267517089844,900.0398559570312,833.029296875,915.69873046875,401.6676940917969,923.623291015625,834.24755859375,509.0180969238281,352.56329345703125,533.3274536132812,829.9378051757812,718.3869018554688,400.9913330078125,738.2749633789062,822.3115844726562,776.2120361328125,405.5080871582031,795.1067504882812,827.8374633789062,836.024658203125,401.6274719238281,849.8565063476562,831.23388671875,998.4746704101562,412.37603759765625,1001.3043823242188,840.4105834960938,1083.371337890625,418.5278625488281,1076.09423828125,853.66162109375,1170.2353515625,421.8746032714844,1195.0406494140625,863.1997680664062,1251.67333984375,426.8948059082031,1231.3714599609375,865.9085083007812,1315.971435546875,432.63812255859375,1311.988037109375,872.627685546875,1388.6104736328125,444.96295166015625,1381.6044921875,865.8497314453125
536.5657348632812,455.26629638671875,553.400146484375,837.6200561523438,558.0717163085938,457.9274597167969,573.119873046875,837.966064453125,579.3739624023438,458.8379211425781,590.0091552734375,838.1907958984375,620.8343505859375,459.76422119140625,630.9530639648438,835.8911743164062,647.9649047851562,418.32513427734375,662.7839965820312,840.6810302734375,652.235595703125,387.9259338378906,675.4849853515625,812.9031372070312,663.1866455078125,392.7506408691406,686.8338623046875,815.42724609375,856.1529541015625,489.7023010253906,859.3843994140625,886.9363403320312,880.7960205078125,488.2892761230469,883.4799194335938,881.4933471679688,906.5860595703125,484.3226623535156,908.1051025390625,874.9703369140625,888.3634643554688,472.5500183105469,893.3350830078125,837.1672973632812,898.0918579101562,430.09259033203125,904.5733642578125,850.7482299804688,889.4857177734375,402.3194885253906,900.3514404296875,833.3106079101562,914.1708984375,402.043701171875,923.9299926757812,834.4121704101562,508.69476318359375,351.785888671875,532.95166015625,829.9384765625,717.6021118164062,400.7416687011719,738.237548828125,822.437744140625,775.3590698242188,405.7674255371094,795.5372924804688,827.9061889648438,834.8333740234375,402.0643310546875,849.325439453125,831.4121704101562,997.6398315429688,412.3121643066406,1001.9293212890625,840.3662109375,1081.67041015625,418.4737243652344,1077.609130859375,854.0685424804688,1169.6761474609375,421.9838562011719,1194.193359375,863.1297607421875,1251.9991455078125,426.95819091796875,1231.94775390625,866.2679443359375,1314.9697265625,432.5345153808594,1311.897216796875,872.7194213867188,1387.9678955078125,444.7989501953125,1381.09228515625,866.2031860351562
536.0252075195312,452.6702575683594,547.87451171875,839.718994140625,555.7240600585938,456.7720031738281,568.6516723632812,840.1848754882812,576.8513793945312,457.3536682128906,586.1962280273438,840.4334716796875,618.3624267578125,458.5770263671875,628.1611328125,836.8607788085938,647.1055297851562,418.2405700683594,659.9501342773438,840.7332153320312,651.6511840820312,387.685546875,674.3603515625,812.9113159179688,662.7697143554688,392.5561218261719,685.1190795898438,815.2404174804688,856.0394897460938,489.7566223144531,859.3173217773438,887.0755615234375,880.6972045898438,488.1876220703125,883.45654296875,881.64599609375,906.4730834960938,484.1851806640625,907.889404296875,875.316650390625,888.144775390625,472.8030090332031,893.92431640625,837.3118896484375,897.771728515625,430.17254638671875,904.06591796875,850.86767578125,889.3157958984375,402.66302490234375,900.254638671875,833.3006591796875,913.8870239257812,402.23162841796875,923.917724609375,834.6117553710938,508.2593994140625,351.09515380859375,532.495361328125,829.677001953125,717.4027099609375,400.6979675292969,737.938232421875,822.50830078125,775.166015625,405.8602600097656,796.0337524414062,827.902587890625,834.6427001953125,402.6658020019531,849.49560546875,831.4688720703125,997.4768676757812,412.727783203125,1002.3287353515625,840.7149658203125,1081.411376953125,418.5917053222656,1077.4154052734375,854.3356323242188,1168.84228515625,422.0020751953125,1193.5611572265625,863.079833984375,1252.617919921875,427.225341796875,1229.7279052734375,866.479248046875,1312.4608154296875,432.2195739746094,1308.0462646484375,872.104736328125,1387.4520263671875,444.7668151855469,1380.6973876953125,866.5112915039062
533.5878295898438,450.50341796875,547.3015747070312,839.7416381835938,553.9147338867188,455.068359375,567.0341186523438,841.7282104492188,575.1133422851562,456.76153564453125,585.3251953125,842.29248046875,616.33935546875,457.4624328613281,626.3432006835938,838.3770141601562,646.118896484375,417.9866943359375,658.0715942382812,841.208740234375,650.77783203125,387.5786437988281,673.4205322265625,812.9298706054688,662.2371215820312,392.1934509277344,684.0596923828125,815.0899047851562,856.0057373046875,489.7198181152344,859.3248291015625,887.0214233398438,880.7290649414062,488.2095947265625,883.3584594726562,881.637939453125,906.5255737304688,484.137451171875,907.84326171875,875.5128784179688,887.9122924804688,472.87432861328125,893.6262817382812,837.2188110351562,896.9260864257812,430.6249694824219,904.6544189453125,850.869873046875,888.7765502929688,402.8306884765625,901.2681274414062,833.5487670898438,913.3350830078125,402.5340270996094,925.2788696289062,834.9168090820312,508.191162109375,350.012939453125,531.9237060546875,829.2113037109375,716.822021484375,400.65478515625,736.8062744140625,822.4696655273438,774.6917114257812,406.1530456542969,795.0927124023438,828.033203125,834.0552978515625,402.6475830078125,849.9603881835938,831.4949951171875,996.89208984375,412.7374267578125,1003.6939086914062,841.154052734375,1081.871337890625,418.7829284667969,1140.9473876953125,859.5899047851562,1167.8331298828125,422.35137939453125,1193.4027099609375,863.0996704101562,1245.9501953125,426.7796630859375,1229.18017578125,866.560302734375,1312.782470703125,432.1195983886719,1307.7891845703125,872.2162475585938,1386.9481201171875,444.62786865234375,1380.1387939453125,866.6753540039062
531.5711059570312,448.14190673828125,546.7960205078125,842.3678588867188,551.6541748046875,452.8810119628906,567.8585815429688,845.1828002929688,573.3524169921875,455.1589050292969,584.2418823242188,844.5115966796875,613.757080078125,455.75994873046875,625.4190673828125,840.4749755859375,644.7215576171875,417.49066162109375,656.9847412109375,841.0443115234375,647.8521118164062,386.25250244140625,671.9776000976562,812.923095703125,660.9002685546875,391.6775207519531,682.9154663085938,815.2658081054688,856.0046997070312,489.6809997558594,859.4871826171875,887.16943359375,880.7337036132812,488.1268310546875,883.439208984375,881.6527099609375,906.4376220703125,484.1380615234375,907.8426513671875,875.2648315429688,887.9749755859375,472.8836364746094,892.1270751953125,836.3956298828125,895.9949951171875,430.7267150878906,903.7207641601562,850.7706298828125,887.4337768554688,402.46258544921875,900.4744873046875,833.5532836914062,912.537353515625,402.84735107421875,921.7720947265625,834.9248657226562,507.36981201171875,349.8707275390625,531.2845458984375,828.876220703125,715.954833984375,400.481201171875,736.9222412109375,822.4730224609375,773.6694946289062,406.2825927734375,791.2901000976562,827.9855346679688,833.02685546875,403.16534423828125,846.1746215820312,832.04296875,994.803466796875,412.7639465332031,1003.8779296875,841.2841186523438,1078.999267578125,418.9761047363281,1082.6793212890625,854.7754516601562,1167.490966796875,422.40185546875,1187.1981201171875,862.9260864257812,1244.4185791015625,426.79913330078125,1229.5928955078125,866.7510375976562,1311.5452880859375,431.8402099609375,1311.6529541015625,872.7435913085938,1386.2713623046875,444.2369384765625,1379.42333984375,866.8038940429688
529.4649658203125,447.0044860839844,545.2413330078125,843.8544311523438,548.89208984375,450.7403259277344,565.6090087890625,846.5418090820312,569.9449462890625,452.7779541015625,581.914306640625,845.7015991210938,612.3558959960938,455.9294738769531,624.5660400390625,841.77734375,643.66796875,417.4585266113281,656.7849731445312,841.4300537109375,647.3889770507812,386.0207824707031,670.57470703125,812.761962890625,660.5331420898438,391.40631103515625,681.6217651367188,815.0044555664062,856.0032348632812,489.6391296386719,859.335693359375,887.1448364257812,880.7133178710938,488.0051574707031,883.5556030273438,881.6971435546875,906.4620361328125,484.1092224121094,907.888671875,875.8657836914062,887.8897094726562,473.3896179199219,892.1238403320312,836.1109008789062,895.5145263671875,430.99114990234375,902.2592163085938,850.7849731445312,886.4631958007812,402.6766357421875,898.5807495117188,833.4547119140625,911.5750732421875,402.7589416503906,920.240478515625,834.7372436523438,506.4920349121094,349.29071044921875,530.9823608398438,828.54736328125,715.378662109375,400.4161071777344,734.9091186523438,822.28271484375,772.7919921875,405.939697265625,789.2501220703125,827.7509155273438,832.1666870117188,403.1434326171875,844.68505859375,832.1359252929688,994.454833984375,412.7765197753906,1003.2791137695312,841.1021118164062,1078.6795654296875,419.5021057128906,1134.7071533203125,860.1566162109375,1166.873291015625,422.5204772949219,1187.6834716796875,863.0399780273438,1243.5804443359375,426.81695556640625,1228.2032470703125,866.8745727539062,1310.1605224609375,431.842529296875,1307.082275390625,872.044677734375,1385.2713623046875,444.0276184082031,1378.8028564453125,866.8121337890625
527.8468017578125,445.0351867675781,542.782958984375,844.298583984375,547.5696411132812,449.28741455078125,563.4843139648438,847.2803344726562,568.8032836914062,451.1696472167969,580.6576538085938,847.1381225585938,610.4354248046875,454.0436096191406,624.41162109375,841.5338745117188,643.342529296875,416.3592529296875,655.8916625976562,841.4815063476562,647.3195190429688,385.4389343261719,671.15478515625,812.696044921875,660.35302734375,390.83477783203125,682.331298828125,815.1653442382812,855.9994506835938,489.7028503417969,859.3557739257812,887.08251953125,880.7553100585938,487.98443603515625,883.578857421875,881.681396484375,906.3732299804688,484.06524658203125,907.7611694335938,875.785400390625,887.9414672851562,473.64892578125,891.1908569335938,835.51904296875,895.0468139648438,430.7864685058594,901.402099609375,850.8514404296875,885.6705932617188,402.6553955078125,897.6270751953125,833.2501220703125,910.8145141601562,402.7832946777344,919.6723022460938,834.5266723632812,506.07757568359375,349.26507568359375,530.5737915039062,828.404296875,715.1824951171875,400.34417724609375,735.0339965820312,822.2144775390625,772.0675659179688,405.8890380859375,789.1502075195312,827.58740234375,831.396728515625,404.3620910644531,843.9745483398438,832.0692138671875,994.2724609375,412.7109069824219,1003.458740234375,841.407470703125,1078.54248046875,419.60699462890625,1136.9195556640625,860.3081665039062,1167.00146484375,422.6466064453125,1151.8197021484375,859.1490478515625,1244.85791015625,426.937744140625,1227.04638671875,867.1201782226562,1310.2723388671875,431.8431701660156,1303.8056640625,871.8764038085938,1384.6368408203125,443.9297180175781,1378.1058349609375,867.1088256835938
525.8552856445312,443.55364990234375,541.2650146484375,846.6527099609375,545.6804809570312,448.0528259277344,561.0894165039062,848.4321899414062,567.4462890625,450.1060791015625,579.47705078125,848.643310546875,608.8683471679688,452.77423095703125,622.0042724609375,841.9074096679688,641.9271240234375,415.1854248046875,653.5819702148438,841.552978515625,646.6051635742188,385.0993347167969,670.1348876953125,812.3131713867188,659.3919067382812,390.6329345703125,681.227783203125,815.4266967773438,855.908447265625,489.6189270019531,859.6184692382812,887.202392578125,880.7169189453125,487.9587097167969,883.86083984375,881.6398315429688,906.3904418945312,484.0708312988281,908.1048583984375,875.4794311523438,888.0459594726562,473.82843017578125,891.6272583007812,835.7689819335938,894.7044067382812,430.4672546386719,900.9552001953125,850.6765747070312,885.225341796875,402.81866455078125,897.125,833.167724609375,910.4942016601562,402.6749572753906,919.5032958984375,834.375732421875,505.4480285644531,348.6921081542969,530.1336059570312,828.2717895507812,714.4764404296875,400.3731384277344,732.8203125,821.9411010742188,771.6994018554688,405.8150329589844,787.8711547851562,827.4920654296875,831.0880737304688,404.3645324707031,842.9866943359375,832.0492553710938,994.4264526367188,412.8323669433594,1002.9540405273438,841.5314331054688,1076.782470703125,419.544677734375,1135.6212158203125,860.1898803710938,1165.918701171875,422.7552795410156,1152.126220703125,859.14697265625,1242.99072265625,426.690673828125,1225.2926025390625,867.06689453125,1309.569580078125,431.825927734375,1303.092529296875,871.781982421875,1384.0860595703125,443.8551330566406,1377.53466796875,867.0079345703125
523.8232421875,442.9748840332031,540.9852294921875,848.2957153320312,544.2191772460938,447.31646728515625,561.3711547851562,849.5191650390625,565.9777221679688,449.02923583984375,579.1901245117188,850.9580688476562,607.6201171875,451.3416442871094,622.8975830078125,843.3421630859375,640.9956665039062,414.6788635253906,654.3408203125,841.8839111328125,645.6900024414062,384.5308837890625,670.7965087890625,812.2086181640625,658.6990966796875,389.7336120605469,681.3800659179688,815.2922973632812,856.0621948242188,489.6640625,859.3588256835938,887.1578979492188,880.6431274414062,487.83258056640625,883.9671020507812,881.7326049804688,906.5043334960938,483.8724670410156,908.367431640625,875.805908203125,887.935302734375,473.9754638671875,891.7781982421875,835.7947998046875,894.297119140625,430.51080322265625,902.107177734375,850.8426513671875,884.4827880859375,403.0274353027344,898.4105224609375,833.2672119140625,910.2976684570312,402.9310607910156,920.8067016601562,834.5992431640625,504.7165832519531,348.2954406738281,529.6305541992188,828.0426635742188,712.981201171875,399.89752197265625,733.0576171875,821.9471435546875,770.7495727539062,406.0623779296875,788.2711181640625,827.4506225585938,830.3410034179688,404.4472351074219,843.7141723632812,832.017578125,994.1224365234375,412.8303527832031,999.4677734375,840.9732055664062,1076.4952392578125,419.6005554199219,1136.8216552734375,860.2901000976562,1165.041748046875,422.8424377441406,1151.146484375,859.177001953125,1243.006591796875,426.8135986328125,1225.3365478515625,867.160400390625,1310.5423583984375,432.0048828125,1303.6910400390625,871.9594116210938,1384.4461669921875,443.7976379394531,1376.793701171875,867.0514526367188
522.981689453125,440.6724853515625,538.5208740234375,847.7267456054688,543.5831909179688,446.32122802734375,559.6766357421875,848.6472778320312,564.6207275390625,447.94720458984375,578.2077026367188,849.2015991210938,606.5609741210938,450.2399597167969,621.2311401367188,843.701171875,640.0263671875,413.8332214355469,653.537353515625,841.86083984375,645.1184692382812,384.0676574707031,670.1324462890625,812.120849609375,657.9970092773438,389.364013671875,681.06494140625,815.0514526367188,855.99951171875,489.602783203125,859.4598999023438,887.463623046875,880.6154174804688,487.8324279785156,884.061767578125,881.9281616210938,906.4381103515625,483.7872619628906,908.449951171875,875.6929321289062,887.9000854492188,473.8483581542969,892.1749877929688,836.1156005859375,894.0155639648438,430.62200927734375,902.0487670898438,851.0394897460938,883.9627685546875,403.1966247558594,898.385986328125,833.34765625,909.874267578125,403.0708312988281,921.1293334960938,834.5139770507812,504.1566467285156,347.98956298828125,529.3270874023438,828.1512451171875,712.2776489257812,399.6296691894531,731.5048217773438,821.8085327148438,770.1234130859375,405.9306640625,787.599365234375,827.528076171875,829.5406494140625,404.3177795410156,842.9265747070312,832.13232421875,993.4801025390625,412.9021301269531,1003.3746948242188,841.9837646484375,1075.8818359375,419.6691589355469,1134.4708251953125,860.51025390625,1165.6766357421875,422.8294982910156,1151.3468017578125,859.2616577148438,1242.94580078125,426.859130859375,1225.1357421875,865.7391967773438,1310.7666015625,432.0124816894531,1302.7359619140625,871.98974609375,1383.822998046875,443.7802429199219,1376.0245361328125,867.0965576171875
522.2341918945312,442.7665100097656,536.104248046875,849.5112915039062,543.0614013671875,445.9091491699219,557.7489624023438,850.91455078125,563.3963012695312,447.2805480957031,576.9193725585938,851.1910400390625,608.1107177734375,447.3043212890625,618.986328125,845.1432495117188,639.2794189453125,413.54754638671875,651.5463256835938,841.2042236328125,644.9222412109375,383.3669738769531,668.5732421875,811.6968994140625,657.9238891601562,388.7170715332031,680.3516845703125,814.818115234375,855.9520263671875,489.631103515625,859.384765625,887.3773803710938,880.550048828125,487.7660827636719,884.0106201171875,881.8379516601562,906.5042114257812,483.6698303222656,908.5977783203125,875.4292602539062,887.8389892578125,473.93597412109375,892.4758911132812,836.5552368164062,893.4361572265625,430.4749450683594,902.6932373046875,850.7883911132812,882.99365234375,403.41009521484375,898.9364624023438,833.4089965820312,908.7709350585938,403.1518249511719,921.78759765625,834.43896484375,503.6512145996094,347.4563903808594,529.1320190429688,828.006591796875,711.8634643554688,399.8197326660156,730.9922485351562,821.818115234375,769.314453125,405.5346374511719,788.3799438476562,827.689208984375,828.2661743164062,404.2232971191406,842.3980712890625,832.2994384765625,992.8865966796875,412.928955078125,1003.326171875,842.871337890625,1074.491455078125,419.5611572265625,1132.050048828125,860.403076171875,1164.287109375,422.523681640625,1150.1280517578125,859.5335693359375,1242.186767578125,426.7874450683594,1223.2769775390625,865.5993041992188,1310.3133544921875,432.0767517089844,1301.7440185546875,872.0404663085938,1383.2830810546875,443.67950439453125,1375.2955322265625,867.0672607421875
522.432861328125,442.44842529296875,535.2888793945312,853.2260131835938,542.4107666015625,445.85235595703125,557.243408203125,854.2757568359375,562.512939453125,446.6129455566406,577.076171875,854.4397583007812,607.619384765625,446.5248107910156,618.5118408203125,844.9044799804688,638.9749145507812,413.31201171875,650.7183227539062,841.4172973632812,644.4630126953125,383.0232849121094,667.6994018554688,811.5081787109375,657.2183837890625,388.3869323730469,679.5987548828125,814.6080932617188,856.0187377929688,489.65631103515625,859.5933837890625,887.5098266601562,880.5912475585938,487.6930847167969,884.2666625976562,882.0558471679688,906.587158203125,483.51739501953125,908.7662963867188,875.1347045898438,887.8282470703125,473.9066467285156,892.6371459960938,836.778564453125,892.7420043945312,430.3929443359375,901.064697265625,850.9127807617188,881.8939819335938,403.37567138671875,897.089111328125,833.2586669921875,907.568603515625,402.9841613769531,920.404541015625,834.1626586914062,503.06622314453125,347.37664794921875,528.8441162109375,828.0496215820312,711.0894775390625,399.4725341796875,729.3843383789062,821.76904296875,768.5092163085938,405.6418762207031,786.22119140625,827.6556396484375,827.4652099609375,404.15277099609375,838.8419189453125,831.367431640625,992.205322265625,412.73614501953125,1039.9710693359375,850.8518676757812,1074.831298828125,419.6296691894531,1132.6912841796875,860.4483032226562,1164.4158935546875,422.5102233886719,1149.1409912109375,859.6262817382812,1243.1766357421875,426.77215576171875,1223.5057373046875,865.9068603515625,1310.6845703125,432.08087158203125,1301.1632080078125,871.9890747070312,1382.73779296875,443.5816345214844,1374.7608642578125,867.1381225585938
521.6671142578125,442.7853088378906,535.8954467773438,855.6949462890625,541.630859375,445.8664855957031,557.6505126953125,856.5680541992188,561.6492309570312,446.3188171386719,577.7318725585938,856.75244140625,604.1309814453125,449.09954833984375,620.592041015625,846.2244873046875,638.4717407226562,412.8783874511719,653.1864624023438,842.1444091796875,643.8943481445312,382.5845031738281,667.5592041015625,811.4261474609375,656.4509887695312,387.9004821777344,679.4820556640625,814.4892578125,856.0582275390625,489.6645812988281,859.6448974609375,887.685302734375,880.6114501953125,487.5834045410156,884.30322265625,882.1964111328125,906.5728759765625,483.50311279296875,908.983154296875,874.8324584960938,887.49267578125,473.8110656738281,892.5067138671875,837.0424194335938,892.1209716796875,430.2090759277344,900.7857666015625,851.1419067382812,881.2416381835938,403.502685546875,896.8124389648438,833.246337890625,906.9864501953125,403.1903991699219,920.1432495117188,834.0469360351562,502.5307922363281,347.1330261230469,528.2199096679688,828.0154418945312,710.356201171875,399.2471618652344,728.736083984375,821.8997192382812,767.7000122070312,405.62982177734375,785.8932495117188,827.8406372070312,826.478759765625,404.2437438964844,839.0679931640625,831.5025024414062,990.312744140625,413.21502685546875,1000.5742797851562,844.1184692382812,1074.75146484375,419.3661193847656,1132.8026123046875,861.10888671875,1163.6953125,422.579833984375,1151.3419189453125,860.687255859375,1242.0892333984375,426.5748596191406,1223.4248046875,866.1212768554688,1309.09619140625,431.967041015625,1301.21728515625,872.0465698242188,1382.0531005859375,443.447021484375,1374.3311767578125,866.677734375
520.9239501953125,443.5444641113281,537.7257080078125,859.2720947265625,541.0182495117188,446.1158142089844,558.23193359375,859.416259765625,561.1240234375,446.25909423828125,578.4845581054688,858.1705322265625,603.5739135742188,448.9970703125,624.8197021484375,845.9019165039062,637.79345703125,412.5666198730469,651.7401733398438,841.285400390625,643.2166748046875,382.3049011230469,667.02001953125,811.1015625,655.7080688476562,387.5946350097656,678.6248168945312,814.3863525390625,855.9229736328125,489.5309143066406,859.7298583984375,887.6328125,880.6034545898438,487.54632568359375,884.5010986328125,882.1406860351562,906.6502075195312,483.4644775390625,909.1243286132812,874.7456665039062,887.4835205078125,474.1429443359375,892.0446166992188,836.9418334960938,891.5850219726562,430.1325988769531,900.0582275390625,851.3345336914062,880.96044921875,403.3121032714844,896.1402587890625,833.3521118164062,907.0077514648438,403.0647888183594,919.6021118164062,834.1720581054688,501.7501525878906,346.9917297363281,527.7603759765625,827.6895751953125,710.0782470703125,399.5697021484375,728.41796875,821.9340209960938,766.9014282226562,407.04669189453125,786.157958984375,827.74658203125,826.0984497070312,404.4776611328125,838.9644165039062,831.4561157226562,990.4155883789062,413.1015625,999.72021484375,844.080322265625,1074.763671875,419.32025146484375,1133.3677978515625,861.561767578125,1163.13427734375,422.4479675292969,1152.2064208984375,860.9702758789062,1241.1588134765625,426.3768310546875,1222.819091796875,866.277587890625,1307.9127197265625,431.6867370605469,1300.52880859375,872.2574462890625,1381.315185546875,443.342041015625,1373.6143798828125,866.6404418945312
520.0445556640625,444.37835693359375,538.0283203125,861.3505859375,540.0595092773438,446.48681640625,559.6328125,859.9979858398438,560.5288696289062,446.3794250488281,580.8336181640625,858.7462768554688,602.8622436523438,448.70379638671875,628.791748046875,846.3626098632812,637.4747924804688,411.6156311035156,653.823486328125,842.012451171875,642.9622802734375,381.7277526855469,666.9603881835938,810.8298950195312,655.2761840820312,386.906982421875,678.5382690429688,814.2743530273438,855.9945068359375,489.5640869140625,859.6480102539062,887.6804809570312,880.6444702148438,487.4942626953125,884.5179443359375,882.0230712890625,906.5901489257812,483.40789794921875,909.3367919921875,874.3760375976562,887.5726928710938,474.38348388671875,891.0797729492188,836.5503540039062,891.4141845703125,430.06903076171875,900.2030639648438,851.328857421875,880.61669921875,403.3418884277344,893.3760375976562,833.4346313476562,906.74853515625,403.15771484375,919.4678955078125,834.3607177734375,501.0749816894531,346.802001953125,527.1749267578125,827.4761962890625,709.3411865234375,399.3435363769531,728.484375,821.8566284179688,765.9934692382812,406.863037109375,785.6566772460938,827.7258911132812,825.5028076171875,404.30072021484375,841.200439453125,832.5167236328125,990.0458984375,413.0748596191406,999.4163818359375,843.9472045898438,1074.4383544921875,419.2016906738281,1072.1697998046875,854.2527465820312,1163.26513671875,422.2486572265625,1151.7991943359375,861.2320556640625,1237.26904296875,426.22882080078125,1224.66650390625,866.503662109375,1307.2496337890625,431.6431579589844,1300.237548828125,872.265380859375,1380.5791015625,443.2310791015625,1373.0057373046875,866.5838623046875
519.4073486328125,445.39752197265625,536.411376953125,863.2794189453125,539.5498657226562,446.9171142578125,559.491943359375,862.4734497070312,560.0840454101562,446.8341064453125,581.49755859375,860.9154663085938,601.985107421875,448.7889099121094,630.0064086914062,846.40771484375,636.7922973632812,411.421875,653.7862548828125,841.7749633789062,642.4248657226562,381.395263671875,666.4781494140625,810.3773803710938,655.0177001953125,386.576416015625,677.6140747070312,813.8203125,855.9730834960938,489.56280517578125,859.4667358398438,887.7807006835938,880.6089477539062,487.4765625,884.5869140625,881.9998779296875,906.5823974609375,483.3568420410156,909.8291015625,874.2850952148438,887.3378295898438,474.2998046875,890.96533203125,835.881591796875,890.7071533203125,429.9778137207031,899.82373046875,851.1473388671875,880.0033569335938,403.2364196777344,892.937255859375,833.2626953125,905.8082275390625,403.0967102050781,919.20361328125,834.4515991210938,500.5696105957031,346.1031494140625,526.4564208984375,827.4020385742188,709.044677734375,399.47918701171875,727.4368286132812,820.9389038085938,766.0734252929688,406.95428466796875,784.9459838867188,827.5358276367188,826.1600341796875,403.8812561035156,841.1470947265625,832.5221557617188,988.4550170898438,412.7501220703125,999.216796875,843.7724609375,1074.1297607421875,419.0053405761719,1073.0086669921875,854.331298828125,1163.258056640625,422.13861083984375,1151.85693359375,861.0100708007812,1241.3822021484375,426.4393310546875,1222.769775390625,866.4334106445312,1307.393798828125,431.7528076171875,1299.04443359375,872.1658935546875,1379.765625,443.2312316894531,1372.333740234375,866.1543579101562
519.1729736328125,446.4254150390625,536.9954223632812,866.4566040039062,539.6471557617188,447.415283203125,559.8624267578125,863.4308471679688,559.8428955078125,447.5782165527344,582.9038696289062,862.5672607421875,601.3511352539062,449.0091857910156,632.287841796875,846.5184936523438,636.4214477539062,411.5210876464844,654.3094482421875,842.0525512695312,642.0910034179688,381.10791015625,666.0107421875,810.2808837890625,654.4624633789062,386.24652099609375,677.026123046875,813.5896606445312,856.004150390625,489.5684509277344,859.4627685546875,887.5927734375,880.7012329101562,487.4225769042969,884.7588500976562,881.8833618164062,906.5924072265625,483.38714599609375,910.0579833984375,874.1024169921875,887.3126831054688,474.1581726074219,891.2904052734375,835.5396118164062,890.28271484375,429.91241455078125,900.3650512695312,850.7529907226562,879.3985595703125,403.0921630859375,893.5465698242188,833.2735595703125,904.9918823242188,403.0638122558594,919.7594604492188,834.2149658203125,500.234375,345.54022216796875,525.8397827148438,827.34814453125,708.6495971679688,399.34466552734375,726.9541625976562,820.88330078125,765.7281494140625,406.9288330078125,784.8301391601562,827.4840087890625,825.3825073242188,403.8370666503906,841.1024169921875,832.5027465820312,986.8621826171875,412.3943176269531,998.6455688476562,843.75048828125,1073.482666015625,418.93414306640625,1072.798095703125,854.4637451171875,1162.43994140625,421.8948974609375,1151.4039306640625,861.1590576171875,1241.3465576171875,426.4667053222656,1224.03125,866.76171875,1307.102783203125,431.76324462890625,1299.1785888671875,872.0570068359375,1379.260009765625,443.25579833984375,1371.711669921875,865.9766235351562
518.5424194335938,446.317626953125,539.72216796875,868.255615234375,539.9060668945312,447.8594055175781,562.0587768554688,864.791259765625,559.8489379882812,448.19024658203125,584.1041870117188,862.2941284179688,600.6123046875,449.2334289550781,631.299560546875,847.153076171875,635.9517822265625,411.2207336425781,653.6710205078125,842.1614990234375,641.8162231445312,381.0190734863281,664.896484375,809.8847045898438,653.9444580078125,386.0666198730469,676.1419677734375,813.1454467773438,856.0244750976562,489.5627136230469,859.0888671875,887.4871826171875,880.6036376953125,487.42498779296875,884.7024536132812,881.7626953125,906.5732421875,483.251953125,910.1305541992188,873.7880249023438,887.135009765625,474.15313720703125,891.5437622070312,835.6295166015625,889.82763671875,430.26416015625,899.0326538085938,850.9175415039062,879.1498413085938,403.1343994140625,891.2476196289062,833.1090698242188,904.031494140625,402.72003173828125,917.6538696289062,834.6341552734375,499.6725158691406,345.3735046386719,524.6577758789062,827.7520141601562,707.9571533203125,399.2876281738281,725.6863403320312,820.5335693359375,765.4946899414062,406.70220947265625,783.0994262695312,827.4685668945312,824.9111328125,403.5660095214844,838.066162109375,831.1195068359375,986.5339965820312,412.2550964355469,997.5017700195312,843.6515502929688,1072.283935546875,418.6111755371094,1072.1810302734375,854.2098999023438,1162.1822509765625,421.8317565917969,1150.405029296875,861.236328125,1241.6627197265625,426.5982971191406,1223.321533203125,866.8955688476562,1306.9765625,431.8190002441406,1299.6304931640625,872.2129516601562,1378.5557861328125,443.2310485839844,1371.118408203125,865.8545532226562
518.646728515625,448.3866882324219,538.9234008789062,870.7916870117188,540.26611328125,448.7483215332031,562.00927734375,866.2308959960938,560.1075439453125,449.0270690917969,586.7688598632812,863.420654296875,600.7625122070312,449.11297607421875,634.0791625976562,843.7796630859375,635.3231201171875,410.5008544921875,652.7440795898438,841.5380249023438,641.5482788085938,380.5743713378906,662.8563842773438,809.2774658203125,653.521240234375,385.61126708984375,674.0388793945312,812.4692993164062,856.0548095703125,489.57757568359375,859.2704467773438,887.4470825195312,880.6280517578125,487.4361267089844,884.6346435546875,881.7594604492188,906.6207275390625,483.2443542480469,909.9849243164062,874.0234375,887.111083984375,474.251220703125,891.6205444335938,835.4359130859375,889.4617309570312,430.34576416015625,897.9534301757812,851.0590209960938,878.6962280273438,403.0090637207031,890.17919921875,833.2730712890625,903.5625,402.63037109375,915.7109985351562,835.34375,498.985595703125,345.279541015625,524.3671875,827.9891967773438,708.1928100585938,398.9200439453125,724.0352172851562,820.07080078125,765.249755859375,406.6859130859375,783.3660888671875,827.3523559570312,824.833740234375,403.712890625,837.3287963867188,830.9854125976562,986.4625854492188,412.1915283203125,995.9038696289062,843.31396484375,1072.661376953125,418.92523193359375,1072.4808349609375,854.5010986328125,1160.90771484375,421.5752258300781,1148.8402099609375,861.4266357421875,1241.2188720703125,426.61083984375,1221.3626708984375,866.81494140625,1306.331787109375,431.7466125488281,1297.313720703125,871.9410400390625,1377.7330322265625,443.2565002441406,1370.79248046875,865.7445068359375
519.2404174804688,450.25970458984375,537.1810913085938,872.9652709960938,540.5565185546875,450.7167663574219,559.6971435546875,869.5446166992188,560.4552001953125,450.3997497558594,582.118896484375,865.3778686523438,600.5616455078125,449.3555908203125,628.3604736328125,847.0560913085938,635.0233154296875,410.21490478515625,652.2662353515625,841.60302734375,641.2257690429688,380.4388427734375,662.7661743164062,809.3284912109375,653.1467895507812,386.0528259277344,673.777099609375,812.4266357421875,856.139404296875,489.53704833984375,859.3171997070312,887.4198608398438,880.59716796875,487.465576171875,884.5427856445312,881.6290893554688,906.6181640625,483.22674560546875,909.9981079101562,873.6893920898438,887.02294921875,474.1947021484375,891.5139770507812,835.71240234375,890.041748046875,430.2408447265625,896.8219604492188,851.3982543945312,878.3101806640625,403.11138916015625,888.6596069335938,833.4777221679688,903.0721435546875,402.7869567871094,914.1997680664062,835.3803100585938,498.45550537109375,344.9530029296875,524.0245971679688,827.9200439453125,707.7416381835938,398.7498474121094,723.4075927734375,819.9750366210938,765.0238647460938,406.7387390136719,782.0148315429688,827.1604614257812,824.6152954101562,403.4181823730469,836.1903686523438,830.8814697265625,986.42626953125,412.2203063964844,996.2222900390625,843.8260498046875,1071.1317138671875,418.6136169433594,1071.9200439453125,854.5296020507812,1158.1619873046875,421.74432373046875,1148.0533447265625,861.5548706054688,1241.0006103515625,426.4478759765625,1222.710693359375,867.0767211914062,1305.58740234375,431.57562255859375,1297.271240234375,872.1488037109375,1377.078369140625,443.1553649902344,1370.587646484375,865.7069091796875
520.2408447265625,452.0204162597656,537.4660034179688,876.223876953125,541.0744018554688,451.89306640625,557.110107421875,874.4487915039062,561.2869262695312,451.40704345703125,581.2197265625,867.1655883789062,600.7183227539062,449.5703430175781,633.6989135742188,844.3771362304688,634.7350463867188,410.18377685546875,651.8492431640625,841.4492797851562,640.9824829101562,380.0665283203125,661.7865600585938,809.19384765625,653.0015258789062,385.80706787109375,672.8276977539062,812.2973022460938,856.1677856445312,489.51397705078125,859.445556640625,887.4157104492188,880.5906982421875,487.38525390625,884.5221557617188,881.7978515625,906.6622314453125,483.2072448730469,909.9485473632812,873.9375610351562,887.0885620117188,474.27728271484375,891.4725952148438,835.9146728515625,889.7113037109375,430.2203369140625,896.7565307617188,851.6544189453125,879.0276489257812,403.36004638671875,888.9364013671875,833.8126831054688,902.6510009765625,402.9920959472656,913.4252319335938,835.8056030273438,497.9103088378906,344.8873596191406,523.657958984375,827.6905517578125,707.2885131835938,398.7781677246094,723.3983764648438,820.0416870117188,764.8592529296875,406.6843566894531,781.8842163085938,827.1431274414062,824.2739868164062,403.52716064453125,836.8450927734375,831.2037353515625,986.4595947265625,412.19134521484375,995.4404296875,844.6834716796875,1070.8963623046875,418.5815124511719,1071.747314453125,854.5982666015625,1160.267578125,421.5566101074219,1147.578857421875,862.0352783203125,1236.8114013671875,426.61065673828125,1222.63330078125,867.3477783203125,1305.67919921875,431.546875,1297.2823486328125,872.1793823242188,1376.5167236328125,443.0623474121094,1370.228515625,865.8626098632812
520.446533203125,451.87677001953125,537.0985717773438,877.7116088867188,541.3699951171875,451.9206848144531,556.0481567382812,876.6207885742188,561.4249267578125,451.7048645019531,579.48046875,869.112060546875,600.6608276367188,449.2060241699219,633.7578735351562,844.3374633789062,634.6198120117188,410.1527404785156,652.3767700195312,841.462646484375,641.1734008789062,379.86260986328125,661.9343872070312,809.1954956054688,653.1404418945312,385.6177673339844,673.0497436523438,812.3346557617188,856.1656494140625,489.52984619140625,859.7980346679688,887.5308227539062,880.629150390625,487.4898986816406,884.7211303710938,881.9260864257812,906.6779174804688,483.1507263183594,909.852294921875,874.0908203125,887.2181396484375,474.259521484375,891.3238525390625,836.00048828125,889.1859130859375,430.26348876953125,896.145263671875,851.8724975585938,878.324462890625,403.3426513671875,888.5872192382812,833.9642944335938,901.9293212890625,402.77581787109375,913.6762084960938,836.438720703125,497.5889587402344,344.81622314453125,523.2026977539062,827.5663452148438,707.1245727539062,398.805419921875,723.6458129882812,820.0441284179688,764.8226928710938,406.4231872558594,781.9456176757812,827.21240234375,823.9722900390625,403.52191162109375,836.2901611328125,831.1746826171875,983.991455078125,411.5787658691406,995.129150390625,846.1008911132812,1069.575927734375,418.30364990234375,1130.8494873046875,861.83837890625,1158.333740234375,421.9161682128906,1181.8292236328125,865.179931640625,1241.124267578125,426.4281311035156,1221.310546875,867.5611572265625,1305.278564453125,431.5063171386719,1296.9432373046875,872.1661987304688,1375.9759521484375,442.941650390625,1369.81787109375,865.8109741210938
520.4420166015625,451.9940185546875,537.09228515625,877.771484375,541.5017700195312,451.9915771484375,556.04931640625,877.046142578125,561.7449340820312,451.8620300292969,579.0717163085938,869.6688842773438,600.54150390625,449.3775329589844,633.3051147460938,844.5760498046875,634.2823486328125,410.29852294921875,651.5609741210938,841.68212890625,640.9189453125,379.5272521972656,661.2501220703125,809.1024169921875,652.6729736328125,384.5235595703125,672.2987670898438,812.2642822265625,856.2064208984375,489.4895324707031,859.9905395507812,887.4942016601562,880.7412719726562,487.5303649902344,884.8831787109375,882.005615234375,906.6052856445312,483.080078125,910.2722778320312,874.3291015625,887.37158203125,474.27899169921875,891.3475952148438,836.058349609375,888.6812133789062,430.323974609375,895.4911499023438,852.346923828125,877.6244506835938,403.236328125,886.5061645507812,834.3803100585938,901.4617919921875,402.62200927734375,912.5374755859375,836.874267578125,497.05523681640625,344.9051513671875,522.6148071289062,827.5247192382812,706.3762817382812,398.5977478027344,722.91259765625,819.8880615234375,764.276611328125,406.4755859375,780.9461669921875,827.0560302734375,823.3102416992188,403.5208435058594,835.2823486328125,831.2285766601562,982.2024536132812,411.6951904296875,995.3854370117188,846.7466430664062,1069.2412109375,418.1799621582031,1129.361572265625,861.783203125,1157.337158203125,421.7701416015625,1181.269775390625,865.0347900390625,1241.467529296875,426.3560791015625,1214.208251953125,866.4251098632812,1304.727783203125,431.49798583984375,1296.974609375,872.1895141601562,1375.5322265625,442.3699951171875,1369.535400390625,865.6468505859375
520.4459228515625,452.02105712890625,537.135009765625,877.5252685546875,541.5944213867188,451.9321594238281,556.3193969726562,877.1742553710938,561.757568359375,451.760986328125,579.3710327148438,869.7340698242188,600.5621948242188,449.4002990722656,632.4866943359375,844.3079833984375,634.0772094726562,410.2665710449219,650.84716796875,841.7708740234375,640.6632080078125,379.58026123046875,661.3355712890625,809.1790161132812,652.275146484375,384.6163024902344,672.57080078125,812.2426147460938,856.1475830078125,489.49285888671875,860.0205688476562,887.27734375,880.7767333984375,487.49249267578125,884.9547729492188,881.9595947265625,906.7380981445312,483.0297546386719,910.5228881835938,874.4334716796875,887.5943603515625,474.37103271484375,891.6152954101562,837.351318359375,888.5616455078125,430.15374755859375,894.8866577148438,852.7236328125,877.2657470703125,403.11700439453125,886.2036743164062,834.737548828125,901.0357666015625,402.60894775390625,912.1817626953125,837.505126953125,496.6319274902344,345.0446472167969,522.221923828125,827.4862670898438,706.0850219726562,398.37310791015625,722.7619018554688,819.8311767578125,764.2005615234375,406.0394287109375,779.9063110351562,826.9947509765625,823.1646118164062,403.46734619140625,834.468994140625,831.3920288085938,981.7894287109375,411.30999755859375,994.7584838867188,847.252685546875,1069.7269287109375,418.26800537109375,1072.9993896484375,855.3677978515625,1156.5855712890625,421.720458984375,1164.149169921875,864.9225463867188,1235.287841796875,426.6741027832031,1214.0865478515625,866.465576171875,1304.14794921875,431.4345397949219,1297.5013427734375,872.2703247070312,1375.1961669921875,442.2657470703125,1369.25341796875,865.6760864257812
520.5972290039062,452.0142822265625,536.960693359375,877.4349975585938,541.958251953125,451.80169677734375,556.1199340820312,877.3163452148438,562.050537109375,451.63922119140625,578.8394165039062,869.794189453125,600.6768798828125,449.33721923828125,626.1229248046875,848.0568237304688,633.98046875,410.1572570800781,649.167236328125,841.4751586914062,640.5758056640625,379.318115234375,660.7379760742188,808.8934936523438,652.1708374023438,384.3570556640625,671.8026123046875,811.8499755859375,856.2282104492188,489.39251708984375,859.9560546875,887.1675415039062,880.8848266601562,487.4821472167969,884.904052734375,881.96728515625,906.7135620117188,483.0353088378906,910.4786376953125,874.7576904296875,887.4968872070312,474.2627868652344,891.12060546875,837.8231811523438,887.8904418945312,430.0501708984375,894.3161010742188,853.1057739257812,876.3292846679688,403.0268249511719,885.7908935546875,835.1798706054688,900.5260009765625,402.65802001953125,911.2374877929688,837.9751586914062,496.5125732421875,345.5108337402344,521.7114868164062,827.4190673828125,705.8768310546875,398.11187744140625,722.4006958007812,819.5887451171875,763.6043701171875,405.6661071777344,779.3411254882812,826.89794921875,822.6094970703125,403.4262390136719,834.116943359375,831.6182250976562,980.7579345703125,411.2684326171875,994.462158203125,847.4671630859375,1067.4951171875,418.1584167480469,1125.6273193359375,861.644287109375,1155.42529296875,421.7832946777344,1165.5218505859375,864.775146484375,1230.0328369140625,426.52386474609375,1213.911376953125,866.5103759765625,1303.8048095703125,431.22906494140625,1296.9794921875,872.1183471679688,1374.7861328125,442.08294677734375,1368.4954833984375,865.1465454101562
520.1845092773438,452.7229309082031,536.9487915039062,877.5294799804688,542.2652587890625,451.7705383300781,556.3378295898438,877.4317016601562,562.2354736328125,451.5033264160156,578.7977294921875,869.9779052734375,600.7022705078125,449.5982360839844,625.204345703125,847.22802734375,633.494384765625,409.9972229003906,648.9070434570312,840.930419921875,640.3092651367188,379.027587890625,661.4743041992188,808.69189453125,652.06640625,384.33392333984375,673.0086669921875,811.8767700195312,856.166259765625,489.3829345703125,860.567626953125,887.1312255859375,880.8383178710938,487.4379577636719,885.4463500976562,881.8038940429688,906.7743530273438,483.02239990234375,910.9690551757812,874.3170776367188,887.3670654296875,474.19146728515625,891.3756103515625,837.8624877929688,887.439208984375,430.01336669921875,893.5419921875,853.173828125,875.6063842773438,403.2086181640625,885.1768188476562,835.20361328125,900.0348510742188,403.1206359863281,910.672119140625,837.6773071289062,496.0426025390625,346.1421203613281,521.39111328125,827.5044555664062,705.6128540039062,397.79925537109375,723.2273559570312,819.7078247070312,763.3160400390625,405.6254577636719,779.2147216796875,826.9241333007812,822.3709716796875,403.5237121582031,833.8607788085938,831.7318115234375,980.8018798828125,411.0674133300781,994.9395751953125,847.3897705078125,1067.684326171875,418.2072448730469,1123.2587890625,861.51513671875,1155.5386962890625,421.7164306640625,1180.8758544921875,865.1053466796875,1235.330810546875,426.5590515136719,1213.746826171875,866.5012817382812,1304.074951171875,431.2544250488281,1296.4185791015625,871.8963012695312,1374.5828857421875,441.88720703125,1368.12255859375,864.6903076171875
520.2838134765625,452.7312316894531,537.0394287109375,877.80859375,542.398681640625,451.8714294433594,557.3163452148438,877.0611572265625,562.484130859375,451.48779296875,578.6481323242188,870.0914916992188,600.7919921875,449.50897216796875,624.0082397460938,847.0664672851562,633.3746948242188,409.5124816894531,648.2428588867188,840.5205688476562,639.3258666992188,378.1475524902344,660.622314453125,808.4134521484375,651.5016479492188,384.2164306640625,672.0099487304688,811.5122680664062,856.28466796875,489.3363037109375,860.5104370117188,886.9058837890625,880.9443359375,487.50726318359375,885.4690551757812,881.7155151367188,906.8137817382812,482.9468994140625,910.8678588867188,874.5762329101562,887.2166748046875,474.03466796875,891.8323974609375,838.2041625976562,886.738525390625,430.0064392089844,892.4615478515625,853.6415405273438,874.8170166015625,403.1519775390625,884.5628051757812,835.5699462890625,899.448486328125,402.954345703125,909.5830078125,838.1025390625,495.7595520019531,346.2037658691406,521.2782592773438,826.890869140625,705.0069580078125,397.6636047363281,722.4332885742188,819.3946533203125,762.681884765625,405.8075256347656,778.423828125,827.0362548828125,821.5887451171875,403.67974853515625,833.0665283203125,831.8082885742188,980.2752075195312,410.9869079589844,995.3226318359375,849.4144287109375,1065.33984375,418.0857238769531,1083.73291015625,857.283935546875,1153.5208740234375,421.9239196777344,1166.8013916015625,864.8639526367188,1229.6822509765625,426.3301696777344,1212.5672607421875,866.5230102539062,1300.5018310546875,430.84783935546875,1297.253662109375,871.6694946289062,1373.8046875,441.3901062011719,1367.8607177734375,863.8680419921875
520.4725952148438,452.7819519042969,536.991943359375,877.8993530273438,542.6172485351562,452.11480712890625,557.2548828125,877.1275634765625,562.6488037109375,451.66778564453125,578.4848022460938,870.217529296875,600.9866943359375,449.730224609375,623.5266723632812,846.4990844726562,632.954833984375,409.2333984375,647.838134765625,840.1830444335938,639.03759765625,378.023681640625,660.383056640625,808.3294067382812,651.0713500976562,383.92864990234375,671.7117919921875,811.4078979492188,856.3726196289062,489.40753173828125,860.449951171875,886.8868408203125,881.0396728515625,487.5372009277344,885.6012573242188,881.6171264648438,906.7967529296875,483.02587890625,911.2160034179688,874.2108154296875,887.1097412109375,474.0085144042969,891.51171875,838.0591430664062,886.154296875,430.21124267578125,891.6868286132812,853.6925659179688,874.1962890625,403.3190612792969,883.8486328125,835.5859985351562,898.740234375,403.2744140625,909.735107421875,838.12744140625,495.4024658203125,346.392822265625,520.9239501953125,826.5889892578125,704.3947143554688,397.4528503417969,721.7338256835938,819.3260498046875,762.482421875,405.8245544433594,776.5602416992188,826.4998168945312,820.8363647460938,403.93695068359375,832.2963256835938,831.7432250976562,979.6067504882812,410.9554443359375,994.5734252929688,849.5571899414062,1064.382568359375,417.9491882324219,1084.22998046875,857.2301025390625,1153.1068115234375,422.1081237792969,1173.719970703125,864.8153686523438,1234.3629150390625,426.43878173828125,1212.275390625,866.6143188476562,1299.8970947265625,430.7677307128906,1297.951904296875,871.6339111328125,1373.197265625,441.0641174316406,1367.5299072265625,863.4821166992188
520.5138549804688,452.77685546875,537.104736328125,878.1493530273438,542.654052734375,452.1318359375,557.3346557617188,877.2969970703125,562.61083984375,451.65252685546875,578.3789672851562,870.5165405273438,600.8524169921875,449.9403381347656,623.6181030273438,846.9031372070312,632.4249877929688,409.3042297363281,647.7343139648438,840.3034057617188,638.6234130859375,377.9635314941406,659.697998046875,808.2301025390625,650.6255493164062,383.8450927734375,670.59765625,811.1372680664062,856.3516235351562,489.4259338378906,860.2786865234375,886.8041381835938,880.9729614257812,487.5089416503906,885.20947265625,881.6082153320312,906.8026733398438,483.1594543457031,910.9097290039062,874.0462036132812,886.9146118164062,473.9381103515625,891.8610229492188,836.9548950195312,885.6497192382812,430.4996337890625,889.289306640625,853.8074340820312,873.6116333007812,403.6182556152344,881.7351684570312,835.5962524414062,898.0496215820312,403.3714294433594,907.9163818359375,837.9299926757812,495.3415832519531,345.3081359863281,520.3698120117188,826.1603393554688,703.7362670898438,397.3560791015625,720.0460205078125,819.1758422851562,761.84912109375,406.0724182128906,774.7628784179688,826.4572143554688,820.3290405273438,404.23199462890625,829.07177734375,832.2080688476562,978.3619995117188,411.0307312011719,994.1898193359375,848.813720703125,1061.5252685546875,418.2276916503906,1113.43994140625,860.1893310546875,1150.842529296875,422.3823547363281,1173.7254638671875,864.6055908203125,1227.5797119140625,426.26641845703125,1211.6163330078125,866.676513671875,1298.8409423828125,430.6170959472656,1297.9102783203125,871.7455444335938,1372.913818359375,440.9966125488281,1366.910400390625,863.9876098632812
520.6311645507812,452.7977600097656,537.2958984375,878.4644775390625,542.8383178710938,452.3230895996094,557.6737670898438,877.4165649414062,562.7618408203125,451.847412109375,578.4927978515625,870.7342529296875,601.0028686523438,449.8845520019531,623.1533813476562,846.3187866210938,632.7186889648438,409.1672058105469,647.1449584960938,840.7262573242188,638.7702026367188,377.8141174316406,659.053955078125,808.2055053710938,650.48779296875,383.8476867675781,669.7582397460938,811.00830078125,856.4299926757812,489.44580078125,860.1420288085938,886.8773193359375,880.890625,487.44488525390625,885.3389282226562,881.7548828125,906.6370239257812,483.2144470214844,910.9332275390625,874.7316284179688,886.6094360351562,473.9210205078125,891.3258056640625,839.595703125,885.0842895507812,430.48779296875,889.8738403320312,854.1935424804688,872.7965698242188,403.9810485839844,881.4990844726562,835.7095336914062,897.2864379882812,403.43157958984375,905.0595703125,837.0138549804688,494.7037658691406,345.54534912109375,519.958984375,825.9033813476562,703.7840576171875,397.4157409667969,719.7973022460938,819.1848754882812,761.9769897460938,406.15032958984375,774.9320068359375,826.4421997070312,819.953125,404.2374267578125,829.4678344726562,832.3252563476562,978.3515014648438,410.92919921875,992.5680541992188,848.1201171875,1062.262939453125,418.3504943847656,1084.98583984375,857.397216796875,1151.1463623046875,422.46343994140625,1168.2225341796875,864.8064575195312,1229.1998291015625,426.4753112792969,1213.2618408203125,866.7011108398438,1298.2667236328125,430.5536193847656,1297.5499267578125,871.859619140625,1372.550048828125,441.19659423828125,1366.51025390625,864.3220825195312
520.5025634765625,452.828369140625,537.685546875,878.958740234375,542.796875,452.2742919921875,558.0164184570312,877.6915283203125,562.7601928710938,451.92510986328125,578.4804077148438,871.0941162109375,600.5363159179688,449.9588317871094,622.600830078125,846.2159423828125,632.240234375,409.3058166503906,646.0809936523438,840.6337280273438,638.2424926757812,377.79522705078125,658.432373046875,808.3093872070312,650.1809692382812,383.8935241699219,669.3555908203125,811.1229858398438,856.4044189453125,489.441162109375,860.28857421875,886.8685302734375,880.8307495117188,487.4018249511719,885.2149658203125,881.7821655273438,906.544189453125,483.219970703125,910.8250122070312,874.8737182617188,886.360107421875,473.7643127441406,890.8629760742188,839.2998046875,884.430419921875,430.7890625,889.9498291015625,853.7877197265625,871.8850708007812,404.4708557128906,881.8294677734375,835.2867431640625,896.414794921875,403.8740234375,904.8845825195312,836.8212280273438,493.90277099609375,345.3386535644531,519.5697631835938,825.9096069335938,703.7299194335938,397.20721435546875,720.4024658203125,819.3666381835938,761.5611572265625,406.4904479980469,775.2616577148438,826.4346923828125,819.136962890625,404.5570983886719,830.1495361328125,832.1842651367188,976.8544921875,410.9736328125,989.5800170898438,847.8950805664062,1061.4681396484375,418.2326965332031,1114.1551513671875,860.61279296875,1151.6513671875,422.3443298339844,1165.5205078125,864.3722534179688,1230.0029296875,426.27142333984375,1211.0986328125,867.0294189453125,1298.0697021484375,430.50885009765625,1297.0401611328125,871.8148193359375,1372.0458984375,441.2967834472656,1366.08544921875,864.1809692382812
520.5932006835938,452.8505859375,538.0536499023438,879.429931640625,542.8373413085938,452.3739929199219,558.1659545898438,877.808837890625,562.696044921875,451.9873962402344,578.37109375,871.0260009765625,600.72998046875,449.8172302246094,622.4085083007812,845.935791015625,631.6075439453125,409.1825256347656,645.3707885742188,840.4554443359375,637.7408447265625,377.67132568359375,657.6895141601562,808.4659423828125,649.5294799804688,383.7381896972656,668.419189453125,811.177490234375,856.4578857421875,489.3685607910156,860.3088989257812,886.9708251953125,880.757568359375,487.3848876953125,884.9466552734375,881.9420166015625,906.4374389648438,483.11590576171875,910.0499877929688,875.0794677734375,885.892333984375,473.6915283203125,890.7793579101562,839.8189697265625,883.9652099609375,430.8874206542969,889.1190185546875,854.167724609375,871.38818359375,404.54620361328125,881.4517822265625,835.330810546875,896.1251220703125,403.6014404296875,904.3472900390625,837.5091552734375,493.29351806640625,345.34149169921875,519.2269897460938,825.823486328125,702.9879150390625,396.9979248046875,719.9483032226562,819.3756713867188,759.7142333984375,405.3500061035156,774.7509765625,826.2811889648438,818.243408203125,405.062744140625,829.5551147460938,832.1287841796875,976.0968017578125,411.0922546386719,987.0940551757812,847.916259765625,1061.370361328125,418.2366638183594,1114.4073486328125,861.0623779296875,1150.48486328125,422.0950012207031,1163.435546875,864.5072021484375,1230.6627197265625,425.9923400878906,1210.8955078125,867.1493530273438,1298.948974609375,430.6902770996094,1295.8936767578125,871.8809204101562,1371.6405029296875,441.1499328613281,1365.6368408203125,864.100341796875
520.6669311523438,452.87371826171875,537.939697265625,879.5075073242188,542.9175415039062,452.4271240234375,558.2440795898438,877.9353637695312,562.6385498046875,452.1097717285156,578.3380126953125,870.995361328125,600.4408569335938,449.90167236328125,622.30224609375,845.7522583007812,632.4669189453125,408.76629638671875,645.1924438476562,840.3837280273438,637.0472412109375,377.6878967285156,657.1597900390625,808.5083618164062,648.690673828125,383.3429260253906,667.8659057617188,811.2440795898438,856.4063720703125,489.4236755371094,860.14453125,887.0314331054688,880.7911987304688,487.3838195800781,884.685302734375,882.0232543945312,906.34814453125,483.1311950683594,909.62158203125,875.3154907226562,885.90869140625,473.9075012207031,890.6376342773438,839.8877563476562,883.3832397460938,430.7613525390625,888.8135986328125,853.5702514648438,870.6949462890625,404.7535400390625,881.1483154296875,835.2548828125,895.8955078125,403.3710021972656,903.742431640625,837.6019897460938,492.7159118652344,345.2840881347656,518.6026611328125,826.2890625,701.5416259765625,396.87017822265625,719.9205322265625,819.421142578125,759.1277465820312,405.5647888183594,774.4747924804688,826.130126953125,817.0588989257812,405.1536560058594,829.2559814453125,832.005615234375,975.8849487304688,411.02655029296875,983.8886108398438,847.792724609375,1061.2886962890625,418.18157958984375,1112.185791015625,860.8575439453125,1150.5780029296875,422.42449951171875,1164.035888671875,864.1693115234375,1229.5048828125,426.1484069824219,1209.2034912109375,867.09033203125,1298.2578125,430.58502197265625,1291.885009765625,871.3698120117188,1371.2984619140625,440.7685241699219,1364.9468994140625,864.1014404296875
520.6653442382812,452.9335632324219,537.7725219726562,879.50146484375,542.8981323242188,452.4871826171875,558.2374877929688,878.126953125,562.6531982421875,452.2784729003906,578.141357421875,871.1400756835938,600.162109375,450.1802673339844,621.8093872070312,845.24609375,631.7874145507812,408.7934265136719,644.6973876953125,839.9097900390625,636.3969116210938,377.5049133300781,655.8826904296875,808.5531005859375,647.8642578125,383.3026123046875,666.6439208984375,811.2544555664062,856.47314453125,489.4366760253906,859.9279174804688,887.0201416015625,880.7216796875,487.3641357421875,884.5496826171875,881.9988403320312,906.127197265625,483.159423828125,909.1965942382812,875.4160766601562,885.5647583007812,474.0732727050781,891.1005249023438,835.6395874023438,882.9108276367188,431.1539001464844,887.8632202148438,853.734130859375,870.603515625,405.41729736328125,880.2916259765625,835.1320190429688,895.470703125,403.8089904785156,902.1948852539062,837.3325805664062,491.8517761230469,345.40386962890625,517.9417724609375,826.58544921875,701.0675048828125,396.83404541015625,718.3992919921875,819.2588500976562,758.6160888671875,405.7704772949219,773.0233154296875,826.0335083007812,816.52392578125,405.4015808105469,828.4932250976562,831.9295043945312,975.5349731445312,410.842529296875,981.7855224609375,848.2132568359375,1061.5557861328125,418.14111328125,1060.3134765625,855.0582275390625,1149.93798828125,422.3048400878906,1164.0191650390625,864.1475830078125,1229.6446533203125,426.1739501953125,1209.221923828125,867.0945434570312,1297.552734375,430.3261413574219,1296.2364501953125,871.744873046875,1370.8575439453125,440.98724365234375,1364.56396484375,863.9227294921875
520.735595703125,452.92279052734375,537.7482299804688,879.4249877929688,543.0206909179688,452.5329895019531,558.1901245117188,878.187744140625,562.7412719726562,452.348876953125,577.951416015625,871.1795043945312,599.9415893554688,450.1540832519531,621.1978149414062,845.1434936523438,630.8192749023438,408.448974609375,644.1722412109375,840.1656494140625,636.1256713867188,377.2231140136719,655.0769653320312,808.7080078125,647.6651000976562,383.2129821777344,665.8348388671875,811.235107421875,856.4964599609375,489.47821044921875,859.6312866210938,887.0576782226562,880.7344970703125,487.3746643066406,883.6836547851562,881.857421875,905.9835205078125,483.3104248046875,908.7127685546875,875.2306518554688,885.4850463867188,474.2098388671875,890.4871826171875,835.3280639648438,882.5677490234375,431.3564758300781,887.0885009765625,853.8192138671875,870.2762451171875,406.1955261230469,879.0213623046875,835.2186279296875,894.3193359375,404.923828125,901.1995849609375,837.2694702148438,491.2735900878906,345.08819580078125,517.4584350585938,826.9776000976562,701.0590209960938,396.81756591796875,717.6834106445312,819.239990234375,758.3174438476562,406.0422668457031,772.3175659179688,825.977783203125,815.9730224609375,406.040283203125,826.9129028320312,831.2206420898438,975.0653686523438,410.7259826660156,980.0436401367188,848.845458984375,1060.64599609375,417.9508972167969,1052.12109375,854.0149536132812,1150.379150390625,422.4859619140625,1165.388916015625,864.3458251953125,1229.8240966796875,425.91748046875,1208.90771484375,867.0765991210938,1297.7232666015625,430.4482421875,1285.4847412109375,870.9163818359375,1370.239990234375,440.8834228515625,1363.5865478515625,863.5078735351562
520.7716674804688,452.9399108886719,537.7733154296875,879.33056640625,543.0304565429688,452.544921875,558.495849609375,878.0678100585938,562.7391967773438,452.43475341796875,578.1056518554688,871.1536254882812,599.4559326171875,450.55474853515625,620.9244384765625,845.06982421875,630.4437255859375,408.1524658203125,643.29443359375,840.511474609375,635.9183959960938,376.8199462890625,654.3688354492188,808.8358154296875,647.806884765625,382.9149475097656,664.9694213867188,811.3511962890625,856.5982666015625,489.503173828125,859.8802490234375,887.0173950195312,880.6766967773438,487.29278564453125,883.5658569335938,881.8729858398438,905.818115234375,483.39935302734375,907.9547119140625,875.350830078125,885.3896484375,474.4687194824219,889.9132690429688,835.609619140625,882.075927734375,431.6042175292969,886.0574340820312,854.0048217773438,870.0022583007812,406.59423828125,878.03955078125,835.0028686523438,893.9102172851562,405.2000427246094,899.7218627929688,837.0416870117188,490.7948913574219,344.5173645019531,516.8953857421875,827.00244140625,700.6106567382812,396.85113525390625,717.1754150390625,819.4313354492188,758.0491333007812,406.311767578125,771.58349609375,825.9390258789062,815.6422729492188,406.4977722167969,826.636474609375,832.0164184570312,973.9017944335938,410.7991943359375,977.4920043945312,848.4566040039062,1058.981689453125,417.92694091796875,1052.4752197265625,853.8024291992188,1148.9326171875,422.3663635253906,1148.50244140625,863.9993896484375,1228.724853515625,425.81292724609375,1189.8172607421875,865.9346923828125,1296.98486328125,430.3458251953125,1282.9697265625,870.5449829101562,1369.5892333984375,440.6385498046875,1363.0496826171875,863.4830932617188
520.7694091796875,452.9170837402344,537.5109252929688,879.0841064453125,543.0633544921875,452.554931640625,558.482666015625,878.1746826171875,562.6602172851562,452.5223083496094,577.9048461914062,871.1981811523438,599.3831176757812,450.61767578125,618.2354125976562,846.7620849609375,629.8170776367188,408.1062316894531,643.114013671875,840.364013671875,635.1209716796875,376.5211486816406,654.9269409179688,809.3443603515625,646.7578735351562,382.7392272949219,664.0628051757812,811.3759765625,856.5311889648438,489.4522705078125,860.0611572265625,887.1047973632812,880.5717163085938,487.272216796875,883.7083129882812,881.8366088867188,905.5918579101562,483.4536437988281,907.5491943359375,875.158935546875,885.1622314453125,474.8360595703125,888.6207275390625,836.0047607421875,881.2987060546875,431.8716125488281,885.180908203125,854.2494506835938,869.2818603515625,406.6990966796875,876.8259887695312,834.7992553710938,893.357177734375,405.2820739746094,898.378173828125,837.357177734375,490.3609924316406,344.0205383300781,516.430908203125,827.5238647460938,699.6836547851562,397.021728515625,715.6112060546875,819.5414428710938,756.9187622070312,406.0570983886719,770.6893310546875,826.1461181640625,813.8328857421875,407.636962890625,825.7911987304688,831.991455078125,973.80908203125,410.6763000488281,977.2584838867188,848.5149536132812,1059.4290771484375,418.1717529296875,1051.80419921875,853.6871337890625,1149.530517578125,422.3709411621094,1147.297119140625,864.1007080078125,1229.96435546875,425.8280944824219,1208.3311767578125,867.2862548828125,1296.5489501953125,430.2970275878906,1282.6036376953125,870.4120483398438,1368.91064453125,440.516845703125,1362.4580078125,864.15673828125
520.8212280273438,452.9469909667969,537.7958374023438,879.0872192382812,543.1123657226562,452.5584716796875,558.7962036132812,878.1320190429688,562.6035766601562,452.52020263671875,578.138916015625,871.1747436523438,599.7159423828125,450.4291076660156,618.6068115234375,846.4923706054688,629.2697143554688,407.96258544921875,643.2731323242188,840.726318359375,634.3238525390625,376.414794921875,654.9287719726562,809.7576293945312,646.0091552734375,382.5596008300781,664.025634765625,811.5018310546875,856.6214599609375,489.3794250488281,860.1572265625,886.9620971679688,880.5291748046875,487.2171936035156,883.4453735351562,881.6832885742188,905.4288940429688,483.49835205078125,907.0886840820312,875.07666015625,885.3016967773438,475.1414794921875,887.8999633789062,836.6983642578125,879.9436645507812,431.6004333496094,884.2055053710938,854.2255249023438,867.990966796875,406.8793640136719,876.1183471679688,834.745849609375,892.75,405.4420471191406,897.2357177734375,838.2406005859375,489.9702453613281,343.4435119628906,516.1209716796875,827.99267578125,699.3634033203125,396.948486328125,715.6456298828125,819.9230346679688,756.1566162109375,406.1830749511719,769.6047973632812,826.3182983398438,813.322998046875,408.029296875,825.0045776367188,831.4072875976562,972.9036254882812,410.7676086425781,974.591552734375,847.8076171875,1059.0286865234375,418.18597412109375,1050.5845947265625,853.5462646484375,1149.0682373046875,422.33740234375,1145.907470703125,864.0029907226562,1229.4410400390625,425.91253662109375,1207.8052978515625,867.1361694335938,1295.9449462890625,430.2269592285156,1284.765869140625,870.816162109375,1368.186767578125,440.42138671875,1361.55078125,863.9581298828125
520.8508911132812,452.8460693359375,537.9681396484375,878.9473876953125,543.1799926757812,452.5732421875,558.5681762695312,878.14501953125,562.550048828125,452.50152587890625,577.6467895507812,871.2957763671875,599.7771606445312,450.4395446777344,617.9959106445312,846.7415161132812,628.09375,407.5950622558594,642.96484375,841.208984375,633.0361328125,376.34954833984375,654.0213012695312,810.2645263671875,645.108154296875,382.3156433105469,664.8672485351562,812.6060180664062,856.724609375,489.4339599609375,860.6187133789062,886.89501953125,880.4476928710938,487.2857360839844,883.6060180664062,881.659423828125,905.3212280273438,483.51776123046875,907.2178955078125,875.124755859375,884.732177734375,475.3547668457031,887.8060913085938,837.5554809570312,879.5755615234375,431.88677978515625,883.7197265625,854.6630859375,866.986083984375,406.7984619140625,875.7906494140625,834.51806640625,891.828857421875,405.4504089355469,896.757080078125,837.5145263671875,489.55145263671875,343.3122863769531,515.6314086914062,828.5463256835938,698.2056884765625,396.7003479003906,714.885498046875,820.2849731445312,754.9718017578125,405.8174743652344,769.3442993164062,826.5280151367188,812.5906982421875,407.8572082519531,824.718017578125,831.5184326171875,972.9346923828125,410.8823547363281,974.3357543945312,847.8042602539062,1059.6029052734375,418.26910400390625,1049.8424072265625,853.588134765625,1148.660888671875,422.0757751464844,1145.1788330078125,864.1570434570312,1228.48974609375,425.95166015625,1191.8662109375,865.8033447265625,1294.9598388671875,430.23773193359375,1283.099365234375,870.871826171875,1367.4508056640625,440.45355224609375,1360.8734130859375,863.5980834960938
520.9286499023438,452.809814453125,537.8695678710938,878.7137451171875,543.3787231445312,452.5288391113281,558.2728271484375,878.2463989257812,562.704345703125,452.5629577636719,577.1963500976562,871.5558471679688,599.7628784179688,450.3724060058594,615.0490112304688,848.0390014648438,627.5125732421875,407.4770812988281,642.1629028320312,841.4968872070312,631.9195556640625,375.3980407714844,653.5244750976562,810.6375122070312,644.4259033203125,382.1354675292969,664.4283447265625,813.06103515625,856.8060302734375,489.4731750488281,860.5493774414062,887.1272583007812,880.4402465820312,487.34832763671875,883.1904296875,881.66015625,905.3002319335938,483.4346923828125,907.3233642578125,875.1861572265625,884.4393920898438,475.7409362792969,886.9296264648438,837.9679565429688,877.8009643554688,432.2854309082031,883.2550048828125,855.1835327148438,866.860107421875,407.55853271484375,874.5692749023438,834.8839721679688,890.8782348632812,405.9600524902344,895.7095947265625,838.267578125,488.9266052246094,343.0804138183594,515.0491943359375,829.28955078125,697.76953125,396.5004577636719,713.75830078125,820.603515625,754.5728759765625,406.0469970703125,768.3627319335938,826.9874877929688,812.3005981445312,407.98797607421875,823.8004150390625,831.7288818359375,971.6452026367188,411.0919189453125,977.663330078125,848.3099365234375,1059.03515625,418.3980407714844,1051.2989501953125,853.9010620117188,1148.099365234375,421.9626770019531,1147.7540283203125,864.2135009765625,1228.3243408203125,426.0914611816406,1189.5877685546875,865.9921264648438,1295.2576904296875,430.2918395996094,1282.317138671875,870.9563598632812,1366.974365234375,440.42437744140625,1360.4774169921875,863.4963989257812
520.9843139648438,452.8079833984375,537.986572265625,878.6502075195312,543.4661254882812,452.5589599609375,558.1201782226562,878.5504760742188,562.6809692382812,452.627197265625,576.7271728515625,871.9545288085938,599.5184326171875,450.6418762207031,614.43701171875,848.1321411132812,626.7686157226562,407.18731689453125,641.2220458984375,841.8886108398438,631.2946166992188,375.3515930175781,652.1048583984375,811.1123657226562,643.578369140625,382.0367736816406,663.0053100585938,813.5342407226562,856.7861328125,489.4919738769531,860.6726684570312,887.1861572265625,880.2800903320312,487.37738037109375,883.5540771484375,881.72900390625,905.140380859375,483.36358642578125,907.8521728515625,874.9444580078125,884.0003662109375,475.8752136230469,887.152099609375,837.8162841796875,878.1710205078125,432.388916015625,882.218017578125,855.729736328125,866.4927978515625,407.5892639160156,873.5105590820312,834.901123046875,890.4010620117188,405.8746337890625,894.7677001953125,838.8502197265625,488.3067932128906,342.66693115234375,514.5615844726562,830.1007690429688,696.82763671875,396.35003662109375,712.462890625,821.0191650390625,753.945556640625,405.8600769042969,767.6137084960938,827.3062744140625,812.1875,407.80670166015625,823.209716796875,832.13623046875,970.4415283203125,411.0523681640625,974.0338134765625,847.9290771484375,1057.531005859375,418.2120666503906,1049.0721435546875,853.7257080078125,1146.7896728515625,421.9913330078125,1147.751953125,864.9322509765625,1227.2008056640625,426.06976318359375,1189.35107421875,865.9180908203125,1294.4591064453125,430.3460998535156,1281.43359375,870.583984375,1366.312255859375,440.4480285644531,1359.8125,863.2939453125
520.9644165039062,452.79852294921875,538.1223754882812,878.4066162109375,543.57666015625,452.45361328125,558.1461181640625,878.4850463867188,562.6376342773438,452.674560546875,576.6114501953125,871.8277587890625,599.3997192382812,450.7127990722656,613.9730834960938,848.2982177734375,626.2786254882812,407.1199035644531,640.228271484375,842.3416748046875,630.6383666992188,375.1508483886719,651.607421875,811.6725463867188,642.8218994140625,381.6717224121094,662.2669067382812,814.2099609375,856.9273071289062,489.4616394042969,860.3516845703125,887.2398071289062,880.2214965820312,487.38104248046875,883.43359375,881.8276977539062,905.1591186523438,483.3971862792969,908.1193237304688,875.1669921875,884.00439453125,476.2089538574219,887.5988159179688,838.47705078125,877.7348022460938,432.4244384765625,881.8592529296875,855.8104248046875,866.5503540039062,407.3507995605469,872.3447875976562,835.0022583007812,890.2571411132812,405.6669616699219,894.3084106445312,839.3634643554688,487.8804016113281,341.7267150878906,514.2134399414062,831.1583251953125,696.4894409179688,396.20166015625,711.7274780273438,821.5375366210938,753.3190307617188,406.2532958984375,767.53125,827.8131713867188,811.8477783203125,408.49053955078125,822.798583984375,832.29541015625,970.8419189453125,411.1404113769531,973.0492553710938,847.6956787109375,1057.379150390625,418.368408203125,1048.8526611328125,853.8751831054688,1146.0740966796875,422.0078125,1146.722900390625,864.5921020507812,1226.8265380859375,426.0189514160156,1182.8477783203125,865.9688720703125,1293.511474609375,430.3872375488281,1281.5155029296875,871.1185302734375,1365.2509765625,440.3307800292969,1359.1861572265625,862.6099853515625
520.9490966796875,452.8236999511719,538.1160888671875,877.9539794921875,543.6671142578125,452.448974609375,557.9602661132812,878.4226684570312,562.6759643554688,452.805908203125,576.0482788085938,873.5015869140625,599.318115234375,450.88360595703125,613.3349609375,848.492919921875,625.8169555664062,407.1160888671875,639.2371826171875,842.7874145507812,630.2168579101562,374.8932189941406,650.8230590820312,811.528564453125,642.3907470703125,381.3888244628906,660.9454956054688,814.2811889648438,857.0670776367188,489.44439697265625,860.3309936523438,887.3451538085938,880.0962524414062,487.3540954589844,883.807373046875,881.6298828125,905.0068969726562,483.3943786621094,908.5593872070312,874.9385986328125,883.864013671875,476.873779296875,887.910400390625,838.522216796875,876.6683349609375,432.5389404296875,881.004638671875,855.4174194335938,865.0146484375,406.9598693847656,871.3958129882812,835.509765625,888.1512451171875,404.3243103027344,893.059326171875,838.560546875,487.3186340332031,341.1227722167969,513.0523681640625,831.4464111328125,695.7492065429688,395.92047119140625,710.654052734375,821.0343017578125,751.9573364257812,406.0386962890625,767.174072265625,828.075439453125,810.3033447265625,408.8101806640625,821.8394775390625,832.328857421875,970.4010009765625,411.2340087890625,972.3727416992188,847.2885131835938,1058.20947265625,418.61553955078125,1047.0048828125,854.3988647460938,1145.6470947265625,422.17401123046875,1147.041259765625,865.1157836914062,1225.8411865234375,425.996826171875,1182.5400390625,865.9600830078125,1293.1839599609375,430.2130126953125,1280.9595947265625,871.1647338867188,1364.349609375,439.8319396972656,1358.5616455078125,862.026611328125
520.9887084960938,452.7030334472656,538.0010375976562,877.905029296875,543.7347412109375,452.4638366699219,558.1975708007812,878.299560546875,562.6117553710938,452.88751220703125,575.8991088867188,873.6138305664062,599.3894653320312,450.98492431640625,613.2210693359375,848.3136596679688,625.224609375,407.0645446777344,638.392578125,842.9865112304688,629.3370971679688,374.4908447265625,649.8248901367188,811.7974243164062,641.1139526367188,380.692138671875,659.8402099609375,814.4321899414062,856.9335327148438,489.45709228515625,860.318359375,887.3433837890625,879.9280395507812,487.25323486328125,883.9130249023438,881.8284301757812,904.8735961914062,483.3628234863281,908.8882446289062,874.9599609375,883.2866821289062,476.9199523925781,888.3653564453125,839.1553955078125,875.8262329101562,432.4609375,879.6481323242188,855.5906372070312,864.06494140625,406.8169250488281,869.83544921875,835.3287963867188,887.6384887695312,404.2522888183594,892.4286499023438,837.4816284179688,486.4944763183594,340.8334045410156,512.2927856445312,832.4853515625,695.1304321289062,395.4701232910156,709.8069458007812,821.34716796875,750.8984375,407.057373046875,765.6390380859375,828.2772827148438,808.9805297851562,409.61395263671875,820.7164916992188,832.4197387695312,970.1365356445312,411.3818359375,972.410888671875,847.4052734375,1058.3131103515625,418.4996337890625,1046.5701904296875,854.5044555664062,1145.96728515625,422.1792907714844,1144.3455810546875,865.0293579101562,1225.6868896484375,426.0105285644531,1195.967041015625,865.7286376953125,1292.511474609375,430.218994140625,1280.9122314453125,871.087158203125,1363.6383056640625,439.4723205566406,1357.6861572265625,861.38330078125
521.13720703125,452.7759094238281,537.7962036132812,877.9766845703125,543.8009643554688,452.4352111816406,558.0469360351562,878.3569946289062,562.6917724609375,452.9650573730469,575.55078125,873.8945922851562,599.4265747070312,451.25006103515625,612.6074829101562,848.5092163085938,624.550048828125,406.8784484863281,638.6378784179688,842.4646606445312,628.3811645507812,374.40667724609375,649.4345703125,812.1243286132812,640.0631103515625,380.53411865234375,659.5459594726562,814.7837524414062,857.0025634765625,489.42816162109375,860.618896484375,887.2239990234375,879.8388061523438,487.2579650878906,884.3375854492188,881.7450561523438,904.7681884765625,483.2431335449219,909.06982421875,874.8616333007812,882.7085571289062,476.86627197265625,888.3744506835938,838.3488159179688,875.0192260742188,432.4277038574219,878.8886108398438,855.1785888671875,863.5728149414062,406.9168701171875,869.2322998046875,835.4956665039062,887.0430908203125,404.44091796875,891.8643188476562,836.8278198242188,485.6094665527344,340.3205871582031,511.5919189453125,833.306640625,694.2788696289062,395.4867858886719,709.3809814453125,821.67919921875,750.3921508789062,406.9951477050781,765.7373046875,828.3330078125,808.1640625,409.64306640625,820.5120239257812,832.5991821289062,970.2030029296875,411.3895263671875,973.4689331054688,847.4771728515625,1058.4764404296875,418.49481201171875,1046.21142578125,854.4188232421875,1146.1622314453125,422.1883544921875,1131.25732421875,863.0889892578125,1221.916748046875,425.9954833984375,1195.8568115234375,865.7718505859375,1291.7828369140625,429.9398498535156,1279.9957275390625,871.068115234375,1362.69140625,439.4248962402344,1356.7174072265625,860.7797241210938
521.225830078125,452.6048889160156,538.3505859375,878.1793823242188,543.9072875976562,452.3594055175781,558.26123046875,878.3334350585938,562.770263671875,452.97222900390625,575.7035522460938,874.025146484375,599.4141235351562,451.0508117675781,612.47216796875,848.1116943359375,624.715087890625,406.60675048828125,637.945556640625,842.414794921875,627.611572265625,374.29522705078125,648.8668823242188,812.55615234375,639.436279296875,380.2821350097656,659.1336669921875,815.1963500976562,857.0991821289062,489.41412353515625,860.5507202148438,886.9537353515625,879.7350463867188,487.0845031738281,884.5542602539062,881.616455078125,904.6661987304688,483.04986572265625,909.322509765625,874.747802734375,882.240966796875,477.2564697265625,888.5857543945312,837.8712768554688,874.4523315429688,432.6966857910156,877.535888671875,854.935302734375,862.9722900390625,406.9510192871094,867.4437255859375,835.5386962890625,886.0021362304688,404.66900634765625,890.355712890625,836.8641357421875,484.8124694824219,339.58941650390625,510.91046142578125,833.8338012695312,693.3848876953125,395.0975646972656,708.1887817382812,821.8253173828125,749.4570922851562,406.9776916503906,763.9888916015625,828.306884765625,808.3471069335938,408.11505126953125,818.453857421875,832.42333984375,969.1483154296875,411.0706481933594,972.8101196289062,847.7554931640625,1057.4822998046875,418.51904296875,1045.991943359375,854.45654296875,1144.763916015625,422.1866455078125,1131.0758056640625,862.74072265625,1220.1024169921875,425.9344787597656,1205.947998046875,867.4224853515625,1290.562255859375,429.6773986816406,1280.4051513671875,870.9860229492188,1361.6412353515625,439.6108093261719,1355.633056640625,859.778564453125
521.308837890625,452.5337219238281,538.284912109375,878.0411987304688,544.0092163085938,452.3456115722656,558.021728515625,878.3212890625,562.761474609375,453.0074768066406,575.5010986328125,874.2208251953125,599.2949829101562,450.9535827636719,611.8081665039062,848.0592041015625,623.8671264648438,406.392333984375,637.3837280273438,842.3726196289062,626.8248901367188,373.8815002441406,648.0895385742188,812.8184814453125,638.5383911132812,379.7843322753906,658.4610595703125,815.3965454101562,857.2159423828125,489.3794860839844,860.56005859375,887.2175903320312,879.7670288085938,486.9892883300781,884.6495361328125,881.5991821289062,904.6002807617188,482.8962097167969,909.3814086914062,874.34130859375,881.6180419921875,476.8834533691406,887.4752807617188,837.0280151367188,874.1038208007812,432.7336730957031,876.3347778320312,854.8778076171875,862.9689331054688,406.8646545410156,866.5128173828125,835.0977783203125,885.847412109375,404.5972900390625,889.4044799804688,838.2369995117188,484.1310119628906,339.0756530761719,510.72076416015625,834.5013427734375,693.0751342773438,394.9719543457031,706.975830078125,821.953125,749.3171997070312,407.01055908203125,762.336669921875,828.4778442382812,808.348388671875,408.2729797363281,817.7221069335938,832.43359375,969.0629272460938,411.0498046875,971.8511352539062,847.7190551757812,1055.960693359375,418.34320068359375,1046.17529296875,854.3303833007812,1142.02734375,422.03070068359375,1129.1082763671875,863.4151611328125,1219.376220703125,426.0839538574219,1180.14453125,865.5259399414062,1289.753173828125,429.4892578125,1278.691650390625,870.298828125,1360.584228515625,439.6361083984375,1354.7386474609375,859.2686767578125
521.2885131835938,452.4836730957031,538.29345703125,877.977783203125,544.0726318359375,452.27606201171875,557.8658447265625,878.3176879882812,562.9232788085938,452.9875183105469,575.5856323242188,874.38134765625,599.349609375,450.76580810546875,611.9932250976562,847.4612426757812,623.3557739257812,405.8843994140625,637.1036987304688,842.7633666992188,626.14453125,372.9768981933594,647.4985961914062,813.060791015625,638.4503173828125,378.9365539550781,657.9540405273438,815.6063232421875,857.25732421875,489.4815368652344,860.358154296875,887.1594848632812,879.822509765625,486.9144287109375,884.581298828125,881.745849609375,904.4346313476562,482.7207946777344,909.3375854492188,874.5609130859375,880.9996337890625,476.6052551269531,887.5799560546875,837.7750244140625,873.4796752929688,432.8004150390625,876.1783447265625,854.88916015625,862.5518188476562,406.73419189453125,866.4457397460938,835.2094116210938,885.6830444335938,404.8403625488281,888.5562744140625,837.630615234375,483.49237060546875,338.6277770996094,509.8138122558594,835.2613525390625,692.3758544921875,394.75006103515625,706.7726440429688,822.16455078125,748.4323120117188,406.7469787597656,761.4134521484375,828.6847534179688,808.007568359375,408.637939453125,816.8010864257812,832.1932373046875,968.63232421875,410.7130126953125,969.7584228515625,847.4070434570312,1054.8421630859375,418.2598876953125,1045.205322265625,853.9893188476562,1141.299072265625,422.1429138183594,1128.2293701171875,863.2634887695312,1220.8765869140625,426.0027160644531,1198.4476318359375,865.8421020507812,1289.3570556640625,429.4175720214844,1278.1513671875,870.19287109375,1360.1400146484375,439.0940246582031,1354.075439453125,859.0301513671875
521.35791015625,452.4227294921875,538.1469116210938,877.8014526367188,544.1604614257812,452.2651672363281,557.6973266601562,878.3099365234375,563.0089111328125,453.0409240722656,575.3942260742188,874.4838256835938,599.1926879882812,450.6600341796875,611.333984375,847.9442138671875,622.7651977539062,405.65057373046875,635.8408203125,842.8007202148438,625.1393432617188,372.8219299316406,646.2918701171875,813.4583740234375,636.9214477539062,378.855712890625,656.93408203125,815.9354858398438,857.3753662109375,489.46820068359375,860.7283325195312,886.9527587890625,879.8270263671875,486.82086181640625,885.0642700195312,881.8399047851562,904.4093627929688,482.6062316894531,909.4872436523438,874.0645141601562,879.155517578125,477.10235595703125,887.2498168945312,838.3041381835938,872.9096069335938,432.4170837402344,875.334228515625,854.9375,863.4160766601562,407.9298400878906,865.5299682617188,835.0429077148438,885.229736328125,404.87200927734375,886.0679931640625,837.5326538085938,482.61785888671875,338.3713684082031,508.8746032714844,835.6237182617188,691.359130859375,394.4228515625,706.5172729492188,822.3854370117188,748.0667724609375,406.7061767578125,762.0068359375,829.0747680664062,807.9413452148438,408.2392272949219,815.8649291992188,832.3097534179688,966.3735961914062,410.9632568359375,966.5396118164062,847.0962524414062,1053.8499755859375,418.1069030761719,1043.7911376953125,853.5606689453125,1140.5718994140625,422.06341552734375,1127.0413818359375,863.4505615234375,1219.609375,426.1051330566406,1206.2060546875,867.6578979492188,1288.1630859375,429.4214172363281,1277.5157470703125,870.1256103515625,1359.3560791015625,438.8558044433594,1353.283935546875,858.3919067382812
521.5162963867188,452.3730773925781,538.7222900390625,878.1549072265625,544.2350463867188,452.1974792480469,557.6661376953125,878.533447265625,562.990966796875,453.0972900390625,575.16796875,874.6700439453125,598.8182373046875,450.62567138671875,611.007568359375,848.4107055664062,621.9417724609375,405.27471923828125,634.5140380859375,843.3355102539062,624.600341796875,372.3244323730469,645.3057861328125,813.93798828125,635.7410888671875,378.6202087402344,655.5656127929688,816.3984985351562,857.3387451171875,489.4252014160156,860.7052001953125,886.947265625,879.8401489257812,486.7823486328125,885.3248901367188,881.9864501953125,905.05126953125,482.4656677246094,909.1918334960938,874.2037353515625,878.806884765625,476.73809814453125,886.2847900390625,838.0394897460938,871.9100952148438,432.4447021484375,874.0892333984375,855.1875,862.4254760742188,407.4344482421875,865.1699829101562,834.6204833984375,884.9407348632812,404.8556823730469,884.4813842773438,836.9683227539062,481.8616943359375,337.76806640625,508.2598876953125,835.7739868164062,689.7976684570312,393.95172119140625,705.7098388671875,822.646484375,747.142333984375,406.6641540527344,761.9540405273438,829.4816284179688,807.028564453125,408.6747741699219,813.4097290039062,832.7207641601562,965.53271484375,410.7600402832031,969.211669921875,846.94287109375,1051.7352294921875,418.0573425292969,1043.271728515625,853.6364135742188,1138.482666015625,422.02093505859375,1125.9774169921875,862.6968383789062,1214.58740234375,425.9847106933594,1198.8067626953125,866.2735595703125,1285.8509521484375,429.1185302734375,1277.16943359375,870.0264282226562,1358.3204345703125,438.6128234863281,1352.5938720703125,857.90087890625
521.5989990234375,452.3879699707031,538.9843139648438,878.4327392578125,544.2706298828125,452.2120666503906,557.6948852539062,878.6820678710938,562.9088134765625,453.1446838378906,575.011474609375,874.9528198242188,598.3856811523438,450.64544677734375,610.6046752929688,848.60009765625,620.701171875,404.9529724121094,634.0892944335938,843.6469116210938,623.882568359375,372.0539855957031,645.1966552734375,814.4039916992188,634.9199829101562,378.33001708984375,655.1489868164062,816.7869262695312,857.3198852539062,489.45947265625,860.6155395507812,886.8612060546875,879.7942504882812,486.9444274902344,885.4937744140625,882.04931640625,904.886474609375,482.3871765136719,909.0364379882812,874.18896484375,878.7225341796875,476.64532470703125,885.7438354492188,839.274169921875,870.8475952148438,432.4447021484375,873.2800903320312,854.2470092773438,860.0120239257812,407.5133056640625,863.909423828125,833.6057739257812,883.3229370117188,404.54180908203125,883.0408325195312,836.6414184570312,481.1490478515625,337.4105224609375,507.4318542480469,836.1525268554688,688.7196655273438,394.025146484375,703.865966796875,822.8281860351562,745.987060546875,406.6990966796875,760.6516723632812,828.8567504882812,805.515625,408.8560485839844,811.0067138671875,833.19140625,964.5206909179688,410.32745361328125,970.087890625,847.1178588867188,1049.681396484375,417.843994140625,1043.3482666015625,853.4368286132812,1136.982177734375,422.2384948730469,1125.2413330078125,862.585205078125,1217.6829833984375,426.05133056640625,1197.7686767578125,866.45361328125,1285.42626953125,429.2115173339844,1270.8125,869.6831665039062,1357.421142578125,438.5084228515625,1351.4510498046875,857.9334106445312
521.691162109375,452.30682373046875,538.7564697265625,878.512939453125,544.2283935546875,452.15478515625,557.552978515625,878.7026977539062,562.8196411132812,453.0628662109375,574.793701171875,875.1464233398438,598.1290283203125,450.65301513671875,610.1749877929688,848.6253662109375,619.8883666992188,404.68505859375,633.1129150390625,844.2593383789062,623.7634887695312,371.2365417480469,645.6595458984375,814.312255859375,633.9442749023438,377.76361083984375,654.3273315429688,816.999267578125,857.14306640625,489.37994384765625,860.866455078125,886.818115234375,879.6884765625,487.0950927734375,885.4855346679688,881.9818725585938,904.6636962890625,482.3572998046875,908.8229370117188,874.3016967773438,878.585205078125,476.56317138671875,885.8668212890625,838.7291870117188,869.9360961914062,432.866943359375,872.5955810546875,854.6494750976562,859.0478515625,407.4763488769531,863.213623046875,833.7232666015625,882.4058227539062,404.6141357421875,881.9176025390625,836.9595336914062,480.26214599609375,337.1613464355469,506.7919921875,836.3536987304688,687.65576171875,393.8424987792969,703.2216796875,822.8516235351562,743.656005859375,406.37091064453125,759.1572265625,828.8602905273438,804.6220703125,409.1957702636719,811.12109375,831.993896484375,963.4613037109375,410.0128479003906,965.2206420898438,847.0305786132812,1046.140625,417.9779052734375,1041.212890625,853.2433471679688,1135.279541015625,422.0829162597656,1119.8385009765625,861.6060180664062,1212.7762451171875,426.0489807128906,1197.82958984375,866.7916870117188,1283.7999267578125,429.2544860839844,1271.1695556640625,869.7073974609375,1356.5120849609375,438.4624328613281,1350.179443359375,857.6049194335938
521.7017822265625,452.2588806152344,538.1148681640625,878.2823486328125,544.2119750976562,452.21246337890625,557.629638671875,878.9439086914062,562.6544189453125,453.09814453125,574.4266357421875,875.2667236328125,597.6891479492188,450.4653625488281,609.2865600585938,848.7979125976562,618.9351196289062,404.4505615234375,631.4620361328125,844.7373046875,623.2325439453125,371.0612487792969,644.6155395507812,814.4803466796875,632.8713989257812,377.32794189453125,655.0433349609375,817.4702758789062,856.9273681640625,489.37310791015625,860.9390258789062,886.9027099609375,879.6974487304688,487.2716369628906,885.6846923828125,882.0641479492188,904.5372924804688,482.41357421875,908.895263671875,874.2034912109375,878.4932250976562,476.50189208984375,885.7177734375,840.305908203125,868.991455078125,433.11541748046875,871.323974609375,855.2603759765625,857.6688232421875,407.5025329589844,861.6373291015625,833.91357421875,880.814453125,404.6270446777344,880.9324951171875,836.995361328125,479.5916442871094,336.5994873046875,505.9941101074219,836.710205078125,686.8007202148438,394.28900146484375,703.2159423828125,823.3500366210938,742.1283569335938,406.2970886230469,757.874755859375,828.9095458984375,803.00537109375,409.5953063964844,810.5097045898438,831.7395629882812,962.1666259765625,410.2903137207031,964.0904541015625,846.9555053710938,1045.408935546875,417.7278137207031,1040.739501953125,853.0932006835938,1135.3326416015625,422.2771301269531,1122.6798095703125,862.2381591796875,1213.7784423828125,425.9010314941406,1198.73828125,866.757080078125,1283.6728515625,429.5592956542969,1270.548828125,869.8048706054688,1355.33837890625,438.9228820800781,1349.3521728515625,857.1904296875
521.75341796875,452.4119567871094,538.1621704101562,878.3798217773438,544.1926879882812,452.21453857421875,557.5606079101562,878.9892578125,562.6129760742188,453.1378479003906,573.8480834960938,875.5838623046875,597.3572998046875,450.1819763183594,608.1790771484375,848.2907104492188,618.33349609375,404.3775634765625,629.2671508789062,845.064453125,622.3194580078125,370.95904541015625,642.67041015625,814.59423828125,632.0343017578125,377.1192321777344,653.2174072265625,817.3185424804688,856.8856811523438,489.2794494628906,860.619873046875,887.0526123046875,879.7415161132812,487.4673767089844,885.3804931640625,882.0297241210938,904.5216064453125,482.5831298828125,908.3816528320312,874.0964965820312,878.0202026367188,476.5260314941406,884.4124755859375,839.9375,867.9430541992188,433.2958068847656,870.5064086914062,855.4227294921875,856.6336669921875,406.75,860.6839599609375,834.3004150390625,879.8715209960938,404.572509765625,880.6749877929688,837.1646728515625,478.8264465332031,335.54742431640625,505.3167724609375,837.0883178710938,685.0848388671875,393.5747985839844,701.3942260742188,823.6146850585938,741.096435546875,406.3891296386719,756.455810546875,828.9887084960938,801.1702270507812,409.9236755371094,809.91259765625,831.7384033203125,960.3716430664062,410.3582763671875,962.190673828125,846.9285278320312,1045.696044921875,417.5346374511719,1037.397216796875,852.4738159179688,1135.3203125,421.86871337890625,1123.5218505859375,862.502197265625,1214.027099609375,425.9717102050781,1204.73876953125,868.4655151367188,1282.7518310546875,429.9066467285156,1270.6580810546875,869.4994506835938,1354.15576171875,439.9387512207031,1347.986572265625,856.0643310546875
521.7451171875,452.49652099609375,538.2787475585938,878.4546508789062,544.2011108398438,452.29364013671875,557.7539672851562,878.9021606445312,562.4401245117188,453.19415283203125,573.8538818359375,875.6649169921875,597.192626953125,449.9300842285156,608.4205322265625,848.00048828125,617.9599609375,403.4760437011719,629.1331176757812,845.3737182617188,621.731201171875,370.8435363769531,642.4830932617188,815.0742797851562,631.5142822265625,376.7716064453125,652.8424682617188,817.7277221679688,856.839599609375,489.1866455078125,860.5422973632812,886.8339233398438,879.8179931640625,487.4768371582031,885.0419921875,881.9092407226562,904.5046997070312,482.4820861816406,908.132568359375,874.194580078125,877.3970336914062,476.1403503417969,884.8861694335938,839.3819580078125,866.77294921875,433.4365234375,869.7515258789062,855.2855224609375,855.7109985351562,406.954345703125,859.04638671875,834.5045166015625,878.49951171875,404.52362060546875,880.3659057617188,837.22705078125,477.84246826171875,335.10028076171875,504.5787048339844,837.6893310546875,684.7151489257812,393.6105651855469,700.5486450195312,823.6869506835938,740.2713623046875,406.9454345703125,754.5013427734375,828.8363647460938,798.9464111328125,410.20379638671875,808.7982788085938,831.9986572265625,960.1340942382812,410.09918212890625,957.6281127929688,846.8380126953125,1044.59033203125,417.24945068359375,1034.9022216796875,852.7108154296875,1133.99072265625,421.6093444824219,1122.609619140625,862.658447265625,1212.626220703125,425.8132019042969,1196.4703369140625,867.132568359375,1281.9140625,430.1112976074219,1269.4974365234375,869.3171997070312,1352.7750244140625,440.23175048828125,1346.925048828125,854.7515869140625
521.776611328125,452.4645690917969,538.1282348632812,878.453369140625,544.2490844726562,452.27301025390625,557.7642822265625,878.8211669921875,562.4531860351562,453.1505432128906,573.7776489257812,875.6017456054688,597.0039672851562,449.65936279296875,607.7537231445312,848.2852783203125,617.09619140625,403.32952880859375,628.0126342773438,845.832763671875,621.1792602539062,370.7159729003906,641.4287719726562,815.4188232421875,630.8078002929688,376.68438720703125,651.7583618164062,818.0083618164062,856.7915649414062,489.19720458984375,860.666015625,886.642822265625,879.8187255859375,487.4722900390625,884.9267578125,881.8221435546875,904.5120849609375,482.34283447265625,907.7225952148438,874.1211547851562,876.8487548828125,475.796142578125,884.4232788085938,839.7822875976562,865.8446044921875,433.3454895019531,869.631591796875,855.1821899414062,854.7219848632812,407.10076904296875,859.10205078125,835.0880737304688,878.4692993164062,404.46539306640625,880.2503051757812,837.2976684570312,477.0931701660156,334.5771179199219,503.9378356933594,838.5952758789062,684.4971923828125,393.47100830078125,699.7349853515625,823.8909301757812,739.8706665039062,407.10540771484375,754.15380859375,828.9931640625,797.8177490234375,410.7162170410156,808.137451171875,832.4154052734375,960.0059204101562,409.90618896484375,956.8042602539062,846.9700927734375,1043.979736328125,417.1131286621094,1034.5247802734375,852.6025390625,1133.8995361328125,421.0527038574219,1117.2769775390625,862.2367553710938,1214.107666015625,425.5643310546875,1210.2158203125,867.5816650390625,1281.799560546875,430.1199035644531,1245.620361328125,868.8843994140625,1351.97900390625,439.8788757324219,1345.476318359375,854.08203125
521.8348388671875,452.4517517089844,538.1546020507812,878.4636840820312,544.2979125976562,452.3077392578125,557.5360107421875,878.7963256835938,562.4534301757812,453.1920166015625,573.6471557617188,875.6549682617188,596.6138916015625,449.478759765625,607.5418701171875,848.0026245117188,616.3268432617188,403.1212463378906,627.0880737304688,846.022705078125,621.02099609375,370.5538330078125,640.2936401367188,815.7315673828125,630.346435546875,376.487548828125,650.5999755859375,818.118408203125,856.7677001953125,489.2765197753906,860.9232177734375,886.69384765625,879.6881103515625,487.5926818847656,885.2823486328125,881.8043823242188,904.3875732421875,482.3966064453125,907.478515625,873.7274169921875,875.7415161132812,475.2353820800781,884.486083984375,839.5057983398438,864.8417358398438,433.17254638671875,869.4149169921875,855.12548828125,853.8352661132812,407.3023376464844,859.8990478515625,836.3056640625,877.828369140625,404.213134765625,880.5133666992188,837.47265625,476.9965515136719,334.0301818847656,503.3173522949219,839.0938110351562,684.3062744140625,392.8846435546875,699.7586669921875,824.085693359375,738.9229736328125,406.8356018066406,755.0787963867188,828.9488525390625,796.9647827148438,410.72967529296875,808.1420288085938,832.6744995117188,959.6602783203125,410.0064392089844,956.9285278320312,847.022705078125,1043.677001953125,417.0735778808594,1034.723388671875,852.7933349609375,1134.905029296875,421.4585266113281,1117.1904296875,862.351806640625,1213.72509765625,425.70599365234375,1194.3004150390625,867.0203857421875,1280.478759765625,430.0214538574219,1268.08349609375,869.1431884765625,1350.9017333984375,440.08648681640625,1344.3746337890625,853.7398681640625
521.8151245117188,452.511474609375,537.1694946289062,879.1243896484375,544.3430786132812,452.2965393066406,557.765869140625,878.7271118164062,562.40380859375,453.1867980957031,573.6298217773438,875.8692016601562,596.369384765625,449.35833740234375,607.3630981445312,847.8103637695312,615.2638549804688,402.9682312011719,625.3006591796875,845.7227172851562,620.1882934570312,370.2452087402344,638.2620849609375,815.9673461914062,629.336181640625,376.33209228515625,648.4176025390625,818.1329956054688,856.759033203125,489.27130126953125,860.5299072265625,886.8599853515625,879.5802612304688,487.5723876953125,884.9862670898438,881.9304809570312,904.426513671875,482.4416198730469,907.1926879882812,873.6953125,874.8994140625,474.8043518066406,883.564208984375,839.4929809570312,864.2371826171875,433.29766845703125,868.4991455078125,855.5698852539062,852.8399658203125,407.4712829589844,859.4584350585938,836.9114379882812,877.3519897460938,404.57342529296875,881.874267578125,837.8648071289062,476.4053955078125,333.3322448730469,502.7988586425781,839.6217651367188,683.0177001953125,392.793701171875,697.8587646484375,824.076904296875,737.8062744140625,406.47552490234375,753.3762817382812,829.0039672851562,795.609375,411.036376953125,806.0896606445312,832.9910888671875,959.0980224609375,409.86029052734375,956.8990478515625,847.07470703125,1043.49951171875,417.0614929199219,1033.633544921875,852.7814331054688,1133.7186279296875,421.2850341796875,1112.892822265625,862.6011352539062,1212.592529296875,425.6943359375,1191.41552734375,867.1044311523438,1279.5384521484375,429.9857177734375,1267.906494140625,869.2005004882812,1349.992919921875,439.71270751953125,1343.6536865234375,853.5628662109375
521.84521484375,452.5686950683594,538.0343017578125,878.64599609375,544.2957153320312,452.32452392578125,557.7412109375,878.59521484375,562.408935546875,453.1804504394531,573.8826904296875,875.8506469726562,596.132080078125,448.9707946777344,607.7880859375,847.2838745117188,614.3015747070312,402.7384948730469,625.2822875976562,846.023193359375,619.36669921875,370.4943542480469,637.6011962890625,817.3743286132812,628.6094970703125,376.57501220703125,647.4893798828125,819.2365112304688,856.7363891601562,489.2842712402344,860.7836303710938,886.7147216796875,879.5523071289062,487.55206298828125,884.9349365234375,882.07080078125,904.41162109375,482.5130920410156,906.72119140625,873.7879028320312,874.7322998046875,475.147216796875,883.44091796875,839.7069091796875,863.881103515625,433.309326171875,868.0975952148438,855.5745239257812,852.3387451171875,407.4139404296875,859.583984375,837.1861572265625,876.482421875,404.83880615234375,881.3465576171875,837.8392333984375,475.91534423828125,332.5684814453125,502.29559326171875,840.0211181640625,682.9511108398438,393.0556335449219,696.5322265625,824.275146484375,737.9363403320312,406.69110107421875,752.3760375976562,829.2662963867188,795.10498046875,410.6573791503906,805.1903076171875,833.059814453125,957.2656860351562,409.66717529296875,957.6852416992188,847.2853393554688,1043.0653076171875,417.0777587890625,1034.912353515625,853.1942138671875,1132.9412841796875,421.06317138671875,1113.150634765625,862.5621337890625,1212.2469482421875,425.7403259277344,1192.580078125,867.275634765625,1278.9114990234375,430.169677734375,1267.4368896484375,869.2328491210938,1348.6544189453125,439.4059143066406,1343.0506591796875,852.9853515625
521.9447631835938,452.5357666015625,537.1357421875,879.298828125,544.4205322265625,452.3724060058594,557.5279541015625,877.6978759765625,562.3761596679688,453.14422607421875,574.1552734375,875.8978271484375,596.0166625976562,448.7463684082031,607.9169921875,847.0405883789062,613.6456298828125,402.4864196777344,624.9808349609375,846.1856079101562,615.9871826171875,369.6285095214844,637.659423828125,817.8754272460938,627.2107543945312,376.698486328125,647.2634887695312,819.7596435546875,856.8198852539062,489.3584289550781,860.81591796875,886.816650390625,879.6982421875,487.6950378417969,884.908935546875,882.1013793945312,904.416748046875,482.5531005859375,906.3590698242188,874.1445922851562,873.9900512695312,474.9163818359375,883.165283203125,839.5283813476562,862.6547241210938,434.0782775878906,867.2156372070312,855.3914184570312,852.1065673828125,407.3820495605469,858.4141235351562,837.1023559570312,876.3372802734375,405.0248107910156,880.2465209960938,837.6266479492188,475.396728515625,332.1151123046875,501.7914123535156,840.1109619140625,681.6597900390625,392.56097412109375,695.3372192382812,824.4029541015625,737.7742919921875,406.5847473144531,750.6793212890625,830.1043701171875,794.7561645507812,410.1885986328125,804.722900390625,832.9227905273438,958.0227661132812,409.6187438964844,957.0328369140625,846.9759521484375,1043.2523193359375,417.1914978027344,1034.2132568359375,853.1290893554688,1132.073486328125,420.9201354980469,1112.7193603515625,862.4239501953125,1211.30126953125,425.7296447753906,1192.9027099609375,867.3816528320312,1278.7657470703125,430.1773986816406,1267.3505859375,868.9450073242188,1347.685546875,439.1560363769531,1342.154541015625,852.5919189453125
522.0269165039062,452.478515625,537.5742797851562,879.4556274414062,544.4276123046875,452.2694091796875,557.6439819335938,877.8560180664062,562.4092407226562,453.108642578125,574.3158569335938,876.0521850585938,595.9268798828125,448.63409423828125,608.0189819335938,847.3488159179688,612.665283203125,402.1086730957031,624.6774291992188,846.8363647460938,614.9419555664062,369.06640625,636.3594970703125,817.0857543945312,626.0166015625,376.20904541015625,645.7998657226562,820.1832275390625,856.7392578125,489.3258361816406,861.1636962890625,886.9886474609375,879.7178344726562,487.6253662109375,885.0115966796875,882.1494140625,904.3128051757812,482.5806579589844,906.3546752929688,874.0139770507812,873.9329833984375,475.2156982421875,882.6123657226562,839.3431396484375,861.8955078125,434.5093688964844,866.749755859375,855.418212890625,851.0186767578125,407.6180419921875,856.7100219726562,836.5663452148438,875.1807861328125,405.2987365722656,879.0354614257812,837.5033569335938,475.097412109375,332.0815734863281,501.26556396484375,840.3740234375,680.5460815429688,391.99786376953125,694.2855834960938,824.2233276367188,736.8899536132812,406.1452331542969,749.3539428710938,830.3269653320312,794.2205200195312,409.9991455078125,803.8189697265625,833.2147216796875,957.2637329101562,409.58343505859375,956.8101806640625,846.6222534179688,1043.0216064453125,417.01983642578125,1034.142822265625,853.0494384765625,1131.4676513671875,420.9378356933594,1112.771728515625,862.3098754882812,1210.34033203125,425.7998046875,1192.73388671875,867.5204467773438,1277.7022705078125,430.2801513671875,1266.91845703125,869.0280151367188,1346.9400634765625,439.43115234375,1340.984375,852.081298828125
522.08740234375,452.5245361328125,537.612060546875,879.3729858398438,544.5518798828125,452.3326721191406,557.8645629882812,877.7490234375,562.4442138671875,453.0784912109375,574.4953002929688,876.0911254882812,595.886962890625,448.3915100097656,608.1537475585938,847.3693237304688,611.91650390625,401.7682189941406,624.9338989257812,847.1346435546875,614.1002197265625,368.9869079589844,636.4253540039062,817.3911743164062,625.114013671875,375.9056396484375,645.7582397460938,820.3748168945312,856.818115234375,489.3282165527344,861.2273559570312,886.9790649414062,879.8390502929688,487.7170104980469,885.0676879882812,882.1387939453125,904.1600341796875,482.69635009765625,906.4277954101562,873.7440185546875,873.8806762695312,475.1983642578125,882.2094116210938,839.4786987304688,861.2645263671875,434.7437438964844,866.014404296875,855.4662475585938,849.9751586914062,407.7679748535156,856.3101806640625,836.483642578125,874.2530517578125,405.4897155761719,878.0951538085938,837.3321533203125,474.5700988769531,331.919189453125,500.8371276855469,840.9924926757812,679.5875244140625,391.658203125,694.4291381835938,824.408203125,734.8740234375,406.6203308105469,749.149658203125,830.1263427734375,793.0923461914062,410.3660583496094,803.1729125976562,833.9287719726562,956.802490234375,409.4891052246094,957.2141723632812,846.1825561523438,1043.369873046875,416.8287658691406,1032.8184814453125,852.99853515625,1131.032958984375,421.0526428222656,1111.8831787109375,862.21240234375,1210.147705078125,425.74609375,1192.826904296875,867.412841796875,1277.383544921875,430.05596923828125,1267.4937744140625,868.90283203125,1346.3336181640625,439.8513488769531,1340.4111328125,852.37255859375
522.0781860351562,452.5536804199219,537.7012939453125,879.3191528320312,544.5404052734375,452.34228515625,557.962646484375,877.6382446289062,562.4384155273438,453.0345458984375,574.5841064453125,876.1094360351562,596.0772094726562,448.2791442871094,607.7460327148438,847.1403198242188,611.0665283203125,401.3721618652344,623.9236450195312,847.2440185546875,613.6666259765625,368.615234375,635.5629272460938,817.5654296875,624.3833618164062,375.55609130859375,644.8121337890625,820.3818359375,856.7277221679688,489.406005859375,861.1898803710938,886.9591064453125,879.9032592773438,487.8212890625,884.9517211914062,882.0628051757812,904.0909423828125,482.74432373046875,906.5972290039062,873.4841918945312,873.7484130859375,475.2570495605469,881.7567138671875,839.6066284179688,860.08740234375,435.32305908203125,864.545166015625,855.3380126953125,848.408203125,408.1946716308594,853.9578247070312,835.9542236328125,872.850830078125,405.04437255859375,876.439208984375,837.22802734375,473.942138671875,331.9974670410156,500.2403259277344,841.24462890625,678.6907348632812,392.2372741699219,693.1307983398438,824.5053100585938,733.69287109375,406.1098327636719,748.48193359375,829.9625244140625,792.102294921875,410.63861083984375,801.8855590820312,832.8436889648438,955.7656860351562,409.063232421875,956.3986206054688,845.9540405273438,1042.9576416015625,416.96087646484375,1032.946044921875,852.694580078125,1130.847900390625,421.1114501953125,1112.3944091796875,862.134033203125,1210.1273193359375,425.71142578125,1193.50634765625,867.185546875,1277.2418212890625,430.1527099609375,1267.2808837890625,868.8079833984375,1345.728271484375,440.27679443359375,1339.6905517578125,852.2322998046875
522.0873413085938,452.52569580078125,537.8475952148438,879.23876953125,544.6055297851562,452.3612365722656,557.8388671875,878.2722778320312,562.5194702148438,453.0125427246094,574.8501586914062,875.926025390625,596.0467529296875,448.4481506347656,607.642578125,846.7869873046875,610.4279174804688,401.27508544921875,623.7295532226562,847.0225219726562,613.1290893554688,368.3874816894531,635.2373046875,817.5306396484375,623.9586791992188,375.21514892578125,644.5853271484375,820.2721557617188,856.6627807617188,489.3616943359375,860.8528442382812,886.998046875,879.8574829101562,487.74676513671875,884.8470458984375,882.087646484375,903.9559326171875,482.7547912597656,906.9085083007812,872.538818359375,873.5173950195312,475.1181335449219,881.1302490234375,839.594970703125,859.8036499023438,435.2821350097656,864.1266479492188,855.4721069335938,847.980712890625,408.207275390625,853.0736694335938,836.2867431640625,872.625,405.2192687988281,875.691650390625,837.2778930664062,473.5382385253906,331.9715576171875,499.6865539550781,841.52880859375,678.0457763671875,392.3071594238281,692.8141479492188,824.4630126953125,733.3403930664062,406.5352478027344,748.1131591796875,830.0597534179688,791.5655517578125,410.98858642578125,801.88134765625,832.0323486328125,954.8011474609375,409.34088134765625,955.988525390625,845.7554931640625,1042.3546142578125,416.81304931640625,1031.874755859375,853.2042846679688,1130.20166015625,421.0960388183594,1112.089111328125,861.8886108398438,1208.951416015625,425.85540771484375,1192.3935546875,867.3189697265625,1276.8643798828125,430.16986083984375,1266.3626708984375,868.9971923828125,1345.015869140625,440.1445007324219,1339.1202392578125,851.8922729492188
522.1866455078125,452.552978515625,537.5491943359375,879.2805786132812,544.6348876953125,452.43365478515625,558.5471801757812,878.1473999023438,562.5979614257812,453.08538818359375,574.79345703125,875.8854370117188,596.0538940429688,448.4709777832031,607.6133422851562,846.6481323242188,609.7503051757812,401.12127685546875,623.489501953125,847.0379638671875,612.4381713867188,368.4501953125,634.9385375976562,817.7399291992188,623.1748046875,375.1992492675781,644.4710693359375,820.37109375,856.6083374023438,489.3739013671875,860.9324951171875,886.8452758789062,879.8416137695312,487.8414611816406,884.423095703125,881.9837646484375,903.89990234375,482.7950439453125,906.4803466796875,873.4349365234375,873.9086303710938,475.7063903808594,880.784912109375,839.2772216796875,859.5034790039062,435.56597900390625,864.322998046875,855.2698364257812,848.051513671875,408.393798828125,852.8497314453125,836.1753540039062,872.5236206054688,405.30072021484375,875.5228271484375,837.118408203125,473.052734375,332.2377014160156,499.19342041015625,841.6246948242188,677.5728759765625,392.0863952636719,693.0518188476562,824.6107177734375,733.2749633789062,406.4730224609375,747.6731567382812,830.2698974609375,791.8637084960938,410.7416076660156,801.3007202148438,831.3397216796875,954.104248046875,408.917236328125,956.5162963867188,845.7920532226562,1042.57568359375,416.9639892578125,1031.5350341796875,853.0633544921875,1129.8792724609375,421.1419982910156,1112.0760498046875,861.801025390625,1207.5550537109375,426.0954895019531,1192.6141357421875,867.0497436523438,1276.3046875,430.0833435058594,1266.675048828125,868.7592163085938,1344.64306640625,439.4321594238281,1338.3709716796875,851.8013305664062
522.3212890625,452.4170837402344,537.7360229492188,879.3648681640625,544.7261352539062,452.4303894042969,558.007080078125,878.0084838867188,562.71435546875,453.1360778808594,575.1634521484375,875.8070068359375,596.1040649414062,448.63055419921875,607.8621826171875,846.4561767578125,609.5486450195312,401.08203125,623.34326171875,847.24267578125,612.0707397460938,368.59027099609375,635.0570068359375,817.8831787109375,622.7150268554688,375.29132080078125,644.572265625,820.4708251953125,856.578125,489.3786315917969,860.6884155273438,886.7814331054688,879.8374633789062,487.8883972167969,884.442626953125,881.996337890625,903.8416748046875,482.8022155761719,906.3712768554688,873.4166259765625,873.8207397460938,475.55584716796875,880.5875244140625,839.34912109375,859.5165405273438,435.5809631347656,863.7427978515625,855.2156372070312,848.1495361328125,408.47705078125,852.1492309570312,836.21240234375,872.2794799804688,405.4460754394531,874.8348388671875,837.16357421875,472.3608093261719,332.59130859375,498.6496887207031,841.810791015625,677.461181640625,392.1314697265625,693.2545166015625,824.6182250976562,733.2326049804688,406.0762634277344,747.9317626953125,830.0616455078125,791.7103271484375,410.713134765625,800.3775024414062,832.0850219726562,954.181396484375,408.9371643066406,955.4443359375,845.4467163085938,1040.7926025390625,416.52923583984375,1030.9395751953125,853.072265625,1128.7216796875,421.0248107910156,1111.504150390625,861.4902954101562,1205.4044189453125,425.7825622558594,1192.156494140625,867.19091796875,1275.5462646484375,429.8974304199219,1265.6898193359375,868.917236328125,1344.2791748046875,439.19622802734375,1337.8277587890625,851.6549072265625
522.4205932617188,452.5475158691406,537.8493041992188,879.3953247070312,543.8511962890625,452.87078857421875,558.2434692382812,878.0469970703125,562.8502197265625,453.177734375,575.0338134765625,875.8627319335938,596.0640258789062,448.7754821777344,608.1557006835938,846.416015625,609.2739868164062,401.1533508300781,624.8831787109375,846.6654663085938,611.8060302734375,368.63836669921875,633.79736328125,818.0150756835938,622.4453735351562,375.3830261230469,642.973388671875,820.474853515625,856.5535278320312,489.26263427734375,860.6280517578125,886.6786499023438,879.857421875,487.85955810546875,884.5045776367188,881.9168090820312,903.7713012695312,482.8025207519531,906.5325317382812,873.3386840820312,873.6578369140625,475.4261474609375,880.7913208007812,839.5436401367188,859.2813720703125,435.6085205078125,863.7189331054688,855.0703735351562,847.5111694335938,408.44512939453125,851.9240112304688,836.2105102539062,871.7750854492188,405.41302490234375,874.414306640625,837.117919921875,472.02703857421875,332.73834228515625,498.0987854003906,842.052490234375,677.3192749023438,392.2590026855469,692.22607421875,824.5213012695312,733.2476806640625,405.96990966796875,747.092529296875,830.6528930664062,791.720458984375,410.63092041015625,798.458251953125,833.3846435546875,951.222412109375,409.4144287109375,956.0884399414062,845.7232666015625,1039.898193359375,416.4786376953125,1030.4947509765625,852.8908081054688,1127.279541015625,420.80206298828125,1111.294921875,861.3816528320312,1205.597412109375,425.7526550292969,1192.1077880859375,867.1968994140625,1275.3841552734375,429.6530456542969,1265.9227294921875,868.8628540039062,1343.9931640625,439.006591796875,1337.549560546875,851.4949951171875
522.4161987304688,452.52410888671875,538.0250244140625,879.5690307617188,543.8947143554688,452.9505920410156,558.2754516601562,878.1581420898438,562.9721069335938,453.1826477050781,574.9361572265625,876.0943603515625,596.1011962890625,448.9644775390625,608.0137329101562,846.5064086914062,609.0038452148438,401.32525634765625,624.6860961914062,846.6942138671875,611.4566040039062,368.885498046875,633.4629516601562,817.9644775390625,622.3139038085938,375.56585693359375,642.8508911132812,820.5042114257812,856.5737915039062,489.29022216796875,860.7908935546875,886.5391845703125,879.9034423828125,487.7925720214844,884.574462890625,881.7193603515625,903.9069213867188,482.8780212402344,906.802978515625,872.4664916992188,873.8563842773438,475.5369567871094,880.572998046875,839.5126953125,859.3363037109375,436.0781555175781,863.149658203125,855.1803588867188,847.5674438476562,408.913330078125,851.5018920898438,836.2918090820312,871.5479125976562,405.8223876953125,872.9722290039062,837.115478515625,471.3660888671875,333.4345397949219,497.63592529296875,842.261962890625,676.7900390625,391.9690246582031,692.1046142578125,824.5050659179688,733.2627563476562,405.7411193847656,746.9059448242188,830.4300537109375,791.887939453125,410.6025390625,799.7120971679688,833.8950805664062,953.32421875,408.90911865234375,956.2627563476562,845.865234375,1038.822021484375,416.32598876953125,1030.7110595703125,853.1754150390625,1127.035888671875,420.9625549316406,1111.6119384765625,861.48681640625,1204.2489013671875,425.68597412109375,1191.718994140625,867.228515625,1274.6025390625,429.5908203125,1266.1058349609375,868.897705078125,1343.80615234375,438.92462158203125,1337.27685546875,851.4014282226562
522.4425048828125,452.4673767089844,538.1619262695312,879.5873413085938,543.9093017578125,452.9823303222656,558.3692626953125,878.2208862304688,562.9759521484375,453.2531433105469,575.06689453125,876.217529296875,596.0729370117188,449.11712646484375,608.1180419921875,846.7360229492188,608.8650512695312,401.3998107910156,624.5011596679688,846.8146362304688,611.1805419921875,368.93878173828125,632.9026489257812,818.1063232421875,621.965087890625,375.4853515625,642.3399047851562,820.6734008789062,856.4694213867188,489.2504577636719,860.7721557617188,886.6325073242188,879.8583984375,487.783447265625,884.7744140625,881.887451171875,903.7970581054688,482.82354736328125,906.7237548828125,872.59228515625,873.8063354492188,475.5535888671875,880.7686157226562,839.7232666015625,859.2572021484375,436.197998046875,863.2963256835938,855.1246337890625,846.9157104492188,409.40423583984375,851.91357421875,836.5252075195312,871.052978515625,406.0650634765625,873.6448974609375,837.228759765625,470.7431945800781,333.74578857421875,497.1710205078125,842.2299194335938,676.5846557617188,391.9276428222656,692.1431884765625,824.639404296875,733.2986450195312,405.7904357910156,747.2516479492188,830.530029296875,792.1255493164062,410.6145935058594,800.1512451171875,834.0145874023438,952.6571655273438,408.9168395996094,955.9448852539062,845.9990234375,1038.5272216796875,416.4231872558594,1030.361572265625,853.240234375,1127.1319580078125,421.0293273925781,1111.2767333984375,861.4739990234375,1206.0167236328125,425.98236083984375,1192.4542236328125,867.44287109375,1275.8472900390625,429.678955078125,1266.609375,868.9518432617188,1343.6298828125,438.90155029296875,1336.982177734375,851.4067993164062
522.4525146484375,452.4256896972656,538.3123779296875,879.6619262695312,543.9102172851562,452.9268798828125,558.4173583984375,878.291259765625,563.112548828125,453.30194091796875,575.077880859375,876.3118896484375,596.1563110351562,449.1940612792969,607.8973999023438,846.7781372070312,608.5264892578125,401.5921325683594,624.2052612304688,846.9844360351562,610.5411376953125,369.10992431640625,632.9275512695312,818.2091064453125,622.2097778320312,375.3360595703125,642.3887939453125,820.7872314453125,856.3870239257812,489.1534729003906,861.0132446289062,886.5249633789062,879.8287963867188,487.7847900390625,884.8735961914062,881.7957153320312,903.6952514648438,482.91168212890625,906.7753295898438,872.3594360351562,873.7383422851562,475.5237121582031,880.3515625,839.6783447265625,858.4364013671875,436.2109680175781,862.7474365234375,855.3475952148438,846.4520874023438,409.7373352050781,851.1851196289062,836.4497680664062,870.03271484375,406.0950927734375,872.7377319335938,837.21630859375,469.8930358886719,334.2136535644531,496.7198486328125,841.9954833984375,676.220703125,391.6339416503906,691.778076171875,824.640625,732.4415283203125,405.3703308105469,746.8366088867188,830.5917358398438,791.4149780273438,410.57672119140625,799.786376953125,834.0894775390625,950.559326171875,409.32183837890625,955.3471069335938,845.7718505859375,1037.9154052734375,416.4039611816406,1030.091796875,853.2830200195312,1128.35302734375,421.1404113769531,1111.1839599609375,861.3927001953125,1206.369140625,426.0179138183594,1191.9144287109375,867.4344482421875,1275.8468017578125,429.7069091796875,1266.100341796875,869.0753784179688,1343.308349609375,438.7178039550781,1336.829833984375,851.5435791015625
522.408203125,452.4743957519531,538.5006713867188,879.6692504882812,544.0014038085938,453.0127258300781,558.57177734375,878.2296752929688,563.2078857421875,453.29632568359375,575.1651000976562,876.0169677734375,596.1934204101562,449.21026611328125,607.9628295898438,846.73828125,608.1747436523438,401.52874755859375,624.0903930664062,846.9456176757812,610.1793212890625,369.0645446777344,632.8912353515625,818.037353515625,621.7410888671875,375.3852233886719,642.3621215820312,820.6980590820312,856.3621826171875,489.15264892578125,861.1685791015625,886.6621704101562,879.9196166992188,487.85174560546875,885.0153198242188,881.9099731445312,903.6680908203125,483.00128173828125,906.7715454101562,872.4280395507812,873.69140625,475.541259765625,880.3792114257812,839.782958984375,858.2740478515625,436.2153625488281,862.454833984375,855.1705322265625,844.4271850585938,409.2059020996094,851.04248046875,836.481201171875,869.4335327148438,406.1668395996094,872.283447265625,837.2318115234375,469.2297058105469,334.7622985839844,496.1966857910156,841.6814575195312,675.804931640625,391.5664367675781,691.7684936523438,824.5791625976562,731.41015625,405.1700744628906,747.0762329101562,830.6264038085938,791.235107421875,410.18011474609375,799.7933349609375,834.0534057617188,950.1455078125,409.2951965332031,955.1094360351562,845.6828002929688,1036.241943359375,416.5102233886719,1029.6175537109375,853.131103515625,1126.4696044921875,421.0332946777344,1110.5401611328125,861.3832397460938,1205.70703125,425.9393005371094,1192.08056640625,867.5875854492188,1274.983642578125,429.4217224121094,1266.7843017578125,869.1060791015625,1343.0645751953125,438.594970703125,1336.692626953125,851.5476684570312
522.3255615234375,452.4278869628906,538.1171264648438,879.5274658203125,543.91796875,453.0520324707031,558.4320678710938,878.0552368164062,563.1627807617188,453.3211975097656,575.2063598632812,875.9144897460938,596.1119995117188,449.3725891113281,608.0798950195312,846.5764770507812,608.2985229492188,402.46551513671875,624.206787109375,846.54345703125,610.14404296875,369.07427978515625,632.6774291992188,817.8238525390625,621.5671997070312,375.30157470703125,642.1466064453125,820.4879760742188,856.3950805664062,489.15765380859375,860.7974243164062,886.4021606445312,879.8928833007812,487.7580871582031,884.9484252929688,881.8800048828125,903.5473022460938,482.9779357910156,906.672119140625,872.4033203125,873.5465087890625,475.5450744628906,880.5108032226562,839.5763549804688,857.8897705078125,436.0459899902344,862.0960083007812,854.94580078125,843.9608154296875,409.4297790527344,850.6587524414062,836.4210815429688,869.1115112304688,406.2847900390625,871.701904296875,837.1958618164062,467.9578857421875,334.91046142578125,495.5928649902344,841.318359375,675.7692260742188,391.6390075683594,692.0855712890625,824.6533813476562,730.9627685546875,405.30029296875,746.5803833007812,830.474609375,790.6732788085938,410.10052490234375,799.0230712890625,834.1384887695312,949.9772338867188,409.26409912109375,954.442626953125,845.617431640625,1036.6285400390625,416.6089172363281,1029.30712890625,852.92578125,1126.5377197265625,421.23931884765625,1110.0032958984375,860.97265625,1205.68896484375,425.8379211425781,1192.304931640625,867.4718017578125,1275.0357666015625,429.2801818847656,1267.1429443359375,869.1298217773438,1342.666748046875,438.3162841796875,1336.554443359375,851.6687622070312
522.421875,452.4432067871094,538.002197265625,879.5357666015625,544.0323486328125,453.02276611328125,558.3807373046875,877.9885864257812,563.3573608398438,453.3411865234375,575.3634643554688,875.6428833007812,596.1390380859375,449.4205322265625,608.2407836914062,846.2715454101562,608.2382202148438,402.6265563964844,623.9835205078125,846.4681396484375,610.0443115234375,369.0761413574219,632.4219360351562,817.6593017578125,621.405029296875,375.3216857910156,641.7570190429688,820.3024291992188,856.24755859375,489.1875305175781,860.8856811523438,886.3035278320312,879.9100341796875,487.7879333496094,884.8319091796875,881.7531127929688,903.5045776367188,483.0384826660156,906.6251831054688,872.0753784179688,873.522216796875,475.3905944824219,880.2412109375,839.4447021484375,857.5361938476562,436.0142517089844,862.13916015625,855.0054931640625,843.9415893554688,409.34307861328125,850.5803833007812,836.3338623046875,868.892822265625,406.3747863769531,871.7626342773438,837.1640625,467.6569519042969,335.2104187011719,494.9385070800781,840.5968627929688,675.6058349609375,391.652099609375,691.8294677734375,824.6077270507812,731.1449584960938,404.943359375,746.3069458007812,830.3509521484375,790.6101684570312,409.7720947265625,797.5055541992188,833.9569091796875,949.7185668945312,409.2773132324219,954.2925415039062,845.556884765625,1035.4512939453125,416.61749267578125,1028.7952880859375,852.6759033203125,1125.770263671875,421.3236389160156,1109.4793701171875,860.8634033203125,1205.810302734375,425.9515075683594,1191.4974365234375,867.4112548828125,1274.555419921875,429.18048095703125,1266.5972900390625,869.3114013671875,1342.302490234375,438.10601806640625,1336.40283203125,851.9400634765625
522.3338623046875,452.5416259765625,538.2008666992188,879.6785888671875,544.0640869140625,453.08551025390625,558.2841186523438,878.1022338867188,563.4110107421875,453.3709716796875,575.2198486328125,875.7573852539062,596.003173828125,449.51312255859375,608.1463012695312,846.1939086914062,607.828125,402.508544921875,623.8076782226562,846.3273315429688,609.716064453125,368.8919677734375,632.0026245117188,817.2311401367188,620.872802734375,375.12506103515625,641.3765869140625,819.955810546875,856.2940063476562,489.19549560546875,860.8919677734375,886.5103759765625,879.8721313476562,487.68585205078125,884.8800048828125,881.7883911132812,903.381103515625,483.00128173828125,906.5277709960938,872.3741455078125,873.3875732421875,475.429931640625,880.647705078125,839.57421875,857.2550659179688,435.9841003417969,862.1273803710938,854.6728515625,843.7348022460938,409.3447265625,850.588134765625,836.0845947265625,868.6193237304688,406.3338928222656,871.7264404296875,836.9619140625,467.0760803222656,335.9414978027344,494.903076171875,840.447509765625,675.3767700195312,391.7618713378906,692.021484375,824.4994506835938,730.9398803710938,405.05059814453125,746.48974609375,830.0316162109375,790.33984375,409.68988037109375,797.893310546875,833.6929321289062,950.0344848632812,409.3432922363281,953.112060546875,845.2682495117188,1035.0269775390625,416.6637268066406,1028.1785888671875,852.5571899414062,1125.183349609375,421.484375,1109.203857421875,860.9492797851562,1204.3153076171875,425.9344787597656,1191.91650390625,867.3361206054688,1273.575927734375,429.046875,1266.9190673828125,868.9852905273438,1342.076904296875,437.91534423828125,1336.0198974609375,852.005126953125
522.27294921875,452.5880432128906,538.3837890625,879.8101806640625,544.0855102539062,453.14794921875,558.4116821289062,878.0756225585938,563.3928833007812,453.2734069824219,575.271728515625,875.7809448242188,595.9924926757812,449.418212890625,607.9326171875,845.8087768554688,607.5924682617188,402.48004150390625,623.4484252929688,846.0926513671875,609.5684814453125,368.7250061035156,631.8865356445312,817.0791015625,620.7186279296875,375.06610107421875,641.3321533203125,819.7965087890625,856.21337890625,489.1601257324219,860.3092041015625,886.2564697265625,879.951416015625,487.63116455078125,884.4390258789062,881.751708984375,903.3565673828125,483.0154113769531,906.5050659179688,872.3639526367188,873.0527954101562,475.7082214355469,880.69384765625,839.2103271484375,856.9242553710938,436.0477600097656,861.6652221679688,854.3121337890625,843.2027587890625,409.2606506347656,849.7745361328125,835.59423828125,868.2450561523438,406.3475646972656,870.9707641601562,836.6006469726562,466.6241149902344,336.1154479980469,494.2767028808594,839.6264038085938,674.716552734375,391.4639587402344,691.8577270507812,824.3688354492188,730.5088500976562,405.01190185546875,746.6015014648438,830.0006103515625,789.8275756835938,409.5322265625,797.4144897460938,833.475341796875,949.7831420898438,409.24481201171875,952.893310546875,845.0897216796875,1035.485107421875,416.68133544921875,1026.80126953125,852.25048828125,1125.1207275390625,421.51605224609375,1107.6070556640625,860.7261962890625,1204.0111083984375,426.0445251464844,1190.5653076171875,867.2059326171875,1272.9840087890625,429.1450500488281,1265.960693359375,869.0074462890625,1341.612060546875,437.8635559082031,1335.4881591796875,851.8585815429688
522.2496337890625,452.54632568359375,538.3461303710938,879.8629760742188,544.02587890625,453.08892822265625,558.3320922851562,878.0340576171875,563.3801879882812,453.29022216796875,575.2747192382812,875.768798828125,595.9904174804688,449.40478515625,607.800537109375,846.07568359375,607.2656860351562,402.5399169921875,622.5579833984375,845.8260498046875,609.0096435546875,368.9700622558594,630.9869995117188,816.857177734375,619.99365234375,375.1641845703125,640.2235107421875,819.4896850585938,856.1703491210938,489.1280822753906,860.316162109375,886.60302734375,879.9868774414062,487.61590576171875,884.56005859375,881.7998046875,903.3524169921875,483.04046630859375,906.3042602539062,872.2764892578125,873.0107421875,475.6400146484375,880.2894287109375,839.32763671875,856.2973022460938,436.2688293457031,861.7168579101562,853.9713134765625,842.7022094726562,409.6571044921875,849.7349243164062,835.2257080078125,867.8785400390625,406.434814453125,870.9617309570312,836.2852783203125,465.8915100097656,336.17755126953125,493.65679931640625,838.8344116210938,674.362060546875,391.6004943847656,691.0878295898438,824.0963134765625,730.1326904296875,405.158935546875,746.0173950195312,829.7476196289062,789.32666015625,409.9151916503906,796.7695922851562,833.1986694335938,949.34765625,409.29931640625,951.1026611328125,845.505126953125,1034.818603515625,416.6466064453125,1026.7210693359375,852.1157836914062,1124.46142578125,421.3672180175781,1107.9578857421875,860.61279296875,1203.714111328125,426.05718994140625,1190.9776611328125,867.23046875,1272.00927734375,429.2718811035156,1266.075927734375,869.039306640625,1340.990966796875,438.1972961425781,1334.8038330078125,851.8709716796875
522.2208862304688,452.5653076171875,538.8649291992188,880.0791015625,544.0341186523438,453.1470031738281,558.4984130859375,878.318603515625,563.4862060546875,453.29736328125,575.269287109375,875.8985595703125,595.8568115234375,449.48052978515625,607.563720703125,845.7112426757812,606.7732543945312,402.3528137207031,622.507080078125,845.8208618164062,608.3576049804688,368.93133544921875,631.0064086914062,816.53857421875,619.1148071289062,375.06494140625,640.1207275390625,819.2039184570312,855.9866333007812,489.1461181640625,859.7881469726562,886.4287109375,879.8585815429688,487.5322265625,884.360107421875,881.9881591796875,903.3101806640625,483.04034423828125,906.4957885742188,872.19091796875,872.7471313476562,475.85064697265625,880.35498046875,839.3214111328125,855.8529663085938,436.2301025390625,860.022216796875,853.1353759765625,842.0010986328125,409.8377380371094,847.479248046875,834.6336669921875,867.18798828125,406.1607971191406,868.9609375,835.8496704101562,465.2796630859375,335.971923828125,493.2123718261719,837.9694213867188,673.757080078125,391.5831298828125,690.1098022460938,823.6824951171875,729.546630859375,405.2392883300781,743.8917236328125,828.7237548828125,788.5054931640625,410.3246765136719,794.5577392578125,832.8505249023438,948.3757934570312,409.17852783203125,950.3108520507812,845.2083129882812,1034.0345458984375,416.59722900390625,1025.2703857421875,851.913818359375,1122.9208984375,421.4658203125,1106.5799560546875,860.2048950195312,1202.23779296875,426.1108703613281,1190.0228271484375,867.47216796875,1270.8150634765625,429.6952819824219,1265.689697265625,868.9471435546875,1340.5687255859375,438.7299499511719,1334.2265625,852.2561645507812
522.2197265625,452.639892578125,539.1122436523438,880.2138061523438,543.993408203125,453.1591796875,558.5652465820312,878.3797607421875,563.4531860351562,453.3251647949219,575.4412231445312,875.9066772460938,595.2767333984375,449.5128479003906,607.1697387695312,845.0784301757812,606.062255859375,402.63812255859375,621.8658447265625,845.6135864257812,608.22998046875,369.12164306640625,631.44921875,816.3071899414062,618.9528198242188,375.32342529296875,640.4129028320312,818.9949340820312,855.9021606445312,489.1055908203125,859.0606689453125,886.4478759765625,879.913818359375,487.5149841308594,884.0949096679688,882.3756103515625,903.207763671875,483.1229553222656,906.3584594726562,872.1799926757812,872.6423950195312,476.5372619628906,880.4805908203125,839.6803588867188,855.3738403320312,436.525634765625,859.7272338867188,853.0223999023438,841.1163330078125,410.3717956542969,847.7601928710938,834.0687255859375,866.4263305664062,406.5623474121094,867.8662109375,835.499267578125,464.67694091796875,335.66009521484375,492.6174621582031,837.287109375,672.9802856445312,391.7715759277344,690.2053833007812,823.2496948242188,728.6334228515625,405.8467712402344,744.1251220703125,829.1656494140625,787.1856689453125,411.11322021484375,795.5678100585938,832.4713745117188,947.6465454101562,409.0649108886719,949.0126342773438,844.8538818359375,1031.8623046875,416.4565124511719,1024.7457275390625,851.85498046875,1122.413818359375,421.497802734375,1105.47021484375,860.2593994140625,1202.4522705078125,426.1189270019531,1183.0203857421875,866.1991577148438,1269.630615234375,429.5825500488281,1266.4327392578125,869.1784057617188,1339.841064453125,439.28057861328125,1333.4161376953125,852.3278198242188
522.2283325195312,452.5522766113281,539.3182373046875,880.3423461914062,543.959716796875,453.1068420410156,558.3489990234375,878.4020385742188,563.5427856445312,453.3192443847656,575.1293334960938,876.0252075195312,594.9188842773438,449.59088134765625,606.9778442382812,844.8313598632812,605.6962890625,402.7560729980469,621.71337890625,845.2533569335938,608.7379760742188,369.20556640625,631.532958984375,815.8829345703125,618.4960327148438,375.30377197265625,641.1785278320312,818.5983276367188,855.9000244140625,489.07037353515625,859.3340454101562,886.4915161132812,879.8355712890625,487.5236511230469,884.0354614257812,882.3469848632812,902.960693359375,483.17010498046875,906.3451538085938,871.9734497070312,872.2747192382812,476.6245422363281,880.1685180664062,839.4686889648438,854.8275146484375,436.82989501953125,860.1324462890625,852.7586669921875,840.4462890625,410.6800537109375,848.1869506835938,833.6439208984375,865.54150390625,407.1378479003906,867.8560791015625,835.1943359375,464.64849853515625,334.9981994628906,492.0207214355469,836.5103759765625,672.0062255859375,392.66070556640625,691.3741455078125,822.8612670898438,728.3755493164062,406.2571716308594,745.757080078125,828.5706787109375,786.3561401367188,411.4394226074219,797.4778442382812,832.0429077148438,946.367431640625,408.9274597167969,948.3800659179688,844.2914428710938,1030.35791015625,416.6183776855469,1024.1097412109375,851.6034545898438,1120.83544921875,421.5103454589844,1105.1573486328125,860.0883178710938,1202.582275390625,426.0742492675781,1189.7152099609375,867.6857299804688,1268.8804931640625,429.7956848144531,1264.9248046875,869.4285888671875,1338.9918212890625,439.59002685546875,1332.344482421875,852.3917236328125
522.2389526367188,452.56768798828125,539.366943359375,880.2982788085938,543.9393310546875,453.10430908203125,558.4221801757812,878.4078369140625,563.549072265625,453.33721923828125,575.3096313476562,875.7598876953125,594.4412231445312,449.5280456542969,606.2406005859375,843.99755859375,605.0064697265625,402.6709289550781,620.1597900390625,844.7632446289062,608.0833129882812,369.1757507324219,630.6683959960938,815.0802612304688,617.82666015625,375.5195617675781,640.2747802734375,817.954833984375,855.8046875,489.0283508300781,859.080810546875,886.4441528320312,879.9468383789062,487.5046081542969,884.0836181640625,882.510009765625,902.9489135742188,483.2893981933594,906.4149780273438,871.7791137695312,871.9639282226562,476.6545104980469,880.0044555664062,839.2681884765625,853.9536743164062,436.9658203125,859.7913818359375,852.4046020507812,841.0223999023438,410.9072265625,847.6412353515625,833.1544799804688,864.626953125,407.4481201171875,867.07568359375,834.587158203125,464.049072265625,334.08135986328125,491.23394775390625,835.667236328125,671.066162109375,392.4794006347656,690.9078979492188,822.6710815429688,726.0584106445312,405.4682312011719,745.747802734375,827.899169921875,785.0968627929688,412.0660705566406,797.6211547851562,831.2916259765625,946.0095825195312,409.1216735839844,948.0439453125,843.7655639648438,1029.2735595703125,416.6241760253906,1024.1295166015625,851.3097534179688,1119.790283203125,421.73138427734375,1104.7996826171875,859.7789306640625,1198.2706298828125,426.1099853515625,1189.771240234375,867.7886962890625,1267.107421875,429.6730651855469,1266.2808837890625,869.5851440429688,1338.213134765625,439.6456298828125,1331.7410888671875,853.0661010742188
522.1793212890625,452.54473876953125,539.06982421875,880.229248046875,543.8427734375,453.0777893066406,558.104736328125,878.3030395507812,563.3851318359375,453.3346252441406,575.14794921875,875.7100219726562,594.034912109375,449.5083312988281,605.2203369140625,844.1090087890625,604.5994262695312,402.8988952636719,618.5204467773438,844.186767578125,607.578125,369.3840637207031,628.020751953125,814.4368286132812,616.9191284179688,375.6805419921875,638.9246826171875,816.8515014648438,855.9609985351562,489.1240539550781,859.1729125976562,886.4728393554688,879.8964233398438,487.4841613769531,884.1124267578125,882.5128173828125,902.8701171875,483.41204833984375,906.4495239257812,871.6790161132812,872.0410766601562,477.4962463378906,879.6616821289062,839.0676879882812,853.1796875,437.0059509277344,859.1605224609375,852.0308227539062,839.262451171875,411.1984558105469,846.6376953125,832.531494140625,863.4476928710938,407.5643310546875,865.80126953125,834.0875244140625,463.37677001953125,333.1402282714844,490.6360778808594,834.6455688476562,671.1439208984375,392.77178955078125,689.8711547851562,822.1015625,724.933837890625,405.8345947265625,745.6880493164062,827.44287109375,783.1458129882812,413.3600158691406,796.22021484375,830.5831909179688,944.8929443359375,409.2722473144531,946.7664184570312,843.218994140625,1029.844482421875,416.7014465332031,1022.5524291992188,851.2090454101562,1119.0050048828125,421.6501770019531,1105.2490234375,859.4068603515625,1198.9334716796875,426.0803527832031,1181.301025390625,865.965087890625,1267.285888671875,429.8735656738281,1264.5770263671875,869.7442626953125,1337.35546875,439.6990966796875,1331.2923583984375,854.1058349609375
522.2197875976562,452.5185241699219,539.5291748046875,880.2491455078125,543.8877563476562,453.068115234375,558.2261352539062,878.3042602539062,563.3460083007812,453.2933654785156,575.1720581054688,875.654052734375,593.936279296875,449.3854675292969,604.9656982421875,843.9517211914062,603.895263671875,402.85809326171875,617.0438232421875,843.7816162109375,606.4923095703125,369.429443359375,627.5245971679688,813.2876586914062,616.2841186523438,375.5829772949219,638.3154907226562,815.7769165039062,856.1939697265625,489.1061706542969,859.590087890625,886.5802612304688,879.8795166015625,487.4612121582031,884.5991821289062,882.6475830078125,902.7783203125,483.4971923828125,907.5516357421875,871.4979858398438,872.813232421875,477.31207275390625,878.69482421875,839.0460815429688,852.475341796875,436.9469909667969,858.1947631835938,851.6561279296875,838.3123779296875,411.2015380859375,845.5249633789062,831.7293090820312,863.6188354492188,407.7201843261719,864.6370849609375,833.5646362304688,463.1193542480469,332.0790100097656,490.1496276855469,833.8174438476562,670.302734375,392.6720886230469,689.2356567382812,821.5391845703125,723.85205078125,405.7992248535156,744.64599609375,827.1114501953125,781.7081909179688,413.4967041015625,794.921142578125,829.8414916992188,944.0416870117188,409.1080627441406,944.2374877929688,842.1958618164062,1029.085693359375,416.3827819824219,1018.7057495117188,850.0661010742188,1117.967041015625,421.4382629394531,1102.246826171875,858.3643188476562,1197.8323974609375,425.9697570800781,1177.8660888671875,865.544921875,1265.824951171875,429.8339538574219,1255.67041015625,869.2128295898438,1336.670166015625,439.5757751464844,1330.730712890625,854.6734619140625
522.251708984375,452.4527893066406,539.344970703125,880.1336059570312,543.7885131835938,453.07525634765625,558.1241455078125,878.2551879882812,563.03076171875,453.236572265625,574.8088989257812,875.7071533203125,593.6306762695312,449.0608215332031,604.5344848632812,843.5402221679688,602.552490234375,402.0770568847656,616.0957641601562,843.3025512695312,605.6342163085938,368.9677734375,626.1948852539062,812.7843627929688,615.1419067382812,375.2279052734375,637.6071166992188,815.3335571289062,856.5457763671875,489.2109069824219,859.3336181640625,886.5328369140625,879.7315673828125,487.2737731933594,884.4853515625,882.6331787109375,902.7223510742188,483.4749755859375,907.3975219726562,871.4013671875,872.4085083007812,477.5906677246094,878.6130981445312,839.0586547851562,851.7438354492188,437.0173034667969,857.4179077148438,851.4030151367188,837.1441040039062,411.3409118652344,844.6238403320312,831.2234497070312,862.1736450195312,407.4847106933594,863.6552734375,832.9750366210938,462.1714172363281,331.5084533691406,489.5928649902344,832.7628784179688,669.2999877929688,392.31414794921875,688.6024780273438,821.103515625,722.7235107421875,405.7857360839844,743.4043579101562,825.7972412109375,780.134765625,413.7906494140625,794.9990844726562,829.365478515625,943.33203125,409.14007568359375,942.2518920898438,841.85009765625,1028.1624755859375,416.2652893066406,1016.9138793945312,849.4552612304688,1118.32763671875,421.5767822265625,1099.2412109375,858.2875366210938,1197.641357421875,426.0533752441406,1175.3321533203125,863.87158203125,1264.43798828125,429.8870849609375,1254.7734375,869.205078125,1335.6141357421875,439.6441955566406,1329.4193115234375,855.2814331054688
522.4052734375,452.5782165527344,539.4193725585938,880.1471557617188,543.84375,453.0732116699219,557.9679565429688,878.3594360351562,562.6717529296875,453.0207214355469,574.7965087890625,875.6671752929688,593.1813354492188,448.5756530761719,603.9103393554688,842.9999389648438,601.759033203125,401.69305419921875,614.6826171875,842.9777221679688,605.3612060546875,368.6266784667969,624.8890380859375,812.55224609375,614.5827026367188,374.7684326171875,636.27099609375,814.7982788085938,856.4259643554688,489.1841735839844,859.0001220703125,886.5154418945312,879.81982421875,487.3486633300781,884.2532958984375,882.7088623046875,902.484619140625,483.4586486816406,907.2464599609375,871.0603637695312,872.0885009765625,477.74005126953125,878.1356201171875,838.3720092773438,851.054443359375,437.31146240234375,857.8969116210938,850.1336669921875,835.7578735351562,411.9757080078125,844.0205688476562,831.0386962890625,861.1144409179688,407.8922424316406,863.3285522460938,832.5633544921875,461.3446350097656,330.62060546875,489.0126037597656,832.0198974609375,668.5400390625,392.3913879394531,687.654541015625,820.8482666015625,721.7626953125,406.1490783691406,742.3834838867188,825.5274047851562,779.0193481445312,414.4721374511719,792.6968994140625,829.0146484375,943.2050170898438,409.06591796875,941.6845092773438,841.7169799804688,1027.6368408203125,416.3528137207031,1016.5678100585938,849.1202392578125,1117.23486328125,421.5496826171875,1098.110107421875,858.0194702148438,1197.1051025390625,426.21197509765625,1176.5792236328125,864.1495361328125,1263.0450439453125,429.80572509765625,1255.4046630859375,869.24755859375,1334.72265625,440.2013854980469,1328.4071044921875,855.7139282226562
522.4483032226562,452.4970397949219,539.4303588867188,880.1881713867188,543.8792114257812,453.1053161621094,557.9918212890625,878.2759399414062,562.5713500976562,452.98370361328125,574.8533935546875,875.4876708984375,592.866455078125,448.270751953125,603.7715454101562,842.7345581054688,601.116455078125,401.0809326171875,614.3849487304688,842.8178100585938,604.9967041015625,368.0243225097656,625.7340087890625,812.1464233398438,614.003173828125,374.3266906738281,637.3408813476562,814.3167114257812,856.4808959960938,489.18707275390625,859.337158203125,886.4374389648438,879.7489624023438,487.4359130859375,884.5528564453125,882.6112060546875,902.2786865234375,483.43133544921875,907.1378784179688,870.6395263671875,871.4378662109375,477.834716796875,877.94873046875,838.7225952148438,850.3001098632812,437.7801208496094,857.16357421875,849.7492065429688,835.0428466796875,412.40216064453125,842.8082885742188,830.5675659179688,860.6932373046875,407.7860107421875,862.3176879882812,832.1319580078125,460.6438293457031,329.1812744140625,488.08782958984375,831.211181640625,667.613037109375,392.4212646484375,688.0982666015625,820.5560913085938,721.3427124023438,406.6783752441406,741.695556640625,825.1798706054688,778.8140869140625,414.5962829589844,792.3741455078125,828.5613403320312,942.5131225585938,408.9718017578125,941.6215209960938,841.4904174804688,1027.374755859375,416.3769226074219,1015.1491088867188,850.167724609375,1117.7144775390625,421.3896484375,1096.72705078125,857.6444702148438,1196.540283203125,426.16156005859375,1175.5169677734375,864.3155517578125,1263.2862548828125,430.0403137207031,1254.29736328125,869.6117553710938,1333.498291015625,440.5527038574219,1327.5635986328125,856.1114501953125
522.3599243164062,452.6188659667969,539.61181640625,880.0841674804688,543.7968139648438,453.22479248046875,558.0991821289062,878.3248291015625,562.3104248046875,452.9327087402344,574.8538208007812,875.3673095703125,592.4703979492188,448.0671081542969,603.2389526367188,842.4848022460938,600.3582763671875,400.7035827636719,613.1041259765625,842.40380859375,603.847412109375,367.70684814453125,624.5570678710938,811.8504028320312,612.8052368164062,373.9569091796875,636.2464599609375,814.078125,856.4171142578125,489.2591552734375,859.4169921875,886.3671264648438,879.6431884765625,487.3355407714844,884.6204223632812,882.798095703125,902.0365600585938,483.3067626953125,906.9786987304688,870.6293334960938,869.91748046875,478.0684509277344,877.814453125,839.0088500976562,849.0924072265625,437.5614929199219,855.4437255859375,849.3897705078125,834.1176147460938,412.17401123046875,840.8997802734375,830.142822265625,858.9703369140625,407.8638000488281,863.7972412109375,831.9041137695312,459.58660888671875,328.4018859863281,487.3656311035156,830.6548461914062,666.5685424804688,392.2773132324219,686.9610595703125,820.0043334960938,720.4789428710938,406.442626953125,740.0553588867188,824.8612060546875,777.9146118164062,414.4024353027344,792.0604248046875,828.0247192382812,941.68359375,408.5800476074219,940.6358642578125,841.2742309570312,1026.7880859375,415.96466064453125,1014.6620483398438,850.2022094726562,1116.5086669921875,420.8065185546875,1096.5390625,857.6898803710938,1195.2728271484375,426.1012878417969,1175.2054443359375,864.3994140625,1261.3651123046875,430.2864990234375,1253.5732421875,869.747802734375,1332.407470703125,440.6345520019531,1326.10302734375,856.5371704101562
522.4243774414062,452.56597900390625,539.6651000976562,880.2352905273438,543.70263671875,453.2510986328125,558.050537109375,878.4051513671875,562.1480712890625,453.0150146484375,574.777099609375,875.3143920898438,591.935791015625,448.14666748046875,603.0947875976562,842.3051147460938,599.6480102539062,400.67327880859375,612.3759765625,841.989501953125,603.2288818359375,367.8537902832031,623.516845703125,811.4967651367188,611.878662109375,373.9837951660156,635.3804321289062,813.6449584960938,856.546142578125,489.2962951660156,859.82177734375,886.4404907226562,879.4813842773438,487.1525573730469,884.699462890625,882.7572631835938,901.8306884765625,483.1719665527344,906.5942993164062,870.3748168945312,870.2254028320312,478.25665283203125,877.4041137695312,839.0218505859375,848.3440551757812,437.718994140625,854.85205078125,849.3718872070312,833.232666015625,412.416015625,841.0372314453125,829.9943237304688,857.7720947265625,408.1139221191406,862.1533203125,831.8739624023438,458.8379821777344,327.4097595214844,486.7828063964844,829.8606567382812,665.8054809570312,392.25677490234375,686.2594604492188,819.8743286132812,720.0169067382812,406.6025085449219,740.0567626953125,824.84033203125,777.4241943359375,414.4718017578125,792.3833618164062,827.8259887695312,941.3004760742188,408.4451904296875,940.0057373046875,841.150146484375,1026.4444580078125,415.78948974609375,1014.2455444335938,850.1846923828125,1115.0772705078125,420.3342590332031,1096.6162109375,857.6248779296875,1193.4208984375,426.03021240234375,1176.1475830078125,864.5834350585938,1260.3353271484375,430.3122863769531,1254.7266845703125,869.9371948242188,1331.7481689453125,440.6941833496094,1325.3140869140625,856.4717407226562
522.3126831054688,452.4358825683594,539.7031860351562,880.3826904296875,543.54833984375,453.1711730957031,557.9888916015625,878.5082397460938,562.0725708007812,453.0285949707031,574.7109375,875.216552734375,591.3782348632812,447.9870300292969,603.07275390625,842.3270874023438,598.5537719726562,400.15728759765625,612.3786010742188,841.9954223632812,601.8596801757812,367.518310546875,623.7139892578125,811.4293823242188,610.803955078125,373.63421630859375,635.7992553710938,813.6751708984375,856.468994140625,489.43994140625,859.214111328125,886.6222534179688,879.2554931640625,487.110107421875,884.606201171875,882.819091796875,901.58203125,483.06378173828125,906.4882202148438,870.463623046875,868.7512817382812,478.08721923828125,877.5885620117188,838.9262084960938,847.3538818359375,437.46368408203125,853.9556884765625,849.2968139648438,832.5140380859375,412.1911315917969,841.5784301757812,830.018310546875,856.7498779296875,407.55181884765625,862.6651000976562,831.8621826171875,458.29107666015625,326.8280944824219,486.11474609375,829.4783325195312,664.559326171875,392.0409851074219,685.5272216796875,819.8369750976562,718.6272583007812,407.13226318359375,739.75927734375,824.8259887695312,776.7009887695312,413.91375732421875,792.5999145507812,828.0092163085938,940.4359741210938,408.28955078125,939.43017578125,840.8941040039062,1027.36962890625,415.8421630859375,1012.4547729492188,849.9652709960938,1114.6341552734375,420.25653076171875,1095.6072998046875,857.4701538085938,1193.8380126953125,425.9173278808594,1174.7972412109375,864.407958984375,1260.078857421875,430.3838806152344,1253.3922119140625,870.1046752929688,1331.0548095703125,441.1075744628906,1323.950927734375,856.3899536132812
522.3375244140625,452.4721984863281,539.9050903320312,880.602294921875,544.4828491210938,452.78912353515625,557.975341796875,878.7074584960938,562.0169067382812,452.99591064453125,574.7239379882812,875.3358764648438,590.8714599609375,447.8765563964844,603.119140625,842.2008666992188,597.3736572265625,399.92242431640625,611.9601440429688,841.7631225585938,598.8492431640625,366.83355712890625,622.7761840820312,811.4708251953125,609.95166015625,373.4228210449219,634.6332397460938,813.62158203125,856.3983154296875,489.38720703125,858.8905639648438,886.5075073242188,879.0949096679688,487.1419372558594,884.6200561523438,882.8231201171875,901.391357421875,483.0439147949219,906.5863037109375,870.2061767578125,869.8738403320312,476.572998046875,877.0735473632812,838.9873657226562,846.9637451171875,438.2435302734375,852.5509643554688,849.4664916992188,831.789306640625,412.26055908203125,839.5282592773438,829.7379760742188,856.186767578125,407.5760192871094,860.8534545898438,831.6669921875,457.04327392578125,326.9136657714844,485.4297790527344,829.0034790039062,663.7785034179688,392.10064697265625,683.8463745117188,819.8790283203125,717.83642578125,406.80706787109375,738.4949951171875,824.8556518554688,776.548828125,413.2779541015625,791.4845581054688,827.8341064453125,939.5199584960938,408.2607421875,939.53466796875,841.0687866210938,1027.51123046875,415.5448303222656,1013.221923828125,850.2162475585938,1114.7425537109375,420.2730407714844,1095.4053955078125,858.6021118164062,1193.5986328125,425.9501953125,1172.9161376953125,864.5003662109375,1259.75634765625,430.49267578125,1250.748046875,870.4151611328125,1329.8673095703125,441.4004211425781,1323.1529541015625,855.8062133789062
522.3623657226562,452.590576171875,539.9375610351562,880.7089233398438,544.3436889648438,452.83026123046875,558.0148315429688,878.6483154296875,561.885498046875,453.1493225097656,574.7015991210938,875.4944458007812,590.483642578125,448.08892822265625,602.31005859375,840.4981689453125,596.5863037109375,399.7933044433594,610.85546875,841.4851684570312,597.826904296875,366.79364013671875,621.5564575195312,811.42529296875,608.9873046875,373.216064453125,633.1681518554688,813.9359741210938,856.1668701171875,489.4918212890625,858.6783447265625,886.55224609375,879.0335083007812,487.1361083984375,884.4098510742188,882.8413696289062,901.2791137695312,482.87744140625,906.415771484375,870.2662353515625,869.5987548828125,476.56524658203125,876.8927001953125,839.1289672851562,846.0245971679688,438.3941955566406,852.0797729492188,849.3750610351562,830.5045776367188,412.5741882324219,838.7786865234375,829.5339965820312,855.1377563476562,407.5709533691406,860.1504516601562,831.5728759765625,455.8820495605469,326.8291320800781,484.8733215332031,829.0036010742188,662.6900634765625,392.27435302734375,682.439208984375,819.8876342773438,716.2738647460938,406.8702697753906,737.2320556640625,824.927001953125,777.0601196289062,412.80743408203125,790.6489868164062,827.7570190429688,938.439208984375,408.1120300292969,938.5377807617188,840.844970703125,1024.8011474609375,414.96221923828125,1012.2172241210938,850.1284790039062,1113.0050048828125,419.6667175292969,1094.7215576171875,858.3870239257812,1189.9141845703125,426.0614013671875,1172.6939697265625,864.468017578125,1258.40673828125,430.6083068847656,1250.5596923828125,870.522216796875,1328.3876953125,441.7365417480469,1322.5439453125,856.4560546875
522.2376098632812,452.49322509765625,539.83056640625,880.8167724609375,544.254638671875,452.86248779296875,557.933349609375,878.5897827148438,561.78271484375,453.0671081542969,574.6373901367188,875.2533569335938,590.289794921875,448.04229736328125,602.1297607421875,840.0317993164062,595.7176513671875,399.6324768066406,610.3300170898438,841.6431884765625,596.21484375,366.99322509765625,620.1420288085938,811.0418090820312,607.5350952148438,373.2121887207031,632.0418090820312,813.7266235351562,856.0736694335938,489.4851989746094,858.5254516601562,886.5421752929688,878.9058837890625,486.99859619140625,884.3639526367188,882.7882690429688,900.8607177734375,482.746826171875,906.0812377929688,870.348876953125,868.923828125,476.4228210449219,876.609375,838.9384765625,845.0596313476562,438.2796325683594,851.338623046875,849.105224609375,828.9022216796875,411.941162109375,838.2959594726562,829.3645629882812,853.8779296875,407.7085876464844,859.4234008789062,831.3384399414062,454.8559265136719,326.7404479980469,484.00811767578125,828.7357177734375,661.9654541015625,392.10589599609375,681.8258056640625,820.069091796875,715.109619140625,407.0705261230469,736.6905517578125,824.9371337890625,775.760986328125,413.0830078125,790.3013305664062,827.6209106445312,936.8897094726562,407.7810363769531,937.2171020507812,840.6840209960938,1022.68212890625,414.6577453613281,1011.4054565429688,849.7949829101562,1113.45458984375,419.7854919433594,1093.26318359375,858.150390625,1193.64892578125,426.11236572265625,1168.1435546875,863.6144409179688,1258.279541015625,430.7837829589844,1251.5482177734375,870.5592651367188,1327.38818359375,441.081787109375,1321.9296875,856.8013305664062
522.1387939453125,452.52825927734375,539.3851928710938,880.7823486328125,544.020263671875,452.863525390625,558.0769653320312,877.5891723632812,561.615966796875,453.1229553222656,574.3380737304688,875.24560546875,589.9131469726562,447.9815673828125,601.7884521484375,839.689697265625,594.7976684570312,399.54681396484375,610.1171875,841.7611083984375,595.8771362304688,366.8663330078125,620.2986450195312,811.3327026367188,607.185791015625,373.227783203125,631.946533203125,813.9275512695312,856.016357421875,489.4122009277344,858.1196899414062,886.5139770507812,878.7101440429688,486.8837890625,884.1138916015625,882.8416748046875,900.75634765625,482.58453369140625,905.5194702148438,870.1183471679688,868.7056884765625,476.4303283691406,875.270263671875,838.9503173828125,844.89111328125,438.8602294921875,849.4212036132812,848.8560180664062,827.259765625,412.15216064453125,836.3629760742188,829.3231201171875,853.4608154296875,407.7339172363281,857.6915893554688,831.0296020507812,453.83465576171875,326.8980407714844,482.9878845214844,828.8395385742188,661.1749877929688,392.1909484863281,681.3690795898438,820.2091064453125,714.4497680664062,407.4761962890625,735.3422241210938,825.2660522460938,774.1226196289062,413.8276672363281,788.37353515625,827.6248779296875,935.1598510742188,407.01544189453125,933.7334594726562,841.2181396484375,1020.9789428710938,414.6533508300781,1011.6631469726562,849.5899047851562,1110.4202880859375,419.66143798828125,1093.3134765625,857.9570922851562,1194.2337646484375,425.988525390625,1176.999755859375,865.9458618164062,1257.3250732421875,431.1795654296875,1252.879150390625,870.5673828125,1326.201171875,441.2245788574219,1320.3353271484375,856.863525390625
522.1846923828125,452.5343322753906,539.3684692382812,880.6917724609375,544.0841674804688,452.8298645019531,557.7457275390625,878.43212890625,561.5809936523438,453.06683349609375,574.4987182617188,875.0224609375,589.6718139648438,448.0115051269531,601.7802124023438,839.6228637695312,593.8430786132812,399.5151672363281,609.123291015625,841.6808471679688,595.1779174804688,366.3180236816406,618.4070434570312,810.9188232421875,606.563232421875,372.7812805175781,629.7334594726562,813.4264526367188,855.8610229492188,489.0684509277344,857.9907836914062,886.4742431640625,878.58251953125,486.8275146484375,884.2548217773438,882.7890014648438,900.4557495117188,482.5074157714844,905.4358520507812,869.5894165039062,868.220947265625,476.17926025390625,874.8314208984375,838.8301391601562,843.5314331054688,439.1349182128906,848.360107421875,848.3917846679688,826.4168090820312,412.3568420410156,835.3104248046875,829.3235473632812,851.9938354492188,408.2188720703125,856.7288818359375,830.4146118164062,452.4925231933594,326.89404296875,481.87860107421875,829.03564453125,660.3091430664062,392.1971435546875,679.53662109375,820.241943359375,713.7659912109375,407.9051818847656,733.531494140625,825.0469970703125,772.5673828125,414.0146179199219,786.2150268554688,827.4624633789062,935.6173706054688,407.64398193359375,933.2605590820312,841.0192260742188,1022.1063842773438,414.6449279785156,1011.1444702148438,849.3773193359375,1110.2437744140625,419.79388427734375,1091.7064208984375,857.0368041992188,1188.759521484375,426.2707214355469,1175.2606201171875,866.0687866210938,1256.272705078125,430.6946716308594,1250.376708984375,870.8631591796875,1325.2392578125,441.1048278808594,1319.444091796875,857.1997680664062
522.333984375,452.4788513183594,539.4116821289062,880.794921875,544.050048828125,452.8894348144531,557.7294311523438,878.453125,561.5697631835938,453.060302734375,574.2438354492188,875.2095336914062,589.3530883789062,448.1192321777344,601.1754150390625,841.021240234375,593.0732421875,399.7435302734375,608.32080078125,841.555908203125,594.41552734375,366.54327392578125,616.6065673828125,810.7406005859375,605.97705078125,372.9284973144531,627.8463745117188,813.2511596679688,855.88037109375,489.0004577636719,858.342041015625,886.1298217773438,878.5909423828125,486.7560119628906,884.4415283203125,882.6392822265625,900.2235107421875,482.4612731933594,905.0128784179688,869.1838989257812,867.6939697265625,476.35052490234375,873.9807739257812,838.7433471679688,843.0833740234375,439.329833984375,847.476806640625,848.201416015625,826.1968994140625,412.4097900390625,834.6634521484375,829.2753295898438,851.39111328125,408.0126953125,856.0279541015625,830.3170776367188,451.52557373046875,326.8324890136719,480.8277893066406,829.2120361328125,659.3623046875,392.0030212402344,678.4638061523438,819.7975463867188,713.22607421875,407.8201599121094,733.1654663085938,825.3114624023438,771.7586059570312,413.8985595703125,785.698974609375,827.3361206054688,933.5789184570312,406.8009033203125,932.2002563476562,840.7257690429688,1020.7545166015625,414.6123962402344,1010.6173095703125,849.2391357421875,1108.5938720703125,419.63055419921875,1090.5625,856.9550170898438,1187.7152099609375,426.18896484375,1174.6297607421875,866.327880859375,1254.2734375,430.35699462890625,1249.9835205078125,871.0462646484375,1324.5240478515625,440.99365234375,1318.5557861328125,857.9525146484375
522.3900756835938,452.4701232910156,539.1983032226562,880.8250122070312,544.1737670898438,452.8648986816406,557.7286376953125,878.4437866210938,561.6220703125,453.1268005371094,574.1967163085938,875.1402587890625,589.3837890625,448.1007995605469,600.7289428710938,840.4530639648438,592.3912963867188,399.7403259277344,608.096923828125,841.4027099609375,593.2979736328125,366.75213623046875,616.9551391601562,811.0824584960938,604.3927001953125,372.6472473144531,628.2106323242188,813.657958984375,856.0411376953125,488.837158203125,858.6790161132812,886.1593627929688,878.7308959960938,486.678955078125,884.7594604492188,882.6243896484375,900.1224975585938,482.41094970703125,904.6994018554688,868.8788452148438,867.3370361328125,476.5774230957031,873.4868774414062,839.041748046875,841.9918823242188,438.8558349609375,846.7477416992188,848.4212646484375,825.58544921875,412.9210205078125,833.7388916015625,829.26708984375,851.493896484375,408.2799377441406,855.0974731445312,830.2474365234375,450.5388488769531,327.1332702636719,479.9419250488281,829.6229858398438,658.0054321289062,391.9002685546875,678.1403198242188,820.0584106445312,712.5062255859375,407.9533996582031,733.1840209960938,825.4327392578125,770.8690795898438,413.94012451171875,785.155517578125,827.2578125,932.63916015625,406.796142578125,931.6270751953125,840.5653076171875,1020.4371948242188,414.35528564453125,1011.0016479492188,849.2941284179688,1107.9854736328125,419.6531677246094,1090.0498046875,856.8741455078125,1186.6885986328125,426.1109619140625,1175.0433349609375,866.3741455078125,1253.075439453125,430.27099609375,1250.6427001953125,870.9349975585938,1323.6142578125,440.9942321777344,1317.531982421875,857.8861694335938
522.4197387695312,452.4673767089844,539.4896240234375,880.9649658203125,544.0925903320312,452.9036560058594,557.7909545898438,878.4740600585938,561.6818237304688,453.16424560546875,574.0784301757812,875.3728637695312,589.280517578125,447.8576965332031,600.4896850585938,840.3884887695312,591.732177734375,399.7214050292969,606.9771118164062,841.4373779296875,592.71337890625,366.860595703125,615.0132446289062,811.2136840820312,603.7322387695312,372.9709777832031,626.2506713867188,813.70654296875,855.9509887695312,488.95977783203125,858.4806518554688,886.38134765625,878.7103881835938,486.83770751953125,884.604248046875,882.8230590820312,899.8643798828125,482.392333984375,904.7251586914062,869.1025390625,866.9681396484375,476.3546142578125,873.7266845703125,839.5653076171875,840.6939086914062,438.716796875,846.0403442382812,847.9754638671875,825.4130859375,412.06866455078125,832.8560180664062,829.475830078125,849.2713623046875,408.3002014160156,854.2974243164062,830.5374145507812,449.6918640136719,327.6308898925781,479.13037109375,829.9959716796875,657.1749267578125,392.04766845703125,676.3882446289062,819.93896484375,710.2952270507812,406.4883117675781,732.0167846679688,825.6268310546875,769.7191772460938,413.8761901855469,783.506103515625,827.1680297851562,931.6975708007812,406.9071350097656,929.7158813476562,840.2142944335938,1018.4819946289062,414.2841796875,1008.3585815429688,849.4765014648438,1106.7880859375,419.5096435546875,1089.3682861328125,856.8897094726562,1186.6318359375,425.89227294921875,1175.6285400390625,866.6871948242188,1252.8929443359375,430.3079833984375,1252.515869140625,870.7686767578125,1322.8963623046875,441.0884704589844,1316.9742431640625,857.2379760742188
522.3402099609375,452.48651123046875,539.445556640625,881.0474243164062,544.1155395507812,452.9117736816406,558.1716918945312,877.8654174804688,561.7774047851562,453.1441955566406,573.7675170898438,875.5989990234375,589.1795043945312,447.7613830566406,600.0633544921875,840.532470703125,591.4951782226562,399.6089782714844,606.4327392578125,841.6195068359375,591.8582763671875,366.8680114746094,614.2404174804688,811.5046997070312,602.2503051757812,372.9898376464844,625.3827514648438,814.0352783203125,855.935546875,488.9635925292969,858.5418090820312,886.3092651367188,878.8065795898438,486.8735046386719,884.5545654296875,882.8922119140625,899.7725830078125,482.37591552734375,904.561767578125,869.0847778320312,866.7741088867188,476.2148742675781,873.3958129882812,839.7747192382812,840.0313720703125,438.7212219238281,845.66845703125,848.7391967773438,824.6206665039062,412.45684814453125,832.1790161132812,829.6897583007812,849.6281127929688,408.4585266113281,853.7255249023438,830.7053833007812,448.8234558105469,328.1084899902344,477.93499755859375,830.4913330078125,656.2805786132812,391.840576171875,676.1221923828125,820.43310546875,709.50390625,406.6259460449219,731.9398803710938,825.931396484375,768.8084716796875,413.6763916015625,783.8922729492188,827.5021362304688,931.4328002929688,406.8825988769531,929.8123168945312,840.5072021484375,1019.3341064453125,414.36480712890625,1008.9667358398438,849.537109375,1107.857666015625,419.45001220703125,1091.3046875,857.7197265625,1187.2249755859375,426.0599060058594,1175.817626953125,866.8151245117188,1252.1563720703125,430.30157470703125,1232.1982421875,870.1991577148438,1322.5694580078125,440.86383056640625,1316.29931640625,857.9630126953125
522.3453979492188,452.4859619140625,539.3868408203125,881.0040893554688,544.1904907226562,452.90521240234375,558.1958618164062,877.9584350585938,561.7633056640625,453.07342529296875,573.8554077148438,875.7433471679688,589.038818359375,447.61517333984375,599.8527221679688,840.9227294921875,591.3074951171875,400.5283203125,606.6267700195312,842.056396484375,591.638427734375,367.266845703125,614.9974365234375,812.0877685546875,601.603271484375,373.3951721191406,626.194580078125,814.710693359375,855.8609619140625,488.79315185546875,858.5223999023438,886.3970947265625,878.8572998046875,486.85382080078125,884.5401000976562,882.996337890625,899.56982421875,482.4219970703125,904.4613647460938,869.1151123046875,866.433349609375,476.3502502441406,873.2418212890625,840.0857543945312,839.427734375,438.7069396972656,845.4760131835938,848.938720703125,823.7948608398438,412.3101501464844,831.7468872070312,829.9934692382812,848.811767578125,408.30474853515625,853.1616821289062,830.8787231445312,447.9805908203125,328.6501770019531,477.0970764160156,831.0962524414062,655.7811889648438,392.2279357910156,676.4898681640625,820.9761352539062,709.1323852539062,406.57537841796875,731.890625,826.3773803710938,768.0673828125,414.0216064453125,784.8276977539062,827.86181640625,930.171630859375,406.6639709472656,929.5438842773438,840.735595703125,1015.3621826171875,414.6638488769531,1009.8543090820312,849.7163696289062,1105.476318359375,419.27978515625,1091.9385986328125,858.0239868164062,1181.0040283203125,425.50836181640625,1175.3184814453125,866.7813110351562,1250.4967041015625,430.1976013183594,1231.76904296875,870.2861938476562,1321.795166015625,440.65985107421875,1315.6634521484375,858.6111450195312
522.3580322265625,452.4447937011719,539.2922973632812,880.9954223632812,544.13720703125,453.0019226074219,558.1651000976562,877.9056396484375,561.6025390625,453.11907958984375,574.199951171875,875.7667846679688,588.85546875,447.638671875,600.082763671875,840.809814453125,590.8343505859375,400.8534851074219,606.4080810546875,842.1177978515625,591.066162109375,367.45013427734375,614.7112426757812,812.392578125,601.2437133789062,373.7071533203125,625.8171997070312,815.0450439453125,855.9371948242188,488.705810546875,858.6223754882812,886.4483032226562,878.8805541992188,486.8902893066406,884.7315673828125,883.0662231445312,899.42431640625,482.2813415527344,904.4532470703125,868.7725219726562,866.0851440429688,476.295654296875,872.2500610351562,839.517333984375,838.7529907226562,438.6577453613281,845.0454711914062,849.1643676757812,823.2734375,412.26861572265625,831.415771484375,830.1425170898438,848.0526123046875,408.36480712890625,852.9448852539062,831.120361328125,447.4075012207031,328.82794189453125,476.1824645996094,831.9983520507812,655.8109741210938,392.68768310546875,675.9990234375,821.1630249023438,708.6005249023438,406.43304443359375,731.18115234375,826.6290283203125,766.5266723632812,414.5379638671875,784.4283447265625,827.8248291015625,930.7242431640625,406.57635498046875,929.24560546875,841.0276489257812,1016.6083984375,413.679931640625,1008.93408203125,849.559814453125,1104.0111083984375,418.7939147949219,1090.946533203125,857.3310546875,1181.49853515625,425.4289245605469,1146.8519287109375,861.6582641601562,1250.837158203125,430.2957763671875,1231.2545166015625,870.6661376953125,1321.3511962890625,440.6280212402344,1315.232421875,858.5818481445312
522.3062133789062,452.537841796875,539.3134765625,880.8521728515625,544.1942749023438,452.985595703125,557.9620971679688,878.5650634765625,561.5932006835938,453.1060485839844,574.5204467773438,875.8802490234375,588.7271728515625,447.646484375,600.3715209960938,840.7117919921875,590.3920288085938,401.14715576171875,604.8403930664062,842.1804809570312,591.4985961914062,367.65740966796875,611.4103393554688,812.5451049804688,600.4781494140625,373.6883850097656,622.4775390625,815.00927734375,855.9161376953125,488.7939453125,858.5328369140625,886.3223266601562,878.8084106445312,486.86834716796875,884.79296875,883.1256103515625,899.25732421875,482.19525146484375,904.2764892578125,868.6990966796875,865.8935546875,476.05999755859375,871.6553344726562,839.8524169921875,837.8630981445312,438.2740783691406,844.6078491210938,849.1799926757812,822.19580078125,411.8460693359375,831.3348388671875,830.5862426757812,847.182861328125,407.4812316894531,852.2839965820312,831.3279418945312,447.0778503417969,329.2575378417969,475.2991027832031,832.685546875,655.3014526367188,392.6742248535156,673.7289428710938,821.3198852539062,707.9415283203125,406.32659912109375,730.6889038085938,826.4323120117188,765.8907470703125,414.8164978027344,780.3754272460938,828.2025146484375,928.6380615234375,406.2850036621094,929.2871704101562,841.1918334960938,1012.9277954101562,413.8121032714844,1008.44287109375,849.6644287109375,1101.719970703125,418.3828430175781,1092.32177734375,858.1344604492188,1180.085693359375,425.3765869140625,1144.0924072265625,861.5780029296875,1250.1483154296875,430.30377197265625,1231.1312255859375,870.5662841796875,1320.4600830078125,441.0620422363281,1314.61474609375,858.6774291992188
522.2781982421875,452.4112854003906,539.1674194335938,880.837158203125,544.1712646484375,452.9892883300781,557.9432983398438,878.4545288085938,561.581787109375,453.1547546386719,574.6262817382812,875.9598388671875,588.5299682617188,447.6350402832031,600.4464721679688,840.7476806640625,590.1181030273438,401.5177001953125,604.0064697265625,842.2867431640625,591.4461059570312,367.6430358886719,609.7557983398438,813.0118408203125,599.6442260742188,373.62640380859375,620.9075317382812,815.2208862304688,855.8329467773438,488.72906494140625,858.796875,886.26416015625,879.02197265625,486.85577392578125,884.985595703125,883.0752563476562,899.0194702148438,482.02655029296875,904.0846557617188,868.1468505859375,865.053466796875,475.96978759765625,871.10107421875,839.8723754882812,837.0283813476562,438.2497253417969,843.7706298828125,849.4891967773438,821.0029296875,411.9499816894531,831.1260375976562,829.5570678710938,846.3023681640625,407.7266540527344,851.8873901367188,831.3458862304688,446.54339599609375,329.4803771972656,474.5621643066406,833.2379150390625,655.0889282226562,392.4025573730469,671.9088745117188,821.3643798828125,707.448486328125,406.2295227050781,727.81640625,825.2398681640625,765.2877197265625,414.96429443359375,778.7003784179688,828.428466796875,928.9927978515625,406.5643310546875,929.1759643554688,841.2595825195312,1013.8202514648438,413.8426513671875,1006.947265625,849.525390625,1102.5897216796875,418.2706298828125,1088.9149169921875,857.1168823242188,1181.260986328125,425.2972106933594,1148.80712890625,862.1890258789062,1249.29248046875,430.4472351074219,1232.6644287109375,870.4391479492188,1320.2623291015625,440.9577331542969,1313.9075927734375,858.6112060546875
522.29150390625,452.3666076660156,539.021728515625,880.7776489257812,544.1951293945312,452.9550476074219,558.0440673828125,877.6030883789062,561.566162109375,453.1700134277344,574.6246948242188,875.98828125,588.15771484375,447.44476318359375,600.1362915039062,840.6097412109375,589.0670166015625,401.69293212890625,603.6076049804688,842.3199462890625,590.3212890625,367.74530029296875,609.6537475585938,813.1581420898438,599.3642578125,373.8483581542969,620.9791259765625,815.5321655273438,855.835205078125,488.7174987792969,859.1495971679688,885.9487915039062,879.1287231445312,486.9471130371094,884.8861083984375,882.8546752929688,898.7780151367188,481.9269104003906,903.7922973632812,867.9219970703125,864.6861572265625,475.8564453125,870.1180419921875,839.6344604492188,836.091552734375,438.2182922363281,843.095703125,849.4174194335938,819.8551025390625,412.1434631347656,830.5557861328125,829.6438598632812,844.8792114257812,407.6685485839844,851.0661010742188,831.4660034179688,445.51702880859375,330.0442199707031,473.6381530761719,833.7318115234375,653.748046875,391.9927062988281,671.7421875,821.43505859375,706.6886596679688,406.0022277832031,728.2979125976562,826.4877319335938,763.9406127929688,415.0797424316406,777.4398193359375,828.6175537109375,927.84423828125,406.3384704589844,927.7743530273438,841.1660766601562,1013.38427734375,413.5511169433594,1004.4217529296875,848.6949462890625,1101.0074462890625,417.8477783203125,1086.1151123046875,857.2257080078125,1179.84619140625,425.4149169921875,1158.4810791015625,863.0531005859375,1247.0166015625,430.36688232421875,1214.484130859375,869.5595092773438,1319.0643310546875,441.34912109375,1312.984375,858.5983276367188
522.2960815429688,452.4169921875,539.029296875,880.6240234375,544.251953125,452.86346435546875,557.9454345703125,877.5692749023438,561.6370239257812,453.0406188964844,574.629638671875,875.924072265625,587.9405517578125,447.1756591796875,600.0233154296875,840.7124633789062,588.394287109375,401.8414306640625,603.280029296875,842.4733276367188,589.8101196289062,367.742919921875,608.79052734375,813.48876953125,598.9393920898438,373.73419189453125,619.5193481445312,815.7167358398438,855.7305297851562,488.6554870605469,858.9132690429688,886.0205078125,879.355712890625,486.98284912109375,884.7606201171875,882.7620849609375,898.5657348632812,481.8379211425781,903.518310546875,867.9486083984375,864.3525390625,475.64776611328125,869.5693359375,839.5208740234375,835.1260375976562,439.1496887207031,842.4088745117188,849.6397705078125,818.6801147460938,412.5102844238281,829.6478271484375,829.5675659179688,843.33544921875,407.8638916015625,850.1661987304688,831.503173828125,444.5780029296875,330.4489440917969,472.7540283203125,834.4590454101562,653.099853515625,391.99664306640625,671.0035400390625,822.2418212890625,705.7881469726562,406.1917419433594,725.0060424804688,825.6033935546875,763.01318359375,415.40771484375,777.801025390625,828.5203247070312,927.19970703125,406.1584777832031,926.6263427734375,841.268798828125,1013.4780883789062,413.603759765625,1003.9483642578125,848.6798706054688,1101.12060546875,417.647705078125,1085.601806640625,857.2734985351562,1179.462646484375,425.2408752441406,1158.9036865234375,863.2162475585938,1246.708740234375,430.4189147949219,1214.1815185546875,869.4917602539062,1317.98876953125,441.55029296875,1311.977783203125,858.6524047851562
522.29150390625,452.49237060546875,539.0548095703125,880.7119140625,543.2081909179688,453.146240234375,558.072021484375,877.6398315429688,561.67578125,452.99755859375,574.9365234375,875.8499145507812,587.58935546875,447.0511779785156,599.8477172851562,840.2761840820312,587.7806396484375,402.10272216796875,602.4703369140625,842.5709838867188,589.1632690429688,368.0007629394531,607.5950317382812,814.0572509765625,598.5734252929688,373.96820068359375,617.8279418945312,816.0353393554688,855.618408203125,488.7460632324219,859.2322387695312,885.9431762695312,879.4942626953125,487.28399658203125,884.956298828125,882.7617797851562,898.3554077148438,481.8265075683594,903.178955078125,867.5592651367188,861.9563598632812,475.1263122558594,868.4208374023438,839.6845703125,834.0231323242188,438.0095520019531,841.1026000976562,849.69091796875,817.56298828125,412.1599426269531,828.109375,829.37109375,842.3956909179688,407.5047607421875,849.1006469726562,831.5064697265625,443.7861022949219,330.7333068847656,471.7740478515625,835.1066284179688,652.18798828125,392.0185241699219,668.5613403320312,822.2692260742188,705.3255004882812,406.0534973144531,722.8803100585938,825.74462890625,762.1229858398438,414.9814147949219,776.198974609375,828.346435546875,926.1675415039062,406.04705810546875,926.3540649414062,841.229248046875,1012.4768676757812,413.3748474121094,1003.1896362304688,848.4102172851562,1100.3380126953125,417.4778137207031,1085.5316162109375,857.2459106445312,1180.1932373046875,425.3356628417969,1158.8331298828125,863.465576171875,1245.9813232421875,430.4506530761719,1213.4244384765625,869.676513671875,1317.083251953125,441.59783935546875,1311.0260009765625,858.7112426757812
522.353271484375,452.4570007324219,539.1608276367188,880.6832275390625,544.357177734375,453.03955078125,558.3121337890625,878.4219970703125,561.7850952148438,452.8685302734375,574.93701171875,875.7733154296875,588.4517822265625,446.4089050292969,599.4634399414062,840.2677001953125,586.6116943359375,401.9410705566406,600.97607421875,842.8704223632812,588.1848754882812,368.40667724609375,606.1371459960938,814.5215454101562,597.3677368164062,374.26171875,616.0098266601562,816.4099731445312,855.5902099609375,488.7137451171875,859.3603515625,885.858154296875,879.835693359375,487.367431640625,885.0621948242188,882.7236938476562,898.1063232421875,481.8756408691406,902.7809448242188,867.296630859375,861.4199829101562,475.1950378417969,867.5947875976562,839.74658203125,833.568603515625,437.90966796875,841.9547729492188,849.0731201171875,817.0742797851562,412.0743103027344,827.1103515625,829.401611328125,841.763671875,407.6044921875,848.1886596679688,831.5806884765625,442.76568603515625,331.071533203125,470.6045227050781,835.4804077148438,651.76025390625,392.33795166015625,667.2598266601562,822.4638061523438,705.2636108398438,406.0715026855469,721.1737060546875,825.9439086914062,762.2733154296875,414.81182861328125,775.1365356445312,828.4268188476562,925.8900756835938,405.6687316894531,925.8265991210938,841.4256591796875,1013.1192016601562,413.4358825683594,1002.8994750976562,848.5032958984375,1100.79931640625,417.4056396484375,1083.7996826171875,857.2462158203125,1180.15771484375,425.3233642578125,1159.095458984375,863.809326171875,1246.0335693359375,430.5457763671875,1213.8572998046875,870.02685546875,1316.3560791015625,441.7608947753906,1309.62060546875,858.258056640625
522.444580078125,452.51373291015625,539.3256225585938,880.741943359375,543.3453369140625,453.134765625,558.2356567382812,877.9000854492188,561.8135986328125,452.7642517089844,574.9322509765625,875.7373657226562,588.07763671875,446.1983642578125,598.9063110351562,840.2896118164062,585.4713745117188,401.6856384277344,600.2816772460938,843.0517578125,586.7827758789062,368.507568359375,605.1660766601562,814.86376953125,596.0729370117188,374.322265625,614.6889038085938,816.4717407226562,855.7295532226562,488.7803955078125,859.4762573242188,886.1549072265625,880.0631713867188,487.37835693359375,885.0357666015625,882.8867797851562,897.9727172851562,481.8716735839844,902.588623046875,867.3346557617188,861.1116943359375,475.0127258300781,867.3013305664062,839.5643920898438,832.5444946289062,437.86602783203125,841.6539306640625,849.114990234375,815.8236694335938,412.1431579589844,827.1663818359375,829.5209350585938,840.6135864257812,407.82171630859375,848.0279541015625,831.7781982421875,441.7436828613281,331.8996887207031,469.5354309082031,835.7578735351562,650.4168090820312,392.4043273925781,665.797607421875,822.7097778320312,704.156982421875,406.0346374511719,720.0548095703125,826.10302734375,761.0745849609375,414.4078674316406,774.2990112304688,828.5826416015625,924.3765258789062,405.49884033203125,925.455810546875,841.51953125,1011.7041625976562,413.3849182128906,1001.113037109375,848.512939453125,1100.3929443359375,417.1760559082031,1081.596923828125,857.3917236328125,1179.68505859375,425.2573547363281,1189.088623046875,867.4030151367188,1245.2218017578125,430.54827880859375,1213.3194580078125,869.910400390625,1315.3455810546875,441.8386535644531,1308.6512451171875,857.7446899414062
522.3513793945312,452.5570373535156,539.3571166992188,880.8385620117188,543.299560546875,453.1623229980469,558.6287231445312,878.6435546875,561.8133544921875,452.6869812011719,574.9995727539062,875.6893920898438,587.7156982421875,445.9501037597656,598.5084838867188,840.2388305664062,584.860107421875,401.604248046875,599.7102661132812,842.7078247070312,583.3911743164062,367.74658203125,604.8186645507812,815.1214599609375,594.861328125,373.9454040527344,614.3497924804688,816.6989135742188,855.6588134765625,488.73565673828125,859.8814697265625,886.2008056640625,880.1968994140625,487.4176025390625,885.2889404296875,882.9882202148438,897.7801513671875,481.9795837402344,902.3155517578125,867.0306396484375,860.9025268554688,475.4322204589844,866.37451171875,840.131591796875,831.55712890625,439.48309326171875,839.8460693359375,849.086181640625,815.0750122070312,412.4800109863281,826.1654052734375,830.5579833984375,840.0068359375,407.645263671875,846.5731201171875,831.7018432617188,440.7091979980469,332.7313537597656,468.38690185546875,835.9060668945312,649.7466430664062,392.7721252441406,665.4901733398438,822.8336181640625,703.0169677734375,407.11053466796875,719.8380737304688,826.4319458007812,760.9599609375,414.3293762207031,773.7015380859375,828.8031005859375,924.7979125976562,405.4945373535156,925.326904296875,841.4571533203125,1011.1644897460938,413.1064758300781,998.717529296875,849.5151977539062,1099.1226806640625,417.0871887207031,1081.2979736328125,857.0950317382812,1172.230224609375,424.6651916503906,1189.316162109375,867.602783203125,1243.422607421875,430.22308349609375,1250.71435546875,871.13525390625,1314.4227294921875,441.99310302734375,1308.1136474609375,858.1171875
522.3154296875,452.5766906738281,539.2910766601562,880.8577880859375,543.3070678710938,453.08135986328125,558.730712890625,878.608642578125,561.8037719726562,452.6273498535156,575.0694580078125,875.6574096679688,587.1597290039062,445.8974609375,598.3936157226562,840.1174926757812,583.71337890625,401.7422790527344,599.5414428710938,842.6049194335938,581.9552612304688,367.8119201660156,604.8134765625,815.3673706054688,593.239990234375,374.024169921875,614.5109252929688,816.956298828125,855.7744750976562,488.6718444824219,860.0142211914062,886.4530639648438,880.4238891601562,487.439208984375,885.090576171875,883.066650390625,897.4639282226562,482.03814697265625,902.1404418945312,866.973388671875,860.7848510742188,475.5249328613281,865.7325439453125,840.4945678710938,830.7929077148438,439.60931396484375,839.3903198242188,849.2581176757812,814.4467163085938,412.31341552734375,825.8638916015625,830.6348266601562,839.0859985351562,407.798828125,846.102783203125,831.720947265625,439.651123046875,333.1270446777344,467.2162170410156,835.94677734375,648.2288818359375,392.3942565917969,665.346435546875,822.9439697265625,701.8397827148438,407.0278015136719,720.1585693359375,826.73583984375,759.7930908203125,414.42645263671875,774.290771484375,828.8035888671875,921.6088256835938,405.5906982421875,924.6538696289062,841.4126586914062,1009.0885009765625,412.8536071777344,998.630859375,849.5919799804688,1097.32861328125,416.78350830078125,1081.2938232421875,857.39599609375,1172.520751953125,424.51629638671875,1189.2413330078125,868.0068359375,1242.7850341796875,430.1609191894531,1214.41552734375,870.1387939453125,1313.5926513671875,441.8507995605469,1307.575927734375,858.7879638671875
522.2947998046875,452.6010437011719,539.12646484375,880.8660888671875,543.28466796875,453.2565002441406,558.6845092773438,878.5836181640625,561.7120361328125,452.83148193359375,575.00732421875,875.5321655273438,586.8065795898438,445.8952941894531,597.8547973632812,839.968017578125,582.7127075195312,401.56622314453125,598.8775634765625,842.342529296875,581.0086669921875,367.8931884765625,603.5062866210938,815.1599731445312,592.2496337890625,374.0516052246094,613.3980712890625,816.9917602539062,855.5490112304688,488.662353515625,860.0409545898438,886.4581298828125,880.6654052734375,487.6142272949219,885.0891723632812,883.0757446289062,897.2005615234375,481.91552734375,901.6992797851562,866.7900390625,860.3394775390625,475.6050720214844,865.0453491210938,840.5913696289062,830.109375,439.4606628417969,838.0072021484375,849.0664672851562,813.3045654296875,412.0963439941406,824.87060546875,830.5015258789062,838.20263671875,407.6968688964844,845.3794555664062,831.3803100585938,438.3226623535156,333.94873046875,466.1570129394531,835.4885864257812,647.2935791015625,392.6046447753906,664.5194091796875,823.0179443359375,700.7353515625,406.8608703613281,717.762451171875,826.8095703125,760.8297729492188,413.2980651855469,773.1680908203125,828.9232788085938,922.0535888671875,405.79388427734375,924.6093139648438,841.4277954101562,1008.4309692382812,412.7998352050781,998.0673217773438,849.5755615234375,1097.500732421875,416.8177795410156,1079.8809814453125,857.2308349609375,1172.87353515625,424.5428466796875,1147.33984375,862.4900512695312,1242.7164306640625,430.0259704589844,1215.1357421875,870.4348754882812,1312.279296875,442.01641845703125,1306.8841552734375,858.9564208984375
522.3506469726562,452.5382385253906,539.0341186523438,880.9292602539062,543.1781616210938,453.1971130371094,558.7665405273438,878.5663452148438,561.5606689453125,452.7926025390625,575.1966552734375,875.4010009765625,585.5695190429688,446.5499572753906,597.467041015625,839.3789672851562,581.3860473632812,401.4384765625,598.4596557617188,842.0746459960938,579.8587036132812,368.2996520996094,603.3021240234375,814.8539428710938,590.9855346679688,374.28656005859375,613.1785888671875,816.7503051757812,855.473876953125,489.1991271972656,860.6089477539062,886.78369140625,880.798583984375,487.6803894042969,885.438720703125,883.17041015625,896.75439453125,481.87237548828125,901.3485107421875,866.411376953125,859.8025512695312,475.38726806640625,864.4526977539062,840.7703247070312,830.07470703125,438.44891357421875,836.5131225585938,849.0800170898438,812.3440551757812,412.0169982910156,823.9717407226562,830.427490234375,837.197998046875,407.7905578613281,844.4646606445312,831.0575561523438,437.1493835449219,334.57330322265625,465.228515625,835.0307006835938,646.3955078125,392.22613525390625,663.8355712890625,822.8970336914062,700.1828002929688,406.9046936035156,717.287353515625,826.986328125,760.0771484375,413.7378234863281,773.0867919921875,828.8443603515625,921.224853515625,406.10150146484375,923.7351684570312,841.2745361328125,1005.3889770507812,412.2525634765625,996.9593505859375,849.2850952148438,1097.4278564453125,416.68890380859375,1077.8958740234375,857.0872802734375,1173.7880859375,424.6318359375,1148.4136962890625,862.53271484375,1242.4715576171875,429.9847412109375,1215.8182373046875,870.3287963867188,1311.353271484375,441.2139587402344,1306.11279296875,858.8949584960938
522.2776489257812,452.5592956542969,538.8611450195312,880.9547729492188,543.2291259765625,453.2121276855469,558.6624755859375,878.5350341796875,561.5088500976562,452.87579345703125,575.2613525390625,875.2942504882812,585.058349609375,446.08697509765625,597.3993530273438,839.0081176757812,580.5750732421875,401.2843322753906,597.5037841796875,841.1543579101562,578.9710693359375,368.5838623046875,601.3084106445312,814.215576171875,589.92626953125,374.3050842285156,611.6246948242188,816.1949462890625,855.576416015625,489.3992919921875,860.6270141601562,886.8103637695312,880.9700317382812,487.6929016113281,885.3611450195312,883.2002563476562,896.4215087890625,481.7924499511719,901.0570678710938,866.0521850585938,859.0048217773438,475.23663330078125,863.5924072265625,840.9876098632812,830.2510375976562,438.6595153808594,835.4046630859375,849.204345703125,811.1729125976562,412.0705261230469,823.072021484375,830.4285888671875,837.6256713867188,407.7615966796875,843.47216796875,830.938720703125,436.1906433105469,334.77325439453125,464.2755126953125,834.7221069335938,645.7001342773438,392.2615966796875,663.0542602539062,822.09033203125,699.2276000976562,406.7978515625,717.0311279296875,827.0985717773438,758.8893432617188,413.66302490234375,773.037353515625,828.9131469726562,919.2276611328125,405.5316467285156,921.9784545898438,841.48193359375,1004.189697265625,412.0447082519531,995.9177856445312,848.9635620117188,1093.8099365234375,416.67657470703125,1077.7904052734375,856.9684448242188,1172.7813720703125,424.5277404785156,1188.276123046875,868.0347900390625,1241.33251953125,429.8554992675781,1215.22021484375,869.9519653320312,1310.3704833984375,441.32318115234375,1305.2359619140625,858.70751953125
