Finger_cam1_X,Finger_cam1_Y,Finger_cam2_X,Finger_cam2_Y,Metacarpal_cam1_X,Metacarpal_cam1_Y,Metacarpal_cam2_X,Metacarpal_cam2_Y,Wrist_cam1_X,Wrist_cam1_Y,Wrist_cam2_X,Wrist_cam2_Y,Elbow_cam1_X,Elbow_cam1_Y,Elbow_cam2_X,Elbow_cam2_Y,Shoulder_cam1_X,Shoulder_cam1_Y,Shoulder_cam2_X,Shoulder_cam2_Y,Pec_A_cam1_X,Pec_A_cam1_Y,Pec_A_cam2_X,Pec_A_cam2_Y,Pec_P_cam1_X,Pec_P_cam1_Y,Pec_P_cam2_X,Pec_P_cam2_Y,Toe_cam1_X,Toe_cam1_Y,Toe_cam2_X,Toe_cam2_Y,Metatarsal_cam1_X,Metatarsal_cam1_Y,Metatarsal_cam2_X,Metatarsal_cam2_Y,Ankle_cam1_X,Ankle_cam1_Y,Ankle_cam2_X,Ankle_cam2_Y,Knee_cam1_X,Knee_cam1_Y,Knee_cam2_X,Knee_cam2_Y,Hip_cam1_X,Hip_cam1_Y,Hip_cam2_X,Hip_cam2_Y,Pel_A_cam1_X,Pel_A_cam1_Y,Pel_A_cam2_X,Pel_A_cam2_Y,Pel_P_cam1_X,Pel_P_cam1_Y,Pel_P_cam2_X,Pel_P_cam2_Y,Snout_cam1_X,Snout_cam1_Y,Snout_cam2_X,Snout_cam2_Y,Mid_1_cam1_X,Mid_1_cam1_Y,Mid_1_cam2_X,Mid_1_cam2_Y,Mid_2_cam1_X,Mid_2_cam1_Y,Mid_2_cam2_X,Mid_2_cam2_Y,Mid_3_cam1_X,Mid_3_cam1_Y,Mid_3_cam2_X,Mid_3_cam2_Y,Tail_1_cam1_X,Tail_1_cam1_Y,Tail_1_cam2_X,Tail_1_cam2_Y,Tail_2_cam1_X,Tail_2_cam1_Y,Tail_2_cam2_X,Tail_2_cam2_Y,Tail_3_cam1_X,Tail_3_cam1_Y,Tail_3_cam2_X,Tail_3_cam2_Y,Tail_4_cam1_X,Tail_4_cam1_Y,Tail_4_cam2_X,Tail_4_cam2_Y,Tail_5_cam1_X,Tail_5_cam1_Y,Tail_5_cam2_X,Tail_5_cam2_Y,Tail_6_cam1_X,Tail_6_cam1_Y,Tail_6_cam2_X,Tail_6_cam2_Y
898.8655395507812,668.2442626953125,874.155029296875,927.2607421875,917.0480346679688,668.5878295898438,893.9154663085938,924.4163208007812,925.3199462890625,665.1925048828125,903.2774047851562,914.6893310546875,902.7034912109375,662.34912109375,883.189453125,884.2404174804688,875.0341186523438,639.0486450195312,854.9234008789062,889.1524047851562,853.7970581054688,615.0012817382812,835.2835693359375,868.9776000976562,865.97119140625,612.4683227539062,847.5248413085938,869.5213012695312,969.6309204101562,629.930908203125,950.4526977539062,907.3764038085938,990.927978515625,641.9727172851562,972.0958862304688,904.8432006835938,1018.4274291992188,649.166015625,998.14306640625,900.8947143554688,1045.69677734375,637.6328735351562,1026.39453125,877.99609375,1079.3905029296875,618.40234375,1064.0850830078125,882.0011596679688,1082.2347412109375,593.8656005859375,1063.16650390625,864.4955444335938,1103.297119140625,600.0228881835938,1085.1605224609375,866.730712890625,722.033935546875,623.6365966796875,701.4588623046875,886.1778564453125,915.8423461914062,596.0907592773438,901.4661865234375,865.7528686523438,970.4437866210938,588.0906372070312,956.0400390625,861.7865600585938,1028.9329833984375,583.5110473632812,1011.171875,861.2568359375,1180.8858642578125,609.990478515625,1141.6649169921875,875.908203125,1259.236572265625,607.6997680664062,1219.516357421875,885.0694580078125,1333.3302001953125,602.9314575195312,1286.15380859375,889.2380981445312,1417.0474853515625,592.2416381835938,1428.329833984375,902.50732421875,1517.14453125,604.00146484375,1502.9991455078125,892.5100708007812,1568.790771484375,639.9385375976562,1554.80126953125,841.6859741210938
898.6690673828125,668.5093383789062,874.4840698242188,927.0858154296875,916.5537719726562,668.4158325195312,893.99951171875,924.5167846679688,924.3880615234375,665.2890014648438,903.2361450195312,914.390869140625,900.7493286132812,662.3023071289062,881.6263427734375,885.033447265625,873.0618286132812,639.315673828125,852.727294921875,888.697265625,852.0940551757812,615.2680053710938,833.612060546875,868.1734008789062,864.4168701171875,612.8343505859375,846.1051025390625,869.2354736328125,969.4949340820312,631.1694946289062,946.3740844726562,910.9674682617188,990.1929931640625,642.7136840820312,972.7509765625,909.462646484375,1017.3290405273438,649.6572265625,997.9314575195312,904.861572265625,1045.0457763671875,637.7559814453125,1021.986572265625,880.55810546875,1078.106201171875,618.3614501953125,1058.5616455078125,882.4945678710938,1080.552490234375,593.9873046875,1060.5989990234375,864.8097534179688,1102.841796875,599.8213500976562,1081.8218994140625,867.276611328125,720.6373901367188,623.7966918945312,700.3019409179688,881.453125,914.59912109375,596.3407592773438,899.9918212890625,865.5535888671875,968.8495483398438,588.3654174804688,950.6428833007812,861.1497192382812,1027.312255859375,583.33203125,1005.7134399414062,862.2657470703125,1181.6856689453125,609.983154296875,1141.653076171875,877.5914306640625,1258.7132568359375,608.1471557617188,1228.423583984375,887.0126953125,1335.2950439453125,602.6471557617188,1285.81298828125,890.051025390625,1418.022216796875,591.6044921875,1430.701904296875,903.1127319335938,1499.636962890625,598.1387329101562,1501.920654296875,892.4534912109375,1567.7093505859375,639.942626953125,1553.0430908203125,842.8403930664062
898.3182373046875,667.998779296875,874.5435791015625,927.0949096679688,915.7064819335938,668.3411865234375,894.2230224609375,924.6080322265625,923.71484375,665.513671875,902.8696899414062,914.1675415039062,899.2612915039062,662.0114135742188,879.9024658203125,884.7532958984375,871.5296630859375,639.5662231445312,850.881591796875,888.5570678710938,850.7041015625,615.4000854492188,831.9465942382812,867.212158203125,862.9260864257812,613.1240844726562,844.0028686523438,868.5872802734375,969.1419067382812,630.928955078125,943.32568359375,916.6069946289062,989.5849609375,642.9837036132812,970.4657592773438,916.6744995117188,1016.2633056640625,650.7918701171875,996.3501586914062,910.9197387695312,1043.73095703125,637.72802734375,1023.0771484375,884.54296875,1077.538330078125,618.928466796875,1059.60498046875,883.784423828125,1078.65966796875,594.1962280273438,1061.8223876953125,865.8612060546875,1103.1087646484375,599.980712890625,1082.081298828125,868.2647094726562,719.120849609375,624.1513061523438,699.3200073242188,877.7828979492188,913.7996826171875,596.84130859375,899.4264526367188,865.2786254882812,968.8617553710938,589.0338745117188,952.1176147460938,862.374267578125,1026.844970703125,583.4119873046875,1010.1455078125,862.4298095703125,1174.55517578125,610.8692626953125,1141.677978515625,878.8502807617188,1252.7501220703125,607.8037109375,1229.645751953125,888.3388061523438,1332.6859130859375,603.275634765625,1342.8819580078125,894.7982788085938,1417.626708984375,592.00439453125,1428.364013671875,902.97314453125,1501.134765625,600.0097045898438,1499.8641357421875,892.6533203125,1566.4178466796875,640.1858520507812,1551.8004150390625,843.8659057617188
898.4896850585938,667.881591796875,874.435791015625,927.2380981445312,915.4136962890625,668.2891235351562,894.3480834960938,924.400634765625,923.5602416992188,665.580322265625,902.5759887695312,913.9127807617188,898.352294921875,662.3139038085938,878.4341430664062,884.7807006835938,870.6517944335938,639.8614501953125,849.1478271484375,888.1393432617188,849.9207153320312,615.7916259765625,828.1103515625,866.6053466796875,862.1458740234375,613.3070068359375,840.2894287109375,867.4236450195312,968.9352416992188,630.9223022460938,944.3998413085938,920.3051147460938,989.9531860351562,643.0260620117188,969.5166625976562,921.8413696289062,1015.7910766601562,651.4281616210938,994.7185668945312,916.6421508789062,1043.2060546875,638.5714721679688,1020.625244140625,887.6864624023438,1074.753662109375,618.6412963867188,1056.9674072265625,884.8748779296875,1076.9390869140625,594.225341796875,1058.98828125,866.1640014648438,1100.555419921875,600.1142578125,1079.797607421875,869.0836181640625,718.3040161132812,623.6592407226562,697.5487060546875,874.78857421875,912.6157836914062,597.3439331054688,895.9140625,865.1363525390625,968.4603271484375,588.5381469726562,949.8050537109375,861.81884765625,1025.7991943359375,583.58544921875,1008.1527099609375,863.6240844726562,1178.5902099609375,610.5491943359375,1139.9678955078125,879.8668212890625,1252.1217041015625,608.0519409179688,1220.0274658203125,888.0147094726562,1335.247802734375,602.8824462890625,1281.8944091796875,892.8336181640625,1418.47705078125,591.7979125976562,1427.4542236328125,903.2357177734375,1513.4876708984375,603.8696899414062,1499.83740234375,892.2930297851562,1565.0062255859375,640.8529052734375,1550.5108642578125,842.6207275390625
898.2015991210938,668.0385131835938,874.6107177734375,927.3670654296875,915.1319580078125,668.14794921875,894.3675537109375,924.5205688476562,923.1834106445312,665.7459106445312,901.782958984375,913.26513671875,897.3326416015625,662.6788330078125,876.7514038085938,884.570068359375,869.03515625,640.0469970703125,845.9217529296875,887.34423828125,848.4727783203125,616.5060424804688,824.8236083984375,865.8814086914062,860.4541015625,613.7791748046875,836.9342041015625,866.564208984375,969.0416870117188,631.0999755859375,947.7607421875,924.139404296875,990.146728515625,644.0515747070312,972.932861328125,923.0333251953125,1015.84912109375,652.866943359375,995.4187622070312,918.981689453125,1043.2958984375,639.312744140625,1020.4613647460938,888.7999877929688,1073.193603515625,618.6295776367188,1056.376953125,885.531005859375,1075.3135986328125,594.4293212890625,1057.9561767578125,866.8145141601562,1098.88818359375,600.5040893554688,1079.2845458984375,870.2262573242188,716.64697265625,624.1921997070312,695.5353393554688,872.8060302734375,910.8261108398438,597.921142578125,891.3414306640625,865.4375,967.0816040039062,589.0121459960938,948.115966796875,861.6126098632812,1024.329345703125,583.7855834960938,1006.83251953125,864.1526489257812,1173.7958984375,611.5504150390625,1139.4920654296875,881.1762084960938,1249.6163330078125,607.885009765625,1218.1436767578125,888.9041137695312,1329.7296142578125,603.4036254882812,1287.1666259765625,894.5806274414062,1415.7291259765625,592.103759765625,1425.751953125,902.9478149414062,1499.1343994140625,599.8546752929688,1498.1590576171875,891.8687133789062,1562.8687744140625,641.8629150390625,1548.769287109375,842.422119140625
898.2205810546875,668.3753051757812,874.5431518554688,927.3480224609375,915.0088500976562,668.2799072265625,894.9925537109375,924.7827758789062,922.92578125,665.86328125,901.16455078125,913.2954711914062,896.5374145507812,661.96923828125,876.304931640625,884.968017578125,866.9635009765625,640.6953735351562,846.0634155273438,887.2225952148438,846.3329467773438,617.2018432617188,824.5441284179688,864.1775512695312,858.4481811523438,614.19287109375,837.466552734375,865.7010498046875,968.95703125,631.0288696289062,947.7421875,924.343994140625,990.0004272460938,644.1973266601562,972.6239013671875,922.9904174804688,1015.8388061523438,653.3033447265625,995.542236328125,919.62548828125,1042.5792236328125,639.7647705078125,1019.0768432617188,888.3298950195312,1072.630126953125,619.15283203125,1055.167236328125,886.0557861328125,1074.81494140625,594.8164672851562,1056.8941650390625,867.3131713867188,1098.332275390625,600.9428100585938,1077.2789306640625,870.8871459960938,715.4713745117188,624.5339965820312,694.5192260742188,871.0013427734375,909.6470336914062,599.1143798828125,891.2928466796875,865.4345092773438,965.8690795898438,589.6216430664062,946.9593505859375,862.0844116210938,1023.0633544921875,585.4708251953125,1006.1270751953125,864.531982421875,1172.458740234375,611.3907470703125,1139.977294921875,882.5519409179688,1241.3353271484375,608.0780029296875,1220.998291015625,891.0594482421875,1323.3568115234375,603.6564331054688,1292.0169677734375,895.3244018554688,1412.549560546875,592.7282104492188,1425.8597412109375,902.3247680664062,1497.91796875,600.3004760742188,1496.8714599609375,891.6712036132812,1560.6419677734375,643.60009765625,1546.161865234375,842.504150390625
897.618408203125,667.9574584960938,874.695068359375,927.349853515625,914.7449951171875,668.29052734375,894.9654541015625,924.6832275390625,922.90771484375,666.1127319335938,900.4357299804688,912.600341796875,896.270751953125,662.816650390625,874.7176513671875,884.58056640625,866.02001953125,641.57080078125,844.364501953125,886.9397583007812,845.1721801757812,617.2689208984375,823.5475463867188,863.5701904296875,857.1795654296875,614.8113403320312,836.0468139648438,865.0548706054688,968.4847412109375,631.1921997070312,948.0335693359375,924.9906616210938,989.8399047851562,644.5087280273438,972.4244384765625,923.2007446289062,1015.7042236328125,653.5250854492188,994.9058227539062,919.8079833984375,1041.6136474609375,639.90625,1016.849853515625,886.2777099609375,1072.236083984375,618.9886474609375,1049.3060302734375,886.8325805664062,1074.2078857421875,595.0333862304688,1055.6864013671875,867.571533203125,1097.7403564453125,600.9282836914062,1074.757568359375,871.0052490234375,714.8486328125,625.2369384765625,693.4873046875,869.8650512695312,908.4697875976562,599.5928955078125,889.5740966796875,865.5464477539062,964.3117065429688,590.0728759765625,945.9492797851562,862.6339721679688,1022.1297607421875,586.311279296875,1004.0399169921875,863.7604370117188,1172.0816650390625,611.2285766601562,1136.6966552734375,882.6212158203125,1239.2376708984375,608.0635375976562,1220.310302734375,891.6529541015625,1323.0675048828125,603.7203369140625,1290.7586669921875,895.8192749023438,1412.107177734375,592.7115478515625,1418.16845703125,901.6429443359375,1499.5709228515625,601.6754760742188,1492.207763671875,891.600830078125,1559.0001220703125,644.6017456054688,1544.5943603515625,841.9777221679688
897.6629028320312,667.95654296875,875.2993774414062,927.3886108398438,914.6163940429688,668.414794921875,895.0857543945312,924.7517700195312,922.7107543945312,666.3203125,900.1962890625,912.4739990234375,895.91357421875,663.2337646484375,874.2099609375,884.5370483398438,865.9135131835938,641.994873046875,844.0512084960938,886.792236328125,844.9490966796875,617.447021484375,823.4953002929688,863.4259643554688,856.9285278320312,614.9874877929688,835.5855712890625,864.9966430664062,968.52685546875,631.0269775390625,947.6563110351562,925.3965454101562,989.7748413085938,644.7577514648438,972.19189453125,923.383056640625,1015.79296875,653.7290649414062,994.9039306640625,920.0765380859375,1041.2623291015625,640.037109375,1015.4385375976562,885.9718017578125,1071.3697509765625,618.9332885742188,1046.0693359375,886.1513671875,1073.3468017578125,595.2372436523438,1053.8592529296875,867.8563842773438,1096.8887939453125,600.8829345703125,1073.42626953125,871.0424194335938,714.3760986328125,625.912841796875,692.793701171875,869.2197875976562,908.0244140625,600.0618286132812,888.6036376953125,865.7388916015625,963.5846557617188,590.4094848632812,944.331298828125,862.8515625,1021.1907348632812,586.9085083007812,1002.7265014648438,864.5588989257812,1172.0863037109375,611.2605590820312,1136.150390625,882.6263427734375,1240.4361572265625,607.795166015625,1218.0364990234375,891.4032592773438,1323.185791015625,603.5767822265625,1289.8956298828125,895.4586181640625,1411.6370849609375,592.7510986328125,1419.5799560546875,902.1010131835938,1497.9652099609375,601.91748046875,1493.615478515625,891.1223754882812,1557.7596435546875,645.2235717773438,1543.5225830078125,841.5455932617188
897.3456420898438,667.9527587890625,875.3069458007812,927.3818359375,914.4306030273438,668.49609375,894.9359130859375,924.8157348632812,922.4977416992188,666.3889770507812,899.8843383789062,912.3768310546875,895.0431518554688,663.038330078125,873.020263671875,885.3412475585938,864.80322265625,642.347412109375,843.3163452148438,886.9750366210938,844.0769653320312,617.8248291015625,823.3241577148438,863.3665771484375,856.5115966796875,615.00048828125,835.2371826171875,865.0467529296875,968.5916137695312,631.103759765625,948.0575561523438,925.6041259765625,989.723876953125,644.8773803710938,972.5784912109375,923.4710083007812,1015.9254760742188,654.0062255859375,995.2482299804688,920.1759033203125,1041.0926513671875,640.0673828125,1014.67724609375,885.937255859375,1071.318603515625,618.8999633789062,1045.3211669921875,886.0135498046875,1073.0928955078125,595.4443969726562,1052.5103759765625,867.588623046875,1096.87646484375,601.1319580078125,1072.5986328125,870.7920532226562,713.9063720703125,626.5316162109375,692.1270751953125,869.0082397460938,907.2283325195312,601.400146484375,888.357421875,865.6318969726562,962.350830078125,591.223388671875,943.63818359375,863.099365234375,1020.26953125,587.3524169921875,1001.7455444335938,863.875732421875,1171.7320556640625,611.23583984375,1137.1890869140625,882.6762084960938,1239.1199951171875,607.7346801757812,1218.9879150390625,891.2893676757812,1322.3204345703125,603.4431762695312,1291.834228515625,895.4166870117188,1411.509521484375,592.7618408203125,1417.1297607421875,902.061767578125,1498.8980712890625,602.6056518554688,1492.10546875,891.8958129882812,1557.4874267578125,647.1012573242188,1543.4820556640625,842.1763305664062
897.0869750976562,667.7982177734375,875.3069458007812,927.3988647460938,914.2052612304688,668.3394775390625,895.0098876953125,924.88232421875,922.3118896484375,666.3950805664062,899.833251953125,912.549560546875,894.5428466796875,663.3340454101562,873.1495971679688,885.65234375,864.15185546875,642.9248657226562,843.5239868164062,887.04296875,843.9085693359375,618.4107055664062,823.388671875,863.2162475585938,856.2501220703125,615.6041870117188,835.1669311523438,865.1962280273438,968.5270385742188,631.0313110351562,947.7538452148438,925.5903930664062,989.6420288085938,644.7794799804688,972.1505737304688,923.4791870117188,1015.97265625,653.9452514648438,994.7396850585938,920.28369140625,1040.8414306640625,640.0180053710938,1014.2730712890625,886.1488037109375,1071.1126708984375,618.9723510742188,1044.4857177734375,885.4546508789062,1072.67138671875,595.5979614257812,1050.7525634765625,867.1718139648438,1096.607666015625,601.4659423828125,1071.0628662109375,870.3858642578125,713.3094482421875,626.9801025390625,691.634521484375,868.8145141601562,906.4266967773438,602.0734252929688,887.98095703125,865.9258422851562,961.2813720703125,591.708984375,942.7891845703125,863.4921264648438,1019.464599609375,587.517822265625,999.2877197265625,863.74267578125,1170.492919921875,611.257568359375,1136.3682861328125,882.2579345703125,1242.663818359375,607.62646484375,1219.7322998046875,891.3240356445312,1323.81689453125,603.3422241210938,1295.096923828125,895.5400390625,1411.7010498046875,592.7483520507812,1415.627197265625,901.6731567382812,1515.59423828125,609.1551513671875,1490.598876953125,892.7361450195312,1558.4759521484375,647.3992309570312,1543.6806640625,844.0496215820312
897.322265625,667.8828735351562,875.1571044921875,927.4281005859375,914.4226684570312,668.418701171875,894.7920532226562,924.8128051757812,922.1793823242188,666.6236572265625,899.5045776367188,912.2710571289062,893.8446044921875,663.4144287109375,872.46240234375,885.7578125,863.5950317382812,643.1589965820312,842.9852294921875,887.9054565429688,843.2058715820312,618.6517333984375,823.0870361328125,863.4243774414062,855.658447265625,615.9099731445312,834.9795532226562,865.5169677734375,968.543212890625,630.944580078125,946.9915161132812,925.7645874023438,989.5526733398438,644.8421020507812,971.8544311523438,923.5358276367188,1015.969970703125,654.0660400390625,994.5908203125,920.3743896484375,1040.49951171875,639.9498901367188,1013.418212890625,885.9868774414062,1070.781982421875,619.1096801757812,1042.4857177734375,885.1030883789062,1072.244873046875,595.5853881835938,1046.3668212890625,866.1144409179688,1096.1563720703125,601.4265747070312,1069.0625,869.1233520507812,712.4383544921875,627.5794067382812,691.1210327148438,868.8164672851562,905.33349609375,602.4454956054688,887.6063842773438,866.2327270507812,960.2566528320312,592.098388671875,941.5799560546875,863.4644165039062,1018.48583984375,587.638427734375,997.5147705078125,863.60986328125,1169.4837646484375,611.3792724609375,1136.1514892578125,881.9639282226562,1240.3355712890625,607.673583984375,1218.3079833984375,890.8802490234375,1323.042236328125,603.4461669921875,1292.2041015625,895.2567138671875,1411.183837890625,592.9392700195312,1418.0146484375,902.2277221679688,1500.681640625,603.525634765625,1491.934326171875,892.6110229492188,1557.1365966796875,647.537841796875,1543.5404052734375,844.6698608398438
896.8593139648438,668.2456665039062,875.2781372070312,927.3593139648438,914.2230224609375,668.4790649414062,894.8861694335938,924.7327270507812,921.9011840820312,666.4813842773438,898.9542236328125,911.8419799804688,893.1549682617188,663.6398315429688,871.5078125,885.9655151367188,863.1000366210938,643.6158447265625,841.4149169921875,888.1937866210938,842.5650024414062,619.0210571289062,821.5497436523438,863.7171630859375,855.169189453125,616.1529541015625,833.3236083984375,865.6992797851562,968.39990234375,631.0574340820312,945.3019409179688,926.14892578125,989.5318603515625,644.844482421875,970.7290649414062,923.8138427734375,1015.7479858398438,654.2218017578125,994.0325317382812,920.542236328125,1039.7259521484375,639.9815673828125,1013.5743408203125,885.796142578125,1070.1265869140625,619.1870727539062,1043.030517578125,884.9473876953125,1071.5072021484375,595.80078125,1047.2266845703125,866.0816650390625,1095.3253173828125,601.6881713867188,1070.391845703125,869.1971435546875,711.6451416015625,627.5213623046875,690.6693115234375,868.9088745117188,904.9340209960938,602.590087890625,886.6724853515625,866.3428344726562,958.922119140625,592.6918334960938,940.49951171875,863.2423706054688,1017.8037109375,587.8416137695312,997.841064453125,863.2922973632812,1168.38134765625,611.4198608398438,1136.4288330078125,881.5699462890625,1239.8482666015625,607.9808959960938,1218.62353515625,890.7317504882812,1323.526123046875,603.6071166992188,1292.9073486328125,895.128173828125,1410.4427490234375,593.0327758789062,1416.7408447265625,902.2617797851562,1499.714111328125,603.3532104492188,1490.8232421875,892.9475708007812,1557.0596923828125,647.2509155273438,1543.4346923828125,844.9674682617188
896.7643432617188,668.4555053710938,875.210693359375,927.4556274414062,914.2481689453125,668.6246337890625,894.6737060546875,924.7925415039062,921.529052734375,666.302490234375,898.4052734375,911.675048828125,892.25439453125,663.6610107421875,870.3252563476562,885.9027099609375,862.3834228515625,643.915283203125,839.9539794921875,888.3317260742188,841.8211669921875,618.9876708984375,820.5419921875,863.8284301757812,854.4223022460938,616.159912109375,832.1826782226562,865.8143310546875,968.1783447265625,630.9016723632812,942.3380737304688,925.8931884765625,989.4351806640625,644.8911743164062,970.4454345703125,924.1370239257812,1015.8202514648438,653.4843139648438,993.6079711914062,920.7206420898438,1038.8558349609375,641.8126831054688,1013.5345458984375,886.6121826171875,1069.1856689453125,619.254150390625,1043.0706787109375,884.7136840820312,1071.5018310546875,595.9656372070312,1047.157958984375,865.8741455078125,1094.3773193359375,601.856689453125,1069.8729248046875,868.9209594726562,710.9252319335938,627.6173706054688,690.0414428710938,869.4371948242188,904.2788696289062,602.6904296875,886.3411865234375,866.4442138671875,957.6307373046875,592.9210815429688,939.5648803710938,863.081298828125,1016.5072631835938,587.6132202148438,996.8148803710938,863.2516479492188,1167.5677490234375,611.395751953125,1135.562744140625,881.5159301757812,1239.28369140625,608.2088012695312,1216.9912109375,890.0233154296875,1324.6832275390625,603.6527709960938,1289.0667724609375,895.0458374023438,1410.2666015625,592.9368286132812,1416.1402587890625,902.8875732421875,1489.8406982421875,598.3389892578125,1491.086181640625,892.71826171875,1556.4124755859375,646.1963500976562,1542.8082275390625,844.7315673828125
896.45849609375,668.510986328125,875.1780395507812,927.3732299804688,914.1383056640625,668.701416015625,894.3564453125,924.604736328125,920.9329833984375,666.3985595703125,897.9996948242188,911.324951171875,891.2371826171875,663.7877197265625,869.7376098632812,885.799072265625,861.5095825195312,644.1254272460938,839.0698852539062,888.56103515625,840.6950073242188,619.5830688476562,820.0645141601562,864.19970703125,853.727294921875,616.2791748046875,831.3825073242188,866.1245727539062,968.1128540039062,630.7658081054688,943.609130859375,927.1322021484375,989.35546875,644.9290771484375,970.1796875,924.147216796875,1015.593505859375,653.4314575195312,993.1188354492188,920.8479614257812,1038.1552734375,641.82275390625,1012.6796264648438,885.9097900390625,1068.307861328125,619.3701171875,1041.770751953125,884.2990112304688,1070.7733154296875,596.0152587890625,1045.778076171875,865.3338012695312,1093.4859619140625,601.8673706054688,1068.66162109375,868.4903564453125,709.8151245117188,627.8189697265625,689.0604858398438,870.2371826171875,903.482666015625,602.8684692382812,885.65380859375,866.2393798828125,956.6810302734375,593.2569580078125,938.408203125,863.4658203125,1017.0328979492188,586.9782104492188,995.0623779296875,862.7180786132812,1167.599365234375,611.5328979492188,1132.6522216796875,879.9273681640625,1227.6531982421875,609.00732421875,1213.181396484375,889.2280883789062,1326.70703125,603.7052612304688,1287.1075439453125,893.8134155273438,1410.1781005859375,592.8230590820312,1415.600830078125,903.0172119140625,1488.9019775390625,598.2027587890625,1490.323486328125,892.7474365234375,1556.1854248046875,645.1553955078125,1542.30517578125,844.5723266601562
895.9885864257812,668.8131103515625,875.2883911132812,927.4436645507812,913.7006225585938,668.67431640625,894.1240234375,924.6758422851562,919.9711303710938,666.0440673828125,897.5136108398438,911.259521484375,891.6937255859375,664.45703125,868.910400390625,885.9129638671875,860.9500732421875,643.9258422851562,837.9677734375,888.79833984375,840.1034545898438,619.4807739257812,819.2449340820312,864.4036254882812,853.0454711914062,616.1980590820312,830.4964599609375,866.29736328125,967.7869873046875,630.753662109375,943.2825927734375,927.3876342773438,989.1668701171875,644.8690185546875,969.142333984375,924.0847778320312,1015.4453125,653.3107299804688,992.9838256835938,920.8644409179688,1037.056396484375,641.8844604492188,1011.1612548828125,884.8161010742188,1067.4224853515625,618.9232788085938,1036.4517822265625,884.4992065429688,1069.6060791015625,595.817626953125,1042.7926025390625,864.7686767578125,1092.406494140625,601.5861206054688,1064.903076171875,867.751953125,708.6680297851562,628.181884765625,688.1624145507812,870.9228515625,902.6990966796875,602.735595703125,884.4479370117188,865.9547729492188,955.523681640625,593.298828125,936.4285278320312,863.2083129882812,1015.823974609375,587.1577758789062,989.6143798828125,862.380126953125,1166.7030029296875,611.512451171875,1131.712646484375,879.8102416992188,1241.986572265625,608.3956909179688,1212.09033203125,888.6347045898438,1336.1279296875,602.9553833007812,1285.9556884765625,894.6017456054688,1411.1025390625,592.4506225585938,1416.1444091796875,903.1107788085938,1506.920166015625,604.4180908203125,1489.416259765625,893.2766723632812,1555.9310302734375,643.7938842773438,1542.07373046875,845.0565185546875
895.5599975585938,668.9733276367188,875.06982421875,927.4511108398438,913.218505859375,668.65478515625,893.846435546875,924.9486694335938,919.3255004882812,665.995849609375,897.361083984375,911.4556884765625,891.1114501953125,664.8252563476562,869.2520751953125,886.30859375,860.0947265625,644.0604858398438,838.7072143554688,888.7000732421875,839.4021606445312,619.4755249023438,819.2805786132812,864.7205810546875,852.1950073242188,616.1047973632812,830.7183837890625,866.519775390625,968.0731811523438,630.7564086914062,943.3073120117188,927.4371948242188,989.260009765625,644.903076171875,970.300048828125,924.35400390625,1015.3048095703125,653.4338989257812,993.0528564453125,920.460693359375,1035.794189453125,641.8687744140625,1011.0088500976562,883.7638549804688,1066.5186767578125,619.29541015625,1035.9537353515625,883.7402954101562,1068.4349365234375,595.597900390625,1042.0638427734375,864.5574951171875,1091.3402099609375,601.3711547851562,1064.0224609375,867.4388427734375,707.6362915039062,628.1239624023438,687.2130126953125,871.3561401367188,902.1322631835938,602.57958984375,884.7279663085938,865.830078125,954.7288818359375,593.15576171875,936.1255493164062,862.7557983398438,1014.7756958007812,587.2841796875,989.7608642578125,862.2308959960938,1166.0859375,611.6339111328125,1130.024658203125,879.2135009765625,1241.9564208984375,608.6141357421875,1210.213134765625,888.3029174804688,1323.47265625,604.157958984375,1285.4671630859375,894.5972290039062,1405.812255859375,592.9678344726562,1414.2984619140625,903.2442626953125,1508.787109375,605.2457275390625,1489.348388671875,893.335205078125,1555.7032470703125,642.858642578125,1541.8316650390625,845.8451538085938
895.496337890625,669.0046997070312,875.0631713867188,927.5104370117188,913.0455932617188,668.7225341796875,893.4528198242188,924.9510498046875,918.2927856445312,665.8501586914062,896.97314453125,911.5431518554688,889.7882080078125,664.6926879882812,868.6964721679688,886.1756591796875,858.6842041015625,644.0599365234375,837.5125122070312,888.8356323242188,838.5216064453125,618.9869995117188,818.3662109375,864.5148315429688,851.0526733398438,615.7105712890625,831.1814575195312,866.5843505859375,968.1298828125,630.7903442382812,943.159423828125,927.5158081054688,989.2908935546875,645.0181884765625,970.4120483398438,924.3289184570312,1015.0571899414062,653.4867553710938,993.120361328125,920.4363403320312,1035.1002197265625,641.5225219726562,1010.9972534179688,883.3525390625,1066.107177734375,619.1654663085938,1037.0965576171875,883.113037109375,1067.939453125,595.4159545898438,1043.44775390625,864.3262939453125,1090.978271484375,600.9738159179688,1065.5394287109375,867.4378662109375,706.8969116210938,627.9755249023438,686.7415771484375,871.6265258789062,901.1766357421875,602.2798461914062,883.792236328125,865.6644897460938,953.9990234375,592.9706420898438,935.8174438476562,862.604248046875,1013.9234008789062,587.5648193359375,990.2116088867188,862.1369018554688,1166.076171875,611.4151000976562,1130.4229736328125,878.7806396484375,1243.7908935546875,608.689453125,1207.5865478515625,887.9242553710938,1336.0921630859375,603.2694091796875,1283.9013671875,894.1468505859375,1405.548828125,592.6751708984375,1413.9390869140625,903.189697265625,1508.6851806640625,605.2579345703125,1488.243408203125,893.9677734375,1555.2669677734375,641.821044921875,1541.4996337890625,846.5068969726562
895.3875732421875,668.8865356445312,875.1349487304688,927.4783325195312,912.9074096679688,668.6803588867188,893.2661743164062,924.7272338867188,917.1780395507812,665.9960327148438,896.2078857421875,911.1973876953125,888.4977416992188,664.8901977539062,867.1392211914062,886.29052734375,857.6923828125,643.608642578125,835.8284301757812,889.1154174804688,837.3965454101562,618.4819946289062,817.0917358398438,864.4693603515625,849.7982788085938,615.5086059570312,829.7622680664062,866.4900512695312,968.3909912109375,630.8377685546875,943.1943969726562,927.6121215820312,989.2816162109375,644.9959716796875,969.0729370117188,924.22802734375,1014.6407470703125,653.6224975585938,992.4617919921875,920.4920043945312,1033.498046875,640.9714965820312,1009.230224609375,883.4454956054688,1064.7769775390625,619.0443115234375,1034.032470703125,883.1046142578125,1066.454345703125,595.2850952148438,1040.311279296875,863.928466796875,1089.2091064453125,600.6495361328125,1061.7205810546875,867.0022583007812,705.8981323242188,627.30419921875,685.5244140625,871.3756713867188,900.1241455078125,602.2498168945312,881.9887084960938,865.558837890625,952.9921875,592.8731689453125,932.972900390625,861.9306640625,1012.6022338867188,587.3859252929688,987.0514526367188,861.7487182617188,1166.9884033203125,611.1135864257812,1125.724365234375,878.56689453125,1244.7347412109375,608.9319458007812,1207.33203125,887.6317749023438,1337.4622802734375,603.2504272460938,1284.3046875,894.0324096679688,1403.60595703125,593.0140991210938,1410.9510498046875,903.2603759765625,1508.7880859375,605.2208862304688,1487.1431884765625,894.30419921875,1554.60498046875,640.8854370117188,1541.14794921875,846.851318359375
895.2083129882812,668.7115478515625,875.51220703125,927.4691772460938,912.570556640625,668.5470581054688,893.0789184570312,924.5403442382812,915.9248046875,665.7127075195312,895.0169067382812,910.6067504882812,887.2133178710938,664.9026489257812,864.9719848632812,885.9725952148438,856.4593505859375,643.4800415039062,834.575927734375,889.0745239257812,836.154541015625,618.4459838867188,815.4402465820312,863.9267578125,848.6585693359375,615.68701171875,827.6008911132812,865.9155883789062,968.4973754882812,630.9059448242188,942.8731689453125,927.7279663085938,989.2906494140625,645.0155029296875,969.0397338867188,924.1190185546875,1014.2958984375,653.7509765625,992.7021484375,920.3663330078125,1032.5755615234375,640.9292602539062,1008.355224609375,882.2642211914062,1063.5093994140625,618.7783203125,1032.8175048828125,882.47314453125,1065.3004150390625,594.7617797851562,1038.3338623046875,863.518798828125,1087.7298583984375,600.2077026367188,1060.1866455078125,866.5081176757812,704.632568359375,626.9678344726562,684.2527465820312,871.2002563476562,898.9701538085938,602.2847290039062,879.8672485351562,865.3671264648438,951.9395751953125,592.5259399414062,930.6951904296875,861.8148803710938,1011.4645385742188,587.15966796875,985.3992309570312,861.2598876953125,1167.490966796875,610.9384765625,1123.88525390625,878.1742553710938,1241.791259765625,609.2496948242188,1206.4051513671875,887.2294311523438,1320.7611083984375,604.328369140625,1282.97021484375,893.52783203125,1402.8375244140625,593.0344848632812,1409.9798583984375,902.8968505859375,1506.9619140625,604.1444702148438,1486.5184326171875,894.38720703125,1553.90087890625,640.1436767578125,1540.230224609375,847.3338012695312
895.5828247070312,669.9482421875,875.49951171875,927.36376953125,912.291748046875,668.3875732421875,892.8236083984375,924.491943359375,915.2528686523438,665.4288940429688,894.3453369140625,910.4896240234375,886.2606201171875,664.7014770507812,864.0465698242188,886.2294921875,855.5523071289062,643.1964111328125,832.6563720703125,889.4153442382812,835.244873046875,618.4243774414062,813.3837890625,863.4922485351562,847.9104614257812,615.5987548828125,825.7095336914062,865.556640625,968.5240478515625,631.261962890625,942.691162109375,927.8295288085938,989.2868041992188,645.1132202148438,969.1017456054688,924.1289672851562,1013.2199096679688,654.8005981445312,992.9044189453125,919.946044921875,1032.31005859375,640.6636962890625,1007.2174072265625,880.818603515625,1062.95947265625,618.0219116210938,1031.0946044921875,881.7257080078125,1062.7784423828125,593.475341796875,1035.876220703125,863.2747192382812,1087.0340576171875,599.6400146484375,1057.16357421875,866.1381225585938,703.3508911132812,626.2383422851562,683.47900390625,870.7747802734375,898.070068359375,602.2315063476562,877.7610473632812,865.6827392578125,951.3218383789062,592.2669067382812,928.5775146484375,861.6541137695312,1010.4423828125,586.6151123046875,983.7013549804688,861.0257568359375,1167.151123046875,610.6873168945312,1122.7657470703125,877.5840454101562,1241.03466796875,609.1712036132812,1206.4049072265625,887.343017578125,1319.31591796875,604.208984375,1282.9466552734375,893.26708984375,1402.5849609375,593.0620727539062,1409.2159423828125,902.3986206054688,1506.0635986328125,603.5598754882812,1485.534912109375,894.5686645507812,1553.1717529296875,639.5913696289062,1539.386962890625,847.7503051757812
895.5046997070312,669.8189086914062,875.4534301757812,927.4448852539062,912.2373657226562,668.4506225585938,892.79345703125,924.0333862304688,914.2111206054688,665.4447021484375,893.4340209960938,910.0616455078125,884.8230590820312,664.3463134765625,862.1612548828125,885.5784301757812,854.2394409179688,643.18505859375,830.0424194335938,889.3309326171875,833.9293823242188,618.5692138671875,810.1177978515625,863.3070678710938,846.6915893554688,615.60693359375,823.0675048828125,865.055419921875,968.2689819335938,631.2352294921875,942.4887084960938,927.7516479492188,989.2791137695312,645.1749267578125,969.045654296875,923.9765014648438,1013.2755737304688,654.7344970703125,993.1689453125,919.975830078125,1032.1953125,639.7542114257812,1007.0882568359375,880.6504516601562,1062.2401123046875,617.6392211914062,1032.7435302734375,881.6109619140625,1062.243896484375,593.0576782226562,1037.39599609375,863.3759155273438,1086.186767578125,599.3460693359375,1059.247802734375,866.2882690429688,702.9757080078125,625.4747314453125,682.4583740234375,870.2511596679688,896.2606811523438,602.1883544921875,876.6680908203125,865.46142578125,950.1094360351562,591.680908203125,927.8447265625,861.316162109375,1009.3984375,585.985595703125,984.1122436523438,860.7598266601562,1165.48681640625,610.3978881835938,1121.627197265625,877.244384765625,1242.1849365234375,608.8842163085938,1205.4090576171875,887.0111694335938,1321.65478515625,603.7968139648438,1281.9771728515625,893.1754760742188,1403.15283203125,593.087158203125,1404.1092529296875,902.7466430664062,1505.5618896484375,603.29052734375,1481.7933349609375,895.1312866210938,1552.6617431640625,639.6539306640625,1538.519775390625,848.114990234375
895.5903930664062,670.0466918945312,875.0775756835938,927.3418579101562,912.1151733398438,668.5589599609375,892.4990234375,923.7244262695312,913.1156616210938,665.1937255859375,892.739990234375,909.8810424804688,883.3331298828125,663.71337890625,861.8004150390625,885.1940307617188,853.00732421875,643.0197143554688,829.69140625,889.1207275390625,832.93505859375,618.8236694335938,810.2247924804688,863.0353393554688,845.4256591796875,616.141357421875,822.9234619140625,864.9071655273438,968.2819213867188,631.007568359375,942.3568725585938,927.8071899414062,989.3372192382812,645.1181030273438,968.9735717773438,923.945556640625,1013.11279296875,654.7288208007812,993.2396850585938,919.5357055664062,1031.6363525390625,639.642578125,1006.6941528320312,880.5036010742188,1061.082763671875,617.1624755859375,1032.1282958984375,881.4530639648438,1061.4364013671875,592.539794921875,1037.1654052734375,863.2247314453125,1084.7359619140625,599.2678833007812,1059.0224609375,866.3711547851562,701.3912963867188,625.4986572265625,681.1375732421875,869.9737548828125,895.47998046875,601.9617309570312,876.3463134765625,865.1032104492188,949.7472534179688,591.541748046875,927.3101806640625,861.1089477539062,1008.5447387695312,584.9630737304688,984.31103515625,860.4916381835938,1163.6134033203125,610.3189086914062,1122.0955810546875,877.3807373046875,1243.24951171875,608.8624877929688,1207.035888671875,886.9198608398438,1323.119140625,603.5101928710938,1283.4853515625,893.240234375,1403.1502685546875,592.5582885742188,1403.6937255859375,902.8876953125,1500.8134765625,602.6536254882812,1481.571044921875,895.2505493164062,1552.228515625,639.2130126953125,1537.5701904296875,848.1754150390625
895.0421752929688,670.0199584960938,874.6405639648438,927.1248779296875,911.924560546875,668.5181884765625,891.8163452148438,923.4755859375,912.4900512695312,665.3493041992188,891.79541015625,909.8443603515625,882.9998168945312,664.08740234375,861.6563720703125,885.3876342773438,852.111083984375,643.0513305664062,829.1096801757812,888.4837036132812,831.8905639648438,618.84033203125,808.8180541992188,862.8010864257812,844.3629760742188,616.1643676757812,821.5958862304688,864.44921875,968.265869140625,631.0502319335938,942.4434204101562,927.7779541015625,989.485107421875,645.081787109375,969.155029296875,923.6995849609375,1012.9197998046875,654.6017456054688,993.3822631835938,919.173828125,1031.275146484375,639.7173461914062,1006.0402221679688,879.6381225585938,1060.0748291015625,616.855712890625,1031.365966796875,880.7576904296875,1060.448486328125,591.7147827148438,1036.599853515625,863.0944213867188,1083.5430908203125,598.7664794921875,1059.1978759765625,866.1129760742188,700.4811401367188,625.5901489257812,679.8623657226562,869.2623291015625,895.6854248046875,601.2750854492188,873.489013671875,864.6966552734375,949.0078125,591.0731811523438,926.1763916015625,861.3079833984375,1007.6640014648438,584.1849975585938,982.854248046875,860.2835083007812,1158.65283203125,610.1431274414062,1122.8480224609375,877.4488525390625,1241.0928955078125,608.6113891601562,1206.7763671875,886.9398193359375,1322.0198974609375,603.6148681640625,1282.7342529296875,893.2572631835938,1402.85693359375,593.0687866210938,1402.72412109375,902.9146728515625,1502.2713623046875,603.480712890625,1484.3861083984375,894.3812255859375,1551.4111328125,638.7138061523438,1536.7666015625,848.3574829101562
894.4207153320312,670.0226440429688,874.5161743164062,927.0560302734375,910.876220703125,668.498779296875,892.1728515625,923.4697265625,912.8616943359375,666.0072021484375,890.7283935546875,910.3242797851562,882.1017456054688,664.2470092773438,860.1864013671875,884.6971435546875,850.7513427734375,642.95556640625,827.5940551757812,887.9533081054688,830.5631713867188,618.919189453125,807.6177368164062,862.0023193359375,843.0968627929688,616.3135375976562,820.4639892578125,864.1634521484375,968.2868041992188,631.2649536132812,942.6829833984375,927.76220703125,989.5586547851562,645.0243530273438,969.5380859375,923.737548828125,1012.5910034179688,654.562255859375,993.4307250976562,918.9077758789062,1030.6217041015625,640.13232421875,1005.0135498046875,879.010986328125,1059.2391357421875,616.6305541992188,1030.4722900390625,880.70068359375,1059.4219970703125,590.9961547851562,1035.9365234375,863.2603149414062,1082.1495361328125,598.361572265625,1057.90966796875,866.1766967773438,699.40576171875,625.6682739257812,678.7486572265625,868.5060424804688,894.0891723632812,600.5606079101562,872.1702270507812,864.5629272460938,948.412109375,591.1065673828125,925.087890625,861.0712890625,1006.56005859375,585.492919921875,981.505615234375,860.1983032226562,1158.03564453125,609.746337890625,1120.697265625,877.056884765625,1241.3660888671875,608.68798828125,1206.54638671875,886.7462768554688,1320.679443359375,603.6401977539062,1281.43994140625,893.2525634765625,1402.0673828125,592.9871826171875,1403.4405517578125,903.1063842773438,1501.202880859375,603.4429931640625,1485.293701171875,894.0487060546875,1551.4412841796875,638.5377807617188,1536.1268310546875,848.6165771484375
894.7391357421875,670.0866088867188,874.1956176757812,927.12841796875,910.7994384765625,668.423828125,891.5465698242188,923.1173095703125,910.2244262695312,665.0197143554688,889.2828369140625,910.0164184570312,880.65673828125,663.8697509765625,859.52392578125,884.6348876953125,849.265380859375,642.7260131835938,827.2517700195312,887.7256469726562,829.0369262695312,618.504150390625,807.6827392578125,862.1879272460938,841.6134643554688,616.46240234375,820.732666015625,864.0730590820312,968.1401977539062,631.1566772460938,942.8189086914062,927.6126098632812,989.548095703125,644.8241577148438,969.3198852539062,923.6862182617188,1012.3392944335938,654.7158203125,993.1900634765625,919.0594482421875,1029.606689453125,640.2786865234375,1005.569580078125,878.730712890625,1057.5343017578125,616.402099609375,1033.8922119140625,880.979736328125,1058.2132568359375,591.12255859375,1037.425537109375,863.7029418945312,1080.580810546875,597.83056640625,1059.3951416015625,866.523681640625,698.6700439453125,625.7891235351562,677.3123168945312,867.8394775390625,892.3689575195312,600.70947265625,872.4749145507812,864.3255615234375,946.3956909179688,590.9598388671875,926.0748901367188,860.9215087890625,1004.3642578125,584.8236083984375,982.9401245117188,859.8648681640625,1155.0025634765625,609.3120727539062,1122.14404296875,877.4362182617188,1241.59423828125,608.6860961914062,1205.4886474609375,886.7346801757812,1322.4296875,603.6192016601562,1281.1529541015625,893.39599609375,1430.81298828125,588.223876953125,1401.5667724609375,902.7238159179688,1500.516357421875,603.6163330078125,1484.1280517578125,894.4879150390625,1550.7445068359375,638.4340209960938,1535.594970703125,848.8564453125
894.7012939453125,670.3915405273438,874.1044311523438,927.0411987304688,910.6585693359375,668.5609741210938,891.3533935546875,922.6851806640625,908.8600463867188,665.2639770507812,888.2528686523438,909.45166015625,879.6744995117188,663.1041259765625,857.3397216796875,884.5049438476562,847.775146484375,642.5856323242188,825.9700927734375,886.9035034179688,827.9931030273438,618.0281372070312,806.851318359375,861.8623046875,840.4078369140625,616.1846313476562,819.60400390625,863.6324462890625,967.9107055664062,631.2716674804688,942.1058959960938,926.1558837890625,989.4814453125,644.6282958984375,969.691650390625,923.461669921875,1011.9734497070312,654.4993286132812,993.328369140625,918.7627563476562,1028.881591796875,640.217529296875,1004.792724609375,878.5364379882812,1056.734375,615.6482543945312,1034.0174560546875,880.4447021484375,1057.240478515625,590.6693725585938,1037.46875,863.64501953125,1079.6490478515625,596.8155517578125,1059.4959716796875,866.1723022460938,697.53515625,625.8410034179688,676.30029296875,867.0480346679688,892.17919921875,601.3646240234375,871.6920166015625,864.115966796875,945.2353515625,590.8740844726562,925.0935668945312,860.9093627929688,1002.928955078125,584.7520751953125,982.5578002929688,859.7889404296875,1155.1495361328125,608.6982421875,1121.39013671875,877.5836181640625,1237.34326171875,607.8560180664062,1203.9373779296875,886.5496826171875,1321.475830078125,603.4899291992188,1281.090576171875,893.5099487304688,1400.09716796875,593.2158813476562,1399.839599609375,902.5341796875,1500.9947509765625,604.0234985351562,1483.8778076171875,894.5210571289062,1549.6973876953125,637.9298095703125,1534.0804443359375,849.2217407226562
894.856201171875,670.0611572265625,873.8518676757812,926.9103393554688,910.4371948242188,668.6536865234375,891.1077880859375,922.1197509765625,907.7467651367188,665.7534790039062,886.935791015625,907.2509155273438,878.3984375,663.0631713867188,855.3240966796875,884.0919189453125,846.703125,642.8485717773438,823.4495849609375,886.14599609375,827.1009521484375,617.9624633789062,805.037109375,861.5169677734375,839.9301147460938,615.01611328125,817.4541625976562,863.1659545898438,968.0159301757812,631.25048828125,942.560302734375,926.2279052734375,989.5824584960938,644.4269409179688,969.9024047851562,923.3500366210938,1011.8685302734375,654.5093383789062,993.1830444335938,918.4042358398438,1028.5550537109375,640.1248168945312,1001.935546875,878.2411499023438,1055.8616943359375,615.225830078125,1028.2364501953125,879.5086669921875,1055.926025390625,590.1107788085938,1031.310302734375,862.9823608398438,1078.5467529296875,596.4102172851562,1055.2979736328125,865.7543334960938,695.9188842773438,626.92138671875,675.175537109375,866.4428100585938,890.5294189453125,600.5333251953125,869.8945922851562,863.8115234375,943.9993896484375,590.7059936523438,922.4559936523438,861.2302856445312,1003.0978393554688,584.2446899414062,979.12353515625,859.766845703125,1153.851318359375,608.5076293945312,1116.4764404296875,876.5086059570312,1236.06201171875,607.6611328125,1201.7957763671875,886.532470703125,1316.9761962890625,604.0730590820312,1282.0352783203125,893.4617919921875,1398.08740234375,593.2489013671875,1400.02294921875,902.7254638671875,1500.065673828125,603.6790161132812,1482.8858642578125,894.7286987304688,1548.4765625,637.0977172851562,1533.0689697265625,849.3265380859375
896.0814819335938,669.8736572265625,873.694091796875,926.6262817382812,910.9503784179688,668.3244018554688,890.8610229492188,921.5691528320312,906.40625,665.9183959960938,884.9005126953125,906.1566772460938,876.4649658203125,662.7139282226562,853.3092651367188,883.5303344726562,845.4865112304688,642.4927368164062,821.7302856445312,885.8001708984375,826.0330200195312,617.8637084960938,803.8093872070312,861.2284545898438,838.8995971679688,614.8599243164062,816.1463012695312,862.965087890625,967.8717651367188,631.07763671875,942.4813232421875,926.123046875,989.6730346679688,644.22412109375,969.9093017578125,923.2877807617188,1011.9219360351562,654.3502807617188,993.0646362304688,918.4879760742188,1027.292236328125,640.2520141601562,1001.9967651367188,878.4874267578125,1054.0020751953125,614.8341064453125,1028.107421875,879.48876953125,1054.8431396484375,589.214599609375,1031.1190185546875,863.0753784179688,1077.1834716796875,595.7347412109375,1055.1416015625,865.5960083007812,694.3989868164062,626.9132080078125,673.9408569335938,865.585693359375,890.0697631835938,601.142333984375,868.708984375,863.4481201171875,942.3717651367188,591.11328125,920.5398559570312,861.2816162109375,1001.4682006835938,583.9466552734375,978.3305053710938,859.7392578125,1150.2589111328125,608.1319580078125,1116.73974609375,876.4198608398438,1228.9190673828125,607.671142578125,1201.89501953125,886.7094116210938,1323.3880615234375,603.4276123046875,1281.66259765625,893.7168579101562,1399.53466796875,593.0264892578125,1394.92236328125,902.7757568359375,1499.4033203125,603.7515258789062,1472.8280029296875,896.0579833984375,1547.1878662109375,636.4519653320312,1532.1671142578125,849.346435546875
896.7758178710938,669.560791015625,873.4526977539062,926.623291015625,911.0421142578125,667.7898559570312,890.7459716796875,921.641845703125,905.1050415039062,666.0053100585938,885.0806884765625,906.5775146484375,875.3818359375,661.9003295898438,853.4807739257812,883.2955932617188,844.6167602539062,642.5443725585938,821.6258544921875,885.2161865234375,824.3662719726562,617.2529296875,803.7431640625,860.8031005859375,837.948486328125,614.6551513671875,815.8900756835938,862.5288696289062,967.8870849609375,631.1536865234375,942.3602294921875,926.1842651367188,989.7411499023438,644.2670288085938,969.7462768554688,923.205322265625,1011.8943481445312,654.5745239257812,993.1392822265625,918.4244995117188,1026.0181884765625,640.4481201171875,1000.694580078125,878.3767700195312,1053.0535888671875,614.1851196289062,1027.826904296875,879.8363037109375,1053.4556884765625,588.8603515625,1030.4818115234375,863.0841674804688,1075.6201171875,595.0911254882812,1054.3922119140625,865.6757202148438,692.6998901367188,627.2908325195312,672.96826171875,864.792724609375,888.9348754882812,600.7293701171875,867.7426147460938,863.4305419921875,941.5067749023438,590.934814453125,918.7722778320312,860.3401489257812,1000.2610473632812,582.67431640625,975.112548828125,860.14111328125,1148.9312744140625,607.8443603515625,1115.9423828125,876.566650390625,1228.8297119140625,607.3631591796875,1196.33056640625,886.4112548828125,1323.125,603.3506469726562,1276.144775390625,893.517822265625,1399.4476318359375,592.931640625,1396.3192138671875,903.013671875,1498.819580078125,604.0030517578125,1472.23095703125,896.1161499023438,1546.024169921875,636.213134765625,1531.01708984375,849.281494140625
896.9530639648438,668.2845458984375,873.1556396484375,926.3352661132812,910.664794921875,667.4513549804688,890.1798095703125,921.2976684570312,905.6800537109375,665.7374877929688,883.7498168945312,906.5831909179688,874.7213134765625,662.5485229492188,852.9169311523438,883.322509765625,842.96875,642.6641235351562,821.30908203125,885.2962036132812,823.0013427734375,617.5213623046875,803.270263671875,860.460693359375,836.4902954101562,614.7362670898438,814.341796875,862.2528076171875,967.9375,631.1731567382812,942.4464721679688,926.17041015625,989.6564331054688,644.2677001953125,969.7893676757812,923.113525390625,1011.5704956054688,654.4814453125,992.8224487304688,918.3456420898438,1025.3331298828125,640.5552978515625,999.7715454101562,877.4136962890625,1051.759521484375,613.6246948242188,1022.7150268554688,880.6239624023438,1051.733642578125,588.5510864257812,1027.9705810546875,862.7980346679688,1074.10009765625,594.4428100585938,1053.0831298828125,865.7297973632812,691.4522705078125,628.1030883789062,671.6129150390625,864.6895141601562,886.6398315429688,600.5677490234375,865.9862670898438,863.2207641601562,939.9923095703125,590.87548828125,916.379638671875,860.25146484375,998.5867309570312,582.7155151367188,972.3660888671875,860.2339477539062,1148.4796142578125,607.685791015625,1115.2437744140625,876.251953125,1228.6094970703125,607.4845581054688,1196.5079345703125,886.4769897460938,1308.8359375,603.9778442382812,1271.5172119140625,892.8209228515625,1428.04541015625,589.2482299804688,1395.689208984375,903.4015502929688,1498.3526611328125,604.078369140625,1475.319580078125,895.5459594726562,1544.9891357421875,635.7804565429688,1530.0885009765625,849.4742431640625
896.9183349609375,669.4331665039062,872.9376220703125,926.476318359375,910.9268188476562,666.8290405273438,890.0619506835938,921.546142578125,903.1423950195312,665.5653686523438,883.2556762695312,906.69775390625,873.5570068359375,661.5263061523438,851.75390625,883.468505859375,841.3889770507812,642.7454833984375,819.2719116210938,885.5115356445312,821.0149536132812,617.3931274414062,800.1340942382812,860.2010498046875,834.9420776367188,614.5254516601562,811.390380859375,861.9781494140625,967.9332885742188,631.1114501953125,942.5048828125,926.1954956054688,989.820556640625,644.2283935546875,969.7249145507812,923.18505859375,1011.4556884765625,654.4461669921875,992.6212158203125,918.1826171875,1024.2236328125,640.7971801757812,997.9097900390625,877.0867919921875,1050.577392578125,613.5321655273438,1020.8046875,880.2448120117188,1050.3424072265625,588.2003173828125,1024.9073486328125,862.6234130859375,1072.63720703125,594.15966796875,1047.4742431640625,865.0662841796875,690.4661254882812,628.0469360351562,671.0426025390625,863.7428588867188,885.3698120117188,600.556396484375,862.7666625976562,862.7698364257812,938.864501953125,590.868408203125,913.1332397460938,860.177001953125,997.1881103515625,582.9521484375,970.0758666992188,860.4556884765625,1148.9954833984375,607.2564086914062,1116.7708740234375,876.3787841796875,1228.868408203125,607.3043212890625,1197.779052734375,886.822265625,1308.5540771484375,603.9451904296875,1270.258056640625,892.8445434570312,1425.729736328125,589.4293823242188,1395.0748291015625,903.4420166015625,1493.5257568359375,602.472412109375,1471.591552734375,895.9141235351562,1544.6978759765625,635.4506225585938,1529.1246337890625,849.6810302734375
897.0148315429688,669.3093872070312,872.8793334960938,926.5130615234375,910.743896484375,666.2090454101562,889.7632446289062,921.0642700195312,901.7319946289062,665.2564697265625,882.1035766601562,906.587890625,872.201416015625,661.2933349609375,850.7568969726562,883.3970336914062,839.720458984375,642.3157348632812,818.6627807617188,885.4688110351562,819.6187133789062,617.0702514648438,800.3745727539062,860.123046875,833.283935546875,614.33740234375,811.9076538085938,861.9717407226562,967.7843017578125,631.215576171875,942.113525390625,926.1085205078125,989.8770141601562,644.1384887695312,969.1981201171875,923.24169921875,1011.6563720703125,654.1354370117188,992.2671508789062,918.5315551757812,1022.1158447265625,641.6217651367188,997.4127807617188,877.6407470703125,1049.330810546875,613.5712280273438,1021.7083740234375,880.336669921875,1048.1129150390625,588.1536254882812,1025.6199951171875,862.9755859375,1070.9102783203125,593.9081420898438,1048.161376953125,865.2877197265625,689.14404296875,627.8291015625,669.8952026367188,862.9894409179688,883.845703125,600.50537109375,863.4453735351562,862.7262573242188,937.908447265625,590.958251953125,914.563232421875,860.2046508789062,995.1773681640625,582.8828735351562,970.92919921875,860.5980834960938,1148.7333984375,606.6035766601562,1117.1339111328125,876.4461669921875,1226.0086669921875,607.3888549804688,1198.732177734375,886.97705078125,1306.13232421875,603.8751831054688,1270.7113037109375,892.9835205078125,1419.0750732421875,589.8829345703125,1394.3544921875,903.4776611328125,1491.95263671875,602.0802612304688,1470.5296630859375,896.0903930664062,1543.6683349609375,635.0401611328125,1528.153564453125,849.084716796875
896.2845458984375,669.5475463867188,872.6618041992188,926.6810302734375,909.9453125,666.1593627929688,889.4601440429688,921.1486206054688,900.3038330078125,665.1807861328125,880.537109375,906.54296875,870.6112670898438,660.688232421875,849.3717651367188,883.156005859375,837.9266967773438,641.8279418945312,817.923828125,885.7373046875,817.85400390625,617.1248779296875,799.0165405273438,860.0702514648438,831.454833984375,614.3641967773438,810.1241455078125,861.8859252929688,967.8955688476562,631.3369750976562,943.8743286132812,926.4454956054688,989.7910766601562,644.2537841796875,969.4005737304688,923.133544921875,1011.683349609375,654.158935546875,992.1903686523438,918.3697509765625,1021.4153442382812,641.20849609375,995.1070556640625,876.679931640625,1048.243408203125,613.3922119140625,1019.3966674804688,880.0987548828125,1046.76611328125,587.810302734375,1022.7576293945312,862.3004150390625,1070.3370361328125,593.7137451171875,1045.6331787109375,865.1067504882812,687.7117309570312,627.4037475585938,668.3201904296875,862.749755859375,881.8988647460938,600.1727294921875,861.4942016601562,863.2943115234375,936.4490356445312,590.662353515625,911.8387451171875,860.2379760742188,993.7686157226562,582.4608154296875,968.2861328125,860.335205078125,1147.47802734375,606.0882568359375,1120.281982421875,877.3142700195312,1224.3690185546875,607.3050537109375,1205.671875,887.463134765625,1304.7161865234375,603.8438110351562,1303.2841796875,894.6096801757812,1386.76611328125,594.1973876953125,1394.0626220703125,903.590576171875,1490.711181640625,601.6597900390625,1470.1239013671875,896.1635131835938,1542.29638671875,635.0729370117188,1527.2763671875,849.0343017578125
896.3203125,669.9461059570312,872.6534423828125,926.8226928710938,910.1465454101562,665.9169921875,888.9100341796875,920.4979248046875,898.4830322265625,664.6732788085938,878.787109375,905.1904296875,867.9866333007812,659.7814331054688,848.7040405273438,881.894775390625,836.1410522460938,641.4476318359375,815.7885131835938,885.2556762695312,816.6483154296875,617.1790161132812,797.89990234375,859.4266967773438,830.471435546875,614.3975219726562,809.9027099609375,861.2186279296875,967.9361572265625,631.3558349609375,944.0545654296875,926.5654907226562,989.7315063476562,644.2542724609375,969.4962768554688,923.304443359375,1011.7020874023438,654.0435791015625,992.004638671875,918.5841064453125,1020.739990234375,640.5526123046875,995.14697265625,876.749267578125,1047.2269287109375,613.0870971679688,1020.0350952148438,880.2281494140625,1045.8175048828125,587.5924072265625,1022.37109375,862.6061401367188,1069.4425048828125,593.5625,1045.6270751953125,865.1499633789062,686.9674682617188,626.45068359375,667.2664184570312,862.3427734375,880.9711303710938,599.9903564453125,859.0955810546875,863.289306640625,935.1751708984375,589.7572631835938,910.7005004882812,860.3670043945312,992.66943359375,582.2789306640625,967.6775512695312,860.3096313476562,1145.940673828125,605.5159301757812,1117.06103515625,876.6638793945312,1225.2247314453125,606.9820556640625,1213.1728515625,888.0025024414062,1306.89306640625,603.4937133789062,1304.1224365234375,894.7001342773438,1388.0059814453125,593.453125,1392.1431884765625,903.1613159179688,1490.4183349609375,601.7866821289062,1468.58203125,896.3167724609375,1541.01416015625,635.14990234375,1526.545166015625,849.2373657226562
896.187255859375,669.3102416992188,874.4476318359375,927.1150512695312,910.2293090820312,665.0112915039062,887.883544921875,921.4951782226562,897.4874877929688,664.0065307617188,877.7725830078125,905.9096069335938,867.2855224609375,659.2720336914062,847.2144775390625,881.9464721679688,834.7905883789062,641.0398559570312,816.0215454101562,885.1341552734375,815.5403442382812,616.7526245117188,797.78466796875,859.3499145507812,828.500244140625,614.7214965820312,809.029296875,861.4843139648438,968.0698852539062,631.2591552734375,943.8373413085938,926.435546875,989.7318115234375,644.2862548828125,969.2847900390625,923.3038940429688,1011.5955200195312,654.1529541015625,992.0275268554688,918.9993896484375,1019.6019897460938,640.9915161132812,996.6245727539062,876.866455078125,1045.8809814453125,612.9508056640625,1021.5968017578125,880.547119140625,1044.701904296875,587.7139282226562,1023.2947387695312,863.2798461914062,1068.2059326171875,593.6913452148438,1046.3450927734375,865.6305541992188,685.19189453125,625.8199462890625,665.7792358398438,862.1329345703125,879.8223876953125,599.9702758789062,860.339111328125,863.0843505859375,934.1714477539062,589.9293823242188,911.9904174804688,860.4702758789062,990.7384033203125,583.681640625,969.7044067382812,860.8204345703125,1144.0733642578125,604.8495483398438,1115.3211669921875,876.2620849609375,1224.8111572265625,606.8642578125,1212.5169677734375,888.0592041015625,1308.3890380859375,603.1998901367188,1305.2510986328125,894.7478637695312,1402.302001953125,591.309814453125,1392.3282470703125,903.2144775390625,1485.5203857421875,601.1963500976562,1468.037109375,896.4984741210938,1540.040771484375,635.0224609375,1525.7366943359375,849.47314453125
895.7211303710938,667.7100830078125,873.3335571289062,926.89697265625,909.9174194335938,663.172607421875,887.5867919921875,920.3594970703125,897.023193359375,663.0753784179688,875.9057006835938,905.3887939453125,866.3097534179688,658.9323120117188,847.3132934570312,880.6836547851562,833.3603515625,640.2108764648438,813.822265625,884.5343627929688,814.3480224609375,616.3021240234375,795.9022216796875,859.119873046875,827.0282592773438,614.3766479492188,809.1151123046875,860.9840698242188,968.1174926757812,631.3012084960938,943.7095947265625,926.2536010742188,989.8147583007812,644.2811889648438,969.09619140625,923.165283203125,1011.6161499023438,654.445556640625,991.8330078125,919.0897216796875,1018.5202026367188,641.3899536132812,994.9639892578125,877.5845336914062,1044.3668212890625,612.7191772460938,1021.4223022460938,880.1514892578125,1043.359375,587.761962890625,1022.8760375976562,863.3099975585938,1066.7520751953125,593.4154663085938,1046.37744140625,865.9038696289062,683.7750244140625,624.6620483398438,664.2510986328125,861.7523803710938,878.7572631835938,599.580810546875,857.8403930664062,863.216552734375,933.1575927734375,590.1744384765625,911.5429077148438,860.9791870117188,989.8070678710938,583.7803344726562,968.4559936523438,860.4840087890625,1144.78125,604.8645629882812,1114.7308349609375,876.5757446289062,1225.89306640625,606.6043090820312,1220.0185546875,888.4360961914062,1308.4912109375,603.0054321289062,1306.5313720703125,894.7534790039062,1402.9862060546875,590.8313598632812,1390.0728759765625,903.2117919921875,1485.3701171875,601.4022827148438,1466.166748046875,896.7512817382812,1539.153076171875,634.828857421875,1524.6484375,849.9435424804688
894.7620239257812,666.1043701171875,874.2813110351562,927.2500610351562,908.3092651367188,663.468994140625,886.8235473632812,919.1907348632812,896.5001831054688,661.73681640625,873.6228637695312,905.1383666992188,864.5606079101562,658.0506591796875,845.6688232421875,879.8896484375,831.4444580078125,639.910400390625,812.0968627929688,883.780029296875,812.8023681640625,616.2245483398438,793.9246826171875,859.02490234375,825.3729248046875,614.26611328125,808.0335083007812,861.2034301757812,967.9715576171875,631.19775390625,943.9185791015625,926.2283935546875,989.8671875,644.306640625,968.9072265625,923.18017578125,1011.7507934570312,654.5739135742188,991.523681640625,919.3003540039062,1018.1236572265625,641.3588256835938,994.1824340820312,877.6228637695312,1043.267333984375,612.3563232421875,1021.0186157226562,880.3370971679688,1042.016357421875,587.6087646484375,1021.6788940429688,863.47900390625,1065.48974609375,593.2428588867188,1045.1292724609375,866.0842895507812,682.6930541992188,624.0578002929688,662.6773071289062,861.4711303710938,878.0777587890625,600.0023803710938,857.3532104492188,863.1666870117188,932.1689453125,590.3414306640625,910.9500732421875,861.1069946289062,988.813720703125,583.8316040039062,968.0752563476562,860.6326293945312,1142.4427490234375,605.195068359375,1110.9862060546875,876.7985229492188,1220.1451416015625,606.54052734375,1213.818359375,888.039794921875,1306.742919921875,603.1437377929688,1303.642333984375,894.7130126953125,1411.093505859375,589.838134765625,1388.665771484375,903.2288208007812,1483.787841796875,601.2923583984375,1465.5289306640625,896.7760620117188,1538.2523193359375,634.6456298828125,1523.559814453125,850.7339477539062
894.3201904296875,665.956787109375,873.731689453125,927.1805419921875,907.324951171875,662.7831420898438,886.0670776367188,918.7039184570312,894.252685546875,661.4904174804688,872.8605346679688,905.8372192382812,861.5499267578125,656.50732421875,844.9069213867188,880.7108764648438,830.0191650390625,639.8927001953125,811.9503173828125,884.0067749023438,811.3246459960938,615.8131103515625,793.4096069335938,859.052734375,824.5916748046875,613.0536499023438,807.2265014648438,861.21240234375,968.0225830078125,631.2177124023438,943.8744506835938,926.0458984375,989.9719848632812,644.1743774414062,968.9890747070312,923.1494750976562,1012.021240234375,654.8200073242188,991.5997924804688,919.02001953125,1017.13232421875,641.8321533203125,993.2767333984375,877.3618774414062,1041.594970703125,612.1650390625,1019.658447265625,880.6392822265625,1040.1148681640625,587.7437133789062,1020.6207275390625,863.6124877929688,1063.9488525390625,592.9746704101562,1043.7618408203125,866.1279907226562,681.3491821289062,623.5038452148438,660.8265991210938,861.523193359375,876.6090087890625,600.1063842773438,856.5221557617188,863.1649169921875,931.0331420898438,590.5870971679688,909.3671264648438,861.528076171875,987.5015258789062,583.9325561523438,967.216064453125,860.8397216796875,1139.8095703125,604.9495849609375,1110.142333984375,876.939697265625,1213.2657470703125,605.46630859375,1212.8253173828125,888.332763671875,1322.417236328125,601.6495971679688,1261.51220703125,892.8531494140625,1412.8138427734375,589.4895629882812,1387.4620361328125,903.23974609375,1483.5430908203125,601.5769653320312,1463.6568603515625,896.87109375,1537.279052734375,634.122802734375,1522.569580078125,851.2540893554688
893.9708862304688,665.2413330078125,873.7138061523438,926.5028076171875,904.6347045898438,661.4835815429688,884.9148559570312,917.8552856445312,892.6453857421875,661.2661743164062,870.8955688476562,906.2918701171875,860.1857299804688,656.3538208007812,842.426513671875,880.1218872070312,828.810791015625,639.8030395507812,810.1547241210938,883.8257446289062,809.6229858398438,615.7735595703125,793.2203979492188,859.4230346679688,823.3148193359375,613.0184936523438,806.09619140625,861.3261108398438,968.004638671875,631.4493408203125,944.1661376953125,926.2506713867188,990.074951171875,644.1052856445312,969.1181030273438,923.304443359375,1012.3358154296875,654.8704223632812,991.497802734375,919.0773315429688,1015.9962158203125,641.7552490234375,992.747802734375,877.0093994140625,1040.4549560546875,611.9012451171875,1019.8955688476562,880.7850341796875,1039.498046875,587.4912109375,1020.9478149414062,863.9483642578125,1061.6500244140625,592.2029418945312,1043.5767822265625,866.3184204101562,679.9498291015625,623.0300903320312,659.2979736328125,861.7051391601562,875.445068359375,600.0693359375,855.6817626953125,863.6307983398438,929.4174194335938,590.6061401367188,908.3617553710938,861.7410888671875,986.2914428710938,583.9315795898438,965.8772583007812,860.965087890625,1137.5142822265625,604.460205078125,1115.424072265625,877.783447265625,1212.822509765625,605.3790893554688,1217.16650390625,889.0100708007812,1296.619384765625,603.8438720703125,1302.357666015625,893.637939453125,1411.8037109375,589.6066284179688,1386.46240234375,903.08349609375,1481.29833984375,601.3119506835938,1462.0372314453125,896.9866333007812,1536.0556640625,633.6436767578125,1521.4395751953125,851.568359375
893.5921630859375,665.1725463867188,873.7705688476562,926.7947998046875,903.7975463867188,662.0665893554688,883.6187744140625,916.2348022460938,890.7595825195312,662.1608276367188,869.189697265625,905.6973876953125,858.5271606445312,656.5652465820312,840.481201171875,879.9267578125,827.18017578125,639.5507202148438,809.6112060546875,883.961181640625,808.0673828125,614.2694702148438,792.1500244140625,859.879638671875,821.8727416992188,612.4033813476562,805.1920776367188,861.6539916992188,967.86376953125,631.4634399414062,944.2281494140625,926.448974609375,990.1412963867188,644.0850219726562,969.3018798828125,923.4352416992188,1012.4735717773438,655.0030517578125,991.4727783203125,919.447509765625,1016.4571533203125,643.02880859375,992.7577514648438,877.55126953125,1039.4896240234375,611.9905395507812,1019.5060424804688,880.9747314453125,1038.3760986328125,587.333251953125,1020.6702880859375,864.2335815429688,1060.8175048828125,592.19189453125,1042.7869873046875,866.4607543945312,677.52392578125,621.7426147460938,658.0612182617188,861.5825805664062,874.4576416015625,600.9500122070312,855.6813354492188,863.6138305664062,927.9108276367188,591.0346069335938,909.2984619140625,861.9150390625,985.066162109375,584.0464477539062,966.465087890625,861.0077514648438,1135.1590576171875,604.3339233398438,1107.862548828125,877.13037109375,1211.0068359375,605.4476928710938,1210.9188232421875,889.6043701171875,1296.551513671875,603.717041015625,1260.641845703125,893.4348754882812,1412.0447998046875,589.4113159179688,1385.3726806640625,903.020751953125,1477.8812255859375,599.36474609375,1460.64599609375,896.7909545898438,1534.944580078125,633.1693725585938,1520.048583984375,851.6931762695312
895.0826416015625,664.7476806640625,874.13623046875,927.0855712890625,900.8648071289062,662.7460327148438,881.9041137695312,914.86279296875,885.669677734375,663.3165283203125,867.132568359375,904.763427734375,856.9271240234375,657.22265625,839.35009765625,879.4608154296875,824.74169921875,638.6683349609375,808.7072143554688,883.8612060546875,806.6453247070312,613.7009887695312,791.9790649414062,860.0690307617188,820.2269897460938,612.0442504882812,805.3263549804688,861.7699584960938,967.961181640625,631.19482421875,942.7022705078125,926.2823486328125,990.049072265625,644.1149291992188,968.9771118164062,923.470703125,1012.2963256835938,654.9801635742188,991.2600708007812,919.4876098632812,1015.4955444335938,643.844970703125,994.000244140625,878.5079345703125,1037.9952392578125,611.9849243164062,1018.575927734375,881.2778930664062,1036.6219482421875,587.2086181640625,1018.284423828125,864.3226318359375,1059.44775390625,591.725341796875,1041.301025390625,866.5195922851562,675.4022216796875,620.5794067382812,656.4038696289062,861.5552978515625,872.3834838867188,601.4314575195312,855.4822998046875,863.6798706054688,925.8352661132812,591.8760986328125,907.0325927734375,862.0480346679688,983.009033203125,583.8687744140625,964.8110961914062,861.1641235351562,1134.20703125,604.0394287109375,1106.879638671875,876.9765625,1211.047119140625,604.903076171875,1181.830810546875,886.683349609375,1297.672119140625,603.485107421875,1256.3890380859375,892.9190673828125,1411.1357421875,589.7164916992188,1383.2257080078125,903.3727416992188,1477.7337646484375,599.4465942382812,1459.200927734375,896.8609008789062,1533.9625244140625,632.9414672851562,1518.1712646484375,851.28173828125
895.5693359375,663.2138061523438,874.0740966796875,927.8997192382812,897.6617431640625,663.1451416015625,879.5322875976562,914.3380126953125,881.5804443359375,664.5787963867188,863.887451171875,904.2180786132812,853.6260375976562,656.5774536132812,836.2217407226562,879.1213989257812,822.0972900390625,639.0690307617188,806.6177368164062,884.0100708007812,804.8587646484375,613.9008178710938,790.44287109375,860.3768920898438,818.1817626953125,612.3648071289062,803.8474731445312,862.1936645507812,968.0253295898438,631.410400390625,942.8701782226562,926.44287109375,990.126220703125,644.074462890625,969.0689086914062,923.6082763671875,1012.7359008789062,654.8408203125,991.0586547851562,919.4264526367188,1015.1175537109375,643.789794921875,993.6077270507812,879.301025390625,1037.0057373046875,611.4557495117188,1017.741943359375,881.4151611328125,1034.9234619140625,587.1043090820312,1016.529296875,864.093505859375,1058.517578125,591.4896850585938,1040.097412109375,866.6286010742188,674.2088012695312,619.437255859375,655.7656860351562,861.7335815429688,869.9166870117188,600.6962280273438,855.0089111328125,863.9258422851562,923.3304443359375,592.1171264648438,905.6283569335938,862.0960083007812,981.76416015625,584.4898681640625,962.166259765625,861.2266235351562,1133.1517333984375,604.0651245117188,1105.6861572265625,876.9567260742188,1210.302490234375,604.7054443359375,1182.8829345703125,886.84619140625,1296.3763427734375,603.065185546875,1260.7425537109375,893.4713745117188,1382.1009521484375,594.048583984375,1381.39111328125,903.2317504882812,1481.585693359375,602.3777465820312,1458.3990478515625,896.7791137695312,1532.8125,633.330078125,1516.8038330078125,851.1229248046875
894.3541870117188,662.8177490234375,872.9038696289062,927.9136962890625,895.6847534179688,663.1827392578125,877.0038452148438,914.7200927734375,880.3314208984375,664.5499877929688,860.1541137695312,904.6026000976562,852.0692749023438,657.2431030273438,833.5923461914062,878.3304443359375,820.2888793945312,638.839599609375,804.8099975585938,883.5449829101562,803.6096801757812,613.5286254882812,789.234375,860.53564453125,816.8098754882812,612.11669921875,802.6822509765625,862.5678100585938,967.8978271484375,631.48046875,942.5347900390625,926.2920532226562,990.2564086914062,644.0487670898438,969.0059814453125,923.8513793945312,1013.3015747070312,654.3978271484375,990.9227294921875,919.3792724609375,1014.7009887695312,643.5350952148438,993.7599487304688,879.5533447265625,1035.976806640625,611.138427734375,1017.8223266601562,881.393798828125,1033.6488037109375,586.899169921875,1018.2512817382812,864.6533813476562,1056.8973388671875,590.9270629882812,1040.8072509765625,867.2237548828125,672.8922729492188,617.8580932617188,654.130615234375,862.0690307617188,868.9529418945312,600.6765747070312,855.1435546875,864.0978393554688,922.463134765625,592.6737670898438,907.7431640625,862.18896484375,980.6132202148438,585.0136108398438,963.7655639648438,861.9150390625,1131.7255859375,604.0696411132812,1105.4132080078125,877.2469482421875,1208.4708251953125,604.4452514648438,1182.1585693359375,886.9193115234375,1292.8795166015625,602.5576171875,1288.0096435546875,894.4169921875,1379.3189697265625,593.9075317382812,1381.499267578125,903.4773559570312,1482.341552734375,602.8914794921875,1457.894775390625,896.6961059570312,1531.2318115234375,633.6658325195312,1515.8704833984375,850.9326171875
893.337158203125,662.1151123046875,871.0447998046875,926.9927978515625,894.6394653320312,663.5407104492188,874.5097045898438,914.1923217773438,878.1423950195312,664.6253051757812,856.9122924804688,904.6454467773438,849.441650390625,657.1596069335938,830.7301635742188,878.8042602539062,818.5189819335938,638.3545532226562,803.6149291992188,883.4517211914062,802.0193481445312,613.1072387695312,789.1820068359375,860.8438720703125,815.4305419921875,612.02880859375,802.5159912109375,862.84033203125,968.414794921875,631.451416015625,942.4011840820312,926.334716796875,990.2422485351562,643.904052734375,969.1929321289062,923.96728515625,1013.4877319335938,654.3616943359375,991.3013305664062,919.0850219726562,1013.9073486328125,643.9189453125,991.9566650390625,879.3228149414062,1034.8590087890625,611.1959228515625,1015.3595581054688,881.2179565429688,1032.306640625,586.4712524414062,1014.56298828125,864.3651733398438,1055.68896484375,590.966064453125,1038.11865234375,867.4219360351562,671.3928833007812,616.7841186523438,652.333740234375,863.0380859375,867.4509887695312,600.7452392578125,854.6182861328125,864.3047485351562,921.1712646484375,593.3440551757812,906.5379028320312,862.6177978515625,979.2758178710938,585.8679809570312,961.8740234375,862.4088134765625,1132.9715576171875,604.01025390625,1108.279296875,877.8137817382812,1207.6895751953125,604.58154296875,1209.9832763671875,889.6673583984375,1291.158447265625,602.4407958984375,1254.4346923828125,893.3485717773438,1371.8626708984375,594.3900146484375,1381.775634765625,903.7837524414062,1481.48974609375,602.9691772460938,1458.2548828125,896.4876708984375,1530.081298828125,633.5217895507812,1514.627685546875,850.8222045898438
888.0611572265625,662.53662109375,871.9815063476562,927.98388671875,891.7612915039062,664.52685546875,870.9742431640625,912.41748046875,875.8278198242188,666.003173828125,852.81689453125,903.7099609375,845.817626953125,656.1448974609375,829.0655517578125,877.1981201171875,816.4857177734375,637.865966796875,801.7271118164062,883.0723266601562,800.5640258789062,612.8319091796875,788.7249145507812,861.0071411132812,814.0927124023438,611.8758544921875,801.9833374023438,862.8956909179688,968.544921875,631.5671997070312,942.475830078125,926.4750366210938,990.2639770507812,644.03125,969.1748046875,924.1905517578125,1013.8238525390625,654.2821044921875,991.3385620117188,919.1991577148438,1013.1407470703125,644.3053588867188,990.2479248046875,878.1534423828125,1034.1170654296875,611.09765625,1013.5214233398438,881.5540771484375,1031.4744873046875,587.53369140625,1012.3314819335938,864.40234375,1054.27587890625,590.8758544921875,1037.6920166015625,866.9183349609375,670.011474609375,615.7006225585938,650.945068359375,863.7118530273438,866.1461181640625,602.4602661132812,854.570556640625,864.6585083007812,920.108642578125,594.072509765625,904.9158325195312,862.9274291992188,978.1383666992188,586.3508911132812,958.6967163085938,863.4224853515625,1130.984130859375,603.6986694335938,1106.19970703125,877.7984619140625,1207.1170654296875,604.7158203125,1209.4969482421875,889.6317749023438,1291.7308349609375,602.4063110351562,1288.8697509765625,894.7006225585938,1371.4788818359375,594.3988647460938,1379.041748046875,903.7646484375,1477.260009765625,601.3925170898438,1455.9564208984375,897.1354370117188,1529.245361328125,633.7432250976562,1513.63134765625,851.481689453125
886.3214111328125,662.135986328125,872.1310424804688,927.665771484375,886.510498046875,663.94091796875,867.671630859375,911.633544921875,870.9948120117188,665.4700317382812,849.1937866210938,901.9586181640625,843.1932983398438,655.6102905273438,825.6121826171875,875.573486328125,815.1798095703125,637.1990356445312,797.0924072265625,883.0250244140625,799.5692749023438,612.3950805664062,784.6914672851562,860.9449462890625,812.2278442382812,611.455078125,798.138671875,863.2693481445312,968.3323364257812,631.7466430664062,942.4215087890625,926.4182739257812,990.1998291015625,644.072021484375,969.3307495117188,924.1986083984375,1013.9778442382812,654.282958984375,991.5715942382812,919.1416015625,1012.4530639648438,644.7802734375,990.509765625,878.333984375,1033.1546630859375,611.5450439453125,1012.7642211914062,881.630615234375,1030.1578369140625,587.8115234375,1010.9251708984375,864.4885864257812,1052.82275390625,590.8382568359375,1036.3258056640625,866.9729614257812,668.5209350585938,614.8294677734375,649.2567749023438,863.5924072265625,865.0344848632812,602.606201171875,850.9172973632812,864.5714721679688,919.61865234375,594.4766845703125,903.1686401367188,863.3787231445312,976.5521240234375,586.3275756835938,955.5470581054688,863.1200561523438,1127.486083984375,603.7052612304688,1105.1370849609375,877.845458984375,1208.0654296875,604.44921875,1204.4671630859375,888.9196166992188,1292.0093994140625,602.3138427734375,1287.383544921875,894.4551391601562,1370.5670166015625,594.7357788085938,1376.49072265625,903.4326782226562,1480.4541015625,603.6156005859375,1453.97802734375,897.5277709960938,1528.469970703125,633.875732421875,1512.8148193359375,851.8532104492188
887.0702514648438,662.4989013671875,871.8674926757812,925.048095703125,883.2841796875,664.4686279296875,861.6969604492188,910.36279296875,867.2760009765625,666.1377563476562,843.611572265625,901.8104248046875,841.683349609375,654.1691284179688,822.0025024414062,874.3340454101562,813.256103515625,637.19384765625,794.5963134765625,882.916259765625,798.3809814453125,612.5010986328125,782.251708984375,861.0827026367188,810.2022094726562,610.9723510742188,795.3387451171875,863.5733642578125,968.5197143554688,631.7572021484375,942.287841796875,926.3466796875,990.3272705078125,643.880615234375,969.4945678710938,924.0311279296875,1014.2039184570312,654.2501831054688,991.68603515625,919.0429077148438,1011.5565795898438,645.2289428710938,990.2136840820312,878.4142456054688,1031.896240234375,611.9171142578125,1012.244384765625,881.6575927734375,1028.581298828125,588.177001953125,1010.5285034179688,864.7236938476562,1051.8182373046875,591.2014770507812,1033.617919921875,867.4481811523438,666.7998046875,613.3178100585938,647.2222900390625,864.5078125,863.7513427734375,602.379150390625,848.3522338867188,865.0135498046875,917.9111328125,593.8001708984375,900.3936157226562,863.23046875,973.7940063476562,588.4591064453125,952.78125,862.81201171875,1125.9476318359375,603.3944702148438,1102.9951171875,876.7449951171875,1209.1336669921875,604.40478515625,1204.18115234375,889.0213012695312,1294.4288330078125,601.9041137695312,1289.6468505859375,894.8662719726562,1370.25390625,594.59033203125,1376.9508056640625,903.7627563476562,1479.958984375,603.8163452148438,1453.82421875,897.4556274414062,1527.0081787109375,633.9786376953125,1511.8267822265625,851.62744140625
885.6804809570312,662.4318237304688,869.7650146484375,925.0333862304688,879.2737426757812,664.752197265625,855.4266357421875,911.0010986328125,863.8839721679688,667.0477294921875,839.6671752929688,903.3577270507812,840.0625,653.965576171875,820.15185546875,874.384765625,811.7696533203125,637.1734619140625,792.8467407226562,882.98828125,796.966552734375,612.2933959960938,780.9447631835938,861.0335693359375,809.0830688476562,610.731201171875,793.2130737304688,863.5245971679688,968.728271484375,631.7356567382812,942.3784790039062,926.4125366210938,990.5322875976562,643.7372436523438,969.6310424804688,924.1045532226562,1014.6625366210938,654.1632080078125,991.6232299804688,919.3095703125,1010.78466796875,645.093017578125,990.754638671875,879.32470703125,1030.7437744140625,612.206298828125,1012.805419921875,881.9287109375,1027.081787109375,588.31787109375,1011.0337524414062,865.0331420898438,1050.6962890625,591.5089721679688,1033.2666015625,867.7068481445312,665.0288696289062,612.551513671875,645.528076171875,864.7993774414062,862.9487915039062,601.869140625,847.7303466796875,865.3433227539062,916.70556640625,593.5712890625,900.8159790039062,862.6755981445312,972.3502197265625,588.9861450195312,953.0270385742188,862.94580078125,1125.2568359375,603.014892578125,1101.9237060546875,876.9179077148438,1210.0357666015625,604.3762817382812,1203.2125244140625,888.8356323242188,1297.26904296875,601.6270751953125,1289.627197265625,894.3834838867188,1372.9031982421875,593.932861328125,1374.4344482421875,903.7015380859375,1467.21630859375,600.2374877929688,1451.9044189453125,897.81103515625,1525.6497802734375,633.9780883789062,1511.0263671875,852.2163696289062
882.3274536132812,663.1661376953125,864.1774291992188,925.708984375,876.3922119140625,666.7725830078125,851.1173095703125,910.5760498046875,860.59814453125,668.6294555664062,835.7506713867188,903.8350830078125,836.594970703125,654.293701171875,817.1943969726562,875.0865478515625,809.7861328125,636.9832153320312,790.3613891601562,883.5452270507812,795.8097534179688,612.1494750976562,779.0526733398438,861.3151245117188,808.5424194335938,610.8749389648438,792.7254638671875,863.3936767578125,968.859619140625,631.4747314453125,942.170166015625,926.292724609375,990.5647583007812,643.407470703125,969.75439453125,923.9595947265625,1014.4678344726562,654.215087890625,991.46337890625,919.4381713867188,1009.7876586914062,646.3921508789062,992.0155029296875,881.0101928710938,1028.994140625,612.5245361328125,1013.0518798828125,882.1109008789062,1025.2550048828125,588.6801147460938,1011.209228515625,865.0753173828125,1049.21337890625,591.5646362304688,1033.4361572265625,868.0398559570312,663.3357543945312,612.0005493164062,643.88818359375,865.1710815429688,861.2852172851562,602.1243896484375,844.9986572265625,865.4078369140625,914.9226684570312,594.0541381835938,900.754638671875,862.9483032226562,970.601318359375,589.7664794921875,952.8795166015625,863.3160400390625,1124.9111328125,602.9807739257812,1100.9110107421875,876.7742919921875,1209.8782958984375,604.381103515625,1204.3975830078125,888.870361328125,1322.9903564453125,599.3069458007812,1244.994873046875,892.7021484375,1372.462890625,594.0777587890625,1375.9290771484375,903.5224609375,1466.5584716796875,600.4588012695312,1451.5670166015625,897.8521728515625,1524.5113525390625,633.90625,1509.828857421875,853.0996704101562
878.6611328125,668.4400024414062,862.605224609375,922.482177734375,869.722900390625,670.1392211914062,847.0497436523438,910.6143798828125,855.248046875,671.1082763671875,831.119384765625,900.8221435546875,833.1823120117188,654.0712280273438,815.2222290039062,873.662353515625,807.9678344726562,636.9096069335938,788.39111328125,882.91943359375,794.5162963867188,612.1709594726562,778.1627807617188,861.5213623046875,807.0003051757812,611.0186157226562,791.1414184570312,863.35498046875,968.7537231445312,631.8301391601562,942.43408203125,926.2054443359375,990.55859375,643.5758666992188,970.0335693359375,923.9431762695312,1014.4520874023438,654.2059936523438,991.5919799804688,919.458740234375,1008.692138671875,647.3495483398438,989.6401977539062,879.5593872070312,1027.271240234375,612.499755859375,1009.9727783203125,882.2063598632812,1023.7112426757812,589.7039794921875,1007.542236328125,865.4542236328125,1046.90478515625,591.1233520507812,1029.5831298828125,867.90478515625,661.4630126953125,611.4619140625,642.370361328125,865.6222534179688,859.1881103515625,602.7406005859375,843.4444580078125,865.6179809570312,913.3240356445312,594.3147583007812,899.0493774414062,863.0654296875,969.63525390625,590.3106079101562,952.8970947265625,863.2709350585938,1121.9549560546875,602.8983154296875,1110.894287109375,878.0718383789062,1195.508544921875,604.2816772460938,1204.710693359375,889.0899047851562,1280.452880859375,602.922119140625,1233.4698486328125,891.2706298828125,1397.47607421875,590.898193359375,1374.1337890625,904.0390625,1466.58544921875,600.7205810546875,1451.5574951171875,897.788330078125,1523.0404052734375,633.6610107421875,1508.612060546875,853.7205810546875
875.7713012695312,672.5638427734375,859.19921875,919.2711181640625,864.605712890625,675.044921875,842.3511962890625,910.1487426757812,850.1436767578125,675.3307495117188,826.0103759765625,900.2815551757812,829.2080688476562,653.3091430664062,811.765625,871.5264282226562,805.757080078125,636.3438720703125,785.4762573242188,882.70166015625,792.6358642578125,611.5177001953125,774.7944946289062,861.5068969726562,805.197265625,610.6004638671875,788.0833740234375,863.4734497070312,968.5533447265625,632.057861328125,942.2116088867188,926.178466796875,990.579345703125,643.4635620117188,969.8797607421875,923.8365478515625,1014.4840087890625,654.3523559570312,991.2103271484375,919.509033203125,1008.1905517578125,647.6820678710938,989.5299682617188,879.1998901367188,1026.13427734375,612.758544921875,1009.6541748046875,882.478515625,1022.6613159179688,590.0518798828125,1005.9624633789062,865.30029296875,1045.9395751953125,591.2164306640625,1028.1849365234375,867.8754272460938,659.4395751953125,611.26416015625,640.7525634765625,866.2307739257812,858.0261840820312,602.9727172851562,840.9942016601562,865.6027221679688,912.4107666015625,594.9508056640625,896.8114624023438,863.2172241210938,968.5595703125,590.5982666015625,951.330322265625,863.4669189453125,1121.2381591796875,603.150390625,1089.0814208984375,875.8615112304688,1196.5277099609375,604.2752685546875,1204.131103515625,889.15576171875,1280.8905029296875,603.2246704101562,1286.8594970703125,894.1214599609375,1397.4398193359375,590.8798217773438,1372.0196533203125,903.6258544921875,1465.3721923828125,600.7363891601562,1449.2724609375,898.1278686523438,1521.75732421875,632.889404296875,1507.55517578125,853.9713745117188
870.3380126953125,678.8286743164062,851.8305053710938,913.9530029296875,858.9534301757812,680.52294921875,834.9542846679688,907.3114624023438,845.8492431640625,679.717529296875,820.5773315429688,897.6248779296875,827.3985595703125,655.6069946289062,808.4191284179688,870.2671508789062,803.3453979492188,636.1653442382812,781.3021240234375,881.9404907226562,789.9649047851562,609.5736083984375,771.5494384765625,861.2444458007812,802.947021484375,609.9176635742188,784.64013671875,863.246337890625,968.3935546875,632.2808227539062,942.4407348632812,926.1394653320312,990.685302734375,643.5379638671875,970.0308837890625,923.8870239257812,1014.6102294921875,654.1944580078125,991.357666015625,918.9252319335938,1007.7855224609375,648.5613403320312,987.9801635742188,879.319091796875,1024.5643310546875,612.598876953125,1008.769287109375,882.1370849609375,1020.821533203125,590.2496337890625,1004.8787841796875,865.5725708007812,1044.490478515625,591.4515991210938,1027.201416015625,867.8172607421875,657.8533325195312,611.0458984375,639.867431640625,866.788330078125,856.2916259765625,602.5253295898438,838.5632934570312,865.8446044921875,910.2656860351562,596.1260375976562,896.0032958984375,864.2417602539062,967.5531616210938,590.3799438476562,951.126708984375,863.4243774414062,1117.818359375,602.2908325195312,1093.6845703125,877.073974609375,1196.8992919921875,604.3975219726562,1203.8524169921875,889.1922607421875,1299.5989990234375,601.25439453125,1229.671142578125,891.5236206054688,1392.9229736328125,591.1294555664062,1370.757568359375,903.5113525390625,1460.751220703125,598.7520751953125,1447.5389404296875,898.5059204101562,1520.8665771484375,631.775390625,1506.181884765625,854.6038818359375
865.1351928710938,682.7974243164062,843.9664916992188,911.6787109375,853.509521484375,683.719482421875,828.2318725585938,903.3414306640625,839.4595336914062,680.8123168945312,814.9847412109375,894.7382202148438,824.6797485351562,654.5109252929688,804.2611083984375,870.9298706054688,800.6104125976562,636.0834350585938,778.648681640625,882.273193359375,787.996337890625,609.3566284179688,769.4679565429688,861.2928466796875,801.1612548828125,609.8756713867188,782.2215576171875,863.5313720703125,968.4445190429688,631.8829956054688,942.2752075195312,926.1952514648438,990.55078125,643.6478271484375,970.0730590820312,923.8583374023438,1014.0391235351562,654.2670288085938,991.8279418945312,918.4562377929688,1006.4996337890625,650.8818969726562,986.6248168945312,879.3348388671875,1021.9028930664062,613.7202758789062,1005.4977416992188,883.14111328125,1016.801513671875,590.9053344726562,1002.4114990234375,865.5999755859375,1042.2249755859375,591.643798828125,1024.7337646484375,867.814208984375,655.9669189453125,610.0546875,637.5007934570312,867.17333984375,854.5850830078125,603.0127563476562,837.1837158203125,866.0274047851562,907.725341796875,597.2869262695312,896.0267944335938,864.4136962890625,965.1209716796875,590.7520751953125,950.6216430664062,863.5633544921875,1116.0113525390625,602.3131713867188,1087.5509033203125,875.5062255859375,1195.5670166015625,604.764404296875,1203.984619140625,889.3638305664062,1301.2298583984375,602.9664916992188,1224.0970458984375,890.6743774414062,1385.611328125,592.4476318359375,1369.6392822265625,903.1279296875,1460.0018310546875,598.8724975585938,1445.084716796875,898.7975463867188,1519.676025390625,630.6441650390625,1504.79541015625,855.3259887695312
861.8395385742188,687.13134765625,840.2849731445312,909.6217651367188,847.3356323242188,687.4379272460938,822.2036743164062,902.9921264648438,834.1761474609375,682.3134765625,809.8140869140625,894.9140625,820.357421875,654.97314453125,800.2316284179688,870.8662719726562,798.8272705078125,636.1144409179688,776.3316040039062,882.8539428710938,786.0393676757812,608.8948364257812,767.2633056640625,861.3795776367188,799.1220703125,609.3327026367188,779.4395751953125,863.552978515625,968.4175415039062,631.7591552734375,941.8870849609375,926.24755859375,990.4551391601562,643.3942260742188,969.43212890625,923.8165893554688,1013.9674072265625,654.2689208984375,991.7725830078125,918.5291137695312,1005.3237915039062,651.8375854492188,987.779052734375,879.4115600585938,1020.7607421875,614.1168823242188,1004.7130126953125,883.5619506835938,1015.3399047851562,591.3447265625,1001.5113525390625,865.539794921875,1040.208984375,592.665283203125,1024.4163818359375,868.0166625976562,654.454833984375,608.4663696289062,635.87255859375,867.5107421875,852.8840942382812,603.7747802734375,835.1450805664062,865.5739135742188,906.522705078125,598.2135620117188,893.8668212890625,864.4716796875,963.7545776367188,591.2009887695312,950.0782470703125,863.6968994140625,1116.371337890625,602.7576904296875,1115.73291015625,878.7689819335938,1195.2144775390625,604.87744140625,1202.0029296875,889.19287109375,1312.1212158203125,601.7373046875,1221.8935546875,890.4231567382812,1387.23876953125,592.4283447265625,1369.1693115234375,903.0711059570312,1459.939453125,598.9955444335938,1444.3502197265625,898.7459106445312,1518.417236328125,629.92041015625,1503.7935791015625,855.6060180664062
855.7120361328125,691.5145263671875,834.9647216796875,908.3770751953125,840.4324340820312,691.303466796875,816.095458984375,901.3001098632812,827.5486450195312,684.8302612304688,804.6705932617188,892.6233520507812,817.9558715820312,654.820556640625,798.234619140625,867.380126953125,796.7425537109375,635.4193115234375,774.6471557617188,883.3129272460938,783.9876708984375,608.8051147460938,767.80859375,861.9620361328125,796.6425170898438,609.0853881835938,777.2530517578125,863.0342407226562,968.235107421875,630.9517211914062,941.850341796875,926.1430053710938,990.381591796875,643.5674438476562,968.5364379882812,923.8904418945312,1013.5897216796875,654.4622802734375,992.1165161132812,918.3440551757812,1003.94775390625,653.5519409179688,986.3439331054688,879.1290893554688,1018.4327392578125,614.4313354492188,1002.4530029296875,884.0769653320312,1011.8745727539062,592.0232543945312,998.7149658203125,865.81396484375,1037.3992919921875,593.8587036132812,1022.2979736328125,867.4744873046875,652.0465698242188,607.572021484375,633.6072998046875,867.9017944335938,850.3828735351562,604.6605834960938,833.467041015625,865.5254516601562,904.2982177734375,599.4739379882812,891.2628784179688,864.3804321289062,961.0045166015625,591.7705688476562,946.5232543945312,863.6734008789062,1118.7818603515625,603.598388671875,1114.326171875,879.0579223632812,1198.674560546875,605.5074462890625,1197.9852294921875,889.8005981445312,1312.4117431640625,601.845947265625,1221.278564453125,890.4774780273438,1387.0469970703125,592.6304931640625,1365.853271484375,903.6873168945312,1459.3507080078125,599.2289428710938,1443.31396484375,898.9152221679688,1517.205810546875,629.7100219726562,1502.2752685546875,855.5346069335938
850.0311889648438,694.5370483398438,821.4055786132812,905.904296875,834.2257690429688,693.59521484375,806.6286010742188,894.5977172851562,821.1473388671875,685.2389526367188,797.9414672851562,890.2782592773438,813.9110107421875,653.8717651367188,794.039794921875,867.8328857421875,793.6250610351562,634.6132202148438,772.1815795898438,883.141845703125,781.9752197265625,608.3267822265625,765.9934692382812,861.8312377929688,794.3845825195312,608.331298828125,778.8426513671875,863.191162109375,968.1571655273438,630.553955078125,942.0431518554688,926.0609130859375,990.3530883789062,643.6732788085938,968.3980102539062,923.5774536132812,1013.2570190429688,654.5623779296875,991.8059692382812,918.4390869140625,1002.4625854492188,656.2164306640625,985.068115234375,878.7681274414062,1016.51513671875,615.0404052734375,1000.6183471679688,883.8096923828125,1009.7191772460938,592.6734008789062,996.5244750976562,865.7874145507812,1035.2689208984375,594.1080932617188,1019.4806518554688,867.586669921875,650.059326171875,607.1325073242188,630.916748046875,868.3900756835938,847.8585815429688,605.3460693359375,831.1140747070312,865.11376953125,902.2526245117188,599.9365844726562,887.9367065429688,864.481689453125,958.7271118164062,593.716064453125,942.6046142578125,864.6871948242188,1112.8399658203125,602.3336181640625,1112.4947509765625,879.404296875,1196.9593505859375,605.1575317382812,1196.055419921875,889.366943359375,1313.1162109375,602.245361328125,1275.592529296875,893.9044799804688,1392.1077880859375,591.6373901367188,1363.98388671875,903.8023071289062,1458.0950927734375,599.33203125,1440.647216796875,899.028076171875,1515.3836669921875,629.501708984375,1500.6719970703125,855.844970703125
843.4490356445312,698.1239624023438,816.751953125,904.9482421875,828.0016479492188,695.3656616210938,801.5568237304688,895.0335083007812,814.3145141601562,685.0897216796875,791.1962280273438,887.156494140625,811.1135864257812,655.2577514648438,790.9696044921875,867.49609375,790.0205688476562,634.1780395507812,769.5414428710938,882.490966796875,780.1378784179688,608.5281372070312,762.4915771484375,861.4564819335938,792.40625,609.1929321289062,776.6865844726562,863.435302734375,968.0718994140625,629.9573364257812,941.8839111328125,926.117431640625,990.090087890625,643.3323364257812,968.3570556640625,923.562255859375,1012.7611083984375,654.0231323242188,991.5121459960938,918.2503662109375,1001.81396484375,656.5006103515625,983.9527587890625,877.9835815429688,1014.9807739257812,615.7381591796875,1000.284912109375,883.8157958984375,1008.1880493164062,593.5867919921875,996.3499755859375,865.8184814453125,1033.5599365234375,594.4395141601562,1019.5106201171875,867.6781005859375,648.2841796875,606.9841918945312,628.6807861328125,868.8946533203125,845.63623046875,605.8436889648438,828.382080078125,865.3423461914062,899.6749877929688,600.3383178710938,886.4307861328125,863.5120239257812,957.2676391601562,594.9833374023438,941.4218139648438,865.1484985351562,1109.691162109375,603.3525390625,1112.3843994140625,879.8880615234375,1196.91064453125,605.0237426757812,1195.97314453125,889.5628051757812,1304.3515625,603.55078125,1276.827880859375,894.1151733398438,1378.865966796875,593.6588745117188,1363.6282958984375,904.1573486328125,1453.2041015625,598.9469604492188,1440.1065673828125,899.1495361328125,1513.3388671875,629.115966796875,1498.439208984375,856.371826171875
836.3300170898438,700.2490844726562,810.6337280273438,904.1734008789062,820.3402099609375,697.8704223632812,796.5635375976562,894.5909423828125,808.8544921875,685.4888305664062,786.370361328125,887.3025512695312,807.2936401367188,654.1220703125,786.3344116210938,866.6021728515625,788.27783203125,634.1116943359375,767.0595092773438,881.7420654296875,778.4635009765625,608.614501953125,760.4262084960938,861.1400146484375,790.2003173828125,609.2974853515625,774.7857666015625,863.62841796875,967.3101196289062,630.33056640625,943.2702026367188,927.317138671875,990.0289916992188,643.2208251953125,968.0513916015625,923.5493774414062,1012.7820434570312,653.7244262695312,991.41748046875,917.7945556640625,1001.2645263671875,657.3334350585938,982.1204833984375,878.2039184570312,1013.6613159179688,616.3163452148438,998.4276733398438,883.8778076171875,1006.767578125,593.9363403320312,994.0319213867188,865.88330078125,1032.67138671875,594.4682006835938,1015.513916015625,867.656005859375,645.9736328125,606.3097534179688,626.4674072265625,869.0113525390625,843.25390625,606.5592651367188,824.7506103515625,865.1898803710938,898.0343017578125,601.11669921875,884.1860961914062,863.6123657226562,955.7415771484375,596.047119140625,939.4818725585938,865.016357421875,1109.033203125,603.5614013671875,1111.7586669921875,880.3211669921875,1196.488037109375,605.556640625,1196.313720703125,889.8489379882812,1307.671630859375,602.9541625976562,1214.8123779296875,889.834228515625,1378.1209716796875,593.7572631835938,1362.0826416015625,904.0178833007812,1456.17626953125,600.1093139648438,1437.94970703125,899.1543579101562,1511.1915283203125,629.1787109375,1496.248291015625,856.1511840820312
827.6458740234375,703.97216796875,802.44873046875,904.0014038085938,811.3109130859375,698.9613037109375,790.7135009765625,896.718505859375,800.6336669921875,685.2008666992188,781.7814331054688,889.3322143554688,804.7269287109375,654.5384521484375,782.0175170898438,866.1944580078125,785.827880859375,633.55517578125,763.5730590820312,882.6939086914062,777.1165161132812,608.262939453125,757.8630981445312,860.9354248046875,788.604736328125,609.1275634765625,772.0650634765625,863.4727172851562,967.3770751953125,629.9142456054688,943.4790649414062,927.5454711914062,990.1719970703125,642.9788818359375,967.7606811523438,923.6512451171875,1012.7332153320312,653.74462890625,991.1846313476562,918.2939453125,1000.5216064453125,658.4158325195312,982.4290771484375,878.5121459960938,1012.2047119140625,616.8719482421875,999.5482177734375,884.2055053710938,1006.3320922851562,595.0979614257812,994.8638305664062,866.1793212890625,1030.248779296875,595.3465576171875,1018.0375366210938,868.6627807617188,643.0160522460938,606.2733154296875,624.5068359375,869.10888671875,841.4973754882812,607.4136962890625,822.3471069335938,865.2415161132812,896.7430419921875,602.3104858398438,882.2632446289062,863.8567504882812,954.122802734375,596.5003662109375,939.0062255859375,865.2278442382812,1108.173828125,603.9258422851562,1111.1318359375,880.697265625,1196.7884521484375,606.0554809570312,1194.793701171875,889.7891235351562,1313.810791015625,602.5689697265625,1275.14599609375,893.9750366210938,1381.141357421875,593.5217895507812,1361.4315185546875,904.0333251953125,1450.5794677734375,598.9967651367188,1436.285400390625,899.2474975585938,1508.6697998046875,629.3751831054688,1495.14501953125,855.843017578125
818.9105224609375,705.2921752929688,792.9881591796875,905.221923828125,803.6983642578125,701.853271484375,781.9536743164062,896.398193359375,795.1134643554688,686.1651611328125,774.305908203125,885.81591796875,800.6029052734375,655.3707275390625,777.5067138671875,865.6167602539062,782.845458984375,633.662353515625,761.03564453125,884.74072265625,773.1683959960938,607.5052490234375,757.5206298828125,860.955322265625,785.6282958984375,609.0824584960938,770.8916625976562,863.6552734375,967.3554077148438,630.3356323242188,943.3143310546875,926.46728515625,989.7765502929688,643.0311279296875,967.6112060546875,923.4508056640625,1012.0108032226562,654.1884765625,991.0405883789062,918.191162109375,999.5497436523438,659.4493408203125,981.5734252929688,878.2110595703125,1010.4649047851562,617.16162109375,996.9909057617188,884.651123046875,1003.5845336914062,595.7344970703125,991.2557373046875,866.4819946289062,1027.9505615234375,596.01708984375,1013.1396484375,868.389404296875,641.062744140625,604.8436279296875,623.0282592773438,869.612060546875,838.7152709960938,607.5477294921875,821.3840942382812,865.8389892578125,893.7783203125,603.9447631835938,879.4163208007812,864.3345336914062,951.193603515625,596.6810913085938,938.0469970703125,865.773193359375,1105.179931640625,603.8995361328125,1109.0267333984375,880.7283325195312,1182.225830078125,606.2157592773438,1192.112548828125,889.7609252929688,1261.4552001953125,606.3806762695312,1273.2513427734375,894.390869140625,1383.7073974609375,593.6840209960938,1357.364013671875,904.2423095703125,1449.984130859375,600.6107177734375,1434.36328125,899.3442993164062,1506.9122314453125,629.5097045898438,1493.2093505859375,855.9915771484375
809.827392578125,707.4217529296875,785.7564697265625,909.0775146484375,794.8975830078125,702.4727783203125,778.9574584960938,899.1734008789062,787.485595703125,685.4539794921875,768.6485595703125,889.3961181640625,797.5321655273438,656.4551391601562,769.6021118164062,866.4244384765625,780.847900390625,633.2109985351562,757.4071044921875,883.9542846679688,770.897705078125,606.9869384765625,753.3717041015625,861.220458984375,783.082763671875,608.494140625,767.460693359375,863.362548828125,967.4275512695312,631.1167602539062,943.264404296875,927.432373046875,989.38232421875,643.1004638671875,967.2443237304688,923.6270751953125,1011.818359375,654.2562255859375,990.8783569335938,917.2009887695312,999.32763671875,660.0072021484375,980.6749267578125,878.5969848632812,1008.9773559570312,618.3131713867188,995.2601318359375,885.0161743164062,1002.3357543945312,597.0045166015625,989.3037109375,866.6622314453125,1026.5433349609375,597.036865234375,1011.5659790039062,869.0689086914062,639.3598022460938,604.8953857421875,620.6644287109375,869.4484252929688,836.4094848632812,607.6635131835938,817.188232421875,865.6001586914062,892.5790405273438,605.1197509765625,876.8760375976562,865.2709350585938,949.4082641601562,598.2088012695312,936.5806274414062,865.7025756835938,1105.7645263671875,604.4481811523438,1103.2818603515625,879.3472290039062,1190.1068115234375,606.661376953125,1189.9329833984375,889.8026733398438,1265.587890625,606.2071533203125,1211.7318115234375,890.2325439453125,1381.6466064453125,593.9299926757812,1356.39599609375,904.34619140625,1448.6937255859375,601.3325805664062,1432.842041015625,899.62890625,1505.19140625,629.5433959960938,1491.048828125,856.35693359375
801.94287109375,709.774658203125,777.387939453125,901.8363647460938,786.2416381835938,704.3480224609375,768.4765014648438,895.2818603515625,780.8185424804688,686.6216430664062,759.75537109375,885.783203125,793.0734252929688,655.8973388671875,766.2631225585938,864.8573608398438,777.8994140625,633.3082275390625,756.2554321289062,884.3519897460938,768.67236328125,606.9336547851562,753.17724609375,861.4734497070312,780.6726684570312,608.1079711914062,767.5015258789062,863.5541381835938,968.1346435546875,632.4697875976562,943.0454711914062,927.4756469726562,989.324951171875,643.5317993164062,967.0884399414062,923.7841796875,1011.7286376953125,654.2809448242188,990.9273681640625,916.715576171875,998.929443359375,660.1466064453125,978.6204833984375,878.4666137695312,1007.4136962890625,619.0108032226562,993.2781982421875,884.83935546875,997.6909790039062,597.2711791992188,986.48046875,867.0563354492188,1023.1015014648438,597.0204467773438,1009.9791259765625,869.3855590820312,637.1802368164062,604.125244140625,618.4398803710938,869.9619750976562,833.8284301757812,608.0709838867188,816.4002075195312,865.837890625,890.2801513671875,606.0660400390625,874.9695434570312,865.428466796875,946.48388671875,598.962158203125,934.8064575195312,866.0510864257812,1105.844970703125,604.8125610351562,1103.41064453125,880.22216796875,1194.0643310546875,607.2512817382812,1186.8389892578125,890.1032104492188,1265.1651611328125,606.4644165039062,1207.9969482421875,890.663330078125,1380.9578857421875,594.0137939453125,1355.300537109375,904.08984375,1447.3760986328125,601.1112060546875,1432.2381591796875,899.7650756835938,1503.8973388671875,629.7650756835938,1488.663330078125,857.1898193359375
791.5731201171875,710.7313842773438,766.789306640625,901.7789306640625,777.5667114257812,703.6367797851562,756.2515869140625,890.64599609375,775.066162109375,685.5726318359375,753.1221923828125,881.8931274414062,789.9802856445312,656.637451171875,759.2269287109375,864.0526733398438,774.0767211914062,632.4771118164062,750.5440673828125,883.1371459960938,766.3065795898438,606.310791015625,749.2089233398438,861.6572265625,778.2823486328125,607.6270751953125,762.7510986328125,863.8770141601562,968.1511840820312,632.5401611328125,943.0077514648438,927.36865234375,989.6904907226562,643.2913208007812,966.848876953125,923.7628173828125,1011.2786865234375,654.4089965820312,990.644287109375,916.8369140625,998.4163208007812,661.3687744140625,978.1016235351562,879.157958984375,1004.9429321289062,619.819091796875,990.175048828125,885.6612548828125,994.8901977539062,598.1712646484375,985.0176391601562,867.4232788085938,1020.3956909179688,597.6097412109375,1008.0555419921875,869.925048828125,635.1314697265625,603.0905151367188,615.8336181640625,870.79931640625,831.5067749023438,609.3471069335938,814.0238037109375,866.6442260742188,886.78564453125,606.6194458007812,872.0264892578125,865.1167602539062,944.0613403320312,599.9900512695312,932.04833984375,865.5546264648438,1105.0738525390625,605.16943359375,1100.00048828125,880.2636108398438,1195.271728515625,607.7971801757812,1180.2342529296875,890.3213500976562,1285.038818359375,606.434326171875,1272.3936767578125,894.6654052734375,1355.04833984375,597.602783203125,1352.8203125,903.6828002929688,1445.0587158203125,601.2133178710938,1428.2037353515625,899.5307006835938,1502.0357666015625,630.5478515625,1487.1658935546875,856.5430297851562
780.5686645507812,711.6766967773438,757.4867553710938,900.4811401367188,767.440673828125,703.80517578125,748.3963012695312,892.1166381835938,768.5928955078125,684.9003295898438,744.7207641601562,882.0775756835938,785.5554809570312,655.984130859375,753.9832153320312,863.9279174804688,772.0752563476562,632.34033203125,748.2821044921875,884.6339721679688,765.8648071289062,606.4534301757812,748.2489624023438,861.9409790039062,776.5614013671875,607.9281005859375,761.6007080078125,864.1554565429688,968.0567626953125,631.6223754882812,943.262939453125,927.3339233398438,989.6070556640625,642.7247314453125,967.1124267578125,923.86181640625,1012.2115478515625,654.515380859375,990.5318603515625,916.9686889648438,997.93212890625,662.7239379882812,977.4476318359375,879.05810546875,1004.489013671875,621.0675659179688,989.0859985351562,886.0391235351562,993.7161865234375,598.9644165039062,983.809326171875,867.8887939453125,1020.1283569335938,598.7235107421875,1006.7327880859375,870.6570434570312,633.3611450195312,601.6170654296875,613.6788330078125,871.439697265625,829.569580078125,609.8804931640625,812.41357421875,866.7904663085938,884.4758911132812,607.6536254882812,871.1537475585938,865.5572509765625,941.0535278320312,602.3063354492188,930.4558715820312,866.135498046875,1101.177978515625,604.6797485351562,1099.996337890625,881.0501708984375,1188.807861328125,607.5178833007812,1180.6331787109375,890.7640380859375,1264.9925537109375,606.38134765625,1265.5472412109375,894.662109375,1369.822021484375,595.2589111328125,1347.9677734375,903.9421997070312,1442.2401123046875,601.3108520507812,1425.2032470703125,899.7241821289062,1499.71630859375,630.8649291992188,1484.854248046875,857.2119750976562
769.6043701171875,710.7620239257812,746.2054443359375,901.52197265625,758.4773559570312,701.223388671875,734.8883056640625,890.3775024414062,762.073486328125,683.178466796875,736.228515625,882.1310424804688,780.5924682617188,657.3507080078125,750.870361328125,864.116943359375,769.7089233398438,632.8836059570312,743.4775390625,885.22021484375,763.4337158203125,606.1433715820312,745.4223022460938,862.5538330078125,773.7957153320312,608.5011596679688,758.115234375,864.5446166992188,967.6409912109375,631.4376220703125,943.2784423828125,927.4243774414062,989.74951171875,642.9304809570312,966.8950805664062,923.6862182617188,1012.392333984375,654.5346069335938,990.3790893554688,916.7401733398438,997.578369140625,663.9656372070312,976.7067260742188,879.5419311523438,1000.595703125,620.7010498046875,987.14599609375,886.9328002929688,991.2860717773438,599.648681640625,981.5275268554688,868.3274536132812,1017.704345703125,599.4873046875,1004.893798828125,870.764404296875,630.7926635742188,600.865966796875,611.5223388671875,871.9708862304688,827.9114379882812,610.029052734375,808.7225341796875,867.2262573242188,882.6297607421875,607.4278564453125,868.6922607421875,866.0413208007812,938.109130859375,603.5140380859375,926.232421875,867.1346435546875,1101.5369873046875,604.8255615234375,1098.5535888671875,881.1930541992188,1179.1043701171875,608.6693725585938,1178.0340576171875,891.1716918945312,1256.679443359375,607.0541381835938,1259.201904296875,895.0612182617188,1377.893798828125,595.1151733398438,1346.200439453125,903.8499145507812,1441.8128662109375,601.4757080078125,1422.671142578125,899.97998046875,1497.76953125,631.1478881835938,1482.782958984375,857.6306762695312
756.525146484375,711.3726196289062,733.146484375,902.2544555664062,748.9609375,699.5050659179688,725.4652709960938,890.5673217773438,755.8351440429688,681.4700317382812,729.0202026367188,882.4170532226562,777.4984741210938,657.515625,746.1458129882812,866.038330078125,767.417236328125,632.6085205078125,744.7794799804688,884.9989013671875,761.4282836914062,606.2899780273438,747.6964721679688,862.75439453125,771.6885986328125,608.335205078125,759.4880981445312,864.7269287109375,967.9720458984375,632.2279052734375,942.06787109375,926.83935546875,989.783447265625,643.623291015625,967.1292724609375,923.6375122070312,1012.2020263671875,654.932861328125,990.4312744140625,916.509765625,997.2975463867188,664.003173828125,976.1361083984375,880.9632568359375,999.3797607421875,620.9097900390625,986.0363159179688,887.4276123046875,990.0486450195312,600.5836791992188,979.662353515625,868.8482666015625,1014.1119995117188,599.7366333007812,1002.718994140625,871.4367065429688,628.17822265625,599.4281005859375,609.7026977539062,872.498779296875,826.79296875,610.544677734375,810.360595703125,867.3995361328125,881.4099731445312,608.407470703125,868.9253540039062,866.5318603515625,936.46240234375,604.8499145507812,925.7848510742188,867.5408935546875,1098.413818359375,605.0162353515625,1097.6102294921875,882.020263671875,1178.00537109375,609.4059448242188,1178.9385986328125,891.2426147460938,1249.94482421875,607.5613403320312,1211.041748046875,892.9760131835938,1371.91357421875,595.8541870117188,1349.9361572265625,903.5529174804688,1436.1640625,600.8643798828125,1421.854736328125,899.6393432617188,1495.2926025390625,630.5514526367188,1480.48046875,857.5682983398438
745.747314453125,711.6248168945312,724.1719360351562,902.3115234375,740.067138671875,697.4580078125,719.7666625976562,892.5133056640625,749.3892822265625,681.6549682617188,723.8637084960938,881.5601196289062,774.2780151367188,659.0614624023438,744.1817626953125,865.4038696289062,765.5237426757812,632.3939208984375,744.621337890625,884.84228515625,758.4579467773438,605.4801025390625,746.2840576171875,863.6203002929688,770.71923828125,607.2381591796875,756.3175048828125,864.8955078125,967.314208984375,632.5172119140625,941.9451904296875,926.943603515625,989.3836669921875,643.5775756835938,967.17529296875,923.6342163085938,1012.0861206054688,655.0822143554688,990.311767578125,916.6206665039062,996.6710815429688,664.6115112304688,975.7329711914062,881.4189453125,996.0794677734375,620.815673828125,983.8104858398438,887.50537109375,986.307861328125,601.1221313476562,976.3856201171875,869.0439453125,1011.0307006835938,599.7762451171875,997.9529418945312,870.977783203125,626.4345703125,598.1305541992188,608.1055297851562,873.5242919921875,824.7607421875,610.6461791992188,808.01123046875,867.6111450195312,877.6744384765625,610.6365356445312,865.6297607421875,867.0360107421875,934.486328125,605.190185546875,922.0927124023438,867.7802124023438,1091.8543701171875,604.9078979492188,1095.2677001953125,882.3671875,1170.02392578125,608.54541015625,1173.358154296875,890.2009887695312,1246.1171875,608.704345703125,1209.1136474609375,892.9974365234375,1333.21435546875,601.5275268554688,1349.998046875,903.9664916992188,1436.022216796875,601.5701904296875,1420.081787109375,899.72509765625,1493.1343994140625,630.4417724609375,1479.247314453125,857.1672973632812
734.4146118164062,710.8228149414062,712.8634033203125,901.4219970703125,732.3676147460938,695.6201171875,710.3616943359375,890.1782836914062,743.0950927734375,680.633544921875,717.5208129882812,880.9922485351562,769.6509399414062,660.2852172851562,744.5379028320312,866.654052734375,762.12939453125,632.3296508789062,745.1979370117188,886.3084106445312,756.055419921875,605.6416015625,744.4103393554688,862.9872436523438,768.60888671875,607.2346801757812,753.952880859375,865.9927368164062,967.2603759765625,632.373291015625,942.366455078125,927.1007080078125,989.3890380859375,643.8331909179688,967.4627685546875,923.67041015625,1011.7539672851562,655.1810913085938,990.4150390625,916.417236328125,995.97607421875,665.3577270507812,975.1447143554688,881.353271484375,993.6215209960938,621.634521484375,981.7864990234375,887.4580078125,982.2647094726562,602.1663818359375,974.3787231445312,869.1787719726562,1008.2404174804688,601.4337158203125,996.0109252929688,871.29052734375,624.6891479492188,596.8155517578125,606.1077880859375,874.4345703125,820.8863525390625,611.4326782226562,806.1359252929688,868.5357055664062,875.1654052734375,611.389892578125,862.0576782226562,867.8807373046875,931.0844116210938,605.943359375,919.7886352539062,867.7789916992188,1089.1405029296875,604.791259765625,1061.858154296875,879.5238647460938,1164.72021484375,608.8906860351562,1165.5108642578125,890.5247192382812,1246.5859375,609.271728515625,1209.1165771484375,893.0673217773438,1328.1966552734375,602.4137573242188,1350.8914794921875,903.9801635742188,1433.4642333984375,602.08349609375,1421.13427734375,899.041015625,1491.144775390625,629.9537353515625,1477.2012939453125,857.3563842773438
723.8496704101562,706.55859375,698.2923583984375,904.915283203125,723.5392456054688,691.5216064453125,697.3251342773438,893.6591796875,737.0469970703125,680.0557250976562,708.7865600585938,884.3607177734375,765.227294921875,660.683837890625,738.6019897460938,868.7119140625,759.816162109375,632.1387329101562,743.4470825195312,887.3330688476562,754.394775390625,604.6199951171875,744.6843872070312,864.2206420898438,766.6714477539062,606.4343872070312,754.6123046875,866.5761108398438,968.0819702148438,632.6570434570312,942.6267700195312,927.1658325195312,989.3378295898438,644.3742065429688,967.8447265625,923.6102905273438,1011.2023315429688,655.6945190429688,990.4859008789062,916.489013671875,995.7059936523438,665.812255859375,973.9773559570312,880.6367797851562,991.6805419921875,622.6724853515625,979.2904052734375,887.3212280273438,979.8502807617188,602.5894775390625,971.2232055664062,868.7762451171875,1005.5614624023438,601.80859375,993.8270263671875,871.3356323242188,622.7298583984375,595.869140625,604.079833984375,875.4824829101562,818.798828125,611.841552734375,805.421142578125,868.7691040039062,872.9585571289062,612.488037109375,862.1502685546875,868.1607666015625,928.5779418945312,606.6492309570312,918.7639770507812,867.6011962890625,1087.0772705078125,604.5032958984375,1085.794921875,880.8060913085938,1166.95703125,609.16259765625,1166.010009765625,890.8031005859375,1246.5460205078125,609.2394409179688,1205.330322265625,893.4638061523438,1370.1807861328125,597.2261352539062,1351.3914794921875,904.5773315429688,1434.4576416015625,603.0634765625,1421.56591796875,899.0467529296875,1489.5225830078125,630.0765380859375,1474.804931640625,857.5967407226562
712.82958984375,703.9193115234375,681.9573974609375,901.5831298828125,714.9146118164062,688.5884399414062,687.369140625,890.6626586914062,729.702880859375,677.6002807617188,699.1353149414062,884.0748291015625,761.4869995117188,660.4315185546875,736.21484375,868.4755249023438,757.609375,631.5175170898438,740.072998046875,887.284423828125,753.1026611328125,604.6483764648438,743.6257934570312,864.5348510742188,764.8097534179688,607.0457153320312,753.6588745117188,867.1578979492188,968.6807861328125,633.413330078125,943.3059692382812,927.5420532226562,989.7288818359375,645.4874267578125,968.2073364257812,923.7860107421875,1010.5911254882812,656.13720703125,990.5203247070312,916.4403076171875,995.9151611328125,666.3864135742188,973.1026611328125,880.1630249023438,991.0338134765625,624.8050537109375,977.2623901367188,887.537109375,978.1749877929688,603.3922729492188,968.7587890625,868.981201171875,1004.5717163085938,602.5657348632812,991.1915283203125,870.7914428710938,620.2794799804688,594.6336059570312,602.3955078125,876.12158203125,817.3358764648438,612.1332397460938,803.5437622070312,869.0287475585938,870.9204711914062,612.4761962890625,859.9829711914062,868.5540161132812,927.1304931640625,608.5092163085938,916.0654296875,867.813232421875,1088.0751953125,604.5753784179688,1085.594482421875,880.60986328125,1172.2554931640625,609.1990966796875,1162.744140625,890.3463745117188,1251.0189208984375,609.0164794921875,1204.904541015625,893.1520385742188,1366.0198974609375,598.7457275390625,1351.1322021484375,904.9381713867188,1429.734130859375,602.8168334960938,1418.1492919921875,899.7577514648438,1487.6181640625,630.4395141601562,1472.8533935546875,858.0377807617188
701.9398803710938,700.0643920898438,672.8910522460938,901.530517578125,708.0955810546875,684.4540405273438,679.814697265625,890.852783203125,723.9729614257812,675.6561889648438,693.5606079101562,884.5665893554688,756.5025024414062,661.1143798828125,728.0045776367188,870.4866943359375,755.2516479492188,631.2413330078125,738.3607788085938,888.3260498046875,750.820068359375,603.72900390625,742.870361328125,864.9625244140625,762.0552978515625,606.2823486328125,752.8251953125,867.4739990234375,968.3547973632812,633.2123413085938,943.6155395507812,927.6051635742188,989.0274047851562,645.7997436523438,968.4559326171875,923.8203125,1010.1883544921875,656.3447875976562,990.49267578125,916.9618530273438,995.2271118164062,666.2679443359375,972.8973999023438,880.0133666992188,990.0891723632812,625.2017211914062,974.1048583984375,887.7344360351562,977.3157348632812,603.9030151367188,965.5695190429688,869.397705078125,1003.8507080078125,603.1544189453125,985.7241821289062,870.600830078125,618.6079711914062,593.5814819335938,600.16552734375,877.2798461914062,815.6544189453125,612.6209716796875,802.5538330078125,869.1144409179688,869.6991577148438,613.4962158203125,859.2324829101562,868.7990112304688,926.1041870117188,608.8025512695312,914.400390625,868.1513061523438,1086.221923828125,604.4434204101562,1083.658203125,880.8743286132812,1163.856689453125,609.3590087890625,1161.689208984375,888.9443359375,1246.9090576171875,609.1549682617188,1206.370849609375,892.9877319335938,1365.179443359375,599.1619873046875,1248.988525390625,895.2587280273438,1428.9373779296875,603.8331298828125,1405.3118896484375,900.9403076171875,1485.373291015625,631.3646850585938,1471.388427734375,858.5646362304688
691.2971801757812,695.2053833007812,665.5194702148438,900.7958374023438,701.8742065429688,682.8375854492188,672.69921875,890.26171875,717.9542846679688,673.5228271484375,688.6764526367188,885.8114624023438,752.0458984375,663.1923828125,722.8677978515625,871.2207641601562,752.5703735351562,630.752197265625,733.5823364257812,888.6329956054688,749.4988403320312,603.2849731445312,740.6677856445312,865.0697021484375,760.9169311523438,606.4782104492188,750.5586547851562,867.635986328125,968.1063232421875,633.8146362304688,943.7127075195312,928.3411254882812,988.8692626953125,646.3118896484375,967.9942626953125,923.7066650390625,1009.9668579101562,656.2811889648438,990.3012084960938,917.0203857421875,995.0682983398438,666.2991333007812,972.447998046875,879.7326049804688,989.1676025390625,625.6271362304688,971.5435180664062,887.9376220703125,976.4157104492188,604.211669921875,963.2542114257812,869.7169799804688,1003.6634521484375,603.5366821289062,982.2725830078125,870.7381591796875,616.6436767578125,592.9448852539062,597.8977661132812,878.3416748046875,815.2678833007812,613.6149291992188,800.3893432617188,869.2611694335938,868.014404296875,614.2484130859375,857.3687744140625,867.97509765625,924.8477172851562,610.0208740234375,912.5762329101562,868.0498657226562,1086.4293212890625,604.1723022460938,1053.33544921875,877.8906860351562,1166.9466552734375,608.9741821289062,1155.416259765625,888.5223388671875,1248.6654052734375,608.95947265625,1203.0550537109375,892.6097412109375,1324.221923828125,604.5872192382812,1329.0679931640625,903.5059814453125,1427.2034912109375,604.5892944335938,1406.4600830078125,901.2200317382812,1483.523681640625,632.5029296875,1469.318115234375,858.5015258789062
681.697998046875,689.333251953125,658.9525146484375,896.7625732421875,696.25048828125,678.5565795898438,671.0315551757812,887.6069946289062,711.9168090820312,672.1179809570312,686.1807861328125,884.4842529296875,746.955810546875,663.2562255859375,719.2670288085938,872.7413330078125,750.945556640625,632.23486328125,731.1631469726562,889.3087768554688,747.1365966796875,603.12158203125,738.4832153320312,865.6211547851562,758.9476928710938,606.5540161132812,749.4215087890625,867.0741577148438,966.17041015625,637.9453125,944.0430297851562,928.4893188476562,988.3936767578125,646.54736328125,967.9053344726562,923.6300048828125,1009.4720458984375,656.4306030273438,990.246337890625,916.802001953125,994.632568359375,665.7401123046875,972.36376953125,878.733154296875,987.7194213867188,625.5910034179688,969.2069702148438,887.9601440429688,975.341552734375,604.3499755859375,961.6453857421875,869.4628295898438,1002.8236694335938,602.9253540039062,980.4361572265625,870.6932373046875,614.6134643554688,592.6954956054688,595.8438720703125,879.5670166015625,813.2395629882812,613.8838500976562,799.3903198242188,869.677001953125,866.1383666992188,614.5846557617188,856.1307373046875,868.07568359375,922.8320922851562,610.4279174804688,910.4961547851562,868.8914794921875,1084.2667236328125,604.3099975585938,1047.7191162109375,877.7093505859375,1163.750732421875,608.8689575195312,1161.7796630859375,888.9016723632812,1244.69384765625,609.03173828125,1185.5010986328125,890.36572265625,1320.6495361328125,604.912109375,1333.6402587890625,903.3401489257812,1428.9058837890625,606.2753295898438,1405.150146484375,901.1956787109375,1481.2266845703125,633.1240844726562,1467.1754150390625,859.6917114257812
674.322021484375,685.945068359375,651.4577026367188,896.219482421875,689.5661010742188,675.9755249023438,666.08642578125,887.4667358398438,706.1383056640625,670.2264404296875,680.454345703125,883.0819702148438,742.9256591796875,663.2622680664062,714.0731811523438,872.895263671875,748.7907104492188,631.9353637695312,727.0802001953125,889.5199584960938,745.3111572265625,602.5654907226562,735.3705444335938,866.2075805664062,757.1554565429688,606.2908935546875,744.9812622070312,868.4033813476562,966.303955078125,638.0775756835938,943.4126586914062,927.546875,988.4314575195312,646.672607421875,967.9158325195312,923.6029663085938,1009.5150756835938,656.276123046875,990.147705078125,916.50732421875,993.71142578125,665.7034912109375,971.4046630859375,879.15771484375,985.8740844726562,625.1060180664062,969.3223876953125,887.85693359375,973.5716552734375,604.3977661132812,960.2173461914062,869.1864013671875,1000.2537841796875,602.370849609375,979.3717041015625,870.543701171875,612.4445190429688,592.2274169921875,594.1806640625,880.2017822265625,810.7041625976562,613.7642822265625,796.8377075195312,869.9771118164062,863.1234741210938,615.7703857421875,853.3487548828125,868.4383544921875,920.3697509765625,609.6174926757812,909.0393676757812,868.7130737304688,1082.3858642578125,604.2657470703125,1080.8197021484375,880.50537109375,1162.9407958984375,608.736083984375,1156.067626953125,888.41650390625,1232.3175048828125,609.683837890625,1202.629150390625,892.0457763671875,1317.72509765625,605.923583984375,1321.3040771484375,902.7532348632812,1425.9429931640625,606.6104125976562,1399.8309326171875,901.5349731445312,1478.9078369140625,634.3794555664062,1465.3057861328125,859.8642578125
667.2994384765625,679.517333984375,643.5291748046875,889.1326904296875,684.6614379882812,671.3253173828125,659.7376708984375,883.3317260742188,701.2059936523438,668.5811157226562,675.3803100585938,882.4926147460938,738.2051391601562,664.0409545898438,711.5093383789062,872.8809814453125,745.5363159179688,631.2830810546875,724.5409545898438,889.5167846679688,743.3939819335938,602.975830078125,733.1627807617188,867.6714477539062,755.5603637695312,606.1427612304688,742.7094116210938,868.6986083984375,966.4876708984375,637.8388671875,943.5870971679688,927.5902709960938,988.0947265625,646.9818725585938,967.939697265625,923.6310424804688,1009.1824340820312,656.104248046875,989.9871215820312,916.5029907226562,993.1954956054688,665.7747802734375,971.57958984375,879.5611572265625,984.8748779296875,625.1636352539062,967.8966064453125,887.717529296875,972.498291015625,604.4697265625,958.3289184570312,869.179931640625,997.6255493164062,601.1134033203125,977.0281372070312,870.4976806640625,610.8466186523438,592.4521484375,592.4188842773438,881.6473388671875,808.4223022460938,613.8053588867188,794.7029418945312,870.306640625,862.0830078125,616.2677612304688,851.3189697265625,868.8165893554688,918.7328491210938,609.987060546875,907.2647094726562,868.9453125,1077.697265625,603.4172973632812,1039.05810546875,876.30029296875,1155.8369140625,607.4110717773438,1106.7723388671875,883.940185546875,1231.4556884765625,609.5548095703125,1175.9366455078125,889.187255859375,1317.7301025390625,604.781005859375,1319.0472412109375,902.4141235351562,1421.10693359375,606.8992919921875,1398.1717529296875,901.6080932617188,1477.0234375,635.1282958984375,1464.0303955078125,860.2987060546875
661.7957763671875,673.2716674804688,635.4068603515625,883.220703125,679.557861328125,670.1697998046875,654.595703125,881.728515625,696.21337890625,666.3702392578125,671.2597045898438,882.7803955078125,733.9071655273438,664.8856811523438,708.0761108398438,873.9672241210938,743.4335327148438,630.754150390625,723.587158203125,889.9984130859375,741.3211059570312,601.999267578125,734.0513305664062,867.7155151367188,753.5950927734375,605.1071166992188,743.2100219726562,868.7857055664062,966.4004516601562,638.0078735351562,943.3662109375,927.4689331054688,987.4375,647.1419677734375,967.8865966796875,923.8347778320312,1008.4564819335938,656.3699951171875,989.916748046875,916.5250244140625,993.0547485351562,665.3839721679688,970.6954345703125,879.066650390625,983.58447265625,625.5818481445312,966.305419921875,887.8062744140625,971.7935180664062,604.7437133789062,956.3209228515625,869.117919921875,996.2835083007812,601.3854370117188,975.770751953125,870.1983032226562,609.4818725585938,591.7877807617188,591.4916381835938,882.1583862304688,806.4451293945312,613.3748779296875,794.5870971679688,870.7190551757812,860.7101440429688,616.6898193359375,850.9923706054688,869.103759765625,918.0092163085938,610.7784423828125,905.932861328125,868.93603515625,1076.44287109375,602.9707641601562,1038.1112060546875,876.082275390625,1157.661376953125,607.0840454101562,1107.04296875,883.96240234375,1235.9627685546875,608.59814453125,1175.5738525390625,889.044189453125,1318.9268798828125,604.529296875,1313.814697265625,901.732421875,1419.753173828125,607.23974609375,1395.6512451171875,901.9346313476562,1475.6435546875,635.65673828125,1462.3009033203125,861.0269165039062
655.9927368164062,668.719482421875,633.2067260742188,884.8912963867188,675.5302734375,667.157958984375,651.1173095703125,881.2589721679688,693.3305053710938,664.4442138671875,669.1304931640625,884.2010498046875,729.6303100585938,664.1109619140625,704.3502197265625,874.8006591796875,741.6444702148438,629.8994140625,720.9598388671875,890.211181640625,739.3436279296875,600.9999389648438,730.2835693359375,867.687744140625,751.7839965820312,603.9691772460938,741.2930908203125,869.2994995117188,966.1378784179688,638.526123046875,944.4469604492188,928.288330078125,987.1895751953125,647.1014404296875,967.9334106445312,923.7132568359375,1008.5250854492188,656.373779296875,989.7914428710938,916.4127197265625,992.0932006835938,664.80908203125,970.3544311523438,878.8072509765625,981.6889038085938,625.3692626953125,964.8075561523438,887.4318237304688,970.6070556640625,605.2947998046875,955.1104125976562,869.0023193359375,994.5311889648438,601.772705078125,974.218994140625,870.2692260742188,608.0030517578125,591.294189453125,589.3114624023438,883.2034912109375,805.1174926757812,613.1870727539062,792.3529663085938,870.7886352539062,859.2161865234375,616.8202514648438,850.0382080078125,869.2933959960938,916.3065795898438,610.9844360351562,905.2182006835938,868.7938842773438,1077.0894775390625,602.470703125,1037.54052734375,875.69091796875,1157.0989990234375,606.6896362304688,1105.8497314453125,883.4949951171875,1232.253173828125,609.0634765625,1171.379638671875,888.8060302734375,1310.0751953125,606.0297241210938,1313.6162109375,901.7545166015625,1417.3221435546875,606.9944458007812,1394.9942626953125,902.529296875,1473.6077880859375,635.7077026367188,1460.28125,861.8262329101562
650.7054443359375,664.0518188476562,628.4393310546875,882.988037109375,671.35205078125,664.1312255859375,647.2288208007812,882.5667724609375,688.9417114257812,663.5673217773438,665.1741333007812,884.8138427734375,726.6915283203125,663.7317504882812,701.7115478515625,876.9056396484375,740.0399169921875,629.3416137695312,718.09375,891.6068725585938,738.0418090820312,600.9713134765625,727.8582763671875,867.82080078125,750.51708984375,603.859619140625,738.7984619140625,869.7937622070312,965.8462524414062,638.5179443359375,944.1563720703125,928.2855224609375,987.0458374023438,646.7155151367188,967.6851196289062,923.8052978515625,1008.2786865234375,656.41357421875,989.3575439453125,916.4677734375,989.3615112304688,665.7205810546875,970.3970947265625,878.690673828125,980.1488647460938,624.74267578125,964.155029296875,887.727783203125,968.0602416992188,605.57275390625,954.12646484375,868.96337890625,992.5040893554688,602.4420166015625,972.7918701171875,870.2821044921875,606.6353149414062,591.03662109375,587.7313232421875,884.1304321289062,804.291748046875,613.49169921875,789.8090209960938,870.7535400390625,858.377685546875,617.2989501953125,848.5407104492188,869.7740478515625,914.748046875,611.33349609375,904.619140625,868.083984375,1078.124755859375,602.1726684570312,1036.6783447265625,875.7266235351562,1159.697265625,607.397705078125,1106.2342529296875,883.2665405273438,1233.7640380859375,608.7349853515625,1174.15087890625,888.6351928710938,1307.9161376953125,606.2219848632812,1318.2435302734375,902.532958984375,1417.328857421875,607.6966552734375,1398.07177734375,902.137451171875,1472.662353515625,635.8562622070312,1458.9996337890625,862.5679321289062
647.4869995117188,658.916259765625,624.9944458007812,886.5538330078125,666.1386108398438,661.8566284179688,642.14306640625,882.8591918945312,684.8530883789062,662.3145751953125,658.533935546875,884.12109375,722.3098754882812,663.7472534179688,695.7737426757812,877.5960083007812,738.4566650390625,628.9828491210938,714.2352905273438,891.4512329101562,737.5025634765625,600.6932983398438,724.7871704101562,867.834228515625,749.1726684570312,603.4994506835938,735.8511962890625,870.0838623046875,966.4791259765625,635.0623779296875,943.651123046875,927.9744873046875,986.673095703125,646.7406616210938,967.201904296875,923.9227294921875,1008.3660278320312,656.2916259765625,988.9641723632812,916.3829345703125,988.9680786132812,665.6979370117188,969.8082885742188,879.0975952148438,978.9495849609375,624.8739013671875,963.3214721679688,887.5938110351562,967.0311889648438,605.7614135742188,953.0674438476562,869.2924194335938,991.4639282226562,602.570068359375,971.54541015625,870.599609375,605.4882202148438,590.3016967773438,586.49365234375,884.7868041992188,803.4320068359375,613.0830078125,787.0927734375,871.0331420898438,857.4461669921875,617.3734741210938,846.0458984375,869.9520874023438,913.7750854492188,611.7364501953125,902.4224243164062,868.2637939453125,1076.4266357421875,601.4249877929688,1035.80322265625,875.7991333007812,1158.7735595703125,607.1094970703125,1100.3255615234375,882.7924194335938,1230.6009521484375,608.8107299804688,1173.3770751953125,888.0445556640625,1307.1568603515625,606.1143188476562,1308.1572265625,900.9666137695312,1417.3929443359375,608.3589477539062,1390.7633056640625,902.5076293945312,1471.446533203125,635.9393920898438,1457.2550048828125,862.28173828125
643.3567504882812,656.6084594726562,619.6409912109375,884.5366821289062,662.8422241210938,660.6411743164062,639.3675537109375,883.7024536132812,680.5220336914062,661.192626953125,655.5379028320312,884.9104614257812,720.0042114257812,663.1670532226562,691.21484375,878.9719848632812,736.9276123046875,628.7749633789062,711.0940551757812,891.884033203125,736.6821899414062,600.77001953125,724.10986328125,868.4660034179688,748.1183471679688,603.441162109375,735.0122680664062,870.5109252929688,966.3558959960938,635.2579956054688,943.4098510742188,928.2075805664062,986.3099975585938,646.3656616210938,966.9813842773438,924.2283935546875,1008.6162719726562,655.7234497070312,988.9360961914062,915.9446411132812,988.13623046875,665.5639038085938,968.0928955078125,878.4031372070312,977.677978515625,624.9680786132812,961.8919067382812,887.7525024414062,965.978515625,605.6481323242188,952.2067260742188,869.6781616210938,990.1782836914062,602.6101684570312,970.78955078125,870.650634765625,604.4189453125,590.3895874023438,584.6881103515625,886.3013916015625,802.7051391601562,612.8580322265625,786.1871948242188,871.1240234375,856.4879760742188,617.2734375,844.7658081054688,870.1732177734375,913.11474609375,611.6590576171875,900.8975830078125,868.4894409179688,1072.468994140625,600.8207397460938,1031.0064697265625,876.650390625,1157.694580078125,606.7055053710938,1100.015380859375,882.7443237304688,1230.6416015625,608.4382934570312,1175.0203857421875,888.2387084960938,1306.4036865234375,606.0010375976562,1312.0408935546875,901.7250366210938,1415.3311767578125,608.7315673828125,1396.816162109375,902.2538452148438,1470.2525634765625,635.5921020507812,1455.703369140625,862.0687255859375
641.0532836914062,653.9091796875,614.5531005859375,883.0294189453125,659.9819946289062,658.8970947265625,635.2041015625,883.8931884765625,677.919921875,660.1577758789062,652.5327758789062,887.6177368164062,715.2849731445312,662.8238525390625,687.2897338867188,880.2105102539062,735.3495483398438,629.1676025390625,709.3515625,892.274169921875,735.6917724609375,600.2825927734375,722.2335815429688,869.1378784179688,747.6280517578125,602.9395141601562,733.8440551757812,870.5887451171875,966.3287963867188,636.20556640625,942.647705078125,927.4241333007812,986.3505249023438,646.4290771484375,966.7595825195312,924.300537109375,1008.4732055664062,655.7018432617188,988.9121704101562,915.9840698242188,987.5555419921875,665.4113159179688,967.9830932617188,878.7442016601562,977.61962890625,625.6038208007812,962.2515258789062,887.8406372070312,963.8616943359375,605.6212158203125,952.2803344726562,869.9859619140625,988.5921630859375,602.9683837890625,971.0717163085938,870.9058227539062,603.258056640625,590.343505859375,583.3895263671875,887.62890625,801.7960815429688,612.0807495117188,785.3726806640625,871.2391357421875,855.8152465820312,616.9666748046875,844.6778564453125,870.2161254882812,911.4434814453125,611.5969848632812,900.4337768554688,868.5543823242188,1068.9600830078125,599.8579711914062,1071.287109375,879.1868286132812,1148.314697265625,605.6190795898438,1095.031005859375,882.888427734375,1227.3438720703125,608.0528564453125,1174.2222900390625,888.305908203125,1305.0633544921875,606.4807739257812,1307.9949951171875,901.012451171875,1413.888427734375,608.582763671875,1389.9796142578125,902.9861450195312,1468.6937255859375,634.28759765625,1455.016357421875,861.9375
638.379150390625,654.3646850585938,610.5723266601562,885.0333251953125,657.1455688476562,658.3268432617188,631.1887817382812,886.5665893554688,675.451416015625,659.7086181640625,650.1350708007812,890.2434692382812,712.3984375,663.3020629882812,683.235595703125,881.7250366210938,733.6405029296875,628.8847045898438,707.14892578125,892.357666015625,734.1504516601562,599.74267578125,719.5604248046875,869.6061401367188,746.1995849609375,602.4929809570312,731.111572265625,871.2871704101562,965.8281860351562,638.824951171875,943.1795043945312,928.2811889648438,986.17578125,647.0659790039062,966.615966796875,924.1927490234375,1008.558349609375,655.7449340820312,989.1781616210938,915.5120239257812,986.3992309570312,665.1221923828125,967.1122436523438,878.54443359375,976.0397338867188,625.9429931640625,960.5646362304688,887.7865600585938,961.6882934570312,605.3858032226562,950.8585815429688,869.8359375,986.8746337890625,602.9653930664062,968.9939575195312,871.030517578125,601.9642333984375,590.078857421875,582.1502075195312,888.6904907226562,800.08642578125,611.7305908203125,783.1765747070312,871.2886352539062,853.9727172851562,616.583984375,842.3107299804688,870.3140869140625,909.8999633789062,611.7598266601562,898.4705810546875,868.645751953125,1064.0352783203125,599.7352294921875,1030.80517578125,877.6083984375,1147.48779296875,605.66650390625,1100.3253173828125,883.6279907226562,1225.73486328125,608.330810546875,1174.2039794921875,888.1204833984375,1305.4490966796875,605.7088012695312,1306.19287109375,900.70361328125,1414.119384765625,609.0534057617188,1386.9996337890625,903.1778564453125,1467.138916015625,633.3483276367188,1453.83056640625,861.2034912109375
635.8460083007812,652.7814331054688,609.3397827148438,885.5625610351562,655.292724609375,657.6351318359375,629.4357299804688,888.0007934570312,673.205810546875,658.8704223632812,647.3474731445312,892.876708984375,710.4851684570312,661.7324829101562,680.0831909179688,885.2839965820312,731.728271484375,627.7052612304688,706.9768676757812,893.8080444335938,732.6984252929688,599.7035522460938,719.683837890625,869.8871459960938,744.8078002929688,602.6957397460938,731.6231689453125,871.779541015625,966.7024536132812,637.0499877929688,942.8492431640625,927.3971557617188,986.477783203125,646.8840942382812,966.9076538085938,924.0430908203125,1008.7781372070312,655.8494873046875,989.2466430664062,915.3199462890625,986.0386962890625,665.03857421875,966.4208374023438,878.15380859375,974.200927734375,626.3455810546875,958.4625854492188,887.8247680664062,960.3064575195312,605.0009155273438,948.8649291992188,869.628662109375,983.3883056640625,601.7084350585938,967.041259765625,871.0746459960938,601.0910034179688,589.8919067382812,581.14453125,889.6287231445312,799.1150512695312,611.916015625,783.2371215820312,871.0270385742188,852.5367431640625,616.35400390625,841.577392578125,870.449462890625,908.6041870117188,611.49365234375,897.8099975585938,868.5542602539062,1062.1602783203125,599.2228393554688,1029.4716796875,877.535400390625,1145.42578125,605.6614990234375,1093.84033203125,883.0712280273438,1217.7001953125,607.6273803710938,1171.323486328125,888.4789428710938,1302.4991455078125,606.8519897460938,1306.4788818359375,901.5479125976562,1412.3070068359375,608.7654418945312,1387.868896484375,902.6809692382812,1465.8175048828125,633.2849731445312,1452.0587158203125,861.28759765625
633.04443359375,651.8206787109375,608.968505859375,891.6997680664062,653.030029296875,657.5478515625,628.4993896484375,893.1231689453125,670.4360961914062,658.4365234375,645.4510498046875,895.6785888671875,707.620849609375,661.1039428710938,677.2324829101562,889.4771118164062,730.3994750976562,627.2058715820312,705.1525268554688,895.5216064453125,731.9121704101562,598.9951782226562,718.6466674804688,870.2149047851562,744.2202758789062,602.0131225585938,730.593505859375,872.16259765625,967.0365600585938,636.571533203125,942.8099975585938,927.3251342773438,986.6312866210938,646.2404174804688,966.6710815429688,924.01513671875,1009.1019287109375,655.74560546875,989.0281372070312,915.88916015625,985.785888671875,665.0393676757812,966.1184692382812,878.3037109375,971.8132934570312,626.134521484375,957.84912109375,887.6107788085938,959.121337890625,604.9017944335938,947.6716918945312,869.5795288085938,981.9234008789062,601.4140014648438,966.2190551757812,871.01025390625,599.95849609375,589.5855712890625,580.3217163085938,889.6414794921875,797.9572143554688,611.5643920898438,783.6383666992188,871.18408203125,851.1137084960938,616.0847778320312,840.4224243164062,869.752685546875,906.422607421875,611.9541015625,896.9328002929688,868.4796752929688,1060.5877685546875,597.9844360351562,1026.980712890625,877.287841796875,1139.171630859375,605.3014526367188,1092.3109130859375,883.0235595703125,1213.365234375,608.1886596679688,1171.41650390625,888.6658325195312,1295.2242431640625,607.3391723632812,1300.55810546875,900.5255737304688,1410.5826416015625,608.7172241210938,1386.0465087890625,902.5814819335938,1464.830322265625,633.4146728515625,1450.944580078125,861.23388671875
631.9957885742188,649.1771850585938,605.6334838867188,897.095458984375,650.22216796875,656.6796875,625.7377319335938,898.7449340820312,668.1270141601562,657.9005737304688,641.2523193359375,898.6709594726562,705.1798706054688,660.5726928710938,674.8963623046875,890.7277221679688,728.5364990234375,626.70849609375,704.7655639648438,895.1862182617188,730.5331420898438,598.3172607421875,717.9212646484375,871.12646484375,743.1990966796875,601.33642578125,729.3877563476562,872.384521484375,968.124267578125,636.4950561523438,942.7598266601562,927.3690795898438,987.03662109375,646.1007690429688,966.7745361328125,923.9227905273438,1008.6276245117188,657.038818359375,989.1834716796875,915.443603515625,985.3924560546875,664.535888671875,965.3506469726562,878.6856079101562,969.9833374023438,626.0170288085938,956.44140625,887.49658203125,957.450439453125,605.1566162109375,946.2454223632812,869.5445556640625,980.384521484375,601.4620361328125,964.8927001953125,870.7059936523438,598.7478637695312,589.3548583984375,578.8638916015625,890.1044311523438,796.4411010742188,611.367431640625,780.8405151367188,871.5967407226562,849.5379638671875,615.6041870117188,838.4680786132812,869.8046875,905.122802734375,612.2039794921875,894.6259765625,869.1859741210938,1058.3590087890625,597.8947143554688,1022.6466674804688,876.1580810546875,1137.36865234375,604.9305419921875,1091.8929443359375,882.9231567382812,1213.1866455078125,608.0361328125,1171.41552734375,888.6373901367188,1299.332763671875,607.0183715820312,1299.90478515625,900.4519653320312,1408.545654296875,608.4635009765625,1381.8485107421875,902.7341918945312,1462.9708251953125,633.8115844726562,1449.348388671875,860.7571411132812
630.352783203125,649.086669921875,604.8025512695312,896.2400512695312,648.588623046875,654.853515625,625.0408935546875,898.8848876953125,665.6182250976562,656.2573852539062,640.44580078125,899.4260864257812,703.688232421875,659.3701782226562,674.4122924804688,892.9583740234375,728.6012573242188,626.5458984375,704.6964721679688,895.9174194335938,729.713134765625,597.8836059570312,717.0875244140625,871.3429565429688,741.2061157226562,601.3035278320312,728.3456420898438,872.3831787109375,969.0294799804688,636.6387939453125,942.6082763671875,927.3873291015625,987.45458984375,645.7664184570312,966.8312377929688,923.8924560546875,1008.5595703125,656.9448852539062,988.7941284179688,915.0186767578125,985.2539672851562,664.1121826171875,963.3822631835938,878.0753173828125,971.3295288085938,626.2958984375,954.860595703125,887.3284912109375,955.423583984375,605.2978515625,944.5916748046875,869.5076293945312,977.9395141601562,600.2149658203125,963.6764526367188,870.0266723632812,597.4619140625,589.0936889648438,577.5053100585938,890.5891723632812,795.0012817382812,611.1808471679688,779.6165771484375,871.5858154296875,847.829833984375,615.8570556640625,836.911376953125,870.024658203125,904.3292846679688,611.63427734375,893.582763671875,869.3294067382812,1055.718505859375,597.2884521484375,1022.846435546875,875.6456909179688,1137.16943359375,604.68017578125,1092.92041015625,883.2267456054688,1212.0244140625,607.8549194335938,1170.6165771484375,888.8215942382812,1339.3748779296875,602.0951538085938,1299.809326171875,900.6828002929688,1406.508056640625,608.1888427734375,1381.0706787109375,902.7806396484375,1461.860107421875,634.1127319335938,1448.272216796875,860.4960327148438
628.5715942382812,648.3383178710938,604.0658569335938,898.922607421875,646.4896850585938,654.3486938476562,625.315185546875,903.0713500976562,663.8094482421875,655.5838012695312,639.2042236328125,904.1311645507812,701.8576049804688,658.632080078125,671.3312377929688,896.98486328125,726.63623046875,626.3834838867188,704.5567016601562,896.43359375,728.0389404296875,597.1265258789062,716.0750122070312,871.330078125,740.0389404296875,601.1871948242188,727.4154663085938,872.3299560546875,969.5157470703125,636.5119018554688,942.9110717773438,928.2933959960938,988.805419921875,645.2130737304688,966.6660766601562,924.110107421875,1008.4297485351562,656.8978271484375,988.7635498046875,914.7717895507812,984.7838745117188,663.9344482421875,963.2796630859375,877.5213623046875,970.5610961914062,626.4454956054688,955.4749145507812,886.7816772460938,954.1919555664062,605.2569580078125,944.9974975585938,869.4598999023438,977.5589599609375,600.3377075195312,965.1995239257812,869.7452392578125,596.0341186523438,588.496337890625,576.3406982421875,891.2573852539062,793.6074829101562,611.1664428710938,779.1709594726562,871.8516235351562,847.21484375,616.7117919921875,836.74462890625,870.0225830078125,903.5237426757812,612.0155029296875,894.0983276367188,869.2534790039062,1056.34521484375,597.1764526367188,1028.9735107421875,877.0147705078125,1138.5484619140625,604.641845703125,1099.2847900390625,883.6311645507812,1211.54833984375,608.1179809570312,1173.3819580078125,888.6135864257812,1339.398681640625,602.49072265625,1298.530517578125,900.734375,1404.81494140625,608.7696533203125,1379.864990234375,902.9360961914062,1460.5631103515625,634.2710571289062,1446.9521484375,861.0267944335938
626.6107788085938,647.767333984375,603.6344604492188,905.6256713867188,645.2057495117188,655.0040283203125,621.7789916992188,907.642822265625,662.5409545898438,655.15869140625,636.8079833984375,905.9598999023438,699.5313110351562,657.3822021484375,671.2698364257812,898.2318115234375,725.5621337890625,625.8426513671875,704.8886108398438,896.0358276367188,727.064208984375,596.6558227539062,713.5053100585938,871.3433837890625,739.144775390625,600.9666748046875,724.7425537109375,872.5338745117188,971.4765625,635.528564453125,942.4485473632812,927.9666748046875,989.2581176757812,645.2203369140625,966.4266357421875,924.0555419921875,1008.0823974609375,656.8790283203125,988.6354370117188,914.2855224609375,984.9163818359375,661.6649780273438,963.3427124023438,877.2591552734375,969.2503662109375,626.5458374023438,955.2256469726562,886.56787109375,952.3841552734375,604.91796875,944.3822631835938,869.2291259765625,976.0824584960938,600.3751220703125,965.2546997070312,869.320068359375,594.966796875,587.8026123046875,575.2574462890625,891.0982666015625,792.3828735351562,610.8685302734375,776.6144409179688,871.8255615234375,846.0323486328125,616.5181884765625,835.0140380859375,869.9923095703125,901.961669921875,612.3070678710938,893.5257568359375,869.0648193359375,1054.3533935546875,596.3028564453125,1031.16162109375,877.407470703125,1136.4918212890625,603.7137451171875,1131.6729736328125,885.5765380859375,1210.443603515625,608.080078125,1177.8204345703125,889.4378051757812,1339.35400390625,602.9093627929688,1297.3446044921875,900.7348022460938,1404.0640869140625,609.0050659179688,1379.0145263671875,903.2108764648438,1459.4599609375,634.3936157226562,1445.9537353515625,861.6220703125
625.08447265625,646.1198120117188,602.7323608398438,907.762939453125,643.6966552734375,653.8504028320312,619.7031860351562,910.9796142578125,661.5261840820312,654.7505493164062,635.9598388671875,909.964111328125,698.1630249023438,657.0869140625,668.3407592773438,900.4077758789062,724.3394165039062,625.5108642578125,703.4361572265625,896.8106079101562,725.7816772460938,596.3363037109375,712.5588989257812,871.3302001953125,738.2522583007812,600.7064819335938,723.8755493164062,872.58837890625,972.7716674804688,634.921630859375,942.6368408203125,927.8709716796875,990.1661376953125,645.0762939453125,966.2495727539062,924.0284423828125,1007.9785766601562,656.9843139648438,988.1663818359375,914.90380859375,984.5914306640625,661.3385620117188,963.76123046875,878.64013671875,967.8726196289062,626.4622192382812,954.5021362304688,886.7576293945312,951.4591064453125,605.3755493164062,943.3656005859375,869.2532958984375,973.5407104492188,600.7091674804688,964.0432739257812,869.5592651367188,594.1355590820312,587.0783081054688,574.4802856445312,891.29248046875,791.5773315429688,610.6741333007812,776.59912109375,871.7708129882812,845.09814453125,616.294677734375,834.9020385742188,869.90771484375,900.25,612.4622192382812,892.6554565429688,868.7763061523438,1051.820556640625,595.5709228515625,1035.2042236328125,878.3547973632812,1138.0167236328125,603.9075317382812,1130.9713134765625,885.6219482421875,1209.697021484375,608.0218505859375,1177.6278076171875,888.99609375,1339.134521484375,603.3453369140625,1296.731201171875,900.9496459960938,1403.7938232421875,609.5062866210938,1379.0035400390625,903.2855834960938,1458.6429443359375,634.5560302734375,1444.880126953125,862.47265625
623.7398071289062,645.00244140625,599.3463134765625,910.3140869140625,642.0315551757812,653.0087280273438,618.8213500976562,913.0988159179688,659.8692626953125,654.1900634765625,635.0768432617188,914.2626953125,695.0469970703125,657.2891235351562,666.5438232421875,903.7151489257812,722.5048828125,625.00244140625,702.2310180664062,897.52001953125,724.7267456054688,596.2006225585938,711.8512573242188,871.3955688476562,737.2791748046875,600.4854125976562,723.463623046875,872.6885375976562,973.1878662109375,634.6356811523438,942.24658203125,927.3987426757812,990.4794921875,644.994140625,965.862548828125,923.8001098632812,1007.8634643554688,656.833984375,987.6568603515625,915.311279296875,984.410888671875,661.0192260742188,964.5665893554688,880.1618041992188,967.0348510742188,626.66357421875,953.2548828125,885.0270385742188,951.030517578125,605.3939819335938,940.9065551757812,868.7125854492188,972.8616943359375,600.7730712890625,960.9020385742188,869.6099243164062,593.418701171875,587.0311279296875,573.813232421875,891.29541015625,790.7927856445312,610.5062255859375,775.681396484375,871.819091796875,844.24609375,616.1830444335938,833.1669921875,869.9317016601562,899.4124755859375,612.145263671875,890.3392333984375,868.6292724609375,1054.065673828125,595.6292114257812,1028.4600830078125,877.3743286132812,1138.1668701171875,603.55029296875,1117.225830078125,883.9578857421875,1209.6002197265625,607.6891479492188,1172.1939697265625,887.2095336914062,1292.388427734375,607.44140625,1297.87646484375,901.2490234375,1405.4453125,610.5982055664062,1379.4478759765625,903.38916015625,1457.74365234375,634.9768676757812,1443.7010498046875,863.5230712890625
622.527099609375,644.6607055664062,593.72412109375,913.6001586914062,640.6325073242188,652.107421875,615.14208984375,916.23876953125,658.6403198242188,653.27001953125,633.2809448242188,916.9237060546875,694.1817016601562,656.5692138671875,667.992431640625,904.995361328125,720.9849243164062,625.1657104492188,699.6073608398438,898.1624145507812,723.5545043945312,596.2932739257812,710.0326538085938,871.2514038085938,736.1521606445312,600.4796752929688,721.6602172851562,872.58935546875,972.6773071289062,634.5618286132812,942.0863647460938,927.3968505859375,990.4052124023438,644.8291625976562,965.5264282226562,923.9423217773438,1007.8456420898438,656.7285766601562,987.0939331054688,915.1155395507812,983.7623901367188,660.6506958007812,965.095703125,880.4998779296875,965.8428344726562,626.9005126953125,952.2674560546875,884.7989501953125,949.9580688476562,606.0662231445312,939.389892578125,868.5489501953125,972.0671997070312,601.144287109375,960.0394287109375,868.9430541992188,592.4822387695312,586.492431640625,572.94287109375,892.11328125,789.4640502929688,610.4337158203125,774.8982543945312,871.707763671875,842.8766479492188,616.3226318359375,831.5933227539062,870.0966796875,897.8154907226562,612.4320068359375,889.0772705078125,868.3969116210938,1051.75830078125,595.1697998046875,1025.2890625,876.4710083007812,1134.160400390625,603.3789672851562,1120.0181884765625,884.0713500976562,1204.2030029296875,606.8357543945312,1164.7474365234375,886.88623046875,1291.4942626953125,607.5869750976562,1295.9180908203125,900.8114013671875,1404.6536865234375,611.1287841796875,1376.1229248046875,903.9398803710938,1456.8304443359375,635.8739013671875,1442.337158203125,863.8479614257812
622.1276245117188,645.9183349609375,594.5326538085938,915.6480102539062,640.3799438476562,652.879150390625,615.87548828125,917.7218627929688,658.226318359375,653.7880249023438,633.6541137695312,917.88818359375,693.9261474609375,656.389892578125,670.0498046875,904.9957275390625,720.2326049804688,625.079345703125,698.4717407226562,898.3460693359375,722.85546875,596.5291748046875,708.1695556640625,871.3029174804688,735.333251953125,601.09130859375,719.885498046875,872.6934204101562,972.7562255859375,634.063720703125,941.8767700195312,927.2006225585938,990.611328125,644.6333618164062,965.5025024414062,923.9512329101562,1007.9859008789062,656.6033325195312,986.9649658203125,914.9578857421875,983.3666381835938,660.6868896484375,965.8880615234375,880.71533203125,964.5579223632812,627.4027099609375,950.7625732421875,884.6714477539062,948.810302734375,606.8171997070312,937.26953125,868.3563232421875,969.8746337890625,602.1672973632812,958.711181640625,869.8954467773438,591.4939575195312,586.1376342773438,572.1900024414062,892.5430297851562,788.707763671875,610.4986572265625,772.8119506835938,871.8869018554688,841.7698974609375,616.9225463867188,830.2072143554688,870.0603637695312,896.469482421875,613.3235473632812,887.1671142578125,867.5177001953125,1048.97216796875,594.5272216796875,1022.1461181640625,876.2721557617188,1135.8878173828125,603.4871826171875,1116.597412109375,883.3511352539062,1207.7615966796875,607.5606689453125,1163.7596435546875,886.7467041015625,1293.0775146484375,607.3768920898438,1296.48974609375,901.0677490234375,1402.2137451171875,611.2427978515625,1376.16064453125,904.0027465820312,1456.05859375,636.88623046875,1441.09228515625,863.903076171875
621.556640625,647.9302978515625,594.5265502929688,915.9371948242188,640.4042358398438,653.8425903320312,616.1923828125,918.3873901367188,657.87353515625,654.10205078125,633.809814453125,918.7516479492188,693.790283203125,656.46435546875,670.2338256835938,905.0694580078125,719.7816162109375,624.9089965820312,697.825439453125,898.9256591796875,722.202392578125,596.4569702148438,707.89794921875,871.2535400390625,734.9463500976562,601.1109008789062,719.8482666015625,872.736328125,973.1359252929688,634.0150756835938,942.269287109375,927.069580078125,990.8463745117188,644.6009521484375,965.8060302734375,923.938232421875,1008.10302734375,656.6530151367188,987.2861328125,914.6663208007812,983.3972778320312,660.8289184570312,965.7618408203125,880.5413208007812,963.8603515625,628.0807495117188,949.994140625,885.062255859375,947.1936645507812,607.5877685546875,935.57275390625,868.5802001953125,969.8462524414062,602.603759765625,956.7859497070312,870.3274536132812,590.4847412109375,586.2965698242188,571.259033203125,893.0061645507812,787.7681884765625,610.4814453125,772.5497436523438,871.9638671875,840.568603515625,617.6121826171875,829.8794555664062,870.049072265625,895.5510864257812,614.1734008789062,886.440185546875,867.4557495117188,1047.9127197265625,594.4953002929688,1019.2911987304688,875.3087158203125,1137.678955078125,603.3541259765625,1115.0098876953125,882.8995971679688,1208.927490234375,607.669921875,1163.54296875,886.5271606445312,1291.9853515625,607.307373046875,1295.8299560546875,900.9488525390625,1399.8740234375,611.1751708984375,1375.675537109375,904.0176391601562,1455.121826171875,637.5499267578125,1439.9437255859375,864.0872802734375
620.826904296875,648.8402099609375,594.5137939453125,916.7713623046875,640.1900634765625,654.3119506835938,616.555908203125,919.25146484375,657.552001953125,654.3340454101562,634.0592041015625,919.6483154296875,693.578369140625,656.5668334960938,669.9375610351562,905.5623168945312,719.8074340820312,624.6743774414062,696.8809814453125,899.0337524414062,721.5628051757812,596.2775268554688,706.6713256835938,871.2979736328125,734.175537109375,600.9637451171875,718.7401733398438,872.818359375,970.0781860351562,637.83935546875,942.5757446289062,926.9559936523438,991.0635375976562,644.5801391601562,966.232421875,923.8878784179688,1007.9891357421875,656.4083251953125,987.4796142578125,914.6189575195312,983.162109375,660.4459228515625,964.5845336914062,881.5493774414062,962.3514404296875,628.3901977539062,947.5487670898438,885.4767456054688,945.9348754882812,608.2671508789062,933.5718383789062,868.6953735351562,968.6494140625,603.2257080078125,954.1198120117188,870.8094482421875,589.7200317382812,586.068603515625,570.290771484375,893.2266235351562,786.9605102539062,610.2776489257812,771.051025390625,871.958740234375,839.715576171875,617.8887939453125,827.475830078125,869.9878540039062,894.1959838867188,614.8574829101562,884.9698486328125,867.4840087890625,1046.08056640625,594.3680419921875,1015.3541259765625,874.2166137695312,1138.158935546875,603.2574462890625,1116.4141845703125,882.6083374023438,1227.8338623046875,607.7857666015625,1158.4046630859375,886.4752197265625,1292.8970947265625,607.365234375,1296.77587890625,901.3277587890625,1399.7490234375,611.7067260742188,1375.6492919921875,904.1590576171875,1454.0772705078125,638.14453125,1439.1923828125,864.28173828125
620.029541015625,650.3963012695312,593.6812133789062,918.0932006835938,640.1353149414062,655.3690795898438,615.9286499023438,920.0542602539062,657.343505859375,654.9281005859375,633.3778686523438,920.392822265625,693.152587890625,656.7872924804688,669.5078125,905.3294067382812,719.036376953125,624.7236938476562,695.5299072265625,899.2735595703125,720.5192260742188,596.3728637695312,705.3020629882812,871.2261962890625,733.114990234375,600.9420166015625,718.6057739257812,872.6950073242188,969.8892211914062,638.1411743164062,942.62646484375,926.991943359375,990.950927734375,644.6795654296875,966.3233032226562,923.7520751953125,1008.0162353515625,656.443359375,987.4041748046875,914.8203735351562,983.0692749023438,660.3822631835938,964.0466918945312,880.3555908203125,961.181396484375,628.6925048828125,945.9622192382812,885.5463256835938,944.5408325195312,609.0974731445312,933.0442504882812,869.0130615234375,967.2172241210938,603.9029541015625,952.64794921875,870.6528930664062,589.2588500976562,586.7069091796875,569.2225341796875,893.3258666992188,785.860107421875,610.2325439453125,769.8967895507812,871.6719360351562,838.9998779296875,618.1405029296875,826.686767578125,869.8546142578125,893.373046875,615.7501831054688,884.5726928710938,867.4874267578125,1046.53662109375,594.5477294921875,1016.1393432617188,873.8746948242188,1136.8104248046875,603.44677734375,1114.0772705078125,882.282958984375,1227.2889404296875,607.7897338867188,1158.2930908203125,885.9716186523438,1292.6717529296875,607.4432983398438,1295.81103515625,900.9794921875,1398.4232177734375,611.79833984375,1373.79736328125,904.59814453125,1452.676025390625,638.1804809570312,1437.67138671875,864.8385009765625
619.4752807617188,651.2350463867188,593.890869140625,920.0798950195312,639.8187255859375,655.87841796875,614.6618041992188,921.1749877929688,657.0060424804688,655.4385375976562,632.5047607421875,921.2386474609375,692.5260009765625,657.1334228515625,668.6124267578125,906.081787109375,718.34228515625,624.670166015625,695.04541015625,899.2865600585938,719.8059692382812,596.3211059570312,704.7201538085938,871.2632446289062,732.4575805664062,600.9320068359375,717.8189697265625,872.7540283203125,970.2396850585938,638.4666748046875,943.5339965820312,927.1240844726562,991.13818359375,644.499755859375,966.8538208007812,923.8518676757812,1007.867919921875,656.4323120117188,987.3260498046875,914.441162109375,982.7880859375,660.4617919921875,963.095947265625,879.28515625,960.294921875,629.1007080078125,944.3075561523438,885.3412475585938,942.7921752929688,609.6134643554688,931.8468627929688,868.9038696289062,965.20458984375,604.2571411132812,950.45068359375,870.3511352539062,587.9901123046875,586.9186401367188,568.4818725585938,893.7188110351562,785.2817993164062,610.3886108398438,769.15576171875,871.4606323242188,837.5979614257812,618.2111206054688,825.4046020507812,869.8578491210938,891.9276123046875,616.371826171875,883.6626586914062,867.4959106445312,1041.418701171875,594.46630859375,1011.0654907226562,872.79150390625,1134.102294921875,603.2272338867188,1114.0059814453125,881.7807006835938,1226.1041259765625,608.6524658203125,1155.8719482421875,885.3960571289062,1294.6885986328125,607.3222045898438,1207.2269287109375,888.22509765625,1397.99462890625,612.0067749023438,1374.4039306640625,904.4545288085938,1451.371826171875,637.9462890625,1436.90625,865.259765625
619.065185546875,651.7884521484375,594.1124877929688,921.1576538085938,639.570068359375,655.69384765625,614.8195190429688,921.1165161132812,656.8053588867188,655.7049560546875,631.9967651367188,921.4476928710938,692.1677856445312,657.3153076171875,667.9920043945312,905.5641479492188,717.6609497070312,624.73046875,692.765380859375,899.7048950195312,719.1492919921875,596.23876953125,703.98876953125,871.1148681640625,731.6565551757812,600.81591796875,717.099365234375,872.6407470703125,973.5255126953125,633.7980346679688,943.4752197265625,927.036376953125,991.6271362304688,644.4782104492188,967.0010375976562,923.90478515625,1007.82861328125,656.359619140625,987.4358520507812,914.165283203125,982.2613525390625,660.3334350585938,962.7415771484375,878.6427001953125,959.806884765625,629.54052734375,943.573974609375,884.8892211914062,942.3011474609375,609.5646362304688,931.0535888671875,869.2102661132812,964.968505859375,604.1296997070312,948.2467651367188,870.4736938476562,587.2431030273438,587.6389770507812,567.3648071289062,894.1242065429688,784.6167602539062,610.4257202148438,768.409912109375,871.254638671875,836.9669189453125,618.0855712890625,824.6713256835938,869.72705078125,891.2372436523438,616.5592651367188,883.3565063476562,867.2901611328125,1041.358154296875,594.0847778320312,1009.8676147460938,872.56201171875,1133.550537109375,603.14599609375,1112.6866455078125,881.9948120117188,1211.4017333984375,607.987060546875,1155.4879150390625,885.2738037109375,1288.841552734375,607.8687133789062,1206.3634033203125,888.1849365234375,1397.82080078125,612.4166870117188,1371.513427734375,904.8303833007812,1450.4365234375,637.7380981445312,1436.176513671875,865.5845336914062
618.6573486328125,652.6323852539062,593.8488159179688,921.8733520507812,639.1461791992188,656.0462646484375,614.3628540039062,921.4204711914062,656.540283203125,656.0585327148438,631.6555786132812,921.431884765625,691.5217895507812,657.5045166015625,667.8211669921875,905.1231689453125,716.9332275390625,624.9189453125,691.8123779296875,899.4165649414062,718.1775512695312,596.2276000976562,703.7006225585938,870.9595947265625,730.9163208007812,600.6201782226562,716.9351806640625,872.4741821289062,973.8494262695312,633.707275390625,943.6919555664062,926.853271484375,991.61865234375,644.4649658203125,967.33544921875,923.7677001953125,1007.8064575195312,656.19482421875,987.022705078125,913.8193969726562,981.7603149414062,660.1804809570312,962.1502075195312,878.3494873046875,958.5237426757812,629.5244140625,941.71142578125,883.7025146484375,942.0093994140625,609.3341674804688,929.1749267578125,867.7941284179688,963.2615356445312,604.177001953125,946.3629150390625,868.6873168945312,586.4164428710938,588.3236083984375,566.3248291015625,894.2932739257812,783.910400390625,610.756103515625,768.736572265625,871.2156372070312,836.0430908203125,618.223388671875,826.2247314453125,869.4952392578125,890.2635498046875,616.9415893554688,882.6607666015625,866.9175415039062,1038.6796875,595.3319702148438,1008.401123046875,872.2461547851562,1132.180419921875,603.1192626953125,1078.0557861328125,880.0850219726562,1211.2960205078125,607.9111938476562,1154.593017578125,885.129150390625,1287.306884765625,608.5408325195312,1205.9351806640625,887.9668579101562,1397.3087158203125,612.4500732421875,1371.2637939453125,904.8307495117188,1449.7972412109375,637.6884765625,1435.492431640625,865.9862670898438
618.53857421875,653.4458618164062,595.5255737304688,922.5679931640625,640.0180053710938,656.559326171875,615.0897216796875,922.0872802734375,656.3368530273438,656.447265625,632.0350952148438,921.4813232421875,690.896728515625,657.9107666015625,667.4775390625,904.693359375,716.3336181640625,625.1982421875,690.7308349609375,899.1026000976562,718.11181640625,596.6090087890625,703.0111694335938,870.6682739257812,730.1860961914062,600.8545532226562,716.1729736328125,872.272705078125,974.1708374023438,633.4544677734375,943.5540771484375,926.9925537109375,991.7706298828125,644.3179931640625,967.5031127929688,923.9027709960938,1007.9494018554688,655.97216796875,986.9492797851562,913.3515625,981.4057006835938,660.1032104492188,961.8707275390625,877.8806762695312,957.8062744140625,629.6509399414062,940.4913940429688,883.3635864257812,941.49609375,609.8048706054688,927.979248046875,867.0283813476562,962.1981201171875,604.1456909179688,945.4302978515625,867.9151611328125,585.672607421875,588.9411010742188,565.6002807617188,894.3204956054688,783.052490234375,611.5525512695312,768.4339599609375,871.0213012695312,835.3922729492188,618.4222412109375,825.020751953125,869.3076782226562,889.6686401367188,617.3661499023438,882.1255493164062,866.2081298828125,1037.3311767578125,594.8901977539062,1008.2752075195312,872.160888671875,1119.007080078125,600.71826171875,1112.784912109375,881.857421875,1196.51416015625,607.9501342773438,1147.28857421875,885.0458374023438,1286.2822265625,608.6637573242188,1206.53271484375,887.9263305664062,1395.286865234375,612.4021606445312,1372.262939453125,904.9078979492188,1448.817626953125,637.3395385742188,1434.9364013671875,865.9180908203125
618.2265625,654.3372192382812,597.8580932617188,922.9149169921875,639.9253540039062,656.8023681640625,616.0623168945312,922.5046997070312,656.40966796875,656.8278198242188,632.9993896484375,920.82763671875,690.80859375,658.103271484375,667.1937255859375,904.0422973632812,715.4201049804688,625.1473388671875,689.5795288085938,898.53564453125,716.4887084960938,596.9093627929688,702.9032592773438,870.617431640625,728.9429931640625,600.644287109375,715.78125,872.2967529296875,974.3147583007812,633.4432373046875,943.3564453125,926.9193115234375,991.968994140625,644.3024291992188,967.3099975585938,923.935302734375,1008.0916137695312,655.8295288085938,986.6566162109375,913.3021240234375,981.2461547851562,660.1737060546875,962.2916259765625,877.9611206054688,957.3572998046875,629.9830932617188,939.0783081054688,882.98779296875,940.6013793945312,609.9947509765625,928.1185302734375,866.3568115234375,961.537841796875,604.605712890625,944.3855590820312,867.7581176757812,585.1199951171875,589.2374267578125,564.8610229492188,894.3311157226562,781.8706665039062,611.4718627929688,767.5338745117188,870.9470825195312,834.0689086914062,618.2687377929688,822.9579467773438,868.4589233398438,888.9026489257812,617.6085205078125,880.0357055664062,867.2081298828125,1035.3037109375,594.4249267578125,1006.9049072265625,872.018798828125,1119.0804443359375,600.7388305664062,1076.5087890625,879.9439697265625,1195.7598876953125,608.0755615234375,1148.4996337890625,885.1737060546875,1322.6539306640625,605.7273559570312,1206.5582275390625,887.9112548828125,1393.3721923828125,612.0220947265625,1369.99462890625,904.7684936523438,1448.0299072265625,637.3179931640625,1434.15576171875,865.8670654296875
617.9900512695312,654.6992797851562,597.9624633789062,924.0950317382812,639.7351684570312,657.0250244140625,615.9149169921875,922.9071044921875,656.4420776367188,657.2243041992188,633.1138305664062,920.5150146484375,690.5899658203125,658.5112915039062,666.9580688476562,903.4273681640625,714.56884765625,625.1502075195312,689.259521484375,897.6140747070312,715.53125,596.990234375,702.5174560546875,870.45703125,728.2576293945312,600.4934692382812,715.2578125,872.01318359375,974.4884643554688,633.0875244140625,942.9552612304688,926.8999633789062,992.10791015625,644.0199584960938,967.0171508789062,923.9525146484375,1008.2214965820312,655.8532104492188,986.473876953125,913.2569580078125,981.193603515625,660.296875,962.1046142578125,877.6801147460938,957.0482177734375,630.6513061523438,938.0762329101562,883.23583984375,940.2388916015625,610.5822143554688,925.48486328125,867.1854248046875,960.804931640625,605.2291870117188,943.26318359375,868.16259765625,584.224853515625,589.5473022460938,564.1836547851562,894.1911010742188,780.9642944335938,611.5707397460938,767.1839599609375,870.6966552734375,832.984130859375,618.2799682617188,822.0421752929688,868.0236206054688,888.1668701171875,617.4429321289062,878.6137084960938,866.5510864257812,1034.2965087890625,594.1380615234375,1006.399658203125,872.789306640625,1117.2047119140625,600.6998901367188,1075.336669921875,879.9791259765625,1210.90869140625,608.4374389648438,1146.8985595703125,885.4356689453125,1321.6390380859375,606.0743408203125,1206.03857421875,887.8355712890625,1391.934814453125,612.033935546875,1368.5897216796875,904.95849609375,1446.8936767578125,636.908935546875,1433.5006103515625,865.62744140625
618.5247192382812,654.2191162109375,596.6463012695312,925.0526733398438,639.7738037109375,657.2252807617188,615.0091552734375,922.8468627929688,656.3495483398438,657.4781494140625,632.37890625,920.7822875976562,690.3226318359375,658.9567260742188,666.8941650390625,902.6015014648438,713.6067504882812,625.331298828125,688.9182739257812,896.5569458007812,714.9300537109375,596.9132690429688,701.3261108398438,871.1192626953125,726.9108276367188,600.6568603515625,713.5656127929688,871.9459228515625,974.7550048828125,632.5594482421875,942.2714233398438,926.3603515625,992.3289184570312,643.9019775390625,967.0411987304688,924.1024780273438,1008.2685546875,655.5528564453125,986.5157470703125,912.908203125,981.0547485351562,660.0635986328125,961.5475463867188,877.494140625,957.0018920898438,630.7296752929688,937.0064086914062,883.2394409179688,940.2134399414062,610.197265625,922.6431274414062,866.9788818359375,960.8351440429688,605.1881713867188,943.441162109375,868.169677734375,583.2699584960938,590.0100708007812,563.4474487304688,893.9263305664062,779.9784545898438,611.7402954101562,764.0396728515625,870.6644287109375,832.2999877929688,618.21630859375,819.4471435546875,868.0822143554688,888.9915161132812,616.6051025390625,875.6329956054688,866.8715209960938,1034.394287109375,593.7705078125,1005.540283203125,873.0332641601562,1118.4903564453125,600.8355712890625,1112.18505859375,881.9225463867188,1192.361328125,608.35546875,1143.8265380859375,884.7098999023438,1322.912109375,606.4893188476562,1205.5726318359375,888.0271606445312,1391.3409423828125,612.185546875,1368.2047119140625,904.7984619140625,1445.8936767578125,636.504638671875,1432.4906005859375,864.8107299804688
618.6036987304688,654.7137451171875,594.4315185546875,925.6134643554688,639.734375,657.331298828125,613.82568359375,922.937255859375,656.3173217773438,657.7173461914062,631.6725463867188,921.018310546875,689.9458618164062,659.0902099609375,666.4873657226562,901.9472045898438,712.7179565429688,625.24462890625,688.8609619140625,896.2125244140625,714.2125854492188,596.9527587890625,700.4890747070312,871.091064453125,726.2516479492188,600.7410278320312,712.3312377929688,871.9384155273438,974.7088012695312,632.5823974609375,941.8414916992188,926.4021606445312,992.5422973632812,643.8414916992188,967.0888061523438,924.1106567382812,1008.0550537109375,655.54248046875,986.3843994140625,912.5170288085938,980.5082397460938,659.5695190429688,961.4284057617188,876.7072143554688,956.2317504882812,630.6875,935.2921142578125,883.0292358398438,940.069091796875,610.0051879882812,921.3463134765625,866.5726928710938,960.5180053710938,604.832275390625,941.921875,867.8663940429688,582.5330810546875,590.2918701171875,562.6024780273438,893.3848876953125,779.4031982421875,612.0618896484375,762.4661865234375,870.4486694335938,831.7339477539062,618.370849609375,818.2041625976562,867.9171752929688,888.624755859375,616.5885009765625,874.4454956054688,866.0816650390625,1033.824951171875,593.3980712890625,1003.048828125,873.1177368164062,1117.402587890625,600.698974609375,1071.630859375,879.7108154296875,1186.685791015625,607.2542724609375,1143.7105712890625,885.1304321289062,1323.2452392578125,606.8682250976562,1204.1751708984375,888.228515625,1389.7447509765625,612.15966796875,1369.7933349609375,904.353759765625,1445.155029296875,636.162109375,1431.69384765625,864.4909057617188
618.596923828125,654.8258056640625,592.1480102539062,926.0923461914062,639.6876220703125,657.4190063476562,612.2334594726562,923.2254028320312,656.1831665039062,657.876220703125,630.3497924804688,921.1630859375,689.4088134765625,659.4723510742188,665.1199340820312,901.8652954101562,712.7550659179688,625.3648681640625,688.0831909179688,895.9042358398438,713.3538818359375,596.875732421875,698.8779907226562,870.0535278320312,725.3635864257812,600.7162475585938,711.026611328125,871.4970703125,974.5180053710938,632.5313720703125,941.7850952148438,926.2642822265625,992.711669921875,643.7389526367188,966.9657592773438,923.9530639648438,1007.7783203125,655.3048706054688,986.1019897460938,912.9305419921875,979.9307250976562,659.3705444335938,960.4267578125,876.6266479492188,954.6873779296875,630.5794677734375,934.2552490234375,882.9468383789062,938.0294799804688,610.013916015625,921.0576782226562,866.3927001953125,958.7665405273438,603.4087524414062,940.9088745117188,867.876708984375,581.586181640625,590.3309936523438,561.8950805664062,893.0543823242188,777.9878540039062,612.0324096679688,761.5913696289062,869.9411010742188,830.96484375,619.1243286132812,816.7349853515625,867.556884765625,887.66650390625,616.6349487304688,873.6338500976562,866.6492919921875,1033.988037109375,593.1155395507812,1002.4190063476562,873.43212890625,1119.0216064453125,600.911376953125,1070.66552734375,880.1063842773438,1194.7203369140625,607.7969360351562,1141.485595703125,885.2672729492188,1323.8297119140625,607.3347778320312,1204.02490234375,888.6279296875,1389.8336181640625,612.6034545898438,1371.35107421875,904.0283813476562,1444.680908203125,636.3287353515625,1430.739501953125,864.4324340820312
618.6355590820312,654.8660278320312,591.3949584960938,926.3759155273438,639.6456909179688,657.5415649414062,611.5154418945312,923.489501953125,655.9589233398438,658.1251220703125,629.5524291992188,921.2745971679688,688.875732421875,659.7396240234375,664.2291870117188,901.829833984375,711.8101196289062,625.5422973632812,687.970703125,896.090576171875,712.5404663085938,596.6866455078125,698.4217529296875,869.6551513671875,724.6885986328125,600.584228515625,710.8116455078125,871.1314697265625,974.2293701171875,632.2174072265625,941.8665161132812,926.2333374023438,992.550537109375,643.4768676757812,966.99560546875,923.9742431640625,1007.4197998046875,654.872802734375,986.0072021484375,912.9666748046875,979.7002563476562,659.3250732421875,960.1696166992188,876.7947998046875,954.7236328125,630.80224609375,932.7575073242188,882.78076171875,936.7826538085938,609.9515991210938,920.5292358398438,866.2162475585938,958.23291015625,603.2199096679688,939.3328857421875,867.972900390625,580.529052734375,590.3307495117188,561.11474609375,892.536865234375,777.0101928710938,611.963623046875,761.400634765625,869.3707885742188,830.1310424804688,619.3569946289062,816.048583984375,867.2975463867188,886.96533203125,616.8408203125,870.6547241210938,863.8012084960938,1032.6375732421875,592.708251953125,1002.0199584960938,873.7360229492188,1117.6175537109375,601.0790405273438,1069.9814453125,880.3323974609375,1188.9588623046875,607.182373046875,1141.88427734375,885.7302856445312,1323.49951171875,607.3336791992188,1204.4681396484375,888.9688720703125,1388.9681396484375,612.6168823242188,1371.0030517578125,903.721923828125,1444.0040283203125,636.62451171875,1429.626708984375,863.9595336914062
618.6267700195312,654.9081420898438,591.54052734375,926.762939453125,639.6210327148438,657.5224609375,611.0082397460938,923.9674682617188,655.9451904296875,658.2059326171875,628.90380859375,921.5943603515625,688.57373046875,659.7430419921875,663.1885986328125,901.6954345703125,710.9301147460938,625.370361328125,687.1734619140625,896.7623901367188,712.0744018554688,596.705810546875,697.5109252929688,869.2002563476562,724.334228515625,600.5938720703125,709.9597778320312,870.6544189453125,973.9940795898438,631.9821166992188,941.9608154296875,926.22412109375,992.6852416992188,643.359130859375,966.949951171875,924.0130004882812,1007.4739379882812,654.6500244140625,985.8656005859375,912.8667602539062,979.6741943359375,659.3062133789062,959.905517578125,876.39013671875,954.1478271484375,630.8043823242188,931.535888671875,882.894775390625,936.162353515625,609.9595336914062,919.2800903320312,866.5088500976562,958.1484985351562,603.0562744140625,937.9376220703125,868.1909790039062,579.33642578125,590.2939453125,560.4622802734375,891.598388671875,776.4213256835938,611.7532958984375,760.086181640625,869.0084228515625,829.1044921875,619.6543579101562,814.4850463867188,867.1763916015625,885.9306030273438,617.0733032226562,868.302001953125,863.1321411132812,1033.7117919921875,592.677734375,1002.1865234375,874.2167358398438,1118.8729248046875,601.0967407226562,1073.895263671875,881.6710815429688,1189.1961669921875,607.0624389648438,1148.73193359375,886.4357299804688,1275.935302734375,609.303466796875,1286.2806396484375,901.599853515625,1387.30859375,612.487060546875,1364.656982421875,904.1241455078125,1442.9176025390625,636.3238525390625,1428.4647216796875,863.5546875
618.5139770507812,654.9261474609375,591.9154663085938,926.6424560546875,639.5121459960938,657.52685546875,611.1803588867188,924.0842895507812,655.94384765625,658.3062133789062,628.986328125,921.5628662109375,688.622802734375,659.6818237304688,663.4700927734375,901.1577758789062,709.9835815429688,625.216552734375,686.039794921875,895.3121337890625,710.6403198242188,595.3419799804688,697.297119140625,868.7332153320312,723.3949584960938,600.3841552734375,709.553955078125,870.0472412109375,973.791015625,631.76416015625,941.815185546875,926.173095703125,992.8700561523438,643.064208984375,966.865966796875,923.9889526367188,1007.3316650390625,654.1957397460938,985.9502563476562,912.8301391601562,979.4251098632812,659.0715942382812,959.5294799804688,876.7391967773438,953.4986572265625,630.7318725585938,930.628662109375,883.3723754882812,935.64892578125,610.0940551757812,917.8336181640625,867.4141235351562,957.8251953125,602.7300415039062,937.03369140625,868.6197509765625,578.5459594726562,589.97314453125,559.602783203125,890.4828491210938,776.0635986328125,611.7159423828125,760.1548461914062,868.916259765625,828.6956176757812,620.4431762695312,814.2000732421875,867.3655395507812,884.9151611328125,617.3740234375,868.4412841796875,865.0066528320312,1033.259521484375,592.30712890625,1002.844482421875,874.4750366210938,1116.3941650390625,600.65380859375,1073.9967041015625,882.162353515625,1189.4041748046875,606.7474365234375,1149.2806396484375,886.8574829101562,1272.7108154296875,609.44677734375,1282.59228515625,900.9776611328125,1386.2283935546875,612.281982421875,1365.8043212890625,903.5380249023438,1442.1148681640625,635.8023681640625,1427.0870361328125,862.9129638671875
618.570068359375,654.9036865234375,592.0073852539062,926.680908203125,639.6221923828125,657.5616455078125,611.42138671875,924.2344970703125,656.0238647460938,658.376708984375,629.15576171875,921.4603881835938,688.3488159179688,659.7022094726562,663.5443725585938,900.001220703125,708.785400390625,624.8203735351562,685.21630859375,895.1387329101562,709.4613647460938,595.3245849609375,696.4903564453125,868.3810424804688,722.1461181640625,600.2088623046875,709.1642456054688,869.7182006835938,973.6469116210938,631.971435546875,941.7752685546875,926.0995483398438,992.9521484375,642.992919921875,967.032470703125,923.9476928710938,1006.5955200195312,654.9104614257812,985.9951782226562,912.7083129882812,978.8311767578125,658.7384033203125,959.1455078125,877.1239624023438,952.935546875,630.6592407226562,929.4759521484375,883.5654296875,934.9292602539062,609.4573974609375,916.8261108398438,867.7240600585938,957.16748046875,602.5853271484375,936.23974609375,868.8505859375,577.9651489257812,589.63818359375,558.8202514648438,889.5866088867188,775.11083984375,611.6995849609375,759.5765380859375,868.63818359375,828.0375366210938,621.0826416015625,813.895751953125,867.1883544921875,883.9840698242188,617.47021484375,867.985595703125,865.43408203125,1030.9630126953125,592.056640625,1003.912841796875,875.2015380859375,1117.9571533203125,601.0047607421875,1076.225341796875,883.1058349609375,1190.710205078125,606.87744140625,1161.4229736328125,889.0328369140625,1275.7747802734375,609.1968994140625,1281.4366455078125,901.0670776367188,1384.4166259765625,612.1769409179688,1363.4615478515625,903.502685546875,1441.477294921875,635.2730712890625,1426.037109375,861.9393920898438
618.5932006835938,654.89990234375,592.0401000976562,926.755615234375,639.5300903320312,657.5945434570312,611.6575317382812,924.3848876953125,655.9886474609375,658.390625,629.2279052734375,921.24462890625,687.9077758789062,659.7105712890625,663.2481689453125,899.0634155273438,707.7744140625,624.5516357421875,684.9442138671875,894.4148559570312,708.3773193359375,594.9793090820312,695.806640625,867.943115234375,721.0972290039062,599.8709716796875,708.4845581054688,869.2623291015625,973.3592529296875,632.4772338867188,941.7769165039062,926.1577758789062,992.8914794921875,642.8770751953125,966.8059692382812,924.0029296875,1006.325927734375,654.9400024414062,985.9672241210938,912.77685546875,978.32666015625,658.455078125,958.853515625,877.0477905273438,952.25732421875,630.9022216796875,929.1769409179688,883.5953979492188,934.3199462890625,609.7990112304688,916.5697631835938,867.7843627929688,956.4682006835938,602.7889404296875,935.7337036132812,868.8040771484375,577.5299072265625,589.2249145507812,558.3052368164062,888.8629150390625,774.6284790039062,611.931396484375,759.3779907226562,868.3704223632812,827.5381469726562,621.3192138671875,813.5969848632812,866.9066162109375,883.1947021484375,617.823486328125,867.638427734375,865.4199829101562,1030.233642578125,591.9032592773438,1005.4218139648438,875.9855346679688,1109.8955078125,599.316650390625,1098.0343017578125,884.7021484375,1187.195556640625,605.9343872070312,1164.41064453125,889.3881225585938,1276.0487060546875,608.7369995117188,1286.55712890625,902.7166748046875,1383.4129638671875,612.2396240234375,1365.789794921875,902.7511596679688,1440.292236328125,634.66064453125,1424.55322265625,860.6441040039062
618.5901489257812,654.8314819335938,591.8775634765625,926.636962890625,639.4353637695312,657.67138671875,611.2670288085938,924.364013671875,655.8856201171875,658.3614501953125,628.8955078125,921.0498657226562,687.3607177734375,659.7136840820312,663.1395874023438,898.5812377929688,706.7609252929688,624.5418701171875,683.9099731445312,894.243896484375,707.4373168945312,594.8903198242188,695.4009399414062,867.4691772460938,720.218505859375,599.6561889648438,708.1078491210938,868.8291015625,973.4077758789062,632.8767700195312,942.0718994140625,926.1235961914062,993.013427734375,642.8212280273438,966.9683227539062,923.895263671875,1006.2625732421875,654.7915649414062,985.6603393554688,912.4737548828125,977.63134765625,658.4284057617188,957.6475219726562,877.1715087890625,951.7055053710938,631.0985107421875,927.4290161132812,883.9974975585938,933.6808471679688,609.7738647460938,915.1207885742188,867.8096313476562,956.15771484375,602.7869873046875,934.2861938476562,868.7748413085938,576.7660522460938,588.8915405273438,557.6871337890625,887.8417358398438,773.6519775390625,611.8465576171875,758.8616333007812,868.1461181640625,827.1964111328125,621.3651123046875,812.6785278320312,866.4916381835938,882.5870361328125,617.8914184570312,866.6206665039062,865.5602416992188,1029.945556640625,592.0179443359375,1004.8192138671875,876.2369384765625,1108.5618896484375,598.772216796875,1096.542236328125,885.0706176757812,1186.513671875,605.7924194335938,1164.6239013671875,889.8103637695312,1305.30224609375,607.2382202148438,1281.5400390625,901.528076171875,1383.02001953125,612.4749145507812,1363.6632080078125,902.6350708007812,1439.229248046875,634.0972290039062,1423.84619140625,859.5818481445312
618.6066284179688,654.8247680664062,591.5571899414062,926.8596801757812,639.3335571289062,657.6475219726562,611.23046875,924.3018798828125,655.8159790039062,658.4351196289062,628.8800659179688,920.7374267578125,686.9151611328125,659.5776977539062,662.8306884765625,897.42431640625,705.9705810546875,624.3015747070312,682.7192993164062,893.6578979492188,707.2962036132812,594.4812622070312,694.23681640625,867.0918579101562,720.109619140625,599.3212280273438,707.280029296875,868.2849731445312,973.58642578125,633.6939086914062,941.6979370117188,926.0448608398438,992.9235229492188,642.8557739257812,966.5023193359375,923.8072509765625,1006.324951171875,654.5151977539062,985.516845703125,912.3972778320312,976.9934692382812,658.2078247070312,957.5087890625,877.209716796875,951.1013793945312,631.0031127929688,927.10400390625,883.9796752929688,933.077880859375,609.8049926757812,914.667236328125,867.941162109375,955.7400512695312,602.9605102539062,933.9877319335938,868.8352661132812,576.2679443359375,588.3569946289062,556.7882690429688,887.0288696289062,773.683349609375,612.06298828125,759.0028686523438,867.4404296875,826.8090209960938,621.353759765625,811.8240966796875,866.1427612304688,882.325439453125,618.0889282226562,865.7823486328125,865.4367065429688,1028.9031982421875,591.6948852539062,1004.3547973632812,876.994140625,1102.2098388671875,597.8095703125,1098.0316162109375,885.6166381835938,1181.2760009765625,605.1724243164062,1162.4281005859375,889.9825439453125,1300.7994384765625,607.1913452148438,1286.525634765625,903.051513671875,1382.9273681640625,612.69873046875,1369.4510498046875,901.951904296875,1438.7447509765625,633.9785766601562,1423.149169921875,859.199951171875
618.5975952148438,654.8399658203125,591.3263549804688,926.7566528320312,639.27001953125,657.6117553710938,610.874755859375,924.2786865234375,655.7542114257812,658.4885864257812,628.5960083007812,920.6598510742188,686.5932006835938,659.3816528320312,662.260986328125,897.1917114257812,705.0950927734375,624.0079956054688,681.608154296875,893.4461669921875,706.5913696289062,594.2921142578125,693.2265625,866.8615112304688,719.4762573242188,598.9296264648438,706.3333740234375,868.0389404296875,972.1285400390625,632.0110473632812,941.8842163085938,926.0272827148438,992.7948608398438,642.7417602539062,966.606689453125,923.8135986328125,1006.1566162109375,654.3580932617188,985.354736328125,912.1377563476562,976.4606323242188,658.8615112304688,956.66796875,877.7250366210938,950.2803344726562,631.1458740234375,926.0297241210938,884.2767944335938,932.1282348632812,610.0629272460938,913.3637084960938,868.1858520507812,954.6963500976562,603.1911010742188,932.97607421875,868.9889526367188,575.6170654296875,587.824951171875,555.9513549804688,886.1539306640625,773.3034057617188,611.83203125,757.7003173828125,867.1701049804688,826.5516967773438,621.3773803710938,810.2710571289062,865.9805297851562,881.5034790039062,618.1808471679688,864.5228271484375,865.5318603515625,1027.8853759765625,591.8692626953125,997.9074096679688,877.3287963867188,1106.3731689453125,598.0227661132812,1078.58349609375,885.6809692382812,1210.7669677734375,607.534912109375,1163.1484375,890.074462890625,1298.6993408203125,607.1373291015625,1189.764404296875,890.7013549804688,1382.04931640625,612.7069702148438,1369.197998046875,901.713623046875,1437.182861328125,634.2490234375,1421.7677001953125,858.1922607421875
618.60498046875,654.7997436523438,591.088623046875,926.7398681640625,639.1650390625,657.56884765625,610.8388061523438,924.1827392578125,655.641845703125,658.408935546875,628.3101196289062,920.535400390625,684.7696533203125,659.885986328125,661.7494506835938,896.7235107421875,704.0389404296875,622.7091674804688,680.4910278320312,893.1920166015625,705.5734252929688,593.8509521484375,692.3925170898438,866.529541015625,718.7438354492188,598.47216796875,705.0881958007812,867.7308349609375,972.3723754882812,633.1808471679688,941.7938842773438,926.0293579101562,992.8955688476562,642.8252563476562,966.4663696289062,923.9243774414062,1005.9979248046875,654.1507568359375,985.4065551757812,912.2322998046875,976.2473754882812,658.48388671875,957.2831420898438,877.4795532226562,949.7129516601562,631.1824951171875,926.521728515625,884.0167846679688,931.5252075195312,609.8890380859375,913.8131713867188,868.2998657226562,953.4299926757812,602.8316040039062,933.3822021484375,869.1456298828125,574.9617919921875,587.3837280273438,555.35791015625,885.318603515625,772.2178955078125,611.2543334960938,757.1399536132812,866.9588012695312,826.406982421875,621.096923828125,809.9609985351562,866.0540161132812,881.1728515625,617.9902954101562,864.4961547851562,865.6351318359375,1027.307373046875,591.6204223632812,997.1951904296875,877.7196044921875,1116.295166015625,599.3370361328125,1097.178466796875,886.3920288085938,1210.9490966796875,607.3761596679688,1163.4024658203125,890.15087890625,1298.72900390625,606.9458618164062,1304.1317138671875,904.8931884765625,1381.9715576171875,612.8650512695312,1370.1502685546875,901.4951782226562,1435.839111328125,634.0621337890625,1421.2020263671875,858.2919921875
618.7714233398438,654.79443359375,590.9398193359375,926.585205078125,639.2532348632812,657.6041259765625,610.7042236328125,924.2686767578125,655.7386474609375,658.43408203125,627.9943237304688,920.7366333007812,684.7973022460938,659.8568115234375,660.8279418945312,896.6254272460938,703.5398559570312,622.3303833007812,678.896728515625,892.5679931640625,705.15185546875,593.536376953125,691.18115234375,866.4133911132812,718.3540649414062,598.1641235351562,704.2089233398438,867.5239868164062,973.70703125,634.3062133789062,942.0343627929688,925.923583984375,993.2894287109375,642.7196655273438,966.610107421875,923.8405151367188,1006.2803344726562,653.9287719726562,985.273193359375,912.0849609375,976.0037231445312,658.1935424804688,956.9047241210938,877.5321655273438,949.3934326171875,631.1724243164062,926.9982299804688,883.92626953125,931.1966552734375,609.940185546875,913.7478637695312,868.2395629882812,953.047119140625,603.0557861328125,933.3623046875,869.3817749023438,574.209228515625,586.8291625976562,554.7045288085938,884.7431640625,771.6578979492188,611.0081176757812,755.87646484375,866.9286499023438,826.2274780273438,620.8123168945312,809.3463134765625,866.10986328125,880.9410400390625,617.92041015625,864.1863403320312,865.5995483398438,1027.0067138671875,591.601806640625,998.5628662109375,878.2540893554688,1131.60888671875,600.3640747070312,1084.0704345703125,886.58447265625,1210.808837890625,607.3170776367188,1161.7509765625,890.4612426757812,1295.568359375,607.5819091796875,1303.9927978515625,904.8765869140625,1381.909912109375,612.8237915039062,1369.1981201171875,901.7168579101562,1434.8919677734375,633.8757934570312,1420.5501708984375,858.2315673828125
618.71728515625,654.7831420898438,590.7122802734375,926.615966796875,639.2384033203125,657.5950927734375,610.520751953125,924.3899536132812,655.7481079101562,658.462890625,627.6150512695312,920.7850341796875,684.5853271484375,659.7633056640625,659.8313598632812,896.3682250976562,702.9175415039062,622.208740234375,677.169921875,892.1145629882812,704.5164794921875,593.2593383789062,689.7127075195312,865.9021606445312,717.93798828125,597.9500122070312,703.6456909179688,867.2877807617188,973.6990356445312,634.6332397460938,942.3125610351562,925.9278564453125,993.1566772460938,642.6821899414062,967.0148315429688,923.7387084960938,1006.4064331054688,653.4786376953125,985.1834106445312,911.401611328125,975.312744140625,657.9043579101562,955.7515869140625,878.0744018554688,948.5534057617188,630.8269653320312,925.3919067382812,884.2681884765625,930.2946166992188,609.7228393554688,912.6946411132812,868.0264892578125,952.2850341796875,602.7254638671875,932.146484375,869.3411254882812,573.6055297851562,586.9678344726562,553.98681640625,884.3155517578125,770.8812255859375,610.9777221679688,754.861328125,866.7975463867188,825.5669555664062,620.842529296875,808.4384765625,865.9558715820312,879.8739624023438,617.8656005859375,863.310546875,865.5215454101562,1025.962646484375,591.4834594726562,996.9384765625,878.451904296875,1101.1177978515625,597.5734252929688,1062.4031982421875,885.3372192382812,1211.3209228515625,607.3092041015625,1161.534423828125,890.7735595703125,1295.395751953125,607.5111083984375,1304.546875,905.0225830078125,1382.0291748046875,612.9852294921875,1369.722900390625,901.603515625,1434.1046142578125,633.3753051757812,1419.517578125,858.5026245117188
618.727783203125,654.8236694335938,590.6017456054688,926.6260375976562,639.2281494140625,657.6531982421875,610.4424438476562,924.4462890625,655.6858520507812,658.551025390625,627.4573974609375,920.8346557617188,684.2986450195312,659.9320068359375,659.36962890625,896.1181030273438,702.1505737304688,622.2955322265625,675.7828979492188,891.9984741210938,703.7938232421875,593.3700561523438,688.0221557617188,865.626220703125,717.0635375976562,597.9140014648438,701.98046875,866.98876953125,972.2525634765625,632.7243041992188,942.1111450195312,925.9072875976562,992.9762573242188,642.353271484375,967.0493774414062,923.84228515625,1006.241455078125,653.273681640625,985.0206909179688,911.2312622070312,974.89453125,657.8866577148438,955.1510620117188,878.28466796875,947.6405639648438,630.5721435546875,924.7335205078125,884.5388793945312,929.5140380859375,609.6618041992188,912.2802124023438,868.15576171875,951.7471923828125,602.5296630859375,931.3773803710938,869.3596801757812,572.5202026367188,586.2578125,553.38134765625,883.9679565429688,769.9061279296875,610.704345703125,753.6256103515625,866.6130981445312,824.838623046875,620.9058837890625,807.7562866210938,865.849365234375,879.0256958007812,618.250732421875,863.0759887695312,865.5678100585938,1026.9835205078125,591.6207885742188,996.0512084960938,878.5277709960938,1103.504150390625,597.9132080078125,1060.807861328125,885.39208984375,1209.87890625,607.3541870117188,1161.4481201171875,891.0826416015625,1294.295166015625,607.6484375,1304.322509765625,904.9694213867188,1382.4862060546875,613.1022338867188,1367.1697998046875,901.0508422851562,1433.4669189453125,632.9327392578125,1419.0821533203125,858.3939208984375
618.6983032226562,654.8511962890625,590.7752075195312,926.740234375,639.1931762695312,657.6522827148438,610.5922241210938,924.613525390625,655.6484375,658.5953369140625,627.4401245117188,920.8409423828125,684.0062255859375,659.9484252929688,659.0598754882812,895.9453735351562,701.6282348632812,621.957275390625,675.825927734375,892.1047973632812,703.2327880859375,593.2703857421875,688.462158203125,865.5185546875,716.3538208007812,597.8048095703125,702.6741943359375,866.9888916015625,972.4822387695312,632.1195068359375,942.2619018554688,925.89892578125,992.9048461914062,642.2349243164062,967.1466674804688,923.8709716796875,1006.1599731445312,652.87255859375,984.8836669921875,911.1529541015625,974.3179321289062,657.6941528320312,954.6185302734375,878.6478881835938,946.596923828125,630.4865112304688,924.6722412109375,884.5038452148438,928.7654418945312,609.6773071289062,912.1412963867188,867.8712158203125,950.6731567382812,602.3275756835938,931.4076538085938,869.2711181640625,571.5050048828125,586.2642211914062,552.5438842773438,884.1903076171875,769.1554565429688,610.5029296875,753.805419921875,866.4442749023438,824.2445678710938,620.9614868164062,808.0487670898438,865.8049926757812,878.4317626953125,618.25537109375,863.3522338867188,865.4204711914062,1026.7242431640625,591.66943359375,996.1426391601562,878.5573120117188,1107.5408935546875,598.8555908203125,1058.901123046875,885.345947265625,1211.0318603515625,607.3197021484375,1133.031005859375,890.0188598632812,1294.0103759765625,607.8634643554688,1195.912109375,892.625732421875,1382.1776123046875,613.3055419921875,1365.2862548828125,901.0301513671875,1432.8411865234375,633.0796508789062,1418.55126953125,858.35888671875
618.6351928710938,654.8921508789062,590.7589721679688,926.5366821289062,639.1381225585938,657.7160034179688,610.5816650390625,924.538330078125,655.6773681640625,658.5909423828125,627.3211669921875,920.952880859375,683.8342895507812,659.8108520507812,659.1404418945312,895.7847290039062,701.1744384765625,621.858642578125,675.649169921875,892.3684692382812,702.8331298828125,593.0892944335938,687.7286987304688,865.4456176757812,715.8642578125,597.5699462890625,701.4696044921875,866.6751098632812,973.7657470703125,633.3162841796875,942.451171875,925.9431762695312,992.9601440429688,642.0989379882812,967.2089233398438,924.0914306640625,1006.0261840820312,652.8597412109375,984.2622680664062,909.364013671875,973.39892578125,657.4896240234375,953.97998046875,878.4244995117188,945.553466796875,630.3765869140625,923.4785766601562,884.5975952148438,927.707275390625,609.5331420898438,911.2499389648438,867.30224609375,949.95849609375,602.2831420898438,930.1961059570312,868.8185424804688,570.6192626953125,586.3741455078125,551.792236328125,884.1402587890625,768.2403564453125,610.4302368164062,753.0391235351562,866.4200439453125,822.6587524414062,620.49609375,806.1893310546875,865.3665771484375,877.4620361328125,618.3612670898438,861.857177734375,865.6949462890625,1025.2698974609375,591.6548461914062,994.2777709960938,878.014404296875,1106.87646484375,599.1673583984375,1058.8804931640625,885.1476440429688,1210.4061279296875,607.314208984375,1139.026611328125,891.0968017578125,1294.0760498046875,608.1200561523438,1280.3880615234375,902.9010009765625,1380.4671630859375,612.90283203125,1362.344482421875,901.0255126953125,1432.0687255859375,633.6741943359375,1417.580078125,858.1918334960938
618.6064453125,654.8292236328125,590.7239379882812,926.5214233398438,639.21923828125,657.6720581054688,610.6309204101562,924.5477905273438,655.5576171875,658.493896484375,627.4054565429688,920.8924560546875,683.468505859375,659.8351440429688,659.2274780273438,895.5033569335938,700.6527099609375,621.591552734375,674.92041015625,892.6363525390625,702.1746215820312,593.2263793945312,687.0875854492188,865.053955078125,715.029052734375,597.6036987304688,700.508056640625,866.2531127929688,972.5601196289062,631.8362426757812,942.2305908203125,926.0244750976562,992.7276000976562,642.0809326171875,967.0564575195312,924.2628784179688,1005.7294921875,652.627197265625,983.9942016601562,909.4515380859375,972.7941284179688,656.9718017578125,953.2581176757812,878.83203125,944.54638671875,630.5043334960938,922.707763671875,884.5477294921875,926.5381469726562,609.73046875,911.8073120117188,866.998779296875,948.7185668945312,602.7520751953125,930.4498901367188,868.515869140625,569.9658813476562,586.12939453125,550.845458984375,884.4025268554688,767.130859375,611.3070678710938,752.10595703125,866.33154296875,820.9027709960938,620.068359375,805.6022338867188,865.1121215820312,876.0693359375,618.4031372070312,861.9229736328125,865.5953369140625,1023.95166015625,591.5594482421875,993.662109375,876.7953491210938,1105.117431640625,599.405517578125,1058.08642578125,884.7384643554688,1210.0640869140625,607.8977661132812,1127.10888671875,889.4180908203125,1294.359130859375,608.2740478515625,1274.64892578125,902.0687866210938,1379.10205078125,612.7107543945312,1357.8883056640625,901.1145629882812,1431.1363525390625,634.0944213867188,1416.4705810546875,857.6915893554688
618.531494140625,654.7549438476562,590.6936645507812,926.6400146484375,639.225341796875,657.6570434570312,610.7570190429688,924.6463012695312,655.5226440429688,658.4071655273438,627.5164184570312,920.883056640625,683.2870483398438,659.7543334960938,659.21435546875,895.291259765625,699.9959106445312,621.4042358398438,674.425048828125,892.5313720703125,701.9251098632812,593.1187133789062,686.803466796875,864.9453735351562,714.0942993164062,597.6278076171875,700.1134643554688,866.1055297851562,973.5608520507812,633.3161010742188,942.4317626953125,926.0396728515625,992.6989135742188,642.2258911132812,967.1552124023438,924.1112060546875,1005.3194580078125,652.8011474609375,983.7890625,908.795166015625,972.3714599609375,656.8616943359375,952.61181640625,879.1289672851562,943.8351440429688,630.5595703125,921.5079345703125,884.3766479492188,926.0150146484375,610.09912109375,910.78173828125,866.8003540039062,947.5015869140625,603.28857421875,929.9005737304688,868.0513305664062,569.4513549804688,586.0713500976562,549.835205078125,884.5001831054688,766.3734130859375,611.0205078125,750.9220581054688,866.4613037109375,819.880859375,619.4343872070312,804.5482788085938,864.8582763671875,875.000732421875,618.0401000976562,860.4441528320312,865.3355712890625,1023.0372314453125,591.576171875,992.8297729492188,876.4960327148438,1101.1058349609375,598.976318359375,1058.0142822265625,884.1578979492188,1178.4132080078125,606.4702758789062,1127.5013427734375,889.2821655273438,1302.412841796875,608.4192504882812,1273.2576904296875,901.830322265625,1377.84423828125,612.7205810546875,1355.283447265625,901.6028442382812,1430.2242431640625,635.1969604492188,1415.447021484375,857.8162841796875
618.5885620117188,654.8179321289062,590.6542358398438,926.7874755859375,639.3142700195312,657.6364135742188,610.921142578125,924.82177734375,655.4436645507812,658.3943481445312,627.5974731445312,920.8667602539062,683.0682373046875,659.8602294921875,659.2567749023438,894.8785400390625,699.6888427734375,621.3946533203125,673.9334106445312,892.341552734375,700.8856811523438,593.2041625976562,685.8695678710938,865.9376831054688,713.2530517578125,597.6650390625,699.1570434570312,865.9384765625,972.1561279296875,631.96337890625,942.0958251953125,926.1134643554688,992.3229370117188,642.1724853515625,966.7158813476562,924.264404296875,1005.2860717773438,652.583740234375,983.6109008789062,909.1304321289062,972.2228393554688,657.0038452148438,952.9070434570312,879.0687866210938,942.479248046875,630.7185668945312,922.0487060546875,883.6786499023438,925.4121704101562,609.568603515625,911.5211791992188,866.2605590820312,946.0308227539062,603.7260131835938,929.733154296875,867.6879272460938,568.5640869140625,585.9310913085938,548.8331298828125,884.7763671875,765.6018676757812,610.8320922851562,750.588134765625,866.0748901367188,818.4332885742188,619.0216674804688,804.3175659179688,864.5565795898438,873.0508422851562,617.885986328125,860.783935546875,865.2423095703125,1020.497314453125,592.7581787109375,992.4599609375,875.8248901367188,1100.892578125,598.94482421875,1100.9468994140625,886.5969848632812,1177.906982421875,606.7723999023438,1127.370361328125,889.0413208007812,1267.356201171875,608.92626953125,1272.9107666015625,901.6862182617188,1377.6549072265625,612.9860229492188,1354.5662841796875,902.0264282226562,1429.4219970703125,635.8619384765625,1415.0948486328125,858.4537353515625
618.594482421875,654.8180541992188,590.8007202148438,926.6678466796875,639.451171875,657.6642456054688,611.0294189453125,924.7486572265625,655.3890380859375,658.4122314453125,627.7156372070312,920.861572265625,682.927490234375,659.8590087890625,659.2575073242188,894.6360473632812,698.9917602539062,621.3250122070312,673.6436157226562,892.357177734375,700.0791015625,593.1026000976562,685.0089721679688,865.8792724609375,712.433837890625,597.5875244140625,697.310791015625,866.8358154296875,971.3587646484375,632.2238159179688,942.1293334960938,926.1439208984375,991.9562377929688,642.37158203125,966.8609619140625,924.1449584960938,1004.9560546875,652.5086669921875,983.399169921875,908.4828491210938,971.6282348632812,656.7677612304688,952.3584594726562,878.8941650390625,941.14892578125,631.4514770507812,921.0216674804688,883.494873046875,924.3952026367188,610.0748901367188,909.7738037109375,865.61181640625,944.9283447265625,604.4881591796875,929.2839965820312,867.0770263671875,567.7626953125,585.8828125,547.9993896484375,885.0108032226562,764.69384765625,610.576416015625,747.874267578125,866.0446166992188,817.244384765625,618.6359252929688,802.0220947265625,864.6055908203125,871.7841796875,617.7982788085938,858.319580078125,864.4820556640625,1019.26318359375,592.9810180664062,996.7066650390625,876.1416625976562,1100.1856689453125,599.075439453125,1098.8482666015625,885.85888671875,1177.090576171875,607.337158203125,1144.428955078125,890.1358032226562,1266.9815673828125,609.3528442382812,1271.0107421875,901.2110595703125,1376.9647216796875,613.3157958984375,1354.228759765625,902.3273315429688,1428.7569580078125,636.537109375,1414.7314453125,859.8723754882812
618.5686645507812,654.8452758789062,590.7349853515625,926.5758666992188,639.5421142578125,657.704345703125,610.9973754882812,924.6569213867188,655.4827270507812,658.55908203125,627.6531372070312,920.8645629882812,682.739013671875,659.9813842773438,659.0311279296875,894.5366821289062,698.1041870117188,621.3291015625,673.2667236328125,892.4649047851562,699.178466796875,593.268310546875,684.9428100585938,865.4601440429688,711.1866455078125,597.9458618164062,697.37353515625,866.5945434570312,970.3638305664062,633.6516723632812,942.163818359375,926.3180541992188,991.8701782226562,642.548583984375,966.7548217773438,924.19287109375,1004.4996337890625,652.4307250976562,982.8917236328125,908.3809814453125,971.0263061523438,656.5932006835938,952.5504150390625,878.8992309570312,939.9644775390625,631.6572265625,921.4375610351562,882.9124145507812,923.6443481445312,610.582275390625,910.0218505859375,864.992431640625,944.201171875,604.9327392578125,929.4586181640625,866.9120483398438,566.9683227539062,585.5675659179688,547.2982788085938,885.2030639648438,764.0895385742188,610.9674682617188,747.745361328125,866.0591430664062,816.0763549804688,618.7256469726562,801.623779296875,864.3533325195312,872.3670043945312,617.8507690429688,858.1311645507812,864.0966796875,1018.4026489257812,592.7780151367188,993.8513793945312,874.8527221679688,1098.8140869140625,599.1558837890625,1096.7044677734375,885.12841796875,1177.7586669921875,607.4884033203125,1147.1204833984375,889.8348388671875,1269.042724609375,609.6792602539062,1270.189208984375,901.0408325195312,1377.924072265625,614.2528686523438,1349.0806884765625,903.2787475585938,1428.5877685546875,637.1173706054688,1414.39453125,860.8153686523438
618.5728149414062,654.9971313476562,590.86962890625,926.4840698242188,639.5635986328125,657.8340454101562,611.1654052734375,924.6166381835938,655.5623168945312,658.7109985351562,627.784912109375,920.8329467773438,682.54296875,660.255126953125,658.9938354492188,894.1084594726562,697.2020263671875,621.3150024414062,672.7616577148438,892.1962890625,698.2276611328125,592.9288330078125,684.065185546875,864.510986328125,710.3062744140625,597.6851806640625,696.2666015625,866.3523559570312,970.8905029296875,632.4092407226562,941.95361328125,926.383056640625,991.6937255859375,642.4249877929688,966.7075805664062,924.552978515625,1004.027587890625,652.4036865234375,982.637451171875,908.0220336914062,970.64208984375,656.5684814453125,951.4903564453125,879.59228515625,939.1981811523438,632.0082397460938,920.211181640625,883.0165405273438,922.531982421875,610.9691162109375,907.3924560546875,864.4591674804688,943.4585571289062,605.1216430664062,927.996337890625,867.0462646484375,566.0386352539062,585.3963012695312,546.578125,885.26123046875,762.9864501953125,610.7575073242188,746.9249877929688,866.014404296875,815.4454956054688,619.5870361328125,800.3345336914062,863.9320068359375,871.2047729492188,618.5414428710938,856.9306030273438,862.6842651367188,1018.2113037109375,592.933837890625,990.15625,873.2753295898438,1099.5914306640625,599.63037109375,1059.9317626953125,882.0592041015625,1180.4498291015625,607.4227294921875,1131.7216796875,887.074951171875,1269.30419921875,609.958740234375,1267.03173828125,900.229736328125,1377.064453125,614.7994384765625,1347.6959228515625,903.9766845703125,1427.841796875,637.4384765625,1413.8087158203125,862.0162963867188
618.5775756835938,655.0546875,591.1619262695312,926.5524291992188,639.4888916015625,657.9081420898438,611.3444213867188,924.6497802734375,655.6835327148438,658.8653564453125,627.8681030273438,920.7781982421875,682.514404296875,660.3043823242188,659.1309204101562,893.8616333007812,696.5648193359375,621.5328369140625,672.3363647460938,891.9346313476562,697.5261840820312,593.2460327148438,683.0569458007812,864.5527954101562,709.4847412109375,597.7860107421875,695.0370483398438,866.4111328125,970.1293334960938,633.9867553710938,941.8455810546875,926.4301147460938,991.4303588867188,642.7761840820312,966.7889404296875,924.5839233398438,1003.3063354492188,652.1611328125,982.1360473632812,907.5911865234375,969.9801025390625,656.1949462890625,951.03466796875,880.2772827148438,938.7682495117188,631.4851684570312,919.7294311523438,882.3148193359375,921.0826416015625,611.2518310546875,907.4000854492188,864.3345336914062,942.2633056640625,603.9966430664062,927.3137817382812,866.915283203125,564.9274291992188,585.6596069335938,545.84521484375,885.3301391601562,761.9288330078125,610.94970703125,747.6610107421875,866.0104370117188,814.5266723632812,619.5497436523438,800.0939331054688,863.6459350585938,869.862060546875,618.7486572265625,856.622802734375,862.9974365234375,1017.400390625,593.0611572265625,989.5953369140625,872.6258544921875,1099.2122802734375,599.8809814453125,1058.0557861328125,881.4175415039062,1178.9107666015625,607.4973754882812,1124.70849609375,885.9959716796875,1261.58837890625,610.191650390625,1266.2034912109375,900.260986328125,1375.1077880859375,614.4696044921875,1347.44189453125,904.3352661132812,1427.340576171875,637.9334716796875,1413.292724609375,863.1224365234375
618.6716918945312,655.0904541015625,591.1636352539062,926.4558715820312,639.5896606445312,657.9020385742188,611.2762451171875,924.72119140625,655.6991577148438,658.908447265625,627.734130859375,920.8565063476562,682.1417846679688,660.4486083984375,658.64892578125,893.76171875,695.52978515625,621.2277221679688,671.5487670898438,891.7422485351562,695.2937622070312,592.8023681640625,681.8018798828125,864.223876953125,708.5244140625,597.8317260742188,693.4146118164062,865.9716796875,969.7612915039062,634.0591430664062,941.9470825195312,926.4454345703125,990.9944458007812,642.800048828125,966.7360229492188,924.33544921875,1002.7139282226562,652.2053833007812,981.5009155273438,906.9930419921875,970.7914428710938,654.9171142578125,949.9207153320312,880.4114990234375,937.867431640625,631.6434326171875,918.876708984375,882.4952392578125,920.2031860351562,611.216064453125,906.2149047851562,863.994140625,941.8739624023438,604.0664672851562,926.2109375,866.5892944335938,564.0278930664062,585.1987915039062,544.92138671875,885.1646118164062,760.8600463867188,610.8787841796875,745.5454711914062,866.0460205078125,813.4923095703125,619.6044311523438,798.931640625,864.6155395507812,868.8029174804688,619.0901489257812,855.6114501953125,862.7105102539062,1017.3179321289062,593.0197143554688,988.8701171875,872.2064819335938,1096.246826171875,599.7705688476562,1058.845703125,880.876708984375,1177.8387451171875,607.40478515625,1126.0545654296875,885.785888671875,1259.469970703125,610.3493041992188,1271.4140625,901.4124145507812,1373.82470703125,614.4497680664062,1348.153076171875,904.4666137695312,1426.6578369140625,638.2996215820312,1412.578125,863.8788452148438
618.6319580078125,655.0089111328125,591.2940063476562,926.3888549804688,639.6839599609375,657.9307250976562,611.3433837890625,924.6594848632812,655.802734375,659.0255737304688,627.6170654296875,920.9785766601562,681.9918212890625,660.3870849609375,658.3665771484375,893.447509765625,694.896240234375,622.1091918945312,670.9179077148438,891.2078857421875,694.4597778320312,592.9033203125,680.31005859375,864.100341796875,707.5921020507812,597.8717041015625,691.435791015625,865.7156982421875,969.1588134765625,633.6251220703125,941.6884155273438,926.54150390625,990.4578857421875,642.8037109375,966.7096557617188,924.341552734375,1002.942138671875,651.6386108398438,980.970947265625,905.7896728515625,969.520751953125,655.0960083007812,948.5621337890625,880.8429565429688,937.2223510742188,632.3976440429688,916.9356689453125,882.4334716796875,919.1759643554688,611.5552368164062,904.8624267578125,864.1812133789062,941.1122436523438,604.14306640625,924.515380859375,866.1472778320312,563.0390014648438,584.9634399414062,543.9625244140625,885.1376953125,760.004150390625,610.7782592773438,744.3015747070312,866.0015869140625,812.4862670898438,620.0081787109375,797.248291015625,864.0648193359375,867.4644775390625,619.391845703125,853.9581909179688,862.14892578125,1017.0504760742188,593.1799926757812,988.7523193359375,872.0345458984375,1099.85498046875,600.0714721679688,1057.7598876953125,880.3901977539062,1178.3665771484375,607.3853759765625,1125.42724609375,885.5422973632812,1256.359619140625,610.7345581054688,1265.8663330078125,900.2010498046875,1373.19140625,614.6317749023438,1343.999755859375,904.9443969726562,1426.087158203125,638.4811401367188,1411.7181396484375,864.29248046875
618.5349731445312,655.048583984375,591.3322143554688,926.1272583007812,639.6569213867188,657.881591796875,611.3573608398438,924.787109375,655.6412963867188,659.0827026367188,627.4478149414062,921.2069091796875,681.759033203125,660.5977172851562,657.41748046875,893.19677734375,694.3115844726562,622.2651977539062,669.4857788085938,891.3277587890625,693.4588623046875,593.0936279296875,679.682373046875,863.739013671875,706.558349609375,597.9763793945312,690.776611328125,865.3107299804688,968.91455078125,633.58984375,941.6547241210938,926.5650024414062,990.1102905273438,642.6372680664062,967.0892944335938,924.3637084960938,1002.0211791992188,651.4783325195312,980.6748046875,904.9749145507812,968.156005859375,654.2595825195312,948.3494262695312,880.7240600585938,936.3342895507812,632.8854370117188,916.38623046875,882.0593872070312,918.370361328125,611.72900390625,903.6718139648438,863.736328125,938.8427124023438,605.1267700195312,923.7603759765625,865.3775634765625,562.0785522460938,584.9637451171875,542.9382934570312,884.7452392578125,758.8583984375,610.8306884765625,743.6197509765625,865.7157592773438,811.82958984375,620.2291870117188,796.9891967773438,863.82373046875,866.6412963867188,619.4461669921875,852.8173217773438,861.9266967773438,1014.5067138671875,593.2391357421875,986.5626831054688,871.615966796875,1101.91552734375,600.5657348632812,1057.0740966796875,880.193603515625,1179.916259765625,608.2001953125,1123.74365234375,885.4590454101562,1260.0145263671875,610.665771484375,1265.528564453125,900.360595703125,1372.0592041015625,614.7880249023438,1343.0999755859375,905.0188598632812,1425.1075439453125,638.8622436523438,1410.2093505859375,864.4771118164062
618.6317749023438,654.9683837890625,591.0745849609375,926.2133178710938,639.6600341796875,658.04248046875,611.2575073242188,924.76171875,655.5663452148438,659.2637939453125,627.4692993164062,921.1370849609375,681.6316528320312,660.7627563476562,655.3319702148438,892.1860961914062,693.0630493164062,622.397216796875,667.5394897460938,890.9578247070312,692.603271484375,593.434326171875,677.768310546875,863.3057250976562,705.6173095703125,598.2529296875,688.8853149414062,864.834228515625,969.3931884765625,634.1492919921875,941.4190063476562,926.6248168945312,989.6361083984375,643.0077514648438,967.3120727539062,924.390380859375,1001.5770263671875,651.2831420898438,980.0482177734375,904.41015625,967.0347290039062,653.9078979492188,947.3853149414062,880.2913818359375,935.0623779296875,633.1640014648438,914.8833618164062,881.7359619140625,916.8050537109375,612.0656127929688,901.8787841796875,863.7144165039062,937.8339233398438,604.7293090820312,921.7581787109375,864.966064453125,561.0929565429688,585.1947021484375,542.8320922851562,883.606201171875,758.2177124023438,611.0667114257812,741.80517578125,864.9570922851562,810.986083984375,620.3450317382812,795.4749755859375,864.189697265625,864.7176513671875,619.4885864257812,850.5885620117188,862.14892578125,1013.299560546875,593.458740234375,985.64892578125,871.1409301757812,1099.21142578125,600.6973876953125,1052.4188232421875,879.0225830078125,1176.9927978515625,609.0961303710938,1123.1824951171875,884.9990234375,1258.8175048828125,611.032470703125,1188.25390625,888.7314453125,1370.6368408203125,614.9293212890625,1340.7706298828125,905.39111328125,1424.2353515625,638.861083984375,1408.75537109375,864.5076904296875
618.6849365234375,655.0103149414062,592.0248413085938,926.1610717773438,639.6152954101562,658.1328735351562,611.2747192382812,924.8018798828125,655.4414672851562,659.5364990234375,627.286376953125,921.2097778320312,681.4281616210938,660.876953125,655.986572265625,892.6326293945312,691.6017456054688,622.1207275390625,666.0859985351562,890.37646484375,691.0663452148438,593.391845703125,676.912841796875,862.8843383789062,704.168212890625,597.8408203125,687.889404296875,864.4387817382812,969.35205078125,633.8296508789062,941.3421020507812,926.6129150390625,989.9898681640625,642.3692626953125,967.187255859375,924.4815063476562,1000.6876220703125,651.170166015625,979.8220825195312,904.5057373046875,965.6697998046875,653.944091796875,946.7160034179688,880.6543579101562,933.5869750976562,633.5743408203125,914.284423828125,881.818115234375,915.7222900390625,612.3511962890625,900.7120971679688,863.2069702148438,937.057861328125,605.3358764648438,920.1783447265625,864.3576049804688,560.0210571289062,585.0531616210938,541.3416748046875,882.652099609375,756.9585571289062,611.0169067382812,740.154052734375,864.5081787109375,809.7291870117188,620.708984375,793.8118286132812,863.806640625,862.9155883789062,619.6378784179688,849.895263671875,862.205322265625,1011.503173828125,593.9795532226562,986.2098388671875,871.1151123046875,1103.7784423828125,601.3092651367188,1053.750244140625,879.491455078125,1180.396728515625,608.7611694335938,1123.6942138671875,885.1813354492188,1257.072021484375,611.3556518554688,1180.4598388671875,888.2103271484375,1368.1031494140625,614.7900390625,1340.455078125,905.442626953125,1423.614013671875,638.8388061523438,1407.763916015625,864.5433959960938
618.6423950195312,654.9735717773438,592.1245727539062,925.974853515625,639.6456909179688,658.0735473632812,611.4458618164062,924.6262817382812,655.31884765625,659.65673828125,627.583984375,921.1199340820312,680.91845703125,661.1571044921875,655.9153442382812,891.7382202148438,690.3326416015625,621.8502197265625,665.5852661132812,890.0357666015625,689.8978881835938,593.0653686523438,675.8150024414062,862.9701538085938,702.44873046875,597.4802856445312,688.229736328125,864.5588989257812,969.2813110351562,634.078857421875,941.12353515625,926.4697875976562,990.2877807617188,642.25830078125,967.1978149414062,924.6436157226562,999.9407958984375,650.7176513671875,980.6240234375,905.6552734375,963.9019165039062,653.9937744140625,946.1714477539062,881.1577758789062,932.0874633789062,633.98828125,913.3597412109375,881.694580078125,914.669189453125,612.62939453125,899.8115234375,862.9060668945312,935.9307861328125,605.673583984375,919.5421752929688,864.1400146484375,558.7276000976562,584.8966064453125,540.1787109375,881.798583984375,755.7611083984375,610.7583618164062,738.8934326171875,864.4065551757812,809.0553588867188,620.8225708007812,792.6068115234375,863.5761108398438,862.1141967773438,620.7740478515625,849.14794921875,861.907958984375,1010.302978515625,594.1798706054688,985.587890625,870.9764404296875,1099.9111328125,601.3795166015625,1083.260009765625,881.5115966796875,1178.6544189453125,608.8070068359375,1124.5723876953125,884.9459838867188,1299.632080078125,609.9823608398438,1176.83447265625,887.8694458007812,1367.4307861328125,615.1927490234375,1340.75,905.5797729492188,1422.5880126953125,638.9468383789062,1407.048828125,864.88134765625
618.6998901367188,654.9344482421875,591.9420166015625,926.0765380859375,639.6909790039062,658.1156616210938,611.2592163085938,924.7271728515625,655.1663818359375,659.7234497070312,627.0093383789062,921.47705078125,680.3729858398438,661.4646606445312,654.5367431640625,892.1361694335938,689.355712890625,621.77197265625,664.0721435546875,889.65625,689.0696411132812,593.0214233398438,675.0162353515625,862.3606567382812,701.8876953125,597.4947509765625,687.5965576171875,863.9985961914062,968.9873046875,634.6039428710938,941.2315673828125,926.5394897460938,990.3182373046875,642.406005859375,967.1976928710938,924.6254272460938,999.1912231445312,650.4558715820312,978.8493041992188,903.9623413085938,962.4414672851562,653.5823364257812,946.0396118164062,881.201904296875,930.706787109375,634.1709594726562,913.50048828125,881.605224609375,913.2122192382812,612.9105834960938,899.5877075195312,862.7763061523438,934.8911743164062,606.087646484375,919.9773559570312,864.1207275390625,557.51513671875,585.332763671875,539.1317138671875,880.857421875,755.0065307617188,610.7635498046875,737.9354858398438,864.23876953125,808.2730102539062,620.4646606445312,791.4429931640625,863.4137573242188,861.2867431640625,620.8052978515625,848.708740234375,861.7562866210938,1010.01416015625,594.4788818359375,985.9361572265625,870.9908447265625,1099.7803955078125,601.788818359375,1083.8739013671875,881.5081176757812,1179.306884765625,608.7325439453125,1154.261962890625,887.4696044921875,1257.852783203125,611.7007446289062,1176.6708984375,888.0482177734375,1366.7733154296875,615.5432739257812,1355.2237548828125,903.8343505859375,1420.1666259765625,639.2028198242188,1405.4801025390625,864.9415893554688
618.7799682617188,654.8178100585938,591.5416259765625,926.2340698242188,639.75244140625,658.1138916015625,611.2627563476562,924.8244018554688,655.2365112304688,659.7513427734375,627.0030517578125,921.4793701171875,679.9957275390625,661.745361328125,654.224853515625,891.5870971679688,688.4243774414062,621.7158203125,663.76416015625,889.40673828125,688.2605590820312,593.116943359375,673.6763916015625,861.7506103515625,700.8809814453125,597.3638916015625,686.925537109375,863.5340576171875,967.9387817382812,635.0062866210938,941.2867431640625,926.4400634765625,989.322998046875,642.5842895507812,967.384765625,924.5614624023438,998.267822265625,650.2068481445312,979.65234375,904.9409790039062,961.4150390625,653.1663208007812,944.9904174804688,880.70361328125,929.5914916992188,634.3258666992188,912.2052001953125,881.1194458007812,912.2388916015625,612.9322509765625,897.3009643554688,862.4661254882812,934.0706787109375,606.1189575195312,917.5069580078125,863.69287109375,556.0997924804688,585.3889770507812,538.02587890625,879.7879028320312,754.038818359375,610.3560180664062,736.391845703125,863.639892578125,806.7464599609375,620.0460815429688,789.9370727539062,863.1412353515625,860.6091918945312,620.6525268554688,845.3069458007812,862.0667724609375,1007.9668579101562,594.8704833984375,980.4627685546875,870.6742553710938,1100.4644775390625,602.1458740234375,1044.4990234375,878.9481201171875,1179.0582275390625,608.7905883789062,1120.87548828125,884.3905029296875,1255.839599609375,611.8097534179688,1176.775146484375,888.1454467773438,1365.9320068359375,615.7151489257812,1340.669189453125,905.1636962890625,1418.63232421875,639.2802124023438,1404.2833251953125,864.4761352539062
618.8134155273438,654.8112182617188,591.48291015625,926.1981201171875,639.7188110351562,658.0845336914062,611.1123046875,924.791259765625,655.378662109375,659.8375854492188,626.9458618164062,921.2999877929688,679.76806640625,661.57958984375,653.9171142578125,891.3712768554688,687.6253662109375,621.4962158203125,663.21044921875,888.9672241210938,687.6385498046875,592.9465942382812,672.6563720703125,861.3778686523438,700.201904296875,597.38134765625,685.7587890625,863.0631103515625,967.9736328125,634.9265747070312,941.0297241210938,926.4959716796875,989.2319946289062,642.5928344726562,967.0786743164062,924.5745849609375,997.5306396484375,649.9695434570312,979.0289916992188,904.505859375,961.3414916992188,652.9174194335938,944.4930419921875,882.0552978515625,928.7919311523438,634.2656860351562,910.4569091796875,881.4044189453125,911.5066528320312,613.0636596679688,896.4795532226562,862.3568725585938,933.1063232421875,606.4946899414062,916.3096923828125,863.496826171875,554.8154296875,585.2399291992188,537.574951171875,879.14697265625,753.2222290039062,610.2108764648438,735.882568359375,863.5894775390625,805.9131469726562,620.1774291992188,788.474365234375,863.2616577148438,859.8146362304688,621.1005859375,844.1227416992188,862.0081176757812,1006.8856201171875,595.4586791992188,979.6774291992188,870.51513671875,1101.3541259765625,602.3479614257812,1042.8880615234375,878.7670288085938,1180.44091796875,609.0348510742188,1112.6480712890625,883.9364013671875,1290.7880859375,610.8052368164062,1178.1568603515625,888.092041015625,1364.5189208984375,615.8340454101562,1353.424560546875,903.6663818359375,1417.34765625,639.25927734375,1403.131591796875,864.3857421875
618.912841796875,654.7845458984375,591.4114990234375,926.3035888671875,639.774169921875,658.102783203125,610.9352416992188,924.9408569335938,655.4540405273438,659.719482421875,626.619140625,921.4201049804688,679.347412109375,661.5452270507812,653.392578125,891.501220703125,685.2386474609375,621.6432495117188,662.6297607421875,888.7383422851562,686.821533203125,593.01708984375,672.4271850585938,860.7265014648438,699.0841674804688,597.4239501953125,685.3092041015625,862.474609375,967.7338256835938,634.8233032226562,941.184326171875,926.601806640625,988.954833984375,642.2189331054688,967.4525756835938,924.540771484375,996.8404541015625,649.6050415039062,978.3908081054688,903.6336669921875,960.5225830078125,652.848876953125,942.9298706054688,882.0991821289062,928.1446533203125,634.4024658203125,908.4715576171875,881.3308715820312,910.8497924804688,613.1802368164062,894.788818359375,862.4148559570312,931.9345092773438,606.576904296875,914.444580078125,863.6087646484375,553.88671875,584.9533081054688,536.0322875976562,878.5625610351562,752.038818359375,610.2698974609375,735.3892822265625,863.4605102539062,804.4592895507812,619.9967651367188,787.6309204101562,863.2024536132812,858.6924438476562,621.7510375976562,843.6268920898438,862.011962890625,1005.1285400390625,595.643310546875,978.8826904296875,870.54443359375,1086.2562255859375,599.9121704101562,1083.7059326171875,881.8932495117188,1180.212646484375,608.846923828125,1113.3997802734375,884.0562133789062,1295.5166015625,610.4293823242188,1177.38134765625,888.1942138671875,1364.122314453125,615.8709106445312,1346.81640625,903.618408203125,1415.747802734375,639.9544067382812,1402.0419921875,863.8280029296875
618.910400390625,654.8316040039062,591.3479614257812,926.3749389648438,639.7379760742188,658.1649169921875,610.7152099609375,925.109130859375,655.3822631835938,659.7919921875,627.144287109375,921.7974243164062,678.9636840820312,661.4259033203125,652.4443359375,891.0865478515625,684.5177612304688,621.4739379882812,661.3845825195312,889.2372436523438,686.2804565429688,593.001953125,670.0820922851562,860.376220703125,697.7800903320312,597.2460327148438,682.8311767578125,861.9714965820312,967.189453125,634.9793090820312,941.3981323242188,926.65625,988.7100219726562,642.1106567382812,967.3670043945312,924.38916015625,996.378662109375,649.51416015625,977.387451171875,903.0989990234375,959.396728515625,652.8975830078125,941.3222045898438,881.8761596679688,927.0376586914062,635.1373291015625,907.19970703125,881.184814453125,910.0282592773438,613.0123901367188,893.552001953125,862.3759765625,929.9397583007812,606.6861572265625,912.5955200195312,864.7852172851562,552.5653076171875,585.1097412109375,534.6090698242188,877.6705932617188,751.2907104492188,610.13330078125,733.4375610351562,863.6609497070312,803.5145263671875,619.640380859375,785.5240478515625,862.8387451171875,857.1354370117188,621.3173217773438,840.7772216796875,861.3682250976562,1004.696533203125,595.8465576171875,977.1229858398438,870.529052734375,1084.6334228515625,599.95947265625,1085.014404296875,881.9775390625,1212.075439453125,610.5919189453125,1112.0050048828125,884.4246826171875,1289.9305419921875,610.9522094726562,1176.477783203125,888.0812377929688,1362.033935546875,615.5668334960938,1346.7032470703125,903.2338256835938,1413.5738525390625,640.334228515625,1400.2353515625,863.1365966796875
619.0042724609375,654.8324584960938,591.3027954101562,926.5072021484375,639.8175659179688,658.2153930664062,610.6862182617188,925.1776123046875,655.3325805664062,659.78369140625,626.372802734375,921.376708984375,678.680419921875,661.3589477539062,651.5859375,889.60693359375,684.02197265625,621.4234619140625,660.5059204101562,889.1104125976562,685.1637573242188,593.3526611328125,668.433349609375,860.8265380859375,696.846435546875,597.2850952148438,681.5966186523438,862.3912963867188,967.0950927734375,635.6875610351562,941.4176635742188,926.7915649414062,988.5048828125,642.5464477539062,967.3253784179688,924.5863647460938,995.3906860351562,649.381103515625,976.3309936523438,903.5903930664062,957.9743041992188,652.5394287109375,939.7850952148438,882.2555541992188,925.6792602539062,635.0230102539062,905.6595458984375,882.3603515625,909.1655883789062,612.94921875,892.8912353515625,862.4411010742188,928.7525024414062,607.0844116210938,911.6735229492188,864.8676147460938,551.1109008789062,584.8736572265625,533.3208618164062,876.7926025390625,750.7767944335938,611.3644409179688,731.65283203125,863.3804931640625,802.3980102539062,619.4883422851562,783.9998779296875,862.6460571289062,855.8872680664062,620.8656005859375,839.6043090820312,861.5194702148438,1002.4600219726562,596.0184326171875,975.467041015625,870.5781860351562,1068.8079833984375,599.2266845703125,1042.18994140625,879.0956420898438,1213.00439453125,610.5944213867188,1112.03515625,884.6399536132812,1288.5155029296875,611.0062255859375,1176.0118408203125,887.9713745117188,1360.87451171875,615.5147705078125,1341.4541015625,903.305419921875,1411.813232421875,640.4692993164062,1398.9085693359375,862.4061889648438
619.080810546875,654.8939208984375,591.3240966796875,926.6544189453125,639.8215942382812,658.2357788085938,610.6922607421875,925.2632446289062,655.2755126953125,659.7953491210938,626.2114868164062,921.3890991210938,678.3941650390625,661.3310546875,651.2589721679688,888.7659912109375,683.4036254882812,621.4429931640625,659.2900390625,888.660400390625,684.0374755859375,593.3348388671875,667.1809692382812,860.556640625,696.0213012695312,597.380615234375,680.7836303710938,862.1350708007812,966.951171875,635.9400634765625,941.1316528320312,926.6212768554688,988.1318969726562,642.9708251953125,966.8903198242188,924.5706787109375,994.6621704101562,649.4457397460938,975.9588623046875,903.8656005859375,956.9118041992188,652.6151123046875,940.484619140625,882.43896484375,924.5103149414062,634.7650756835938,906.1577758789062,881.9625244140625,908.2344360351562,613.1276245117188,892.080078125,862.3896484375,928.0925903320312,607.5365600585938,912.1010131835938,865.1669311523438,549.763671875,584.543212890625,532.310791015625,875.7059936523438,749.686279296875,611.0564575195312,729.7027587890625,863.2172241210938,801.579833984375,619.3387451171875,782.9790649414062,862.673828125,857.089599609375,620.2439575195312,839.5997314453125,861.2738037109375,1002.2515869140625,596.2907104492188,974.0350341796875,870.5662231445312,1068.3907470703125,599.2816162109375,1041.5009765625,879.1340942382812,1212.6229248046875,610.5899047851562,1111.71484375,884.8759765625,1289.54150390625,611.1110229492188,1175.2969970703125,888.1263427734375,1358.165771484375,615.6065063476562,1339.9803466796875,903.1276245117188,1410.6295166015625,640.4554443359375,1397.614501953125,861.659423828125
619.1974487304688,654.8580932617188,591.5524291992188,926.6450805664062,639.7630615234375,658.2858276367188,610.7549438476562,925.3207397460938,655.2383422851562,659.7958374023438,626.4629516601562,921.3067626953125,677.8748779296875,661.3040161132812,651.6613159179688,887.89697265625,682.2376708984375,621.092041015625,658.73681640625,888.0914916992188,682.64111328125,593.107421875,666.619873046875,860.044189453125,694.677734375,597.413330078125,679.4385986328125,861.7784423828125,967.0938720703125,636.2440795898438,941.2505493164062,926.6754760742188,988.3785400390625,642.9815063476562,966.9586791992188,924.1432495117188,993.9546508789062,648.906982421875,974.384765625,902.78369140625,955.1727905273438,652.2673950195312,938.3580932617188,882.7278442382812,922.7155151367188,634.6138305664062,903.8922119140625,882.0943603515625,906.5758666992188,613.2696533203125,889.7728271484375,862.5035400390625,925.72802734375,607.4029541015625,910.7688598632812,865.4042358398438,548.034423828125,584.9478759765625,531.0086669921875,874.9993896484375,748.5020141601562,610.8162231445312,728.05078125,863.172607421875,799.99658203125,618.8593139648438,782.3810424804688,863.3449096679688,855.6454467773438,619.7183837890625,837.81689453125,861.4393310546875,1001.5975341796875,596.51318359375,973.2938232421875,870.742431640625,1087.3173828125,601.1221313476562,1084.833984375,882.4675903320312,1210.081298828125,610.6071166992188,1159.8846435546875,887.5354614257812,1287.4185791015625,611.0950317382812,1174.66796875,888.07568359375,1358.65185546875,615.254638671875,1338.104248046875,902.8893432617188,1410.0096435546875,639.9547119140625,1395.8309326171875,860.1693115234375
619.22509765625,654.9314575195312,591.547119140625,926.7711791992188,639.74169921875,658.3838500976562,610.8587036132812,925.3456420898438,655.2018432617188,659.8568115234375,626.6340942382812,921.1072387695312,677.4385986328125,661.4113159179688,652.267578125,886.64990234375,681.6299438476562,621.0444946289062,657.7821044921875,887.7852783203125,681.4610595703125,593.36572265625,664.698486328125,859.711181640625,693.468017578125,597.3818969726562,677.25537109375,861.4608154296875,966.9854736328125,635.9017944335938,941.3958740234375,926.6246337890625,988.1447143554688,643.1548461914062,966.9478149414062,923.9157104492188,993.0604248046875,648.8145751953125,973.1030883789062,902.2753295898438,953.6262817382812,651.7086791992188,937.21533203125,882.4681396484375,921.8377685546875,634.489501953125,902.5783081054688,882.2348022460938,906.0765991210938,613.4957275390625,889.1539916992188,863.144287109375,925.0239868164062,607.4151611328125,909.043701171875,865.3231201171875,546.6638793945312,585.2366333007812,529.7530517578125,874.0765991210938,747.1901245117188,610.431884765625,727.3290405273438,863.2059326171875,799.1234741210938,618.8825073242188,781.1831665039062,862.9669799804688,855.2798461914062,619.212646484375,836.9818115234375,861.4096069335938,1001.7135009765625,596.8494262695312,971.8610229492188,871.12353515625,1086.8800048828125,601.6201782226562,1042.2235107421875,879.6918334960938,1161.5274658203125,608.6132202148438,1111.4482421875,885.3063354492188,1288.6319580078125,610.97998046875,1174.2950439453125,888.1286010742188,1357.4647216796875,615.2265014648438,1338.2281494140625,902.760009765625,1408.895751953125,639.8543701171875,1393.8759765625,859.1798095703125
619.2206420898438,654.93994140625,591.7042236328125,926.61328125,639.705078125,658.3736572265625,610.95361328125,925.2824096679688,655.0264282226562,659.7294311523438,626.6222534179688,921.1395874023438,676.9722900390625,661.5910034179688,652.032470703125,886.2127075195312,680.3095092773438,620.8187866210938,656.3422241210938,887.0985717773438,678.66259765625,592.67138671875,662.9420776367188,859.4419555664062,691.7116088867188,596.9657592773438,675.416015625,861.1124877929688,966.9310302734375,635.603515625,941.3884887695312,926.666748046875,988.2600708007812,643.614990234375,966.5092163085938,923.8396606445312,992.0106201171875,648.8151245117188,972.7868041992188,902.3928833007812,954.287841796875,652.1597900390625,936.7992553710938,882.7684936523438,920.522216796875,634.3932495117188,902.47314453125,882.0724487304688,905.1458740234375,613.6618041992188,888.76171875,863.1939086914062,924.3959350585938,607.6644897460938,908.7293090820312,865.4307861328125,545.781005859375,585.102783203125,528.4526977539062,873.6348876953125,745.394775390625,609.8746337890625,726.71826171875,863.3228149414062,797.44091796875,618.5662841796875,780.0152587890625,862.8633422851562,853.5658569335938,619.2140502929688,836.2313842773438,861.4163208007812,1001.0139770507812,596.5845336914062,972.8865966796875,871.6046142578125,1087.726318359375,601.689208984375,1083.353759765625,882.970947265625,1163.0870361328125,608.674072265625,1158.757568359375,887.6505126953125,1286.773193359375,610.9076538085938,1250.6405029296875,900.11181640625,1356.1002197265625,615.1821899414062,1328.284912109375,903.6514282226562,1407.710693359375,639.527099609375,1391.8338623046875,857.6852416992188
619.157470703125,654.952880859375,591.0001220703125,926.1461791992188,639.6694946289062,658.4382934570312,611.0991821289062,925.1956176757812,654.8551635742188,659.5225830078125,626.6463623046875,921.1695556640625,676.513916015625,661.4819946289062,651.92333984375,885.8369750976562,679.6190185546875,620.5573120117188,655.8028564453125,886.33544921875,677.5300903320312,592.1654052734375,661.0001831054688,859.3308715820312,690.4308471679688,596.3995971679688,673.660400390625,860.9613037109375,967.068603515625,636.2738647460938,942.5451049804688,927.57421875,988.4107666015625,643.7335815429688,966.475341796875,923.467529296875,991.2131958007812,648.6613159179688,972.32958984375,902.241455078125,953.1136474609375,652.1634521484375,936.8113403320312,882.8493041992188,918.4583740234375,634.32861328125,902.333984375,882.1140747070312,902.1719360351562,613.4008178710938,888.3402099609375,863.46630859375,922.6724853515625,607.5869750976562,908.8633422851562,865.5663452148438,544.4039306640625,585.6488037109375,527.2130126953125,873.5142822265625,742.7567138671875,608.7448120117188,725.4932250976562,863.4719848632812,795.9546508789062,618.1710815429688,779.7415161132812,863.0398559570312,851.390869140625,618.8025512695312,836.9130859375,861.5967407226562,1001.3886108398438,596.6480712890625,972.6823120117188,872.050048828125,1089.2427978515625,602.069091796875,1083.79296875,883.50732421875,1179.691650390625,609.2007446289062,1110.2430419921875,885.8609619140625,1284.1068115234375,611.2442626953125,1250.6112060546875,900.5831298828125,1355.279296875,615.5728149414062,1327.893798828125,903.4800415039062,1406.0380859375,638.3326416015625,1390.8668212890625,856.8850708007812
619.101318359375,654.9271850585938,591.608154296875,926.566650390625,639.6332397460938,658.4888305664062,610.9546508789062,924.9635620117188,654.6738891601562,659.3221435546875,626.6255493164062,920.982666015625,675.8947143554688,661.4273681640625,652.25927734375,885.0925903320312,678.5650634765625,621.50439453125,654.65625,886.0592651367188,675.8235473632812,591.9955444335938,658.6241455078125,859.31298828125,688.8524780273438,596.1799926757812,671.5347290039062,860.7513427734375,967.3568115234375,636.9308471679688,942.3882446289062,927.6817626953125,988.3563842773438,644.0405883789062,966.1923217773438,923.24072265625,990.1742553710938,648.3687133789062,970.985595703125,902.1369018554688,951.1343383789062,651.6904296875,935.481201171875,882.402587890625,916.2905883789062,634.2734985351562,900.212646484375,882.0556640625,900.369873046875,612.9154663085938,886.6797485351562,863.8910522460938,921.021484375,607.122314453125,907.4988403320312,865.5713500976562,542.7738647460938,586.336181640625,525.4225463867188,872.8203735351562,741.5787963867188,607.65576171875,723.86865234375,863.2616577148438,794.8241577148438,617.2373046875,777.7092895507812,862.7544555664062,849.3335571289062,617.8433837890625,835.0372924804688,862.0015258789062,997.509521484375,596.4514770507812,971.6143798828125,872.3868408203125,1088.7698974609375,602.2955932617188,1083.6865234375,883.4976196289062,1164.7730712890625,608.47216796875,1108.6763916015625,886.0490112304688,1240.1025390625,612.2138061523438,1248.92724609375,900.3677978515625,1353.5841064453125,615.7212524414062,1326.5201416015625,903.4010620117188,1403.421875,637.33984375,1388.9285888671875,856.4439086914062
619.1073608398438,654.8685913085938,591.5924682617188,926.5267333984375,639.6039428710938,658.5086669921875,610.9185791015625,925.014892578125,654.5628662109375,659.3021850585938,626.5083618164062,921.186767578125,675.4182739257812,661.4840087890625,651.3502807617188,885.0324096679688,677.1851196289062,621.4013671875,653.357177734375,885.7052612304688,674.461181640625,591.8897705078125,656.7672729492188,859.420166015625,687.4480590820312,595.8336791992188,669.7901611328125,860.8748168945312,967.1796875,637.0408325195312,942.1917114257812,927.8400268554688,988.116455078125,644.3234252929688,965.6818237304688,923.2796020507812,989.107421875,647.4523315429688,971.14404296875,902.7932739257812,949.834228515625,651.1516723632812,934.184814453125,882.011474609375,914.6193237304688,634.6541137695312,899.4661865234375,882.0384521484375,899.3568725585938,613.045654296875,886.090576171875,863.9727783203125,919.9273681640625,607.5614013671875,906.7286987304688,865.599365234375,541.3749389648438,587.7852172851562,523.5298461914062,872.2760009765625,740.3759155273438,607.1290283203125,721.92724609375,863.2255859375,793.5192260742188,616.4031372070312,776.365478515625,862.8208618164062,848.0026245117188,616.9656372070312,835.0288696289062,862.01171875,994.8889770507812,596.3141479492188,970.1264038085938,872.4820556640625,1088.1702880859375,602.45703125,1083.4281005859375,883.7933959960938,1182.8448486328125,609.4197998046875,1107.22412109375,886.4760131835938,1237.5047607421875,612.11181640625,1247.612060546875,900.202392578125,1351.1695556640625,615.3378295898438,1338.261474609375,901.2686767578125,1401.317138671875,636.6400756835938,1386.65380859375,856.205810546875
619.1583862304688,654.83544921875,591.3516845703125,926.6105346679688,639.6205444335938,658.4605712890625,611.0022583007812,924.927734375,654.4403076171875,659.1781616210938,626.5159912109375,921.0233154296875,675.0618896484375,661.13134765625,651.2451782226562,884.8842163085938,675.6276245117188,620.9774780273438,652.4961547851562,885.2772216796875,672.9214477539062,591.7854614257812,655.8975219726562,859.623046875,685.1231079101562,595.559814453125,669.162109375,861.0205078125,967.0693359375,637.6240844726562,941.7610473632812,927.9666137695312,987.6608276367188,644.4741821289062,965.446533203125,923.124267578125,988.423095703125,648.1477661132812,969.8124389648438,902.7186279296875,948.0128173828125,650.4408569335938,933.322998046875,881.613037109375,912.76416015625,634.40869140625,897.783935546875,881.9921875,897.1299438476562,612.9139404296875,884.3917846679688,863.8779296875,918.3865356445312,607.0562133789062,905.5548706054688,865.6458740234375,539.369873046875,588.521484375,521.9457397460938,871.8373413085938,738.2001953125,606.318359375,720.8163452148438,862.828857421875,791.33203125,615.2897338867188,774.1964111328125,863.2798461914062,846.34423828125,616.9679565429688,832.8727416992188,862.5350341796875,992.9488525390625,596.6282348632812,963.658447265625,872.1157836914062,1086.5296630859375,602.4800415039062,1070.5198974609375,883.1539916992188,1164.7052001953125,608.6416015625,1107.93603515625,886.8603515625,1238.806640625,612.2469482421875,1158.544921875,888.3447875976562,1350.037841796875,615.545166015625,1337.0155029296875,901.1397705078125,1400.1502685546875,636.7904052734375,1384.4508056640625,854.8240356445312
619.181884765625,654.8308715820312,591.6492309570312,926.6692504882812,639.58056640625,658.4635009765625,610.992431640625,924.9623413085938,654.5271606445312,659.1686401367188,626.6489868164062,920.9957885742188,674.8204956054688,660.6471557617188,650.9383544921875,884.7332153320312,674.3982543945312,620.9142456054688,651.9569702148438,884.9201049804688,671.2374267578125,592.0875854492188,654.798095703125,859.5242919921875,683.5092163085938,595.6975708007812,667.7102661132812,860.8091430664062,967.2913208007812,638.0418090820312,941.7754516601562,927.6760864257812,987.7537841796875,643.7485961914062,965.3502197265625,922.9371948242188,986.8880615234375,647.46875,969.0728759765625,902.0582885742188,946.17529296875,649.7381591796875,931.0780639648438,880.7456665039062,910.5758056640625,633.868408203125,895.9853515625,882.003173828125,895.5108642578125,612.5494995117188,882.4342041015625,864.122314453125,916.8812255859375,607.1873779296875,903.376953125,865.4983520507812,537.8861694335938,588.9375,519.764404296875,872.0401611328125,735.9432983398438,605.7498779296875,719.4932250976562,862.7759399414062,789.424072265625,613.6895141601562,772.6704711914062,863.351318359375,844.7943115234375,616.2885131835938,832.2791748046875,861.9027099609375,992.2333984375,597.0641479492188,962.4103393554688,872.366943359375,1069.9593505859375,600.4315795898438,1035.5584716796875,880.65673828125,1150.2447509765625,608.3214111328125,1106.88330078125,886.2315673828125,1227.55126953125,612.2440795898438,1272.6265869140625,906.0875244140625,1348.01806640625,615.5416259765625,1337.95556640625,900.1666259765625,1398.12255859375,636.2240600585938,1383.06640625,853.8504638671875
619.3272705078125,654.8624877929688,590.9530029296875,926.4407958984375,639.4885864257812,658.4617309570312,611.1870727539062,925.0780029296875,654.38720703125,659.0345458984375,626.585693359375,921.125732421875,674.4307861328125,660.0211791992188,650.3446044921875,884.6613159179688,673.2151489257812,620.51611328125,650.3799438476562,884.94921875,670.7777709960938,591.89111328125,652.02001953125,859.6881713867188,682.1796264648438,595.1878051757812,665.4766845703125,861.3148803710938,967.3792114257812,637.8477783203125,941.9655151367188,927.6380004882812,987.5874633789062,643.6448364257812,965.0921630859375,922.4864501953125,985.5127563476562,647.6703491210938,967.2388305664062,900.9622802734375,943.5435791015625,650.3517456054688,929.032470703125,879.9279174804688,909.4861450195312,634.0203857421875,893.9093017578125,882.2813110351562,893.6359252929688,611.6931762695312,880.6444702148438,864.1581420898438,914.67578125,606.550537109375,901.5548095703125,865.2960205078125,536.0420532226562,590.1603393554688,517.7923583984375,871.7862548828125,734.9747314453125,605.0315551757812,716.9900512695312,863.2998657226562,788.083251953125,612.5270385742188,769.5771484375,863.7068481445312,842.7815551757812,615.8036499023438,827.4918823242188,863.4592895507812,990.0886840820312,596.9302978515625,962.1177978515625,872.4066162109375,1066.735595703125,600.025634765625,1029.260009765625,880.857421875,1184.697265625,609.3257446289062,1105.156494140625,886.3223266601562,1226.8258056640625,612.0416259765625,1273.37255859375,906.5830078125,1346.169921875,615.6341552734375,1335.5128173828125,900.3975219726562,1395.8192138671875,636.4052734375,1381.4637451171875,853.6363525390625
619.45556640625,654.882080078125,590.9679565429688,926.5259399414062,639.6453857421875,658.4560546875,611.3289794921875,925.3955688476562,654.6578979492188,658.8524169921875,626.5449829101562,921.4564819335938,674.1014404296875,659.593017578125,649.4271240234375,884.9573364257812,671.5275268554688,619.8492431640625,648.814697265625,885.3889770507812,668.6983642578125,591.710693359375,649.77197265625,859.7952880859375,680.7714233398438,594.9098510742188,662.6904296875,861.3355102539062,966.7998046875,637.0567626953125,942.0099487304688,927.4637451171875,986.4929809570312,643.3886108398438,964.5715942382812,922.5810546875,986.1036987304688,647.8519287109375,966.3079833984375,900.83935546875,942.1072387695312,650.1031494140625,928.3038940429688,880.3392333984375,907.8863525390625,633.8733520507812,893.4744262695312,882.0381469726562,894.0418090820312,611.4342041015625,879.72119140625,864.3112182617188,913.4750366210938,606.9127197265625,900.4990844726562,865.5751342773438,534.0667724609375,590.4944458007812,515.8086547851562,871.6727905273438,733.6351318359375,604.2515258789062,713.4811401367188,863.3893432617188,787.104736328125,611.662109375,767.2982788085938,863.3302001953125,841.1091918945312,615.80712890625,825.4696655273438,862.6238403320312,989.07861328125,596.520751953125,961.01416015625,872.7488403320312,1068.12060546875,600.0885620117188,1069.6422119140625,883.7708740234375,1132.09375,607.1251220703125,1105.127685546875,886.4314575195312,1225.727294921875,611.8643188476562,1273.21142578125,906.7821044921875,1345.0238037109375,615.3484497070312,1335.2720947265625,900.0961303710938,1394.1614990234375,636.366455078125,1378.8941650390625,853.793701171875
619.4558715820312,654.80419921875,591.2008056640625,926.5188598632812,639.6227416992188,658.4871215820312,611.6046142578125,925.6651611328125,654.7293701171875,659.1067504882812,626.6622924804688,921.6527709960938,673.6288452148438,659.5706787109375,648.751953125,885.1727905273438,669.6812133789062,620.7894897460938,646.5527954101562,885.00830078125,666.48193359375,591.982421875,647.0477294921875,859.6388549804688,678.5875244140625,595.3317260742188,659.5252075195312,861.2424926757812,966.7647094726562,636.4408569335938,942.0977172851562,927.5834350585938,986.1301879882812,643.2527465820312,964.1883544921875,922.281005859375,984.2197265625,647.5225219726562,964.7605590820312,899.9578247070312,940.2572631835938,649.1102294921875,927.1572875976562,881.7758178710938,906.8064575195312,633.596923828125,889.7597045898438,881.757568359375,893.104248046875,611.030517578125,877.270263671875,863.7606811523438,912.2923583984375,606.7805786132812,897.9735717773438,865.5069580078125,531.44287109375,591.9117431640625,514.0166625976562,871.5730590820312,732.40478515625,604.09228515625,710.7981567382812,863.7512817382812,785.7171630859375,611.0291137695312,764.37646484375,863.6553344726562,841.064208984375,614.4834594726562,822.4868774414062,862.8462524414062,987.350830078125,596.5006103515625,958.1405639648438,872.596923828125,1069.013916015625,600.3925170898438,1027.3634033203125,880.8643798828125,1130.815673828125,606.6166381835938,1103.710205078125,886.5643310546875,1226.48486328125,611.975830078125,1273.561767578125,907.3489990234375,1343.203369140625,615.644287109375,1330.9447021484375,899.4337768554688,1392.8446044921875,636.7222290039062,1376.9556884765625,853.2947387695312
619.5411987304688,654.7018432617188,591.2509155273438,926.3726196289062,639.75,658.4764404296875,611.6259765625,925.695068359375,655.01123046875,659.1851196289062,626.6974487304688,921.8693237304688,673.1519165039062,659.4329223632812,647.9553833007812,884.8818359375,668.3207397460938,620.9403076171875,645.588134765625,884.9376220703125,663.8553466796875,591.8950805664062,645.5018310546875,859.7057495117188,676.65576171875,595.01806640625,657.746826171875,861.5247192382812,966.3522338867188,636.5502319335938,942.3890991210938,927.7002563476562,985.8330688476562,643.0504150390625,963.7616577148438,922.127197265625,982.51123046875,647.39794921875,962.20068359375,899.457763671875,938.532958984375,648.6381225585938,923.8633422851562,881.9468994140625,905.692138671875,633.6305541992188,887.83544921875,881.5307006835938,891.5772705078125,610.933837890625,874.0286254882812,863.9268188476562,911.1301879882812,606.8492431640625,895.2616577148438,866.572265625,529.2394409179688,592.4502563476562,512.0657958984375,871.3601684570312,729.77294921875,603.8682250976562,709.5042724609375,863.5919189453125,783.694580078125,610.2911987304688,761.7034301757812,863.4826049804688,839.4755249023438,613.8338012695312,820.1220092773438,862.9677734375,985.8384399414062,596.6524658203125,956.7294311523438,872.5000610351562,1068.8677978515625,600.2542724609375,1025.52685546875,880.7163696289062,1147.4583740234375,607.7472534179688,1097.105224609375,886.4469604492188,1226.5523681640625,612.2174072265625,1155.84716796875,888.65966796875,1341.457763671875,615.6358032226562,1330.23046875,899.5208129882812,1391.1734619140625,636.9598999023438,1375.0018310546875,852.75341796875
619.5015869140625,654.6602783203125,591.5142211914062,926.3193969726562,639.6423950195312,658.5181274414062,611.6978149414062,925.5974731445312,655.0443115234375,659.1724853515625,626.8571166992188,921.7183837890625,672.6697998046875,659.3016967773438,647.8080444335938,884.850830078125,666.4945068359375,620.603759765625,644.5392456054688,885.0064086914062,660.89208984375,591.6513061523438,643.9799194335938,859.8428955078125,674.760986328125,594.9805908203125,655.709716796875,861.4717407226562,965.8397827148438,637.0149536132812,942.3490600585938,927.7742919921875,985.54296875,643.2344360351562,962.6497802734375,922.051025390625,980.0144653320312,647.04931640625,960.1649780273438,898.790771484375,937.6106567382812,647.7278442382812,919.4766845703125,880.98388671875,904.0553588867188,632.2243041992188,884.1790771484375,881.5888061523438,890.0027465820312,611.3068237304688,872.0364990234375,864.8790283203125,909.5765380859375,606.8585815429688,892.7259521484375,866.6834716796875,527.1653442382812,593.89697265625,510.5987854003906,871.6548461914062,728.1220703125,603.4187622070312,708.0264282226562,863.7431640625,782.5621337890625,611.2275390625,760.2433471679688,863.5370483398438,838.0756225585938,613.5169067382812,819.099609375,863.0342407226562,985.8707275390625,596.9552001953125,954.4275512695312,873.1572265625,1068.2786865234375,600.3743286132812,1024.940673828125,880.9342651367188,1147.02197265625,607.3390502929688,1095.864013671875,886.4664306640625,1225.3680419921875,612.082763671875,1234.11279296875,900.273681640625,1340.2772216796875,615.978515625,1327.5843505859375,900.0125732421875,1388.375244140625,636.3353271484375,1373.2734375,853.1925659179688
619.6934814453125,654.7017822265625,591.2613525390625,926.4072265625,639.8016357421875,658.7252197265625,611.7822875976562,925.7113647460938,655.025390625,659.4170532226562,627.16357421875,921.5663452148438,671.9961547851562,659.3031616210938,647.5011596679688,884.0390625,664.8141479492188,620.6448364257812,642.2625732421875,884.5732421875,658.7769165039062,591.7972412109375,640.4099731445312,860.0452270507812,672.2689819335938,594.8997802734375,652.5023193359375,861.6575317382812,963.74365234375,637.251220703125,942.2024536132812,927.7456665039062,983.9630737304688,643.1768798828125,961.3452758789062,921.9686279296875,978.6832885742188,646.9613037109375,958.421875,898.18212890625,935.6327514648438,647.3191528320312,919.0628051757812,880.9033203125,901.4228515625,631.5289306640625,883.8944091796875,881.6522216796875,886.3816528320312,610.5240478515625,871.8377075195312,865.1419677734375,906.3924560546875,606.2904052734375,892.5386352539062,866.9019775390625,525.6339721679688,593.8970947265625,508.2681579589844,871.3134765625,726.315185546875,603.0894775390625,706.2001342773438,863.740966796875,780.887939453125,610.39208984375,759.9520874023438,863.7731323242188,835.6923828125,612.4608154296875,820.8677368164062,862.753173828125,982.0984497070312,596.9305419921875,955.2942504882812,873.0,1050.509033203125,598.8104248046875,1024.3740234375,881.0995483398438,1117.41015625,605.3724365234375,1093.972412109375,886.6283569335938,1219.842041015625,611.4583129882812,1155.815185546875,888.81005859375,1338.3302001953125,616.6963500976562,1325.97802734375,900.4899291992188,1385.8731689453125,636.2076416015625,1371.1832275390625,852.78125
619.85400390625,654.7888793945312,590.9102783203125,926.5289306640625,639.82177734375,658.8798828125,611.7306518554688,925.760986328125,654.9942016601562,659.59765625,627.4668579101562,921.6619262695312,671.505859375,659.3690185546875,646.7086181640625,883.58642578125,663.6978759765625,620.9745483398438,641.27490234375,884.6773071289062,657.2442626953125,592.4906616210938,638.8303833007812,860.4461059570312,670.2507934570312,595.0587768554688,651.3006591796875,861.9397583007812,962.3713989257812,637.9696044921875,942.3052368164062,927.5531005859375,982.9829711914062,643.0661010742188,961.0049438476562,920.6520385742188,977.2146606445312,646.3536376953125,955.3810424804688,896.704833984375,934.0050659179688,646.63427734375,915.9600219726562,880.6503295898438,897.8853149414062,631.1944580078125,880.4190063476562,881.6951293945312,883.463623046875,609.7034912109375,869.2528686523438,865.3504638671875,905.6149291992188,606.091796875,889.97705078125,866.7179565429688,523.2791748046875,595.1365966796875,505.9948425292969,871.4108276367188,724.7183227539062,602.5439453125,704.2742309570312,863.7061157226562,779.0108032226562,609.6576538085938,758.4642944335938,863.6773071289062,832.91650390625,611.7412109375,819.318115234375,863.0397338867188,980.4800415039062,596.762451171875,948.8550415039062,872.5660400390625,1065.94384765625,600.1053466796875,1024.6883544921875,881.4498901367188,1142.631591796875,607.0971069335938,1092.4033203125,886.5411987304688,1222.206787109375,611.5001220703125,1233.0592041015625,900.3787841796875,1299.66943359375,612.4013061523438,1324.5684814453125,900.2250366210938,1384.3585205078125,636.1995849609375,1369.055908203125,852.5443115234375
620.0094604492188,654.9910278320312,591.0601196289062,926.4221801757812,639.9276123046875,659.0372924804688,611.7854614257812,925.7599487304688,655.0200805664062,659.6106567382812,627.711181640625,921.7430419921875,671.04541015625,658.9685668945312,646.2140502929688,883.6423950195312,662.3094482421875,620.73828125,639.6067504882812,885.2476806640625,655.1712036132812,592.5608520507812,636.3009033203125,860.8009643554688,667.58203125,595.0816650390625,649.13232421875,862.2968139648438,961.8074340820312,637.6624145507812,941.9520263671875,927.1200561523438,982.400146484375,642.485595703125,960.6906127929688,920.080078125,975.4888916015625,645.5192260742188,954.4608154296875,896.8195190429688,932.9180297851562,645.7601928710938,913.030517578125,881.40771484375,896.1710815429688,630.445068359375,877.508544921875,882.2070922851562,881.7675170898438,609.1901245117188,866.9168090820312,865.66845703125,904.7122192382812,605.7001342773438,887.3263549804688,866.6721801757812,521.7109375,595.8775634765625,503.4272155761719,871.705810546875,722.6215209960938,602.00341796875,701.284912109375,864.4180297851562,777.6365966796875,608.8907470703125,756.374267578125,863.8818359375,831.6099853515625,612.1016235351562,816.9393920898438,863.3836669921875,979.441650390625,596.8448486328125,947.8253173828125,872.6791381835938,1050.1864013671875,598.853271484375,1026.4970703125,881.8428955078125,1146.1590576171875,607.1228637695312,1092.31298828125,886.586181640625,1222.077880859375,611.8466796875,1257.954833984375,906.0779418945312,1333.642578125,615.6097412109375,1323.808837890625,899.9617919921875,1382.649658203125,636.6016845703125,1367.1077880859375,851.7806396484375
620.1594848632812,655.077880859375,591.2572631835938,926.4649658203125,639.9580078125,659.138427734375,611.5762939453125,925.7945556640625,655.3148193359375,659.3983764648438,627.5137939453125,922.06884765625,670.3374633789062,658.7460327148438,645.4788208007812,884.0722045898438,660.7477416992188,620.761474609375,638.0327758789062,885.5484619140625,654.0166625976562,593.1046142578125,633.9639282226562,860.8565673828125,665.9688110351562,595.4819946289062,646.705322265625,862.89208984375,961.455810546875,637.3511352539062,941.8123779296875,927.0730590820312,981.6417846679688,641.9246826171875,960.234130859375,919.7112426757812,973.1983032226562,644.3390502929688,952.2111206054688,898.2080688476562,931.1139526367188,644.9879760742188,911.7007446289062,881.1922607421875,894.1786499023438,630.1473388671875,876.4995727539062,882.74267578125,879.7540283203125,608.5548706054688,864.4658813476562,865.3867797851562,903.1526489257812,605.3146362304688,884.8656005859375,866.6416015625,519.3035888671875,597.5418701171875,501.0139465332031,871.46923828125,720.6221313476562,601.649169921875,698.4102783203125,864.883544921875,774.9364013671875,607.4061279296875,754.1049194335938,864.1810913085938,829.7404174804688,611.16455078125,813.04833984375,863.8806762695312,977.7647705078125,597.0133056640625,945.5737915039062,872.7437744140625,1045.2828369140625,598.6893310546875,1013.6006469726562,881.4237670898438,1167.837646484375,607.7330322265625,1090.5694580078125,886.298095703125,1223.73583984375,611.7389526367188,1259.0347900390625,907.0372314453125,1334.7423095703125,616.0391845703125,1323.614013671875,899.7935791015625,1381.1370849609375,636.80712890625,1365.99462890625,852.117431640625
620.206787109375,655.0215454101562,591.3023071289062,926.3955688476562,639.7940673828125,659.0519409179688,611.5281982421875,925.8318481445312,655.3447265625,659.0775756835938,627.4867553710938,922.142822265625,670.117431640625,658.572998046875,644.7543334960938,884.5548706054688,658.9688720703125,621.0230712890625,636.5578002929688,886.0441284179688,652.106201171875,593.1837158203125,631.8135375976562,861.2205810546875,664.1895141601562,595.4055786132812,644.5140380859375,862.9793090820312,961.50048828125,636.7002563476562,942.0637817382812,926.7731323242188,981.2596435546875,641.3111572265625,959.876708984375,919.4859008789062,971.034912109375,643.874755859375,951.0889282226562,898.7498779296875,927.5053100585938,643.6576538085938,909.5079345703125,881.6817016601562,892.1416015625,630.2888793945312,874.7234497070312,882.60498046875,878.107177734375,608.0942993164062,862.4065551757812,865.2628784179688,901.3700561523438,604.052978515625,882.7198486328125,866.7406005859375,517.5261840820312,598.7286987304688,498.94561767578125,871.7876586914062,718.867431640625,600.6611938476562,695.35986328125,865.2012329101562,772.7780151367188,606.82470703125,750.6993408203125,865.6347045898438,826.9822998046875,610.1746826171875,810.3969116210938,864.1027221679688,976.8331298828125,596.8346557617188,944.0385131835938,873.1652221679688,1045.9549560546875,598.5803833007812,1011.8474731445312,881.0809326171875,1115.08154296875,605.2418212890625,1088.65771484375,886.2982788085938,1211.0003662109375,610.7549438476562,1257.5743408203125,906.7484741210938,1332.349853515625,615.9463500976562,1322.1136474609375,900.0196533203125,1379.3304443359375,636.8262939453125,1363.883544921875,853.0194091796875
620.1586303710938,655.0475463867188,591.3128051757812,926.3810424804688,639.7487182617188,659.0122680664062,611.4877319335938,925.5801391601562,655.4552001953125,658.6503295898438,627.5440673828125,921.9345703125,668.8319091796875,657.9635009765625,644.0610961914062,883.9586181640625,657.1712036132812,621.3135986328125,634.7319946289062,886.0963745117188,650.074951171875,593.26220703125,628.3395385742188,860.9019775390625,662.2876586914062,595.7489624023438,640.6896362304688,862.5536499023438,962.1384887695312,636.9066772460938,941.9456176757812,926.582763671875,980.6484375,642.0670166015625,959.6213989257812,918.972900390625,969.7608642578125,644.4459838867188,949.7699584960938,898.566650390625,924.7384643554688,643.7313842773438,907.1103515625,882.013671875,890.57470703125,629.1806640625,871.2098999023438,882.579345703125,875.9676513671875,607.0682983398438,859.7175903320312,865.5338134765625,898.9365234375,603.2825317382812,879.9415893554688,866.8511962890625,515.1074829101562,600.4766235351562,496.8130798339844,872.0513305664062,715.4583740234375,599.4544677734375,694.0215454101562,864.9363403320312,769.4692993164062,605.1387939453125,748.4921264648438,865.6760864257812,824.4617919921875,608.9716796875,808.2903442382812,863.9437866210938,975.8084106445312,596.4365844726562,942.6863403320312,873.3419799804688,1043.5606689453125,598.1885375976562,1012.0131225585938,881.2310791015625,1113.320068359375,604.8154907226562,1089.7440185546875,886.3742065429688,1205.6651611328125,610.8239135742188,1257.173095703125,906.9292602539062,1330.2244873046875,616.1049194335938,1320.5322265625,900.4319458007812,1378.0054931640625,636.7787475585938,1362.259765625,853.505615234375
620.185791015625,654.9052734375,591.2139892578125,926.4017944335938,639.7386474609375,658.86376953125,611.3806762695312,925.6196899414062,655.2865600585938,658.1725463867188,627.61669921875,921.9298095703125,667.6827392578125,657.2377319335938,642.1687622070312,884.3341064453125,655.0352172851562,621.1898193359375,632.3490600585938,886.840576171875,646.5823974609375,593.1702880859375,626.5123901367188,861.1895141601562,659.85107421875,595.447998046875,639.4537353515625,862.8178100585938,961.8780517578125,637.3264770507812,941.7957153320312,926.4876708984375,980.1759033203125,642.6470336914062,959.1874389648438,918.26318359375,967.7988891601562,644.9275512695312,946.7794799804688,899.2197875976562,922.9275512695312,644.3946533203125,905.2528076171875,882.8795776367188,888.5706787109375,628.559326171875,869.8103637695312,882.9043579101562,873.8366088867188,606.2949829101562,858.1435546875,865.5050659179688,896.7339477539062,602.859619140625,879.5396118164062,867.7566528320312,513.123291015625,601.90673828125,495.12054443359375,872.5352172851562,712.6871948242188,599.0262451171875,692.1770629882812,865.1340942382812,766.7280883789062,604.6773071289062,747.2061157226562,865.574462890625,823.0313720703125,606.7345581054688,806.9119873046875,864.3562622070312,973.3165893554688,595.94287109375,941.0396728515625,873.3933715820312,1043.115966796875,597.8950805664062,1010.176025390625,880.8590698242188,1113.5849609375,604.3984985351562,1088.2626953125,886.3876342773438,1210.828369140625,611.0694580078125,1256.31396484375,907.0867919921875,1284.688720703125,612.59423828125,1316.2066650390625,900.3212280273438,1376.2330322265625,637.6866455078125,1360.303955078125,854.1449584960938
620.4017944335938,655.0836181640625,590.8928833007812,926.668701171875,639.8961181640625,658.99853515625,611.3284912109375,925.748779296875,655.4120483398438,658.1626586914062,627.5197143554688,921.7208251953125,666.7021484375,656.6047973632812,641.6934204101562,883.9107666015625,653.3882446289062,621.4296875,631.1129760742188,886.627197265625,644.0791625976562,593.2390747070312,624.3807373046875,861.1612548828125,657.0538330078125,595.3321533203125,637.5106811523438,862.8346557617188,961.652099609375,636.9284057617188,942.4114990234375,926.549560546875,980.6838989257812,642.3069458007812,957.9940185546875,917.4441528320312,966.0390625,645.1048583984375,944.3687133789062,899.7965087890625,920.57373046875,643.69287109375,902.5814208984375,882.57470703125,885.1005859375,627.0728149414062,867.3916015625,882.9598388671875,871.6485595703125,605.8754272460938,857.1307983398438,866.6676635742188,894.0473022460938,601.7876586914062,877.5009765625,867.8961181640625,511.5151062011719,602.4125366210938,492.6806640625,872.5345458984375,710.4199829101562,598.893798828125,690.16455078125,865.4096069335938,764.7211303710938,603.9895629882812,744.8090209960938,865.4275512695312,821.8410034179688,605.3055419921875,805.230712890625,864.934814453125,972.0018310546875,595.5889282226562,941.552734375,873.235107421875,1035.36572265625,597.57470703125,1010.283935546875,881.1162719726562,1166.3780517578125,607.7387084960938,1088.5550537109375,886.3527221679688,1198.875732421875,610.08544921875,1255.3338623046875,907.694580078125,1327.1158447265625,617.3248291015625,1314.1678466796875,900.6881713867188,1374.514404296875,638.1777954101562,1358.478271484375,854.224609375
620.5858154296875,655.3513793945312,590.9240112304688,926.7120361328125,639.8687744140625,659.0507202148438,611.2935180664062,925.6607055664062,655.4239501953125,657.7872924804688,627.4017333984375,921.503662109375,665.7758178710938,656.2318725585938,640.8391723632812,883.8837890625,651.0975341796875,621.0029296875,628.8695068359375,886.8903198242188,641.9178466796875,593.7044677734375,621.5061645507812,861.30126953125,654.56640625,595.4168701171875,635.0548095703125,862.7900390625,962.4765625,635.9736328125,943.0777587890625,927.0167236328125,979.2734985351562,641.8671875,956.4867553710938,914.3414916992188,962.6528930664062,644.7398681640625,939.4459838867188,897.2905883789062,918.3502197265625,641.5738525390625,899.2618408203125,882.2557373046875,882.278564453125,625.9769287109375,863.7804565429688,883.246826171875,869.4872436523438,605.05810546875,854.6182861328125,867.033447265625,890.8768920898438,601.2924194335938,875.2637329101562,868.0358276367188,509.74066162109375,604.4456176757812,489.971435546875,872.5722045898438,708.8789672851562,597.7044067382812,687.3394775390625,865.4647216796875,762.9359130859375,602.7828979492188,743.287841796875,865.1932373046875,820.144775390625,604.116943359375,803.56103515625,865.3326416015625,970.8585205078125,595.3165283203125,938.3048706054688,873.7177734375,1034.4354248046875,597.2425537109375,1009.4223022460938,881.1765747070312,1105.5740966796875,603.4134521484375,1082.517333984375,886.6992797851562,1195.472412109375,609.968017578125,1217.794921875,899.6512451171875,1325.5308837890625,617.6798706054688,1311.4339599609375,901.328369140625,1371.697509765625,638.1296997070312,1356.306884765625,854.6593627929688
620.5701293945312,655.3909301757812,590.4730224609375,926.6981201171875,639.9907836914062,659.0875244140625,610.945068359375,925.5706176757812,655.5240478515625,657.5731201171875,627.2494506835938,921.3934936523438,665.3323974609375,655.5236206054688,640.2291870117188,884.0371704101562,649.1337280273438,621.0344848632812,626.6824340820312,886.9594116210938,639.7257080078125,594.0824584960938,619.0360107421875,861.1719970703125,652.2446899414062,595.5726928710938,632.3634643554688,863.0570678710938,962.2601318359375,635.69580078125,943.4292602539062,927.6082763671875,977.490966796875,641.5086059570312,955.6985473632812,912.7261962890625,959.4981079101562,644.23388671875,936.3717041015625,896.3403930664062,914.6494750976562,640.67138671875,895.832275390625,881.1228637695312,879.7904663085938,625.3148193359375,862.130126953125,883.450927734375,866.7794799804688,604.1785278320312,853.587158203125,866.97509765625,888.69482421875,601.479248046875,873.09033203125,868.2536010742188,507.32757568359375,606.3106079101562,487.6500549316406,873.0253295898438,707.076416015625,597.100341796875,685.6656494140625,865.8409423828125,761.6114501953125,602.2636108398438,741.5311279296875,865.2252807617188,817.8541259765625,603.0479125976562,801.9380493164062,865.4779663085938,968.7147827148438,595.2671508789062,936.0196533203125,873.5653076171875,1031.6363525390625,597.1419067382812,1007.3682861328125,881.3345336914062,1164.591552734375,606.891357421875,1079.1798095703125,886.720947265625,1191.62548828125,609.4866943359375,1216.2486572265625,899.4430541992188,1322.680908203125,618.0706787109375,1309.1270751953125,901.7090454101562,1369.9300537109375,638.9638671875,1353.6715087890625,855.571533203125
620.708251953125,655.5181884765625,590.5327758789062,926.9005737304688,639.730224609375,658.9881591796875,610.9937744140625,925.6272583007812,655.4773559570312,657.0054321289062,627.3247680664062,921.135009765625,663.9970703125,653.7813110351562,639.605712890625,882.7044677734375,647.912841796875,621.6665649414062,624.7176513671875,886.7230834960938,638.5796508789062,594.5576171875,617.4576416015625,861.1360473632812,649.9482421875,595.776611328125,630.6029052734375,863.2651977539062,962.4586181640625,636.4390869140625,943.6970825195312,928.2194213867188,976.2680053710938,641.1629638671875,954.376220703125,912.2130737304688,957.8511962890625,644.4371948242188,933.9615478515625,894.0541381835938,912.33837890625,640.9863891601562,893.1049194335938,881.1844482421875,878.3649291992188,625.6998291015625,861.37451171875,884.7245483398438,864.6936645507812,603.3338623046875,851.61474609375,867.0157470703125,887.5656127929688,600.3859252929688,871.413818359375,868.1040649414062,505.0635681152344,606.9758911132812,485.07220458984375,873.0057373046875,703.7214965820312,596.2673950195312,682.6884765625,866.2044677734375,758.6972045898438,600.7672729492188,739.1748657226562,865.3544921875,815.41845703125,601.8327026367188,797.6582641601562,866.0113525390625,967.0619506835938,595.3417358398438,934.8397827148438,874.038330078125,1072.4085693359375,599.4658813476562,998.3287353515625,881.61328125,1156.58447265625,607.3939208984375,1076.822509765625,887.0720825195312,1239.4912109375,611.65380859375,1239.7474365234375,905.0496215820312,1319.997314453125,617.3561401367188,1308.390625,901.2658081054688,1366.6981201171875,640.0780029296875,1351.5733642578125,854.9910278320312
620.5907592773438,655.8171997070312,590.5348510742188,927.1431274414062,639.4259643554688,658.9700317382812,610.9591064453125,925.6525268554688,655.4978637695312,656.9962158203125,627.2183227539062,920.8282470703125,664.0891723632812,654.7431030273438,638.8638916015625,881.9913330078125,646.5897216796875,621.7207641601562,623.5637817382812,887.1124877929688,635.8516845703125,594.7223510742188,615.6669921875,861.5731811523438,647.8082275390625,595.9160766601562,628.7064208984375,863.4061279296875,962.8705444335938,636.880615234375,943.3934936523438,928.0401000976562,975.31884765625,640.7078857421875,953.671875,912.5940551757812,955.60888671875,644.4098510742188,932.0828247070312,894.2926635742188,909.7962646484375,640.9459228515625,891.6915893554688,881.8530883789062,875.6329956054688,625.0725708007812,859.8275756835938,884.7294921875,862.4649658203125,602.5438842773438,850.7013549804688,867.23486328125,886.0135498046875,599.9820556640625,870.6148071289062,868.7947387695312,502.2139892578125,608.3666381835938,482.5305480957031,873.218994140625,701.4318237304688,594.7459106445312,681.2027587890625,866.3267822265625,756.34423828125,598.5528564453125,737.7965087890625,865.216064453125,813.4171142578125,601.4076538085938,796.9473266601562,866.1242065429688,965.5249633789062,595.2848510742188,932.8417358398438,874.482666015625,1033.107421875,597.14453125,1003.1574096679688,881.9540405273438,1099.6878662109375,602.9492797851562,1076.606689453125,887.2189331054688,1190.207275390625,609.4510498046875,1240.919189453125,906.2081298828125,1317.9786376953125,617.443603515625,1307.4559326171875,900.7901611328125,1364.10693359375,640.6674194335938,1349.5999755859375,854.2823486328125
620.553955078125,655.88330078125,590.5109252929688,927.3078002929688,639.3289794921875,658.9616088867188,610.9458618164062,925.5020141601562,655.1571044921875,657.5797729492188,627.0512084960938,920.5792846679688,662.4896240234375,654.7501220703125,637.6759033203125,881.4368896484375,645.1057739257812,622.5137939453125,621.5721435546875,886.8782348632812,634.104736328125,595.82470703125,612.6731567382812,861.45166015625,646.04345703125,596.4342041015625,624.4397583007812,863.4008178710938,960.7590942382812,638.674560546875,943.5834350585938,928.10009765625,972.0722045898438,641.9161987304688,951.8289794921875,911.9093017578125,951.8462524414062,643.8151245117188,929.666259765625,898.0151977539062,906.417724609375,640.5265502929688,888.6161499023438,883.114013671875,873.3006591796875,624.2463989257812,857.73828125,884.2356567382812,860.415771484375,601.2662353515625,847.8461303710938,867.3110961914062,883.4049072265625,598.8944702148438,867.777099609375,868.8079223632812,499.43096923828125,610.3114013671875,480.5654602050781,873.5265502929688,699.0308837890625,594.461669921875,679.037109375,866.43115234375,753.83642578125,595.9482421875,734.9293212890625,866.2992553710938,810.054443359375,599.7273559570312,794.021728515625,866.022705078125,963.42041015625,595.2332153320312,930.7763061523438,874.8553466796875,1029.642333984375,596.6198120117188,998.6571655273438,882.1737670898438,1098.7967529296875,602.6027221679688,1076.685546875,887.4644165039062,1186.8604736328125,609.2273559570312,1242.2130126953125,907.1088256835938,1315.3096923828125,617.5399169921875,1306.2230224609375,900.5950317382812,1361.994873046875,640.3171997070312,1346.5657958984375,854.1246337890625
620.4976196289062,656.0676879882812,590.6553955078125,927.3218383789062,639.2798461914062,658.9174194335938,611.1261596679688,925.4583129882812,654.8421020507812,657.4658813476562,626.8189086914062,920.8280029296875,660.9962768554688,653.7831420898438,637.318359375,882.2188720703125,643.0715942382812,622.5333251953125,620.1753540039062,886.7757568359375,631.319091796875,595.5136108398438,609.9873046875,861.8502807617188,643.9170532226562,596.5057983398438,623.3157348632812,863.86572265625,959.5328369140625,638.3848266601562,943.9411010742188,928.3507690429688,970.9240112304688,641.76220703125,950.693603515625,911.5115356445312,949.9345092773438,643.7044677734375,927.3319702148438,898.426513671875,905.332275390625,639.4993896484375,886.2393188476562,882.9119262695312,871.5120239257812,623.2874755859375,856.408447265625,884.3147583007812,859.4907836914062,601.1141967773438,847.5365600585938,867.2140502929688,881.41064453125,598.0875854492188,867.0607299804688,869.1608276367188,497.34942626953125,612.059326171875,478.3791809082031,873.8817749023438,696.0397338867188,594.0902099609375,677.6062622070312,866.2499389648438,751.2005615234375,595.6959838867188,732.977294921875,866.1439819335938,807.7271118164062,596.9501342773438,793.00048828125,866.3460083007812,961.2070922851562,594.619384765625,930.1170043945312,875.2176513671875,1026.7125244140625,596.4807739257812,997.4567260742188,882.4427490234375,1095.9505615234375,602.6538696289062,1111.359619140625,888.4288330078125,1185.9666748046875,609.2134399414062,1203.2451171875,899.3025512695312,1314.1705322265625,617.5911254882812,1300.75341796875,900.3491821289062,1360.3363037109375,640.3893432617188,1344.5570068359375,854.2806396484375
620.4482421875,656.0857543945312,590.8071899414062,927.2947998046875,639.31201171875,658.6041259765625,611.2477416992188,925.4656372070312,654.5804443359375,657.3262329101562,626.806396484375,920.826171875,659.5573120117188,652.7982788085938,635.5712280273438,881.9529418945312,640.833251953125,622.33203125,618.4539794921875,886.3884887695312,628.6038818359375,595.7514038085938,608.1705322265625,861.9808349609375,641.2178344726562,596.6681518554688,621.2567138671875,864.1452026367188,959.5460815429688,638.3198852539062,943.9927368164062,928.2476196289062,969.7109375,641.6231079101562,949.2733764648438,911.354248046875,947.762451171875,644.0599365234375,924.4440307617188,898.8399047851562,902.7235107421875,638.9578857421875,883.0147094726562,883.163330078125,868.638916015625,622.1215209960938,852.776123046875,884.522216796875,857.2832641601562,599.9346313476562,843.4256591796875,867.7257690429688,878.8794555664062,597.6270751953125,864.1369018554688,869.6134643554688,495.45111083984375,613.3428344726562,475.9630126953125,874.4736328125,694.9290771484375,594.0361328125,675.4789428710938,865.9976806640625,748.9867553710938,594.8377075195312,731.16943359375,866.0634155273438,805.6820678710938,595.53466796875,791.6753540039062,866.2350463867188,957.8284912109375,593.9588623046875,926.4884643554688,875.4357299804688,1025.61181640625,596.3609619140625,998.2806396484375,882.50439453125,1096.2803955078125,602.9207763671875,1099.011962890625,889.5274047851562,1186.647705078125,609.51123046875,1240.6839599609375,907.457275390625,1275.173095703125,613.1864013671875,1299.76953125,900.4469604492188,1358.1502685546875,640.3973999023438,1342.30908203125,853.4345703125
620.3968505859375,655.85400390625,590.9069213867188,927.3842163085938,639.26318359375,658.2594604492188,611.2909545898438,925.513671875,654.1068115234375,657.139892578125,626.6607055664062,920.7048950195312,658.5545654296875,652.4803466796875,633.8463745117188,880.8826293945312,638.9226684570312,622.7613525390625,616.3131103515625,886.1394653320312,625.679931640625,596.9620971679688,606.1744384765625,862.8538208007812,638.6018676757812,597.391357421875,618.7922973632812,864.1535034179688,959.3152465820312,638.1827392578125,943.744140625,928.177490234375,968.1345825195312,641.8209838867188,948.1168823242188,911.5706787109375,945.4290771484375,643.7142333984375,923.140869140625,900.1242065429688,900.3662109375,637.7333374023438,881.645751953125,884.654296875,866.6770629882812,620.52587890625,850.2860717773438,885.0985107421875,854.4069213867188,597.4279174804688,842.1023559570312,868.7887573242188,876.7078857421875,596.216552734375,862.8097534179688,870.5728759765625,493.8192443847656,614.507080078125,473.6988830566406,874.7533569335938,692.575927734375,593.3707275390625,673.7595825195312,866.0637817382812,747.419189453125,593.6013793945312,728.9405517578125,866.3687744140625,803.3624267578125,593.5081787109375,790.6802978515625,866.541748046875,956.1644287109375,593.2538452148438,927.5416259765625,875.8676147460938,1023.2405395507812,595.8819580078125,1019.8316650390625,884.5694580078125,1092.4320068359375,602.342041015625,1110.6983642578125,889.6224975585938,1180.381591796875,609.0899047851562,1200.5045166015625,899.2124633789062,1273.0028076171875,613.3229370117188,1296.5836181640625,900.964111328125,1355.4493408203125,639.4348754882812,1339.690185546875,853.4590454101562
620.4353637695312,655.7841186523438,590.7136840820312,927.3672485351562,639.13427734375,658.2730712890625,611.0401611328125,925.376220703125,653.8969116210938,657.271484375,626.3499145507812,920.661376953125,657.8554077148438,652.4703369140625,632.8986206054688,881.0562133789062,638.1506958007812,623.9575805664062,615.0687866210938,886.2884521484375,623.9280395507812,596.869873046875,604.4299926757812,862.6724243164062,636.8338623046875,596.9860229492188,617.3424072265625,864.299560546875,960.36962890625,637.9470825195312,943.3265991210938,928.4930419921875,967.41650390625,641.7830200195312,945.9314575195312,911.6571044921875,942.41552734375,643.18994140625,920.6052856445312,900.7990112304688,896.909912109375,637.7164306640625,878.5536499023438,883.4456176757812,864.1251220703125,619.15576171875,849.1655883789062,885.6929931640625,851.4932250976562,595.8817138671875,842.2684936523438,868.9505004882812,874.1759033203125,595.2278442382812,863.2755737304688,870.9228515625,491.63153076171875,615.7376098632812,471.4128112792969,875.3255004882812,690.0504760742188,592.5299682617188,672.1341552734375,866.1990356445312,745.2636108398438,592.2026977539062,727.2066040039062,866.4667358398438,800.8113403320312,591.7794189453125,789.4940185546875,866.8853149414062,956.3001098632812,592.84423828125,928.0828247070312,876.6215209960938,1022.9363403320312,595.9046020507812,1020.2216186523438,885.2367553710938,1092.6497802734375,602.536376953125,1101.5869140625,890.0675048828125,1178.015380859375,609.043212890625,1199.844970703125,899.599609375,1307.1827392578125,618.5452270507812,1296.072021484375,900.8182373046875,1353.6209716796875,639.5388793945312,1337.696044921875,853.9320068359375
620.3958740234375,655.82861328125,590.7510986328125,927.3866577148438,639.19482421875,658.1849365234375,610.8433837890625,925.104248046875,653.6975708007812,657.0325317382812,625.9452514648438,920.2327270507812,656.2586669921875,651.6522827148438,632.3712158203125,879.6444091796875,635.720703125,622.4119873046875,613.5335083007812,885.9902954101562,622.2356567382812,597.8394165039062,602.6631469726562,862.9901123046875,633.7327270507812,596.8818359375,615.6513061523438,864.35009765625,957.6146240234375,637.8651123046875,943.5060424804688,928.5836181640625,965.3411254882812,641.6151123046875,943.968994140625,910.8925170898438,940.2525634765625,641.9644775390625,918.6907958984375,901.5853881835938,895.2357788085938,636.7750854492188,877.413818359375,884.7821655273438,862.5618896484375,618.8694458007812,849.043701171875,886.3370971679688,849.1453857421875,594.6517333984375,841.8963012695312,869.6205444335938,872.8589477539062,594.0453491210938,863.2012939453125,871.5299682617188,489.9092712402344,616.955078125,468.88323974609375,875.6893310546875,686.5717163085938,591.9664306640625,670.7263793945312,866.1751708984375,741.4089965820312,590.9253540039062,727.3588256835938,866.6949462890625,797.6298217773438,591.8015747070312,789.73388671875,867.299072265625,954.2734375,592.1402587890625,926.1084594726562,877.3761596679688,1018.1985473632812,595.6450805664062,1020.2615966796875,886.0900268554688,1090.782958984375,602.1742553710938,1098.336181640625,889.6972045898438,1175.136962890625,608.61767578125,1198.9395751953125,899.7125244140625,1305.270751953125,618.7212524414062,1291.3555908203125,901.497802734375,1351.365966796875,640.0466918945312,1336.0120849609375,853.98046875
620.3958740234375,655.9721069335938,591.2125244140625,927.142578125,639.0772094726562,658.0428466796875,610.687255859375,924.9287719726562,653.3316040039062,656.9518432617188,625.771240234375,919.8330688476562,655.516845703125,650.9779663085938,632.256591796875,879.15087890625,634.876953125,622.2337646484375,612.9877319335938,885.7975463867188,621.689208984375,598.0519409179688,602.2120971679688,863.2088623046875,632.5006103515625,596.9954833984375,615.00146484375,864.3281860351562,957.803955078125,639.3695678710938,943.3572387695312,928.6107177734375,964.014892578125,641.6561279296875,943.187744140625,911.2186279296875,937.80322265625,641.6131591796875,918.217041015625,902.5740966796875,892.3272094726562,636.8901977539062,875.1700439453125,885.2189331054688,859.1329956054688,617.6639404296875,847.6450805664062,886.8484497070312,846.6690673828125,593.2083740234375,841.8731689453125,870.1133422851562,870.2814331054688,593.2057495117188,863.796630859375,872.1351928710938,488.80419921875,617.9542236328125,467.4090881347656,876.0374755859375,685.2750244140625,591.4756469726562,671.0960083007812,867.3392944335938,740.2205810546875,589.4572143554688,726.5856323242188,866.471923828125,795.84521484375,590.6941528320312,788.6703491210938,867.6466064453125,955.1114501953125,592.1027221679688,931.3233032226562,878.9030151367188,1016.66455078125,595.3071899414062,1018.4049682617188,886.3140869140625,1148.7537841796875,605.8201293945312,1080.3270263671875,890.4744262695312,1174.158203125,608.4794311523438,1232.150390625,906.7798461914062,1302.554443359375,617.8622436523438,1291.8856201171875,900.5291137695312,1348.5035400390625,640.5431518554688,1334.11279296875,852.832275390625
620.440185546875,656.09912109375,591.111572265625,927.2339477539062,639.22705078125,658.149658203125,610.4660034179688,924.8757934570312,653.2405395507812,656.9198608398438,625.4900512695312,919.8428955078125,653.709228515625,649.8699951171875,631.941650390625,879.4484252929688,633.2591552734375,622.572265625,612.4885864257812,886.1160278320312,619.3777465820312,598.3162231445312,600.4193725585938,862.9675903320312,631.4851684570312,596.8902587890625,613.9281005859375,864.5906982421875,962.4093017578125,639.3231811523438,943.568359375,928.8848266601562,961.9218139648438,641.632568359375,941.4881591796875,910.7606811523438,933.9494018554688,641.735595703125,916.6757202148438,903.1154174804688,890.1365966796875,635.3250122070312,874.3027954101562,885.993896484375,857.7540283203125,616.3350830078125,846.9036254882812,887.1232299804688,845.6856079101562,591.9359130859375,839.69873046875,870.5018920898438,868.866455078125,592.140380859375,861.1988525390625,872.3770751953125,487.3056945800781,619.1901245117188,465.80426025390625,876.4925537109375,683.2269287109375,590.5545043945312,669.6533813476562,867.7371215820312,738.1773681640625,588.4453735351562,725.4102172851562,866.9099731445312,794.6768798828125,589.0944213867188,787.050537109375,867.7679443359375,953.9590454101562,591.54248046875,928.888671875,879.1692504882812,1016.328125,595.2977294921875,1019.7435913085938,887.068603515625,1090.2542724609375,601.7775268554688,1079.5360107421875,891.0405883789062,1174.4287109375,608.572998046875,1225.3248291015625,906.4478149414062,1300.3585205078125,618.0343627929688,1289.37841796875,900.371826171875,1345.843994140625,640.7549438476562,1330.8802490234375,852.0185546875
620.3326416015625,656.1541748046875,590.917236328125,927.1632080078125,639.2427368164062,658.1203002929688,610.377685546875,924.695068359375,653.0288696289062,656.9882202148438,625.7017211914062,919.5729370117188,652.9642333984375,649.94091796875,633.4129638671875,877.9196166992188,633.1218872070312,624.5184326171875,610.3736572265625,885.7442626953125,617.5545043945312,598.8632202148438,598.030029296875,863.1099243164062,629.969482421875,597.0765380859375,611.3741455078125,864.9052124023438,963.2714233398438,638.8330688476562,943.5778198242188,929.0805053710938,959.67919921875,641.9987182617188,939.9716796875,911.0745239257812,930.8407592773438,641.6716918945312,913.9523315429688,903.9810180664062,887.8450317382812,634.4159545898438,872.727294921875,886.416748046875,855.8099365234375,615.3023681640625,844.234130859375,886.8314208984375,845.6885375976562,591.4217529296875,837.0635375976562,870.4364624023438,867.1683349609375,591.688720703125,857.807861328125,872.6318359375,485.7239074707031,620.267578125,464.3498229980469,876.9562377929688,682.053466796875,589.8082885742188,667.671630859375,867.9821166992188,737.7686767578125,587.4058837890625,723.9054565429688,867.0709228515625,793.6900024414062,588.0433349609375,785.7600708007812,867.9833984375,955.6353759765625,591.3042602539062,925.7880859375,878.8997192382812,1016.6846923828125,594.7665405273438,1020.8309936523438,887.0313720703125,1147.8016357421875,605.4334716796875,1080.5235595703125,891.5897827148438,1171.547607421875,608.46044921875,1192.4559326171875,899.9808959960938,1260.882080078125,613.2803955078125,1281.95703125,900.8115234375,1344.2564697265625,641.3947143554688,1328.45947265625,851.8720092773438
620.275146484375,656.12255859375,590.5479736328125,927.212646484375,639.3294677734375,658.08203125,610.1884765625,924.38818359375,653.0001220703125,657.0377807617188,625.5425415039062,919.6946411132812,652.0816040039062,649.9999389648438,633.9742431640625,877.954833984375,632.0193481445312,624.743408203125,610.0656127929688,885.6676025390625,615.0451049804688,598.5744018554688,597.679931640625,863.8163452148438,627.8895263671875,597.1492919921875,611.2540893554688,865.7593994140625,964.3650512695312,638.4386596679688,944.1528930664062,929.1887817382812,953.697509765625,641.0148315429688,939.639404296875,911.1888427734375,928.2083740234375,641.6285400390625,913.1738891601562,905.0529174804688,886.0152587890625,633.550537109375,871.2920532226562,886.9013061523438,854.3939208984375,614.8328857421875,842.7322387695312,886.975341796875,844.9862670898438,590.33154296875,836.1949462890625,870.6505737304688,866.9903564453125,591.1087036132812,857.4297485351562,873.056884765625,483.8592224121094,621.3984985351562,463.15472412109375,876.8685913085938,679.9735717773438,589.281494140625,666.6968994140625,868.0575561523438,736.140625,586.5631713867188,723.8587646484375,867.3833618164062,791.6852416992188,586.5504760742188,784.70556640625,867.9403686523438,950.9658203125,591.4031982421875,926.415771484375,879.5985717773438,1014.6834106445312,594.1256713867188,1021.0022583007812,887.6417236328125,1146.997314453125,605.26513671875,1080.11962890625,892.0686645507812,1171.397216796875,608.4918212890625,1191.8056640625,900.625,1298.1065673828125,618.505615234375,1281.17626953125,900.87548828125,1343.224365234375,640.7992553710938,1326.9747314453125,851.845947265625
620.2993774414062,656.2171630859375,590.0684204101562,927.2732543945312,639.3870849609375,658.0098876953125,609.9398193359375,924.4082641601562,653.0083618164062,656.9696044921875,625.2373657226562,919.8336791992188,651.2042846679688,649.5781860351562,633.3445434570312,878.8786010742188,630.4586181640625,624.9561157226562,608.9879760742188,886.2783203125,613.575927734375,599.2942504882812,596.3253784179688,864.016845703125,626.1156616210938,597.5326538085938,609.59326171875,866.165771484375,966.71875,637.3314819335938,943.404541015625,929.1085815429688,951.690185546875,640.4365234375,936.6796875,912.3154296875,926.4893798828125,641.6332397460938,910.2925415039062,904.8499145507812,882.0441284179688,633.4892578125,868.4449462890625,886.8209228515625,851.4218139648438,613.6421508789062,840.08251953125,887.3580932617188,841.962890625,589.9004516601562,834.0057373046875,870.9924926757812,864.0548095703125,590.61083984375,855.9652709960938,873.1857299804688,482.4280700683594,622.5831298828125,461.3682556152344,877.3229370117188,678.5894165039062,588.0564575195312,663.9806518554688,868.4901123046875,734.4291381835938,585.4776000976562,721.5366821289062,867.498779296875,791.0222778320312,585.0380859375,781.0119018554688,868.8460693359375,950.18408203125,591.1975708007812,933.6312866210938,880.6041259765625,1051.20703125,596.9004516601562,1021.1915893554688,887.8020629882812,1145.2138671875,604.6344604492188,1094.19287109375,892.0928955078125,1166.953857421875,607.4813842773438,1190.7559814453125,900.8345336914062,1258.9422607421875,613.6404418945312,1280.390625,901.064697265625,1341.60205078125,640.7750854492188,1325.638671875,852.4911499023438
620.2938232421875,656.2120971679688,590.9086303710938,927.6023559570312,638.2390747070312,657.8164672851562,610.2046508789062,924.4721069335938,652.9832763671875,656.7831420898438,625.6026000976562,919.51806640625,650.487060546875,649.1591186523438,631.1276245117188,877.9420166015625,629.00048828125,624.8452758789062,606.91064453125,885.9564819335938,611.8682861328125,599.8339233398438,594.0717163085938,864.2882690429688,624.2083740234375,597.9246826171875,606.7514038085938,866.5564575195312,964.8276977539062,636.5383911132812,943.44873046875,929.1605224609375,950.135986328125,639.6928100585938,934.3324584960938,912.673583984375,924.9955444335938,641.286865234375,904.5189819335938,904.9361572265625,880.2626953125,633.513916015625,865.203857421875,887.5258178710938,848.684814453125,613.0614013671875,837.321044921875,887.3502807617188,839.05029296875,588.8952026367188,831.6423950195312,871.0900268554688,861.9840698242188,589.8980102539062,852.6015014648438,872.7797241210938,481.3019714355469,623.1406860351562,460.2369384765625,878.1500854492188,677.8312377929688,587.9378662109375,662.8905639648438,868.7835083007812,731.6157836914062,584.8029174804688,719.4901123046875,868.4044799804688,788.385986328125,584.7857055664062,778.8595581054688,868.9884643554688,944.1465454101562,590.9610595703125,924.55712890625,880.081298828125,1051.8634033203125,596.4196166992188,1017.9959716796875,887.8472290039062,1144.83154296875,604.0314331054688,1078.2659912109375,892.1140747070312,1165.6568603515625,607.056396484375,1186.3260498046875,900.0556640625,1293.242919921875,619.2255859375,1262.178466796875,904.9940795898438,1340.1417236328125,641.224365234375,1324.1038818359375,852.37841796875
620.3074340820312,656.305908203125,591.0438842773438,927.5091552734375,638.1844482421875,658.0675659179688,610.3418579101562,924.3796997070312,652.7217407226562,656.849365234375,625.7637939453125,919.243408203125,649.5546264648438,649.12548828125,629.4611206054688,876.9520263671875,628.0359497070312,624.8504028320312,605.1752319335938,885.9623413085938,610.7843627929688,600.152099609375,592.6631469726562,864.5263671875,622.3094482421875,598.4068603515625,605.3645629882812,866.8505249023438,962.50927734375,636.8248291015625,942.3133544921875,929.9103393554688,948.5982055664062,640.8758544921875,929.4969482421875,911.948974609375,923.205810546875,640.7312622070312,904.1782836914062,905.6090087890625,877.3600463867188,633.3256225585938,865.3751831054688,888.8715209960938,847.3709716796875,612.3299560546875,835.2643432617188,887.3995971679688,837.7255859375,588.0814208984375,830.3150024414062,870.919921875,860.6478271484375,589.1890869140625,849.4371948242188,872.5198974609375,480.14739990234375,622.8060913085938,458.7889099121094,878.648193359375,676.7910766601562,587.3944702148438,662.134521484375,868.7362060546875,730.4933471679688,584.4599609375,718.0867919921875,868.5343017578125,786.933837890625,583.9127197265625,776.8472900390625,868.503173828125,943.3017578125,591.0271606445312,933.57421875,880.5614624023438,1008.6714477539062,593.2472534179688,1015.8072509765625,887.6956787109375,1145.954345703125,603.7586059570312,1078.9779052734375,891.7058715820312,1213.2767333984375,611.5508422851562,1190.9210205078125,901.837158203125,1291.732177734375,619.3892211914062,1275.675537109375,901.889404296875,1337.91064453125,641.2968139648438,1322.0667724609375,852.2669067382812
620.299560546875,656.544189453125,591.3541259765625,927.891845703125,638.3104248046875,658.3253173828125,610.9977416992188,924.5833740234375,652.5166015625,656.8596801757812,625.7521362304688,919.094970703125,649.9859008789062,648.2910766601562,627.8214111328125,877.31884765625,627.5276489257812,624.9904174804688,604.0079345703125,886.0782470703125,610.4368286132812,600.2763061523438,592.2033081054688,864.7107543945312,621.7369384765625,598.3076171875,605.6337280273438,867.0169677734375,961.9793701171875,636.684814453125,942.6588745117188,930.6134033203125,946.02392578125,640.2681274414062,926.5692138671875,913.6456298828125,921.4405517578125,640.0900268554688,902.1215209960938,906.1019287109375,876.251953125,633.8616943359375,861.5438232421875,887.5756225585938,845.9734497070312,612.7562866210938,833.7742309570312,887.3590698242188,836.0488891601562,587.5089721679688,828.1211547851562,870.70849609375,858.7229614257812,588.2758178710938,848.4901123046875,872.6824951171875,478.96844482421875,622.6272583007812,456.9544372558594,879.0722045898438,676.1744995117188,586.8607788085938,660.5482788085938,868.751953125,730.431884765625,583.338623046875,716.9050903320312,868.5811767578125,785.5542602539062,583.404296875,775.6701049804688,868.37841796875,943.2921752929688,590.8795166015625,937.2303466796875,881.1458129882812,1009.8510131835938,593.2981567382812,1009.0109252929688,887.2666625976562,1080.253662109375,598.5733642578125,1080.431396484375,891.451904296875,1163.5408935546875,605.14599609375,1185.1571044921875,900.2530517578125,1290.6246337890625,619.4576416015625,1275.21826171875,901.7396850585938,1336.6590576171875,641.78076171875,1320.6392822265625,852.3193969726562
620.4287719726562,656.56982421875,591.562744140625,927.8663330078125,638.518798828125,658.5252075195312,610.8516235351562,924.6530151367188,652.349609375,656.8467407226562,625.5799560546875,919.0941772460938,649.0283813476562,648.3494873046875,626.9990844726562,878.0201416015625,626.08447265625,624.9762573242188,603.123779296875,886.33544921875,609.0958862304688,600.6578979492188,591.1272583007812,865.6522216796875,620.7141723632812,598.7330932617188,603.797607421875,867.21728515625,961.2958374023438,637.606201171875,942.410400390625,930.636962890625,944.0789184570312,638.8007202148438,923.7081298828125,914.7860107421875,920.2703857421875,638.9008178710938,900.313720703125,906.865966796875,874.7696533203125,633.2258911132812,858.4423217773438,887.9727783203125,844.989013671875,612.6199951171875,832.3975830078125,887.37158203125,834.9638061523438,587.2322387695312,826.1055297851562,870.3638305664062,857.4236450195312,588.382568359375,846.8545532226562,872.375,478.28546142578125,623.3541870117188,454.62847900390625,879.8705444335938,674.618408203125,586.6727905273438,659.5283203125,868.9638671875,729.1948852539062,583.0503540039062,715.301513671875,868.5187377929688,784.0992431640625,582.4600219726562,774.1293334960938,868.4307861328125,942.9137573242188,590.8153076171875,937.7735595703125,881.0031127929688,1009.9668579101562,593.126708984375,991.1550903320312,887.5516967773438,1077.299072265625,597.9296875,1056.95654296875,890.2565307617188,1164.0750732421875,604.8465576171875,1185.063232421875,900.5426025390625,1249.608642578125,613.7459716796875,1260.964111328125,904.4505615234375,1334.9456787109375,641.2196044921875,1319.366455078125,852.2356567382812
620.5114135742188,656.6880493164062,591.1356811523438,927.8239135742188,638.5460815429688,658.7333374023438,610.7171630859375,924.6849365234375,652.1343994140625,657.0115356445312,625.591796875,919.05224609375,648.1296997070312,648.6845092773438,626.1499633789062,878.5812377929688,625.070556640625,624.8068237304688,601.952392578125,886.2124633789062,607.6701049804688,600.854736328125,590.2002563476562,865.7508544921875,619.3063354492188,598.9869384765625,602.9700317382812,867.5506591796875,960.5383911132812,637.8740234375,939.2431640625,929.2265625,942.8417358398438,636.5648803710938,919.8887939453125,915.0551147460938,919.7080688476562,637.157470703125,896.6217651367188,906.1447143554688,874.2137451171875,632.785400390625,856.571533203125,887.494873046875,844.0322875976562,612.2167358398438,831.1477661132812,887.3997802734375,833.8611450195312,587.0353393554688,824.3162841796875,870.6233520507812,856.4972534179688,588.0025024414062,845.3751220703125,871.97900390625,476.89556884765625,623.061767578125,453.43536376953125,880.4498901367188,673.2205810546875,586.4705200195312,658.5975341796875,868.8941650390625,726.8151245117188,581.660400390625,713.9566040039062,868.4224243164062,783.0278930664062,583.18115234375,772.6273193359375,868.4522705078125,941.6015625,590.910400390625,938.16015625,880.9432373046875,1004.362548828125,592.653076171875,1015.6830444335938,887.6175537109375,1076.679931640625,597.7498168945312,1055.1524658203125,890.2514038085938,1163.23583984375,604.7380981445312,1184.481201171875,900.5752563476562,1284.755615234375,618.4393920898438,1261.4981689453125,904.2633666992188,1333.94140625,641.6365966796875,1318.670166015625,852.5042724609375
620.70458984375,656.8264770507812,590.7662353515625,927.8319091796875,638.6121826171875,658.8493041992188,610.4378051757812,924.6920776367188,652.05322265625,657.163330078125,625.4651489257812,919.0786743164062,647.3419799804688,649.021728515625,625.0106201171875,879.0123901367188,624.1158447265625,624.8915405273438,601.6187744140625,886.2779541015625,606.7913208007812,600.9295043945312,589.9781494140625,866.3079223632812,618.5859375,599.1096801757812,602.2693481445312,867.836181640625,960.3505249023438,638.4691162109375,937.7161865234375,926.377685546875,942.0413208007812,635.064453125,917.2185668945312,915.0691528320312,919.6192016601562,634.6884155273438,895.60546875,906.5857543945312,873.6815185546875,632.0488891601562,856.859375,887.6192626953125,842.615234375,611.7227172851562,830.814697265625,887.534423828125,832.4849853515625,586.9026489257812,823.1405639648438,870.4209594726562,855.484130859375,587.878662109375,844.5630493164062,872.0547485351562,475.57012939453125,622.9336547851562,452.469482421875,881.0525512695312,672.3665161132812,586.4974975585938,657.64306640625,868.8496704101562,725.9539184570312,581.3900146484375,712.7764892578125,868.2074584960938,781.8330078125,582.6336669921875,770.2459106445312,868.3981323242188,941.1910400390625,591.1994018554688,934.2894897460938,880.49560546875,1002.921630859375,592.4761962890625,1000.9351196289062,886.69482421875,1140.100341796875,602.51025390625,1056.402099609375,890.1764526367188,1159.7044677734375,604.147216796875,1189.1571044921875,902.179931640625,1284.2672119140625,618.6649780273438,1274.711669921875,901.5372314453125,1333.462890625,642.3081665039062,1318.020751953125,853.4468994140625
620.660400390625,656.5849609375,590.609130859375,927.8365478515625,638.6339721679688,658.959716796875,610.1627197265625,924.7196044921875,651.9718017578125,657.2725830078125,625.2476806640625,919.2649536132812,646.3223876953125,649.2156982421875,624.8932495117188,879.7718505859375,622.9937744140625,624.3048095703125,602.375,886.68359375,605.9392700195312,600.6782836914062,590.4886474609375,866.6473999023438,617.6162109375,598.7814331054688,602.0802612304688,867.8793334960938,960.1690063476562,638.4989624023438,936.7738037109375,926.0413818359375,942.6707763671875,633.7809448242188,914.7317504882812,915.529296875,919.4323120117188,633.8720703125,894.2617797851562,906.4814453125,873.0403442382812,631.1285400390625,855.8850708007812,887.6969604492188,841.5350341796875,610.5990600585938,829.5447998046875,887.1736450195312,831.3489990234375,586.5450439453125,822.5073852539062,870.3302612304688,854.5089111328125,587.34814453125,843.6411743164062,872.3369140625,474.57403564453125,622.3283081054688,451.7891845703125,881.5142822265625,671.7388305664062,585.7449951171875,657.6158447265625,868.702392578125,724.9216918945312,580.8928833007812,713.2410278320312,867.894775390625,780.7394409179688,582.0222778320312,769.9356079101562,868.0116577148438,942.6255493164062,591.3458251953125,929.7275390625,880.5471801757812,1004.1605224609375,592.375244140625,996.810302734375,886.7662353515625,1138.6650390625,602.2011108398438,1064.4022216796875,890.9840087890625,1159.631103515625,604.0162353515625,1178.374755859375,899.0250244140625,1285.1915283203125,619.1085815429688,1273.3177490234375,902.1217651367188,1332.59912109375,642.5523071289062,1317.51513671875,853.9127807617188
620.5963745117188,656.4739379882812,591.2109985351562,927.476318359375,638.5172119140625,658.965576171875,609.9592895507812,924.7535400390625,651.7393798828125,657.3014526367188,625.0648193359375,919.0820922851562,645.6919555664062,649.6876220703125,623.9436645507812,879.9024658203125,622.39404296875,624.5308227539062,601.343505859375,886.9449462890625,605.6994018554688,600.6007690429688,589.4874267578125,866.6956787109375,617.007080078125,599.0244140625,601.87451171875,868.2623291015625,961.27392578125,637.4879760742188,938.8119506835938,925.2125244140625,942.3097534179688,632.6812133789062,916.4403076171875,915.2489624023438,918.5492553710938,633.2476806640625,894.6181030273438,907.2211303710938,873.1693725585938,629.591796875,855.9107666015625,888.4706420898438,840.5835571289062,610.4705810546875,828.2131958007812,887.3554077148438,830.866943359375,586.527099609375,820.4627075195312,870.0383911132812,853.6746826171875,587.2296142578125,842.5800170898438,872.1810302734375,473.8990173339844,621.404296875,450.705078125,881.8034057617188,670.79541015625,585.674072265625,655.7847900390625,868.4385986328125,724.095947265625,580.8538818359375,711.5403442382812,867.630859375,779.8348388671875,581.5204467773438,767.1331176757812,867.7162475585938,943.8151245117188,591.0872192382812,929.7683715820312,880.2900390625,1042.2099609375,594.85693359375,997.5887451171875,886.738037109375,1131.0218505859375,601.262939453125,1080.6502685546875,890.1972045898438,1158.061279296875,603.7628784179688,1178.2777099609375,899.5609130859375,1284.5067138671875,619.1749877929688,1274.063720703125,901.8881225585938,1331.493896484375,643.0910034179688,1316.5628662109375,854.7442626953125
620.7595825195312,656.3851928710938,590.5286254882812,927.7035522460938,638.5875854492188,658.9459838867188,609.9617919921875,924.7868041992188,651.62548828125,657.3587036132812,624.8035888671875,918.9373168945312,644.9509887695312,650.1607666015625,623.1220703125,880.1193237304688,621.90966796875,624.7650146484375,600.7078857421875,887.1384887695312,605.1017456054688,600.45068359375,589.192138671875,867.0499267578125,616.597412109375,598.93994140625,601.4057006835938,868.5247192382812,954.7919921875,629.6571655273438,937.269775390625,923.8010864257812,939.7542114257812,631.8894653320312,913.6652221679688,914.3329467773438,916.391845703125,633.7053833007812,889.6516723632812,905.47119140625,871.9150390625,630.8470458984375,854.7293090820312,885.7227172851562,839.8677978515625,610.2799072265625,824.6607666015625,886.9336547851562,830.405029296875,586.314697265625,819.7907104492188,870.0272216796875,852.7412719726562,587.1043090820312,841.9764404296875,872.3363647460938,472.9749755859375,620.0848388671875,449.8191833496094,882.063720703125,669.7453002929688,586.1627197265625,654.6245727539062,868.1377563476562,723.2723999023438,580.762451171875,709.9574584960938,866.9317016601562,778.8308715820312,581.0484008789062,763.8983154296875,868.4158935546875,941.9944458007812,591.0230102539062,911.2200317382812,879.2711791992188,1044.060302734375,594.5499877929688,1017.1968994140625,886.87353515625,1131.4351806640625,600.9259643554688,1080.5247802734375,890.0751342773438,1204.8306884765625,609.2438354492188,1211.0609130859375,906.7099609375,1284.1126708984375,619.4291381835938,1274.6251220703125,901.741943359375,1330.517822265625,643.6072387695312,1315.61572265625,855.2095336914062
620.8523559570312,656.1954956054688,590.5291748046875,927.6817626953125,638.5841064453125,658.9036865234375,609.9166259765625,924.7688598632812,651.4794921875,657.4533081054688,624.47802734375,918.7402954101562,644.414794921875,651.3994140625,622.00634765625,879.5481567382812,621.4960327148438,625.134521484375,600.695068359375,887.7640380859375,604.4972534179688,600.5991821289062,588.08203125,867.1058959960938,616.2195434570312,598.879150390625,600.5353393554688,868.4472045898438,947.470947265625,627.74560546875,933.7195434570312,922.09228515625,936.3130493164062,632.2459106445312,909.2269287109375,912.7910766601562,913.4663696289062,634.2067260742188,885.3104248046875,902.7462768554688,869.8336181640625,632.2039184570312,848.96923828125,883.2225952148438,839.3524780273438,610.2456665039062,823.3824462890625,886.5230102539062,829.4976806640625,586.2130126953125,819.6935424804688,869.85400390625,851.3820190429688,587.1376342773438,842.6481323242188,871.9755859375,471.7972717285156,619.3240966796875,448.8839111328125,882.3224487304688,669.326416015625,586.189697265625,655.0259399414062,868.5036010742188,722.75732421875,580.4810791015625,708.5928955078125,866.8561401367188,777.619384765625,580.6483154296875,763.5963134765625,868.1943969726562,942.2191772460938,591.0799560546875,943.3246459960938,881.8583374023438,1047.5565185546875,594.0038452148438,1017.975341796875,886.9717407226562,1133.7696533203125,600.9769287109375,1079.1934814453125,889.8171997070312,1206.322998046875,609.1858520507812,1209.22265625,906.537109375,1283.2037353515625,619.5989379882812,1273.3560791015625,902.127197265625,1329.6875,644.4592895507812,1314.499755859375,855.8049926757812
621.0466918945312,656.0988159179688,590.33203125,927.6547241210938,638.5125122070312,658.9921875,609.6934814453125,924.791015625,651.3327026367188,657.494873046875,624.1906127929688,918.7964477539062,643.468505859375,651.1743774414062,621.150390625,878.9437866210938,620.499267578125,625.64697265625,599.8182983398438,887.7588500976562,603.1788330078125,600.7125244140625,587.1768798828125,867.2725219726562,614.9418334960938,599.111572265625,599.4476318359375,868.4094848632812,946.7340087890625,629.076171875,932.2072143554688,921.7146606445312,933.5504760742188,632.9898681640625,902.8282470703125,912.864013671875,910.2935791015625,635.8054809570312,882.365966796875,902.1775512695312,867.626708984375,632.5648803710938,844.5159301757812,880.2525634765625,837.795166015625,610.1005249023438,822.3427734375,885.7127075195312,827.8626708984375,585.9619140625,818.3567504882812,869.6355590820312,850.2357177734375,587.0728759765625,841.1669311523438,871.7213134765625,470.5389404296875,617.8970336914062,448.048095703125,882.4794921875,668.6124877929688,586.1063232421875,653.320556640625,868.3030395507812,721.6367797851562,580.186767578125,707.4490356445312,866.5108642578125,778.0760498046875,579.3973388671875,763.5031127929688,868.0202026367188,941.9164428710938,591.27197265625,935.0792236328125,881.0852661132812,1001.3889770507812,592.0385131835938,1011.6402587890625,886.8764038085938,1133.8609619140625,600.6712646484375,1081.4095458984375,889.3695678710938,1153.1707763671875,602.096435546875,1177.978271484375,899.6019897460938,1282.3529052734375,619.6620483398438,1259.6519775390625,904.9368896484375,1328.6898193359375,644.5452270507812,1313.2386474609375,856.13671875
621.002685546875,655.9983520507812,590.9093627929688,927.4315795898438,638.5208129882812,659.0662231445312,609.4912109375,924.99853515625,651.2607421875,657.39697265625,624.586181640625,919.3258056640625,642.838623046875,651.1217041015625,620.337646484375,879.7191162109375,619.2473754882812,625.9605712890625,598.8092041015625,887.7924194335938,601.2839965820312,601.5211181640625,585.1965942382812,866.8399658203125,613.84228515625,599.2246704101562,598.0941162109375,868.1976928710938,946.0736083984375,631.8132934570312,929.642333984375,918.8087768554688,931.4059448242188,635.7529907226562,898.9774169921875,911.220458984375,907.2356567382812,638.6067504882812,879.7762451171875,900.4156494140625,864.793701171875,633.8484497070312,842.1610717773438,878.9534912109375,837.292724609375,610.29541015625,820.2786254882812,885.2925415039062,826.8479614257812,585.7713623046875,816.1323852539062,869.1998901367188,849.6806640625,587.26220703125,839.1583251953125,871.1141967773438,469.5773010253906,617.647705078125,447.92156982421875,882.44091796875,666.6173095703125,586.5272216796875,651.3091430664062,868.1513671875,720.04296875,579.8936767578125,705.2595825195312,866.1984252929688,776.886474609375,579.2506713867188,761.8641967773438,867.3712768554688,947.3495483398438,591.5536499023438,931.1875,880.3488159179688,1033.492431640625,593.545166015625,1005.1238403320312,886.592041015625,1131.1046142578125,600.5153198242188,1081.053955078125,889.180908203125,1203.296875,608.44091796875,1176.507080078125,899.3336181640625,1281.4632568359375,619.517822265625,1257.967529296875,905.4392700195312,1327.26708984375,644.0662231445312,1311.6048583984375,855.7086791992188
621.16162109375,656.22119140625,590.9962768554688,927.5410766601562,638.66259765625,659.3297729492188,609.861083984375,925.0994262695312,650.9163818359375,657.5443725585938,624.414306640625,919.1141357421875,641.9573364257812,651.0394897460938,619.1359252929688,880.2030639648438,618.3719482421875,626.1594848632812,597.2951049804688,887.5087280273438,600.2030029296875,601.57861328125,583.1817016601562,866.7841796875,612.6052856445312,599.345458984375,595.7418212890625,867.8333740234375,947.4630126953125,635.7633666992188,923.1962280273438,914.8618774414062,929.3868408203125,639.4456176757812,895.9616088867188,909.4627685546875,905.6937255859375,642.1793212890625,877.9069213867188,897.719482421875,862.0570068359375,635.3758544921875,839.3199462890625,877.81103515625,835.5267944335938,610.496337890625,820.07177734375,884.61669921875,825.6060791015625,585.5143432617188,815.4276733398438,868.9889526367188,849.0628662109375,587.5056762695312,838.9191284179688,870.982421875,467.74395751953125,617.5184326171875,446.4772644042969,882.5672607421875,664.3336181640625,586.8331298828125,648.313720703125,867.9098510742188,718.2581176757812,580.4749755859375,703.976318359375,865.84619140625,775.6571044921875,579.1036376953125,761.6073608398438,866.92578125,941.9407348632812,591.4700317382812,930.2351684570312,880.0277709960938,1001.777099609375,592.2549438476562,1005.1655883789062,886.0968017578125,1069.9478759765625,595.521484375,1079.82763671875,889.1533813476562,1150.2117919921875,601.5985717773438,1175.5284423828125,899.3118896484375,1279.6004638671875,619.9234619140625,1258.4072265625,905.3721923828125,1326.020751953125,644.7207641601562,1310.24365234375,855.8114013671875
621.2051391601562,656.1888427734375,590.975341796875,927.5340576171875,638.6720581054688,659.4727783203125,609.9903564453125,925.1480102539062,650.6076049804688,657.6253051757812,624.2727661132812,918.8494873046875,641.052734375,651.0701293945312,617.2193603515625,880.2073364257812,617.8760986328125,625.9537353515625,594.6943969726562,887.2640991210938,599.3867797851562,601.6898803710938,580.4065551757812,866.4537963867188,611.5532836914062,599.465087890625,592.62841796875,867.5811157226562,943.3145141601562,638.4246826171875,925.1943359375,915.3557739257812,925.186279296875,643.6150512695312,893.3768310546875,905.01416015625,901.371826171875,644.1574096679688,877.7158813476562,895.5446166992188,857.6043701171875,635.2245483398438,837.1441650390625,875.6136474609375,833.712890625,610.3319091796875,819.312744140625,884.6411743164062,824.1668701171875,585.1533203125,815.6618041992188,868.6048583984375,847.3851318359375,587.4733276367188,839.7606811523438,870.6919555664062,466.55535888671875,617.0991821289062,445.1409606933594,882.7052612304688,663.7384643554688,586.9981079101562,646.869873046875,867.848388671875,716.6386108398438,580.2305297851562,701.352294921875,866.0073852539062,773.902099609375,578.804931640625,761.9964599609375,865.3978271484375,936.2526245117188,592.0531616210938,930.5167236328125,879.6126708984375,1000.6491088867188,592.4780883789062,1005.6611328125,885.6744995117188,1068.227294921875,595.5501708984375,1069.8614501953125,889.00244140625,1202.8499755859375,608.197509765625,1091.24169921875,889.7532958984375,1278.43603515625,619.90283203125,1260.095458984375,904.8135375976562,1325.3857421875,644.7609252929688,1309.448974609375,856.3592529296875
620.8606567382812,656.3745727539062,590.8297119140625,927.4645385742188,638.2828979492188,659.5885620117188,609.9052124023438,925.2694702148438,650.1747436523438,657.8861083984375,624.1314697265625,919.0023193359375,640.1318969726562,651.2916870117188,619.0535888671875,880.7899169921875,616.8174438476562,626.2357788085938,594.8247680664062,887.0888061523438,598.0642700195312,601.8551635742188,580.6444091796875,866.5740356445312,610.24755859375,599.7432250976562,592.60693359375,867.6790771484375,936.04443359375,640.8567504882812,915.5914306640625,911.144775390625,921.5989990234375,648.5028686523438,893.1497802734375,903.4884643554688,897.80517578125,647.1798706054688,874.1786499023438,893.8506469726562,855.7920532226562,636.9973754882812,831.4879150390625,873.9905395507812,832.18408203125,610.3076782226562,816.7785034179688,884.3837890625,823.3516845703125,585.1931762695312,814.2781982421875,868.8178100585938,845.9243774414062,587.6415405273438,836.07373046875,870.3054809570312,465.4628601074219,617.1051635742188,443.9891052246094,882.5565185546875,662.478515625,586.8626708984375,646.3500366210938,867.5616455078125,715.30712890625,579.908203125,700.8905029296875,865.3768310546875,771.7939453125,578.2996826171875,759.8596801757812,864.914306640625,935.8310546875,592.33984375,901.3155517578125,876.9557495117188,1032.453369140625,593.9423217773438,1001.7651977539062,884.7353515625,1116.91943359375,598.841796875,1070.6141357421875,888.7954711914062,1150.07568359375,601.498046875,1089.5870361328125,889.3114624023438,1278.2733154296875,619.7367553710938,1262.2132568359375,904.0691528320312,1324.68994140625,644.7200927734375,1308.8597412109375,857.5244140625
620.5496826171875,656.8446044921875,590.7756958007812,927.5691528320312,638.5988159179688,659.8781127929688,609.951171875,925.5073852539062,649.940673828125,657.9530639648438,624.1624755859375,918.998046875,638.497314453125,650.4444580078125,618.4864501953125,881.078857421875,615.5208740234375,626.64892578125,593.2362060546875,886.89794921875,596.7003784179688,602.3141479492188,578.6806030273438,866.2164916992188,608.966064453125,600.07958984375,591.7129516601562,867.7903442382812,934.2928466796875,643.4500122070312,912.281494140625,900.9911499023438,917.321533203125,651.6402587890625,888.97314453125,901.2112426757812,893.2178955078125,650.2466430664062,871.614013671875,888.236083984375,851.48681640625,637.6924438476562,829.2352905273438,871.7662353515625,830.780517578125,610.6356811523438,813.8535766601562,883.5889892578125,822.057373046875,585.1495971679688,810.4003295898438,868.3316650390625,844.6630859375,587.7570190429688,831.1231079101562,869.3408203125,464.1317443847656,617.256103515625,442.76373291015625,882.5646362304688,661.1002197265625,586.7717895507812,644.4942016601562,867.1857299804688,714.16455078125,579.8762817382812,699.4791870117188,865.1777954101562,770.3406372070312,577.6992797851562,757.608154296875,864.6994018554688,927.2448120117188,594.0543212890625,898.73779296875,876.443115234375,1033.8897705078125,594.4772338867188,999.918701171875,884.0607299804688,1116.64453125,598.75830078125,1071.34765625,888.3687133789062,1201.547607421875,608.2999877929688,1088.8150634765625,888.9542846679688,1276.164794921875,619.46826171875,1264.9305419921875,903.2606811523438,1323.547607421875,644.3764038085938,1307.898681640625,857.92431640625
620.4091186523438,657.2034912109375,590.4506225585938,927.6133422851562,638.6262817382812,659.7664184570312,609.9357299804688,925.455078125,649.9119262695312,658.152099609375,624.1549682617188,918.6785888671875,637.8804931640625,651.1400146484375,617.7548828125,880.886474609375,614.6588134765625,626.766357421875,592.3050537109375,886.6830444335938,595.724609375,602.1865234375,577.7587890625,866.113525390625,607.862548828125,600.1500244140625,590.6395263671875,867.5841674804688,930.9779052734375,646.05078125,908.6011352539062,894.9813232421875,913.0982666015625,654.8504028320312,886.5659790039062,898.641845703125,888.1605834960938,653.3438720703125,870.458740234375,887.1336059570312,847.7015380859375,639.2366333007812,824.1571655273438,870.681884765625,829.5846557617188,610.7553100585938,812.1365966796875,883.1450805664062,820.9666137695312,584.9768676757812,807.6597290039062,867.6773071289062,843.6278076171875,587.7518920898438,828.1747436523438,868.7713623046875,462.9468994140625,617.1686401367188,441.5849304199219,882.3468627929688,659.9478149414062,586.7894287109375,643.36474609375,866.9505004882812,713.4066772460938,580.0451049804688,698.7686767578125,864.8569946289062,769.5926513671875,577.5803833007812,756.8775634765625,864.3092651367188,926.1221313476562,594.1339111328125,896.8944702148438,876.4022216796875,1037.1444091796875,594.7736206054688,1000.25634765625,883.5157470703125,1119.4552001953125,598.8714599609375,1076.0205078125,887.6674194335938,1200.139404296875,608.1838989257812,1088.8973388671875,888.4987182617188,1274.8477783203125,619.4547119140625,1264.6434326171875,903.0615844726562,1322.20361328125,643.9652099609375,1306.40380859375,858.5872802734375
620.4224853515625,657.3711547851562,590.4198608398438,927.7133178710938,638.6444091796875,659.403564453125,609.4188842773438,925.5030517578125,649.7460327148438,658.0100708007812,623.7333984375,918.5101928710938,637.195068359375,653.0623168945312,616.4541015625,880.6366577148438,613.37060546875,626.9702758789062,590.8796997070312,886.60400390625,594.5770874023438,602.51708984375,576.1473999023438,866.0768432617188,606.8915405273438,600.4342041015625,588.9390258789062,867.4955444335938,928.1106567382812,650.509521484375,905.2640991210938,892.168701171875,908.8812255859375,657.927001953125,883.0672607421875,893.4800415039062,883.768310546875,655.7440185546875,871.3460693359375,885.8836059570312,843.48876953125,638.6220092773438,818.2716674804688,869.048828125,827.90087890625,610.4661865234375,810.632568359375,882.571533203125,820.4834594726562,585.0405883789062,807.5863037109375,867.0814819335938,842.4444580078125,588.0728149414062,828.3826293945312,868.9071044921875,462.1995849609375,616.9331665039062,440.0544738769531,882.8449096679688,658.7381591796875,586.9755859375,642.3323364257812,866.59814453125,712.8723754882812,579.7290649414062,697.734130859375,864.5946655273438,768.9041748046875,577.55126953125,756.6040649414062,863.6957397460938,924.357666015625,594.5818481445312,895.9405517578125,876.1943359375,1033.6519775390625,595.3306274414062,1001.9177856445312,883.0733032226562,1116.2900390625,599.424072265625,1042.4783935546875,885.241455078125,1199.5531005859375,607.9058227539062,1089.7176513671875,887.7774658203125,1274.022705078125,619.3009033203125,1264.2919921875,903.1685791015625,1321.4014892578125,642.7972412109375,1305.379638671875,858.9583740234375
620.5280151367188,657.5977783203125,590.522705078125,927.7467041015625,638.8922119140625,659.103515625,609.0947875976562,925.63037109375,649.5964965820312,657.9732666015625,623.3890380859375,918.5660400390625,636.3804321289062,653.1181640625,616.2186279296875,881.4821166992188,612.3419799804688,627.3265991210938,590.5379638671875,886.595458984375,593.2889404296875,602.8193969726562,576.0133666992188,866.6102905273438,605.7032470703125,600.3822631835938,588.1350708007812,867.4437866210938,919.7083740234375,655.5933837890625,893.1087036132812,892.831787109375,903.71142578125,661.7667846679688,872.6393432617188,891.2175903320312,878.2109375,658.5284423828125,855.1793212890625,880.67626953125,839.2535400390625,638.2156982421875,813.955810546875,865.9876098632812,826.4631958007812,610.12060546875,807.6885375976562,881.0731201171875,819.1093139648438,584.806396484375,803.2000122070312,866.702392578125,841.7572021484375,588.2269897460938,824.5742797851562,868.993896484375,460.69775390625,617.2383422851562,438.5830078125,883.2037963867188,657.5014038085938,586.836669921875,640.9429321289062,866.4838256835938,711.0592651367188,578.4405517578125,696.5228881835938,864.2506103515625,767.7359008789062,578.2758178710938,753.7138061523438,862.9906616210938,923.4812622070312,594.8506469726562,891.48046875,875.4697265625,1033.1483154296875,595.8392944335938,950.0692138671875,880.3306274414062,1114.4471435546875,599.920654296875,1028.9647216796875,883.9066772460938,1189.6900634765625,607.9741821289062,1088.658935546875,887.357177734375,1270.657958984375,617.853759765625,1262.881103515625,903.195068359375,1320.310791015625,641.5957641601562,1304.9609375,859.2688598632812
620.4524536132812,657.6557006835938,590.1368408203125,927.8176879882812,638.9966430664062,658.7507934570312,608.7838745117188,925.4302368164062,649.5675048828125,657.60205078125,623.2297973632812,918.3370971679688,636.2720947265625,652.2478637695312,615.2379760742188,881.6591796875,611.4299926757812,627.3932495117188,588.9837646484375,886.7606811523438,592.1627807617188,603.2515258789062,574.3045043945312,866.8081665039062,604.2915649414062,600.6270141601562,586.6530151367188,867.71435546875,913.6358032226562,658.2504272460938,890.70068359375,884.8966674804688,894.9654541015625,666.0230102539062,866.4296264648438,888.8257446289062,871.2847900390625,660.4827880859375,846.1988525390625,876.071533203125,835.1980590820312,638.5999755859375,810.6838989257812,865.20068359375,825.6004028320312,610.4483032226562,804.6935424804688,880.1599731445312,818.218505859375,584.5006713867188,799.6484985351562,867.0425415039062,840.0444946289062,587.9166259765625,821.8692626953125,869.4522705078125,459.6479187011719,617.8827514648438,436.7264709472656,883.1839599609375,656.2838134765625,586.559814453125,639.7128295898438,866.359619140625,710.1459350585938,578.06689453125,694.9735107421875,863.0675048828125,767.0901489257812,577.857177734375,750.5518798828125,863.587158203125,924.6181640625,594.94775390625,891.9183349609375,875.9303588867188,1027.8079833984375,596.0205078125,948.5791625976562,880.183837890625,1112.6968994140625,599.885498046875,1028.9561767578125,883.2533569335938,1185.230224609375,607.7307739257812,1080.698974609375,886.5099487304688,1267.826904296875,617.0744018554688,1262.1405029296875,903.3327026367188,1318.84375,640.632080078125,1303.8040771484375,859.2540283203125
620.447265625,657.7582397460938,590.1233520507812,928.0160522460938,639.0101928710938,658.62939453125,608.763427734375,925.4992065429688,649.5551147460938,655.3265991210938,622.8958129882812,918.1815795898438,635.3526000976562,652.230224609375,613.6123046875,881.9474487304688,610.1889038085938,627.4288330078125,587.6904296875,886.6866455078125,590.6905517578125,603.8510131835938,572.8413696289062,866.895263671875,602.7195434570312,601.1463012695312,585.28369140625,867.9784545898438,909.1591186523438,661.6513671875,882.2825927734375,881.5608520507812,890.0042724609375,669.8619995117188,862.6312255859375,885.8327026367188,866.4913940429688,663.2214965820312,841.6973266601562,872.5050659179688,831.2348022460938,638.8822631835938,809.4312744140625,862.3939208984375,824.0701904296875,609.9421997070312,802.4710083007812,879.2032470703125,817.2149658203125,584.2984008789062,796.5005493164062,865.8192138671875,839.0444946289062,587.7744140625,817.9892578125,867.1458129882812,458.1011047363281,619.030517578125,435.3970642089844,883.712890625,655.5570068359375,585.9667358398438,638.3331909179688,866.7476196289062,708.8970947265625,577.8731079101562,692.2446899414062,863.0,766.2673950195312,577.6337280273438,746.5856323242188,863.0828857421875,922.7410278320312,594.7493896484375,882.5578002929688,873.253173828125,1026.5968017578125,596.4849243164062,949.5376586914062,879.6864624023438,1099.7147216796875,599.7219848632812,1029.782470703125,883.018798828125,1166.747802734375,606.390869140625,1078.9378662109375,886.26611328125,1267.8360595703125,616.6970825195312,1260.3265380859375,903.5316162109375,1317.4813232421875,640.230712890625,1302.8551025390625,859.86962890625
620.6031494140625,658.1052856445312,590.2640380859375,928.02783203125,638.9208374023438,658.319091796875,609.0315551757812,925.6358032226562,649.2333374023438,655.1343383789062,622.6824340820312,918.0991821289062,634.7626342773438,652.7607421875,612.3851928710938,882.578369140625,609.0543212890625,628.0980834960938,586.8857421875,886.6537475585938,589.6424560546875,604.0631713867188,572.5868530273438,866.9523315429688,601.0767822265625,601.13037109375,584.802978515625,868.1315307617188,902.6032104492188,666.662109375,878.1222534179688,879.74853515625,882.950439453125,672.8999633789062,853.0894165039062,880.724365234375,859.4580078125,665.033447265625,833.6513671875,869.7017822265625,825.3053588867188,637.7071533203125,803.62939453125,862.6593017578125,822.0701293945312,609.0716552734375,801.825439453125,879.4656982421875,816.1180419921875,584.0614624023438,796.9794921875,865.7086791992188,838.2044677734375,587.6567993164062,819.1886596679688,867.2471923828125,457.4549865722656,619.6488647460938,433.9851379394531,884.1549072265625,653.2517700195312,586.1194458007812,638.1992797851562,866.6358642578125,707.0775146484375,577.6951904296875,692.5723876953125,862.872802734375,764.568359375,577.3236694335938,746.6179809570312,862.95361328125,918.8844604492188,595.1414794921875,882.8305053710938,872.5220336914062,1025.284423828125,596.7505493164062,947.3485107421875,879.3897094726562,1096.2889404296875,599.5078125,1028.0213623046875,882.1027221679688,1168.1221923828125,606.0509643554688,1078.4854736328125,886.07666015625,1267.902099609375,616.9572143554688,1259.943359375,903.4630126953125,1315.8756103515625,640.1302490234375,1301.499755859375,860.3863525390625
621.109619140625,658.2024536132812,590.5131225585938,927.9048461914062,638.5436401367188,658.9024047851562,609.1376342773438,925.5748291015625,649.2891235351562,655.239501953125,622.384033203125,917.6251831054688,633.5996704101562,652.488037109375,610.752197265625,882.5606079101562,607.6453857421875,628.5547485351562,585.435546875,886.5612182617188,588.2009887695312,604.1401977539062,571.5506591796875,867.1774291992188,599.901611328125,601.1549682617188,583.5208740234375,868.3793334960938,894.0574951171875,671.05419921875,874.2211303710938,879.087158203125,873.9370727539062,679.0162353515625,847.60888671875,878.1280517578125,851.6838989257812,667.3330078125,825.6923828125,867.8202514648438,821.8427734375,637.7337036132812,799.9462280273438,863.1367797851562,819.791748046875,608.9715576171875,800.2870483398438,879.2179565429688,814.53564453125,583.5868530273438,794.0285034179688,865.1712646484375,836.748779296875,587.4302368164062,815.9725341796875,866.5618896484375,456.20452880859375,620.202392578125,432.8320617675781,884.5150146484375,651.1014404296875,586.6491088867188,636.0861206054688,866.7213745117188,705.2176513671875,577.876953125,690.2503051757812,862.9171142578125,762.5609130859375,576.46630859375,745.2259521484375,863.0693359375,918.3351440429688,595.3917846679688,882.4791870117188,871.9287109375,985.9959716796875,595.3090209960938,947.97509765625,878.9666748046875,1099.0733642578125,599.7615356445312,1028.462158203125,881.9931640625,1162.983642578125,605.4420776367188,1077.9849853515625,885.91015625,1265.3592529296875,616.7115478515625,1258.508544921875,903.2511596679688,1314.255126953125,640.7898559570312,1299.469482421875,860.2606811523438
621.2096557617188,658.15185546875,590.7384033203125,927.8440551757812,638.6433715820312,659.0873413085938,609.36865234375,925.4494018554688,649.2891235351562,655.483642578125,622.1007080078125,916.9188232421875,632.4449462890625,652.4111328125,608.752197265625,882.1014404296875,606.1555786132812,629.1569213867188,584.2198486328125,887.3177490234375,586.19921875,605.2299194335938,568.605224609375,866.8756713867188,598.5035400390625,601.587890625,581.3853149414062,868.4776611328125,886.3809814453125,675.8419189453125,864.8890380859375,872.3250732421875,866.0765991210938,682.0218505859375,839.1824951171875,873.0545654296875,845.840087890625,669.3114624023438,820.2103271484375,865.2578125,816.4259033203125,635.939208984375,794.6962280273438,862.954833984375,817.731689453125,607.8195190429688,798.8037719726562,879.4344482421875,814.0950317382812,583.0577392578125,792.4583740234375,864.6636352539062,835.1807250976562,587.1416015625,813.4757080078125,866.611083984375,454.7063293457031,621.1448974609375,431.5218811035156,885.2189331054688,649.501953125,587.2633666992188,633.69775390625,867.0195922851562,703.8333740234375,577.29541015625,688.2506713867188,862.9207763671875,760.6107788085938,576.4436645507812,742.7090454101562,862.5875244140625,915.5513916015625,595.9076538085938,879.7984619140625,871.6944580078125,986.7907104492188,595.6986694335938,948.3142700195312,878.2071533203125,1093.813720703125,599.7470092773438,1027.2135009765625,881.6295166015625,1163.045654296875,605.7976684570312,1194.082763671875,906.7911987304688,1265.2547607421875,616.7277221679688,1257.4901123046875,903.4340209960938,1313.3204345703125,640.3414916992188,1298.122802734375,860.7422485351562
621.5462036132812,658.5999755859375,590.7255249023438,927.96044921875,638.7794189453125,659.0807495117188,609.2839965820312,925.4768676757812,648.920166015625,655.5534057617188,621.5993041992188,916.6259155273438,631.2312622070312,652.2655639648438,607.325927734375,881.52685546875,604.17724609375,629.8942260742188,583.0029907226562,887.4800415039062,584.44140625,605.715087890625,567.6018676757812,867.5152587890625,596.7244873046875,602.0875854492188,580.1123657226562,868.919677734375,880.2637329101562,681.1002197265625,854.992431640625,871.4501342773438,856.1173706054688,686.6153564453125,829.1085205078125,872.7730712890625,839.305908203125,671.9696655273438,813.3783569335938,865.61669921875,812.3177490234375,634.5684204101562,788.3941040039062,863.0035400390625,815.3552856445312,607.1622924804688,795.7230224609375,878.3963012695312,812.1047973632812,582.8557739257812,790.5882568359375,864.4607543945312,833.4066772460938,586.6731567382812,811.2407836914062,867.1907958984375,453.3311767578125,622.0367431640625,430.9642639160156,885.5888671875,648.0247192382812,587.6263427734375,633.380859375,867.2587890625,701.5857543945312,578.1853637695312,686.7708129882812,863.1337280273438,760.4373168945312,574.8865966796875,741.7269287109375,862.868896484375,908.6769409179688,595.7000122070312,874.46044921875,871.4009399414062,1017.3682250976562,597.4028930664062,947.9722900390625,877.5630493164062,1094.511474609375,599.932861328125,1027.997802734375,881.2672729492188,1165.6607666015625,606.3629760742188,1072.712158203125,885.131103515625,1234.897705078125,612.9789428710938,1254.226806640625,904.07763671875,1311.866455078125,640.0733032226562,1296.1895751953125,860.57275390625
622.0311889648438,658.3846435546875,590.4249877929688,928.0895385742188,638.8125,659.1032104492188,609.0443725585938,925.4114990234375,648.7745971679688,655.8290405273438,621.3428344726562,916.5331420898438,630.4434814453125,652.4700927734375,607.6817626953125,880.4364624023438,602.9261474609375,630.3410034179688,581.10791015625,887.77197265625,582.145263671875,606.2921142578125,565.5914306640625,868.034912109375,594.6515502929688,602.8101196289062,577.7501831054688,869.0860595703125,867.6334228515625,685.9560546875,844.7744750976562,873.9017944335938,848.0354614257812,690.2471923828125,823.91064453125,873.9229125976562,832.0435180664062,672.374267578125,806.2963256835938,863.8969116210938,807.4193115234375,634.6912231445312,782.3135986328125,861.854248046875,813.14794921875,607.0110473632812,794.2017211914062,877.841064453125,809.954833984375,582.11181640625,788.4107666015625,862.8743286132812,831.89013671875,586.28759765625,808.2315673828125,864.0180053710938,451.88763427734375,623.1345825195312,429.1496276855469,886.3605346679688,646.2302856445312,587.7504272460938,630.7808227539062,867.2416381835938,699.412841796875,578.036376953125,683.5812377929688,863.9736328125,758.1325073242188,574.40625,738.8803100585938,862.99169921875,905.29296875,595.2393188476562,873.9891357421875,870.7182006835938,973.44677734375,596.2014770507812,949.7421264648438,877.42578125,1094.3033447265625,600.1124877929688,1029.2646484375,881.3475341796875,1166.4942626953125,607.145263671875,1060.166748046875,884.6168823242188,1235.2685546875,613.1482543945312,1252.985107421875,904.4029541015625,1310.0321044921875,640.8985595703125,1294.736328125,859.9942626953125
622.3421020507812,658.1937255859375,590.1962890625,928.1624145507812,638.8782348632812,659.0523071289062,608.7674560546875,925.3875732421875,648.8821411132812,656.3323364257812,620.9989013671875,916.38818359375,629.545654296875,652.6154174804688,605.7698364257812,880.5020751953125,601.7539672851562,630.2490234375,579.1980590820312,888.1694946289062,581.1552734375,606.8211669921875,563.2156982421875,868.5426025390625,593.1836547851562,603.4545288085938,575.4151000976562,869.4136962890625,858.4055786132812,690.170654296875,831.9713134765625,871.90673828125,836.6558837890625,694.355224609375,814.484619140625,873.8080444335938,823.2962646484375,672.17919921875,798.2686767578125,862.6978149414062,802.28759765625,633.4176025390625,780.3947143554688,863.843017578125,811.61962890625,606.2024536132812,793.1583862304688,877.9264526367188,808.4619140625,581.7518920898438,787.0064697265625,862.5294799804688,830.8795776367188,586.1127319335938,807.2496337890625,863.9583129882812,450.2939453125,624.4397583007812,427.5928955078125,887.1159057617188,644.8092651367188,587.9605712890625,628.5480346679688,867.7527465820312,698.17138671875,578.0469970703125,681.8994140625,864.018798828125,756.8146362304688,574.3759765625,737.1878662109375,862.9369506835938,905.9474487304688,595.2230834960938,874.5160522460938,871.0358276367188,973.2755737304688,596.3490600585938,946.938232421875,876.9906005859375,1088.942626953125,599.4695434570312,1028.442626953125,881.1199951171875,1165.7615966796875,607.0559692382812,1060.0601806640625,884.5588989257812,1258.9356689453125,618.6943359375,1250.312255859375,904.4550170898438,1308.293212890625,640.9171752929688,1292.523193359375,860.5792236328125
622.7537841796875,657.8576049804688,589.9638061523438,928.1529541015625,639.001220703125,659.2299194335938,608.837890625,925.23486328125,648.5498046875,656.5875854492188,620.7899780273438,916.121826171875,628.904296875,652.6396484375,603.6203002929688,879.9395141601562,600.601806640625,630.9242553710938,576.4413452148438,888.4370727539062,579.8009643554688,607.7181396484375,559.5306396484375,868.7399291992188,591.5421752929688,604.0376586914062,572.86083984375,869.855224609375,848.7481079101562,696.3563842773438,825.8267211914062,875.8953857421875,828.9036865234375,696.912109375,806.544189453125,873.9415893554688,816.320068359375,672.2781982421875,791.8272705078125,862.0611572265625,799.218505859375,632.7155151367188,775.9265747070312,866.471923828125,809.8828125,605.9655151367188,789.9244995117188,877.86279296875,807.8952026367188,581.6550903320312,786.732421875,862.783935546875,830.6232299804688,586.3699951171875,807.1294555664062,866.6505126953125,449.0834655761719,625.0890502929688,425.8893737792969,888.0285034179688,643.2506103515625,588.112548828125,624.73193359375,867.8392944335938,696.8497314453125,577.7772827148438,679.0435791015625,863.2234497070312,755.4207763671875,574.1140747070312,734.06787109375,863.4491577148438,905.8049926757812,595.40087890625,868.8343505859375,870.2198486328125,1023.5242309570312,597.5001220703125,942.9630737304688,876.6220703125,1098.859375,600.564697265625,1024.72216796875,881.137939453125,1174.630126953125,608.1859741210938,1068.4920654296875,884.0313720703125,1254.726806640625,617.6604614257812,1247.693115234375,904.2677612304688,1306.5751953125,640.6731567382812,1290.2431640625,860.7047119140625
622.919921875,657.8798828125,590.0054321289062,928.28564453125,638.8358154296875,659.1944580078125,609.036865234375,925.1668701171875,647.970703125,656.6713256835938,620.6658935546875,915.6887817382812,628.2130737304688,652.419677734375,603.4085083007812,879.634033203125,599.6419067382812,631.02197265625,576.3011474609375,888.3021240234375,578.22119140625,606.8994750976562,560.0341186523438,869.4866943359375,590.1176147460938,604.2604370117188,573.4080200195312,870.3408813476562,837.2034301757812,701.1150512695312,816.99853515625,872.949462890625,818.093994140625,699.834716796875,796.9979858398438,872.3759155273438,808.375,672.0509033203125,788.0868530273438,862.1378173828125,795.6947631835938,632.2305908203125,769.9740600585938,863.4076538085938,808.0974731445312,606.5885009765625,786.8811645507812,876.2548217773438,805.2339477539062,581.0238037109375,780.211181640625,862.8294677734375,828.5455932617188,585.1262817382812,802.55224609375,866.6961059570312,447.9251403808594,627.056396484375,424.2789001464844,888.6849975585938,642.3025512695312,588.3853149414062,624.4281005859375,868.2294311523438,695.7745971679688,576.7354736328125,678.0038452148438,863.4310913085938,753.8157348632812,574.5271606445312,731.7161254882812,862.9024047851562,904.1180419921875,595.5739135742188,866.4356689453125,870.6112670898438,970.3626708984375,595.726806640625,939.10302734375,876.2904663085938,1098.92041015625,600.5682983398438,1025.2457275390625,880.95556640625,1170.31201171875,607.9227294921875,1063.50146484375,884.512939453125,1254.0416259765625,617.6189575195312,1246.518798828125,903.9885864257812,1305.01220703125,640.0043334960938,1288.9268798828125,860.4267578125
622.9208374023438,658.0286254882812,589.8858032226562,928.190185546875,638.6159057617188,659.1541748046875,608.9472045898438,925.1592407226562,647.7496948242188,656.7039794921875,620.4508056640625,915.9968872070312,627.44775390625,653.0446166992188,603.2544555664062,880.61865234375,598.6250610351562,632.4950561523438,574.8123779296875,888.521728515625,576.8271484375,607.2501220703125,559.9476928710938,870.3369140625,588.57275390625,604.5392456054688,572.4131469726562,870.9838256835938,824.4983520507812,705.091064453125,809.8042602539062,875.2872924804688,804.93603515625,699.7137451171875,787.8035278320312,871.5499877929688,801.8450317382812,669.5118408203125,780.4093627929688,862.3374633789062,792.3082885742188,629.812744140625,767.9290771484375,861.5820922851562,806.10302734375,606.4688110351562,782.3923950195312,877.1671752929688,803.702880859375,580.6131591796875,776.9090576171875,862.6956787109375,826.7153930664062,584.778076171875,798.876220703125,865.4642333984375,446.9878234863281,627.9622802734375,423.4841003417969,889.881103515625,640.48974609375,588.4627075195312,624.4290771484375,868.4225463867188,694.37060546875,576.6182861328125,676.29150390625,863.842041015625,752.24072265625,573.9925537109375,730.1069946289062,862.13623046875,905.6056518554688,595.6663818359375,863.7154541015625,870.4586181640625,1016.2685546875,596.9886474609375,934.08056640625,876.0128173828125,1097.5654296875,600.4366455078125,1020.774658203125,881.150146484375,1168.455810546875,607.7019653320312,1061.5665283203125,884.1964721679688,1252.3187255859375,617.3653564453125,1245.0599365234375,904.0411376953125,1302.8690185546875,639.108642578125,1287.4412841796875,859.812255859375
622.7247314453125,658.6321411132812,590.4441528320312,928.0863647460938,638.4158325195312,659.1910400390625,609.1476440429688,925.0927124023438,647.49609375,656.4979858398438,620.3050537109375,915.62548828125,626.6727905273438,653.0592651367188,602.26611328125,881.4356689453125,597.7392578125,632.7105102539062,574.9578857421875,889.141845703125,575.774658203125,607.4049072265625,558.4761962890625,870.7316284179688,587.4287109375,604.6739501953125,571.0755004882812,871.4232788085938,813.9848022460938,708.3511352539062,790.5327758789062,870.9918823242188,793.9248657226562,699.7339477539062,771.937255859375,868.4962158203125,794.5348510742188,671.0319213867188,770.6090698242188,861.2100219726562,789.4080810546875,630.2144165039062,764.6163940429688,860.3119506835938,804.4318237304688,606.0399169921875,781.840087890625,877.7472534179688,802.4797973632812,580.0372314453125,781.4269409179688,864.8670654296875,825.0462036132812,584.7670288085938,799.86865234375,865.715087890625,446.2021484375,628.3018188476562,421.9305114746094,890.8677368164062,639.7617797851562,587.652587890625,627.2437744140625,868.6300048828125,693.0963745117188,576.2130126953125,681.1433715820312,864.8646850585938,751.8414916992188,574.935791015625,734.460693359375,863.7505493164062,901.9463500976562,595.6588745117188,863.5352172851562,870.4639282226562,1013.4326171875,596.8495483398438,932.4133911132812,875.6658325195312,1084.973388671875,599.5477294921875,1018.998046875,880.7095947265625,1167.769775390625,607.5208129882812,1060.7579345703125,884.1376342773438,1251.562744140625,617.149169921875,1244.3646240234375,903.8580932617188,1301.1295166015625,639.6914672851562,1286.35400390625,860.1204833984375
622.2366333007812,659.3665161132812,590.464599609375,928.133056640625,638.3604125976562,658.9564819335938,609.479736328125,924.9780883789062,647.3406982421875,656.0311889648438,620.2151489257812,915.1978149414062,625.960205078125,653.4527587890625,602.8545532226562,882.1802978515625,596.8659057617188,632.8291625976562,574.0003051757812,889.1109008789062,575.9249267578125,608.1918334960938,557.489013671875,871.2131958007812,586.3974609375,604.9129028320312,569.8233032226562,871.8202514648438,799.3966064453125,710.7117309570312,754.524658203125,874.1342163085938,781.0177612304688,695.999267578125,756.8021850585938,871.2523193359375,787.337890625,666.8506469726562,762.6209106445312,864.43017578125,787.6958618164062,626.4503784179688,764.519775390625,854.0850830078125,803.0300903320312,605.3447875976562,781.8751831054688,877.6657104492188,801.28076171875,579.5216064453125,784.58447265625,865.156005859375,823.600341796875,584.1306762695312,804.3737182617188,865.4266967773438,444.5279235839844,628.41796875,420.6215515136719,891.96337890625,638.2952270507812,587.6797485351562,626.7643432617188,868.9425659179688,691.868896484375,575.9119262695312,682.531982421875,864.9990234375,750.3215942382812,573.689453125,735.6531982421875,864.0963134765625,901.674072265625,595.3526000976562,864.8701171875,870.5690307617188,1013.920654296875,596.8898315429688,931.7330322265625,875.7791137695312,1083.958740234375,599.3095703125,1013.3209838867188,880.3475952148438,1187.2630615234375,609.3612060546875,1062.273193359375,883.8997192382812,1251.038818359375,617.2235717773438,1243.5323486328125,903.6976318359375,1299.1029052734375,640.2847900390625,1284.70068359375,860.3809814453125
622.4334716796875,659.8796997070312,590.311279296875,928.149658203125,638.451416015625,658.7978515625,609.4253540039062,924.7532348632812,647.3672485351562,655.7195434570312,620.1282958984375,914.9617309570312,624.8464965820312,653.9725952148438,602.0136108398438,882.5253295898438,595.8511962890625,632.750732421875,572.4029541015625,889.7512817382812,574.9572143554688,608.6546020507812,555.2664184570312,871.5396728515625,585.262451171875,605.2728881835938,567.9165649414062,872.0098266601562,782.8035278320312,710.9312744140625,741.0414428710938,877.6557006835938,769.2405395507812,693.6415405273438,748.5380859375,869.8901977539062,780.7346801757812,666.2102661132812,760.3991088867188,864.0809936523438,786.6785278320312,625.6734008789062,766.8251342773438,853.82373046875,801.7400512695312,604.781982421875,786.1797485351562,877.3126831054688,800.454833984375,578.8978271484375,786.3291015625,865.729736328125,822.002685546875,583.947509765625,807.7703857421875,867.1710815429688,443.4729309082031,628.8016357421875,419.5072937011719,892.9420776367188,637.3319702148438,588.0346069335938,624.9236450195312,869.1657104492188,690.9786987304688,575.487060546875,680.4119873046875,865.5847778320312,748.9957885742188,573.3887939453125,737.961181640625,865.2800903320312,902.0294799804688,595.0944213867188,868.0371704101562,871.0812377929688,1014.9278564453125,596.8155517578125,931.725830078125,875.7661743164062,1085.243408203125,599.1664428710938,1011.6651000976562,880.0074462890625,1167.64208984375,608.0248413085938,1064.3067626953125,883.7553100585938,1250.3067626953125,617.35546875,1242.1993408203125,903.374755859375,1297.857421875,640.7802734375,1282.88525390625,860.0175170898438
622.2105102539062,660.0682373046875,590.50146484375,928.128662109375,638.2366943359375,658.5740356445312,609.5964965820312,924.6740112304688,647.0774536132812,655.7400512695312,619.9735717773438,914.7755126953125,624.5076293945312,653.86376953125,601.3558349609375,882.68603515625,595.0795288085938,633.0545043945312,572.05029296875,889.9002075195312,574.1586303710938,609.2279052734375,554.6837768554688,871.7943725585938,584.9178466796875,605.7816772460938,567.1812744140625,872.2161865234375,766.5818481445312,708.3348388671875,737.1505737304688,885.2182006835938,758.6280517578125,689.9585571289062,739.7151489257812,872.1049194335938,773.3175048828125,664.7529907226562,750.1369018554688,866.5882568359375,782.8522338867188,624.66064453125,757.5450439453125,855.4805908203125,801.0234375,604.6381225585938,781.0634765625,877.630126953125,799.758056640625,578.6988525390625,782.4086303710938,865.0540161132812,821.3926391601562,584.1317749023438,803.9847412109375,866.2418823242188,442.3885803222656,629.2591552734375,418.5019226074219,893.6424560546875,636.6138916015625,588.2805786132812,622.6640014648438,869.3765258789062,690.386962890625,575.2435302734375,676.9850463867188,865.4734497070312,748.5989990234375,573.2235717773438,731.1156616210938,865.4345092773438,901.47900390625,595.4007568359375,867.7994384765625,871.309814453125,1015.1253662109375,596.6114501953125,933.6607666015625,876.4625854492188,1085.7664794921875,599.1061401367188,1017.9337768554688,880.7962036132812,1168.6160888671875,608.1907348632812,1176.683349609375,905.3987426757812,1249.3472900390625,617.5188598632812,1241.0506591796875,903.80078125,1296.8197021484375,640.8696899414062,1281.3958740234375,860.2459106445312
621.8134765625,660.3258666992188,590.647705078125,928.0973510742188,638.0198974609375,658.369140625,609.706298828125,924.6795043945312,646.8316040039062,655.6729125976562,619.7200317382812,914.7398071289062,623.6603393554688,654.0020751953125,600.3052978515625,883.1708984375,594.18017578125,633.4998168945312,570.9029541015625,890.1424560546875,572.9521484375,610.0713500976562,552.760986328125,871.3311767578125,584.5599365234375,606.3612670898438,565.5119018554688,872.3353881835938,752.9778442382812,705.1843872070312,722.1315307617188,887.4398193359375,747.9869384765625,685.3245849609375,730.3270263671875,873.8007202148438,766.9566650390625,663.42041015625,744.0208740234375,868.5780639648438,780.4290771484375,623.1653442382812,758.5974731445312,860.0736694335938,799.5396118164062,604.3148803710938,782.9788818359375,878.2539672851562,800.4017944335938,578.142333984375,783.84130859375,865.0186767578125,819.90576171875,583.8550415039062,805.5068359375,865.6293334960938,441.53656005859375,629.5305786132812,417.3099365234375,894.1902465820312,635.114501953125,588.5811157226562,620.7357177734375,869.9902954101562,689.1549682617188,575.1370849609375,675.6509399414062,865.2022705078125,747.3782348632812,573.3141479492188,731.7308349609375,865.5311889648438,895.239013671875,595.3323974609375,866.5316162109375,871.5465698242188,1015.658447265625,596.2839965820312,931.959228515625,876.4135131835938,1099.3365478515625,599.996337890625,1012.568115234375,880.228759765625,1168.507568359375,608.2542114257812,1062.0853271484375,883.4222412109375,1246.1678466796875,617.7232055664062,1239.531982421875,904.1237182617188,1296.1260986328125,640.7528686523438,1279.9429931640625,860.8121337890625
621.6504516601562,659.9407348632812,590.9457397460938,928.2542114257812,637.6718139648438,658.240478515625,609.6931762695312,924.8692016601562,646.712890625,655.8778076171875,619.2745971679688,915.076416015625,623.013671875,654.5533447265625,599.2175903320312,883.9744873046875,593.4669189453125,633.821044921875,570.2371215820312,890.2406616210938,572.3789672851562,610.447509765625,552.038330078125,871.2805786132812,583.8912963867188,606.5974731445312,564.8272094726562,872.2691040039062,738.2507934570312,701.0990600585938,711.752197265625,891.1290893554688,741.6239624023438,679.6053466796875,721.7382202148438,879.8733520507812,760.8351440429688,660.5198974609375,737.235595703125,869.9471435546875,779.6294555664062,621.9815673828125,755.5856323242188,861.7216796875,798.3680419921875,603.8700561523438,781.206298828125,879.2654418945312,799.591796875,577.92138671875,782.98974609375,865.390625,818.786376953125,583.9216918945312,805.3299560546875,866.1907958984375,440.6865234375,629.7164306640625,416.37591552734375,894.2037963867188,634.4268188476562,588.9186401367188,621.3880004882812,869.0902099609375,688.2437133789062,575.29638671875,675.862548828125,865.0482177734375,746.281982421875,572.9127807617188,731.6889038085938,864.4581298828125,895.3807373046875,595.2969360351562,869.6581420898438,872.7019653320312,1010.4202880859375,596.0498657226562,960.8041381835938,878.6206665039062,1086.3778076171875,598.8569946289062,1033.9398193359375,881.2698364257812,1166.7572021484375,607.990478515625,1060.6260986328125,883.425537109375,1246.34716796875,618.1522827148438,1238.1888427734375,904.224365234375,1294.2896728515625,641.0448608398438,1278.4556884765625,859.6483764648438
621.80859375,659.9759521484375,591.2535400390625,928.11572265625,637.7041625976562,658.104248046875,609.6994018554688,924.8853759765625,646.3768920898438,655.8858032226562,618.8932495117188,915.0457763671875,621.9255981445312,654.75830078125,597.6514282226562,884.5440063476562,592.0513305664062,634.5508422851562,568.3494262695312,890.2489624023438,571.1732177734375,611.1749877929688,550.1312255859375,871.2277221679688,582.84130859375,607.3480834960938,562.5780639648438,872.155029296875,724.7144165039062,695.9650268554688,704.6240234375,895.5709228515625,734.0567626953125,674.5944213867188,710.5181884765625,883.0694580078125,756.4085693359375,659.425048828125,733.3499755859375,874.4439697265625,776.3373413085938,621.8489990234375,753.3016967773438,865.2037963867188,796.9695434570312,602.9639892578125,779.372802734375,880.0338134765625,798.8062133789062,577.7540893554688,780.9446411132812,864.769287109375,818.2825927734375,583.8864135742188,803.6630249023438,866.8470458984375,439.8030090332031,629.2604370117188,415.4110412597656,893.7933959960938,633.09765625,589.2730102539062,616.4473876953125,869.6995239257812,687.229248046875,577.193603515625,673.4647216796875,865.1905517578125,744.7283325195312,572.0023193359375,730.4747924804688,864.709716796875,895.3684692382812,595.3651123046875,867.7379760742188,872.0264892578125,1009.5014038085938,595.7783203125,933.151123046875,877.1621704101562,1085.0244140625,598.3389282226562,1016.9678955078125,881.1676025390625,1170.8572998046875,607.3331909179688,1059.73583984375,883.52099609375,1245.5137939453125,618.273681640625,1236.042236328125,904.5433349609375,1293.6224365234375,641.3291625976562,1277.2681884765625,859.8135375976562
621.4375610351562,659.5890502929688,589.9635620117188,928.0311889648438,637.5128784179688,658.121337890625,609.7086181640625,924.9541015625,645.937255859375,656.1719970703125,618.86962890625,915.1402587890625,620.869140625,654.6699829101562,597.4009399414062,885.108642578125,591.1971435546875,635.36962890625,568.226806640625,890.1970825195312,570.598388671875,611.5030517578125,550.95068359375,871.0646362304688,581.4404296875,607.3728637695312,563.1522216796875,871.9767456054688,713.5958862304688,690.85107421875,690.01708984375,898.00341796875,727.7352294921875,670.0542602539062,704.54931640625,885.1338500976562,752.628662109375,656.5452270507812,729.1104125976562,877.2410278320312,774.1295166015625,621.8072509765625,749.4607543945312,865.8770141601562,796.0349731445312,602.58837890625,777.99169921875,879.017333984375,798.2034912109375,577.3956909179688,780.3552856445312,864.5817260742188,817.3690185546875,583.9291381835938,802.663818359375,866.92919921875,438.7983093261719,628.9865112304688,414.7766418457031,892.986328125,632.2040405273438,589.2036743164062,618.3258666992188,869.7345581054688,686.1087036132812,577.4772338867188,672.5731811523438,865.2918090820312,743.7621459960938,571.4995727539062,729.1036987304688,864.967529296875,893.6177368164062,595.2947998046875,866.0260009765625,873.2330932617188,1010.1259155273438,595.5613403320312,932.5159912109375,877.7234497070312,1083.69873046875,597.8915405273438,1009.85400390625,880.7477416992188,1131.55859375,602.8518676757812,1059.005859375,883.6249389648438,1244.7779541015625,618.2889404296875,1234.29638671875,904.3804321289062,1292.4144287109375,641.6115112304688,1275.3988037109375,860.2042236328125
621.5126953125,659.6204223632812,591.082275390625,927.8490600585938,637.7461547851562,658.0918579101562,609.3694458007812,925.1459350585938,645.9290771484375,656.2743530273438,618.9578857421875,915.5133666992188,620.097412109375,655.0615234375,597.5916137695312,885.7604370117188,590.513916015625,635.4691162109375,568.2781372070312,889.8400268554688,570.2003173828125,611.7213745117188,550.7421264648438,870.6619262695312,580.7228393554688,607.719970703125,563.1121826171875,871.6705322265625,704.480224609375,683.3556518554688,677.2179565429688,896.7734375,722.340087890625,666.8933715820312,699.7295532226562,888.010986328125,746.814208984375,654.36474609375,723.6522827148438,882.4996337890625,771.28466796875,623.0529174804688,744.1785888671875,866.9424438476562,794.2898559570312,603.2861328125,775.40234375,878.9483642578125,796.9671630859375,577.2810668945312,778.218505859375,864.9053955078125,815.947265625,584.085693359375,801.5263061523438,866.5213623046875,438.013427734375,629.4920043945312,413.6747741699219,892.211181640625,632.035400390625,589.3328857421875,616.2329711914062,869.1621704101562,684.8695678710938,577.8955078125,674.2311401367188,863.8798217773438,743.602783203125,570.7958984375,728.1026000976562,864.9390869140625,892.7926635742188,595.3348999023438,861.1695556640625,873.1949462890625,1010.024169921875,595.4170532226562,930.9403686523438,877.95654296875,1084.899169921875,597.6862182617188,1001.8867797851562,881.2725219726562,1170.12939453125,606.911865234375,1059.2620849609375,883.7238159179688,1244.33349609375,618.377685546875,1233.4881591796875,904.1361694335938,1291.3829345703125,641.48681640625,1274.439453125,860.4490356445312
621.496337890625,659.9994506835938,591.466796875,927.8942260742188,637.90771484375,658.174072265625,609.7346801757812,924.9894409179688,645.801513671875,655.9390869140625,618.404541015625,914.822021484375,618.8599243164062,655.2313232421875,595.6069946289062,885.780029296875,589.7296142578125,635.6815185546875,565.6878051757812,889.7026977539062,568.4354858398438,611.4019775390625,548.2296142578125,870.2518920898438,579.6077270507812,608.1743774414062,559.6495361328125,871.0370483398438,696.6232299804688,675.6735229492188,670.2754516601562,899.8585815429688,715.8460693359375,663.640869140625,694.0390625,888.6815185546875,741.78955078125,652.5352783203125,718.6503295898438,883.1979370117188,768.8778076171875,623.7015991210938,741.23291015625,867.2740478515625,793.3472900390625,603.2758178710938,770.7391357421875,880.1497192382812,795.9032592773438,577.4894409179688,773.1223754882812,864.3473510742188,815.2987060546875,583.9933471679688,797.4813232421875,866.63671875,436.94598388671875,629.7437133789062,412.7997131347656,891.0516967773438,630.0526733398438,589.913330078125,614.0178833007812,868.81494140625,683.6683349609375,578.0064086914062,672.234130859375,864.2999267578125,742.07421875,570.461669921875,726.1714477539062,864.1868896484375,892.0543212890625,595.4498901367188,859.2770385742188,873.4241333007812,1010.3173217773438,595.26904296875,929.07421875,878.5440063476562,1086.4605712890625,597.8853149414062,1003.2169799804688,881.4901123046875,1168.813232421875,606.90087890625,1058.5347900390625,884.0490112304688,1243.076416015625,618.42138671875,1232.46875,903.9766845703125,1289.966552734375,641.5172119140625,1273.535400390625,860.1979370117188
621.3477172851562,660.6170043945312,591.7069702148438,927.919189453125,638.322998046875,658.0609130859375,609.87841796875,924.8441772460938,645.574951171875,655.4412231445312,618.1226806640625,914.5416870117188,617.4774780273438,655.072998046875,594.4906616210938,885.649169921875,589.1105346679688,635.8890991210938,563.9535522460938,889.3359375,567.4512329101562,611.5960693359375,547.1539916992188,869.5700073242188,578.7549438476562,608.41845703125,558.3536376953125,870.4556274414062,690.635498046875,665.2631225585938,663.1729125976562,901.4497680664062,712.0272827148438,659.4404907226562,686.7330932617188,893.5620727539062,739.3088989257812,651.0866088867188,711.5780029296875,887.4838256835938,765.0501098632812,624.873291015625,736.4521484375,869.0703735351562,792.353759765625,603.2765502929688,768.370849609375,882.0082397460938,794.930419921875,577.879638671875,770.19580078125,864.1306762695312,814.6889038085938,584.2716674804688,790.8101806640625,866.5496826171875,436.052978515625,629.9432373046875,411.7596130371094,889.9769287109375,629.0274047851562,590.0106811523438,612.2113037109375,867.8653564453125,682.241943359375,577.9335327148438,670.9575805664062,864.5659790039062,740.8258056640625,570.2249755859375,721.282958984375,863.8264770507812,892.2252197265625,595.84716796875,854.0537719726562,873.5553588867188,1010.4762573242188,595.4241943359375,925.2861328125,878.6196899414062,1033.260986328125,595.73486328125,998.7818603515625,881.7026977539062,1169.008056640625,606.7166748046875,1060.1392822265625,884.1376953125,1242.246337890625,618.3522338867188,1230.7142333984375,903.9859619140625,1288.6851806640625,641.757080078125,1272.616943359375,860.111083984375
620.9535522460938,660.9778442382812,591.742919921875,927.8974609375,637.9850463867188,658.0186767578125,609.6287231445312,924.912841796875,645.2567749023438,655.1609497070312,617.7206420898438,914.6748046875,618.9115600585938,654.5123291015625,593.509765625,885.9754638671875,588.3922119140625,636.195556640625,561.8462524414062,889.3560791015625,566.4564208984375,612.0332641601562,545.1992797851562,869.1173095703125,577.8078002929688,608.798828125,558.2830810546875,869.9970703125,685.5745849609375,657.0564575195312,664.5327758789062,902.3030395507812,709.3145751953125,655.5830688476562,687.1505126953125,897.0838623046875,736.9474487304688,650.2545776367188,710.9408569335938,890.5201416015625,763.7371826171875,625.97265625,735.572265625,873.2594604492188,791.7841796875,603.576416015625,767.6943359375,882.1101684570312,794.2078857421875,578.1060791015625,769.9968872070312,864.3302612304688,814.0953979492188,584.4080810546875,789.7149658203125,866.8624267578125,435.1173400878906,629.738037109375,410.7785339355469,888.4938354492188,628.4913940429688,590.2356567382812,611.3618774414062,867.3269653320312,681.1615600585938,578.1279907226562,667.8869018554688,864.2373046875,740.2880859375,570.4129028320312,721.032470703125,863.8009643554688,891.1016845703125,595.994384765625,854.3196411132812,874.1566162109375,1010.3938598632812,595.4647216796875,924.3971557617188,878.8638305664062,1032.6500244140625,595.8010864257812,998.3869018554688,882.1043701171875,1110.746826171875,600.6053466796875,1169.3988037109375,905.645263671875,1239.298828125,617.2578125,1231.16650390625,903.3916625976562,1286.997802734375,641.7562866210938,1271.392333984375,858.9605102539062
620.5943603515625,661.1864624023438,591.452880859375,928.1771240234375,637.8320922851562,658.4071655273438,609.6755981445312,925.0257568359375,644.8004760742188,655.5620727539062,617.6420288085938,914.0951538085938,617.8629760742188,654.6785888671875,592.4691162109375,885.95654296875,587.66064453125,636.3697509765625,560.3231811523438,889.2273559570312,565.592041015625,612.1784057617188,544.1946411132812,868.4381103515625,576.9719848632812,609.0901489257812,556.9138793945312,869.3987426757812,683.168701171875,649.86083984375,667.6127319335938,906.6961669921875,708.0643310546875,653.2093505859375,688.9345092773438,900.781005859375,734.9249267578125,649.6461791992188,710.552490234375,895.1015014648438,761.9807739257812,626.0326538085938,734.3198852539062,873.9752197265625,790.3663330078125,603.7857666015625,764.4876098632812,881.8746337890625,792.8284301757812,578.347412109375,768.6967163085938,864.7328491210938,813.62060546875,584.4760131835938,786.7748413085938,866.8646850585938,434.3273010253906,629.5966796875,410.4606018066406,886.7291259765625,627.7275390625,590.3565063476562,610.4074096679688,867.3306884765625,680.24609375,578.193603515625,663.7518310546875,863.3819580078125,739.1529541015625,570.4686889648438,718.8162231445312,863.323974609375,889.9829711914062,596.166015625,850.5206298828125,873.1527709960938,1011.876708984375,595.7531127929688,923.4017333984375,879.629638671875,1032.43603515625,595.98486328125,998.3479614257812,882.3738403320312,1111.432373046875,601.0785522460938,1168.7801513671875,905.8710327148438,1239.1575927734375,617.3001098632812,1229.9752197265625,903.4185180664062,1285.7821044921875,642.270263671875,1270.48046875,858.526123046875
620.3241577148438,661.3438110351562,591.6871948242188,928.1417846679688,637.656494140625,658.546142578125,609.9226684570312,924.8226928710938,644.5121459960938,655.869384765625,617.2132568359375,913.5347290039062,617.0445556640625,654.85888671875,591.6769409179688,885.5182495117188,586.8988647460938,636.2582397460938,561.9202270507812,888.8840942382812,564.7547607421875,612.2435302734375,544.2957763671875,867.564697265625,576.3137817382812,609.1271362304688,556.2913818359375,868.4805908203125,682.719970703125,647.8844604492188,660.432373046875,907.9769897460938,706.9374389648438,651.5448608398438,683.8872680664062,902.47412109375,733.872802734375,648.8682250976562,709.72216796875,896.8262939453125,759.9578857421875,627.1190185546875,734.5823974609375,876.7681274414062,788.4298095703125,604.3390502929688,765.3421020507812,882.4625854492188,790.2481079101562,578.3287353515625,769.4179077148438,865.258056640625,812.9507446289062,584.384033203125,788.0304565429688,867.4633178710938,433.7728271484375,629.6126098632812,409.8191223144531,885.2666625976562,626.8051147460938,590.2337036132812,610.17529296875,866.8819580078125,679.0242309570312,577.1007080078125,663.3145141601562,862.9658813476562,737.68701171875,570.8328247070312,716.0572509765625,862.9752197265625,888.7661743164062,596.3789672851562,848.432861328125,874.6376342773438,1011.269775390625,595.9869995117188,917.1529541015625,880.0617065429688,1031.4522705078125,596.0138549804688,995.9761352539062,882.8067016601562,1111.3338623046875,601.1619873046875,1051.3360595703125,885.3768920898438,1238.7362060546875,617.2463989257812,1229.27001953125,903.240234375,1284.833740234375,643.0113525390625,1269.3360595703125,857.998046875
620.0265502929688,661.2033081054688,592.22509765625,928.3035888671875,637.5757446289062,658.4155883789062,610.5493774414062,924.4078369140625,644.0146484375,656.1103515625,616.4000854492188,912.3914794921875,616.1807861328125,654.8056640625,589.796630859375,884.8767700195312,585.8534545898438,636.2698364257812,560.284423828125,888.1442260742188,563.54931640625,612.3500366210938,543.3155517578125,866.5015258789062,575.1520385742188,609.25439453125,554.4216918945312,867.4739990234375,682.5357666015625,644.9640502929688,659.6005249023438,911.9480590820312,706.0537109375,650.3143920898438,684.2339477539062,905.96142578125,732.9505615234375,648.720458984375,709.8311767578125,899.402587890625,758.4429321289062,627.6288452148438,733.1801147460938,876.9652709960938,787.0946655273438,604.3611450195312,758.9237060546875,882.1399536132812,789.0081787109375,578.6368408203125,766.452880859375,864.952392578125,811.8824462890625,584.2054443359375,785.6161499023438,867.414306640625,432.7770690917969,629.0707397460938,409.2554931640625,884.096435546875,625.7073974609375,590.4307250976562,608.218505859375,866.3170776367188,678.1572875976562,577.2095947265625,658.63623046875,862.318115234375,736.5060424804688,571.5604858398438,713.3604125976562,863.0338134765625,884.8685302734375,596.528076171875,846.01904296875,873.7327270507812,949.2302856445312,595.8973999023438,916.3287353515625,880.3377685546875,1024.5078125,596.2584838867188,994.1185913085938,883.2400512695312,1107.154541015625,601.0489501953125,1051.539306640625,885.8831176757812,1238.433349609375,617.3070068359375,1229.382568359375,902.9136352539062,1283.758056640625,643.5750122070312,1268.3243408203125,857.3980102539062
619.4866333007812,661.1970825195312,592.3502807617188,928.2374877929688,637.3131713867188,658.5750122070312,610.728271484375,924.4727783203125,643.5655517578125,656.2498168945312,616.0052490234375,912.0631103515625,615.3200073242188,655.0059814453125,587.8379516601562,884.58349609375,585.0288696289062,636.3915405273438,558.5757446289062,887.135009765625,562.9865112304688,612.1566772460938,541.1381225585938,865.9800415039062,574.7514038085938,609.021484375,552.0330200195312,867.0856323242188,683.062255859375,643.4098510742188,661.0153198242188,914.6045532226562,706.2540893554688,649.9447021484375,687.2161865234375,909.21337890625,732.4242553710938,649.347900390625,710.9902954101562,903.65087890625,757.0630493164062,629.8137817382812,731.624755859375,878.9573364257812,786.1373901367188,604.60791015625,758.5972900390625,882.6143798828125,787.9284057617188,578.7340087890625,766.3937377929688,865.0716552734375,811.1847534179688,584.3980102539062,786.3448486328125,867.6780395507812,431.89886474609375,628.3590087890625,408.4137878417969,882.9148559570312,625.3452758789062,590.5718994140625,606.478515625,865.484375,677.7445678710938,577.3748168945312,657.4735107421875,862.5620727539062,735.766845703125,573.6328735351562,713.2222290039062,863.1390380859375,884.7146606445312,597.0713500976562,847.2056884765625,875.5689086914062,948.8095703125,596.3084106445312,915.46826171875,880.8729248046875,1024.3023681640625,596.7793579101562,992.9131469726562,883.5661010742188,1105.9364013671875,600.8997802734375,1051.7105712890625,886.5015258789062,1237.8660888671875,617.3102416992188,1228.7811279296875,902.798095703125,1283.291259765625,643.72216796875,1267.5792236328125,857.5115356445312
619.3525390625,661.362548828125,592.4873657226562,928.3128662109375,636.826904296875,658.5255126953125,610.9876708984375,924.4129638671875,643.00634765625,656.0562133789062,615.5322875976562,911.738525390625,614.5555419921875,654.5625610351562,587.3938598632812,884.6774291992188,584.60107421875,636.943115234375,558.27197265625,886.400146484375,562.3325805664062,612.5716552734375,540.7705688476562,865.0464477539062,574.0704345703125,609.5075073242188,551.7235107421875,866.2798461914062,684.2538452148438,643.8123779296875,660.9039306640625,920.1815795898438,708.0578002929688,650.2274169921875,685.218017578125,916.98876953125,732.7899169921875,650.2088623046875,710.2539672851562,908.8367919921875,756.7911376953125,630.8741455078125,729.74072265625,882.8635864257812,786.1959228515625,604.971923828125,755.7333374023438,883.2239990234375,787.2119750976562,578.9147338867188,763.676513671875,865.181640625,810.541748046875,584.6744384765625,784.3916625976562,867.9228515625,431.1600341796875,627.4411010742188,407.7639465332031,881.39208984375,623.9813232421875,590.9786376953125,607.4271240234375,864.88037109375,677.2406005859375,577.39892578125,658.139892578125,862.3846435546875,735.488525390625,574.1798706054688,712.4921875,862.7908325195312,883.6680297851562,597.4591674804688,844.62744140625,874.6657104492188,948.53271484375,596.6443481445312,914.5180053710938,881.531982421875,1083.4765625,599.66796875,994.1806030273438,884.3974609375,1158.8660888671875,607.3995971679688,1050.8575439453125,886.7809448242188,1236.59912109375,617.0813598632812,1228.6767578125,902.6243896484375,1282.732421875,643.75,1267.0458984375,857.6555786132812
617.2962646484375,660.0726928710938,592.6178588867188,928.2240600585938,636.52197265625,658.5497436523438,611.2869873046875,924.2511596679688,642.6033935546875,656.253662109375,614.94091796875,911.3986206054688,613.9215087890625,654.9398803710938,586.3582153320312,884.4384155273438,583.5114135742188,636.9390869140625,557.0216064453125,885.8800659179688,561.7366333007812,612.699462890625,538.8624267578125,864.4041748046875,574.0653076171875,609.40283203125,550.1597290039062,865.6504516601562,685.2328491210938,643.84716796875,659.9257202148438,924.7875366210938,709.2122192382812,651.0611572265625,685.0904541015625,921.4775390625,732.9854125976562,651.8300170898438,709.2260131835938,914.38525390625,757.0040283203125,631.97802734375,729.45947265625,884.1846923828125,785.5563354492188,605.15771484375,754.8555297851562,883.8046264648438,786.706787109375,579.10986328125,762.306640625,865.3489379882812,809.7994995117188,584.5604248046875,782.2371826171875,867.386962890625,430.4941711425781,626.5447998046875,407.0014343261719,880.4336547851562,624.6578369140625,590.2801513671875,604.869384765625,864.9299926757812,676.676025390625,577.53857421875,655.9096069335938,861.9619750976562,734.6649780273438,574.486572265625,711.1822509765625,862.5183715820312,883.4141235351562,597.7003784179688,844.4172973632812,875.2457275390625,948.4673461914062,597.0182495117188,913.5282592773438,881.695556640625,1022.7058715820312,598.4685668945312,992.2997436523438,884.7950439453125,1159.1910400390625,607.6989135742188,1051.3477783203125,886.9982299804688,1236.38037109375,617.135009765625,1228.4073486328125,902.4268188476562,1282.1773681640625,644.142822265625,1266.1436767578125,857.4552612304688
617.3773193359375,660.173828125,592.5737915039062,928.2169799804688,636.4354858398438,658.4661865234375,611.3466186523438,924.311767578125,641.97900390625,656.1692504882812,614.1047973632812,910.532958984375,613.03515625,655.0036010742188,585.8331298828125,884.262451171875,582.6987915039062,636.9481811523438,556.1245727539062,885.6303100585938,561.1725463867188,612.5891723632812,537.7581176757812,863.8190307617188,573.41259765625,609.0769653320312,548.9515380859375,865.0979614257812,685.619873046875,644.1747436523438,660.0258178710938,926.0269775390625,709.8775634765625,651.6643676757812,685.6356201171875,923.3630981445312,733.81884765625,652.3278198242188,708.8167724609375,917.7825927734375,757.4437255859375,632.7595825195312,730.4786376953125,886.3380737304688,785.5487670898438,605.5078735351562,757.4359130859375,885.05322265625,786.701171875,579.8060913085938,765.0379028320312,865.808349609375,809.543701171875,585.2538452148438,785.0250854492188,868.4354858398438,430.10205078125,625.8427124023438,406.6884765625,879.669189453125,624.2018432617188,590.3945922851562,603.0499267578125,864.6837768554688,676.0953979492188,577.787109375,656.6123657226562,861.7435302734375,734.15283203125,574.8970947265625,712.296142578125,862.8064575195312,883.3338623046875,598.2423095703125,845.5955810546875,875.8702392578125,948.5936889648438,597.2584228515625,912.9447631835938,881.8921508789062,1022.6004638671875,598.8052978515625,994.1490478515625,885.4428100585938,1159.61767578125,608.0396728515625,1052.377685546875,887.4505615234375,1235.8604736328125,617.1536254882812,1227.657958984375,902.4739990234375,1281.55859375,644.6304931640625,1265.615478515625,857.4843139648438
617.4425048828125,660.0659790039062,592.3939819335938,928.2695922851562,636.1647338867188,658.3160400390625,611.3478393554688,924.2255249023438,641.57666015625,656.0673217773438,613.3389892578125,910.105712890625,612.3659057617188,655.0460815429688,583.741943359375,885.00732421875,582.0120239257812,636.7861938476562,555.376953125,886.68115234375,560.7391357421875,612.446533203125,536.5904541015625,863.3887939453125,572.8533935546875,608.9913940429688,547.645751953125,864.593017578125,685.6170043945312,644.1867065429688,659.6381225585938,926.0455932617188,709.9253540039062,651.8851928710938,685.231201171875,923.716796875,733.7659912109375,652.7583618164062,708.5968627929688,918.6694946289062,757.3088989257812,632.837646484375,729.7014770507812,887.2394409179688,785.294921875,605.814697265625,757.26416015625,885.2924194335938,786.2650146484375,580.4312133789062,764.9099731445312,866.0004272460938,808.6107788085938,585.8534545898438,783.6102905273438,868.2047729492188,428.9954528808594,625.1890869140625,405.71490478515625,879.0399780273438,624.2286376953125,590.4777221679688,602.505615234375,864.5416870117188,675.8557739257812,578.3624877929688,656.3251342773438,861.6198120117188,733.74609375,575.5219116210938,711.631103515625,862.789794921875,882.8184814453125,598.5726318359375,845.7034301757812,876.2094116210938,948.6439208984375,597.6013793945312,914.3162231445312,882.5743408203125,1084.4935302734375,600.9510498046875,995.57958984375,886.0036010742188,1159.08349609375,608.0675048828125,1053.027587890625,887.6320190429688,1235.2998046875,617.172119140625,1226.8135986328125,902.4822998046875,1281.16748046875,644.94287109375,1265.01220703125,857.43701171875
617.5973510742188,660.1343994140625,592.5437622070312,928.2822875976562,636.3186645507812,658.4435424804688,611.4254760742188,924.1301879882812,641.361083984375,656.057373046875,612.4462280273438,909.6055908203125,611.8719482421875,655.0369873046875,582.4310913085938,884.9021606445312,581.2119140625,636.8453369140625,553.6092529296875,886.719970703125,560.0132446289062,612.4658203125,535.0169067382812,862.9891357421875,572.0764770507812,608.9589233398438,545.7313842773438,864.026611328125,685.5704345703125,644.2715454101562,659.1002197265625,926.419189453125,709.88525390625,652.0346069335938,684.8418579101562,924.0531616210938,733.803466796875,652.8536376953125,708.2822875976562,918.7949829101562,756.7926635742188,633.1961059570312,729.0460205078125,887.2168579101562,784.8596801757812,606.2146606445312,756.541259765625,885.109619140625,785.7943115234375,580.7805786132812,764.2120971679688,866.3189697265625,807.8970336914062,586.62646484375,783.11328125,868.3512573242188,428.09222412109375,624.4932861328125,405.05804443359375,878.5137329101562,623.9044799804688,590.662353515625,601.2114868164062,864.3311767578125,675.6002197265625,578.9620971679688,654.9147338867188,861.4853515625,733.4825439453125,575.9059448242188,710.947021484375,862.7930297851562,882.5144653320312,598.9264526367188,844.808349609375,876.2860107421875,948.034423828125,597.9735107421875,912.8795776367188,882.5516967773438,1022.319580078125,598.9713745117188,994.1906127929688,886.2238159179688,1159.73583984375,608.3245239257812,1052.90966796875,887.8416748046875,1234.4166259765625,617.052734375,1226.068603515625,902.689697265625,1280.5902099609375,644.7479248046875,1264.6463623046875,857.3999633789062
617.6038208007812,660.114013671875,592.5408935546875,928.3341674804688,636.2721557617188,658.3878173828125,611.3587646484375,923.9635620117188,640.7709350585938,656.1844482421875,611.59033203125,909.2142333984375,611.157958984375,655.0928955078125,580.7647705078125,884.382568359375,580.441162109375,636.8518676757812,550.9839477539062,886.1292114257812,559.3690795898438,612.6145629882812,533.8395385742188,862.3961791992188,571.2389526367188,609.1428833007812,544.2548217773438,863.5684204101562,685.5653076171875,644.4179077148438,659.2177124023438,926.8699951171875,709.8604125976562,652.159423828125,685.020751953125,924.3397216796875,734.0786743164062,652.9166870117188,708.41015625,919.2513427734375,756.581298828125,633.27099609375,728.2893676757812,885.11767578125,784.8164672851562,606.6502685546875,755.44384765625,884.6663208007812,785.4592895507812,581.0703735351562,762.5138549804688,866.1138916015625,807.234619140625,586.8189086914062,782.4700927734375,868.2097778320312,427.5603942871094,623.3447875976562,404.3122253417969,878.0720825195312,622.492919921875,591.5548095703125,599.0263061523438,864.4135131835938,675.051513671875,579.5035400390625,653.800048828125,862.2857666015625,733.31005859375,576.1124877929688,709.8983764648438,862.7472534179688,880.95166015625,599.0029296875,844.8386840820312,876.5984497070312,947.63427734375,598.1425170898438,912.9131469726562,882.7318725585938,1089.35498046875,601.0972290039062,993.6657104492188,886.5306396484375,1159.4666748046875,608.2149047851562,1160.712890625,905.9116821289062,1234.266845703125,616.8037719726562,1225.7991943359375,902.5157470703125,1280.0543212890625,644.0127563476562,1263.8770751953125,856.9915161132812
617.5333862304688,660.1572875976562,592.7897338867188,928.3851928710938,636.095703125,658.5198974609375,611.4379272460938,923.8443603515625,640.376220703125,656.204833984375,611.5802612304688,909.0286865234375,610.5448608398438,655.3148803710938,579.638671875,883.8170166015625,579.6968383789062,636.734619140625,548.6585083007812,885.8074340820312,558.8023071289062,612.57275390625,531.809814453125,862.076904296875,570.5219116210938,609.1873779296875,542.5838012695312,863.5482788085938,685.6229248046875,644.456787109375,658.3118896484375,926.2210083007812,709.8175048828125,652.1613159179688,685.0161743164062,924.3385620117188,734.0269165039062,653.3893432617188,708.6961669921875,919.6178588867188,756.4331665039062,633.6510009765625,728.0325927734375,885.4618530273438,784.4989624023438,607.0623168945312,755.87255859375,884.8546142578125,784.9694213867188,581.6116943359375,762.0924682617188,866.2457275390625,807.490478515625,587.7859497070312,783.8909912109375,868.8017578125,427.1419982910156,623.36279296875,403.6273193359375,878.0205688476562,621.95751953125,591.8609008789062,597.6880493164062,864.2477416992188,674.6192016601562,580.0368041992188,652.1614990234375,861.9419555664062,732.7071533203125,576.654052734375,709.9453125,862.4164428710938,880.9467163085938,599.2891235351562,844.7207641601562,876.5476684570312,946.923828125,598.6000366210938,912.5225219726562,883.0079345703125,1094.3486328125,601.6923217773438,993.409423828125,886.7503051757812,1107.091796875,603.0029296875,1160.834716796875,906.0263061523438,1234.3685302734375,616.6201171875,1225.2742919921875,902.3616333007812,1279.844482421875,642.7671508789062,1263.3172607421875,856.207763671875
617.4717407226562,660.1692504882812,590.7445678710938,927.5829467773438,635.6625366210938,658.5632934570312,611.1066284179688,923.98046875,639.9090576171875,655.4862060546875,611.3885498046875,909.2508544921875,610.0133056640625,655.5490112304688,579.4631958007812,883.8882446289062,579.020751953125,636.5925903320312,548.2654418945312,885.7534790039062,558.0110473632812,612.42578125,531.122802734375,861.955810546875,569.8504638671875,609.0328369140625,541.8406982421875,863.57080078125,685.655029296875,644.6646118164062,658.3663940429688,926.2640991210938,709.7122802734375,652.2081298828125,685.399658203125,924.2551879882812,734.0999145507812,653.6380004882812,709.18115234375,919.5904541015625,756.0789794921875,634.0328979492188,727.417724609375,885.142822265625,783.9848022460938,607.4595336914062,754.4586791992188,884.4417724609375,784.2788696289062,582.1080932617188,759.1297607421875,865.0457763671875,806.6619873046875,588.1690063476562,781.8934936523438,868.0531616210938,426.35418701171875,622.1641235351562,403.1107177734375,877.7651977539062,621.2427368164062,592.0962524414062,597.564697265625,864.2763061523438,673.8593139648438,580.4832763671875,651.0950317382812,861.8447265625,731.9428100585938,577.0444946289062,708.81982421875,862.3101806640625,880.8132934570312,599.548095703125,843.2463989257812,876.1519165039062,946.663818359375,598.9240112304688,912.254638671875,883.0574340820312,1084.2991943359375,601.5345458984375,990.4321899414062,886.9022216796875,1107.24755859375,603.1973876953125,1160.6461181640625,906.3677978515625,1234.9459228515625,616.5609741210938,1224.668701171875,902.665283203125,1279.9818115234375,642.0823974609375,1263.4617919921875,855.5640869140625
617.364990234375,660.190673828125,590.6224365234375,927.5877685546875,635.3447265625,658.6221923828125,611.2079467773438,923.9768676757812,639.292236328125,655.483642578125,610.6207275390625,908.5613403320312,609.3971557617188,655.6450805664062,577.4605712890625,883.7808227539062,578.2647705078125,636.4756469726562,545.715576171875,885.8178100585938,557.4728393554688,612.5294799804688,529.32421875,861.6599731445312,569.1556396484375,608.7623901367188,539.899169921875,863.5089721679688,685.528076171875,644.8576049804688,658.361572265625,926.482666015625,709.711669921875,652.4195556640625,685.4205932617188,924.3460083007812,734.0293579101562,653.6858520507812,709.416015625,919.54541015625,755.64013671875,634.3431396484375,726.741455078125,884.8834838867188,783.2667846679688,607.6803588867188,753.820556640625,883.9849853515625,783.5927734375,582.2203369140625,758.3218383789062,864.8744506835938,806.0350341796875,588.1060180664062,781.0807495117188,867.7293701171875,425.7095031738281,620.9840087890625,402.58380126953125,877.8548583984375,620.6900024414062,592.3864135742188,595.775146484375,863.9840087890625,673.366943359375,580.6058959960938,648.0029296875,861.9346313476562,730.966796875,576.4486694335938,706.8299560546875,862.2549438476562,880.3787841796875,599.7526245117188,843.709716796875,876.1922607421875,946.0862426757812,599.1423950195312,912.1296997070312,883.0809936523438,1022.1493530273438,599.9873046875,991.986572265625,886.5847778320312,1106.82080078125,603.170654296875,1159.769287109375,906.0653686523438,1234.33349609375,616.2310791015625,1224.2254638671875,902.8575439453125,1279.848388671875,641.5184936523438,1263.431396484375,855.9967651367188
617.2369384765625,660.030029296875,590.7388305664062,927.4924926757812,635.0330810546875,658.5715942382812,611.3399658203125,923.8374633789062,638.8422241210938,655.5767211914062,609.5823364257812,908.267578125,609.0239868164062,655.7764892578125,576.2275390625,883.7025756835938,577.7301025390625,636.4498291015625,545.6544189453125,886.603271484375,556.9899291992188,612.3704833984375,528.3314819335938,862.8053588867188,568.8026733398438,608.5996704101562,538.6693725585938,863.723388671875,685.5707397460938,644.9931640625,658.4202270507812,926.5775756835938,709.6326293945312,652.55712890625,685.5528564453125,924.35888671875,734.2347412109375,653.5256958007812,709.5297241210938,919.5994873046875,755.3076782226562,634.6412353515625,725.9497680664062,884.5347290039062,782.9305419921875,607.5499267578125,750.2200317382812,884.65234375,784.3536987304688,582.659423828125,755.845947265625,864.4856567382812,805.7140502929688,588.2655029296875,776.9173583984375,867.5460815429688,425.1222229003906,619.6885986328125,402.0031433105469,878.1968994140625,620.3414916992188,592.5155029296875,594.8969116210938,863.8181762695312,673.00048828125,580.7127685546875,646.4109497070312,861.5538330078125,730.5037841796875,576.4468383789062,702.6401977539062,862.2770385742188,876.6395874023438,599.9351196289062,840.1300659179688,875.4893188476562,944.7887573242188,599.1204223632812,911.0782470703125,882.58984375,1084.2305908203125,601.8515625,992.0304565429688,886.38427734375,1103.14453125,602.6104736328125,1046.7696533203125,888.0847778320312,1233.9388427734375,616.1834716796875,1219.5,903.3029174804688,1279.809814453125,641.31201171875,1263.4404296875,856.5374755859375
617.6708984375,660.0374145507812,590.6320190429688,927.47509765625,634.9583740234375,658.4269409179688,611.0377197265625,923.8580322265625,638.1035766601562,655.5484008789062,608.9666137695312,908.1669921875,608.0800170898438,655.7241821289062,576.11767578125,883.5721435546875,576.854736328125,636.336181640625,545.4346313476562,886.7686767578125,556.6177368164062,612.1472778320312,527.9330444335938,862.821044921875,568.377685546875,608.3074951171875,538.4732666015625,863.8030395507812,685.6311645507812,645.1102905273438,658.6131591796875,926.665771484375,709.5729370117188,652.6878662109375,685.7745971679688,924.3322143554688,734.1273193359375,653.5885009765625,709.6351928710938,919.430908203125,754.7855834960938,634.9781494140625,724.8369750976562,884.1943359375,782.361572265625,607.399658203125,748.66552734375,884.1446533203125,783.742919921875,582.7871704101562,754.0055541992188,864.0867919921875,805.1573486328125,588.3659057617188,774.7787475585938,866.950439453125,424.26812744140625,618.5563354492188,401.51263427734375,878.7659912109375,619.7245483398438,592.5275268554688,594.7780151367188,863.564453125,672.2321166992188,581.2255859375,646.2516479492188,861.310302734375,729.7406005859375,576.5299682617188,701.205078125,861.9901733398438,875.2193603515625,600.0404663085938,837.0567626953125,875.3004150390625,943.5421142578125,599.2136840820312,909.515380859375,882.2250366210938,1082.0396728515625,601.7957763671875,988.963623046875,886.3055419921875,1152.5909423828125,608.7001342773438,1047.19921875,887.8866577148438,1233.7000732421875,615.92041015625,1220.245849609375,903.326904296875,1279.93212890625,640.5186157226562,1263.1727294921875,857.0930786132812
617.8215942382812,659.6820678710938,590.4005737304688,927.4871215820312,634.1841430664062,658.5162353515625,610.74658203125,923.9066772460938,637.1792602539062,655.8204345703125,608.7509765625,908.6134643554688,607.5128784179688,655.6138916015625,576.5189208984375,883.4887084960938,575.85498046875,636.2011108398438,545.7753295898438,886.455322265625,555.6256103515625,612.0785522460938,527.8765258789062,861.7830200195312,568.2122192382812,608.5047607421875,538.9891357421875,863.8018188476562,685.5667724609375,645.2757568359375,658.5409545898438,926.724365234375,709.5177001953125,652.755859375,685.729248046875,924.2706909179688,734.066650390625,653.5833740234375,709.6963500976562,919.433837890625,753.9382934570312,635.2125244140625,724.9904174804688,883.5164184570312,781.5980834960938,607.3682250976562,749.1105346679688,883.7007446289062,782.5427856445312,582.6159057617188,754.210205078125,864.2810668945312,804.4061279296875,588.2267456054688,775.6287841796875,866.6436767578125,423.2406921386719,617.4743041992188,400.8102111816406,879.0294799804688,618.9353637695312,592.4307861328125,594.8438720703125,863.3507690429688,670.9436645507812,582.0460205078125,646.8845825195312,861.096923828125,728.419677734375,576.5652465820312,701.8880004882812,861.8936767578125,874.7920532226562,600.02880859375,839.0411376953125,875.1702270507812,943.709716796875,599.8458251953125,910.3788452148438,881.8630981445312,1082.0030517578125,601.9393310546875,986.8976440429688,885.9457397460938,1102.262939453125,602.8051147460938,1047.2431640625,887.9105834960938,1231.0986328125,615.3742065429688,1219.4759521484375,903.56201171875,1279.5977783203125,640.1768798828125,1262.7054443359375,857.2743530273438
617.2918701171875,659.6199340820312,590.0733032226562,927.5086059570312,633.719482421875,658.5745239257812,610.6006469726562,923.8187255859375,636.548583984375,655.9737548828125,608.4498291015625,908.8572387695312,607.02490234375,655.898681640625,576.5586547851562,883.6939697265625,575.2898559570312,635.8267211914062,545.9465942382812,885.9714965820312,554.9173583984375,611.8250122070312,528.1349487304688,862.6263427734375,567.4620361328125,608.1856079101562,538.9384155273438,863.8345336914062,685.6565551757812,645.1626586914062,658.5169067382812,926.7236328125,709.5079345703125,652.7459106445312,685.7142333984375,924.266845703125,733.8225708007812,653.5188598632812,709.6582641601562,919.2965087890625,753.14208984375,635.086669921875,724.0228881835938,882.5484008789062,780.9428100585938,607.0101928710938,748.0989990234375,883.1181640625,781.81787109375,582.6304321289062,753.02783203125,863.9183349609375,803.7191162109375,588.2088623046875,774.6517333984375,866.1468505859375,421.9831237792969,616.6181640625,400.1216735839844,879.5208740234375,618.2562255859375,592.2533569335938,594.0284423828125,863.1047973632812,670.0511474609375,582.1591796875,646.1041259765625,860.231689453125,728.8516235351562,575.5405883789062,700.4464111328125,861.5175170898438,874.5143432617188,600.0234985351562,838.0326538085938,874.8906860351562,1003.0496215820312,599.0174560546875,909.3937377929688,881.3209228515625,1081.8365478515625,602.0314331054688,983.3433227539062,885.1005249023438,1099.7286376953125,602.7890625,1046.2662353515625,887.5714721679688,1231.6683349609375,615.555908203125,1220.0389404296875,903.6190185546875,1279.2657470703125,640.4957275390625,1262.31494140625,857.673828125
617.4701538085938,659.6834106445312,591.966796875,928.312255859375,633.5264892578125,658.6220092773438,610.4664306640625,923.8213500976562,635.9432373046875,656.1471557617188,607.5550537109375,908.8876953125,606.2202758789062,655.9124755859375,575.392333984375,883.5516357421875,574.7180786132812,635.9031372070312,545.0299072265625,886.0307006835938,554.279296875,611.6549072265625,527.4935913085938,862.54248046875,566.8304443359375,607.9885864257812,538.7769775390625,863.9348754882812,685.6255493164062,645.1594848632812,658.5792236328125,926.7808837890625,709.425048828125,652.7066650390625,685.6766357421875,924.3597412109375,733.6187133789062,653.5345458984375,709.6116333007812,919.187744140625,752.2000122070312,634.9093627929688,723.7598266601562,881.8599853515625,780.030029296875,606.5849609375,747.901123046875,882.3720703125,780.9429321289062,582.6097412109375,752.8975219726562,863.348876953125,802.7277221679688,588.0410766601562,774.2146606445312,865.6176147460938,421.3284912109375,616.1300048828125,399.76458740234375,879.7965087890625,617.8485717773438,592.173583984375,593.328369140625,862.9114379882812,669.34228515625,582.2833862304688,645.2155151367188,860.1886596679688,728.22021484375,575.7473754882812,698.9893188476562,861.0516357421875,875.289794921875,600.1156005859375,841.4993896484375,874.50537109375,1000.1080932617188,599.0164184570312,911.7340698242188,881.6021728515625,1077.33349609375,601.321044921875,983.1569213867188,884.5244750976562,1148.122314453125,608.2080078125,1046.2515869140625,887.5054321289062,1230.4339599609375,615.0343017578125,1219.3365478515625,903.752197265625,1278.8939208984375,639.7916870117188,1261.8504638671875,858.2177124023438
617.197998046875,659.5718994140625,591.9668579101562,928.244873046875,633.2109985351562,658.6660766601562,610.1719970703125,923.7943115234375,635.2391357421875,656.2223510742188,606.506591796875,908.79052734375,605.181396484375,655.54248046875,573.863525390625,882.4443969726562,573.8699340820312,635.777587890625,543.2310180664062,885.8600463867188,553.3408203125,611.1220703125,526.3525390625,861.9583740234375,565.8955078125,607.5585327148438,537.2799682617188,863.674560546875,685.579833984375,645.376220703125,658.4702758789062,926.8540649414062,709.3406982421875,652.6539916992188,685.2994384765625,924.3703002929688,733.3594970703125,653.2149658203125,709.2142944335938,919.30126953125,751.407470703125,634.6275024414062,723.71826171875,882.3682250976562,778.9212646484375,606.3563842773438,749.0040893554688,882.4281616210938,779.8497924804688,582.0454711914062,753.4517822265625,863.2265014648438,801.4591674804688,587.5928955078125,774.9036865234375,865.2859497070312,420.1697998046875,615.4044189453125,398.81640625,880.1765747070312,617.0260620117188,591.6814575195312,592.5230712890625,862.8802490234375,668.69189453125,582.0496826171875,644.7542114257812,860.1229858398438,727.3348388671875,575.4623413085938,700.0325317382812,861.0416259765625,874.0017700195312,600.0827026367188,842.201904296875,874.217529296875,999.6669921875,598.8767700195312,909.9701538085938,880.645751953125,1013.8675537109375,600.0044555664062,982.6381225585938,884.1646728515625,1097.1055908203125,602.4716186523438,1045.8004150390625,887.5267944335938,1230.6527099609375,615.0596923828125,1218.8236083984375,903.7634887695312,1278.3795166015625,639.0862426757812,1261.4239501953125,858.6121215820312
617.1083374023438,659.6453247070312,591.7721557617188,928.29150390625,632.8718872070312,658.7886962890625,609.9482421875,923.4163208007812,634.4044189453125,656.4033203125,605.1747436523438,908.8837280273438,603.6768798828125,655.4070434570312,572.41796875,882.5343627929688,572.9771118164062,635.75146484375,542.2568969726562,885.778564453125,552.3045043945312,610.1719360351562,525.6202392578125,862.064697265625,564.9323120117188,607.3374633789062,537.1287841796875,863.6367797851562,685.5055541992188,645.3408203125,658.5491333007812,926.865234375,709.1364135742188,652.6829223632812,685.1549682617188,924.076416015625,732.9724731445312,653.0183715820312,709.07568359375,918.85986328125,750.1201782226562,633.0712280273438,723.5742797851562,881.4657592773438,777.61474609375,607.1973876953125,748.4818115234375,881.8878784179688,778.4277954101562,581.5663452148438,752.6351928710938,862.7521362304688,800.1568603515625,587.2862548828125,774.5262451171875,864.8849487304688,419.0926208496094,614.9938354492188,397.7486877441406,880.3297729492188,616.1293334960938,591.3698120117188,591.619140625,863.3550415039062,667.9459838867188,581.7710571289062,643.3426513671875,859.9531860351562,726.0337524414062,575.3798828125,697.6611328125,860.632080078125,872.4658813476562,599.5392456054688,841.4720458984375,873.8287353515625,941.4013061523438,599.2206420898438,909.565185546875,880.434326171875,1014.5964965820312,599.9601440429688,981.233642578125,883.9342041015625,1097.648193359375,602.7252807617188,1045.8148193359375,887.1776733398438,1230.12890625,615.2117309570312,1218.552490234375,903.7738647460938,1277.4539794921875,638.2203369140625,1260.4781494140625,859.3280639648438
616.2799682617188,659.6714477539062,591.8594970703125,928.2981567382812,632.3609619140625,658.69140625,609.8055419921875,923.2783203125,633.9754638671875,656.1760864257812,604.7717895507812,908.7366943359375,604.1047973632812,654.6797485351562,571.9450073242188,882.7081909179688,572.1619262695312,635.8396606445312,541.8013916015625,885.3028564453125,551.1449584960938,610.0870361328125,524.4299926757812,861.6959228515625,563.8724975585938,607.2900390625,536.0178833007812,863.1793823242188,685.4120483398438,645.3615112304688,658.4490356445312,926.9596557617188,708.9581909179688,652.8386840820312,684.9102172851562,923.9033813476562,732.3692016601562,652.997314453125,709.2069091796875,918.5082397460938,749.3281860351562,632.8447265625,722.9588623046875,880.8430786132812,776.2871704101562,606.8693237304688,746.7958984375,881.3070678710938,777.2798461914062,581.3367919921875,751.0390625,862.3004760742188,798.7700805664062,586.9519653320312,772.6307983398438,864.76513671875,418.1758728027344,614.661376953125,396.5769348144531,880.3890380859375,614.9252319335938,591.270263671875,590.3607177734375,863.277587890625,666.7374267578125,581.6914672851562,642.4783935546875,859.7105712890625,724.577392578125,575.1853637695312,697.5320434570312,860.3580322265625,871.35693359375,598.904541015625,838.1028442382812,873.2282104492188,999.9329223632812,598.444580078125,908.0633544921875,880.3216552734375,1081.19580078125,601.5922241210938,978.6301879882812,883.4074096679688,1157.9368896484375,606.755126953125,1046.211669921875,886.8106079101562,1228.5443115234375,615.0093383789062,1218.4918212890625,903.6868286132812,1275.7821044921875,637.216552734375,1259.4359130859375,859.7371215820312
615.639892578125,660.0283203125,591.7894287109375,928.2623901367188,631.8489990234375,658.5053100585938,609.7435302734375,923.141357421875,633.4862060546875,655.876220703125,603.8755493164062,907.9724731445312,602.9371948242188,654.5635375976562,571.1929931640625,882.65283203125,571.2062377929688,635.8269653320312,540.890869140625,885.279296875,549.9794921875,609.932373046875,523.5444946289062,861.5751953125,562.7898559570312,607.1063842773438,535.2110595703125,863.0587768554688,685.3422241210938,645.5382080078125,658.55419921875,927.0032348632812,709.03564453125,652.943115234375,684.8684692382812,923.8505859375,731.9214477539062,652.8980712890625,709.029541015625,918.3445434570312,748.9169921875,633.525146484375,721.3241577148438,880.2952880859375,775.1539916992188,606.6033325195312,744.092529296875,880.4917602539062,775.1697998046875,580.843017578125,747.8712158203125,861.5913696289062,798.6718139648438,586.1918334960938,769.2781372070312,864.3983154296875,417.2750244140625,614.5806274414062,395.4579772949219,880.2686157226562,613.5176391601562,591.0978393554688,589.3475341796875,863.2626342773438,665.5618286132812,581.8478393554688,640.9234619140625,859.6427001953125,723.2544555664062,575.6404418945312,695.8604125976562,859.9354248046875,870.0479125976562,598.52734375,837.1828002929688,872.6005249023438,998.2649536132812,598.167724609375,906.5599365234375,879.8489379882812,1075.1885986328125,600.665283203125,977.95458984375,882.991455078125,1157.4859619140625,606.6327514648438,1045.1947021484375,886.3744506835938,1226.467529296875,614.9284057617188,1217.52099609375,903.7850341796875,1274.6693115234375,636.6692504882812,1258.6778564453125,860.3648071289062
615.4492797851562,660.6912841796875,591.892333984375,928.319580078125,631.6712646484375,658.7252807617188,609.3775634765625,922.8138427734375,632.3983764648438,656.115478515625,603.1450805664062,907.9917602539062,601.2044067382812,653.802001953125,569.3186645507812,882.4110717773438,569.8816528320312,635.5739135742188,540.122314453125,885.7952270507812,548.7197875976562,609.535400390625,522.0054931640625,861.7422485351562,562.4971313476562,607.3085327148438,534.0287475585938,863.097412109375,685.2937622070312,645.7222290039062,658.5265502929688,926.9524536132812,709.0120239257812,653.0703125,684.6785278320312,923.80615234375,731.5765991210938,652.8551025390625,709.0911254882812,917.9646606445312,748.4234619140625,633.504150390625,719.7691650390625,879.6753540039062,774.0153198242188,606.0979614257812,742.8450317382812,879.8150024414062,773.9724731445312,580.4996337890625,746.6744384765625,861.6318359375,797.6048583984375,585.8399047851562,769.600830078125,864.0341186523438,416.1736755371094,614.2265014648438,394.5738220214844,880.0849609375,612.09912109375,590.7203979492188,588.025146484375,862.7311401367188,664.4423217773438,581.4584350585938,639.5608520507812,859.857666015625,721.7321166992188,575.2977905273438,694.959716796875,859.8453369140625,870.03564453125,598.69287109375,836.0536499023438,872.5519409179688,937.5367431640625,598.4573364257812,907.2529907226562,879.6328125,1069.5125732421875,600.26416015625,979.9539794921875,882.8694458007812,1157.935791015625,606.4059448242188,1037.7991943359375,886.0494384765625,1225.8892822265625,615.0333862304688,1216.9844970703125,903.8471069335938,1273.6822509765625,636.2479248046875,1257.6824951171875,860.9668579101562
615.0997924804688,661.1674194335938,591.5084838867188,928.3329467773438,631.5011596679688,658.9807739257812,608.6918334960938,922.7011108398438,630.791015625,656.353271484375,603.9166259765625,909.1759643554688,598.85400390625,653.5667724609375,572.3770141601562,882.5960693359375,568.0948486328125,635.6510009765625,540.3402099609375,884.803955078125,547.5151977539062,609.2958984375,521.2164916992188,861.084716796875,561.1022338867188,606.9978637695312,534.3583984375,863.0201416015625,685.2781372070312,645.5841674804688,658.5401000976562,927.0496826171875,709.0296630859375,653.1044311523438,684.8712158203125,923.80126953125,731.1868896484375,653.05859375,709.24755859375,917.6746215820312,747.1199340820312,634.1024169921875,718.2069702148438,877.8563232421875,772.5538940429688,605.7908935546875,741.3310546875,878.9251708984375,772.2839965820312,580.0612182617188,744.9791259765625,861.4652709960938,796.0435791015625,585.0429077148438,767.2960815429688,863.6244506835938,414.87750244140625,613.8212890625,393.57427978515625,879.84716796875,610.372802734375,590.643798828125,587.2169189453125,862.2864990234375,662.6576538085938,580.0763549804688,638.6453857421875,859.660888671875,719.5685424804688,576.47607421875,693.8143920898438,859.5144653320312,869.5879516601562,598.3244018554688,831.8078002929688,871.5767211914062,985.545166015625,597.6514282226562,901.5765380859375,879.341064453125,1068.7401123046875,599.9163208007812,980.3357543945312,882.65966796875,1157.74267578125,606.2526245117188,1031.14892578125,886.0263061523438,1223.9073486328125,615.193603515625,1215.9345703125,903.9459838867188,1272.88134765625,635.9779663085938,1256.8360595703125,861.2322387695312
614.51123046875,661.5262451171875,591.4141845703125,928.2703857421875,631.0974731445312,659.1563720703125,607.5585327148438,922.0107421875,629.41259765625,656.6397705078125,603.23486328125,909.0823364257812,596.846435546875,653.70068359375,570.9501953125,882.90234375,565.8912963867188,635.677490234375,539.21337890625,885.1068115234375,546.0122680664062,609.4337768554688,519.6641235351562,860.9573974609375,558.7786865234375,606.8916625976562,532.3185424804688,862.6255493164062,685.2427368164062,645.7313842773438,658.73876953125,927.0094604492188,709.026611328125,653.090087890625,685.1397705078125,923.706787109375,730.87939453125,652.9583129882812,709.4013061523438,917.3234252929688,746.2525024414062,634.609619140625,718.1958618164062,875.5542602539062,771.6568603515625,605.4248657226562,740.8745727539062,878.672119140625,770.996826171875,579.8865966796875,744.2659912109375,861.3619995117188,794.0919189453125,584.3209228515625,767.2859497070312,863.5740966796875,414.0025634765625,613.5017700195312,391.5808410644531,880.0988159179688,609.2587280273438,590.66650390625,584.4675903320312,862.1957397460938,661.9874267578125,579.9686279296875,637.6708984375,859.550537109375,718.5321655273438,576.53271484375,691.9285888671875,859.4104614257812,869.9825439453125,597.8536376953125,833.0263671875,871.8287963867188,992.8072509765625,597.8387451171875,907.5781860351562,879.6937255859375,1074.1580810546875,599.6539916992188,979.8340454101562,882.70458984375,1094.2349853515625,601.46826171875,1152.716064453125,905.5938720703125,1223.27685546875,615.1784057617188,1215.04638671875,903.754150390625,1272.3076171875,635.6349487304688,1255.8072509765625,861.0319213867188
614.1746215820312,661.5697631835938,591.212646484375,928.401123046875,631.00927734375,659.1378173828125,606.80859375,922.1903076171875,628.4061279296875,656.9758911132812,600.8361206054688,908.2933959960938,596.1560668945312,653.92041015625,567.3468017578125,882.70458984375,564.3297119140625,635.4232177734375,536.280029296875,884.8430786132812,544.9617309570312,609.0390014648438,517.899169921875,860.7333374023438,557.3892211914062,606.1094360351562,530.0498046875,862.4785766601562,685.2400512695312,645.9160766601562,658.8018798828125,926.9142456054688,708.9873046875,653.0701904296875,685.3966674804688,923.639404296875,730.69384765625,653.023681640625,709.4063720703125,916.93017578125,745.622802734375,634.63916015625,718.0250854492188,874.8265380859375,771.0065307617188,605.2042846679688,740.5232543945312,878.5618896484375,770.3889770507812,579.6283569335938,743.739990234375,861.4160766601562,793.2830200195312,584.0843505859375,767.354736328125,863.66845703125,412.3891906738281,612.9075317382812,389.9313049316406,879.8833618164062,608.0762939453125,590.5786743164062,583.3864135742188,862.340087890625,661.0933837890625,579.6790771484375,635.4570922851562,859.4301147460938,717.4854125976562,575.9452514648438,690.6611938476562,859.000244140625,869.3745727539062,597.2092895507812,833.84619140625,871.7894287109375,986.7760009765625,597.2492065429688,906.3709106445312,879.48095703125,1073.18115234375,599.1170654296875,980.2447509765625,882.435791015625,1153.2752685546875,606.3603515625,1152.3067626953125,906.040771484375,1222.2210693359375,615.1593017578125,1214.0838623046875,904.0182495117188,1271.3372802734375,635.409423828125,1254.9681396484375,861.2026977539062
614.22021484375,661.9747924804688,590.6089477539062,928.4526977539062,631.0498046875,659.2146606445312,605.4495239257812,921.3892822265625,627.2981567382812,657.3053588867188,600.0390625,908.6519165039062,594.6266479492188,653.842041015625,567.141357421875,882.9801025390625,562.9019165039062,634.6856079101562,535.9456176757812,884.6910400390625,543.4451904296875,609.029541015625,517.3270874023438,860.6238403320312,555.6522827148438,606.0286865234375,529.336181640625,862.2205810546875,685.1864624023438,645.9274291992188,658.7725830078125,926.9646606445312,708.8056030273438,653.0897216796875,685.2691650390625,923.5999145507812,730.4699096679688,653.2012329101562,709.198974609375,916.8262939453125,743.7235107421875,634.7760009765625,717.7596435546875,875.296875,769.5342407226562,604.872802734375,740.9644165039062,878.6322631835938,769.3593139648438,579.0404052734375,743.7506103515625,861.4052734375,792.4864501953125,583.4601440429688,767.150390625,863.5940551757812,411.1488342285156,612.7498168945312,388.46319580078125,879.6397094726562,608.1651611328125,589.6361694335938,582.9819946289062,862.2533569335938,659.9918212890625,579.3716430664062,635.3922119140625,859.484619140625,716.586669921875,575.2120971679688,691.0563354492188,859.0714111328125,868.0213012695312,596.5148315429688,835.6612548828125,871.8847045898438,989.1693115234375,597.1688842773438,899.7977294921875,879.3328857421875,1077.80810546875,599.8179321289062,978.8228149414062,882.1486206054688,1093.611572265625,601.1629028320312,1152.4368896484375,906.2014770507812,1221.0736083984375,614.9087524414062,1213.137939453125,904.2518920898438,1270.0865478515625,635.520751953125,1253.8502197265625,861.9166259765625
614.2137451171875,662.481689453125,590.6132202148438,928.3361206054688,631.2429809570312,658.8388061523438,605.0903930664062,921.5574340820312,626.2841796875,656.7823486328125,598.5267333984375,907.8882446289062,592.903564453125,653.348876953125,565.331298828125,883.1904296875,561.676025390625,634.419677734375,534.27001953125,884.6038208007812,541.9520874023438,609.1657104492188,516.4885864257812,860.9609985351562,554.286376953125,606.0535888671875,527.7586059570312,861.9989624023438,685.1826782226562,645.97900390625,659.0509033203125,927.0233154296875,708.6804809570312,653.074951171875,685.3475952148438,923.6213989257812,730.3379516601562,653.1785888671875,708.94384765625,916.7664794921875,742.8290405273438,634.5003051757812,716.358154296875,875.6300048828125,768.652099609375,604.3218383789062,739.715087890625,878.452880859375,768.2540893554688,578.7344970703125,741.6156616210938,861.0802612304688,791.4112548828125,583.1216430664062,763.9880981445312,863.3851318359375,409.5943298339844,612.7031860351562,387.6111755371094,879.358154296875,606.5056762695312,589.8184814453125,582.1612548828125,862.0670166015625,658.54833984375,579.5247192382812,633.87109375,859.3975830078125,715.2861938476562,574.8617553710938,688.9747924804688,859.1492309570312,869.9539184570312,596.2077026367188,836.0479125976562,871.7631225585938,989.4412231445312,596.9327392578125,900.1700439453125,879.3006591796875,1078.8450927734375,599.4346923828125,979.5309448242188,882.4431762695312,1092.3992919921875,601.03466796875,1032.77197265625,885.95654296875,1219.471435546875,614.8707885742188,1212.0526123046875,904.0750732421875,1268.53173828125,635.3328857421875,1252.322021484375,862.2608642578125
614.1111450195312,662.8121948242188,590.796142578125,928.4596557617188,631.3079223632812,658.5242309570312,604.66943359375,920.8222045898438,624.9783935546875,656.2648315429688,597.9353637695312,907.9869995117188,591.8141479492188,652.3792114257812,564.2012329101562,883.588134765625,560.74609375,633.963134765625,533.3056030273438,884.5352172851562,541.541748046875,609.5481567382812,515.7069091796875,860.8464965820312,553.5657958984375,606.5537109375,527.1415405273438,862.0792846679688,685.2131958007812,646.0574951171875,659.2352905273438,926.970703125,708.5665283203125,653.0960693359375,685.54833984375,923.6355590820312,730.2744140625,653.4981079101562,708.8788452148438,916.6749877929688,741.8234252929688,634.5296020507812,716.3292236328125,876.6761474609375,767.3275756835938,603.5091552734375,740.5465087890625,880.0078735351562,767.1277465820312,578.8150024414062,742.1119384765625,861.4080200195312,789.3270874023438,582.6686401367188,763.7587280273438,863.7550048828125,407.8843994140625,612.8697509765625,386.50262451171875,878.439208984375,605.097412109375,590.0310668945312,582.8347778320312,862.14990234375,656.6844482421875,579.9390869140625,634.3062133789062,859.5436401367188,713.3134155273438,574.3385620117188,689.0481567382812,859.3448486328125,867.9541625976562,595.6493530273438,832.9514770507812,871.8143310546875,986.2225341796875,596.1945190429688,899.607666015625,879.3084106445312,1005.0206909179688,596.6500244140625,977.8134155273438,882.4541625976562,1091.67041015625,600.759033203125,1152.052490234375,906.9320678710938,1182.004638671875,609.0689086914062,1211.6920166015625,903.4598999023438,1266.9971923828125,635.0587768554688,1250.5845947265625,861.9572143554688
615.0961303710938,663.2877807617188,590.643310546875,928.3704223632812,631.3359985351562,658.1396484375,604.207763671875,921.4655151367188,624.3988647460938,655.5128784179688,596.8659057617188,907.0924072265625,590.6430053710938,652.3687133789062,564.4472045898438,883.5266723632812,558.8724975585938,634.5098266601562,534.1406860351562,884.5010375976562,539.968994140625,609.6018676757812,515.992919921875,860.6162719726562,552.8275756835938,606.595458984375,527.4921875,861.9605102539062,685.21630859375,645.914794921875,659.2672729492188,927.0840454101562,708.571044921875,652.9683837890625,685.3932495117188,923.6757202148438,730.1646118164062,653.4865112304688,708.9027709960938,916.5647583007812,740.9757690429688,633.9823608398438,714.5388793945312,878.1148681640625,765.7654418945312,603.2904052734375,741.1050415039062,878.7177734375,765.3286743164062,578.2109985351562,744.1840209960938,861.6967163085938,787.7579345703125,582.0996704101562,765.4038696289062,863.6691284179688,406.4224853515625,613.2916870117188,385.2995910644531,878.001708984375,603.5086669921875,590.6791381835938,582.986328125,861.5796508789062,654.399169921875,580.7008056640625,634.2788696289062,859.554931640625,712.2676391601562,573.3604125976562,690.794677734375,859.4313354492188,869.6471557617188,595.367431640625,833.343017578125,872.1702270507812,986.5220947265625,595.6452026367188,900.008056640625,879.4876708984375,1005.4935913085938,596.0907592773438,977.2725219726562,882.2681274414062,1091.666748046875,600.161865234375,1030.81005859375,885.8513793945312,1182.044921875,608.7593383789062,1210.6219482421875,903.8920288085938,1266.105712890625,635.013916015625,1249.357666015625,862.2850341796875
615.6634521484375,663.2320556640625,590.4641723632812,928.0592041015625,631.0445556640625,657.6965942382812,603.1685180664062,920.9986572265625,622.5101928710938,655.4241333007812,595.9365844726562,907.0188598632812,587.9796142578125,651.5447387695312,563.95751953125,883.9872436523438,557.0045166015625,634.37841796875,532.7615356445312,884.6405029296875,538.4044189453125,609.3286743164062,514.5695190429688,860.1116943359375,551.45263671875,606.5285034179688,525.9124755859375,861.5006103515625,685.24169921875,646.1017456054688,659.311279296875,927.156982421875,708.6322631835938,653.1054077148438,685.3847045898438,923.6538696289062,730.3675537109375,653.6041870117188,708.8555297851562,916.424072265625,740.3932495117188,633.7962036132812,713.7667236328125,877.7543334960938,764.7963256835938,602.507080078125,740.9763793945312,878.6871337890625,764.0394287109375,577.9200439453125,743.4251708984375,861.8690795898438,786.5698852539062,581.8215942382812,765.8622436523438,863.5477905273438,404.7333679199219,612.9640502929688,384.0365295410156,877.423095703125,602.5699462890625,590.5637817382812,580.6942749023438,861.2675170898438,653.4463500976562,580.2889404296875,632.7614135742188,859.4847412109375,711.2175903320312,573.2616577148438,690.9539794921875,859.61279296875,862.8004760742188,594.3988647460938,829.7178955078125,872.4547119140625,985.278076171875,594.878662109375,899.406494140625,879.640869140625,1004.4487915039062,595.6420288085938,976.6090698242188,882.415771484375,1090.5220947265625,599.57763671875,1029.4739990234375,885.8320922851562,1180.3221435546875,608.3474731445312,1209.6739501953125,903.8756713867188,1265.3203125,635.1222534179688,1248.1123046875,862.4872436523438
615.8556518554688,662.9609985351562,590.4783935546875,927.7725830078125,630.7477416992188,657.3334350585938,602.9115600585938,921.1034545898438,620.683837890625,655.4099731445312,593.7118530273438,906.1107177734375,586.1315307617188,650.9317016601562,561.1676635742188,883.2501220703125,555.3944702148438,634.2125244140625,529.9574584960938,884.76708984375,536.38134765625,608.7134399414062,512.3751220703125,859.7356567382812,550.0716552734375,606.4679565429688,523.7623291015625,861.1567993164062,685.1586303710938,646.0186157226562,659.3646850585938,927.13427734375,708.5513916015625,653.0266723632812,685.3330078125,923.7096557617188,730.28759765625,653.5755615234375,708.7367553710938,916.2998046875,739.6676635742188,633.8323364257812,711.7227172851562,878.00439453125,764.1966552734375,602.26904296875,740.3792724609375,880.3080444335938,762.8817138671875,577.3046875,742.8204956054688,862.1838989257812,785.1582641601562,581.2166748046875,765.3217163085938,863.3187255859375,403.04071044921875,612.593505859375,383.3959655761719,876.8641967773438,601.19775390625,590.0464477539062,579.5043334960938,861.1892700195312,652.2763671875,580.15185546875,631.0902099609375,859.5469360351562,710.1739501953125,573.3562622070312,689.8988037109375,859.6632080078125,863.0870971679688,593.7842407226562,831.2467041015625,872.26904296875,978.3433837890625,594.431640625,899.9210205078125,880.0042114257812,1061.0189208984375,596.5618896484375,977.0598754882812,882.5161743164062,1088.2099609375,598.8820190429688,1029.3302001953125,885.741455078125,1213.9678955078125,613.5811157226562,1208.2037353515625,903.9356079101562,1263.46337890625,634.654296875,1246.4093017578125,861.3936157226562
615.9692993164062,662.718017578125,590.4154663085938,927.85400390625,630.51708984375,656.9609375,603.2670288085938,920.7520751953125,619.16796875,655.5046997070312,592.8131103515625,906.5491333007812,586.857666015625,651.3739013671875,560.2526245117188,883.23583984375,554.33935546875,633.7137451171875,528.719970703125,884.5946044921875,535.2213134765625,608.1802368164062,511.3746643066406,859.524658203125,549.1047973632812,606.14453125,523.401123046875,861.12939453125,685.165283203125,645.9314575195312,659.3545532226562,927.0419921875,708.676513671875,652.8704833984375,685.200439453125,923.8112182617188,730.3499755859375,653.8159790039062,708.5972290039062,916.4614868164062,738.734619140625,634.2988891601562,712.8380737304688,877.4793090820312,761.6029663085938,602.2528076171875,740.5601806640625,879.0478515625,761.0228881835938,577.1806030273438,743.3225708007812,862.3720703125,783.5,580.9751586914062,764.9581298828125,864.3702392578125,401.5796203613281,612.2223510742188,381.7326354980469,876.7581176757812,600.2243041992188,589.8070678710938,579.4719848632812,861.0281982421875,651.12353515625,580.0672607421875,630.8516845703125,859.6491088867188,708.6533203125,573.0824584960938,690.0556030273438,859.8042602539062,862.1146240234375,593.3045043945312,829.1409301757812,873.0029907226562,978.6527709960938,594.1318969726562,898.4653930664062,879.9439697265625,1070.9671630859375,595.9144287109375,968.3931274414062,882.8618774414062,1086.9111328125,598.2252807617188,1029.0262451171875,885.7593383789062,1213.05419921875,613.541015625,1205.2642822265625,904.5472412109375,1262.2095947265625,634.2755737304688,1245.132568359375,861.8674926757812
616.4154052734375,661.860595703125,590.1549072265625,927.641845703125,630.1824951171875,656.0068969726562,602.377685546875,920.3419799804688,617.2760620117188,655.4083251953125,590.8215942382812,906.1920776367188,584.8069458007812,651.3804321289062,557.6517333984375,881.2952880859375,552.9852905273438,633.2537841796875,525.9633178710938,883.979248046875,533.9175415039062,607.8585815429688,509.8365783691406,859.2855224609375,548.1196899414062,605.982177734375,521.5360717773438,860.871826171875,685.1885375976562,645.801025390625,659.0912475585938,927.1556396484375,708.6348266601562,652.9835815429688,684.7543334960938,923.913330078125,730.4920043945312,654.1307373046875,708.0317993164062,916.7551879882812,738.1141967773438,634.6394653320312,712.7874145507812,877.5040283203125,760.310791015625,602.48095703125,741.0435180664062,879.18115234375,759.2896118164062,576.9474487304688,743.406982421875,862.4989013671875,782.1380004882812,581.0218505859375,766.800048828125,864.0204467773438,400.0154724121094,612.1587524414062,380.3694763183594,876.4494018554688,598.4771118164062,589.9170532226562,577.19189453125,860.9471435546875,649.8942260742188,580.314697265625,630.341064453125,859.7681884765625,706.7803344726562,572.837646484375,690.0607299804688,859.93359375,863.6327514648438,592.8564453125,827.814697265625,873.2647094726562,979.8603515625,593.73876953125,896.9949340820312,880.2579345703125,1065.53271484375,595.663818359375,966.1090698242188,882.8729858398438,1082.3800048828125,597.7418823242188,1027.4200439453125,885.84814453125,1211.8470458984375,613.3875732421875,1203.437255859375,904.8834838867188,1260.685546875,633.8128662109375,1243.6544189453125,862.6796875
615.5639038085938,659.9033203125,590.5287475585938,927.4732055664062,629.7744750976562,655.9113159179688,602.1895751953125,919.72216796875,615.7689819335938,654.7647705078125,590.6664428710938,906.1296997070312,583.3858032226562,651.3170776367188,559.400390625,881.2815551757812,551.4459838867188,634.1264038085938,527.3834838867188,883.7515869140625,532.0099487304688,608.032470703125,509.53973388671875,859.300537109375,546.306396484375,606.298828125,521.4051513671875,860.80029296875,685.1585693359375,645.8357543945312,659.1339111328125,927.209228515625,708.6867065429688,652.9653930664062,684.8802490234375,923.9276123046875,730.7772216796875,654.2033081054688,708.0079956054688,916.6937255859375,737.6654663085938,634.8448486328125,712.1416625976562,877.8820190429688,759.0120849609375,602.2310180664062,739.4798583984375,879.3037109375,757.1710815429688,576.6661376953125,741.1314697265625,862.7864379882812,781.182861328125,580.84228515625,763.7702026367188,864.0170288085938,398.8173828125,611.849853515625,378.3305969238281,875.7548828125,595.5891723632812,589.9326171875,576.721923828125,860.68017578125,647.9059448242188,580.8596801757812,630.2588500976562,859.388916015625,703.5655517578125,574.4732666015625,687.347900390625,860.7635498046875,859.5919189453125,592.3388061523438,825.8468017578125,873.1436767578125,980.2666625976562,593.4730834960938,897.8372192382812,880.3170166015625,1065.7420654296875,595.5870971679688,966.4559936523438,883.0864868164062,1081.24658203125,597.2222900390625,1020.9175415039062,885.8553466796875,1210.16064453125,613.133544921875,1202.4482421875,904.616455078125,1258.7908935546875,633.1392822265625,1242.258056640625,862.6204223632812
615.9591674804688,659.2586059570312,590.78125,927.4603881835938,628.9104614257812,654.6621704101562,601.8370361328125,919.0755615234375,613.9358520507812,653.0962524414062,587.4100952148438,905.622802734375,581.2445678710938,650.4039916992188,556.6010131835938,881.3008422851562,549.032958984375,633.287841796875,524.5831298828125,883.4986572265625,530.3404541015625,607.2506713867188,506.1186828613281,858.9585571289062,544.154296875,605.7946166992188,519.7252197265625,860.6083374023438,685.1751708984375,645.8353881835938,659.1002197265625,927.1988525390625,708.6944580078125,652.8826293945312,684.695068359375,923.9757690429688,730.6875610351562,654.432861328125,707.7930297851562,916.6847534179688,736.9125366210938,635.2203979492188,710.540771484375,877.5247192382812,757.6889038085938,602.0936279296875,737.0200805664062,879.361572265625,755.9423828125,576.8525390625,737.6399536132812,862.6486206054688,780.1630859375,580.7477416992188,759.8236694335938,863.6045532226562,396.7978820800781,611.03662109375,376.60760498046875,875.4164428710938,594.4537963867188,589.8102416992188,574.2442016601562,861.1876220703125,646.7551879882812,579.5206909179688,627.5211181640625,859.2498779296875,702.404052734375,575.0784301757812,685.0853271484375,860.7703857421875,861.0112915039062,591.7172241210938,819.7503662109375,872.7704467773438,975.592041015625,593.1325073242188,890.0062255859375,880.2108764648438,1064.0093994140625,594.87548828125,963.1742553710938,882.8736572265625,1078.7835693359375,596.6117553710938,1137.3487548828125,905.0267333984375,1169.73388671875,605.8701171875,1200.608154296875,904.4703369140625,1257.3907470703125,632.6131591796875,1240.77392578125,862.7001342773438
615.3854370117188,658.681396484375,590.7289428710938,927.5807495117188,627.8977661132812,654.5072021484375,600.9424438476562,918.1749267578125,612.1029663085938,653.7589111328125,585.7302856445312,905.5234375,580.0738525390625,651.5279541015625,554.6342163085938,881.4122924804688,547.199951171875,632.9741821289062,523.0283203125,882.6560668945312,528.16845703125,607.191650390625,504.6324462890625,859.4783935546875,541.0962524414062,605.9298095703125,518.1492309570312,860.7855224609375,685.183837890625,645.7789916992188,659.0296020507812,927.2132568359375,708.7603759765625,652.8392333984375,684.848876953125,924.0118408203125,730.686767578125,654.3881225585938,707.8546142578125,916.514892578125,736.4229736328125,635.6128540039062,709.9188842773438,877.0847778320312,756.564208984375,602.3197021484375,734.9676513671875,880.6155395507812,754.745849609375,576.5385131835938,736.4744262695312,862.7694702148438,778.8558349609375,580.4541015625,758.5449829101562,863.8488159179688,394.94268798828125,610.0450439453125,374.5852966308594,874.8737182617188,592.7840576171875,590.2943115234375,572.9144287109375,861.2498779296875,645.55810546875,579.7598266601562,626.8333740234375,859.4380493164062,701.5238037109375,574.7357177734375,684.7791748046875,860.8123168945312,859.0664672851562,591.230224609375,818.5547485351562,873.0027465820312,974.1171875,592.632568359375,886.6953735351562,880.1766357421875,1064.2392578125,594.91552734375,963.3352661132812,883.0366821289062,1078.4891357421875,596.3419189453125,1015.1492919921875,885.8506469726562,1168.188720703125,606.5233154296875,1198.46630859375,904.620849609375,1255.5941162109375,632.3049926757812,1239.700927734375,863.0318603515625
614.1277465820312,659.2442626953125,590.2229614257812,927.573974609375,624.8079833984375,654.60595703125,599.44384765625,917.158203125,609.3587646484375,655.3862915039062,583.4801635742188,904.8006591796875,576.584716796875,651.497314453125,552.6995849609375,881.1685180664062,545.2254638671875,632.6362915039062,522.083740234375,882.1177978515625,526.5813598632812,607.1967163085938,502.97705078125,859.3366088867188,539.2918701171875,605.9132080078125,515.99609375,860.4882202148438,685.1808471679688,645.8706665039062,658.9622192382812,927.0228881835938,708.7723999023438,652.8801879882812,684.916748046875,924.0519409179688,730.7470092773438,654.1657104492188,707.7660522460938,916.3760375976562,735.8518676757812,635.6578369140625,708.5930786132812,876.9855346679688,755.007568359375,601.985595703125,734.4517211914062,880.4686889648438,753.4578247070312,576.4846801757812,735.6605834960938,862.9158935546875,776.8838500976562,579.9197387695312,757.9020385742188,864.2774658203125,393.3539733886719,609.1397705078125,372.7474670410156,874.0609741210938,591.6609497070312,590.094482421875,571.655029296875,861.2431030273438,643.9425048828125,580.0181274414062,626.09521484375,859.5054321289062,699.9137573242188,574.880859375,684.3237915039062,861.0244140625,853.8455200195312,591.4058837890625,818.5652465820312,873.5061645507812,974.8964233398438,592.2725219726562,885.2088623046875,880.3150634765625,1063.9639892578125,594.4819946289062,960.7192993164062,882.9784545898438,1077.33154296875,595.9425659179688,1015.8291015625,885.8568115234375,1204.3228759765625,612.1161499023438,1196.407470703125,905.2341918945312,1254.32177734375,632.0512084960938,1238.3094482421875,863.2720947265625
613.3241577148438,659.5349731445312,589.33349609375,927.1256713867188,623.3278198242188,655.2669677734375,597.718505859375,916.66015625,606.7223510742188,656.2190551757812,581.7129516601562,905.1281127929688,573.9155883789062,651.4592895507812,551.9268188476562,881.5576782226562,542.7639770507812,632.7853393554688,520.2498779296875,882.7872924804688,525.67724609375,607.4551391601562,501.7859191894531,859.15185546875,537.7228393554688,605.7304077148438,514.3275756835938,860.4613037109375,685.2300415039062,645.921875,658.959228515625,927.2188110351562,708.80126953125,652.8324584960938,684.84716796875,923.95751953125,730.9803466796875,654.2644653320312,707.337890625,916.27490234375,733.6453857421875,635.9208984375,708.0369873046875,876.6151733398438,752.9600219726562,602.0817260742188,732.832763671875,880.4251708984375,751.8133544921875,577.2439575195312,734.2554321289062,863.0144653320312,773.6367797851562,580.0394287109375,755.5401611328125,864.2171020507812,391.3869934082031,608.78857421875,371.0292053222656,873.6837768554688,590.1511840820312,590.4747924804688,570.5084838867188,861.0164794921875,641.9720458984375,580.5040283203125,624.670654296875,859.5703735351562,697.2255859375,574.6927490234375,682.880859375,860.750244140625,849.5606689453125,590.5463256835938,818.3463745117188,873.9675903320312,973.7542114257812,591.7182006835938,884.421630859375,880.4288330078125,1062.9981689453125,593.9917602539062,957.0104370117188,883.3300170898438,1075.428955078125,595.4019775390625,1016.7852783203125,885.9771728515625,1202.8212890625,612.0785522460938,1194.4886474609375,905.2164916992188,1252.8812255859375,632.6860961914062,1237.0745849609375,863.4750366210938
611.4003295898438,659.9492797851562,589.1155395507812,926.9960327148438,620.6102905273438,655.49951171875,596.2809448242188,915.4998779296875,603.1823120117188,656.5196533203125,579.1492919921875,905.478759765625,570.1062622070312,651.5317993164062,548.708984375,881.4246826171875,539.3359985351562,632.5269165039062,517.8525390625,882.82421875,523.5438232421875,606.6453857421875,500.13385009765625,859.1004028320312,536.4700317382812,604.821044921875,512.1442260742188,860.186767578125,685.21630859375,645.8854370117188,659.1170654296875,927.2208862304688,708.7598266601562,652.707275390625,684.8292846679688,923.8555297851562,731.1608276367188,654.3872680664062,707.2982788085938,916.09130859375,733.5098876953125,636.4901123046875,707.3069458007812,876.792724609375,752.016845703125,601.9971923828125,731.7271118164062,880.20751953125,749.7693481445312,577.367431640625,732.3693237304688,863.4353637695312,772.013916015625,580.031494140625,753.2099609375,864.5400390625,388.863037109375,608.4407958984375,369.29931640625,873.4249267578125,587.3101806640625,591.1270141601562,568.4699096679688,860.6919555664062,639.4871215820312,581.9292602539062,622.3263549804688,859.6268920898438,696.8897094726562,573.9915161132812,679.1109619140625,860.643798828125,845.20556640625,589.9786987304688,817.1361694335938,874.1383056640625,971.8313598632812,591.5856323242188,884.7377319335938,880.7109985351562,983.6076049804688,591.28662109375,961.6194458007812,883.171875,1070.984619140625,594.8909912109375,1015.1083374023438,885.951171875,1201.141357421875,611.9968872070312,1193.72412109375,905.134033203125,1251.3551025390625,633.0890502929688,1235.009033203125,863.5816040039062
610.2396240234375,660.09716796875,587.989990234375,928.0763549804688,616.4435424804688,654.97705078125,594.2947387695312,914.7786254882812,599.3255615234375,656.9970703125,576.5955810546875,905.3756103515625,569.3524780273438,651.3547973632812,545.3082885742188,881.45556640625,537.491943359375,631.6852416992188,514.227783203125,882.963623046875,521.6259155273438,606.436767578125,497.15545654296875,858.7384033203125,534.5045166015625,604.7387084960938,509.79046630859375,860.718994140625,685.2691650390625,645.8883056640625,659.1721801757812,927.3743286132812,708.7890014648438,652.7628784179688,684.9667358398438,923.9898071289062,731.4280395507812,654.4540405273438,707.1583251953125,916.1033325195312,732.8697509765625,637.1468505859375,706.9459228515625,877.1425170898438,750.5657348632812,601.7755126953125,730.7044677734375,880.41357421875,747.424560546875,577.5046997070312,731.32763671875,863.6343383789062,770.6394653320312,580.0429077148438,751.6666259765625,864.7440795898438,386.4261474609375,607.9730834960938,367.4009704589844,873.2879028320312,586.0012817382812,591.1851806640625,566.5308837890625,860.7054443359375,637.7893676757812,582.1494750976562,621.357666015625,859.868896484375,695.219482421875,574.8422241210938,677.8411865234375,860.8109741210938,843.6985473632812,590.2241821289062,816.87841796875,874.4332275390625,906.052734375,589.9510498046875,882.9644775390625,880.963134765625,981.0523071289062,591.1223754882812,952.3125,883.4476928710938,1067.846923828125,594.6934814453125,1015.8001098632812,886.251708984375,1199.2044677734375,611.465576171875,1192.4403076171875,905.1007080078125,1249.17236328125,632.6142578125,1232.9263916015625,863.8294067382812
610.0910034179688,659.6697998046875,586.9295654296875,928.089599609375,613.6748046875,655.62646484375,591.2264404296875,914.5731811523438,595.7071533203125,657.66455078125,572.7557983398438,906.0980224609375,565.6826171875,651.057861328125,542.912353515625,879.2752075195312,535.5347900390625,631.6126708984375,512.9132690429688,883.038818359375,519.4518432617188,607.0426635742188,496.6243896484375,858.8262329101562,532.7838134765625,604.5573120117188,509.4006652832031,860.514404296875,685.3118896484375,645.752685546875,659.0702514648438,927.4835205078125,708.826171875,652.7705688476562,684.7481079101562,924.018798828125,731.4345703125,654.67578125,706.8412475585938,916.3563842773438,731.7604370117188,637.6423950195312,707.3204345703125,877.274658203125,748.64501953125,601.9432983398438,731.4124755859375,880.3834838867188,744.8848266601562,577.214111328125,732.933837890625,863.6734619140625,768.977294921875,580.0366821289062,753.1779174804688,865.591796875,384.7129821777344,606.8943481445312,365.65081787109375,873.4157104492188,583.8184204101562,591.598876953125,565.7442626953125,860.5964965820312,635.8631591796875,582.8809814453125,621.5274658203125,859.7938232421875,692.869384765625,575.10107421875,678.997802734375,861.083740234375,844.1061401367188,589.5126953125,817.1790771484375,874.93603515625,964.5902709960938,591.1007690429688,884.2623291015625,881.5011596679688,978.578125,590.6905517578125,960.68115234375,883.697998046875,1065.4041748046875,594.004638671875,1013.45263671875,886.1848754882812,1196.668701171875,611.1483154296875,1191.0389404296875,904.9749755859375,1247.65283203125,631.5669555664062,1231.3343505859375,863.8804931640625
609.2356567382812,658.3200073242188,585.90380859375,928.205810546875,611.0260009765625,656.496337890625,587.91845703125,914.1807250976562,591.8501586914062,658.756591796875,567.14892578125,906.2587280273438,563.3419799804688,651.384765625,539.7572631835938,878.4334106445312,533.4775390625,631.667236328125,510.1268615722656,882.4815673828125,517.522216796875,606.7930908203125,494.4974670410156,859.03125,530.812744140625,604.4716796875,507.2439270019531,860.3751831054688,685.4613647460938,645.7763061523438,658.9588012695312,927.5883178710938,708.8045654296875,652.7006225585938,684.5106811523438,923.8974609375,731.2620849609375,655.0580444335938,706.7286376953125,916.6079711914062,730.4417724609375,638.4177856445312,707.0665893554688,877.9708251953125,746.4537353515625,601.626953125,729.7196655273438,880.7200927734375,742.40087890625,577.4374389648438,730.6739501953125,863.8120727539062,766.5562133789062,580.0835571289062,751.091064453125,866.0245361328125,382.96234130859375,606.1036987304688,363.39404296875,872.5044555664062,581.8529052734375,592.0681762695312,563.8523559570312,860.7642211914062,633.2353515625,583.4813842773438,618.246826171875,860.0681762695312,689.801513671875,575.2667846679688,676.2454223632812,861.4421997070312,843.957275390625,589.38330078125,817.6614379882812,875.2567138671875,964.3782958984375,590.6939086914062,906.3480834960938,882.6375122070312,1049.4913330078125,592.7347412109375,951.4088134765625,883.770751953125,1063.1842041015625,593.7928466796875,1011.1929321289062,886.3992309570312,1158.7047119140625,604.6612548828125,1188.145751953125,905.2841186523438,1245.5357666015625,631.44287109375,1228.9068603515625,863.580078125
609.9166870117188,657.8240356445312,588.1713256835938,926.4319458007812,607.0715942382812,657.5342407226562,582.2327880859375,911.4010009765625,588.5962524414062,659.5531005859375,562.2384033203125,906.04248046875,559.4381713867188,651.679931640625,536.7929077148438,878.5352783203125,530.770263671875,631.0880737304688,507.24554443359375,882.0993041992188,515.2047119140625,605.866455078125,492.4245300292969,859.2068481445312,528.1478271484375,603.8242797851562,506.0060119628906,860.7189331054688,685.5046997070312,645.7263793945312,658.7752075195312,927.4784545898438,708.7622680664062,652.64794921875,684.3534545898438,923.7510986328125,731.3865966796875,655.1773681640625,706.497314453125,916.527099609375,729.8955688476562,638.8483276367188,707.0196533203125,877.5008544921875,745.0465698242188,601.6251831054688,728.5764770507812,880.3397827148438,741.0654907226562,577.7769775390625,728.8870849609375,863.7198486328125,765.0032348632812,580.3505249023438,750.0941772460938,866.2025756835938,381.2256774902344,605.0904541015625,361.46771240234375,872.748779296875,579.14794921875,592.6202392578125,561.5263061523438,860.9282836914062,631.3026733398438,583.1043701171875,616.14892578125,860.347412109375,688.1377563476562,576.8776245117188,675.085205078125,861.6739501953125,844.4842529296875,589.3907470703125,817.4879760742188,875.5908813476562,962.9769897460938,590.4239501953125,882.9290161132812,881.5596923828125,1049.238525390625,592.6030883789062,948.0706176757812,884.1968383789062,1062.4796142578125,593.5572509765625,1009.72216796875,886.7368774414062,1190.893310546875,610.6845703125,1186.116455078125,905.0747680664062,1243.46630859375,631.2086181640625,1227.1968994140625,863.4834594726562
608.7090454101562,658.7396850585938,584.502197265625,924.7232666015625,602.3975830078125,659.7631225585938,576.2789916992188,911.0882568359375,583.3496704101562,661.7634887695312,556.5960083007812,904.2786254882812,556.541015625,651.5991821289062,533.6714477539062,877.9349365234375,527.778076171875,630.6051635742188,505.8868408203125,881.9487915039062,512.9570922851562,605.39013671875,491.1355285644531,859.3880004882812,524.9102783203125,604.1633911132812,505.27044677734375,860.9813232421875,685.5621948242188,645.6431884765625,658.72265625,927.4427490234375,708.7947387695312,652.4962768554688,684.6431884765625,923.5760498046875,731.5301513671875,655.2550659179688,706.2576904296875,916.8946533203125,729.6221923828125,639.3992309570312,706.1268920898438,877.4435424804688,743.4240112304688,601.9201049804688,726.85986328125,880.2662353515625,739.1787109375,578.155517578125,725.100830078125,864.1673583984375,763.4124755859375,580.5320434570312,748.2125244140625,865.5587768554688,379.0606994628906,604.0957641601562,359.2838134765625,873.542236328125,577.237548828125,592.7124633789062,560.14013671875,860.9337158203125,629.9276733398438,584.4854736328125,614.9317016601562,860.4676513671875,686.6876220703125,577.7542724609375,671.0917358398438,862.5521240234375,845.6283569335938,589.47412109375,812.568359375,874.5328369140625,957.0737915039062,590.2637329101562,877.7487182617188,881.8623657226562,1047.939697265625,592.4264526367188,947.1446533203125,884.39794921875,1060.04345703125,593.2508544921875,1010.3311157226562,886.9671630859375,1190.1427001953125,610.474609375,1183.2584228515625,905.4204711914062,1241.9346923828125,631.461669921875,1224.983154296875,863.0345458984375
600.9841918945312,662.9332275390625,580.8825073242188,924.8659057617188,597.1820068359375,662.9217529296875,570.0807495117188,911.0789184570312,578.9242553710938,663.8765869140625,552.4529418945312,905.2473754882812,553.169189453125,652.1622314453125,530.86279296875,877.6193237304688,525.831787109375,630.8342895507812,502.7628173828125,883.6638793945312,510.9773864746094,605.1258544921875,489.8219909667969,859.7019653320312,523.1512451171875,603.9155883789062,503.1339416503906,861.3007202148438,685.6041870117188,645.7454833984375,658.6691284179688,927.470458984375,708.7344360351562,652.5287475585938,684.4234008789062,923.623779296875,732.0054931640625,655.1532592773438,706.4227905273438,916.9464111328125,728.415283203125,639.8060302734375,704.0582275390625,877.3486328125,741.491455078125,601.9232177734375,726.7236938476562,880.5575561523438,736.9999389648438,578.9873046875,725.4959106445312,864.45849609375,761.64453125,580.7921752929688,748.5354614257812,866.1891479492188,377.23992919921875,602.5142211914062,357.2171630859375,873.338134765625,574.6182250976562,593.1773681640625,559.6146240234375,861.2999877929688,627.9216918945312,585.0548095703125,614.6182861328125,860.7160034179688,684.3922119140625,578.5791015625,672.7635498046875,861.841796875,844.3564453125,589.5596313476562,812.9447631835938,875.3632202148438,954.1647338867188,590.44482421875,870.6470947265625,881.65625,1042.7664794921875,592.3593139648438,946.0693969726562,884.463134765625,1058.6806640625,593.2160034179688,1004.3306884765625,887.3834838867188,1188.6031494140625,610.1046142578125,1181.7755126953125,905.3738403320312,1240.1624755859375,630.901611328125,1223.673095703125,863.633544921875
598.4902954101562,665.8900146484375,576.6454467773438,921.5961303710938,592.1101684570312,665.6305541992188,562.90771484375,910.7310791015625,573.7740478515625,665.7866821289062,544.4578247070312,902.87841796875,549.3441772460938,651.697998046875,527.2990112304688,876.0443115234375,522.1551513671875,629.8563842773438,499.4075927734375,883.0928344726562,509.74749755859375,604.1386108398438,488.02490234375,860.0051879882812,520.3883666992188,602.9281616210938,501.2502136230469,861.4522705078125,685.692626953125,645.7431640625,658.6177368164062,927.3427734375,708.5430908203125,652.4218139648438,684.3690795898438,923.4675903320312,732.013427734375,655.0606079101562,706.279296875,916.9429931640625,727.2630615234375,639.7501831054688,703.8363647460938,876.9944458007812,739.9243774414062,602.6318969726562,726.900146484375,880.7271728515625,735.8148803710938,580.1502075195312,724.9961547851562,864.9064331054688,760.4179077148438,581.0501098632812,747.7992553710938,867.2321166992188,374.8305969238281,600.882080078125,355.1377258300781,873.3748168945312,572.1310424804688,593.6241455078125,558.2779541015625,861.6456909179688,625.699951171875,585.2420654296875,614.67822265625,860.1633911132812,682.7891235351562,578.9466552734375,670.1027221679688,862.7554321289062,836.9697265625,589.4069213867188,811.70458984375,875.9385375976562,957.4249267578125,590.4437255859375,907.21240234375,883.9332275390625,1043.4637451171875,592.4111938476562,947.5960083007812,885.101806640625,1057.399169921875,593.2315673828125,1003.9482421875,887.4830322265625,1188.052001953125,610.048095703125,1179.2548828125,905.7197875976562,1238.6141357421875,630.1648559570312,1222.194580078125,864.1260986328125
592.3157348632812,669.804443359375,572.7536010742188,919.177001953125,587.8392944335938,670.3239135742188,558.1150512695312,908.6024780273438,569.7341918945312,668.1248779296875,539.1998901367188,900.6024169921875,545.23095703125,652.2523803710938,523.1192016601562,872.9308471679688,519.6431274414062,630.1025390625,495.7232971191406,881.923828125,507.56439208984375,603.6490478515625,485.899169921875,859.7327270507812,519.7881469726562,602.9848022460938,498.4422302246094,861.3316040039062,685.5525512695312,645.5547485351562,658.423828125,927.322021484375,708.4727783203125,652.4178466796875,684.5816040039062,923.5553588867188,732.1778564453125,655.3333740234375,706.169189453125,917.0700073242188,726.155029296875,640.3870849609375,702.311767578125,876.6151733398438,738.823974609375,603.3886108398438,724.5219116210938,881.2144165039062,733.9682006835938,580.7301025390625,722.093505859375,865.140625,757.3038940429688,581.9132690429688,743.3209838867188,867.0420532226562,371.8579406738281,599.3328247070312,353.288330078125,874.08154296875,569.3848876953125,594.22802734375,555.340576171875,861.9851684570312,623.419189453125,587.285400390625,610.5068969726562,860.6105346679688,680.9141235351562,579.9630737304688,665.6677856445312,861.9852294921875,836.86328125,589.3800048828125,806.3024291992188,876.1011962890625,954.8779296875,590.2322998046875,867.7708740234375,882.2777099609375,966.9428100585938,590.02685546875,936.6144409179688,885.1333618164062,1055.702392578125,593.1798095703125,1000.775634765625,887.55078125,1186.6934814453125,609.7462158203125,1177.8856201171875,905.4942016601562,1236.84228515625,629.7637939453125,1220.47314453125,864.1066284179688
592.322998046875,673.506591796875,569.0235595703125,913.570556640625,580.6994018554688,673.1571044921875,550.5664672851562,905.9120483398438,563.4338989257812,671.0364990234375,533.9523315429688,897.9970092773438,541.8455810546875,652.450927734375,517.5073852539062,870.2791137695312,518.0963745117188,629.5510864257812,492.53070068359375,881.68017578125,505.60321044921875,603.157958984375,482.8371887207031,859.7854614257812,518.1896362304688,602.7376098632812,496.4683837890625,861.9264526367188,685.5714111328125,645.628173828125,658.2536010742188,927.4503784179688,708.324951171875,652.4132080078125,684.3582153320312,923.779052734375,732.139892578125,655.2523803710938,705.9550170898438,917.0753784179688,725.9014282226562,640.906494140625,702.3043212890625,873.5322265625,737.6572875976562,603.9575805664062,724.8087768554688,881.1124877929688,731.6359252929688,581.1580810546875,722.2501220703125,865.7613525390625,755.1979370117188,582.021484375,743.3717651367188,867.7647705078125,369.71966552734375,597.3823852539062,351.5989685058594,875.1166381835938,568.132568359375,594.3121948242188,552.2448120117188,862.4596557617188,622.2298583984375,588.4445190429688,609.1002197265625,861.0376586914062,679.7938232421875,579.50244140625,665.7328491210938,862.5155029296875,828.6903686523438,588.60107421875,805.8269653320312,876.6005859375,951.2678833007812,590.4539184570312,905.213134765625,884.8201904296875,1041.5460205078125,592.6571655273438,982.8577880859375,886.7855224609375,1052.3173828125,593.3568725585938,998.9176025390625,887.760498046875,1184.857666015625,609.1439819335938,1177.5550537109375,904.7359619140625,1234.40673828125,629.220947265625,1217.810546875,863.7960815429688
585.1482543945312,676.4986572265625,562.4038696289062,911.853515625,574.6218872070312,677.2049560546875,544.6410522460938,905.8775634765625,557.5160522460938,675.0569458007812,527.7916870117188,897.3721923828125,536.62060546875,654.13671875,512.1982421875,870.8816528320312,514.3167724609375,628.8411254882812,488.7125244140625,881.6284790039062,501.8491516113281,603.0598754882812,479.46612548828125,859.9917602539062,514.9234619140625,602.454833984375,492.7626037597656,862.2518310546875,685.622802734375,645.730712890625,658.1386108398438,927.4003295898438,708.5364990234375,652.2077026367188,684.6303100585938,923.8840942382812,730.9881591796875,654.791748046875,706.1841430664062,916.6567993164062,725.13623046875,641.6975708007812,700.0910034179688,873.1748046875,736.1444091796875,604.640625,722.9891357421875,881.325439453125,729.4828491210938,581.4697265625,720.6762084960938,866.22119140625,753.5785522460938,582.210693359375,741.6259155273438,868.1730346679688,367.67449951171875,596.0737915039062,349.25933837890625,875.87548828125,566.8983154296875,595.1700439453125,550.28662109375,863.990478515625,620.8639526367188,589.7024536132812,608.3749389648438,861.3181762695312,677.6923828125,580.9356689453125,665.6904296875,863.5210571289062,827.760986328125,588.64697265625,806.406982421875,877.1480102539062,950.1502075195312,590.7960205078125,903.3722534179688,885.020751953125,964.7249145507812,590.8908081054688,975.0592651367188,888.0624389648438,1054.29248046875,593.4483032226562,996.7791748046875,888.272216796875,1148.203125,602.75732421875,1176.031982421875,904.84375,1232.3177490234375,628.3062133789062,1215.82470703125,863.1109619140625
580.232177734375,680.5557861328125,556.34130859375,909.1124877929688,568.7294921875,681.2726440429688,537.3005981445312,903.90966796875,551.5697021484375,676.2460327148438,522.9943237304688,897.0693359375,532.0484008789062,652.1832275390625,508.8973388671875,869.3290405273438,510.75482177734375,628.3001708984375,484.9364318847656,882.1556396484375,498.595458984375,601.62060546875,477.01739501953125,860.683837890625,511.87347412109375,601.739013671875,490.16949462890625,862.3829345703125,685.4371948242188,645.9647827148438,658.2957153320312,927.4364013671875,708.3995971679688,652.2330932617188,685.0147705078125,923.7427368164062,730.8829956054688,654.614990234375,706.3739013671875,916.1989135742188,724.0164184570312,642.2485961914062,698.9683837890625,874.143798828125,734.4268798828125,605.1070556640625,719.7291870117188,881.9509887695312,726.9078369140625,581.6505126953125,716.2350463867188,866.1203002929688,751.0767822265625,582.6116943359375,737.4068603515625,868.3170776367188,366.0765380859375,593.6870727539062,347.5589599609375,876.6439208984375,564.5075073242188,595.786865234375,546.0293579101562,863.5512084960938,618.2657470703125,590.5211181640625,605.714599609375,862.5167846679688,674.4407958984375,581.870361328125,663.552978515625,864.3283081054688,827.575927734375,588.959716796875,799.3314208984375,876.2357177734375,950.743896484375,590.8772583007812,862.4234008789062,883.3546142578125,964.595703125,590.9963989257812,975.119873046875,888.5747680664062,1049.5330810546875,594.0275268554688,995.7006225585938,888.7108764648438,1145.5157470703125,602.8060302734375,1172.6956787109375,904.830322265625,1231.1903076171875,627.4805908203125,1213.6153564453125,862.8161010742188
574.355712890625,682.6696166992188,550.1012573242188,907.2290649414062,561.196044921875,683.0576782226562,529.3909912109375,902.5227661132812,545.6668090820312,678.4728393554688,515.755126953125,894.16943359375,527.384765625,650.7199096679688,507.0382080078125,867.6892700195312,507.7834167480469,627.58203125,483.3841857910156,881.95263671875,496.2366027832031,600.8928833007812,475.2976379394531,861.429443359375,507.9354553222656,601.3909301757812,488.9474792480469,863.1530151367188,685.2021484375,645.8721313476562,658.34765625,927.3851928710938,708.2661743164062,652.3655395507812,684.9475708007812,923.6212158203125,731.2305297851562,654.3997192382812,706.1947631835938,916.2263793945312,723.0682373046875,643.4837036132812,698.9307250976562,873.584716796875,732.4611206054688,605.7455444335938,716.9422607421875,883.3683471679688,724.6055297851562,582.3914794921875,714.654052734375,866.6793823242188,748.7572631835938,583.2603149414062,736.632080078125,869.11181640625,363.2752380371094,591.79443359375,345.33380126953125,877.1560668945312,561.8517456054688,596.2479858398438,544.8910522460938,863.727783203125,616.0498046875,591.4393920898438,603.50830078125,862.7673950195312,672.21630859375,582.9818115234375,660.1922607421875,863.64697265625,826.7846069335938,589.107666015625,826.8661499023438,880.3400268554688,947.4884033203125,591.4447631835938,863.0857543945312,884.3756103515625,959.0094604492188,591.0464477539062,953.7850341796875,888.7827758789062,1048.60009765625,593.404052734375,995.054931640625,889.0907592773438,1143.6873779296875,602.6989135742188,1170.6683349609375,904.7811279296875,1229.5079345703125,626.9485473632812,1212.1297607421875,863.4033813476562
567.1173095703125,684.7112426757812,539.4427490234375,905.9884643554688,554.787109375,685.1901245117188,519.4222412109375,897.6683349609375,538.86181640625,680.2052612304688,510.0173034667969,893.39208984375,523.2885131835938,651.468994140625,503.7032470703125,866.8540649414062,505.1299133300781,627.7066650390625,480.7291564941406,882.5027465820312,493.821044921875,600.3504638671875,472.2814636230469,861.0285034179688,505.4700012207031,600.653076171875,486.6457214355469,863.5220947265625,685.123291015625,645.7547607421875,658.3704223632812,927.6095581054688,708.1767578125,652.2572631835938,685.0513305664062,923.7574462890625,731.3362426757812,654.3804931640625,706.1849975585938,916.2854614257812,722.7959594726562,643.9202880859375,698.5195922851562,873.7511596679688,729.8130493164062,606.4774780273438,716.4844970703125,884.2326049804688,721.8497924804688,583.3593139648438,714.49267578125,867.1358032226562,746.4046630859375,583.5975952148438,735.6470947265625,869.7542114257812,361.6703186035156,591.1306762695312,342.89117431640625,877.7382202148438,558.5570678710938,596.714111328125,542.1818237304688,863.9207153320312,613.117431640625,591.04833984375,601.708740234375,863.3410034179688,669.6857299804688,585.203125,659.53955078125,864.075439453125,822.81005859375,589.694091796875,796.6041259765625,878.0017700195312,942.7326049804688,591.4265747070312,862.9307861328125,885.1919555664062,955.0364990234375,591.78955078125,954.0695190429688,889.469482421875,1045.5042724609375,593.6609497070312,982.71240234375,889.3541259765625,1137.8807373046875,601.8759155273438,1167.869140625,905.1184692382812,1226.881103515625,626.6376342773438,1209.7030029296875,862.9822387695312
560.8192138671875,687.493896484375,528.07568359375,905.22705078125,546.8914794921875,687.1057739257812,511.8805847167969,897.0535278320312,532.8232421875,680.5303344726562,500.8309020996094,889.4684448242188,519.9093627929688,650.1231689453125,498.97369384765625,864.7565307617188,502.0357971191406,626.9630126953125,479.5577392578125,883.306640625,491.70513916015625,599.7529296875,470.40771484375,861.2474975585938,504.1759948730469,600.8089599609375,484.8846130371094,863.852294921875,684.8177490234375,645.8507080078125,658.1856079101562,927.7769775390625,707.887939453125,652.3488159179688,684.6431884765625,923.9957275390625,731.26904296875,654.1679077148438,706.28564453125,916.2449951171875,722.041748046875,644.35791015625,697.8512573242188,874.6171264648438,727.65234375,606.7988891601562,715.3126831054688,885.453857421875,719.8966674804688,583.9187622070312,712.7606201171875,868.5320434570312,743.5187377929688,583.8297119140625,734.5014038085938,870.3817138671875,359.73138427734375,589.2920532226562,340.42828369140625,878.5595703125,556.7523193359375,596.8475341796875,539.1170654296875,864.0931396484375,610.9309692382812,591.7237548828125,599.013427734375,862.72998046875,666.8521118164062,585.611328125,657.9535522460938,864.8062744140625,821.0755004882812,589.639892578125,794.2008666992188,878.982421875,940.4993286132812,591.7442016601562,860.2671508789062,885.2484130859375,955.388916015625,591.9632568359375,955.6699829101562,889.537353515625,1043.72900390625,594.015625,984.2538452148438,889.8138427734375,1136.7239990234375,602.187744140625,1166.6954345703125,904.7040405273438,1224.6806640625,626.3502807617188,1207.8360595703125,863.4647216796875
555.247802734375,689.700927734375,520.4629516601562,904.691650390625,540.113525390625,689.0332641601562,506.4483642578125,897.607666015625,525.7176513671875,682.0361328125,495.3791198730469,891.4544677734375,515.7465209960938,650.313720703125,494.4624938964844,865.3031616210938,498.7554016113281,626.4554443359375,475.44732666015625,883.298095703125,489.1377868652344,599.8569946289062,467.9320068359375,861.7013549804688,501.72430419921875,600.949951171875,482.6820373535156,864.5834350585938,684.72998046875,645.6292114257812,657.9119262695312,927.7302856445312,708.0313110351562,652.214599609375,684.6986694335938,923.9994506835938,731.3076171875,654.305908203125,705.924072265625,916.5997924804688,720.3495483398438,646.7881469726562,699.183837890625,875.6917724609375,726.0128173828125,607.9583740234375,715.0339965820312,885.912841796875,718.5411987304688,585.091552734375,711.8515014648438,868.9912109375,742.410400390625,584.2349853515625,733.1535034179688,871.1458129882812,357.3418273925781,587.7305908203125,338.88800048828125,878.906005859375,554.4942626953125,597.327880859375,536.1275634765625,864.5989990234375,609.5772094726562,592.8052978515625,598.1588745117188,863.2456665039062,665.3060302734375,586.8449096679688,657.5013427734375,865.3914184570312,819.7401123046875,589.8818969726562,790.3699340820312,880.154296875,939.4011840820312,592.4290161132812,855.5079956054688,885.8087158203125,1026.6143798828125,593.2282104492188,933.5872802734375,889.3849487304688,1042.02099609375,593.8958740234375,982.8599853515625,890.883544921875,1171.5440673828125,607.7503662109375,1164.6666259765625,904.6921997070312,1222.424072265625,626.589111328125,1206.346435546875,863.5003662109375
547.1549072265625,692.770751953125,508.65838623046875,911.0119018554688,530.9251708984375,691.63134765625,499.46685791015625,902.3455810546875,517.5625610351562,681.5148315429688,493.9067687988281,895.1969604492188,512.8177490234375,650.86181640625,488.70513916015625,868.0753173828125,496.2942810058594,625.9999389648438,472.4134216308594,884.4401245117188,487.35491943359375,598.9183349609375,464.9363098144531,862.2069091796875,499.7687683105469,601.0325927734375,478.53179931640625,864.1864624023438,684.3863525390625,645.8682250976562,657.8563232421875,927.720703125,707.9959716796875,652.6754150390625,684.5904541015625,923.7826538085938,731.4076538085938,654.2874145507812,706.0927124023438,916.3048706054688,719.1234741210938,647.5315551757812,697.2978515625,874.4386596679688,723.9662475585938,608.9354248046875,713.3636474609375,886.1372680664062,715.8313598632812,585.5267333984375,710.1944580078125,869.08837890625,740.159912109375,584.8799438476562,731.6984252929688,871.7694091796875,355.1947021484375,585.7169799804688,336.73577880859375,879.3171997070312,552.6321411132812,598.0133666992188,531.7617797851562,865.3617553710938,607.208984375,595.1359252929688,594.3630981445312,864.3463745117188,664.048095703125,587.6964111328125,657.7315063476562,866.4100341796875,816.1515502929688,589.99072265625,789.1642456054688,880.9728393554688,939.3292846679688,592.2529907226562,853.5226440429688,886.3644409179688,954.5694580078125,592.9461059570312,931.5333251953125,890.1282958984375,1041.4185791015625,594.1016235351562,1096.99169921875,905.746337890625,1169.6846923828125,607.4512939453125,1163.1097412109375,904.2844848632812,1220.3270263671875,626.0537719726562,1203.425537109375,863.366455078125
539.2239379882812,696.6382446289062,505.15594482421875,911.7445678710938,523.2025146484375,693.9517211914062,494.27362060546875,902.2918701171875,510.3574523925781,682.3031616210938,486.9732971191406,894.4061889648438,508.5366516113281,649.6373901367188,484.66961669921875,868.660888671875,493.8199768066406,625.43359375,469.4956970214844,885.8765258789062,485.72698974609375,598.47900390625,462.6865539550781,863.5391235351562,498.0943908691406,600.7640991210938,475.6932678222656,864.683837890625,684.1521606445312,645.8467407226562,657.8199462890625,928.0684204101562,707.9344482421875,652.2268676757812,684.4067993164062,923.9260864257812,731.3956298828125,654.1382446289062,706.2993774414062,915.9036865234375,718.0330810546875,648.7776489257812,695.5891723632812,875.92041015625,721.7481079101562,609.5489501953125,709.7777709960938,887.3038330078125,713.3361206054688,586.3967895507812,706.5018310546875,869.3531494140625,737.7379150390625,586.022216796875,729.5875244140625,872.4805297851562,352.9090881347656,584.214599609375,335.05224609375,879.9202880859375,551.2474365234375,599.6956787109375,528.5037231445312,865.6209106445312,604.7413330078125,596.0013427734375,590.5716552734375,864.637939453125,661.6286010742188,589.0234375,652.4710693359375,867.3436889648438,813.5625610351562,591.6625366210938,786.4710693359375,880.7955932617188,939.6502075195312,592.917724609375,851.6743774414062,886.9943237304688,954.8612060546875,593.1734008789062,925.878662109375,890.5478515625,1040.9351806640625,594.5429077148438,1078.10302734375,902.0203857421875,1166.228759765625,607.4661865234375,1160.8514404296875,904.3649291992188,1218.510009765625,625.4259033203125,1201.24267578125,862.8185424804688
531.3007202148438,697.9994506835938,496.9289855957031,912.0288696289062,514.2949829101562,695.209228515625,488.0528869628906,901.6028442382812,503.00018310546875,682.0678100585938,478.6087341308594,892.5817260742188,505.2614440917969,647.4920654296875,480.0534973144531,866.6729736328125,491.4156799316406,624.0506591796875,466.8890380859375,885.6483764648438,483.02960205078125,598.1097412109375,462.33843994140625,863.5926513671875,495.5545654296875,600.3070068359375,475.309326171875,865.4136352539062,684.1994018554688,646.2850952148438,657.5272216796875,928.1590576171875,707.6863403320312,652.5897216796875,683.7868041992188,923.9594116210938,730.94482421875,654.1499633789062,705.4636840820312,915.5952758789062,716.4539794921875,648.4010620117188,692.9227294921875,875.3400268554688,720.0098266601562,610.172119140625,706.75830078125,887.325439453125,712.312255859375,588.1129150390625,701.3102416992188,869.88623046875,735.880615234375,586.6484375,722.55078125,872.3409423828125,350.89056396484375,582.4285278320312,333.25079345703125,880.2481689453125,549.5147705078125,600.1513671875,527.8765869140625,865.8789672851562,602.8887939453125,597.4360961914062,588.6646728515625,865.63232421875,659.01171875,589.93115234375,648.6803588867188,868.0016479492188,812.5962524414062,592.1109619140625,810.947265625,882.8145751953125,938.4456176757812,593.279541015625,851.464111328125,887.4854125976562,955.1609497070312,593.4977416992188,931.9020385742188,891.9114990234375,1038.333251953125,594.7293701171875,983.2597045898438,892.7962646484375,1132.7705078125,602.0581665039062,1156.9444580078125,904.2022705078125,1216.5992431640625,624.5383911132812,1199.24658203125,862.4788818359375
521.047607421875,699.904052734375,490.138427734375,908.7547607421875,503.686767578125,695.6099243164062,479.99151611328125,899.8001098632812,495.3832092285156,680.5173950195312,471.73773193359375,890.0437622070312,502.3241882324219,648.05078125,476.25146484375,866.15771484375,489.35595703125,623.6591186523438,464.6267395019531,885.9926147460938,481.5790100097656,597.8167724609375,463.15032958984375,864.12548828125,494.14691162109375,600.0182495117188,476.3119201660156,866.0679931640625,684.35595703125,646.1024780273438,657.6497192382812,927.8500366210938,707.8189086914062,652.2823486328125,683.86962890625,923.743408203125,730.8941650390625,654.1228637695312,704.7147216796875,915.7974243164062,715.7793579101562,650.14013671875,691.6864624023438,875.552978515625,718.3853759765625,611.8860473632812,700.1768188476562,888.9205932617188,710.0634765625,589.4971313476562,696.1427612304688,870.9609985351562,734.4063110351562,588.3799438476562,716.4406127929688,872.5675659179688,349.3868713378906,580.0335083007812,331.5865173339844,880.4720458984375,547.2733764648438,600.980224609375,527.2252807617188,866.4596557617188,601.572265625,599.25048828125,585.0101928710938,866.0864868164062,657.520751953125,591.5802612304688,642.7659912109375,867.6676025390625,812.9061889648438,592.4532470703125,777.8662719726562,880.9012451171875,937.5639038085938,593.3699340820312,846.5569458007812,887.8160400390625,1027.99951171875,594.1363525390625,918.9613037109375,891.898681640625,1038.569580078125,595.2416381835938,980.6815185546875,894.4192504882812,1163.408447265625,607.4434814453125,1155.3665771484375,904.3179931640625,1215.015625,623.889892578125,1197.1243896484375,862.4324951171875
513.0625,701.8416137695312,481.78863525390625,906.2681274414062,494.5148010253906,696.0811157226562,469.1548156738281,894.6051025390625,489.9033508300781,679.689208984375,464.43658447265625,885.33056640625,497.7950134277344,648.5826416015625,470.7764892578125,866.3194580078125,486.3009033203125,623.9962158203125,462.4695129394531,886.1962890625,479.590576171875,597.716796875,459.1297607421875,863.1709594726562,491.3697509765625,600.0415649414062,472.39117431640625,865.99072265625,684.1396484375,646.0104370117188,657.52294921875,927.79638671875,707.828369140625,651.9127807617188,683.7613525390625,923.683837890625,730.8978271484375,654.0755615234375,704.5335693359375,916.2713623046875,715.4625854492188,651.4967651367188,690.9896850585938,876.2694091796875,717.6997680664062,613.7962646484375,699.3975830078125,889.0193481445312,707.8496704101562,591.2257080078125,693.6109619140625,871.4736938476562,732.5078735351562,590.257080078125,713.947998046875,873.2040405273438,347.491455078125,578.1297607421875,330.1806335449219,880.4393920898438,543.8857421875,601.7408447265625,524.8397827148438,867.103271484375,598.5672607421875,599.379638671875,583.0146484375,865.6527099609375,654.3118286132812,594.4910278320312,640.6605224609375,867.8081665039062,815.021240234375,593.2578735351562,771.3125610351562,881.700439453125,933.7024536132812,594.4706420898438,844.881591796875,888.7601318359375,1013.784912109375,594.81103515625,919.5682373046875,893.567138671875,1039.9462890625,595.806396484375,979.85546875,895.3512573242188,1130.46630859375,601.7899169921875,1112.14501953125,909.0104370117188,1213.4989013671875,623.68310546875,1195.301025390625,862.5126953125
504.12591552734375,701.9412841796875,472.6524963378906,903.2130737304688,487.1868591308594,695.9578857421875,461.6328430175781,897.0526123046875,482.38720703125,677.9617309570312,455.625,886.8663330078125,494.39337158203125,648.4605712890625,463.81329345703125,867.3324584960938,484.0068054199219,622.7589111328125,458.9610900878906,886.93310546875,478.6409912109375,597.2160034179688,457.2835998535156,863.9526977539062,489.31658935546875,599.8846435546875,470.01397705078125,866.3388061523438,683.7542114257812,646.4063720703125,657.6783447265625,927.9562377929688,708.1126708984375,652.0687255859375,683.8697509765625,923.8018188476562,731.0728149414062,654.2572631835938,704.5130004882812,916.3975219726562,715.2686157226562,651.9525756835938,689.914306640625,876.8358154296875,715.7495727539062,614.8587036132812,696.76318359375,889.9629516601562,704.924560546875,592.2806396484375,692.4417724609375,871.9622802734375,730.8709716796875,591.0842895507812,711.0678100585938,873.7467651367188,346.32440185546875,576.2918090820312,328.1848449707031,881.0292358398438,541.6585693359375,602.5298461914062,523.3037719726562,867.4327392578125,596.8687744140625,601.509765625,582.2864379882812,866.1284790039062,653.1860961914062,596.281982421875,638.7727661132812,868.904541015625,814.9660034179688,593.8952026367188,769.9866943359375,882.2645263671875,928.9227905273438,594.9998168945312,846.7525024414062,889.95556640625,1007.865478515625,595.5773315429688,938.3660888671875,894.916748046875,1098.20556640625,599.8877563476562,965.4556884765625,895.73779296875,1159.95458984375,606.4322509765625,1114.1480712890625,909.1204223632812,1211.2496337890625,623.3507080078125,1193.4669189453125,862.072998046875
493.9532165527344,702.88671875,461.33026123046875,905.0689086914062,476.7009582519531,695.7085571289062,447.5860900878906,893.5535888671875,476.0581970214844,677.6296997070312,446.8942565917969,886.2715454101562,490.3913269042969,649.0712280273438,458.5371398925781,867.9656372070312,481.828857421875,623.3446044921875,453.7937316894531,886.8959350585938,477.2608947753906,596.79931640625,456.1674499511719,863.5001831054688,487.50390625,599.9151000976562,467.64093017578125,865.5367431640625,683.5345458984375,646.42529296875,657.4388427734375,927.9329223632812,708.3020629882812,651.887939453125,683.6534423828125,923.693359375,730.830078125,654.4358520507812,704.3902587890625,916.7586059570312,715.671630859375,653.9154663085938,689.1936645507812,877.1447143554688,713.7059326171875,615.8572998046875,695.6431274414062,890.7172241210938,703.72998046875,594.1590576171875,690.9989624023438,872.5081787109375,727.7791137695312,592.1548461914062,710.1846313476562,874.65966796875,344.4503479003906,574.9263916015625,326.7445068359375,881.3193969726562,540.0744018554688,603.0399169921875,520.8150024414062,867.2844848632812,594.7399291992188,603.1840209960938,579.3224487304688,866.760009765625,650.5265502929688,597.7963256835938,636.6730346679688,869.1473388671875,808.2081298828125,594.6026000976562,768.6718139648438,882.8713989257812,925.9373168945312,595.7776489257812,847.5673828125,890.8719482421875,1008.703857421875,596.2804565429688,938.8998413085938,895.516357421875,1098.6923828125,599.9851684570312,963.515869140625,896.7261352539062,1158.641845703125,606.293212890625,1113.8111572265625,909.3760375976562,1208.8238525390625,622.6990966796875,1191.8731689453125,862.44287109375
483.5275573730469,702.89306640625,454.60479736328125,905.2313232421875,469.830078125,693.4241943359375,439.1642150878906,893.8296508789062,469.52508544921875,674.8906860351562,441.4474792480469,886.8470458984375,487.3376770019531,648.6190795898438,457.24981689453125,867.5293579101562,478.9432067871094,621.8589477539062,453.96783447265625,885.8514404296875,475.4283142089844,596.27734375,454.6413269042969,863.7241821289062,485.8265686035156,599.42333984375,465.7696533203125,865.8866577148438,683.4925537109375,646.3062133789062,657.7537841796875,928.2186889648438,708.2945556640625,651.6375122070312,683.5840454101562,923.858642578125,730.8998413085938,654.688232421875,704.6492919921875,916.5173950195312,715.53369140625,656.3733520507812,688.5953979492188,877.3343505859375,711.551025390625,617.3477172851562,694.0421142578125,891.36328125,700.9453735351562,595.7626342773438,688.3423461914062,871.9929809570312,725.6284790039062,593.2625732421875,708.2254638671875,875.11572265625,343.53680419921875,573.8056640625,325.58001708984375,881.380615234375,537.4512329101562,603.3220825195312,519.65673828125,867.49169921875,592.5731201171875,604.3751220703125,577.7865600585938,867.1478881835938,647.8245849609375,598.608642578125,633.5569458007812,869.3612670898438,806.2186279296875,595.4791870117188,764.4900512695312,882.9298095703125,928.343994140625,596.9618530273438,833.3533935546875,890.4774780273438,1008.51904296875,597.0636596679688,939.8992919921875,895.8065185546875,1092.9781494140625,600.2273559570312,961.776611328125,896.9571533203125,1155.912109375,606.2088012695312,1118.1058349609375,908.7061767578125,1206.7520751953125,623.2279663085938,1190.342041015625,862.2727661132812
473.0324401855469,703.1204223632812,441.6626281738281,902.5584716796875,459.5514221191406,692.4639892578125,432.1602783203125,892.541259765625,463.8460693359375,673.7395629882812,437.46905517578125,884.9454345703125,484.439697265625,648.4791870117188,456.3741760253906,867.9080200195312,476.670654296875,621.6820678710938,453.9869689941406,885.8909301757812,473.4957580566406,595.691162109375,455.4159851074219,863.9970703125,484.2176513671875,599.01318359375,466.33441162109375,866.459228515625,683.8988647460938,646.1317138671875,657.891845703125,928.4020385742188,708.4074096679688,651.311767578125,683.545166015625,923.801025390625,730.9417724609375,655.0084838867188,705.0902709960938,915.6937866210938,715.5059204101562,657.7778930664062,686.6771850585938,877.7940673828125,710.20166015625,618.6914672851562,691.9755249023438,891.4818725585938,699.40771484375,597.00927734375,685.26171875,872.9769287109375,723.7821044921875,594.9990844726562,706.1480102539062,875.5570068359375,342.0564270019531,572.76220703125,324.40106201171875,880.9786987304688,535.985595703125,603.8583984375,518.5950317382812,868.0403442382812,591.4244995117188,606.2811279296875,576.084716796875,867.5909423828125,646.76171875,600.1254272460938,631.97998046875,869.674072265625,802.5185546875,596.8914184570312,763.9946899414062,883.3619995117188,921.0696411132812,597.6547241210938,839.7220458984375,891.9451293945312,991.4883422851562,597.5657348632812,937.9398193359375,896.2091674804688,1093.8546142578125,600.220703125,962.2041625976562,897.7001342773438,1154.39208984375,605.8645629882812,1116.2861328125,908.447509765625,1204.997802734375,622.9471435546875,1188.241455078125,862.02685546875
462.0126037597656,703.4976806640625,432.9791259765625,904.68212890625,451.8534851074219,690.1775512695312,424.54583740234375,893.3499145507812,458.1580810546875,671.9248657226562,431.5728759765625,883.0695190429688,480.7584533691406,647.690185546875,455.1498718261719,868.4246215820312,474.1744384765625,620.6188354492188,455.166748046875,886.4613037109375,471.246337890625,594.535888671875,455.3709716796875,864.280517578125,482.3664245605469,598.6245727539062,466.1312561035156,866.69873046875,683.4175415039062,645.1712036132812,658.215087890625,928.47509765625,707.93310546875,650.8483276367188,683.4381103515625,923.6317749023438,730.8222045898438,655.4208374023438,705.0252075195312,915.5726928710938,714.7296752929688,659.2103271484375,685.5784912109375,877.9653930664062,709.4332885742188,619.66796875,687.7198486328125,891.6210327148438,698.2742309570312,598.4214477539062,679.7825927734375,873.7554321289062,722.613525390625,596.1298217773438,700.1783447265625,875.5186767578125,340.6706848144531,571.2988891601562,323.15924072265625,880.5510864257812,535.0679321289062,605.1224365234375,518.3323974609375,868.481201171875,589.412841796875,607.5646362304688,574.5418090820312,868.1305541992188,645.504150390625,601.7254028320312,627.03759765625,869.2984008789062,797.7167358398438,597.7391357421875,760.0314331054688,883.6511840820312,916.729248046875,598.2898559570312,833.3091430664062,891.8373413085938,998.7031860351562,598.0902099609375,918.0277099609375,896.5615844726562,1089.3966064453125,599.8676147460938,963.2066650390625,898.2089233398438,1151.444091796875,605.8554077148438,1115.66943359375,908.341064453125,1203.62109375,622.4287719726562,1186.52685546875,861.9494018554688
451.1381530761719,701.09375,421.2723388671875,903.8577880859375,444.564208984375,686.9275512695312,418.75738525390625,892.436767578125,452.515625,671.0803833007812,424.0677795410156,882.2765502929688,476.9922790527344,647.0895385742188,451.3329162597656,866.9747314453125,472.2655334472656,620.3395385742188,452.3995361328125,885.6759033203125,469.7605895996094,594.4774169921875,453.9891357421875,864.7377319335938,480.9715576171875,598.5831909179688,464.9814453125,866.7998046875,683.4490966796875,645.1661376953125,658.2220458984375,928.3292236328125,707.7450561523438,650.5491333007812,683.5736083984375,923.5350952148438,730.8341674804688,655.6765747070312,705.1573486328125,915.3504028320312,714.4328002929688,660.7171630859375,685.6298217773438,879.1775512695312,708.1100463867188,620.7645263671875,687.8057250976562,891.2951049804688,697.3392944335938,599.8739624023438,678.9846801757812,873.8128051757812,720.5643920898438,597.7623291015625,699.4091186523438,875.9597778320312,339.42413330078125,570.4201049804688,322.1410217285156,880.5296020507812,534.1785278320312,606.0559692382812,516.7713012695312,868.36962890625,587.96728515625,608.2891235351562,574.0247192382812,868.4276123046875,644.4056396484375,603.445068359375,626.5161743164062,869.5941772460938,797.9699096679688,598.4398803710938,762.2586669921875,884.3217163085938,913.1686401367188,598.9443969726562,834.0940551757812,892.746826171875,991.7296752929688,599.1121215820312,939.0960083007812,896.9617309570312,1090.525146484375,600.6585083007812,963.8379516601562,898.4039306640625,1150.8341064453125,605.8221435546875,1118.1556396484375,907.9503784179688,1202.6495361328125,621.9222412109375,1185.4393310546875,862.0880126953125
440.50018310546875,698.5944213867188,408.84979248046875,907.2001342773438,436.64215087890625,684.6683349609375,406.4362487792969,895.3794555664062,447.62567138671875,669.1782836914062,416.5658874511719,884.8062133789062,473.630615234375,648.6863403320312,447.1952819824219,867.7235107421875,471.6614685058594,620.6399536132812,449.42510986328125,885.6773681640625,469.00048828125,594.325927734375,453.0144348144531,864.4683837890625,480.3600769042969,598.5448608398438,462.865234375,866.7457885742188,683.2383422851562,644.433349609375,658.5360107421875,928.5806884765625,707.1686401367188,650.1517333984375,683.7929077148438,923.5908813476562,730.6573486328125,655.9310302734375,705.2756958007812,915.1153564453125,713.486328125,661.2511596679688,685.4759521484375,879.5157470703125,706.4154663085938,622.0111694335938,684.9114990234375,891.5242309570312,694.9960327148438,601.9642333984375,677.1334228515625,873.9780883789062,719.8713989257812,598.9592895507812,696.8434448242188,876.0674438476562,338.6700134277344,569.21630859375,321.2867736816406,880.9594116210938,533.396728515625,606.7297973632812,514.1447143554688,868.2567138671875,586.6228637695312,609.5558471679688,571.4305419921875,868.5833129882812,642.9501953125,604.4981689453125,624.8878784179688,869.7288208007812,796.6162719726562,599.359619140625,756.2191772460938,884.2218017578125,912.9738159179688,599.2937622070312,833.2504272460938,893.1188354492188,990.3209838867188,599.5526733398438,908.8165283203125,897.1458740234375,1090.436279296875,600.5101928710938,962.4984741210938,898.7447509765625,1150.4600830078125,605.9345703125,1115.937744140625,908.210205078125,1201.760498046875,621.6412353515625,1183.9896240234375,862.07275390625
431.6839599609375,696.5712890625,395.4632873535156,901.1959228515625,430.5602722167969,682.862548828125,398.6678466796875,891.3138427734375,442.5466613769531,669.8187255859375,409.7452697753906,884.9849243164062,471.55303955078125,648.8761596679688,443.4270324707031,868.3643188476562,470.8433837890625,620.8450927734375,448.49627685546875,886.0895385742188,467.9909362792969,594.0873413085938,451.08404541015625,864.7290649414062,479.54534912109375,598.447021484375,461.7117614746094,867.0402221679688,683.6975708007812,643.42578125,659.2078857421875,928.5013427734375,707.0137329101562,650.0595703125,684.3314819335938,923.5885009765625,730.5615844726562,656.1417846679688,705.3143310546875,914.8468017578125,713.23583984375,662.54052734375,685.4852294921875,879.4219970703125,705.9586181640625,622.8818359375,682.8035278320312,891.695556640625,694.5230102539062,603.0608520507812,675.5678100585938,874.0729370117188,719.388916015625,599.6608276367188,694.7261352539062,876.0167236328125,337.6407165527344,568.0961303710938,320.5257873535156,880.920166015625,532.4454345703125,606.9625854492188,512.9039306640625,868.3377685546875,585.8109130859375,610.7540283203125,570.1730346679688,868.8726196289062,641.9154052734375,606.4478149414062,624.5326538085938,870.16943359375,797.3375244140625,600.0626831054688,753.39794921875,883.6792602539062,912.7640380859375,599.7426147460938,828.5420532226562,892.5845947265625,991.1571655273438,599.7274780273438,903.6226196289062,896.4851684570312,1089.7393798828125,600.474853515625,951.4959716796875,897.8202514648438,1149.6041259765625,605.8914794921875,1115.0185546875,908.4874877929688,1201.7205810546875,621.2507934570312,1183.669189453125,863.2468872070312
423.28338623046875,694.9446411132812,390.5275573730469,904.4651489257812,425.4919128417969,679.1516723632812,394.4499206542969,893.6093139648438,438.3410339355469,666.5244750976562,406.0841979980469,884.8289794921875,468.8555908203125,649.7297973632812,438.6664733886719,870.8001708984375,469.56109619140625,620.62158203125,447.6319274902344,887.060302734375,467.1877136230469,593.8554077148438,449.16949462890625,864.9217529296875,478.7499694824219,598.1629028320312,459.77886962890625,866.669677734375,683.7372436523438,643.191162109375,659.2099609375,928.5477294921875,707.0280151367188,650.2074584960938,684.1964721679688,923.6446533203125,730.6022338867188,656.162109375,705.4095458984375,914.3468627929688,713.3849487304688,662.9269409179688,685.0072631835938,879.20361328125,704.9950561523438,623.8616943359375,681.711669921875,891.9434204101562,694.3436889648438,603.8681640625,674.857666015625,874.1383056640625,719.2943115234375,600.0763549804688,694.3060302734375,876.0767211914062,337.0947570800781,567.4140625,319.85223388671875,880.7813110351562,531.6295776367188,607.2266235351562,511.4178161621094,868.4154052734375,584.9122924804688,612.0516357421875,568.1558227539062,868.0903930664062,641.3317260742188,607.4529418945312,622.2095947265625,870.9588623046875,796.1973266601562,600.2650756835938,752.8834228515625,883.7777099609375,913.1598510742188,600.1507568359375,823.1007690429688,892.6504516601562,991.6964111328125,599.785888671875,902.1338500976562,896.2005615234375,1089.4681396484375,600.6302490234375,952.2964477539062,897.7382202148438,1149.145751953125,606.055908203125,1094.80859375,908.116455078125,1201.5682373046875,621.7356567382812,1183.8497314453125,864.1292114257812
415.18212890625,690.2088012695312,382.1580505371094,906.4164428710938,420.362060546875,676.0648193359375,386.9071350097656,895.5574951171875,434.84906005859375,665.3826293945312,399.5928955078125,890.1305541992188,466.3266906738281,649.3789672851562,434.6532897949219,871.5371704101562,468.4715576171875,620.7232666015625,445.4625549316406,887.8798217773438,466.7422790527344,594.09619140625,448.12945556640625,864.90771484375,478.18316650390625,598.4053955078125,458.4674072265625,866.610595703125,684.2205200195312,642.7716674804688,659.421875,928.4793701171875,707.181640625,650.5034790039062,684.2677612304688,923.7388305664062,730.5772094726562,656.3515014648438,705.7010498046875,914.1307373046875,713.6646118164062,663.6876831054688,685.211181640625,879.4591674804688,704.3223876953125,624.9485473632812,681.8676147460938,892.3850708007812,694.1870727539062,604.6494140625,673.701416015625,874.1442260742188,719.2354736328125,600.7844848632812,693.1556396484375,876.0986938476562,336.58160400390625,567.1353759765625,320.1121826171875,880.5949096679688,531.2843627929688,607.6537475585938,510.2201843261719,868.7177124023438,584.3925170898438,613.3447875976562,566.7805786132812,868.3464965820312,640.9085083007812,608.6935424804688,621.2174682617188,871.1725463867188,796.2935791015625,600.722412109375,752.0628662109375,883.678955078125,910.7575073242188,600.5205688476562,822.4089965820312,892.8472290039062,989.5422973632812,600.0210571289062,901.41748046875,896.45263671875,1090.3084716796875,600.3322143554688,950.6857299804688,897.9390869140625,1148.74755859375,606.2471313476562,1094.4022216796875,908.321533203125,1200.8153076171875,622.2142333984375,1183.316650390625,864.3423461914062
407.2900390625,686.58740234375,376.86895751953125,904.5616455078125,415.7887878417969,672.4473876953125,384.230712890625,895.465576171875,431.10528564453125,664.134765625,398.00750732421875,889.51806640625,464.1964111328125,651.9301147460938,432.2569885253906,872.7255859375,467.5888671875,620.9896240234375,443.9129638671875,887.6049194335938,466.2626037597656,594.2042236328125,447.6061706542969,864.868896484375,477.8383483886719,598.5647583007812,458.3284912109375,866.5245971679688,684.3822631835938,642.4644775390625,659.3923950195312,928.4598388671875,707.3988647460938,650.7128295898438,684.3590698242188,923.8460083007812,730.681640625,656.3322143554688,705.6990356445312,914.4530639648438,713.7880249023438,664.0810546875,685.9199829101562,879.7322387695312,703.9437255859375,625.4843139648438,681.3151245117188,892.5789184570312,693.7244873046875,605.2371215820312,672.8235473632812,874.101318359375,718.9331665039062,601.0721435546875,692.017333984375,876.1326293945312,336.23870849609375,566.87939453125,319.7122497558594,880.7329711914062,530.6295166015625,607.6842651367188,509.40509033203125,868.8944702148438,583.5090942382812,613.8545532226562,566.1300659179688,868.5178833007812,639.8143310546875,610.1049194335938,620.271484375,871.2381591796875,795.783203125,600.7360229492188,750.9365844726562,883.7584838867188,912.0604858398438,600.9840087890625,821.7564697265625,892.9172973632812,990.1630859375,600.1981201171875,901.3366088867188,896.38427734375,1088.8155517578125,600.389404296875,950.3311157226562,898.144287109375,1147.8243408203125,606.1692504882812,1093.1796875,908.5018920898438,1199.918212890625,622.1235961914062,1181.6375732421875,864.150146484375
398.49835205078125,681.9345092773438,369.8626403808594,900.7908935546875,412.8434143066406,670.0547485351562,383.09722900390625,894.5972290039062,426.5135498046875,662.8482666015625,396.95379638671875,887.9697875976562,460.387451171875,654.604248046875,430.5832214355469,872.1354370117188,467.0722351074219,621.4869995117188,443.0069580078125,887.6278076171875,465.93463134765625,594.455078125,448.79095458984375,864.9157104492188,477.67083740234375,598.8768310546875,459.5548400878906,866.603515625,684.6546020507812,642.7268676757812,659.3397216796875,928.5027465820312,707.54345703125,651.1634521484375,684.326171875,923.96630859375,730.80712890625,656.3218994140625,705.7989501953125,914.655517578125,713.80419921875,664.1585083007812,685.718017578125,879.5528564453125,703.7145385742188,625.876953125,681.0676879882812,892.5989990234375,693.5177001953125,605.441650390625,672.2632446289062,874.1438598632812,718.6229248046875,602.122314453125,691.49755859375,876.0617065429688,335.6361389160156,567.6790771484375,319.2532043457031,881.1061401367188,530.3942260742188,607.7660522460938,510.0621337890625,868.9827880859375,583.5353393554688,614.1341552734375,566.2537841796875,868.5018920898438,639.746826171875,610.6248168945312,620.5429077148438,871.2237548828125,795.9276733398438,601.108642578125,749.2147216796875,884.2005615234375,906.4821166992188,601.1817016601562,818.9378662109375,892.333740234375,989.87744140625,600.64697265625,900.0784912109375,896.2615966796875,1088.5546875,600.5702514648438,950.9639892578125,898.2369384765625,1147.318359375,606.1689453125,1093.2872314453125,908.5315551757812,1199.811767578125,621.9853515625,1181.2796630859375,863.9633178710938
393.3511962890625,675.8927612304688,366.0602722167969,900.9940795898438,408.6711120605469,666.5286254882812,381.499755859375,891.9969482421875,424.3940124511719,661.0040283203125,395.7936096191406,886.1570434570312,458.1800537109375,654.7464599609375,428.56304931640625,872.125732421875,466.7298278808594,621.5250854492188,442.13409423828125,888.63916015625,465.7673034667969,594.4920043945312,448.6024169921875,864.661865234375,477.5852355957031,598.9007568359375,459.1673889160156,866.4934692382812,684.669677734375,642.8648681640625,659.282470703125,928.57568359375,707.5942993164062,651.30810546875,684.3577880859375,923.9638061523438,730.8477783203125,656.2117309570312,705.7046508789062,915.0424194335938,713.7742309570312,664.22802734375,686.1041870117188,879.3963623046875,703.6188354492188,626.0173950195312,680.9478759765625,892.3619384765625,693.3494262695312,605.4830322265625,671.6174926757812,873.8147583007812,718.3840942382812,602.2485961914062,690.7279663085938,875.7046508789062,335.3960266113281,568.6652221679688,318.542724609375,881.40283203125,530.484619140625,607.8220825195312,509.5948181152344,868.9315795898438,583.4827270507812,614.302001953125,565.6673583984375,868.351318359375,639.56787109375,610.7633666992188,620.2474975585938,871.0077514648438,795.7346801757812,600.9114379882812,749.656005859375,884.1934814453125,911.9451293945312,602.2211303710938,820.110107421875,892.5136108398438,990.7070922851562,601.8487548828125,900.6497192382812,896.1840209960938,1088.3370361328125,600.5792846679688,951.3125610351562,898.27294921875,1146.953857421875,605.9605712890625,1093.051025390625,908.5880737304688,1199.926513671875,621.5579223632812,1181.390625,864.4542236328125
389.3908386230469,672.2675170898438,359.7469177246094,899.4819946289062,405.8861389160156,663.729248046875,376.9849853515625,890.8873901367188,422.1347961425781,660.4614868164062,392.8646545410156,884.8129272460938,457.0441589355469,655.8663330078125,428.5994873046875,873.5831909179688,466.4705505371094,621.7261352539062,441.9428405761719,888.8828735351562,465.4465637207031,594.5315551757812,448.3300476074219,864.6251220703125,477.375732421875,598.9696655273438,458.92901611328125,866.4716186523438,684.7371826171875,642.966796875,659.0918579101562,928.5256958007812,707.6296997070312,651.3521118164062,684.3893432617188,924.052001953125,730.8698120117188,656.2607421875,705.7838134765625,915.6651000976562,713.7518920898438,664.2526245117188,687.8328857421875,878.879638671875,703.3711547851562,626.0338745117188,680.9581909179688,891.7969360351562,692.770263671875,605.5409545898438,671.1948852539062,873.6626586914062,717.83837890625,602.3963623046875,690.1549072265625,875.4186401367188,334.6815490722656,570.2125244140625,317.8573303222656,881.728271484375,530.3662109375,607.7175903320312,509.1173400878906,868.9216918945312,583.4080200195312,614.3323364257812,565.2020263671875,868.1566772460938,639.3976440429688,610.8997802734375,619.99609375,870.720458984375,795.369873046875,601.002197265625,750.76025390625,883.1844482421875,911.6697387695312,602.5979614257812,821.9652099609375,892.75,991.1107177734375,602.0742797851562,901.2999267578125,896.1597290039062,1088.3155517578125,600.594970703125,952.342041015625,898.16650390625,1146.5440673828125,605.8566284179688,1093.3076171875,908.5961303710938,1199.944091796875,621.111572265625,1181.3082275390625,864.6287841796875
385.4198913574219,668.5183715820312,357.02862548828125,896.6663818359375,403.4597473144531,662.0032958984375,373.97369384765625,890.6561279296875,420.0679016113281,659.2470092773438,390.1324768066406,885.48388671875,455.07220458984375,656.1543579101562,425.002685546875,874.3228759765625,465.97344970703125,622.0972900390625,442.4479064941406,889.5230712890625,465.2113342285156,594.7008666992188,450.1524963378906,864.4878540039062,477.2057800292969,599.117919921875,460.31378173828125,866.6731567382812,684.5389404296875,642.9359130859375,658.9285888671875,928.6674194335938,707.61767578125,651.3441772460938,684.395263671875,924.0416870117188,730.9479370117188,656.1198120117188,705.6448364257812,915.9180297851562,713.9239501953125,664.1845092773438,688.1653442382812,878.7281494140625,702.9349365234375,626.2135009765625,681.599365234375,891.6412963867188,692.0260620117188,605.4141235351562,671.787109375,873.56884765625,716.990234375,602.4230346679688,690.1857299804688,875.2034912109375,334.12322998046875,571.4240112304688,317.0600891113281,882.1153564453125,530.133544921875,607.5689697265625,510.4371337890625,868.6720581054688,583.4395751953125,613.5309448242188,566.243408203125,868.0637817382812,639.1522216796875,610.9274291992188,620.0964965820312,870.481201171875,794.4711303710938,600.8442993164062,749.2111206054688,883.8518676757812,913.178955078125,602.5787353515625,821.4677124023438,892.6442260742188,990.4830932617188,602.4766235351562,900.1344604492188,896.31689453125,1088.0137939453125,600.7101440429688,951.197998046875,898.3342895507812,1146.643310546875,605.6806640625,1092.0914306640625,908.2598266601562,1199.69189453125,620.44677734375,1181.0418701171875,864.4812622070312
382.9895935058594,665.781494140625,355.1627197265625,894.3784790039062,401.3695068359375,659.922119140625,372.1455383300781,887.652099609375,418.3078308105469,657.2022094726562,389.01837158203125,884.8468627929688,453.5031433105469,655.8629150390625,424.3102111816406,873.715087890625,465.5411682128906,622.083251953125,441.6104431152344,889.2975463867188,465.0443115234375,594.6798706054688,448.5806579589844,864.3078002929688,476.9594421386719,599.0632934570312,458.6376037597656,866.3185424804688,684.4715576171875,643.0865478515625,658.8334350585938,928.7310791015625,707.6033325195312,651.29931640625,684.3748168945312,924.1171264648438,730.9541625976562,656.1682739257812,705.7791748046875,915.8975219726562,713.8961181640625,664.139892578125,687.6824340820312,878.2495727539062,702.8663940429688,626.0817260742188,681.2890625,891.28466796875,691.5430297851562,605.3538818359375,671.7860717773438,872.9270629882812,716.7085571289062,602.4567260742188,689.6098022460938,874.897216796875,334.11993408203125,572.6613159179688,316.21923828125,882.6387939453125,529.857421875,607.492431640625,509.5083923339844,868.481689453125,583.223876953125,613.4444580078125,565.6904907226562,867.7256469726562,638.7858276367188,611.0709228515625,619.54638671875,870.1365966796875,794.01806640625,600.6802368164062,749.2410278320312,883.7825927734375,912.9257202148438,602.7271728515625,821.3203125,892.5281982421875,990.7175903320312,602.9487915039062,899.9473266601562,896.1444702148438,1086.6748046875,600.5779418945312,951.7764282226562,898.45703125,1145.5592041015625,605.3609008789062,1092.6793212890625,908.4854736328125,1199.3724365234375,619.8492431640625,1180.629150390625,864.0233764648438
379.4197082519531,661.7352294921875,352.6766357421875,893.11279296875,398.6474609375,657.945556640625,370.1002502441406,887.10888671875,415.0444641113281,655.967041015625,386.7903747558594,884.8782348632812,451.34515380859375,655.940673828125,422.55572509765625,874.06787109375,465.0021667480469,622.3164672851562,441.1666259765625,889.3448486328125,464.6779479980469,594.8062744140625,449.0523681640625,864.0382690429688,476.61175537109375,599.1633911132812,459.1708984375,866.2781372070312,684.541259765625,643.5302124023438,658.5513916015625,928.6934814453125,707.6153564453125,651.4869384765625,684.3235473632812,924.1771850585938,731.0151977539062,656.2674560546875,705.7774047851562,916.0068969726562,713.9297485351562,663.8466186523438,688.447265625,878.2863159179688,702.5657348632812,626.2324829101562,681.41796875,891.1553955078125,690.9609985351562,605.2401733398438,671.85595703125,872.5272827148438,716.231689453125,602.8637084960938,689.5765380859375,874.5448608398438,332.8693542480469,574.3460693359375,315.2221374511719,883.2484741210938,529.4363403320312,607.2994995117188,509.5060729980469,868.0484619140625,582.7317504882812,613.2766723632812,565.7409057617188,867.4515380859375,638.3515625,611.052001953125,619.8714599609375,869.8063354492188,791.9280395507812,600.4594116210938,749.0172119140625,883.4115600585938,907.2944946289062,603.0109252929688,820.66845703125,892.489013671875,989.8092041015625,603.2764282226562,899.369140625,896.301513671875,1086.99072265625,600.641357421875,951.5509033203125,898.5501708984375,1145.384033203125,605.1514892578125,1092.6630859375,908.3693237304688,1198.781982421875,619.475341796875,1180.3203125,863.9722900390625
377.5650634765625,658.144287109375,351.0978698730469,892.126953125,395.8923645019531,655.7154541015625,368.50616455078125,886.5188598632812,413.47467041015625,656.0430908203125,384.8606262207031,884.5878295898438,449.652099609375,655.9829711914062,421.22021484375,873.9801635742188,464.60137939453125,622.4531860351562,440.19287109375,888.9586181640625,464.56549072265625,595.20361328125,447.6978759765625,863.8267822265625,476.4765625,599.4610595703125,457.8141784667969,865.8506469726562,684.6430053710938,643.8443603515625,658.5216064453125,928.7537231445312,707.62939453125,651.5927734375,684.4131469726562,924.3056640625,731.0320434570312,656.1603393554688,705.9949951171875,916.1473388671875,713.8563232421875,663.44091796875,688.662841796875,878.2510375976562,701.9577026367188,626.1765747070312,680.9496459960938,890.7410888671875,690.2991943359375,605.0203247070312,671.3984985351562,872.613037109375,715.2653198242188,602.4349975585938,689.29833984375,874.1924438476562,331.838134765625,575.247314453125,314.35260009765625,883.6876831054688,528.943115234375,607.1917724609375,507.7906799316406,867.6610107421875,582.228759765625,612.7181396484375,564.6678466796875,867.0157470703125,637.5646362304688,610.7371215820312,619.3491821289062,869.5491333007812,790.2964477539062,600.3922729492188,749.7803955078125,883.29052734375,906.6517944335938,602.9537963867188,822.3699340820312,892.5618286132812,988.427490234375,603.5578002929688,900.4979248046875,896.394775390625,1086.7850341796875,600.7214965820312,951.5361328125,898.4852294921875,1145.2000732421875,604.9595947265625,1092.7960205078125,908.31396484375,1198.428466796875,618.8104248046875,1179.8475341796875,863.9136352539062
375.34149169921875,655.592041015625,348.6970520019531,892.7128295898438,393.6566467285156,654.9984741210938,367.5931701660156,888.5169067382812,411.7665710449219,655.7032470703125,383.72369384765625,886.242919921875,448.0197448730469,656.5245971679688,418.59075927734375,874.1465454101562,464.3073425292969,623.1173706054688,439.31829833984375,888.526123046875,463.985107421875,595.2402954101562,447.3079528808594,864.6627197265625,475.9734191894531,599.4384155273438,457.4371337890625,866.0623168945312,684.60205078125,643.9271850585938,658.48291015625,928.7484130859375,707.5941162109375,651.630615234375,684.4425659179688,924.4230346679688,731.0858764648438,656.1364135742188,706.0909423828125,916.2785034179688,713.8287353515625,663.3037719726562,688.8334350585938,878.3364868164062,702.1925659179688,626.5763549804688,680.7053833007812,890.2949829101562,689.8693237304688,604.6768798828125,671.12841796875,872.309814453125,714.2537841796875,602.1878662109375,689.3153686523438,873.7499389648438,331.4967346191406,576.8792114257812,313.5826416015625,884.2042846679688,528.1380615234375,607.1287841796875,506.97589111328125,867.33251953125,581.5964965820312,612.6567993164062,563.884521484375,866.5601196289062,637.2327880859375,610.748779296875,618.9475708007812,868.8682861328125,789.8984985351562,600.1052856445312,748.9771728515625,883.1473999023438,906.8323364257812,602.9319458007812,821.593505859375,892.3458862304688,989.1315307617188,603.4613647460938,900.4139404296875,896.2564086914062,1081.7159423828125,600.6096801757812,951.3886108398438,898.5179443359375,1144.5635986328125,604.275634765625,1091.74169921875,908.41064453125,1197.8760986328125,618.4842529296875,1179.5609130859375,864.0470581054688
372.74542236328125,653.6880493164062,346.7923889160156,892.147705078125,391.7745361328125,654.50439453125,366.1705627441406,888.470703125,409.9815979003906,655.5135498046875,382.0816650390625,887.104248046875,445.1477966308594,657.356201171875,415.8197937011719,875.4803466796875,463.5536804199219,623.4246215820312,437.89581298828125,888.6253051757812,462.95635986328125,595.6787109375,446.8018493652344,864.2996826171875,475.0673828125,599.6087036132812,457.13055419921875,865.7904663085938,684.9490356445312,644.1893310546875,658.39111328125,928.64111328125,707.5687866210938,651.7057495117188,684.4249267578125,924.234375,731.1678466796875,656.4090576171875,706.0977172851562,916.2608642578125,713.550537109375,663.0416870117188,688.849853515625,878.3456420898438,701.31494140625,626.7537231445312,679.9017333984375,890.1203002929688,688.6085815429688,604.6611328125,670.6697387695312,872.0150756835938,712.1028442382812,601.9376220703125,688.9240112304688,873.5360107421875,330.6043701171875,578.7776489257812,312.47894287109375,884.7149658203125,527.2513427734375,607.7313232421875,506.7884216308594,866.7957763671875,580.64306640625,612.5458374023438,563.3116455078125,865.982666015625,636.24658203125,610.7427978515625,617.9237060546875,868.4994506835938,788.9520874023438,599.7847290039062,747.4776000976562,882.8876342773438,905.881103515625,602.8175659179688,818.7047119140625,891.7750854492188,989.8103637695312,603.3616333007812,899.8192749023438,896.3939208984375,1080.5345458984375,600.6452026367188,951.9686889648438,898.5428466796875,1143.923095703125,604.2076416015625,1092.1910400390625,908.5026245117188,1196.7603759765625,618.4566040039062,1179.144287109375,864.1010131835938
370.3218078613281,651.4193115234375,344.29547119140625,891.7084350585938,390.09765625,654.8731079101562,364.7215881347656,888.0504150390625,407.9531555175781,654.2384033203125,380.2962951660156,887.392333984375,442.6333923339844,657.5595703125,414.8385925292969,876.9224853515625,462.7846984863281,623.728759765625,436.68426513671875,888.6834106445312,462.232666015625,596.4183349609375,446.4220886230469,864.2907104492188,474.4143981933594,600.0645141601562,456.5103454589844,865.7891845703125,684.9946899414062,643.878173828125,658.134033203125,928.6080322265625,707.456787109375,651.7376098632812,684.3294067382812,924.2735595703125,731.224365234375,656.2593994140625,706.1351928710938,916.2423095703125,713.332275390625,662.8197021484375,688.560791015625,878.241455078125,700.297607421875,626.704345703125,679.70654296875,889.98583984375,687.7467041015625,604.3816528320312,670.5872192382812,871.69970703125,710.6399536132812,601.704833984375,688.9525146484375,873.417236328125,329.8800964355469,579.9559936523438,311.5197448730469,885.0283813476562,526.691650390625,608.0357055664062,506.3467712402344,866.58251953125,579.7607421875,612.6402587890625,562.8406372070312,865.3185424804688,635.0970458984375,610.546142578125,617.6091918945312,868.18603515625,790.6923217773438,599.243408203125,747.9974975585938,882.7068481445312,903.830810546875,602.6934204101562,819.8724365234375,891.8925170898438,983.3652954101562,602.945068359375,899.7141723632812,896.3167114257812,1080.718017578125,600.7079467773438,951.4747924804688,898.5929565429688,1142.6900634765625,604.249755859375,1091.3800048828125,908.2713012695312,1195.5802001953125,618.3976440429688,1178.1571044921875,864.1636962890625
367.7330017089844,650.2088623046875,342.3690185546875,891.1073608398438,387.9856872558594,653.6630859375,362.2154846191406,886.5908203125,406.53326416015625,653.5614013671875,378.5625915527344,887.490234375,441.5350646972656,657.7806396484375,413.46942138671875,877.5156860351562,461.734375,623.86572265625,434.32781982421875,888.3861694335938,461.3328552246094,596.4116821289062,442.4080810546875,863.7526245117188,473.6536560058594,600.05517578125,453.4799499511719,865.4690551757812,685.0087280273438,643.6741943359375,658.1165161132812,928.5382080078125,707.267578125,651.592529296875,684.0537719726562,924.1259765625,731.0902709960938,656.1564331054688,705.8914794921875,916.0436401367188,713.1002807617188,662.6473388671875,687.963134765625,877.839599609375,699.4080810546875,626.5151977539062,678.6539306640625,889.8070678710938,686.8411254882812,604.1851806640625,669.5419311523438,871.4799194335938,709.94384765625,601.4042358398438,688.1669921875,873.3641357421875,328.79998779296875,581.3533935546875,310.4859924316406,885.2069091796875,525.4549560546875,608.1528930664062,504.07623291015625,866.3529052734375,578.6646118164062,612.9625854492188,560.8779907226562,865.2301025390625,633.6915283203125,610.9382934570312,616.5488891601562,867.7608032226562,791.4248657226562,599.3305053710938,748.1409301757812,882.6754760742188,899.2587280273438,602.05615234375,820.8427124023438,892.0326538085938,977.5477905273438,602.8538818359375,899.7923583984375,896.4791870117188,1080.2388916015625,600.693603515625,951.5072021484375,898.5036010742188,1142.2652587890625,604.4404907226562,1097.224365234375,908.7627563476562,1194.7640380859375,618.53271484375,1177.4990234375,864.0685424804688
365.85491943359375,648.0637817382812,341.851318359375,889.2520751953125,385.84259033203125,652.640380859375,359.9407043457031,887.3636474609375,404.3702697753906,652.9310302734375,376.08233642578125,887.2959594726562,439.5995788574219,657.4154663085938,411.1976318359375,877.8175048828125,460.652099609375,623.7620239257812,432.904052734375,888.449951171875,461.6029968261719,596.5307006835938,441.42529296875,863.84326171875,473.0915832519531,599.7296142578125,452.453125,865.3551025390625,684.9698486328125,643.6312255859375,657.9027709960938,928.4606323242188,707.2256469726562,651.565185546875,684.001220703125,924.2885131835938,731.290771484375,656.0376586914062,705.9059448242188,916.0327758789062,712.9024047851562,662.4500122070312,687.8243408203125,878.7650146484375,699.7730712890625,626.7888793945312,677.08544921875,889.7836303710938,686.9298095703125,603.7269287109375,667.6689453125,871.2422485351562,709.4977416992188,601.1978759765625,686.6287841796875,873.1721801757812,327.9935302734375,582.806396484375,309.54010009765625,885.6898193359375,524.6075439453125,608.257080078125,503.0882263183594,866.3677368164062,577.7386474609375,613.1887817382812,558.966552734375,865.8538208007812,632.703369140625,611.2903442382812,614.5993041992188,866.7244262695312,787.7495727539062,599.2648315429688,746.7015380859375,882.484375,899.240478515625,601.9273071289062,821.8734741210938,892.28759765625,976.6739501953125,602.8220825195312,899.6599731445312,896.5466918945312,1080.178955078125,600.7716064453125,950.9777221679688,898.4827270507812,1141.6241455078125,604.6193237304688,1097.407470703125,908.8347778320312,1194.0841064453125,618.8284912109375,1176.6080322265625,863.8362426757812
364.85491943359375,645.8543090820312,339.6773376464844,888.6160278320312,383.2771301269531,652.0639038085938,358.3726501464844,889.3548583984375,401.6544494628906,652.5247802734375,374.1985778808594,887.9152221679688,437.76177978515625,657.2824096679688,409.31866455078125,880.3478393554688,459.5442810058594,623.715576171875,431.5700378417969,888.706298828125,460.4662780761719,596.8143310546875,441.5206298828125,864.1456909179688,472.2181091308594,599.9226684570312,452.3397521972656,865.5851440429688,685.22998046875,643.7486572265625,658.2325439453125,928.6026000976562,707.4019775390625,651.4159545898438,684.0558471679688,924.1253051757812,731.4574584960938,655.9297485351562,705.6830444335938,915.7105102539062,712.7501220703125,662.3795776367188,687.1453857421875,878.2048950195312,698.879150390625,626.828857421875,676.2431030273438,889.477294921875,685.7600708007812,603.93896484375,667.0011596679688,871.0213623046875,708.0773315429688,601.0670776367188,685.6781616210938,873.2216186523438,327.0765380859375,584.11865234375,308.405517578125,886.109619140625,523.40625,608.2325439453125,503.0470886230469,866.5035400390625,576.652587890625,613.3186645507812,558.7945556640625,865.5491333007812,633.0570678710938,610.60498046875,614.0762329101562,866.4039916992188,786.3758544921875,598.7673950195312,746.6791381835938,881.9246215820312,899.2443237304688,601.9468383789062,822.6614990234375,892.0657958984375,975.7388305664062,602.923095703125,900.2896118164062,896.69921875,1079.690185546875,600.8220825195312,930.1603393554688,898.103271484375,1140.836181640625,604.9548950195312,1096.530517578125,908.9678955078125,1193.3099365234375,618.7782592773438,1175.9656982421875,864.0414428710938
362.20245361328125,645.4479370117188,338.30120849609375,888.8915405273438,382.0541687011719,652.159912109375,356.7735290527344,890.5673217773438,399.9960632324219,652.5751342773438,372.26837158203125,889.6007690429688,435.4917297363281,657.2830810546875,407.4132080078125,882.3843383789062,458.6864929199219,623.9009399414062,432.79718017578125,888.2914428710938,459.8298645019531,597.1571655273438,442.61761474609375,864.1959228515625,471.4878845214844,600.5601806640625,453.55078125,865.9024658203125,685.498046875,644.1656494140625,658.2108764648438,928.46630859375,707.6185302734375,651.5734252929688,684.2604370117188,923.8140869140625,731.4052734375,656.0482788085938,705.6407470703125,915.1430053710938,712.31298828125,662.3004150390625,685.5191040039062,878.3240966796875,697.6561279296875,626.9605102539062,674.4126586914062,888.9313354492188,684.1281127929688,604.264404296875,664.8809814453125,870.5545043945312,706.49560546875,601.41259765625,684.60302734375,872.4340209960938,326.1749572753906,584.5996704101562,307.410400390625,886.403564453125,522.7445678710938,608.0062866210938,503.001708984375,866.6647338867188,575.9436645507812,614.5050659179688,557.9567260742188,865.4501953125,632.0018920898438,611.1049194335938,612.364013671875,866.3076171875,781.8384399414062,598.5070190429688,746.0687866210938,881.028564453125,900.0158081054688,601.9689331054688,822.5352172851562,891.9447021484375,975.3729248046875,602.8204345703125,900.09375,896.55419921875,1078.6519775390625,600.9376220703125,949.2330932617188,898.5484008789062,1138.3599853515625,605.1858520507812,1097.07275390625,908.9119873046875,1192.1951904296875,618.8387451171875,1174.9451904296875,864.3604125976562
360.0427551269531,644.5274047851562,335.8901672363281,891.7233276367188,379.9283752441406,651.2445678710938,353.89239501953125,892.7139282226562,397.6611328125,652.041015625,368.8198547363281,891.7139892578125,433.7958984375,656.9168701171875,404.76611328125,884.27978515625,457.4697265625,623.753173828125,431.2895812988281,888.8966674804688,459.08453369140625,597.1962280273438,441.4693908691406,864.3328247070312,470.6875915527344,600.586181640625,451.95587158203125,865.9857177734375,685.5093383789062,644.5352172851562,658.0748291015625,928.6061401367188,707.9600219726562,651.8582763671875,684.2288208007812,923.5875244140625,731.3770141601562,656.120361328125,705.6453247070312,914.677978515625,711.8908081054688,662.5736083984375,685.0269165039062,878.1235961914062,696.5892944335938,627.118408203125,674.0167236328125,888.5772705078125,682.544677734375,604.4276733398438,665.2300415039062,870.5357055664062,705.1817016601562,601.661376953125,685.7515869140625,872.0068359375,325.3739929199219,584.7469482421875,306.60260009765625,886.4640502929688,522.41552734375,608.083740234375,502.8956298828125,866.5311889648438,575.8087768554688,615.0806884765625,557.5838623046875,865.5935668945312,631.441650390625,611.4945068359375,613.0226440429688,866.3154296875,779.2825317382812,598.1066284179688,752.140380859375,880.90771484375,843.9396362304688,600.2885131835938,835.0728759765625,893.155517578125,974.5855102539062,602.9306640625,905.8457641601562,897.6077880859375,1078.5328369140625,600.9070434570312,948.4063110351562,898.3958129882812,1138.0025634765625,605.5196533203125,1097.740478515625,908.9390869140625,1191.443359375,619.5693359375,1174.21728515625,864.4694213867188
358.63287353515625,643.2783813476562,334.31134033203125,895.4437255859375,378.0653991699219,650.0584106445312,353.91497802734375,895.4256591796875,395.13934326171875,651.4357299804688,367.150146484375,893.94580078125,431.7911376953125,656.1752319335938,403.65765380859375,886.1239013671875,455.9085388183594,623.3883666992188,431.13751220703125,889.8143310546875,458.35003662109375,596.8648681640625,440.24005126953125,864.4913330078125,469.9215393066406,600.3659057617188,450.9790954589844,866.1895141601562,685.3338012695312,644.9954223632812,658.0701904296875,928.5595703125,708.290283203125,652.1699829101562,684.109130859375,923.6658325195312,731.3695678710938,656.21484375,705.5155029296875,914.702880859375,711.6549682617188,662.3411254882812,684.7228393554688,877.6421508789062,695.2213134765625,627.5792846679688,673.5759887695312,888.2069091796875,681.111328125,604.6215209960938,664.4630126953125,870.8875732421875,704.6769409179688,601.7523193359375,684.9041748046875,872.2916259765625,324.4716491699219,585.0361328125,305.81207275390625,886.5673828125,521.3536376953125,608.276123046875,501.9896545410156,866.5831909179688,574.6185302734375,615.608642578125,556.7457275390625,865.5525512695312,630.3834838867188,612.1112670898438,612.6781005859375,866.3629150390625,775.81005859375,598.1744384765625,757.739990234375,882.302490234375,841.1526489257812,600.072265625,838.9179077148438,893.2661743164062,975.2009887695312,602.8895874023438,906.8134765625,897.6138916015625,1078.2957763671875,601.0753784179688,941.3602905273438,897.34375,1137.30322265625,605.73583984375,1098.312744140625,908.7430419921875,1191.0128173828125,620.1620483398438,1173.521484375,864.983642578125
357.13409423828125,642.4094848632812,331.56195068359375,896.4819946289062,375.8592224121094,649.18310546875,350.6664123535156,896.5968017578125,393.6316833496094,650.0614013671875,366.0062561035156,897.1201782226562,430.3207092285156,655.9849243164062,401.6744689941406,887.7452392578125,456.0133972167969,624.1032104492188,430.6072692871094,890.5751953125,457.16510009765625,596.5279541015625,439.8543395996094,864.6282348632812,468.7406005859375,600.1707763671875,450.7655944824219,866.373046875,685.1320190429688,645.9099731445312,657.8269653320312,928.4017333984375,708.314453125,652.5320434570312,683.79541015625,923.7116088867188,731.2761840820312,656.2491455078125,705.3738403320312,914.7662963867188,711.5687255859375,662.3236083984375,685.5504760742188,877.8284912109375,694.0428466796875,627.9892578125,673.6824340820312,887.5413818359375,679.6528930664062,604.7503662109375,664.4851684570312,870.7094116210938,703.5645751953125,602.2112426757812,684.86962890625,871.7850952148438,324.00628662109375,585.2022705078125,304.90679931640625,886.9530639648438,520.2906494140625,608.3143920898438,501.5653991699219,866.669189453125,573.1621704101562,615.9116821289062,556.338623046875,865.6317138671875,628.8052368164062,612.4515991210938,612.0000610351562,866.3193969726562,775.00048828125,597.9227294921875,758.85888671875,883.6940307617188,840.8305053710938,599.6575317382812,841.2677001953125,893.01123046875,915.1390380859375,601.720947265625,906.2415771484375,897.1885375976562,1073.733154296875,601.7776489257812,941.5964965820312,897.3228149414062,1137.31982421875,606.1217041015625,1097.91064453125,909.1005859375,1190.2593994140625,620.9038696289062,1172.989013671875,866.0029907226562
355.2719421386719,642.0624389648438,330.8970642089844,897.326416015625,374.7425231933594,648.7890014648438,350.9031677246094,899.1795043945312,392.6029968261719,649.5237426757812,365.8935546875,900.8272094726562,431.5523681640625,654.4478759765625,401.0580139160156,888.69189453125,453.2420959472656,623.6260375976562,430.25408935546875,892.153076171875,455.2748107910156,594.9359741210938,440.0089416503906,865.1477661132812,467.1749572753906,600.0791015625,450.77911376953125,866.9608764648438,684.2161254882812,646.6512451171875,657.6854858398438,928.5065307617188,709.0424194335938,652.0195922851562,683.5184326171875,923.9033203125,731.3777465820312,656.1159057617188,705.4208984375,914.9764404296875,711.033935546875,662.6898193359375,685.056640625,878.3566284179688,692.4700317382812,628.0140991210938,673.4249267578125,887.3104858398438,678.6514892578125,605.5568237304688,663.8298950195312,870.6866455078125,701.7537841796875,602.6043090820312,684.7088623046875,871.8012084960938,322.8726806640625,585.3193359375,303.8100891113281,887.6419067382812,518.5350952148438,608.5789794921875,501.5222473144531,866.8755493164062,571.6774291992188,616.2860107421875,556.2898559570312,865.7364501953125,626.8262939453125,612.752197265625,612.0750122070312,866.2366333007812,774.2440185546875,597.9368896484375,757.0003051757812,883.7078247070312,839.4795532226562,599.2486572265625,843.4647827148438,892.5712890625,915.7567138671875,601.607666015625,910.489013671875,896.5318603515625,1072.19775390625,602.1105346679688,936.8742065429688,897.546142578125,1134.7039794921875,606.2752685546875,1097.84619140625,909.2338256835938,1188.778564453125,621.5054321289062,1171.954345703125,866.9971923828125
354.0657958984375,641.5005493164062,329.3423767089844,900.884521484375,373.6239013671875,648.333740234375,349.2252502441406,902.59033203125,391.50262451171875,649.0484008789062,365.8835144042969,902.984619140625,427.45751953125,653.8768310546875,400.8161315917969,891.3313598632812,453.31005859375,624.0418701171875,429.2051086425781,892.726806640625,454.80328369140625,595.086181640625,439.747802734375,865.6806030273438,466.7655944824219,600.0671997070312,449.9726257324219,867.3805541992188,684.8907470703125,646.5322265625,657.4100341796875,928.6215209960938,709.5523071289062,652.0841674804688,683.062744140625,923.9103393554688,731.3423461914062,656.3630981445312,705.3285522460938,915.1808471679688,710.3953247070312,663.214599609375,684.8087768554688,877.291748046875,691.077392578125,628.7587280273438,672.6365966796875,886.553955078125,677.260498046875,606.70703125,662.6047973632812,870.2977294921875,700.2711791992188,602.8798828125,683.200927734375,871.2184448242188,321.58587646484375,584.939208984375,303.3291320800781,887.7686767578125,517.7515869140625,608.8282470703125,500.3586120605469,867.1409301757812,571.440185546875,616.8394775390625,555.2826538085938,865.948486328125,625.114501953125,613.4960327148438,611.3240966796875,866.24462890625,773.59130859375,597.8824462890625,753.1614990234375,882.5179443359375,838.4061889648438,599.1659545898438,837.8948974609375,891.8795776367188,914.7369995117188,601.5161743164062,903.346435546875,895.7116088867188,1072.31982421875,601.9915161132812,935.3744506835938,897.306396484375,1134.1951904296875,606.6397705078125,1098.58740234375,909.1362915039062,1187.82275390625,622.232666015625,1170.6424560546875,867.6126708984375
352.5758361816406,640.70263671875,327.6735534667969,904.1328735351562,372.0267028808594,647.5739135742188,346.6812438964844,905.7655639648438,390.2010192871094,647.9407348632812,364.10943603515625,905.12109375,426.1468811035156,653.1565551757812,399.76861572265625,894.1964721679688,450.8585510253906,623.8847045898438,427.6472473144531,893.5468139648438,453.8912048339844,595.0606689453125,439.33642578125,866.5222778320312,465.9691467285156,599.8843994140625,449.0858154296875,868.2396240234375,685.9424438476562,646.7774047851562,657.27001953125,928.7384643554688,710.1382446289062,652.319091796875,682.9853515625,923.9969482421875,731.2081298828125,656.6544189453125,705.0413208007812,915.5429077148438,709.8515625,663.4737548828125,684.86181640625,878.1511840820312,690.0999145507812,629.490234375,671.8568725585938,886.058349609375,675.4321899414062,608.037353515625,661.9603271484375,870.1094970703125,698.2678833007812,603.4672241210938,681.2527465820312,871.0208740234375,320.7610778808594,584.5558471679688,301.8986511230469,888.8594970703125,516.8154907226562,608.8362426757812,499.22607421875,867.6795654296875,570.2264404296875,617.5064086914062,554.3543701171875,866.0157470703125,623.6728515625,614.0847778320312,610.5665283203125,865.9625854492188,771.6575317382812,598.0752563476562,749.7128295898438,881.210205078125,837.3524780273438,599.355712890625,813.8148193359375,888.3479614257812,910.4683227539062,601.2492065429688,895.6744995117188,895.9069213867188,1072.3450927734375,602.1984252929688,1034.557861328125,902.9013061523438,1134.4031982421875,607.057373046875,1098.4869384765625,909.0531005859375,1186.53564453125,623.1368408203125,1169.2166748046875,867.443115234375
350.6143798828125,640.0357055664062,324.1752624511719,906.6063232421875,370.3984375,646.8270263671875,343.4836730957031,909.5530395507812,388.61175537109375,647.1473999023438,361.0445861816406,909.7026977539062,424.2762756347656,652.6591796875,397.5599670410156,895.9269409179688,449.0740051269531,624.0032958984375,425.973388671875,894.5635375976562,452.610595703125,595.00439453125,437.1717224121094,866.8779907226562,464.6754150390625,599.7462768554688,447.1693420410156,868.5726928710938,686.6441040039062,647.0699462890625,657.0501098632812,928.4137573242188,710.5245361328125,652.4978637695312,682.7588500976562,924.1410522460938,730.933837890625,656.5922241210938,704.8399047851562,915.7044677734375,709.0305786132812,663.0008544921875,685.1817626953125,878.9660034179688,688.7890625,629.807373046875,669.9075317382812,886.3766479492188,674.0451049804688,608.9176025390625,659.402587890625,870.0162353515625,697.0925903320312,604.279541015625,679.6682739257812,871.482421875,319.680419921875,583.746826171875,300.75189208984375,889.3748779296875,515.2816162109375,608.668212890625,496.55023193359375,868.0272216796875,568.5162353515625,618.163818359375,552.8178100585938,865.5736083984375,622.7366943359375,615.2462158203125,608.9315795898438,866.0530395507812,770.0870361328125,598.1890258789062,741.4599609375,880.6893920898438,836.052978515625,599.355224609375,809.45654296875,887.4532470703125,909.0105590820312,601.423583984375,894.8046264648438,895.628662109375,1071.8516845703125,602.4035034179688,936.543212890625,896.82177734375,1134.4622802734375,607.4370727539062,1077.7120361328125,908.5830688476562,1185.7567138671875,623.5936279296875,1167.9781494140625,867.6900024414062
349.568359375,638.8059692382812,318.9533996582031,910.2130126953125,368.8727722167969,645.9503173828125,338.9373779296875,913.8533935546875,387.21026611328125,646.7177734375,357.6573791503906,912.7544555664062,423.7738037109375,651.4729614257812,393.9247741699219,900.1513671875,448.5003356933594,623.5799560546875,426.0732116699219,894.9370727539062,451.71844482421875,594.7763061523438,433.62060546875,867.2601318359375,463.6358337402344,599.4810791015625,445.4638671875,869.0173950195312,686.6703491210938,646.7600708007812,657.095703125,928.446533203125,710.4013671875,652.011962890625,682.4379272460938,924.3150024414062,730.7859497070312,656.6022338867188,704.4028930664062,915.885009765625,708.015625,663.464599609375,684.3045043945312,880.2843017578125,687.6641845703125,630.466552734375,668.59228515625,886.4981689453125,672.6119995117188,609.84912109375,656.880615234375,869.6925659179688,695.4749145507812,605.210693359375,677.27587890625,871.2606811523438,318.6072998046875,582.7339477539062,299.2922668457031,890.3008422851562,514.0415649414062,608.5189819335938,494.6268615722656,867.9157104492188,566.5928955078125,618.2666625976562,550.343994140625,865.724609375,620.7562255859375,616.3257446289062,607.8984985351562,866.2756958007812,769.6908569335938,598.41357421875,738.841552734375,879.909912109375,834.7103271484375,599.40283203125,809.166748046875,887.2631225585938,908.147216796875,601.6669921875,895.0009155273438,895.2277221679688,1071.250244140625,602.673095703125,1034.026611328125,903.255615234375,1134.0589599609375,607.6624755859375,1099.008544921875,909.2459106445312,1184.283203125,624.0935668945312,1166.742431640625,868.2802734375
348.68756103515625,638.6385498046875,317.7259826660156,913.6900024414062,367.7548828125,645.33203125,338.2513732910156,916.0025634765625,385.8755187988281,646.2766723632812,357.6112976074219,914.8478393554688,423.11846923828125,650.5802001953125,393.8532409667969,901.5908813476562,446.6877746582031,622.4657592773438,424.3258056640625,896.0877075195312,450.14483642578125,594.3778686523438,432.1708679199219,867.6842041015625,462.39068603515625,599.3861083984375,443.4505920410156,869.2689208984375,687.6821899414062,646.8220825195312,656.8536376953125,928.3612670898438,710.9989624023438,652.1838989257812,681.2506103515625,924.9369506835938,730.6831665039062,656.5382690429688,704.060302734375,915.9983520507812,707.8087768554688,663.693603515625,683.9290771484375,881.5931396484375,686.73193359375,631.3350219726562,668.6616821289062,886.9246215820312,671.6491088867188,611.311767578125,656.1943359375,869.4047241210938,694.5269165039062,606.089111328125,676.739990234375,870.541748046875,318.0699157714844,582.1495361328125,298.5938720703125,891.449951171875,512.7503051757812,608.228271484375,493.5010986328125,868.5869140625,565.0291137695312,617.9385986328125,549.0235595703125,865.999755859375,619.6831665039062,616.903564453125,607.8099365234375,866.0248413085938,770.5183715820312,599.0015258789062,737.1027221679688,879.484375,835.1356811523438,599.8408203125,804.7349853515625,886.6456298828125,908.1280517578125,602.0198974609375,893.75048828125,894.929443359375,998.4509887695312,603.5043334960938,934.7310180664062,896.3875732421875,1133.70361328125,608.032470703125,1077.7916259765625,909.1570434570312,1182.9288330078125,624.411865234375,1165.345458984375,868.4957275390625
347.7413635253906,641.6026000976562,317.289306640625,918.0896606445312,367.2060852050781,647.0338134765625,339.2578430175781,918.8732299804688,385.3377685546875,647.3373413085938,358.8898010253906,917.8297729492188,422.2498474121094,650.814453125,394.579345703125,903.5189208984375,445.8876647949219,621.8901977539062,423.61663818359375,896.9961547851562,449.2124938964844,593.7105712890625,431.3542175292969,868.2916259765625,461.58831787109375,598.59716796875,442.6233215332031,869.9716796875,688.4968872070312,646.3751220703125,656.4496459960938,928.1475219726562,711.1998291015625,652.5150756835938,681.0662841796875,924.797607421875,730.599365234375,656.8179321289062,704.1217041015625,915.4525146484375,707.0925903320312,663.7658081054688,683.9024047851562,881.4848022460938,686.6915283203125,632.4405517578125,665.7542724609375,886.925537109375,670.3734741210938,611.2822265625,654.2901611328125,868.6873779296875,693.3746337890625,606.2158203125,673.300048828125,869.8173828125,316.93792724609375,580.9716186523438,297.6136169433594,892.7738647460938,511.6200866699219,608.5949096679688,492.79437255859375,868.8848876953125,563.8098754882812,618.434814453125,547.3856811523438,866.1824340820312,618.6278076171875,616.9456787109375,604.0392456054688,866.4912719726562,770.93701171875,599.3658447265625,734.44873046875,878.621826171875,833.2869873046875,599.8927001953125,801.739990234375,885.8213500976562,906.9549560546875,602.24169921875,891.583740234375,894.45166015625,995.819091796875,603.5609130859375,942.1748657226562,895.8287353515625,1132.6402587890625,608.1802368164062,1076.640625,909.4151611328125,1181.835205078125,624.4854125976562,1163.6593017578125,868.5165405273438
347.3427429199219,644.4815673828125,318.4425354003906,922.3486938476562,367.3331604003906,649.2201538085938,339.6409606933594,920.939697265625,385.3561096191406,648.3096923828125,358.448974609375,920.0235595703125,421.57135009765625,650.8390502929688,394.24920654296875,904.677490234375,444.99169921875,621.5999755859375,420.5840759277344,897.9805297851562,447.9407958984375,593.666259765625,430.4425048828125,868.9832763671875,460.203125,598.3825073242188,441.5583801269531,870.6902465820312,688.6356201171875,646.2308349609375,656.4884643554688,928.0291137695312,711.0028076171875,652.6150512695312,681.88720703125,924.1510620117188,730.488037109375,656.9912719726562,704.3450317382812,915.3616333007812,706.434814453125,663.805419921875,684.359130859375,881.8076782226562,685.1294555664062,633.03662109375,664.3034057617188,886.6561889648438,669.716064453125,611.8679809570312,651.4581909179688,867.9540405273438,691.5270385742188,606.5444946289062,671.3920288085938,869.9228515625,315.82647705078125,580.1630859375,296.7218933105469,894.18115234375,510.765380859375,608.7803344726562,491.9037780761719,869.3548583984375,562.3170776367188,618.8797607421875,545.3684692382812,867.0497436523438,616.7599487304688,617.6452026367188,600.9242553710938,865.871826171875,766.067138671875,599.579833984375,733.5328979492188,878.0224609375,831.728271484375,599.779296875,800.583740234375,885.2850341796875,905.6871337890625,602.5929565429688,871.3922729492188,891.3094482421875,1062.5565185546875,602.6373901367188,941.8184204101562,895.5873413085938,1129.8099365234375,607.9839477539062,1096.384521484375,909.7354736328125,1179.797119140625,624.3832397460938,1162.5885009765625,869.1168212890625
346.9482421875,644.970458984375,316.9302062988281,923.4732055664062,366.8221740722656,649.643798828125,338.2494812011719,921.7340698242188,385.07025146484375,648.7066040039062,356.8853454589844,920.5795288085938,420.60235595703125,651.00732421875,394.3368225097656,904.8121948242188,443.8554992675781,621.4381713867188,420.0985412597656,898.484375,446.4394836425781,593.5489501953125,430.4160461425781,869.6122436523438,458.50555419921875,598.1228637695312,441.40771484375,871.400634765625,688.62646484375,645.5479125976562,656.3338623046875,927.7797241210938,710.6813354492188,652.4556274414062,681.9244995117188,924.00341796875,730.2669677734375,657.0028076171875,704.1592407226562,914.9086303710938,704.9724731445312,663.4772338867188,683.1572265625,879.903564453125,684.1497802734375,632.214111328125,662.6439819335938,887.3023681640625,668.0900268554688,612.3510131835938,650.0303344726562,868.1510620117188,689.352294921875,607.06201171875,670.9300537109375,871.7015380859375,314.686767578125,579.5518188476562,295.5431823730469,895.495361328125,509.1042175292969,608.823486328125,491.5721740722656,869.7642822265625,560.8302001953125,618.8535766601562,545.0361328125,867.3673095703125,616.9371337890625,618.0716552734375,600.0339965820312,865.983642578125,761.8028564453125,599.0986938476562,731.5859985351562,877.1317749023438,827.3196411132812,599.8179931640625,799.3181762695312,884.7550659179688,904.0184936523438,602.7482299804688,871.2947387695312,891.2681274414062,992.0906372070312,604.224609375,942.3972778320312,895.7039184570312,1126.375244140625,607.4434814453125,1096.0897216796875,909.39306640625,1177.989013671875,624.4940795898438,1160.902099609375,869.1924438476562
346.6865539550781,645.4735107421875,318.2838134765625,923.1664428710938,366.4616394042969,650.0899047851562,338.8541564941406,922.0325317382812,385.16998291015625,649.1334228515625,357.08349609375,920.7247924804688,420.0059814453125,651.0763549804688,393.6348876953125,905.0718994140625,442.9765930175781,620.9465942382812,420.5262451171875,898.2642211914062,445.8715515136719,592.9242553710938,430.1560363769531,870.978271484375,457.5129089355469,597.4375610351562,439.6575927734375,871.795166015625,688.1744384765625,645.4931640625,656.2266235351562,927.4241943359375,710.8336791992188,652.4796142578125,681.8788452148438,924.156005859375,730.0023803710938,657.0892333984375,704.9056396484375,914.6085815429688,704.669677734375,663.68212890625,681.7283325195312,880.4024047851562,683.0610961914062,633.755859375,660.4874267578125,887.93505859375,666.7298583984375,613.0547485351562,647.9478759765625,868.612548828125,687.7635498046875,607.5491333007812,670.3899536132812,872.509521484375,313.9045715332031,579.0321044921875,294.20849609375,896.904052734375,508.1134948730469,608.8946533203125,489.79742431640625,870.1585693359375,559.8137817382812,619.2365112304688,542.0377807617188,867.9407958984375,615.6202392578125,618.8255004882812,597.5432739257812,865.9238891601562,760.2865600585938,599.2088623046875,729.9179077148438,876.4417114257812,827.0664672851562,600.0145263671875,798.09130859375,884.2197875976562,904.292236328125,603.00634765625,869.747314453125,890.7868041992188,992.7941284179688,604.3392944335938,941.43310546875,895.5025024414062,1124.9622802734375,607.5365600585938,1074.1673583984375,909.5984497070312,1176.4495849609375,624.48291015625,1159.557861328125,868.6985473632812
346.53448486328125,646.2053833007812,318.85369873046875,923.6484375,366.3193664550781,650.5474243164062,338.64569091796875,922.2839965820312,385.1554260253906,649.5222778320312,356.17718505859375,921.14599609375,419.1995544433594,651.5165405273438,391.8485107421875,905.3488159179688,441.32244873046875,620.5060424804688,417.4656066894531,898.7274169921875,445.75555419921875,592.5554809570312,428.34637451171875,871.4273071289062,456.1221008300781,596.8737182617188,439.2286682128906,872.2376098632812,688.2691650390625,646.2196044921875,656.2711791992188,927.41015625,710.8571166992188,652.6964111328125,682.5717163085938,924.17724609375,729.2233276367188,657.74072265625,704.7060546875,913.9970703125,704.0113525390625,663.2329711914062,680.1739501953125,880.4503784179688,681.3947143554688,634.2039184570312,657.7193603515625,887.3214111328125,664.677978515625,613.994384765625,644.7576293945312,868.48291015625,684.9741821289062,608.5643310546875,667.3479614257812,871.0419921875,313.04150390625,578.7192993164062,292.9405517578125,898.3831787109375,506.4776611328125,608.551513671875,487.9461975097656,870.282470703125,559.1453247070312,619.762451171875,539.449462890625,868.1831665039062,613.8499145507812,619.3359985351562,595.3564453125,866.0408935546875,758.674072265625,599.6738891601562,728.783447265625,875.875,824.8964233398438,599.9804077148438,796.2286376953125,884.060546875,903.4901123046875,603.2252197265625,869.0133056640625,890.5288696289062,991.526123046875,604.7482299804688,936.3340454101562,894.859375,1123.55224609375,607.7031860351562,1072.770751953125,909.5584106445312,1174.930908203125,624.7530517578125,1158.5205078125,869.4700927734375
346.4034423828125,646.4327392578125,317.50244140625,924.9202270507812,366.2135314941406,650.798828125,337.5714111328125,922.8856811523438,385.09686279296875,649.8125610351562,354.86090087890625,921.4742431640625,418.8470764160156,651.7258911132812,391.0824279785156,905.3795166015625,440.2792663574219,620.1588745117188,417.2138977050781,898.7598876953125,444.5321960449219,592.4829711914062,425.75823974609375,871.064208984375,454.75439453125,596.830810546875,438.02117919921875,872.4075317382812,687.9230346679688,647.0601196289062,655.6246948242188,927.3804931640625,710.696044921875,652.9401245117188,682.2029418945312,924.2699584960938,728.6544799804688,657.7488403320312,704.4951782226562,914.18017578125,703.6019287109375,662.9896240234375,679.900146484375,880.2478637695312,680.0271606445312,634.41455078125,656.4762573242188,887.2640380859375,662.7660522460938,614.090087890625,643.81884765625,869.03271484375,683.7665405273438,608.845947265625,664.211669921875,870.5696411132812,312.1536865234375,579.3898315429688,291.9777526855469,899.4130859375,505.24761962890625,608.3193359375,487.3697814941406,870.4865112304688,557.25927734375,619.3369140625,539.4441528320312,868.074951171875,612.3548583984375,619.4619140625,595.0236206054688,865.9057006835938,758.30419921875,599.8126831054688,724.962158203125,875.8550415039062,822.639892578125,599.8740234375,793.8372192382812,883.8515625,899.4248046875,602.9525756835938,887.5839233398438,892.5806274414062,988.6973876953125,604.7850341796875,986.806396484375,897.3781127929688,1123.3701171875,607.9896850585938,1070.701904296875,909.4679565429688,1174.000244140625,625.1524658203125,1157.5596923828125,869.916015625
346.45721435546875,646.59765625,314.1661682128906,926.359130859375,366.14239501953125,650.9007568359375,335.391845703125,923.5425415039062,385.06719970703125,649.9649658203125,352.71185302734375,921.7525634765625,418.3949890136719,651.9617309570312,389.71856689453125,904.7088623046875,439.4862060546875,619.8023681640625,416.6015625,898.9830932617188,443.8743896484375,592.1161499023438,425.65948486328125,871.2606811523438,454.1772155761719,596.4833984375,438.0390625,872.531005859375,687.86669921875,647.1265258789062,655.8948974609375,927.360107421875,710.6450805664062,652.9672241210938,682.330810546875,924.15087890625,728.4379272460938,657.7203979492188,704.3634033203125,913.9934692382812,702.0353393554688,662.9365234375,679.5968017578125,879.1943969726562,678.795654296875,634.6210327148438,655.7774047851562,886.871826171875,661.9056396484375,614.64892578125,643.3355102539062,868.5878295898438,682.77294921875,609.399658203125,662.818603515625,871.6489868164062,311.18231201171875,579.2777099609375,291.15814208984375,899.8914794921875,504.5558776855469,608.2852172851562,486.8744201660156,870.1087646484375,556.661865234375,619.6947631835938,539.2732543945312,867.8423461914062,611.8895874023438,619.892333984375,594.1530151367188,865.5885009765625,757.7310791015625,599.7113037109375,723.8119506835938,875.938232421875,820.7698974609375,599.5989379882812,793.4605102539062,883.8768920898438,897.5659790039062,603.1475219726562,888.0081176757812,892.498779296875,986.1409301757812,604.8609619140625,988.0930786132812,897.42626953125,1121.47900390625,608.01904296875,1068.8603515625,908.745361328125,1172.3814697265625,624.6316528320312,1155.73193359375,869.06201171875
346.4668273925781,646.83203125,313.77911376953125,926.3338623046875,366.09552001953125,651.0336303710938,334.9407653808594,923.7245483398438,384.2632141113281,650.1173095703125,352.08038330078125,921.669677734375,418.0215148925781,652.0618896484375,389.3744201660156,905.3983154296875,438.935546875,619.3758544921875,416.17572021484375,898.62646484375,442.6287536621094,591.6002807617188,425.5057678222656,871.162353515625,453.1242370605469,596.0336303710938,437.6505126953125,872.4656372070312,687.92626953125,646.9697875976562,656.9521484375,927.4638671875,710.7852783203125,653.0005493164062,682.8746337890625,924.316162109375,728.1329956054688,657.7616577148438,704.3031005859375,914.0589599609375,701.3860473632812,662.5507202148438,679.5853881835938,879.7628784179688,677.8926391601562,634.7490234375,654.3784790039062,886.0783081054688,661.075439453125,614.5156860351562,642.4776000976562,867.8605346679688,681.904541015625,609.2232055664062,661.0128173828125,870.33984375,310.2423095703125,579.01318359375,290.1795959472656,899.9016723632812,503.52215576171875,608.2516479492188,486.22125244140625,869.9522094726562,555.702392578125,619.920166015625,538.606201171875,867.56103515625,610.6492309570312,619.8524169921875,593.7857666015625,865.2573852539062,757.3250732421875,599.742431640625,722.0650024414062,875.7606811523438,820.657470703125,599.6516723632812,792.405029296875,883.7969970703125,897.5090942382812,603.0032348632812,868.43359375,890.5050659179688,986.59130859375,604.77783203125,1032.7315673828125,904.60302734375,1120.0692138671875,607.8300170898438,1065.8568115234375,908.9398803710938,1171.2332763671875,624.1593627929688,1154.012939453125,868.416259765625
346.41912841796875,646.8794555664062,313.9001770019531,926.7747192382812,366.63287353515625,650.95654296875,334.60906982421875,923.7594604492188,383.8807373046875,651.3223876953125,351.78033447265625,921.3689575195312,417.16815185546875,652.2772216796875,388.1676940917969,904.4022216796875,438.3482360839844,619.9318237304688,415.4479675292969,898.0121459960938,441.7445068359375,591.209228515625,424.4580383300781,870.7681274414062,452.3120422363281,595.719482421875,436.59600830078125,872.1427001953125,687.6763305664062,646.6539306640625,657.6260986328125,927.4349365234375,710.7778930664062,652.7930297851562,683.0720825195312,924.3139038085938,728.1410522460938,657.5833129882812,704.14892578125,913.9409790039062,701.368408203125,662.44140625,679.469970703125,879.7167358398438,676.9473266601562,635.0228881835938,654.416259765625,885.46826171875,660.1668701171875,614.716064453125,642.5302734375,867.3353271484375,680.60400390625,608.5845947265625,661.3795166015625,869.2137451171875,309.4175109863281,578.6109619140625,289.2695007324219,899.3728637695312,502.2376403808594,607.841064453125,485.6167297363281,869.8012084960938,554.8964233398438,619.9359130859375,538.8096923828125,867.0755004882812,609.158935546875,619.9848022460938,593.5611572265625,864.9553833007812,757.21826171875,599.4751586914062,722.006591796875,875.8118896484375,820.8464965820312,599.6303100585938,789.4519653320312,883.9082641601562,896.6921997070312,602.9007568359375,888.349365234375,892.5820922851562,986.6640625,604.755126953125,1038.93603515625,905.6614379882812,1118.7730712890625,607.87255859375,1066.462158203125,909.0955810546875,1170.1143798828125,624.0866088867188,1152.8035888671875,867.7198486328125
346.4498291015625,646.8522338867188,314.1667785644531,926.6384887695312,365.9251403808594,650.9898681640625,334.74578857421875,924.0670166015625,383.9749755859375,650.0598754882812,351.86065673828125,921.3374633789062,416.7893371582031,651.9956665039062,387.95599365234375,903.8239135742188,437.6488342285156,619.432373046875,414.4687194824219,897.3988647460938,439.36328125,589.75341796875,423.76123046875,870.2493896484375,451.28802490234375,594.9674682617188,435.87615966796875,871.6644287109375,687.9104614257812,646.3934936523438,657.802978515625,927.4872436523438,710.7529296875,652.751220703125,683.2022705078125,924.4496459960938,728.2119750976562,657.3443603515625,703.9249267578125,913.9589233398438,701.1927490234375,662.1937255859375,678.9046630859375,879.2664794921875,676.3789672851562,635.1483154296875,653.9777221679688,885.327880859375,659.6508178710938,614.825927734375,642.3350830078125,867.1399536132812,680.20361328125,608.43701171875,660.5859985351562,868.60986328125,308.4297790527344,578.2775268554688,288.59490966796875,898.9490356445312,501.3086853027344,607.5226440429688,485.6842956542969,869.3931884765625,553.9149780273438,619.9492797851562,538.9066162109375,866.45947265625,608.166015625,619.8027954101562,593.89453125,864.58740234375,755.5830688476562,599.012451171875,721.02490234375,875.8118896484375,821.1884155273438,599.5127563476562,788.4512939453125,883.8261108398438,895.8350830078125,602.7039184570312,887.7261352539062,892.8221435546875,984.6611938476562,604.5025024414062,1034.2333984375,905.0455322265625,1118.12451171875,607.859375,1065.6986083984375,909.3036499023438,1169.5672607421875,623.1940307617188,1151.7203369140625,866.9102172851562
346.38525390625,646.8897705078125,314.5838317871094,926.1724243164062,366.55517578125,650.7342529296875,334.8056335449219,924.3541870117188,383.8483581542969,650.0840454101562,351.9334411621094,921.4539794921875,416.2038879394531,652.0111083984375,388.0584716796875,903.1598510742188,436.40374755859375,618.7978515625,413.4850769042969,896.5177612304688,437.95013427734375,589.3435668945312,423.01666259765625,869.4191284179688,449.9129943847656,594.388671875,434.6993103027344,870.993896484375,687.7374877929688,645.6256103515625,657.51953125,927.2891845703125,710.7669067382812,652.47998046875,683.0790405273438,924.3688354492188,728.08642578125,657.19775390625,703.9964599609375,913.6636352539062,700.6544799804688,661.9964599609375,679.027587890625,879.6887817382812,675.7295532226562,635.181884765625,653.7315063476562,884.9003295898438,658.9552612304688,614.8491821289062,641.4171752929688,866.4725952148438,680.01953125,608.34814453125,660.1614990234375,868.4171752929688,307.27532958984375,577.9901733398438,288.1149597167969,898.106689453125,500.3660888671875,606.806396484375,484.4542236328125,868.84228515625,552.8314819335938,619.5308837890625,537.0579223632812,866.089111328125,607.2382202148438,619.3512573242188,593.26611328125,864.1753540039062,753.5428466796875,598.8016967773438,720.43408203125,875.8851318359375,819.9966430664062,599.4444580078125,787.4524536132812,883.72607421875,892.4927978515625,602.3621826171875,887.1432495117188,892.8397827148438,982.7408447265625,604.6744384765625,1038.8184814453125,906.0993041992188,1117.76416015625,607.8788452148438,1066.3795166015625,909.409912109375,1168.5712890625,622.1889038085938,1150.71533203125,866.1422119140625
346.3187561035156,646.9676513671875,314.7019958496094,926.072265625,366.5080261230469,650.7098999023438,334.823974609375,924.193359375,383.8117980957031,650.0104370117188,352.01318359375,921.145751953125,413.83355712890625,652.6925048828125,388.2389831542969,901.7026977539062,436.00665283203125,618.2413330078125,413.4467468261719,895.8010864257812,437.2780456542969,589.0206298828125,422.55279541015625,868.8697509765625,449.303955078125,594.06640625,434.3510437011719,870.33447265625,687.7802124023438,645.1193237304688,657.68212890625,927.3555297851562,710.8167724609375,652.4188232421875,683.0782470703125,924.41748046875,727.8952026367188,657.132568359375,703.8186645507812,913.3947143554688,700.3956909179688,661.6848754882812,678.6812133789062,879.2023315429688,674.9291381835938,634.9082641601562,653.504638671875,884.7116088867188,658.4855346679688,614.7254028320312,641.0628051757812,866.1090087890625,679.1375732421875,608.3303833007812,660.7720336914062,868.6072387695312,305.96209716796875,577.146484375,287.6106262207031,897.0463256835938,499.8936767578125,606.3619384765625,483.72998046875,868.229736328125,552.119140625,619.0919799804688,535.788818359375,865.591064453125,606.6930541992188,618.9573364257812,592.4148559570312,864.254150390625,752.2405395507812,598.3128051757812,720.4044799804688,876.1356811523438,819.3218994140625,599.576904296875,787.4364013671875,883.9783935546875,891.4317626953125,602.2174072265625,862.6047973632812,890.9205932617188,981.7262573242188,604.8001708984375,927.8104858398438,894.607177734375,1116.8271484375,607.8046264648438,1065.1148681640625,909.542236328125,1167.797607421875,621.0728759765625,1149.175537109375,865.2728271484375
346.1263122558594,646.98583984375,315.10986328125,926.4216918945312,366.4793395996094,650.7925415039062,334.7792053222656,924.3418579101562,383.7402648925781,649.9976196289062,352.8525695800781,920.648681640625,413.5204162597656,652.4074096679688,387.1943359375,900.505859375,435.3975830078125,618.1557006835938,412.6159362792969,895.1163940429688,436.3526306152344,588.7776489257812,421.46856689453125,868.125244140625,448.59136962890625,593.7182006835938,433.1389465332031,869.7548828125,688.1768188476562,645.4757080078125,657.3914184570312,927.4564819335938,710.82421875,652.7212524414062,683.08349609375,924.42626953125,727.562255859375,657.3307495117188,703.7179565429688,912.6644897460938,699.5953979492188,660.9151611328125,678.1160278320312,878.5951538085938,674.6912841796875,634.44677734375,653.2252807617188,884.4918823242188,657.9081420898438,614.2932739257812,641.0694580078125,866.2036743164062,678.6512451171875,608.0580444335938,661.568359375,868.5831298828125,305.1060791015625,576.4448852539062,287.5412292480469,895.9756469726562,499.4649963378906,606.0248413085938,483.115966796875,867.5028076171875,551.1028442382812,618.1591186523438,535.8840942382812,864.8218994140625,606.2072143554688,618.3062133789062,592.4411010742188,863.4705810546875,752.5679321289062,598.0302734375,721.1287231445312,876.561279296875,818.402587890625,599.3080444335938,787.8959350585938,884.7874755859375,890.4007568359375,602.413818359375,863.01708984375,890.9921264648438,981.4340209960938,604.6129150390625,927.2037353515625,894.7769165039062,1115.958740234375,607.6641235351562,1065.1590576171875,909.6549682617188,1166.7332763671875,620.2435302734375,1147.93310546875,864.6214599609375
346.0906982421875,647.0220336914062,315.41278076171875,926.42919921875,366.5293884277344,650.7933959960938,334.7395935058594,924.533203125,383.8697204589844,649.9007568359375,351.4762878417969,921.0791015625,413.1890869140625,652.0272827148438,386.58660888671875,899.4336547851562,434.9532165527344,617.6566772460938,410.60302734375,894.208984375,436.4070739746094,588.3521728515625,420.2055358886719,867.3274536132812,448.37451171875,593.4503784179688,432.0683288574219,869.152099609375,687.964599609375,645.8751831054688,657.2779541015625,927.4031982421875,710.7964477539062,652.9109497070312,682.859130859375,924.32666015625,726.9248657226562,657.2620849609375,703.2896118164062,912.428955078125,699.030029296875,660.09423828125,677.8138427734375,877.883544921875,674.3046875,633.966064453125,653.9365844726562,884.3290405273438,657.424072265625,613.97216796875,641.3502197265625,866.6934204101562,678.1598510742188,607.598876953125,661.7135620117188,868.9614868164062,304.77423095703125,576.1058959960938,286.5023498535156,894.108154296875,499.36102294921875,606.0361938476562,482.5818176269531,866.9284057617188,550.8958129882812,617.51220703125,535.6946411132812,864.4540405273438,606.2122192382812,618.2012939453125,593.04833984375,863.1210327148438,753.063232421875,597.6730346679688,721.0824584960938,876.86181640625,819.1258544921875,599.0299072265625,787.6870727539062,884.9920654296875,890.728271484375,602.6295776367188,904.6638793945312,893.76025390625,982.0263671875,604.535400390625,925.836669921875,895.0740966796875,1114.641357421875,607.459716796875,1066.5523681640625,909.8489379882812,1164.656982421875,619.7050170898438,1146.7691650390625,863.9779663085938
346.117919921875,647.0670166015625,315.6486511230469,926.44775390625,366.62213134765625,650.7702026367188,335.18280029296875,924.67724609375,383.7921447753906,649.8609619140625,351.50518798828125,921.0546875,412.7923889160156,651.6856689453125,385.72674560546875,898.1033935546875,433.7993469238281,617.17626953125,408.14349365234375,894.6641235351562,435.65423583984375,587.857177734375,419.3719482421875,866.8019409179688,447.5369873046875,592.8593139648438,431.38714599609375,868.5661010742188,687.5133666992188,646.1146850585938,657.2105102539062,927.576416015625,710.704345703125,652.8585205078125,682.8657836914062,924.4007568359375,727.2069091796875,657.50390625,702.7703247070312,912.4967651367188,698.8403930664062,659.5413818359375,678.1692504882812,877.5326538085938,673.5178833007812,633.7273559570312,653.5025634765625,883.6466674804688,656.544677734375,613.751708984375,640.8746948242188,866.1506958007812,677.6097412109375,607.1296997070312,661.3507080078125,868.674072265625,303.9996032714844,575.27197265625,285.65478515625,893.0457153320312,498.738037109375,605.55126953125,481.6226806640625,866.1640625,550.233154296875,616.7020263671875,534.94482421875,863.263427734375,606.1959228515625,619.1209106445312,591.6624145507812,862.3920288085938,751.804931640625,597.4945068359375,720.8831787109375,877.3068237304688,818.6943969726562,598.5545043945312,788.8211669921875,885.6415405273438,890.7222900390625,602.387939453125,874.7759399414062,893.4635009765625,979.5176391601562,604.3703002929688,925.7896118164062,895.5000610351562,1113.6824951171875,607.0260009765625,1065.485595703125,909.6556396484375,1163.3885498046875,618.7329711914062,1145.384521484375,863.581787109375
346.17401123046875,647.170166015625,315.5537109375,926.5239868164062,366.648193359375,650.841796875,335.216064453125,924.58203125,383.95654296875,649.67431640625,351.40948486328125,920.8732299804688,412.6024169921875,651.2391357421875,385.4248046875,897.583984375,432.3847351074219,616.2684326171875,406.8971252441406,893.4796752929688,434.6785888671875,587.1888427734375,417.8511047363281,866.2505493164062,446.284912109375,592.2407836914062,431.6878967285156,867.6467895507812,687.7356567382812,646.6751098632812,657.0211791992188,927.5008544921875,710.6853637695312,652.8787231445312,682.4117431640625,924.2977905273438,726.9126586914062,656.9733276367188,702.5031127929688,912.3032836914062,698.2015380859375,658.6453247070312,677.6270141601562,877.2971801757812,672.88525390625,633.4764404296875,652.637451171875,883.5518798828125,656.0545654296875,613.3742065429688,640.3792724609375,866.6361083984375,677.3553466796875,606.953857421875,660.829833984375,869.0794677734375,303.2420959472656,574.431640625,284.6991271972656,891.4822998046875,496.92724609375,604.5842895507812,480.8377380371094,865.2250366210938,549.572509765625,616.1906127929688,534.270751953125,863.1781005859375,605.4359130859375,619.1895751953125,589.8665771484375,862.7418212890625,752.2224731445312,596.9064331054688,721.3455200195312,878.0160522460938,820.2242431640625,598.4042358398438,788.3181762695312,886.134033203125,892.6249389648438,602.2033081054688,875.0447387695312,894.282958984375,1022.9993896484375,605.36767578125,924.859619140625,895.860595703125,1111.6083984375,606.2900390625,1066.30712890625,909.6942138671875,1162.3056640625,618.1146240234375,1144.1461181640625,863.0354614257812
346.2243957519531,646.9970092773438,315.3667907714844,926.4072265625,366.56329345703125,650.9083251953125,335.043701171875,924.3704833984375,383.8892517089844,649.6751098632812,351.298828125,920.6649780273438,412.1438903808594,651.0552368164062,385.643798828125,896.7468872070312,431.171875,616.570556640625,406.4633483886719,892.1923828125,433.6632080078125,586.5966796875,416.345703125,865.80859375,445.0793151855469,591.1605834960938,429.87384033203125,867.0472412109375,687.2125244140625,647.3157958984375,656.8221435546875,927.4854125976562,710.3350830078125,653.0348510742188,682.1531372070312,924.3662719726562,726.6455688476562,656.3450927734375,702.0784912109375,912.0850830078125,698.3981323242188,657.2783813476562,677.2709350585938,877.4759521484375,672.867431640625,633.4891357421875,651.7399291992188,883.8457641601562,654.913330078125,612.6610107421875,640.3125,866.9863891601562,676.264404296875,606.2996215820312,660.5352172851562,869.5048828125,302.26873779296875,573.4769897460938,284.0244445800781,889.73486328125,496.2779846191406,604.8693237304688,479.70098876953125,864.5353393554688,547.7653198242188,615.7516479492188,533.8030395507812,862.830810546875,603.771728515625,618.5960693359375,590.1195068359375,863.4297485351562,751.5512084960938,596.1732788085938,719.7216796875,878.0228271484375,820.0641479492188,598.2760620117188,786.1810302734375,886.2002563476562,892.0169067382812,602.07421875,874.177490234375,894.748046875,1023.162353515625,604.8403930664062,918.5946655273438,896.4619750976562,1109.6444091796875,606.2647705078125,1066.2139892578125,909.6954345703125,1160.622314453125,617.4384155273438,1143.1231689453125,861.6455078125
346.1539611816406,646.9954223632812,315.3792419433594,926.4614868164062,366.54827880859375,650.9337768554688,334.89971923828125,924.3707275390625,383.6271667480469,649.5934448242188,351.0751953125,920.4158325195312,411.531005859375,650.8795776367188,384.9068908691406,895.830078125,430.737548828125,616.1438598632812,405.71337890625,891.5499877929688,433.1544189453125,586.2989501953125,415.382568359375,865.3486938476562,444.513671875,590.7999877929688,428.77813720703125,866.3713989257812,687.3527221679688,647.4271850585938,656.73583984375,927.551025390625,710.2780151367188,652.9917602539062,682.081787109375,924.5305786132812,726.468017578125,656.2857055664062,702.07421875,911.8521728515625,697.8771362304688,657.2318115234375,677.1218872070312,877.2562866210938,672.2561645507812,633.1256103515625,650.9171142578125,883.446044921875,655.5012817382812,611.5736083984375,640.118408203125,867.151123046875,676.3107299804688,605.9786987304688,660.4844970703125,869.7681274414062,301.1328430175781,572.9556884765625,283.19927978515625,888.1798095703125,495.1323547363281,604.4746704101562,478.9718322753906,864.2403564453125,547.2792358398438,615.5027465820312,533.0333251953125,862.3670043945312,603.5492553710938,617.9260864257812,589.6010131835938,863.06787109375,749.9969482421875,596.306396484375,720.4708862304688,878.8955078125,819.1773681640625,597.9580078125,788.8037109375,887.4158325195312,949.4779663085938,602.776611328125,874.7218627929688,895.450439453125,1021.3710327148438,604.1251220703125,917.552734375,896.871337890625,1107.8096923828125,606.0360717773438,1065.285888671875,909.4559936523438,1159.92138671875,616.4739990234375,1141.876953125,860.3590087890625
346.1965637207031,646.9529418945312,315.0394592285156,926.4187622070312,366.4127197265625,650.911376953125,334.51416015625,924.3472290039062,383.3389587402344,649.5292358398438,351.1378479003906,920.2435913085938,410.6407165527344,650.5724487304688,383.8927001953125,895.4638671875,430.1556701660156,615.95166015625,404.4410400390625,891.3042602539062,432.608154296875,585.8824462890625,414.6701354980469,864.8504028320312,443.8686828613281,590.3162231445312,427.96588134765625,865.8245239257812,687.1642456054688,647.6105346679688,656.5542602539062,927.4765014648438,710.2406005859375,652.7888793945312,682.2103881835938,924.488037109375,726.4283447265625,655.8180541992188,701.797607421875,911.4324340820312,697.44580078125,657.2216186523438,676.5130004882812,877.6832885742188,671.5250244140625,632.5320434570312,650.5446166992188,884.126220703125,655.1306762695312,610.9057006835938,639.8908081054688,867.5781860351562,675.8482055664062,605.5494995117188,660.4403686523438,870.333984375,299.948486328125,572.1276245117188,282.6825866699219,886.7948608398438,494.4662780761719,604.3047485351562,478.3004455566406,863.8599853515625,546.7640380859375,614.9763793945312,532.3718872070312,861.9960327148438,602.1845092773438,616.7855834960938,588.9652709960938,862.9000854492188,747.6923828125,595.7647705078125,720.698974609375,879.6021118164062,866.7738037109375,599.6177368164062,789.020263671875,887.9959106445312,940.6305541992188,602.040771484375,874.1597900390625,896.0186767578125,1020.0139770507812,603.5465087890625,915.9523315429688,897.6983032226562,1106.564697265625,605.5556640625,1065.4942626953125,909.3596801757812,1158.6507568359375,615.3793334960938,1140.099853515625,859.0549926757812
346.2504577636719,646.9677734375,314.8998718261719,926.4531860351562,366.4772033691406,650.8460693359375,334.2940979003906,924.2971801757812,383.06854248046875,649.4925537109375,350.73834228515625,919.9871826171875,410.0030822753906,650.1746215820312,383.9078674316406,895.0403442382812,429.64959716796875,615.513916015625,403.4579162597656,890.655029296875,432.5373229980469,585.0983276367188,414.15966796875,864.2869873046875,443.6243591308594,589.3414306640625,427.170654296875,865.2947998046875,686.9625854492188,649.0946655273438,656.2959594726562,927.5760498046875,710.2360229492188,652.67822265625,682.1395874023438,924.5545654296875,726.14892578125,655.311279296875,701.6586303710938,911.7029418945312,697.129638671875,656.8614501953125,676.41650390625,877.2482299804688,670.447265625,632.1312866210938,649.8015747070312,883.8692016601562,654.4974975585938,610.4158935546875,639.3213500976562,867.4635620117188,674.7156982421875,605.5081787109375,659.9436645507812,870.4696044921875,299.09771728515625,571.3310546875,282.29083251953125,885.67626953125,494.275390625,603.9055786132812,477.6529235839844,863.7039184570312,546.4883422851562,614.3840942382812,530.6181030273438,861.7218017578125,600.6333618164062,616.3770141601562,587.70263671875,862.9554443359375,745.3253173828125,595.093017578125,719.92578125,878.7947998046875,865.3287353515625,599.4737548828125,788.71435546875,888.5392456054688,937.5137939453125,601.7156372070312,874.27490234375,896.4629516601562,1014.2744750976562,603.4678955078125,916.1176147460938,898.2568969726562,1106.2197265625,605.5252685546875,1062.027099609375,909.3621215820312,1157.183837890625,615.1077270507812,1138.73779296875,858.4530639648438
346.2938232421875,647.0550537109375,314.7740173339844,926.4742431640625,365.6495056152344,650.5617065429688,334.25762939453125,924.3706665039062,382.8065490722656,649.4269409179688,350.7505798339844,919.9315795898438,409.4417724609375,649.8724365234375,383.31219482421875,894.8560791015625,428.9960632324219,615.2853393554688,403.5048828125,890.0802001953125,431.80633544921875,584.5021362304688,414.4334411621094,864.5011596679688,443.1015319824219,588.5056762695312,427.3386535644531,864.8804321289062,686.5941162109375,649.580810546875,656.247802734375,927.4935913085938,710.13623046875,652.4237670898438,681.914306640625,924.434814453125,725.9067993164062,654.7557983398438,701.446533203125,911.4510498046875,696.8853759765625,656.6871337890625,675.8093872070312,877.13330078125,669.554443359375,631.7080688476562,649.0180053710938,883.8986206054688,653.6459350585938,609.783935546875,637.937255859375,867.4048461914062,674.221435546875,605.039794921875,658.993896484375,870.5431518554688,298.26837158203125,570.5732421875,281.8194580078125,884.8350219726562,493.9392395019531,603.4099731445312,476.95867919921875,863.6566772460938,546.1083984375,613.8323364257812,529.1848754882812,861.5343627929688,600.21728515625,615.9800415039062,586.0968017578125,862.8325805664062,744.0763549804688,594.68212890625,718.693603515625,879.4013671875,811.5724487304688,596.69287109375,788.660400390625,889.0830688476562,938.6560668945312,601.11865234375,873.14306640625,896.6932983398438,1013.9453125,603.1777954101562,908.7377319335938,897.6962280273438,1105.548583984375,605.5856323242188,1098.328369140625,901.6280517578125,1156.090576171875,614.8341674804688,1137.7017822265625,857.598388671875
346.40765380859375,647.1283569335938,314.67962646484375,926.50537109375,366.3606262207031,650.7681274414062,334.28338623046875,924.42138671875,382.60821533203125,649.5416870117188,350.7068786621094,919.8134155273438,409.0727844238281,649.6730346679688,382.9342346191406,894.11328125,428.4881896972656,615.255126953125,402.6296691894531,889.7612915039062,431.162353515625,584.1283569335938,413.99346923828125,864.0767211914062,442.4200439453125,587.9547119140625,426.8352966308594,865.3518676757812,686.3108520507812,649.5844116210938,656.227294921875,927.39306640625,710.0209350585938,652.1554565429688,682.21728515625,924.4979248046875,725.678955078125,654.3087768554688,701.0856323242188,911.2650756835938,696.767578125,656.2920532226562,675.5916137695312,877.0357055664062,668.1561279296875,631.4373168945312,648.888671875,884.2264404296875,652.9437866210938,609.6843872070312,635.9640502929688,867.3642578125,673.5648803710938,604.6170654296875,657.23193359375,870.3053588867188,297.3969421386719,569.7526245117188,281.1528625488281,884.1185913085938,493.82659912109375,603.038330078125,475.7087707519531,863.48095703125,546.0396728515625,613.2833862304688,527.93017578125,861.5197143554688,601.4674682617188,615.1343383789062,584.5791625976562,863.0001831054688,743.3463745117188,594.3232421875,716.1094360351562,879.5880126953125,810.9548950195312,596.1331787109375,790.0218505859375,889.9127197265625,940.3896484375,601.0057983398438,872.2188720703125,896.7945556640625,1013.9893798828125,602.8141479492188,897.7611694335938,897.7244262695312,1105.3314208984375,605.367919921875,1055.965087890625,909.1180419921875,1155.4561767578125,614.614501953125,1136.5401611328125,857.3257446289062
346.4695129394531,647.189208984375,314.73358154296875,926.6302490234375,366.377197265625,650.7154541015625,334.45648193359375,924.3408203125,382.5068359375,649.58837890625,350.90032958984375,919.5465087890625,408.56158447265625,649.3632202148438,381.1978759765625,893.6729736328125,427.7870178222656,614.7509765625,403.1488037109375,889.2893676757812,430.32476806640625,583.5455322265625,414.1761474609375,864.3215942382812,441.57196044921875,587.4462280273438,426.8235778808594,864.1890258789062,686.2739868164062,649.4965209960938,656.4376831054688,927.4063720703125,709.7996826171875,651.8175048828125,682.161865234375,924.5855102539062,725.1880493164062,653.801513671875,700.6842651367188,911.4873657226562,696.2871704101562,655.8261108398438,674.9662475585938,876.7347412109375,667.6968994140625,630.6987915039062,647.7920532226562,884.490234375,652.95458984375,609.170654296875,634.9765014648438,867.5824584960938,673.1243286132812,604.0684204101562,656.136474609375,870.627197265625,296.6603698730469,569.0501708984375,280.4789733886719,883.7186889648438,492.9311218261719,602.9786376953125,476.8786315917969,863.3270874023438,545.74755859375,612.971435546875,528.1718139648438,861.3113403320312,601.310302734375,614.67431640625,584.078857421875,862.6495971679688,742.5505981445312,594.2874145507812,718.3080444335938,880.3781127929688,809.977783203125,595.7089233398438,788.925048828125,889.95703125,938.3407592773438,600.4680786132812,867.0109252929688,896.5440673828125,1012.8580322265625,602.6165161132812,917.639404296875,899.0398559570312,1104.9442138671875,605.3636474609375,1056.1728515625,908.927734375,1154.7288818359375,614.250732421875,1135.4317626953125,856.7767333984375
346.53936767578125,647.1987915039062,314.6129150390625,926.6420288085938,366.4464416503906,650.7453002929688,334.4378967285156,924.3746948242188,382.4256286621094,649.58740234375,349.8060302734375,919.88671875,409.4257507324219,648.9293823242188,381.2415466308594,892.8872680664062,427.0162658691406,614.3218383789062,403.0010681152344,889.4999389648438,430.1529846191406,583.6115112304688,413.9495849609375,864.2334594726562,441.03955078125,587.060546875,426.37762451171875,864.0299072265625,685.8360595703125,649.8009033203125,656.4201049804688,927.328369140625,709.3736572265625,651.4776000976562,682.1619873046875,924.4298706054688,724.5133056640625,653.28564453125,700.1995849609375,911.4563598632812,695.7067260742188,655.25146484375,674.3983764648438,876.9271240234375,666.6798706054688,630.19873046875,647.9596557617188,884.8421630859375,651.97509765625,608.6448974609375,635.560546875,867.9920654296875,672.125244140625,603.8004150390625,656.5723266601562,870.9605102539062,296.6252746582031,568.4907836914062,279.78839111328125,883.4598999023438,492.1257019042969,602.7089233398438,476.5514831542969,863.2777099609375,545.1039428710938,612.4801025390625,528.1636352539062,861.3576049804688,600.637939453125,614.551025390625,584.717041015625,863.3975219726562,741.5096435546875,593.833251953125,716.262939453125,880.7164916992188,809.4427490234375,595.5543212890625,787.1583251953125,890.4000854492188,939.0177612304688,600.5621948242188,870.4013671875,897.6168823242188,1048.2333984375,603.1365966796875,1030.4398193359375,907.3575439453125,1104.465576171875,605.5970458984375,1092.7427978515625,902.1592407226562,1154.033203125,613.8719482421875,1135.0869140625,856.7587890625
346.5999755859375,647.10107421875,314.5958557128906,926.6210327148438,366.4857482910156,650.8031005859375,334.36944580078125,924.3634033203125,382.41253662109375,649.5734252929688,350.8075866699219,919.7943115234375,409.0482482910156,648.5476684570312,380.8487243652344,893.0468139648438,426.18560791015625,613.5344848632812,402.548828125,889.5079345703125,429.2860412597656,583.1226806640625,413.059814453125,864.3237915039062,440.3746032714844,586.6109008789062,426.6272277832031,865.198974609375,686.088623046875,649.5083618164062,656.7594604492188,927.2001953125,709.2771606445312,651.2579956054688,682.4462890625,924.2477416992188,724.1205444335938,653.2301025390625,700.0841674804688,910.7106323242188,695.1376953125,654.6262817382812,673.7683715820312,877.0220336914062,667.0686645507812,629.6768798828125,647.6431274414062,884.8180541992188,651.3514404296875,608.1123046875,636.0661010742188,868.19580078125,671.5685424804688,603.5304565429688,656.9542236328125,871.1148681640625,295.9765625,568.0840454101562,279.15081787109375,883.4335327148438,491.4025573730469,602.520263671875,476.7076721191406,863.1152954101562,544.5855712890625,612.2269287109375,528.813232421875,861.2466430664062,600.1815185546875,614.0015869140625,585.5220947265625,863.435791015625,741.5066528320312,593.521484375,717.6351928710938,881.1021118164062,810.3197021484375,595.40576171875,788.661865234375,890.8184204101562,937.4354248046875,600.5216674804688,865.1524658203125,896.8145141601562,1007.2639770507812,602.6631469726562,1030.3193359375,907.3894653320312,1102.849609375,605.8228149414062,1054.4290771484375,908.54638671875,1153.330322265625,613.6976318359375,1134.589599609375,856.7753295898438
346.4931640625,647.2220458984375,314.5995178222656,926.6318359375,366.4543762207031,650.837158203125,334.4206848144531,924.3884887695312,382.4520263671875,649.5693359375,350.76837158203125,919.7725219726562,408.9334411621094,648.289794921875,380.99810791015625,893.047607421875,425.649169921875,613.057373046875,401.8595886230469,889.7034301757812,428.423583984375,582.4893798828125,410.828857421875,863.023681640625,439.490234375,585.979736328125,424.9100341796875,865.0830078125,686.2852783203125,649.2872314453125,656.5859375,927.1412353515625,709.33251953125,650.9083862304688,682.2265625,924.3533935546875,723.9052124023438,653.0712890625,699.6749267578125,910.9873657226562,694.2510375976562,654.1480712890625,673.1373901367188,877.466796875,666.004150390625,629.6190185546875,646.8840942382812,885.1075439453125,650.0125122070312,607.9197387695312,635.2130126953125,868.1414184570312,670.5762329101562,603.5379028320312,656.4105834960938,871.091064453125,295.0709228515625,567.5132446289062,278.431396484375,883.5875854492188,490.4794006347656,601.965087890625,475.1517028808594,863.2545776367188,543.5130615234375,611.7894897460938,527.535400390625,861.2156372070312,599.050048828125,613.8345947265625,584.1758422851562,863.5282592773438,741.1995849609375,593.2095336914062,723.3823852539062,881.6766357421875,857.851318359375,598.4696044921875,797.561767578125,892.74462890625,936.4986572265625,600.7784423828125,871.0525512695312,897.8811645507812,1011.1942749023438,602.8032836914062,1026.2864990234375,906.5086669921875,1101.910400390625,605.6846923828125,1090.9263916015625,902.266845703125,1152.452880859375,613.8522338867188,1133.858642578125,856.7474365234375
346.5476989746094,647.2772216796875,314.5814208984375,926.62841796875,366.44879150390625,650.8692626953125,334.421875,924.3273315429688,382.4064636230469,649.6470336914062,350.71942138671875,919.8551635742188,408.83184814453125,648.2057495117188,381.7734375,894.5647583007812,424.8354187011719,612.3400268554688,401.01995849609375,890.1264038085938,427.4600830078125,582.0457763671875,409.7153625488281,863.218505859375,438.4496154785156,585.9929809570312,422.4106750488281,864.5645751953125,686.4434814453125,649.9586181640625,656.6818237304688,927.1614990234375,709.2501220703125,651.0488891601562,682.2101440429688,924.4412841796875,723.310546875,652.8787231445312,699.455322265625,910.70849609375,693.1708984375,653.9673461914062,674.0352783203125,877.7409057617188,665.5936889648438,629.35546875,646.189208984375,884.9313354492188,649.8472900390625,607.7919311523438,634.0910034179688,867.9755859375,670.4107666015625,601.8963012695312,655.5369873046875,870.8750610351562,294.16082763671875,567.1464233398438,277.7583923339844,883.9071655273438,489.64569091796875,601.6513061523438,473.7966003417969,863.4909057617188,543.4981079101562,611.744140625,526.4279174804688,861.9144897460938,598.33203125,613.5753173828125,583.6992797851562,862.8056030273438,740.9506225585938,592.917724609375,716.6241455078125,880.9072265625,858.1776733398438,598.4247436523438,783.5296630859375,890.8118896484375,938.07958984375,601.46875,852.6646728515625,896.9067993164062,1012.3267822265625,603.2151489257812,910.7466430664062,898.9019165039062,1100.2672119140625,605.5143432617188,1089.885498046875,902.2116088867188,1151.4141845703125,614.0443115234375,1133.2620849609375,856.9443359375
346.595947265625,647.3713989257812,314.6523742675781,926.5569458007812,366.4980773925781,650.8617553710938,334.5616149902344,924.1866455078125,382.4233703613281,649.7139282226562,350.9033508300781,919.9666137695312,408.7785339355469,647.7733764648438,381.94287109375,894.6907958984375,425.0754699707031,611.5586547851562,400.71624755859375,890.2964477539062,426.70001220703125,581.919921875,408.91064453125,863.4210815429688,437.70721435546875,585.8302612304688,421.22076416015625,864.6192626953125,686.6188354492188,650.1049194335938,656.8673706054688,927.0847778320312,709.21533203125,651.1367797851562,682.4027709960938,924.21630859375,722.8377685546875,652.862548828125,699.1710205078125,909.9131469726562,692.2648315429688,653.2884521484375,672.9061889648438,877.8324584960938,664.866455078125,629.1664428710938,645.2431030273438,884.3247680664062,649.0248413085938,607.445556640625,632.5416259765625,867.5693359375,669.4064331054688,601.5098266601562,655.2689819335938,870.6824951171875,293.2464904785156,566.9940795898438,276.8522644042969,884.15771484375,489.27728271484375,601.2232666015625,472.87652587890625,863.55908203125,543.088134765625,611.2891235351562,524.6232299804688,862.109375,597.5082397460938,613.097900390625,582.1764526367188,862.7540283203125,740.1777954101562,592.6245727539062,714.638671875,880.3260498046875,855.5825805664062,598.0288696289062,781.7514038085938,890.330810546875,936.4580688476562,601.898193359375,851.7429809570312,896.7889404296875,1011.8184814453125,603.6239624023438,910.3681640625,898.8768920898438,1098.1383056640625,605.4198608398438,1089.0638427734375,902.3811645507812,1150.7373046875,614.3955078125,1132.24462890625,857.104736328125
346.6258239746094,647.4074096679688,314.68243408203125,926.5278930664062,366.6678771972656,650.9033203125,334.5650939941406,924.03173828125,382.5711669921875,649.8292236328125,350.0604248046875,920.3125,408.7711486816406,647.4380493164062,382.1761474609375,894.1419067382812,424.5599670410156,611.1091918945312,400.5716857910156,890.3931274414062,425.9495544433594,581.7864990234375,408.9355773925781,863.5303344726562,436.99444580078125,585.5924072265625,421.3121032714844,864.660888671875,686.2085571289062,650.3531494140625,656.8238525390625,926.89599609375,708.8680419921875,650.9539184570312,682.3501586914062,924.2651977539062,722.150146484375,652.765869140625,698.931396484375,909.611572265625,691.4986572265625,652.5559692382812,672.1922607421875,878.0890502929688,663.9956665039062,628.9315795898438,644.3358154296875,884.259521484375,647.76904296875,607.3472900390625,632.955078125,867.1906127929688,668.1469116210938,601.2966918945312,654.25146484375,870.2092895507812,292.33209228515625,567.089599609375,276.02435302734375,884.7369995117188,488.85711669921875,600.7974853515625,472.6034240722656,863.6470336914062,542.252685546875,610.9706420898438,524.0934448242188,861.8751220703125,596.2291870117188,613.1395874023438,581.579833984375,862.6034545898438,739.07763671875,592.5460205078125,714.7740478515625,879.9482421875,855.814208984375,597.9354858398438,782.3519287109375,890.2529296875,939.5529174804688,602.2437744140625,851.9165649414062,896.5829467773438,1010.389892578125,603.9039306640625,909.13720703125,898.6092529296875,1094.8623046875,605.2183837890625,1050.9752197265625,909.2440795898438,1149.5809326171875,614.9979858398438,1130.9083251953125,857.33203125
346.667236328125,647.503662109375,314.5871887207031,926.5763549804688,366.6673889160156,650.8702392578125,334.54193115234375,924.0853881835938,382.5284423828125,649.794677734375,350.0648498535156,920.3726196289062,408.62628173828125,647.0062866210938,381.6558837890625,894.1439208984375,423.57635498046875,610.5263061523438,399.7598876953125,890.732177734375,425.2091064453125,581.2642822265625,408.25750732421875,863.755126953125,436.40631103515625,585.1102294921875,420.2253112792969,864.8411254882812,686.0087280273438,650.8011474609375,656.7965698242188,926.9266357421875,708.5301513671875,651.1455078125,682.2965698242188,924.0969848632812,721.8134765625,652.677490234375,698.4017944335938,908.8890380859375,690.6953735351562,652.1005249023438,670.6170043945312,877.6267700195312,663.3215942382812,628.8142700195312,642.0547485351562,883.35693359375,646.0901489257812,607.109375,631.1119384765625,866.5377197265625,667.6199951171875,601.1978759765625,650.9309692382812,869.4545288085938,291.5522155761719,567.1237182617188,275.4677734375,885.2651977539062,487.279052734375,599.9306030273438,471.36212158203125,863.8126831054688,541.6686401367188,610.771240234375,522.8485107421875,861.7086791992188,595.5216674804688,612.8655395507812,579.6343383789062,862.0105590820312,739.0563354492188,592.284423828125,713.4786987304688,879.1719360351562,855.38427734375,597.8015747070312,782.4998168945312,889.9478759765625,938.7433471679688,602.2546997070312,852.8108520507812,896.1394653320312,1039.9559326171875,603.9049682617188,907.3412475585938,898.5075073242188,1096.107666015625,605.80712890625,1086.0550537109375,902.8090209960938,1148.819580078125,615.9056396484375,1130.6573486328125,857.7162475585938
346.6936950683594,647.5570678710938,314.4977111816406,926.5946655273438,366.7731628417969,650.8727416992188,334.3783874511719,924.2890625,382.6924133300781,649.8816528320312,350.9450378417969,919.9280395507812,408.477783203125,646.9213256835938,380.91607666015625,892.7962646484375,423.04144287109375,610.1106567382812,398.103759765625,891.2469482421875,423.767333984375,580.06640625,406.9252014160156,864.0399780273438,435.8250732421875,584.7957763671875,418.6844482421875,864.86376953125,685.5702514648438,651.21142578125,656.6884155273438,926.9278564453125,708.2650146484375,651.2495727539062,682.2531127929688,924.4218139648438,721.3086547851562,652.6531982421875,697.8442993164062,907.4862670898438,689.8973999023438,652.064208984375,669.6348876953125,877.2434692382812,662.0286865234375,629.0185546875,640.1993408203125,882.938232421875,644.801025390625,607.1471557617188,629.2988891601562,865.7455444335938,666.1947631835938,601.360107421875,649.193603515625,868.546630859375,290.63116455078125,567.0540771484375,274.6343078613281,885.7412109375,486.4680480957031,599.5336303710938,470.668701171875,863.3914794921875,540.7803955078125,610.464599609375,521.875244140625,861.3809814453125,593.9676513671875,612.9634399414062,578.2225341796875,861.761474609375,739.23876953125,592.0293579101562,712.2742309570312,878.488525390625,856.0897216796875,597.5957641601562,783.4338989257812,889.4984741210938,939.0037231445312,602.2813110351562,871.5377807617188,896.5977783203125,1009.8233032226562,604.0535278320312,1019.5077514648438,906.7479858398438,1097.3079833984375,606.56982421875,1086.46435546875,902.8599243164062,1148.839111328125,616.8736572265625,1130.0860595703125,858.498291015625
346.5878601074219,647.6092529296875,314.4518737792969,926.6148071289062,366.7716369628906,650.8988647460938,334.3565979003906,924.2902221679688,382.70306396484375,649.846435546875,351.1668395996094,919.9317626953125,408.29302978515625,646.7471923828125,380.5500793457031,892.913818359375,422.30169677734375,609.70458984375,398.5042419433594,890.46923828125,422.898193359375,579.8761596679688,406.1015625,864.2050170898438,434.9786071777344,584.6494140625,417.9061584472656,865.2468872070312,685.5756225585938,651.094970703125,656.8876953125,927.0070190429688,708.06982421875,651.0641479492188,682.4650268554688,924.7140502929688,720.872802734375,652.5855712890625,698.3145141601562,909.8880615234375,689.4346313476562,652.2420654296875,668.8114013671875,877.334716796875,660.973388671875,629.1859741210938,639.170654296875,883.1080322265625,644.0716552734375,607.2701416015625,627.168701171875,864.9866943359375,665.5239868164062,601.3886108398438,646.9406127929688,867.7489013671875,289.7989807128906,566.7847290039062,273.73846435546875,886.429931640625,485.2843933105469,599.24853515625,469.5260009765625,863.3178100585938,539.5098266601562,610.8216552734375,520.549072265625,861.2297973632812,592.6724853515625,613.0804443359375,576.1266479492188,861.473388671875,739.98876953125,591.6559448242188,713.3382568359375,877.80078125,855.2449340820312,597.6677856445312,810.2777099609375,891.327392578125,938.4945678710938,602.2603149414062,872.94970703125,896.1658935546875,1008.2450561523438,603.9327392578125,1019.0191650390625,906.4698486328125,1095.6934814453125,606.7487182617188,1049.984130859375,909.4129028320312,1147.8726806640625,617.886962890625,1129.8297119140625,859.7526245117188
346.5588684082031,647.4898071289062,314.6322326660156,926.6464233398438,366.7673034667969,650.882568359375,334.54400634765625,924.304931640625,382.7362365722656,650.0089721679688,349.6840515136719,920.3482055664062,407.9308776855469,646.7811279296875,379.94720458984375,892.5517578125,421.4962158203125,609.6881103515625,396.81640625,890.5037231445312,421.9486999511719,579.8869018554688,404.1468811035156,864.1795043945312,434.13043212890625,584.4268798828125,415.5787658691406,865.225341796875,685.1926879882812,650.7454833984375,657.0796508789062,927.071044921875,707.9248657226562,650.7097778320312,682.5140991210938,924.48779296875,720.4913940429688,652.485107421875,697.1785888671875,907.2228393554688,688.115478515625,652.2885131835938,667.8633422851562,877.815673828125,659.6736450195312,629.2968139648438,637.035888671875,882.2868041992188,643.0179443359375,607.5795288085938,625.783935546875,864.4354248046875,664.572265625,601.5860595703125,645.3870239257812,867.0164184570312,289.2281188964844,566.2899169921875,272.9126892089844,887.3316040039062,484.0985412597656,599.3202514648438,467.7468566894531,863.1392211914062,538.4010620117188,611.3018188476562,518.6083984375,861.2025756835938,591.5140991210938,613.5015869140625,574.41845703125,861.6769409179688,741.288330078125,591.7279052734375,707.7704467773438,877.31591796875,852.7332153320312,597.3886108398438,780.0557861328125,887.6090087890625,937.2113647460938,602.296142578125,873.1209106445312,895.6897583007812,1007.6004028320312,604.147216796875,908.1359252929688,896.9268798828125,1070.0426025390625,604.7670288085938,1050.6463623046875,909.5457763671875,1147.1807861328125,618.4649658203125,1129.3516845703125,860.5026245117188
346.589599609375,647.5069580078125,314.8987121582031,926.531494140625,366.7526550292969,650.9862060546875,334.86309814453125,924.0545654296875,382.75299072265625,650.1690063476562,350.3379821777344,919.7273559570312,407.64617919921875,646.760986328125,379.3447265625,893.5213623046875,420.4102783203125,609.4505004882812,396.5283508300781,890.1826171875,420.6019592285156,579.921142578125,404.0054931640625,864.1493530273438,432.72125244140625,584.3496704101562,415.0564270019531,865.2245483398438,684.700927734375,650.82080078125,657.2578735351562,926.9480590820312,707.8171997070312,650.6229858398438,682.7371215820312,924.216064453125,720.1450805664062,652.5838623046875,696.9247436523438,906.5508422851562,688.0962524414062,652.5144653320312,666.883056640625,877.8858642578125,658.63916015625,629.8712158203125,634.7318725585938,881.8800659179688,641.95556640625,608.0861206054688,623.8036499023438,863.5628662109375,663.7684936523438,602.1719360351562,643.771240234375,866.0921020507812,288.4326477050781,565.8084106445312,272.0538024902344,887.9041748046875,483.13482666015625,599.3086547851562,466.1947937011719,863.011474609375,537.5238647460938,611.4765014648438,517.294189453125,861.3020629882812,590.697509765625,614.4690551757812,572.3507080078125,861.2545776367188,740.7575073242188,591.9328002929688,705.3511352539062,876.7255859375,854.0091552734375,597.5216064453125,772.617431640625,885.717529296875,938.4947509765625,602.5650634765625,852.3133544921875,894.2542114257812,964.1039428710938,602.9595336914062,909.1536254882812,896.607421875,1097.8961181640625,607.9647827148438,1049.330810546875,909.6347045898438,1146.2974853515625,618.7587280273438,1128.683349609375,860.9826049804688
346.7188720703125,647.4901123046875,314.8918762207031,926.5262451171875,366.73394775390625,651.0377197265625,334.757568359375,924.0878295898438,382.76751708984375,650.2929077148438,350.0575256347656,919.8938598632812,406.93975830078125,647.6384887695312,379.0164489746094,893.6368408203125,419.458984375,609.5579833984375,395.8946228027344,890.3602905273438,419.8566589355469,579.942626953125,402.92620849609375,864.3113403320312,432.0783996582031,584.3328247070312,415.8204650878906,865.6456909179688,684.5103149414062,650.0343627929688,657.2933959960938,926.9645385742188,707.8199462890625,650.268310546875,682.6593017578125,924.0638427734375,719.760009765625,652.6719970703125,696.715576171875,905.8276977539062,687.5333251953125,652.3754272460938,665.9886474609375,878.4112548828125,657.1889038085938,629.7228393554688,633.0113525390625,881.64599609375,640.6630249023438,608.2442626953125,622.4212646484375,862.7796020507812,662.4974975585938,602.23876953125,642.2776489257812,865.3389892578125,287.54071044921875,565.3618774414062,271.2187805175781,888.3252563476562,482.3096618652344,599.3921508789062,465.06292724609375,862.8462524414062,536.9111328125,611.3712768554688,516.3433837890625,861.16943359375,590.1115112304688,614.425048828125,570.7405395507812,860.9110107421875,740.9548950195312,592.1947631835938,706.56201171875,876.34375,852.9575805664062,597.3936767578125,811.642822265625,888.6952514648438,870.4605102539062,598.7683715820312,889.8191528320312,894.7943115234375,964.1173095703125,603.0072631835938,904.373779296875,896.5015869140625,1094.718994140625,607.8349609375,1050.12353515625,909.9329223632812,1145.019287109375,619.0215454101562,1127.81396484375,860.9108276367188
346.68115234375,647.4842529296875,315.26068115234375,926.4551391601562,366.748291015625,651.0387573242188,335.04364013671875,923.9954223632812,382.65594482421875,650.3320922851562,350.3141784667969,919.725830078125,406.7306823730469,647.8526611328125,378.3655700683594,892.87109375,418.7685852050781,609.6257934570312,394.7325134277344,890.259033203125,419.1629333496094,580.1492919921875,401.9647216796875,864.3373413085938,430.97674560546875,584.1983032226562,414.95208740234375,865.6506958007812,684.3508911132812,648.9203491210938,657.35888671875,927.0877075195312,707.8399658203125,650.0476684570312,682.8234252929688,923.841796875,719.4306030273438,652.7764892578125,695.7406616210938,904.9046020507812,686.8811645507812,652.2152099609375,664.0692138671875,878.1238403320312,656.1219482421875,629.8795166015625,631.9078369140625,881.7452392578125,639.5730590820312,608.5535278320312,619.4996337890625,862.2957763671875,661.5420532226562,602.3027954101562,640.7582397460938,865.3526000976562,286.6396789550781,564.9430541992188,270.9947204589844,889.0357055664062,481.5624694824219,599.6287841796875,463.262939453125,862.4619750976562,535.0902099609375,611.3809814453125,514.5028076171875,861.1300659179688,588.715576171875,614.5391845703125,568.6764526367188,860.5188598632812,735.2667236328125,593.4764404296875,703.6273193359375,875.211181640625,851.943359375,597.6549682617188,772.6109619140625,884.925537109375,869.538330078125,598.8939819335938,888.8564453125,894.4332885742188,962.9581298828125,602.8147583007812,909.613525390625,895.9009399414062,1093.6859130859375,607.9900512695312,1046.2203369140625,909.8992309570312,1144.4176025390625,619.5226440429688,1127.0072021484375,861.53759765625
346.8232727050781,647.5180053710938,315.3849182128906,926.52001953125,366.8153076171875,650.971435546875,334.9339294433594,924.0244750976562,382.5603942871094,650.2782592773438,350.11700439453125,919.720947265625,406.5801696777344,647.8892211914062,377.7950744628906,893.2467651367188,417.6200256347656,609.6069946289062,394.3192138671875,890.4879760742188,417.6396179199219,580.0902099609375,401.77117919921875,864.3613891601562,429.5062561035156,584.0275268554688,414.56707763671875,865.5274658203125,683.3405151367188,649.3369750976562,657.3238525390625,927.3124389648438,707.6329956054688,649.930908203125,682.7105102539062,923.9114379882812,718.81787109375,652.6561889648438,695.276611328125,904.6123046875,686.2672119140625,652.1101684570312,663.21240234375,878.8197021484375,655.3705444335938,630.34375,630.5856323242188,881.5556640625,639.01171875,609.1596069335938,618.2603149414062,862.1092529296875,660.49267578125,603.0203247070312,639.68896484375,865.0750732421875,286.1410217285156,565.2406616210938,270.07818603515625,889.1763305664062,480.4445495605469,599.7039794921875,462.2164306640625,862.5994873046875,533.986328125,611.2959594726562,513.0678100585938,861.0431518554688,587.9419555664062,614.9381713867188,568.9191284179688,859.6373901367188,732.9330444335938,593.8356323242188,703.9322509765625,875.2963256835938,803.41015625,595.1266479492188,773.6973876953125,884.9319458007812,874.3043212890625,599.2298583984375,888.8589477539062,893.9287719726562,963.5936279296875,603.1852416992188,903.1642456054688,895.6613159179688,1091.640380859375,607.9053344726562,1047.626708984375,909.803466796875,1143.990234375,620.0611572265625,1126.332763671875,862.1849365234375
347.0405578613281,647.3912353515625,315.4768981933594,926.5980224609375,365.6195068359375,650.6513671875,334.8417663574219,924.021728515625,382.59869384765625,650.4168090820312,349.882080078125,919.8540649414062,406.3444519042969,647.879638671875,376.92840576171875,892.5836181640625,416.5412902832031,609.6578369140625,392.8473815917969,890.472900390625,416.4642333984375,579.9954833984375,400.1421813964844,864.4815673828125,428.29925537109375,584.0518798828125,412.8992614746094,865.4938354492188,683.1209716796875,649.829345703125,657.2805786132812,927.44384765625,707.427978515625,649.9279174804688,682.724853515625,924.201416015625,718.5188598632812,652.6375122070312,694.6058349609375,904.614990234375,685.9813232421875,652.0416870117188,662.4048461914062,879.3538818359375,653.7694702148438,630.98193359375,629.4319458007812,881.4148559570312,639.4082641601562,609.1240844726562,617.8986206054688,862.5292358398438,659.4900512695312,603.6425170898438,638.0968017578125,864.8712768554688,285.2358093261719,564.6864013671875,268.8016357421875,889.1170654296875,479.9172058105469,599.8150634765625,461.0868835449219,862.4908447265625,532.607421875,611.24560546875,511.6470642089844,861.0562744140625,586.5592651367188,615.1903686523438,567.4434814453125,859.8416137695312,732.243896484375,594.0027465820312,701.5848388671875,874.66015625,804.1981811523438,595.5557250976562,771.2039184570312,884.4556274414062,874.6931762695312,599.6437377929688,889.6216430664062,893.7406616210938,963.5034790039062,603.52294921875,904.3440551757812,895.5313720703125,1090.94384765625,607.9707641601562,1046.9161376953125,909.7168579101562,1143.302490234375,620.2269897460938,1125.57470703125,862.852294921875
347.1209716796875,647.3432006835938,315.4776611328125,926.7623901367188,365.5907287597656,650.6524047851562,334.6726989746094,924.1149291992188,382.6483154296875,650.4978637695312,349.7038879394531,919.9688720703125,405.9771728515625,647.9263305664062,376.0599365234375,890.2743530273438,415.2442626953125,609.9908447265625,392.0160827636719,890.0888671875,415.55487060546875,579.91162109375,398.5810546875,864.6599731445312,427.4321594238281,583.9896850585938,411.139404296875,865.4481811523438,682.7819213867188,649.5350952148438,657.3323364257812,927.5511474609375,707.3618774414062,649.996826171875,682.49365234375,925.3432006835938,718.2498168945312,652.8712768554688,695.1240844726562,905.7012329101562,685.2623901367188,651.861328125,660.5909423828125,879.3960571289062,652.8217163085938,630.8912353515625,627.4479370117188,881.0459594726562,638.4336547851562,609.1466674804688,615.9590454101562,862.0996704101562,658.4550170898438,604.03173828125,635.819091796875,864.631103515625,284.26556396484375,564.1697387695312,267.6497802734375,889.1466674804688,478.7018127441406,599.67529296875,459.80316162109375,862.410888671875,531.1824340820312,611.1731567382812,511.02197265625,861.3098754882812,584.9257202148438,615.599609375,565.5735473632812,859.7848510742188,731.1260375976562,594.0380249023438,700.4783325195312,874.3743286132812,802.4542846679688,595.7392578125,772.1434326171875,884.6425170898438,872.761962890625,600.0488891601562,850.3973388671875,891.9017944335938,963.3136596679688,603.7635498046875,902.6493530273438,895.5479125976562,1089.9967041015625,607.7413940429688,1044.3062744140625,909.3218383789062,1142.4686279296875,620.3211669921875,1124.3458251953125,863.4606323242188
347.1036376953125,647.4657592773438,315.46759033203125,926.8629150390625,365.4399108886719,650.7068481445312,334.3972473144531,924.232421875,382.527099609375,650.5443115234375,349.3911437988281,920.228271484375,405.74774169921875,648.0938720703125,376.0582275390625,891.9898681640625,414.6512756347656,609.8748779296875,390.83526611328125,889.9267578125,414.57135009765625,580.2423706054688,397.85150146484375,864.7164306640625,426.54864501953125,584.2338256835938,410.47210693359375,865.4030151367188,684.785400390625,646.1962280273438,657.310302734375,927.5064697265625,707.255615234375,649.7681274414062,682.6975708007812,925.41748046875,717.338134765625,652.4331665039062,693.9007568359375,905.3082885742188,684.2435302734375,651.8121948242188,658.7135620117188,878.867919921875,651.6713256835938,631.0376586914062,625.6239624023438,880.6029052734375,636.9072875976562,609.443359375,614.2745971679688,862.1583251953125,657.094482421875,604.575927734375,634.11669921875,864.5155029296875,283.35321044921875,564.3807983398438,266.4801330566406,888.9581909179688,477.9297180175781,599.7067260742188,458.8313903808594,862.6769409179688,530.0994873046875,611.2919921875,510.0554504394531,861.301025390625,585.671630859375,615.294189453125,564.4034423828125,859.8005981445312,730.46533203125,594.249755859375,699.5271606445312,873.91259765625,802.4400634765625,596.0877075195312,770.068359375,884.1102905273438,872.636474609375,600.491943359375,840.44921875,890.2779541015625,962.2315673828125,603.9324951171875,904.3753662109375,895.2570190429688,1088.86279296875,607.8330688476562,1040.9193115234375,909.4358520507812,1141.056640625,620.1763916015625,1122.9952392578125,863.4197998046875
347.04046630859375,647.3877563476562,315.4599609375,927.0136108398438,365.3436279296875,650.6950073242188,334.479248046875,924.3675537109375,382.4678649902344,650.5046997070312,349.3964538574219,920.1924438476562,405.55584716796875,648.23779296875,376.5084228515625,891.8843383789062,413.8284606933594,609.8659057617188,391.4773864746094,889.707275390625,413.9244384765625,580.4568481445312,398.15032958984375,864.3320922851562,425.4058837890625,584.1609497070312,410.995849609375,865.2559814453125,684.7051391601562,645.7455444335938,657.6563110351562,927.5562744140625,707.3444213867188,649.6723022460938,682.6530151367188,925.380859375,717.2484130859375,652.5916748046875,693.3845825195312,904.5897827148438,683.1401977539062,651.8721313476562,657.4136352539062,879.0380249023438,650.4161987304688,631.4102172851562,624.3955078125,880.627685546875,635.5833129882812,610.0335083007812,613.3408813476562,861.9476318359375,655.9641723632812,604.9248046875,632.8226318359375,864.252685546875,282.25531005859375,564.0855712890625,265.7278137207031,888.648681640625,477.0992736816406,599.8171997070312,458.7230529785156,862.928955078125,528.8782348632812,611.578857421875,509.5498962402344,861.264404296875,584.1773071289062,616.1150512695312,563.8041381835938,859.6995849609375,729.0833129882812,594.420654296875,700.0020751953125,873.5032958984375,796.7076416015625,596.1435546875,773.9874877929688,885.0875244140625,867.2529907226562,599.9435424804688,873.1981201171875,892.7743530273438,960.02587890625,603.833251953125,900.0947265625,894.4696044921875,1087.051513671875,608.1463012695312,1039.6766357421875,909.3480224609375,1139.6341552734375,620.279052734375,1121.6282958984375,863.1159057617188
347.1363220214844,647.3932495117188,315.6365051269531,927.1531982421875,365.3109130859375,650.6875610351562,334.62030029296875,924.2675170898438,382.53125,650.625,351.1018981933594,920.1514892578125,405.1368408203125,648.32666015625,377.13323974609375,891.49169921875,413.33807373046875,609.7114868164062,390.42138671875,889.6453857421875,412.6827392578125,580.425048828125,397.6806945800781,864.8244018554688,424.64312744140625,584.0340576171875,409.04351806640625,865.0018920898438,684.6805419921875,645.6589965820312,657.7300415039062,927.619140625,707.2721557617188,649.7205810546875,683.0286865234375,924.050048828125,716.70458984375,652.73388671875,693.0824584960938,903.9141845703125,683.4166259765625,652.5967407226562,657.4232788085938,880.063720703125,650.6019287109375,631.4987182617188,624.41552734375,880.8954467773438,634.5740356445312,610.4978637695312,613.48291015625,862.1513671875,654.635009765625,604.5513916015625,632.3379516601562,864.4614868164062,281.18902587890625,563.7637939453125,264.553955078125,888.4971923828125,476.0702209472656,600.0942993164062,457.5906982421875,862.9926147460938,527.9375610351562,611.9094848632812,508.9094543457031,860.9661865234375,583.3433227539062,616.3912963867188,563.7140502929688,859.6411743164062,728.7821655273438,594.6363525390625,698.9342041015625,873.254638671875,795.4606323242188,596.4938354492188,772.6588134765625,884.9305419921875,866.96728515625,600.2396240234375,854.415283203125,892.5280151367188,957.5667114257812,603.8431396484375,899.673583984375,894.5498046875,1087.727294921875,608.448486328125,1035.7215576171875,909.907470703125,1138.6773681640625,620.6549072265625,1120.4278564453125,862.7360229492188
347.1596374511719,647.2377319335938,315.6640319824219,927.087646484375,365.43511962890625,650.6927490234375,334.72845458984375,924.1713256835938,382.6643371582031,650.6487426757812,351.07568359375,920.2572631835938,404.7746276855469,648.3213500976562,375.32855224609375,890.0169067382812,412.6324157714844,609.646240234375,389.6965026855469,889.2839965820312,411.9463806152344,580.1983032226562,395.68646240234375,864.0086669921875,423.75140380859375,583.9015502929688,407.7690734863281,865.141357421875,684.6231079101562,645.6580200195312,657.775634765625,927.5648193359375,707.303466796875,649.8551025390625,683.0966796875,923.7609252929688,716.3106079101562,652.9487915039062,691.6680297851562,903.1612548828125,682.4755249023438,652.5604248046875,655.915283203125,879.5621337890625,649.2733764648438,632.6309204101562,622.2987670898438,880.5127563476562,632.9844360351562,611.134521484375,611.5673217773438,861.7974243164062,653.2453002929688,605.0936889648438,630.972900390625,864.2606201171875,280.2970275878906,563.8892211914062,263.47747802734375,887.7948608398438,474.5630798339844,600.0091552734375,456.07086181640625,862.8986206054688,527.4161987304688,613.2250366210938,506.9097595214844,860.8164672851562,581.9730834960938,616.6450805664062,561.3709716796875,859.665283203125,728.1324462890625,594.8189086914062,699.1302490234375,873.0679321289062,794.6688232421875,596.6427001953125,779.8915405273438,886.015380859375,865.2149658203125,600.1654052734375,872.2009887695312,892.6749877929688,955.6400146484375,604.4824829101562,893.96875,894.55810546875,1086.0328369140625,608.2997436523438,1034.6475830078125,909.73974609375,1137.85400390625,621.045166015625,1119.4798583984375,862.6034545898438
347.2100524902344,647.22216796875,315.8190612792969,927.0830688476562,365.3372802734375,650.5934448242188,334.7658996582031,924.3124389648438,382.5493469238281,650.5996704101562,350.7228088378906,920.4302368164062,404.3129577636719,648.4464721679688,375.3356018066406,889.455322265625,412.0851135253906,609.8588256835938,388.6431579589844,889.1282348632812,411.48077392578125,580.3404541015625,394.2113342285156,864.0678100585938,423.0260314941406,584.3700561523438,405.7696838378906,865.0838623046875,684.166015625,645.7333374023438,657.8624877929688,927.5370483398438,707.1895751953125,649.6284790039062,682.8367919921875,923.59423828125,715.8724365234375,652.6034545898438,690.9227905273438,902.8502197265625,681.2396240234375,651.8805541992188,655.3160400390625,879.771484375,647.44287109375,633.0338745117188,622.2510986328125,880.9835815429688,630.37939453125,611.8499755859375,610.9886474609375,861.8497314453125,650.4556274414062,605.3868408203125,630.457275390625,864.3167114257812,278.9136657714844,563.819580078125,262.5191345214844,887.29931640625,474.4029846191406,600.1835327148438,454.8339538574219,862.9520263671875,526.7026977539062,613.132080078125,506.14111328125,860.6157836914062,580.7147216796875,616.6998901367188,560.906982421875,859.544921875,727.04736328125,595.2977294921875,692.8815307617188,873.0265502929688,792.4013671875,596.92578125,779.6782836914062,886.1119384765625,866.557373046875,600.9407958984375,846.7318115234375,892.2242431640625,955.8751220703125,604.825927734375,893.35009765625,894.8785400390625,1085.3704833984375,608.2607421875,1035.4071044921875,909.8189086914062,1136.620849609375,621.2171630859375,1118.1995849609375,862.0978393554688
347.2365417480469,647.0704956054688,315.8160705566406,927.2113647460938,365.40399169921875,650.55615234375,334.7914733886719,924.4677734375,382.48602294921875,650.6361083984375,350.4734802246094,920.4866943359375,403.7127685546875,648.4175415039062,374.63128662109375,889.330322265625,410.80841064453125,609.4675903320312,387.2085266113281,889.3633422851562,410.36480712890625,580.019775390625,392.7904357910156,863.8929443359375,421.8969421386719,583.9523315429688,403.67840576171875,864.6648559570312,684.3208618164062,646.7533569335938,657.7066650390625,927.5609130859375,707.0709228515625,650.5689697265625,682.4674072265625,924.5768432617188,715.0357666015625,652.8567504882812,690.2960815429688,902.3834228515625,680.2714233398438,651.6884155273438,654.6270141601562,879.375244140625,645.8885498046875,633.3721923828125,619.8782348632812,880.3404541015625,629.0197143554688,612.1372680664062,609.3250732421875,861.3749389648438,649.1268920898438,605.481689453125,628.8414306640625,863.9228515625,277.5448913574219,563.6956176757812,261.6087646484375,886.6975708007812,472.81939697265625,600.0357666015625,454.1819763183594,862.52734375,525.5114135742188,612.7304077148438,503.486328125,860.8360595703125,579.2042846679688,616.4613037109375,558.992431640625,860.1448364257812,725.881103515625,595.403076171875,692.1132202148438,873.4883422851562,790.7799072265625,597.0968017578125,766.1159057617188,884.163818359375,861.761962890625,600.6417846679688,840.1610717773438,891.2986450195312,954.1771240234375,604.9457397460938,889.0067749023438,894.7377319335938,1084.64697265625,608.306884765625,1035.0670166015625,909.7650146484375,1135.82470703125,620.7447509765625,1117.1605224609375,862.2210083007812
347.285400390625,647.0740356445312,315.8504638671875,927.2005615234375,365.4344787597656,650.4892578125,334.7735595703125,924.4988403320312,382.304931640625,650.671630859375,350.28631591796875,920.5406494140625,403.14605712890625,648.5540771484375,373.9226989746094,888.4492797851562,409.1806640625,609.0358276367188,385.76031494140625,889.2512817382812,407.4896545410156,579.2981567382812,390.95635986328125,863.7584228515625,420.0295104980469,583.7740478515625,401.2431640625,864.470703125,683.7268676757812,647.9370727539062,657.7786865234375,927.5264892578125,707.280029296875,650.97412109375,682.4754028320312,924.5669555664062,714.4495239257812,653.07470703125,689.5673217773438,902.28662109375,678.8524780273438,651.5952758789062,653.9608764648438,879.1896362304688,644.057373046875,633.7217407226562,618.4351806640625,880.212890625,627.70068359375,612.030517578125,608.380859375,861.3135986328125,649.2813720703125,605.95654296875,628.1585693359375,863.93603515625,275.969970703125,563.6318359375,260.2505798339844,886.4859008789062,471.1877136230469,599.5689697265625,451.9770202636719,862.4148559570312,524.1901245117188,611.786376953125,502.4057312011719,860.8297119140625,577.1014404296875,616.2105102539062,557.065185546875,860.1642456054688,723.684326171875,595.4930419921875,692.5678100585938,873.8617553710938,789.1069946289062,597.4076538085938,780.3685913085938,886.3607788085938,860.3037719726562,600.8421020507812,854.8541870117188,892.5361328125,951.566162109375,604.620849609375,888.4343872070312,894.728759765625,1084.2467041015625,608.390625,1035.614013671875,909.9069213867188,1135.0860595703125,620.5768432617188,1116.171142578125,862.4944458007812
347.1906433105469,647.115478515625,315.8263244628906,927.135986328125,366.78558349609375,650.70703125,334.7711486816406,924.7819213867188,382.1403503417969,650.7262573242188,349.83544921875,920.886474609375,402.6228942871094,648.6674194335938,372.9786071777344,888.1380615234375,407.521484375,608.774169921875,384.2306213378906,889.10009765625,405.7693786621094,579.6755981445312,389.3851623535156,863.705810546875,418.4915771484375,584.1546020507812,401.525634765625,864.6964111328125,683.5184326171875,647.7279052734375,657.7257690429688,927.6072387695312,707.3402099609375,650.6419677734375,682.388916015625,924.4155883789062,714.2764892578125,652.628173828125,688.568603515625,901.8696899414062,677.54248046875,651.609375,653.3805541992188,879.5227661132812,641.93603515625,633.6353149414062,617.5621948242188,879.9921875,626.0858154296875,611.8549194335938,606.8436279296875,861.160400390625,647.9716186523438,605.9771118164062,627.0355834960938,863.76708984375,274.0803527832031,563.2894287109375,258.79486083984375,885.9019165039062,469.9830322265625,599.2111206054688,450.4355773925781,862.200927734375,522.6976928710938,611.3558959960938,500.3248596191406,860.8330078125,575.2987670898438,615.5422973632812,554.2217407226562,860.4370727539062,722.1049194335938,595.7444458007812,690.7965698242188,873.662841796875,789.325927734375,597.645263671875,758.0166015625,883.5179443359375,859.9620971679688,601.2608642578125,838.20068359375,891.7007446289062,949.8336791992188,604.6981201171875,888.5216064453125,894.8244018554688,1080.250732421875,608.7613525390625,1034.19189453125,909.9994506835938,1132.945068359375,620.9290771484375,1114.6724853515625,862.4095458984375
347.3107604980469,647.1357421875,315.76885986328125,927.16455078125,366.7340087890625,650.7323608398438,334.6520690917969,924.7758178710938,382.60614013671875,650.8320922851562,349.7382507324219,921.1625366210938,401.9917907714844,648.3771362304688,372.85162353515625,888.4342041015625,407.2647399902344,609.08984375,383.2886047363281,888.77392578125,404.23260498046875,579.658935546875,387.6051330566406,863.3020629882812,416.95745849609375,583.8348999023438,399.5318908691406,864.407958984375,682.878662109375,648.16015625,657.6185913085938,927.5996704101562,706.8584594726562,650.5476684570312,682.2147216796875,924.7450561523438,713.2549438476562,652.4895629882812,688.2542724609375,901.6358032226562,676.0587158203125,651.2236938476562,652.8715209960938,879.6747436523438,640.2452392578125,633.625244140625,617.7221069335938,880.13037109375,624.3338012695312,611.9125366210938,604.4844970703125,861.3850708007812,646.49609375,606.4752807617188,625.5318603515625,863.6115112304688,272.6932067871094,563.0079956054688,256.9914245605469,885.4232788085938,468.5521240234375,599.1293334960938,448.37286376953125,862.09228515625,521.2354125976562,611.27587890625,498.5753479003906,860.9846801757812,573.8384399414062,616.1521606445312,554.1406860351562,859.6627807617188,721.4430541992188,596.5106811523438,691.2174072265625,873.8336791992188,788.6699829101562,597.888427734375,793.9409790039062,887.1649780273438,860.5707397460938,601.6634521484375,856.05322265625,892.7049560546875,949.7381591796875,604.8345336914062,888.4248657226562,895.1448364257812,1079.477294921875,608.6743774414062,1035.9041748046875,910.0892944335938,1131.058349609375,621.3714599609375,1113.3155517578125,862.4915161132812
347.3954162597656,647.08984375,315.77008056640625,926.9814453125,365.3450012207031,650.6131591796875,334.5494079589844,924.8474731445312,382.58831787109375,650.8743896484375,349.4527282714844,921.3720092773438,401.6347961425781,647.9124755859375,372.1718444824219,887.8391723632812,405.7585144042969,608.6005859375,382.2719421386719,888.855224609375,402.8134460449219,579.4393310546875,386.8014221191406,863.0458984375,415.42889404296875,583.4180908203125,398.7095642089844,863.9371337890625,682.8243408203125,648.94921875,657.5606689453125,927.4722290039062,706.7959594726562,650.9867553710938,682.2385864257812,924.6370849609375,714.05419921875,651.6876831054688,687.4771728515625,901.2968139648438,674.541259765625,650.7423095703125,651.7731323242188,879.7381591796875,639.2081298828125,633.8811645507812,616.3812866210938,880.1848754882812,623.0552978515625,611.729248046875,602.5375366210938,861.2606811523438,645.1785888671875,606.2391967773438,625.046630859375,863.5421752929688,271.04437255859375,563.7066650390625,255.1193389892578,884.77392578125,466.46728515625,598.5607299804688,447.74700927734375,861.81494140625,518.7348022460938,610.5730590820312,497.136474609375,860.972900390625,571.6505737304688,616.0796508789062,553.4201049804688,859.6151733398438,720.2135009765625,597.2735595703125,689.6898803710938,873.6629638671875,788.4230346679688,598.3314819335938,757.9224853515625,883.741455078125,859.3645629882812,601.8980102539062,838.6856079101562,891.9254760742188,949.8538208007812,605.2937622070312,888.5023803710938,895.2992553710938,1079.152099609375,609.0049438476562,1034.8482666015625,910.0956420898438,1129.466064453125,621.8624267578125,1111.975830078125,862.6455688476562
347.45318603515625,647.0957641601562,315.7410888671875,927.0335693359375,366.5924377441406,651.0531616210938,334.3489074707031,925.0699462890625,382.4590759277344,650.9080810546875,349.2219543457031,921.500244140625,400.8063049316406,647.7262573242188,371.772705078125,887.2408447265625,404.0740966796875,609.1160278320312,381.2556457519531,888.3746337890625,400.9461975097656,579.6036987304688,385.67626953125,862.6634521484375,412.5953674316406,583.30810546875,399.26141357421875,863.762939453125,682.9356079101562,649.2661743164062,657.6492919921875,927.5057373046875,706.7318725585938,651.0930786132812,681.9929809570312,924.6928100585938,713.1722412109375,651.3302612304688,686.2200927734375,901.546142578125,672.192626953125,650.8798217773438,649.9301147460938,880.3251953125,637.0294189453125,633.70263671875,615.8556518554688,880.1046752929688,622.7439575195312,611.4168701171875,602.6956787109375,860.8677978515625,643.1071166992188,606.3544921875,624.5015258789062,864.0616455078125,269.7485046386719,564.0392456054688,254.14202880859375,883.8436889648438,465.09710693359375,598.0107421875,446.4755859375,861.5004272460938,517.3482666015625,609.7755126953125,496.48858642578125,860.73828125,570.1334838867188,615.7589721679688,553.1005249023438,859.5936279296875,717.600830078125,597.749755859375,688.170654296875,873.7178955078125,786.1107177734375,598.3173217773438,756.833984375,883.6041259765625,857.4984130859375,602.1174926757812,838.8683471679688,892.1522827148438,946.7052612304688,605.5281372070312,888.535400390625,895.4388427734375,1077.0350341796875,608.7083129882812,1033.232666015625,909.9011840820312,1128.1534423828125,622.2142333984375,1110.807373046875,862.1770629882812
