"Finger_X","Finger_Y","Finger_Z","Metacarpal_X","Metacarpal_Y","Metacarpal_Z","Wrist_X","Wrist_Y","Wrist_Z","Elbow_X","Elbow_Y","Elbow_Z","Shoulder_X","Shoulder_Y","Shoulder_Z","Pec_A_X","Pec_A_Y","Pec_A_Z","Pec_P_X","Pec_P_Y","Pec_P_Z","Toe_X","Toe_Y","Toe_Z","Metatarsal_X","Metatarsal_Y","Metatarsal_Z","Ankle_X","Ankle_Y","Ankle_Z","Knee_X","Knee_Y","Knee_Z","Hip_X","Hip_Y","Hip_Z","Pel_A_X","Pel_A_Y","Pel_A_Z","Pel_P_X","Pel_P_Y","Pel_P_Z","Snout_X","Snout_Y","Snout_Z","Mid_1_X","Mid_1_Y","Mid_1_Z","Mid_2_X","Mid_2_Y","Mid_2_Z","Mid_3_X","Mid_3_Y","Mid_3_Z","Tail_1_X","Tail_1_Y","Tail_1_Z","Tail_2_X","Tail_2_Y","Tail_2_Z","Tail_3_X","Tail_3_Y","Tail_3_Z","Tail_4_X","Tail_4_Y","Tail_4_Z","Tail_5_X","Tail_5_Y","Tail_5_Z","Tail_6_X","Tail_6_Y","Tail_6_Z"
7.23195825077311,4.97165651982658,0.22742751187858,7.38587517992142,4.852374781407,0.275189311939693,7.46713794267,4.72380241313218,0.29476209434544,7.22718953838685,4.47986805315731,0.0554410073179092,6.8686611136197,4.56563667941893,0.155290090696729,6.53754423524435,4.39987212676507,0.127013207829157,6.65500547426782,4.33517657220829,0.186694758490519,7.62433623773753,4.63237400763411,-0.0149144988526676,7.80736702858138,4.51407647395523,0.0684859877133843,7.99309755060813,4.33931670049939,0.160516607382446,8.11872621622967,3.98669851040013,0.295391732722222,8.39655386334182,3.80617246914809,0.525260268550346,8.34803806426769,3.56489016184506,0.573105404994341,8.53287432097748,3.55319489821708,0.588081588793696,5.54050885078885,5.10495764695249,-0.138071949915156,7.03386432538775,4.06469545151698,0.321668529105158,7.44107539698302,3.82770254463104,0.448030151107619,7.89705604440055,3.64778119281898,0.528044936175742,9.1795443563078,3.48266650467518,0.664485534959011,9.79023592576214,3.32520830825264,0.836848575091891,10.3695608969056,3.14010363538445,1.05386469219337,10.9531350436543,2.91540951351689,1.29861572364538,11.5355591057206,2.7291968288511,1.55446006801523,12.1091157547468,2.42951111456573,1.604375898345
7.2315595688224,4.97099291050521,0.224964527206334,7.38840423106851,4.85107754662148,0.277972408477227,7.46276741924803,4.71734763058353,0.298056501662784,7.21612806221367,4.499626803029,0.051355486126522,6.86261290404743,4.5803380419665,0.146267582900891,6.53265356477403,4.4159286299642,0.11989830285378,6.64653590576478,4.35074004758266,0.177980887168285,7.55964696869232,4.71114141600503,0.0721631038915298,7.7493960264372,4.59903508823999,0.168405663236453,7.93618177957523,4.43784432000981,0.24006237371144,8.09745525818423,4.03673041878811,0.311548673531895,8.38446636172682,3.80838705234283,0.528969435903305,8.31784946939033,3.56982945008876,0.56538613193648,8.5122066913581,3.5611259993235,0.587998064100179,5.54122674436689,5.12913502228986,-0.146287335300182,7.0099261580712,4.077592388668,0.310579483081317,7.41255287382709,3.83303701610453,0.432166104993169,7.88308422479301,3.64724512236813,0.524460075055579,9.16378096192104,3.48820407512809,0.663812086540605,9.77687925313539,3.33946178704292,0.839241436866415,10.346010350816,3.14301375200601,1.04929445758565,10.9367682184391,2.92334148117758,1.2955598623591,11.5195116636526,2.73752677544056,1.5470951114622,12.0966224012701,2.43491184932466,1.59746521193804
7.23337454861781,4.9723728693506,0.225475430062334,7.39083115413782,4.85225223525683,0.278132076692277,7.46848633157031,4.72077850558848,0.302545007611905,7.21303081495112,4.50826471262488,0.04001114554625,6.85889160961558,4.59606918901704,0.138067784900118,6.53633780395152,4.42944767360404,0.113555195905656,6.64113751840602,4.36204314506877,0.169199308602976,7.56366067057524,4.82787432604844,0.209938983483007,7.74795253379116,4.69028013307957,0.261412663927637,7.94167649239091,4.51540589549359,0.315214177102401,8.0891686871848,4.10434702779017,0.352826107744221,8.36131138174176,3.82059807819994,0.531503434812501,8.30096663041678,3.57683032412418,0.567155116164189,8.49670965091859,3.56540654803778,0.595294456971284,5.54520833987428,5.14388077967741,-0.158359915793162,7.01507140602793,4.08210603375978,0.30464000202009,7.41078415154318,3.84240430203146,0.428749575247807,7.86567908709189,3.65711176277211,0.523476236242006,9.15460774737396,3.4992956597955,0.672895309537665,9.76443326504772,3.34672897888559,0.852649682770446,10.3316848956626,3.15735838479108,1.05473303163753,10.9213143397163,2.93786932359272,1.29389132285273,11.5130874196598,2.74628866008322,1.54228040394462,12.0885014916493,2.44497515713658,1.58627259450373
7.24362879078598,4.97407034371119,0.225435349467172,7.39600625380228,4.8538178614734,0.277617502884445,7.4657249422518,4.71664260118153,0.290471200864523,7.20519427179033,4.52818127317233,0.0358258527558243,6.8546403971223,4.61328430488599,0.130981790029672,6.53033410316968,4.4427844101246,0.102912889615052,6.63594278969437,4.37250772775907,0.15902286685993,7.55994201819869,4.8554839250565,0.286640693563923,7.76421770364332,4.75947266067803,0.337539628452757,7.95019970365033,4.61636814544198,0.401893972780426,8.08037247179606,4.17322607213279,0.381153759968799,8.36190200862936,3.84577046694238,0.548319042197887,8.29850988026587,3.58909905726585,0.573106476222926,8.48558962128371,3.57925569870002,0.598914917662605,5.53953895241773,5.14985385829274,-0.174558584960195,7.01310781239504,4.09228284977017,0.293981000788432,7.40663890604464,3.85533350451218,0.424395110770361,7.87002082533293,3.66862800550511,0.518952844510767,9.15725023013257,3.51783357459479,0.685419722208535,9.74523367609469,3.36624886886222,0.856286311876358,10.3239897239999,3.1758937592695,1.05979018557329,10.9108025981939,2.94810468396199,1.29569970913359,11.503128611474,2.75372452151501,1.54048253015731,12.0802596894515,2.45319612149055,1.5764609666526
7.24158384869577,4.97630117106594,0.223529470237822,7.39331999430032,4.85270441072653,0.279804275635752,7.45620197161951,4.71631244967691,0.288575331570024,7.20244492266241,4.5402341443952,0.0336797078364234,6.85081390253519,4.61391780186587,0.120462884786869,6.5243358953065,4.45298533303312,0.0849631436192268,6.62904743632328,4.37861228636822,0.147755988849046,7.56609605145164,4.85694055662055,0.289396146048256,7.76784306575003,4.76164981638425,0.338789095555255,7.95594682218354,4.61064644496379,0.407146066567018,8.07631162587833,4.17423250613776,0.381352595099728,8.3549256840284,3.85301399326072,0.546964698643492,8.29294575717957,3.59530163823185,0.575491047470986,8.47798546624876,3.58965369747672,0.600224419201163,5.53384016213723,5.14830391044057,-0.196216751908682,7.00585651270557,4.10066909360962,0.279863643322562,7.39773587907692,3.86657462970794,0.414173993029988,7.86251081579321,3.67634201322973,0.515144519874967,9.14104155887049,3.52948193295315,0.690219685554452,9.74041771372701,3.3791958300308,0.869012101739864,10.3170652871072,3.18740715977652,1.06654925454592,10.9027593858813,2.96172926363401,1.2988038680523,11.4928054775181,2.75332537254322,1.53120937827818,12.0693336159871,2.44858803971831,1.5657592724639
7.23778524265294,4.97438427622657,0.223910959264432,7.39179768309294,4.85129937838066,0.278934844303226,7.46149312278437,4.71519405356734,0.291258885290888,7.19999227867203,4.54449193186552,0.029053631386385,6.8444132907984,4.61950075700358,0.105603547010773,6.51844479242083,4.45755621878049,0.0640555364199531,6.6257426311743,4.38197290635065,0.128807772432416,7.56319384159413,4.85447890456913,0.287605771567213,7.76696843240618,4.76030994207803,0.33715762917754,7.96005784108429,4.61252648112439,0.409248435157981,8.07533740714307,4.17393191614654,0.37665835373382,8.3443412862427,3.85531547597605,0.541151557434187,8.27931178752632,3.59659563649115,0.572140450830068,8.46380082731562,3.59050900600217,0.599418145708919,5.52664905075104,5.14301826901281,-0.218885805827533,6.98943836173102,4.11143370423955,0.266419286630896,7.3937896242346,3.86491737381552,0.39923607702704,7.85194177998315,3.68017771725437,0.50660653237946,9.13394157574694,3.53058649309774,0.691628142684604,9.73804002376011,3.3769308386968,0.877036600560509,10.3110513445627,3.1920947719917,1.0747611654783,10.8926342621957,2.96876135686445,1.30475593719427,11.4817745500589,2.7548280732184,1.52775866571153,12.0587709519388,2.44229062593517,1.55637138038019
7.2382203535415,4.97374956168168,0.222843062236732,7.3915762047548,4.85016582148915,0.278520386974751,7.45982568096161,4.71358106144706,0.290176425920203,7.19161176888408,4.53989851186731,0.0236387040659866,6.83364546977784,4.62019171427671,0.0905728911690698,6.51072683911735,4.45650701309466,0.0458965310357306,6.61149064473568,4.38218679187421,0.10947454486134,7.5656409898949,4.85189672347372,0.287959613374308,7.7684748813683,4.75878122618224,0.33623611024801,7.95850320645186,4.61636819531921,0.411555338638934,8.07136463947714,4.16892336635172,0.370344962544463,8.33164244740369,3.84711978393116,0.531685252080519,8.26463892209348,3.59190216790863,0.565641989419216,8.45182158817024,3.58194118467594,0.594033741132723,5.51972481781313,5.14167835587634,-0.24133599400315,6.98327179641429,4.11572175196126,0.255426954935401,7.3759552543991,3.86602793993114,0.386306016436577,7.83349999323574,3.68850603747412,0.50526623326801,9.11445379245828,3.5246096236529,0.686380457764986,9.7179397375467,3.3731226112451,0.870784669698,10.2957958421112,3.18552453818365,1.06934002994729,10.8781840802232,2.96654412703602,1.29992069942981,11.4733040032162,2.75271234156291,1.53029315385058,12.0497480375829,2.4462710861113,1.55282937162355
7.24000123459991,4.97422104932155,0.225865386002123,7.39226828329147,4.85254960978313,0.279353645725322,7.457296209493,4.714727484793,0.290797046865404,7.19125196307309,4.55016764474393,0.0181830949812859,6.82552048736039,4.62544112238312,0.0815284295283804,6.50664391211705,4.45010099631177,0.0285480235612602,6.60464918940904,4.37800026505841,0.0940233541170376,7.56462091325847,4.85409914932303,0.287441823820499,7.76558756667329,4.7605021173173,0.336771196249415,7.9583430711931,4.6189088932473,0.413000681849621,8.0586303554603,4.16524110547326,0.36234117304069,8.31985271324637,3.84395343065731,0.528065513769307,8.25040825464498,3.58631285896997,0.560658733252778,8.44109171970154,3.57748522376108,0.585499439802327,5.5189389952089,5.14228735287389,-0.2601053778626,6.96668957688765,4.11187941646827,0.241792402040417,7.35786706768084,3.86043045139506,0.377343417551568,7.813036715216,3.68600519046629,0.496700779996426,9.10402419920607,3.52107394463367,0.680647149089636,9.69820512867647,3.36973577014482,0.857088839934312,10.2809500424424,3.18715681435928,1.06488571769591,10.8712782985919,2.9668085758261,1.29458962808057,11.4614654749682,2.7578818486302,1.53149139365677,12.0358680617348,2.45120275287315,1.55579673027319
7.24272820284298,4.97496593403487,0.224448851967213,7.39126993534272,4.8529298070196,0.279599000550667,7.45033516824239,4.71336876410756,0.28697221563083,7.18218919568339,4.55192787194488,0.0146703944439491,6.81073938210637,4.62512848742302,0.0693397477345334,6.49119467566936,4.44783003088784,0.0130067190037373,6.59206120900898,4.37978052292866,0.0891962233485888,7.56188169025642,4.85953887944941,0.288783041478918,7.76336817710984,4.76065482593451,0.336016931492185,7.9574825833886,4.62043246700446,0.413250865825546,8.045616949706,4.16462814314004,0.355760212226971,8.30193635863318,3.84426565602097,0.520316577068207,8.23596031712389,3.57820929257955,0.553955770565831,8.42097250539886,3.57113129325548,0.57700154529529,5.50961486852378,5.13620222063524,-0.284985187859105,6.95226179388447,4.10166335633177,0.230400546426573,7.34160376223339,3.85833195421717,0.377060975813778,7.80105075949375,3.66535843777077,0.491525782459218,9.08157163732369,3.51159432609183,0.66599007994488,9.68561458257619,3.37197227250722,0.842900353659369,10.2684340693209,3.19242517839878,1.05315807866254,10.8537997013234,2.97438890444895,1.28535318851838,11.4386017376437,2.76832777020908,1.52869281070028,12.0187226976092,2.45527687466504,1.5549121578306
7.24356450273114,4.97528261606684,0.223727286269576,7.38815708627292,4.85132790871932,0.27703326587658,7.4403790102745,4.7103593643962,0.282821145119982,7.17221772447254,4.5597345016039,0.00896060818002342,6.79730148353381,4.621105444988,0.0533430812766694,6.47549550301265,4.44484411019617,-0.00314299139897654,6.57715539746145,4.37597290790366,0.0722713961705922,7.56363010048395,4.86779190655687,0.292709993449508,7.76106092720226,4.76009336515862,0.332145504595875,7.9563312577156,4.61661909443046,0.409486837438873,8.0330552120125,4.15872820232461,0.34596609365824,8.27896207682466,3.83103083367113,0.510109522877752,8.21932982989846,3.57201790238546,0.547251553281291,8.39856622210029,3.56374703252084,0.568721364071628,5.49616871887769,5.1283673281274,-0.306969896293774,6.93074070553418,4.09069911197065,0.215034762579135,7.31999454780655,3.85174784725185,0.367219345908265,7.77519001989971,3.65975975673873,0.483559150766977,9.05795109150506,3.50923850815408,0.652856000588068,9.67020996823939,3.37972443161733,0.830749547111983,10.2560447244601,3.19442728621964,1.04229602514254,10.8472624654459,2.97862952790455,1.27713808418692,11.4211681892791,2.77699988445615,1.52502610522069,11.9966355399872,2.460388782109,1.55765630145681
7.24363740156171,4.97174509675718,0.222743002236362,7.38567573771587,4.84848578679259,0.275078040500763,7.42906294005428,4.70621859094268,0.275150167524642,7.1671961207255,4.57098681861783,0.00686511665915609,6.78360191213179,4.61860441548401,0.0454663328522164,6.46536513878488,4.43673960867053,-0.0186730797341972,6.56692716551519,4.36844196949718,0.0579099216626259,7.56273902065986,4.87250218712414,0.293973890286378,7.75838646101944,4.75848310542444,0.328170771253137,7.95583051308719,4.61644202414389,0.406702635387343,8.01778742102795,4.15124768793897,0.329516079036049,8.26401351957089,3.81905489352131,0.505297974772209,8.19259098218793,3.57111061925576,0.541867180699498,8.3755693016326,3.55504236424363,0.562353038359497,5.48644392636937,5.12277241101403,-0.324870606523531,6.91471835172603,4.08751853469333,0.205458220239853,7.31214787313251,3.84797255210022,0.361349314522754,7.75655781226691,3.66193585792788,0.479983397581853,9.0392204099652,3.50597087416008,0.644943270613918,9.64980158010133,3.38024490617622,0.820032271959404,10.2403941834789,3.19747668000837,1.02955983277357,10.8348380440494,2.97743996365662,1.26921679931141,11.4076349687872,2.7831325117293,1.52074674356131,11.9720922800904,2.45834440422248,1.55566761868602
7.2418906956375,4.97143640230448,0.223801714970775,7.38160772265167,4.84818957269359,0.275859004712615,7.41777019110081,4.70528757711571,0.272951224751028,7.15778414391536,4.58339478860707,0.00472539907955419,6.77705048624836,4.62497534430765,0.037631114207363,6.45542623793384,4.43243976941467,-0.0258203369498293,6.5564035322958,4.36891309254011,0.0471027623959296,7.5655551163407,4.87251263822152,0.29341693407294,7.75970246592964,4.75022014045121,0.333642894369168,7.95658288388484,4.61804869485571,0.405257905318563,8.00177775390631,4.14752463440563,0.318702458220306,8.2510927583325,3.81555252655766,0.503471669362088,8.18119854952702,3.57466989065743,0.543530375459754,8.36970024631924,3.55399845954565,0.56394815108903,5.47478121754341,5.1215840553878,-0.349884823747097,6.89937324362799,4.08759750491266,0.19972372323447,7.28777234449488,3.84162952872079,0.351252928167723,7.7401841961827,3.66129256132826,0.476439018894453,9.03626386902485,3.50712119173397,0.645846776818214,9.63630936636463,3.38224952376042,0.819534996788998,10.2256521406262,3.2024705661787,1.02233797167096,10.8140759155775,2.98893972219505,1.26269214779444,11.3930935062096,2.79209497322649,1.51562664144745,11.9537671993272,2.46502744732306,1.55432615772546
7.24061181895135,4.97284161079182,0.225026371502834,7.3770001221839,4.84695180798677,0.278396393272662,7.40629459788565,4.70518851902923,0.270558757736874,7.14704972292844,4.5844882010697,-0.00510540953828279,6.7620054783603,4.6313081093923,0.027100472443035,6.44366796865485,4.4359222249238,-0.0321827404960819,6.54435704185927,4.37201610296595,0.0376427168229243,7.56882519537455,4.87516183071529,0.293509540276481,7.76108942996747,4.75037794802713,0.334347446699798,7.95788160050131,4.61834361441005,0.404359174719299,7.99550187025616,4.16727443034936,0.316237861245306,8.23261839503023,3.81161777881647,0.499285757542894,8.1614692006824,3.57816735386042,0.544123327223167,8.35176834901397,3.55689214498932,0.563413218464049,5.46397344161409,5.12066508706816,-0.364882706672776,6.88667829827183,4.09129937013268,0.192859317575168,7.27069089159763,3.84825756112358,0.345263466553027,7.72473468632703,3.67138094274551,0.470343424109551,9.01563476057827,3.51170829847776,0.643727303160139,9.61976083870871,3.38677438695129,0.820325891884971,10.2079124436132,3.21477163563324,1.02007728604872,10.792901843294,2.99866325862942,1.25877637221238,11.3751699574878,2.80363646483255,1.50824245538638,11.9377391612909,2.46840164983647,1.55112977882137
7.2434861224181,4.97135157418671,0.224783625729734,7.3749541426461,4.84474149474404,0.279088451770724,7.40238406656822,4.69729670671891,0.271311361017461,7.13578991565675,4.59420122674061,-0.00480821492505892,6.75270175340552,4.63468812524771,0.0191336474809644,6.4301472768116,4.4402071197211,-0.0385479404011375,6.54570093195362,4.37163263512143,0.0331918973075674,7.57105027517657,4.86062939801674,0.305621999571372,7.76194141029899,4.75022723809144,0.333247989747601,7.95928696826937,4.61752731167149,0.401838610532601,7.98509783658236,4.16581171251988,0.304760692952731,8.21471293783518,3.8149683080088,0.497515202177676,8.14332216739754,3.5797907621788,0.542253195223919,8.33463668708041,3.55955314124379,0.56191798959832,5.4499878305421,5.12096922153276,-0.372203529795466,6.87810372903027,4.09748802355244,0.186586179057191,7.25861018616988,3.85480245519738,0.340581391662977,7.69915042291776,3.67660398741536,0.465687705577943,9.00384117961766,3.51660818847938,0.646498565836467,9.61143684676112,3.39052657725564,0.820088075832666,10.1963570450695,3.22251170873908,1.01884854017829,10.7763114748758,3.00198769549269,1.25830289606689,11.3596381354089,2.8048871087053,1.50048224400498,11.9241001065033,2.47554174547574,1.54688522539826
7.24469688367604,4.97363573888346,0.224726638453946,7.37300284174695,4.84060924561192,0.278900044181334,7.3920474208849,4.69192563576568,0.267403792396447,7.12554445609727,4.60474816201299,-0.00584250051200072,6.73939726670189,4.64163156084518,0.0115703022028662,6.42179676866512,4.44955322793693,-0.0373838345379207,6.53339068972529,4.37460789117541,0.0280097666274968,7.57075276163572,4.87941845828192,0.290658481104414,7.76091737761632,4.74980571442389,0.331235483188227,7.95774722232727,4.61631695349391,0.400653088406627,7.96867322105432,4.16060630192943,0.298302980365992,8.19632883882705,3.81783310688375,0.498175620399797,8.12371349962193,3.57944778330932,0.541051022503465,8.31955626829521,3.56210695799821,0.561983752984389,5.44219089574879,5.12703675594348,-0.38184774958845,6.87007352416009,4.0989791789828,0.183892934547484,7.24643081731166,3.86005005914051,0.33784433533256,7.68124169607159,3.68267840808114,0.464843147394058,8.97800217929858,3.5228742415059,0.640411189553699,9.58869424130812,3.39760555909148,0.810847758396621,10.1766398088032,3.23564378723656,1.01040272175324,10.7592283944102,3.01757015782614,1.25583187401915,11.3417649128753,2.81157531613004,1.49640970460748,11.9073949730377,2.47824474912038,1.53847609157365
7.24240495707508,4.97292485610903,0.225121082038559,7.37242981121783,4.84836504502692,0.28405467199739,7.38278037610315,4.68983262550883,0.264673007264259,7.11532675807938,4.61860928281709,-0.00675046569865638,6.73157286504547,4.65312691650198,0.0110652144583718,6.40665921714577,4.4614483743566,-0.041748337398925,6.51819795397082,4.38406586330112,0.0211585087182156,7.57263027926655,4.86591775164834,0.304406125483229,7.76055586341928,4.75112380222219,0.330527790279771,7.95717426085574,4.61515687566401,0.397089407809661,7.9675351862975,4.15106132592266,0.295382838866788,8.17748552663546,3.83085810220013,0.500173858672955,8.10334347898219,3.58155576042915,0.538009802993826,8.29975724399265,3.56707296777189,0.561075022751566,5.43328641527746,5.13972732598847,-0.388156797455074,6.86092674437946,4.10960835250573,0.180451883559639,7.22172654996706,3.87515683445795,0.341029099590373,7.67378411852598,3.67599684520663,0.467439413031626,8.96673211052595,3.52610863970195,0.639398390611855,9.58095033726432,3.40138446181775,0.808685007977337,10.1678398721597,3.23673501218152,1.01154718562131,10.7495832110496,3.02467492519334,1.25072155856373,11.3277718470839,2.81937547075281,1.49543954203266,11.8888971525717,2.47657633648635,1.53414757620709
7.24376158975182,4.97331350374,0.227062446388036,7.37122854809487,4.84738205326037,0.282379859154332,7.38617171490656,4.68272148465677,0.246123440347908,7.10785837095081,4.62834792814976,-0.0083339998959528,6.72312286320769,4.66198849207808,0.0102006471025258,6.39605279214505,4.47270985977723,-0.0413003891361807,6.50636875583938,4.39985035793714,0.0260984396055516,7.57592210041162,4.87053370139984,0.306801818010534,7.76156040663095,4.75170653522106,0.331318997102899,7.95695854333811,4.61449967107888,0.395427024204306,7.95920712451302,4.14681887350771,0.291107907553007,8.16665029235115,3.8311481525305,0.491699650514006,8.09668761026974,3.58178947670124,0.532150251840229,8.28234841206544,3.57047866409423,0.554367349979062,5.42226431704427,5.15217867400085,-0.389260493234637,6.84994119387513,4.12034457030853,0.177568723731707,7.21174581441235,3.8827675427029,0.339805315723839,7.66129156140883,3.68334851573779,0.465963816249163,8.94994434307228,3.52716605482403,0.635541860520445,9.56232773056444,3.40803699567786,0.80526394250896,10.1550868109447,3.24423228994183,1.00850455103927,10.7312760514767,3.02991333266317,1.24298827140018,11.3106148566313,2.82487762599185,1.49191802649386,11.873886093319,2.47924025180679,1.53524780555232
7.23897020564239,4.97643695174693,0.226719445372413,7.37057507803427,4.84439952324494,0.282602486835636,7.37786660133351,4.68176666478392,0.241566852702746,7.09735472650645,4.63939726880271,-0.0129613694812761,6.70880131943175,4.67633948176872,0.00170260138353579,6.38828136679374,4.47537075258226,-0.0507900609635014,6.49147965219559,4.41344449033536,0.0219976942553811,7.57969781783882,4.875804973859,0.30928609465634,7.76270008819471,4.7535518622796,0.333037956098038,7.95690448154481,4.61485608803871,0.395198391345871,7.9531590058151,4.14438448864282,0.283543069796269,8.15755151191465,3.83728083787167,0.484826748400536,8.08382953676855,3.58851396775993,0.529940743543631,8.2684808802194,3.57424650480719,0.551441599544143,5.41073287087307,5.1728586355768,-0.383391533636042,6.84098575778765,4.12819547895676,0.17467189566315,7.1984446791219,3.89046280670042,0.335077963805053,7.647712852229,3.68983420628928,0.460950351753713,8.93659623758558,3.52978568105718,0.634142832917419,9.54357220119079,3.41370604888746,0.801288407833266,10.1374488384864,3.24867608997792,1.00426454388885,10.7223288918818,3.03234495890581,1.24093397741155,11.2938518806105,2.83148636198476,1.48891859772045,11.8580481865083,2.48332230086454,1.53101291056776
7.24033015182235,4.97493824452803,0.225771374904734,7.3714522411856,4.84481004279929,0.282443266343944,7.36825599035844,4.68229966838023,0.237667766928957,7.07971140750411,4.64933605403408,-0.0179396112522035,6.69309194206542,4.6917667272265,-0.00170888761150461,6.37240428073668,4.48757551080342,-0.0565369064808498,6.4773627817726,4.42425752467415,0.017960581583895,7.5776287452827,4.89338317142316,0.298227682223376,7.76199792860702,4.75292306683865,0.332494963299479,7.95680567003851,4.61475588977997,0.393714178395548,7.94266111899796,4.13770657652649,0.270928144471895,8.14205430738797,3.84278451993954,0.48299402804099,8.06662864874297,3.59463988584946,0.531030352797543,8.25187760469998,3.57619615179388,0.546565019720225,5.39776947350319,5.18977864291015,-0.375717370754487,6.81846384537022,4.138901220648,0.160056999340878,7.18105261517174,3.90166969676355,0.328545939389595,7.62422618970549,3.69881825066441,0.452723337648806,8.9200571907946,3.53307695443557,0.631834521793124,9.52856440331147,3.42015557514926,0.798237197006694,10.1219875965327,3.25040997542086,1.00191917898698,10.7126938225768,3.03519307788974,1.23679682898894,11.2848410203392,2.83528832335017,1.48619130152243,11.8405963285592,2.47710814580525,1.52328063368646
7.23878509146322,4.9758697027244,0.223726379751045,7.36625692339406,4.84200122272488,0.283236844129304,7.35354475144414,4.68408814913499,0.230717974820065,7.0651696457618,4.65073262247916,-0.0369399862797982,6.67260396513165,4.70455270445433,-0.00555473273503256,6.35823391187484,4.4953356604616,-0.0598569565229888,6.46087956582422,4.4334419747444,0.0130448211102278,7.58260199483318,4.87479672625574,0.307452123489585,7.7621086050655,4.7498973096102,0.332009581304012,7.95672664041935,4.61077002997796,0.390861439801883,7.93377048753853,4.14547382123778,0.277253583411885,8.13256242754628,3.84107056796694,0.479790873888266,8.04652092017455,3.60339587028779,0.524260842246579,8.23953632855879,3.58178048877205,0.548019373630508,5.38506981266998,5.21123694575173,-0.375562714363461,6.8064174870903,4.15189235637564,0.156910585097838,7.17042071866969,3.89788213790318,0.32018749930701,7.60439082160817,3.71093560875534,0.451621839655919,8.91869774614331,3.53715005621519,0.63336117274194,9.52294782273446,3.42758024583507,0.798907261824719,10.1082053327506,3.25476275251953,0.997756035838765,10.6948146059869,3.04333330335304,1.22863983366154,11.2681694923492,2.84140869992136,1.48319544942243,11.8219251270643,2.47933006384065,1.5219794010048
7.23638035863209,4.97719757398334,0.225083533156828,7.35873995041465,4.84548864765308,0.285603915246622,7.33994259803027,4.6868391622672,0.231886224696516,7.04336933180941,4.65651509074119,-0.0371009780048341,6.66011803962571,4.71251703953884,-0.00684404161422873,6.35066169715325,4.50816042753307,-0.0640713489147316,6.44469483525818,4.44316503477719,0.0113024058371711,7.58088525173283,4.87627059952436,0.3087295312236,7.76217732284022,4.74891307708577,0.332294166231214,7.95647369973855,4.60982991350458,0.390968605866426,7.92009466377447,4.14831867515977,0.274366669420533,8.11606921488179,3.84619342313988,0.476570782370355,8.02664562189689,3.60957321232647,0.522154318900068,8.22090365846552,3.58588051778778,0.54660230040505,5.36585037751002,5.22640333515888,-0.375029708501485,6.79180971387974,4.15914724598312,0.162889331897529,7.15435001731475,3.9120222073062,0.311719765591995,7.58863138909999,3.72712207783972,0.443602701756351,8.90532365394079,3.54322156458809,0.631727762167489,9.50493024363591,3.43184450031412,0.797606656942299,10.0907940669699,3.26924944099191,0.988059680994969,10.6786001849279,3.05472944160581,1.22366535965916,11.2507560617434,2.85319939179929,1.47520073731871,11.8052600334342,2.48744717867508,1.52308896779717
7.23331704400547,4.98247887518683,0.226984728967817,7.3591972823989,4.84162012721133,0.282139260135239,7.33050413959125,4.6950879199812,0.228640032354958,7.02286342226769,4.66300462880314,-0.0476670186476652,6.63567821700087,4.72661659444728,-0.0157101769134119,6.33194666295762,4.52404635267471,-0.068429384461535,6.43127926717564,4.45834993912514,0.00384242484023226,7.57867900321477,4.87587629010751,0.306774941904081,7.76134255725159,4.74844097281266,0.332119516363486,7.9572415658321,4.61046930118354,0.391208737551947,7.90389162993184,4.1530030651487,0.268528516822491,8.0950034048129,3.85266508158652,0.477609199021932,8.00205762511964,3.61666987303459,0.516872678498672,8.20038443048249,3.59013573420172,0.542147342845939,5.34575905718164,5.23558881556265,-0.380144659553037,6.77101871076062,4.17803387939996,0.155179509141736,7.13699897557577,3.92942978904805,0.301818912177443,7.56345571122028,3.73698018947686,0.436440676828028,8.88341579295282,3.54523062030505,0.633075080857398,9.48831691545938,3.4352203769819,0.79690909479233,10.0746788396714,3.27506907732433,0.988538208281317,10.6596233184172,3.06084876605328,1.2208997247188,11.2289017888441,2.8607241537676,1.4666346846632,11.7861927801996,2.49447255647211,1.5196335149258
7.23098847225583,4.98680648416259,0.224571498392165,7.35822861424862,4.84502175452543,0.282808238356576,7.31606915881521,4.70685367148936,0.22114353160738,7.0044908367979,4.67752109384498,-0.0499922956528196,6.62251250336878,4.73604902599438,-0.0215190051665596,6.31190784386837,4.54774065428939,-0.0700590891406395,6.41928185634664,4.47386668499494,-0.00668726544590631,7.57390624899871,4.87412963695178,0.305305444274088,7.7626461458352,4.74832828674959,0.332239526013534,7.95849639298476,4.61020986064387,0.390712710532437,7.88813596047409,4.15682093370942,0.256182256047715,8.07359260288469,3.86418239364419,0.475935777944874,7.97606529454017,3.617464646517,0.508112961083454,8.17255543514571,3.59439370572317,0.534189262774666,5.3303739112271,5.25105302960822,-0.392951486571264,6.75123705477662,4.19717956492647,0.142179140894997,7.11855331382606,3.95068313053663,0.287655385421006,7.54990663386203,3.74167234975792,0.425533762984074,8.84996342327521,3.54360506803679,0.626468941984467,9.46347849920615,3.43536060187863,0.793405700830765,10.0515909388555,3.27156394755636,0.990039459618684,10.6351919460268,3.0662403408984,1.21734630077514,11.2078042773766,2.86151132813274,1.45885894743167,11.7686695878963,2.50150565103625,1.51298155010496
7.23208281429705,4.9915077804405,0.224543710327737,7.35246652488078,4.84919477288384,0.281294497906617,7.30547207797331,4.72141195818898,0.209109378085266,6.98228195283867,4.68448821974276,-0.0551939577650402,6.60575831066419,4.74771397089608,-0.0284763719321915,6.29756428589745,4.56010827400318,-0.0815403365693331,6.40489983687231,4.4842902490672,-0.0159682678176536,7.57259817751816,4.87388871296439,0.301701263000477,7.76322437029887,4.74702217827872,0.330522400450093,7.95785949302054,4.60716891475304,0.386822979622,7.8714435948796,4.15924735588387,0.250340386410555,8.06002563178513,3.86925858869821,0.478576911230167,7.96259282626057,3.62037367444888,0.509463780058015,8.15283010703432,3.59600841839993,0.532237704317494,5.31652886778907,5.27208951500684,-0.40134655359453,6.74152135037558,4.21078108363064,0.132327256131859,7.10682198133645,3.96520526660657,0.288052212634519,7.53594836931615,3.7414667068635,0.427128763776455,8.82611435200837,3.54355618950855,0.623279808244379,9.44325786641291,3.43515291521253,0.791196882587476,10.0304984444373,3.27526629702926,0.9868351285297,10.6222420937926,3.07027200399965,1.21635958961094,11.1944570889257,2.86874939563271,1.46054228647345,11.752577026388,2.50725437882997,1.50712570952812
7.22103265869956,4.98300902122703,0.232816641339283,7.34689651262859,4.85289953073015,0.277540274795262,7.29074797598633,4.72234731724654,0.197639766130816,6.9659262124535,4.69175122143338,-0.0585258857903956,6.5812273187973,4.76308985656351,-0.0356353287094993,6.28240088119646,4.56250174902488,-0.0982740573281309,6.37951831840367,4.50446080731524,-0.0223257492212815,7.57186564501025,4.87609502399144,0.299354970486125,7.7623431437599,4.74547553158706,0.330717622925118,7.95152860327588,4.60527579467264,0.38640285280634,7.8623404215473,4.15885742864412,0.245619781020404,8.04213201133221,3.87191463185814,0.475906042398122,7.94112917655692,3.62861693020697,0.507298793988145,8.13201082891337,3.60290413300752,0.531271723363548,5.29625802504752,5.27264503188976,-0.414152904017888,6.73275652968513,4.22195542814702,0.126565010885435,7.08486036101217,3.97623882394128,0.283517848164641,7.51707077303467,3.74993078686708,0.422329499422442,8.8079753802921,3.54798468667569,0.626539033423531,9.42164129168764,3.44208724054856,0.78879518766147,10.0172506772313,3.2832436570829,0.98365865053968,10.6037261617351,3.0778190080874,1.21261920930192,11.1715477416245,2.8798031297395,1.4545738961128,11.7284712704873,2.51218703617582,1.50471945053156
7.21261761477755,4.98681554400614,0.231665467801878,7.340382462814,4.85227275909519,0.275193877847087,7.27288950643958,4.74096562212296,0.198069938447613,6.94706265916147,4.68766840250731,-0.0745541722368802,6.55896881605885,4.77949067025833,-0.0409361142787579,6.26232962634835,4.5789818504777,-0.103279457931803,6.36785640421235,4.51726895752264,-0.0276440210795123,7.5734765731139,4.8811949178306,0.296885405351694,7.76213757406557,4.74731450540552,0.331716165164083,7.95119939767877,4.60688627452891,0.389356673227304,7.85361038552991,4.15719060925247,0.243040514453903,8.02521980025578,3.88384109984177,0.470354071094852,7.91581878715565,3.6392329113382,0.506348551611052,8.11200756051594,3.60608547055227,0.534272418875972,5.27460099568441,5.28376690733753,-0.419754284243792,6.71544921686687,4.24480856836341,0.124419126637292,7.07366512273086,3.98897348308111,0.283030615660597,7.49965469996444,3.76816674384285,0.416158819718371,8.78913609066645,3.55738831830222,0.628660265251646,9.39711249716546,3.45043074757516,0.793297680613683,9.98648481667825,3.29030693651804,0.981093322032952,10.5819516861399,3.08261683301297,1.20725047321311,11.1595077421362,2.8848045719392,1.4496142917588,11.7074850321881,2.51051294168122,1.49572522013744
7.21098067395188,4.9979501959824,0.22522059590158,7.33091368956792,4.85393496580581,0.2712211202707,7.25629303426279,4.7530018223231,0.195798299828671,6.92649541458664,4.69610241206746,-0.0821979974730189,6.54282642421889,4.80450585406958,-0.0515060956735384,6.24844702771697,4.59647722862256,-0.107686841770656,6.35239898589496,4.53417912888863,-0.0349523524652337,7.57607674209074,4.88378616552322,0.29359958449892,7.76189987174844,4.74767448752457,0.333073234466733,7.95141403387598,4.60804840276507,0.389618105297658,7.83875426856777,4.15592070172009,0.23736298115005,8.01073459394536,3.88237283671959,0.473105375755705,7.89537066855753,3.64994138231973,0.506332139147945,8.08623765565031,3.61438044260809,0.534902510973531,5.25370666638994,5.29882676726109,-0.428740831590715,6.69779435413364,4.26490608488247,0.117059472380451,7.05890705310921,4.00352949188636,0.269304827300204,7.48085018828125,3.79033429179352,0.404777815726522,8.77072765521378,3.55828768961358,0.634173861259932,9.37289927717513,3.45150947902633,0.79524990267643,9.96778826190801,3.29630038342892,0.978196249394736,10.5675517338801,3.09129226674239,1.2043790986903,11.1454279436235,2.89111644859444,1.44891690028449,11.6892969583584,2.51978851136601,1.49192925746702
7.20480249940899,4.99368462380646,0.227345199162834,7.32966484553032,4.85394607341435,0.270077185493386,7.24031152059751,4.75116712814928,0.167801058787177,6.90511419654512,4.70817744417828,-0.0850977004098431,6.52371171209925,4.81154309298061,-0.0605980008959051,6.22612601710506,4.60916006876551,-0.109208028439097,6.33173974155872,4.55061587788839,-0.0415672176337907,7.57526568532289,4.88273439392541,0.289265488604113,7.76059848651854,4.74687009778631,0.331658312055817,7.9510633311581,4.6053419497688,0.388861107866046,7.82849696441434,4.15941644524629,0.230008484436578,7.99782722628543,3.87959348637514,0.468657090310127,7.87975336702105,3.65832233051519,0.502229556281577,8.07729521450598,3.62331270448824,0.537576005218652,5.22958132826269,5.30885433327749,-0.435104092255975,6.67731400589198,4.27834687586226,0.109217284574719,7.0395657098192,4.02391273265777,0.259337412747581,7.46106392615468,3.81017508097936,0.404201364113994,8.7469335419962,3.56032841997179,0.641426107244297,9.35493543268137,3.44835844546022,0.800605941016003,9.94988695802877,3.30162812867402,0.978266706909606,10.5432221176071,3.09725401785703,1.1997731813225,11.1242548453476,2.90434140032343,1.44370844194534,11.6716520207824,2.52231889305972,1.492355581334
7.20023725814328,4.98902862816717,0.233561937467008,7.32315779225132,4.85499639744254,0.258458376725958,7.21630286310858,4.76195875658466,0.15284086284745,6.88585518476776,4.7294975452739,-0.0957837310279799,6.51087993976139,4.82681027685034,-0.0564303186211563,6.20793208889167,4.62834740857332,-0.108403851962782,6.31983827980662,4.56240578930062,-0.0417796433068273,7.57293996747939,4.87866790314744,0.288111679517993,7.75903977994488,4.74458148970553,0.331598264292432,7.95126882257201,4.60302089140091,0.389558908293725,7.82148971802707,4.16774572416953,0.222929798234173,7.98378445209738,3.88485218274639,0.466099218692255,7.86517424936721,3.6630231492678,0.502261876191921,8.06098903470371,3.62837714030877,0.539062125491637,5.21477369387947,5.32400013709327,-0.435275121106476,6.66382646538187,4.29412248063916,0.100956760563321,7.03097973848732,4.03559190237066,0.255470117536176,7.44676305526757,3.82150497238923,0.398539131810548,8.71947443652778,3.56419049840788,0.644736101206209,9.33368452602607,3.45036220556293,0.799960284769445,9.92658226185055,3.31080843211922,0.973360438440504,10.5211888638205,3.1060945073503,1.19610318088396,11.1028913165716,2.90881856429386,1.43476022982046,11.6534502662197,2.52931053244539,1.4861323323668
7.19457707262289,4.98651213323215,0.241662724435925,7.31523292276309,4.85654153069393,0.242424246617293,7.18070751666431,4.77636207602372,0.122672603361529,6.84961007375114,4.74603862439393,-0.103380693660747,6.48799219274129,4.85151283285891,-0.0608529501774603,6.18563353633135,4.64102659844129,-0.110323072964853,6.29818294844479,4.57237550914724,-0.0492287102698004,7.57497560817608,4.87848261146808,0.287898753233059,7.75932625158403,4.7453134178934,0.332470669789308,7.95182291254998,4.6029516126113,0.389609803824328,7.82317298672129,4.17280796748847,0.219590004476046,7.96716046269882,3.89685357033172,0.464478270542564,7.85128266092491,3.66939905640226,0.502714591758173,8.04383266903708,3.63516370735953,0.538166038064437,5.1958457339519,5.34041619017258,-0.437644866389476,6.64357514148974,4.31503067403935,0.0941583220933713,7.01882391975879,4.05541118159133,0.248809685515003,7.4304010499179,3.8298636766556,0.39899552615257,8.70931173272263,3.57032671300329,0.653458889360075,9.31610148362839,3.45427127749564,0.802875219285417,9.90924185854322,3.30702478419823,0.977347795594608,10.5062272691227,3.10946779081847,1.19632570897445,11.0854103165006,2.91135894973161,1.42769038543577,11.63381196368,2.53226599986547,1.48073901057097
7.19396791177195,4.99079496252688,0.241879241530442,7.30093806337414,4.82504707857798,0.221149256197435,7.16287130545788,4.78358885751269,0.0960324413393765,6.82682603572489,4.74028614077944,-0.128974757850581,6.46191054579782,4.87241883068828,-0.0669173117526894,6.17216294225607,4.65129626551058,-0.115943481833092,6.28077217825231,4.588815417215,-0.0517487166550509,7.57548088224093,4.87782892103371,0.287785981413414,7.76046726393098,4.74668464935585,0.332291697466473,7.95330210066168,4.6051409207401,0.38984554698815,7.8184915330387,4.1837179106521,0.216741777501827,7.95303526116709,3.90484653359209,0.458609472620654,7.83278875432299,3.68409033620615,0.501118173529042,8.01920718019649,3.64531669178274,0.534137959981914,5.17086309067141,5.35969827536103,-0.428591706045885,6.64801235181963,4.32995191108884,0.0959459136407829,7.01485335360978,4.07171957443448,0.244040267767212,7.42290782795933,3.84528303449479,0.395957727723981,8.6840663471376,3.57094509990037,0.654637357157745,9.2964177279801,3.45634971671033,0.807028504651139,9.89139420685519,3.31301341940065,0.979297781240145,10.4866082919653,3.11489593498625,1.19662058524132,11.066188283237,2.91860409098556,1.42705789248058,11.617261554322,2.54023638371398,1.47313581683672
7.19587431911725,4.97733933599142,0.261262687038726,7.26461066386095,4.77831236752418,0.17808114860859,7.11678339630291,4.76656944228687,0.0599470774962605,6.77797759231783,4.72639676264148,-0.159745644778807,6.43830448634197,4.87851232254792,-0.0741682780999539,6.14988788123255,4.6667552540614,-0.11811606430533,6.26219477952954,4.60461604625396,-0.0529481034725335,7.56445703260417,4.8858181544857,0.281660108241155,7.76720727658178,4.74942255392706,0.333666839950258,7.9554031178407,4.60235146270102,0.389853514972322,7.80620592994749,4.19024182111173,0.209270058325639,7.93042826145262,3.91723508760728,0.459179540395189,7.80376159934317,3.69648524587524,0.498219188022517,7.99249690315508,3.65123758195374,0.535951363183043,5.13751663504592,5.3730126809183,-0.426292798848109,6.62332736333941,4.34802226008585,0.087385779597267,7.00558099933697,4.0910687613074,0.23926944689833,7.41237597997949,3.85066092727864,0.384133118741391,8.65700677465064,3.57285168582683,0.658193555807582,9.2640765503296,3.46381101350568,0.810266233641818,9.86477745844143,3.31546038582993,0.978919418551475,10.4598493000074,3.11748430387009,1.19683098048345,11.0395873012664,2.92977107833244,1.42406796447029,11.5952830257685,2.53920646631044,1.45958213621518
7.19557512776517,4.97963384912604,0.258583527725086,7.23467554724986,4.77425719325994,0.142187025385479,7.06695966714096,4.78419282755644,0.022560126993163,6.73203607040134,4.73673292567089,-0.187653431435799,6.39789821911753,4.88795199050059,-0.0841279107357802,6.11939808374501,4.67789738636673,-0.132811443168819,6.22923385846059,4.61752852736395,-0.0677302578893502,7.56622625021152,4.88299766988278,0.281693160054602,7.76750131032984,4.74730972167227,0.332379328234867,7.95621100844021,4.59755668537227,0.388363137114679,7.79868044745213,4.20144101083087,0.206924645928118,7.91092479236861,3.92459084646785,0.446229690681115,7.7786018671914,3.71101029860474,0.492287010827897,7.9654153937075,3.65935811533393,0.534193697568824,5.10244096930553,5.38031901480639,-0.42513596537323,6.59579023475987,4.36190734445775,0.0734422474498571,6.97004075277593,4.10288099817998,0.231063325365135,7.38837905184649,3.87341732031825,0.370617839639954,8.63022942571365,3.57406611833494,0.662486514979534,9.23715884676086,3.4632876796881,0.812755368669874,9.83422249832794,3.319601834795,0.975999656510231,10.4313975047779,3.12429122841202,1.18863472054053,11.0201794703105,2.93994584634369,1.4185580352187,11.5688760973891,2.54544936420413,1.45470647214059
7.19776684161759,4.95389241773135,0.253294221537118,7.19576457219308,4.78416658543722,0.140798170756687,7.04441879423779,4.80048391032323,0.0269847979808076,6.69338256444042,4.7271579726659,-0.179976515855386,6.3704277264533,4.90298790161588,-0.0891565572746765,6.08095573274242,4.68286390414534,-0.134980616261658,6.20013988975018,4.62385083818911,-0.0726340273403691,7.55938567432537,4.87923620358938,0.286762012460227,7.76725917266878,4.74413363068445,0.332781882271106,7.95980195008157,4.60270984486119,0.392401881383974,7.78760458577795,4.21146160096352,0.201188808539848,7.889127531511,3.92454428114471,0.443655809352024,7.74993201575838,3.72231067694224,0.486948597265142,7.93951582223897,3.66965240085248,0.527454176063944,5.06705848973338,5.37711737245779,-0.435215784188709,6.56860869119885,4.37476298979184,0.0678152171496104,6.93918685305988,4.12013304772646,0.217621757056224,7.35073746437016,3.90004837422845,0.367775770305466,8.60264448804332,3.58190528883823,0.667394800996203,9.20934078764551,3.45973283710524,0.807639677838224,9.80593092358962,3.32651167451788,0.972636350602224,10.4100415486519,3.13227179589939,1.18762372650879,10.9971739246248,2.94426971092891,1.41087238402621,11.5430233350449,2.55036979940584,1.45514937361695
7.21737002592383,4.93898463639919,0.252405287379415,7.16452829603854,4.80236612225789,0.134470554776483,7.00595242236054,4.82329338999629,-0.000331040353824666,6.65306514771127,4.73803743352339,-0.170886281496843,6.33019362780996,4.91205778619323,-0.0901797721719955,6.05938158045426,4.68878846395104,-0.139305320645446,6.17567358104589,4.63248716013967,-0.0753755653715294,7.55498050288143,4.87645910265287,0.289085411494823,7.76749038363276,4.74460576755242,0.334005987661422,7.96041910404026,4.60595481739491,0.390879174249672,7.77734914825967,4.22574335820003,0.195661887393923,7.86146926943932,3.94338814600941,0.448039903336949,7.7236373043915,3.73872385938228,0.48649796844595,7.89829084237927,3.68393675929434,0.52283551499337,5.02745671425313,5.37251728045081,-0.444547855307178,6.54934552695928,4.39338619865841,0.0628818989780696,6.91714025491393,4.13732964918353,0.21065858636336,7.32936906067614,3.91871763832133,0.365595317708073,8.55261671616569,3.58586557676699,0.657089846402481,9.16914222656344,3.47087293191816,0.803894824389577,9.76607998960472,3.32818579352884,0.970901640082482,10.3735470626689,3.1395261157068,1.17848873672629,10.9622516949124,2.95401224704186,1.40276937717158,11.5107760708368,2.55961156221309,1.44972895416364
7.23692305780393,4.9824819708341,0.194325670691482,7.14296625276114,4.87922558490921,0.0319262738168426,6.96729080253814,4.88136123983119,-0.110407752749028,6.60658706878562,4.75700664809686,-0.217700330381937,6.28626634786962,4.91741293732726,-0.109329675859675,6.01391298083324,4.69957093724721,-0.15150758159552,6.13601088241818,4.64086769399735,-0.0833891140116081,7.55952198332754,4.88055488416603,0.286550366210583,7.76388870738507,4.74692343824995,0.334961898798471,7.95921697561708,4.60607537628758,0.388678821712113,7.7635505865034,4.23607973245554,0.189623063041359,7.83403587098462,3.95947336116232,0.445587775494848,7.69110507560255,3.7566206190164,0.482306782525812,7.86304077052911,3.69959185316565,0.518664738326175,4.98657718088675,5.36940100987094,-0.459742023199904,6.51354626589087,4.40579664063105,0.0475484916659431,6.89971597788069,4.14854111549919,0.204333878515998,7.30736313028108,3.92078238124256,0.372386755289115,8.5143283449202,3.59479919504881,0.65678548927064,9.1314722519334,3.4846821959661,0.803091269956536,9.74242014366104,3.34002560734376,0.966559743753448,10.3475252873714,3.1539915645474,1.17175592524177,10.9311619773932,2.96972953923641,1.40263816551779,11.4803090187097,2.57033295357845,1.4474489355461
7.27421117666718,5.0509141686962,-0.016627769627949,7.12171244573392,4.95829529608076,-0.152897436910482,6.92375806851506,4.93150319594148,-0.245809200607084,6.55783182426033,4.76655874778841,-0.279284752038941,6.23955726593941,4.93026616145582,-0.131005619279838,5.98261518746255,4.70857289234668,-0.168898079605888,6.09998662188671,4.64850275895779,-0.0974203499836583,7.56263241810801,4.881533680722,0.284203405958488,7.76794726293771,4.75440563391762,0.329357248542881,7.95773658216627,4.61049021230948,0.389514021143504,7.75940225088971,4.24277520506332,0.180358812465364,7.82256119527568,3.9731028367612,0.444044163099859,7.68112769496413,3.77294936067696,0.474778028676914,7.84487434171847,3.7155633833348,0.519499478979475,4.94416023142057,5.36424880398629,-0.466491017616504,6.49591988727227,4.40145990927661,0.0281791788360348,6.88265752422249,4.17777230337898,0.197439508216873,7.28998893027123,3.93413229086747,0.347847183552204,8.49386656231047,3.6045289989586,0.663176978812029,9.09573205554243,3.4902016166632,0.806037551306196,9.71787453867647,3.34527655106886,0.964194635534138,10.3180450479721,3.1588736864635,1.17120021155511,10.9091874525924,2.9776508528348,1.39631842611318,11.4495741165978,2.56926233674961,1.43900594063375
7.20647284063321,5.17423536490702,-0.250489239558727,7.05094252767011,5.06068143172514,-0.328000044765326,6.83544437717925,4.96132695187163,-0.364876931374066,6.4891567288073,4.76103505051639,-0.343858538002434,6.19043232072608,4.93209643280655,-0.161310403310936,5.94517048886858,4.69912859502664,-0.186025768371552,6.06210263147697,4.65233633865155,-0.12187980310278,7.56640708795453,4.8794048727246,0.283675698927332,7.76844309084859,4.75259882864052,0.327843634591542,7.95864917675143,4.60660247018786,0.383519818882227,7.75766034999717,4.24893850255999,0.164059583449782,7.81023249464766,3.98503919518771,0.437397259432271,7.66111700426687,3.78776131668607,0.467590204553295,7.82788479944036,3.72769486759337,0.51498551956778,4.90417298415764,5.34383338394264,-0.485492862229381,6.46426153636632,4.41031667982359,-0.00374054088264587,6.85725447994547,4.18252868967216,0.171556725202976,7.27907916998327,3.96440912376698,0.327707362176335,8.46377201397565,3.61302448400428,0.663186081828154,9.07992324335619,3.49508909960597,0.80919000848857,9.6843458643849,3.35113996195948,0.966531303893386,10.292295703572,3.16478826871976,1.16946618234339,10.8865516972359,2.98821795164588,1.38552899992968,11.4292784442564,2.57412135151978,1.4315332684736
7.08089700753038,5.23776458680445,-0.447876847156975,6.93860381812112,5.0997891964427,-0.499445673822413,6.72971473816825,5.00322019134688,-0.471771957582222,6.43249126718473,4.78407087266568,-0.390848467070969,6.15731493178324,4.93180337634437,-0.183214970733957,5.91592649749327,4.69657402923742,-0.198938900869696,6.03957610100977,4.65026326044284,-0.129094728205892,7.56871657309318,4.88212378012485,0.285233921707766,7.76500539081689,4.7476123606091,0.332885958379303,7.95982537415484,4.60675126240336,0.384799064867118,7.7516418963438,4.25370291694942,0.159117788224428,7.78792529535874,4.00283063800252,0.43653861392064,7.63306652451017,3.80285335593964,0.461503547497015,7.79879728072404,3.7452983634278,0.510238748557478,4.86358071527337,5.32782793256585,-0.497217814908404,6.43540930978932,4.43073628550497,-0.011143473594243,6.83258680333699,4.21234875457343,0.164577704695383,7.24727622634902,3.98181554307628,0.319974408037837,8.42370069505254,3.61800355082462,0.660812061620019,9.05485100239874,3.50015140414037,0.81347402522687,9.65041950430908,3.35892269188792,0.970700448505961,10.2686423023388,3.17214567178459,1.1718452266139,10.862117006288,2.990880564376,1.37072414284232,11.4044709677838,2.57588138096492,1.43268412240833
6.92475222257689,5.22349710137468,-0.64436864634282,6.77854808172611,5.12968547976251,-0.638392780208375,6.59461101557566,5.02524958879854,-0.569194617940303,6.37862408552914,4.80977196977022,-0.42515335671804,6.11928314556535,4.9255054731248,-0.203161642231572,5.88447651345345,4.69732613943693,-0.208472234905545,6.01315006084859,4.6488680196425,-0.140348725332863,7.56804460692563,4.88430875441829,0.286138275378211,7.76898030583128,4.75263102263088,0.329530844951288,7.95963200380461,4.60414361065966,0.384649118799046,7.75760027312827,4.25691767270699,0.147180981976651,7.76818358694825,4.01666103867023,0.436133094762523,7.60912494401558,3.82113613154701,0.455692311577777,7.77879222834966,3.75946892076124,0.50480530743421,4.82866425884305,5.31296430752097,-0.507689124733612,6.41919359479236,4.43875048225297,-0.0198311377508889,6.81607690556719,4.21576679780211,0.141697944538583,7.22616626799526,4.00074979279059,0.314955656715985,8.41482035733113,3.62795707949216,0.666664038628133,9.03279737269629,3.51020679491036,0.821192974730311,9.63302724206914,3.3756380670105,0.980718570589267,10.2409116146074,3.18418596509106,1.16697424268442,10.8375448285755,2.99855770726733,1.37547565492211,11.3785548925051,2.58479744652045,1.42790679669099
6.7863459832297,5.27360009662498,-0.748531861922615,6.61239784127046,5.17498835362018,-0.722151836130865,6.47552610499494,5.05942078458457,-0.641504502396852,6.32820204262913,4.82668051559349,-0.462623697754725,6.08277660354186,4.92415610057479,-0.218265479384968,5.86910426333344,4.68928602530035,-0.221131816591809,5.99516683313054,4.64689206031228,-0.144335973998064,7.56671618672301,4.88287017238828,0.285315517094066,7.76820563091827,4.75290575722571,0.331247418245302,7.96112340341924,4.60211951776126,0.38405795304805,7.75807683824136,4.25506994888874,0.13148869584945,7.76033932208411,4.03472385367797,0.430797149393781,7.59067049951311,3.83606243471893,0.448850521392745,7.76336349628089,3.76973498809947,0.500055286411183,4.79844521023362,5.30170851288871,-0.528294272649936,6.41280982315522,4.43565410170071,-0.0313070792337673,6.80651893056406,4.22697102946914,0.121060300861487,7.21410790404975,4.0066009840009,0.307589521509936,8.39784104876461,3.63545005401702,0.672795157729214,8.99626104379414,3.52513963244785,0.827241160615286,9.61431335566979,3.38104351225032,0.975262547986776,10.2176484589532,3.19656895627314,1.16204414446019,10.8115128517509,3.00660578262498,1.37155099133599,11.3454668391322,2.58753754254762,1.42228800275073
6.65026002400227,5.3010659112518,-0.87960242703175,6.45451193692822,5.19674540563169,-0.811510143394242,6.35270640074344,5.08532024964736,-0.70844428622716,6.26716920450078,4.8466140546861,-0.516820875483669,6.04635108984808,4.92211400232355,-0.238246754552527,5.84869936297595,4.67617265615914,-0.229145653015856,5.96934708560026,4.62976727645154,-0.166251590155122,7.56691458204026,4.88214838333701,0.285114696477248,7.76834228435796,4.7507811683992,0.32980082642388,7.96061746237504,4.6010677022706,0.384063933323758,7.75857960860945,4.26975754352915,0.133274944799637,7.74541748441133,4.04441200449426,0.420407613855002,7.57150318621084,3.85200016580694,0.439084728929918,7.7342640190378,3.77905494455043,0.493763736998112,4.76527171113338,5.29173945221477,-0.543483996447103,6.37239763488106,4.44546000840582,-0.0338377858915082,6.78403267860824,4.23834542076926,0.113921435781324,7.19326834142787,4.01152778718752,0.288614598228915,8.35906798060842,3.64473441938028,0.670524998823378,8.96153481627319,3.53622408654058,0.82288786736242,9.57195760166477,3.39203094821734,0.974764067562903,10.1860226731527,3.20577810835701,1.16408353591437,10.7815325251346,3.02170721015285,1.3664303976951,11.3182616490103,2.59137826093506,1.41393572036269
6.37043084820458,5.41203879403446,-0.904918587185001,6.2646015293021,5.22779057365071,-0.851249731928475,6.20909439521908,5.12388570917643,-0.749757065511136,6.2047197287618,4.90903308066363,-0.51640747054041,6.00223625028864,4.9282475939164,-0.249975615379944,5.80839207232301,4.66641769508648,-0.242657317259048,5.9341643060608,4.63888465546844,-0.173957674593725,7.56748011284306,4.88103811654373,0.284007115656852,7.76909576301146,4.74662293759151,0.32830872169991,7.96001285141614,4.60302177530808,0.38603017155567,7.75079702519386,4.28384695372813,0.141382845041101,7.71212756062988,4.06119038080291,0.416399714523095,7.53005737475636,3.87176868576015,0.428770788461978,7.69934303736705,3.79494602371986,0.484834059928166,4.7262548715064,5.28195352645272,-0.553662560107972,6.3426021148717,4.45330322600967,-0.0477035611856174,6.76118556659873,4.25025585827414,0.100770520667071,7.16460848559987,4.03010703951811,0.27203825774302,8.32098140874122,3.65788168462636,0.678564917163009,8.92435042805206,3.53872796657237,0.824995943038502,9.53374470079806,3.40284475533847,0.976443708148806,10.1584691338626,3.21006525023233,1.15897448248765,10.7591548849009,3.03162509051483,1.35928310981819,11.2934226182166,2.6009315058478,1.41718670014941
6.2093964210145,5.44675434552643,-0.944419448641925,6.08192454489071,5.26997632262447,-0.889931728340467,6.05786728967955,5.14531231227734,-0.80005388274757,6.13717937508891,4.94727415696707,-0.535046910168459,5.94415335739127,4.93825087592954,-0.267548451410815,5.75113579326309,4.6758352558345,-0.254074990469458,5.87607753279067,4.63971107186159,-0.194161078306077,7.56792868915805,4.88215258386484,0.286138665863749,7.76803000403288,4.7473285329709,0.330800016712024,7.9594982356899,4.59899950218887,0.38720751696796,7.73881916305486,4.29025081282173,0.136745066928169,7.67936267798143,4.08853946590989,0.417233696621383,7.49323756027203,3.89376424179364,0.423646836992375,7.66015197068755,3.81396094459548,0.480527683852967,4.68060477715275,5.27950929814312,-0.563025586541038,6.29276170232437,4.47051498852807,-0.0635497016053008,6.71261861006972,4.26722231837804,0.0797267058007487,7.1269432908826,4.06322335501616,0.258176247132268,8.27439589037047,3.67847079998478,0.688712228556713,8.88215873114717,3.55981466557356,0.833827710679336,9.4953861047084,3.4193296458392,0.973650843187082,10.1077872333549,3.23052187615015,1.14859719602748,10.712402215715,3.04671819876081,1.34272924254794,11.2481631243463,2.61351160328139,1.41273119494876
5.93978230394418,5.5379304655584,-0.973198786767615,5.90128962864249,5.31733698629493,-0.9020424836968,5.90376097707703,5.19276441700686,-0.808853797795594,6.04883071986189,4.98108356076017,-0.573729843088155,5.89929366571467,4.95552797152664,-0.272223735188694,5.70659528797916,4.69304720703658,-0.256087906445955,5.84592604739515,4.63912721070146,-0.200722100207952,7.56661381082483,4.88248223622265,0.285939823903838,7.76460239473606,4.74546258358691,0.333426959553957,7.95562123734287,4.59246989741117,0.384972005549025,7.73395698031327,4.30430976689386,0.124962331491275,7.64734901800765,4.09860988155845,0.405753455570702,7.4563485757155,3.91509772519139,0.406881894780443,7.61817457327921,3.82515608650331,0.465577450004381,4.62648180174354,5.2762651941104,-0.574842186133083,6.27886149284604,4.4816053427456,-0.0675744806143147,6.68771589547188,4.28150920856766,0.0692552993670297,7.10005961907453,4.08866606399306,0.242765728814335,8.21188381170207,3.70170418636448,0.692392701557761,8.82820446299457,3.57479065127845,0.837838498942747,9.44300748084634,3.43350348244107,0.981050952497836,10.0701843222728,3.24795688529663,1.15339847157842,10.6699291616726,3.06552432436457,1.33556516811145,11.2022098876848,2.62730399211337,1.38866793899997
5.69322047440315,5.57044492600634,-0.968482196014703,5.73012898156739,5.40319726795899,-0.873377820183143,5.76176696111659,5.2458904928443,-0.800763803000446,5.97095753797223,5.02367436027699,-0.590701793878311,5.83669288743256,4.98450612452044,-0.279284846143732,5.66097295737784,4.68164172239191,-0.265406251033155,5.79842538587216,4.65490608087178,-0.207625312791395,7.56257893534229,4.87906761172234,0.280480204816931,7.76131516083764,4.74810672942824,0.33565491583727,7.94995809429329,4.59176276093734,0.386705046614203,7.73327582012475,4.30996103362555,0.118903740083014,7.60610245210493,4.11003177705771,0.401440450189427,7.41181522001382,3.92808056392479,0.383664149624545,7.568853491522,3.8444791644696,0.451848698410483,4.57240254984019,5.27927871984897,-0.578018028346727,6.22311456643841,4.49581681031441,-0.0840573827832655,6.64678401501352,4.30808742128372,0.0567845782901892,7.05633043391935,4.10625323645258,0.213643067808412,8.13240848839003,3.6989362512459,0.672476167209986,8.75222328294878,3.57935188558761,0.826893843444817,9.38563856401747,3.43556473512441,0.972290180090354,10.0127091779244,3.25618641732124,1.1428673897217,10.6288410236982,3.07593947946305,1.31883687023398,11.1667685056281,2.65315414282742,1.37908616469002
5.49867553947596,5.59392419472269,-0.970692957457484,5.55939962554683,5.41455209328007,-0.893366079397819,5.63267067357445,5.27692195063916,-0.798992213367578,5.86250176023497,5.06761128270006,-0.603063313592167,5.77673798211952,4.99703416543727,-0.279622859387807,5.62058587299303,4.70419058763817,-0.255909060447918,5.75447928120264,4.6753397939695,-0.203682785765094,7.56611356510123,4.88730129984106,0.287668160371472,7.76315951510071,4.74696961909207,0.336626376872217,7.94986537939582,4.58711061366881,0.385819658740815,7.73623133299266,4.3226410305265,0.108607314805118,7.56472496938446,4.12073903252602,0.381803427312639,7.37573025024297,3.9353388433431,0.363308374325225,7.52392413525483,3.86704594138718,0.444866108507903,4.51487804419504,5.28278627613408,-0.570967175693401,6.18679172652569,4.5156165107427,-0.0973976206918076,6.60181141435849,4.31584691701265,0.0361071614654069,7.01063295847154,4.12092794931052,0.194909357613084,8.08428108487735,3.71193704695893,0.664323114084107,8.7039633546259,3.58115796198005,0.818687437028812,9.3449678692631,3.43545315000647,0.962707016563656,9.97638700062747,3.261521056974,1.13176260172609,10.5879440876537,3.09071694066145,1.31134805857276,11.124278573923,2.674687200522,1.36962653899717
5.32798210890324,5.63829423526427,-0.945435584191769,5.39189904640256,5.44431047176754,-0.862443961633824,5.4941325643779,5.32967600486387,-0.772064676753376,5.75633476346596,5.11303860848566,-0.607508934760996,5.7151541515726,5.02596026956764,-0.279522511300952,5.57663572674921,4.71572975350526,-0.245716226703543,5.71339909022057,4.69194939393512,-0.193366565660791,7.56493582192483,4.8843815391608,0.284779393985713,7.76182130725165,4.74437746201674,0.336569797126509,7.94832243091088,4.58109350082888,0.384869661113029,7.73438165306995,4.36045387509182,0.127248301962807,7.54018886181566,4.13774640788254,0.362037947228923,7.34150297941941,3.96600503697986,0.353072025470778,7.49405179754113,3.89508741990998,0.437674630188518,4.46016427085768,5.29156010877275,-0.549388795911755,6.14996668325844,4.52881246413053,-0.106902827244003,6.57115791157534,4.34912690045258,0.0198369842790335,6.98681777360363,4.13770998305544,0.16954266800877,8.07035877313433,3.71519983155342,0.658201287576749,8.67000121642484,3.57806642413321,0.805681097772047,9.2823122366743,3.44852387938783,0.953518768840679,9.91827521936155,3.27667760356904,1.12182439614112,10.5315727976993,3.11356700405085,1.30646421286099,11.0806537332028,2.69005615348835,1.3584993945338
5.15725115249658,5.65848736642512,-0.910436651125444,5.24461918769712,5.48623705335027,-0.846659403775721,5.36423945569545,5.37820280368996,-0.753456461623216,5.65436593262931,5.15183498192925,-0.618316851313899,5.66542308166077,5.04845757089956,-0.27786700239438,5.53859867866178,4.72413410621389,-0.235590916507669,5.67624483511386,4.69660237673508,-0.199480484004627,7.56491923799465,4.88728648507847,0.289202024255145,7.76231808548735,4.74505507001872,0.338885575483619,7.9426936466665,4.58233153912608,0.386450223488919,7.72046810033033,4.35930664677049,0.107821040207216,7.50938416680277,4.16087047534546,0.348218280132545,7.30413696439792,3.9879301099421,0.333145101083054,7.44487979589248,3.91085688326599,0.415170367748062,4.39755927791502,5.30537126436083,-0.525410373912327,6.09949609126956,4.54371933499443,-0.116149211011052,6.53858818181792,4.37120015706654,0.00593806723593546,6.94986758170033,4.1568302096605,0.159008060772569,8.00099834498912,3.71694114384364,0.627625253195129,8.61730163269316,3.59083290809326,0.794406467454755,9.23926174693627,3.45697884546183,0.941534998614333,9.87208210112054,3.28192299987726,1.10909524521253,10.4977203648898,3.12066539007265,1.29557718116583,11.0392178880793,2.70665736643202,1.35741950117721
4.98887924218269,5.70351313406896,-0.876534776404248,5.11602665792587,5.54674613464698,-0.797761702323243,5.25465093187182,5.4406721941283,-0.700865850870965,5.56089973083874,5.210966759507,-0.59341775054861,5.60855431226795,5.07879412042573,-0.267291467787165,5.49957331742433,4.74850996347454,-0.232397431042402,5.62950485875752,4.72335107388465,-0.190587990948522,7.56033659425789,4.88704692184122,0.288912156690564,7.76254034444986,4.75173545245825,0.33729788667615,7.93779962643813,4.58519510026614,0.381079459917286,7.71398952793195,4.37022980986436,0.0995863350908062,7.47966046613716,4.17987328436117,0.320999531919833,7.26457717461899,4.00972257006034,0.308893923751377,7.399121488729,3.93502187276806,0.377830431934688,4.33743669628559,5.31212096621914,-0.491746487882937,6.0585756367116,4.57326551537566,-0.116881450936344,6.48623707733198,4.39052761119293,-0.00980724679248539,6.90224715558122,4.20229953533761,0.135406525655929,7.98180842803244,3.7328481861686,0.614928567476295,8.57919457152201,3.59439407713756,0.777564960730793,9.21157322752132,3.4570022324167,0.926226724241013,9.83403959169567,3.29081792971741,1.09592521742051,10.4556398059095,3.13874732648729,1.2848992805354,10.9962792794086,2.72301655217504,1.3481780002173
4.8770517942365,5.73882394396256,-0.819315050050433,5.02429250348182,5.57897927838702,-0.745672814476849,5.16822435548713,5.50396384098593,-0.642214192113036,5.48452648248043,5.28155205813867,-0.552954655244779,5.55150404883539,5.10317112493736,-0.261488272417468,5.44527324058351,4.76631833857746,-0.226627549946806,5.58363234243633,4.74182300260772,-0.190585664297052,7.55534496132013,4.88059704507206,0.284016391963177,7.7653070959295,4.7523371635361,0.33081792757085,7.94021815993315,4.59195701408557,0.376467984967404,7.71423731661811,4.39577681187928,0.0963688087329427,7.46102548924578,4.19710037729353,0.295950437004346,7.22699670742749,4.03422849980635,0.280563548085712,7.36674386958337,3.94942383196057,0.356169225834922,4.28456194108941,5.33394674949504,-0.458387827245105,6.0225357995399,4.59700283896064,-0.12797763693697,6.45330734800518,4.42726919597783,-0.0193381150794334,6.87432967191664,4.21541479750048,0.107265159305772,7.94222022004512,3.74381464279185,0.590026032547861,8.55462867768736,3.59853433661684,0.760982450834642,9.16117888163478,3.46427102013615,0.906973917912535,9.79351336501959,3.30134350770179,1.08110258792982,10.4003041681492,3.15620229954518,1.27856276785239,10.9588447999348,2.73716653397131,1.33666305333853
4.76256496940077,5.79596299546053,-0.772481630525598,4.93321997955224,5.66620995538692,-0.66817311924234,5.08043458964277,5.58596646415934,-0.578951831765059,5.41624673165851,5.3441403710641,-0.519987861037263,5.49637591710149,5.13759764166736,-0.253299505766609,5.39574470404797,4.79441243409263,-0.2172910266833,5.54186659449993,4.77836598124922,-0.183392955865218,7.55244382624842,4.8781037539987,0.282687147025889,7.76545262349525,4.74740212349849,0.330502216023594,7.94032379233173,4.59204511414275,0.369367013877851,7.70131275384988,4.3928474012525,0.083293398099136,7.42611108125805,4.21945154874554,0.274243742344917,7.19916842119597,4.05685776542887,0.254988396279644,7.33710324500715,3.9683060979364,0.330620975647689,4.24151190585172,5.36082878638634,-0.427960746912224,5.98503316459444,4.63268137127773,-0.125219594164672,6.41610743101013,4.46143271911089,-0.0344325804335396,6.84442271652133,4.24174050545828,0.0922333659583928,7.88440711514508,3.75928195624334,0.555271617534632,8.51755468209391,3.60291047716638,0.743000533731788,9.12000453244704,3.47195202327721,0.888830540940803,9.75410173477216,3.3130099052419,1.06469562623243,10.3739472213306,3.16932555943403,1.26934860573878,10.9207293328091,2.76073889263089,1.33263385165255
4.71172583582751,5.87608017916687,-0.697499055729088,4.8726075101948,5.73451189748065,-0.616117125572679,5.01840915187077,5.64761936406348,-0.526974808475818,5.3431276126249,5.4201909621016,-0.474416204097327,5.44739184604575,5.17867855558004,-0.233033041861085,5.36502351473909,4.83438705140452,-0.209677312780595,5.50817989909054,4.80987394716396,-0.176693990079838,7.56184617922158,4.88194968448697,0.289181539259429,7.76403811230898,4.75248590983783,0.329681908849503,7.93536070568815,4.59224249512906,0.365663274198953,7.68267882010344,4.41211115962836,0.0650830454616007,7.39197253639306,4.24650387694846,0.250884415695981,7.16290493174367,4.0821967276563,0.236461246661439,7.30263889302033,3.9978504493613,0.31078268486038,4.19756730882854,5.38536490333152,-0.401272617661553,5.9508193589276,4.66711270801798,-0.129658567404172,6.39066243033577,4.48790533909062,-0.0466126478976476,6.82202822127855,4.30107639052735,0.0844099707815573,7.86762885804053,3.75394027178078,0.541279885030863,8.4596960163517,3.61193451365384,0.719514251682999,9.08142094111668,3.48027966652781,0.868924127559755,9.7077136144929,3.32351224345203,1.04832750486342,10.3198171120749,3.1934109904598,1.25695425335452,10.8752461383481,2.78947184086352,1.32971721833025
4.61751340887474,5.98252403765842,-0.630217366378107,4.78595347403716,5.84329744156983,-0.54756411916143,4.93148649574149,5.73529950316632,-0.478946213996943,5.28287101833783,5.48226875042456,-0.446431691025702,5.40437123323038,5.22718961833378,-0.209689277832192,5.32541624118356,4.86606400439242,-0.199885731358626,5.46135054617183,4.8403063256236,-0.174762155219825,7.5662430170041,4.87986426028978,0.290177390774479,7.76694277605695,4.75229405119361,0.33425414960423,7.92958718845409,4.59172039268223,0.36038675901507,7.67485260839542,4.43240617396548,0.0464404229998332,7.35820424072687,4.27347460304076,0.220590372371667,7.14026620448858,4.10994111699973,0.208658110523131,7.2714108110172,4.02569390437268,0.287635573377718,4.15148627733145,5.42275881590035,-0.377284479554617,5.91507485095403,4.70164005158571,-0.125056959695235,6.35581500438024,4.54284873475455,-0.052500013523118,6.78178155174772,4.33629634966568,0.0590228163231376,7.83148389716785,3.77399271336155,0.521319904205416,8.43096254100925,3.61739840693725,0.698275974843505,9.03699372504195,3.48701177824743,0.85495436386262,9.66582830478599,3.3369994417053,1.03503600148287,10.2739287374201,3.20803906726987,1.25035076844459,10.8289873941917,2.81009372000421,1.32033094991175
4.60021236332648,6.09874477513666,-0.525627491307893,4.75135163704865,5.95159774972005,-0.460243946094049,4.89739485594596,5.84309330526459,-0.397783052677483,5.22986441537362,5.5704427409903,-0.381358538567989,5.35185188709506,5.27711391399038,-0.184109059231562,5.28176452239942,4.8898001775431,-0.190208704673154,5.41780366510688,4.87699897380099,-0.1630968879498,7.56860131162983,4.88029699291821,0.287597170346116,7.76973759698828,4.75360544579097,0.332360155990953,7.92251814444051,4.59069418553846,0.355394823302291,7.6708006153139,4.44363131748353,0.0247310733502534,7.3385618032363,4.30208228772896,0.188117509861245,7.1154582045325,4.14219345803477,0.182183264288961,7.23740921062578,4.04209868010398,0.259440210144498,4.1106073091147,5.47201964770566,-0.337989949954714,5.87613382671595,4.73482027364665,-0.122240374857259,6.33064585500214,4.57366425307806,-0.0695830055284115,6.76036064896171,4.36578540475019,0.0426082661496888,7.77613127845717,3.78206947333327,0.480751892924696,8.3834245642374,3.61653766644132,0.672787084245589,8.98257312274897,3.49127219557221,0.838630871010486,9.60767161749223,3.34257215741911,1.01770914681807,10.2296732357363,3.22082201304433,1.23195749252734,10.7907064411672,2.83783861953918,1.310704583248
4.61175203264317,6.12195699398124,-0.510289920057434,4.75492696075069,5.98026682719111,-0.438068136664495,4.89621581594229,5.87783799132142,-0.383520236159291,5.21770722676371,5.61572503062453,-0.355930444102291,5.3333705488354,5.29868055041986,-0.168853083535692,5.24805952797938,4.91687182727016,-0.176554787031354,5.38771566353689,4.90640522628398,-0.151822335117371,7.57086239481949,4.88406340510923,0.28473680246686,7.77082723597892,4.75149043635728,0.335143360660435,7.91949292092726,4.58753992542075,0.342982728820529,7.6656151767722,4.46494894501437,0.0147062155639265,7.31602365193782,4.32573928190729,0.177326166328044,7.09244180467479,4.16520299142295,0.162296676775124,7.22060461155425,4.07366711472313,0.235930405025158,4.08095624877765,5.50504789100984,-0.303331092725164,5.85003493647302,4.77373970026022,-0.121694340402066,6.30520877145277,4.61519341011819,-0.0724146448395634,6.74659166191571,4.37315958373344,0.00817531146445178,7.74403512262952,3.79026855068774,0.458196189167783,8.34061371658309,3.62706282526903,0.652829008812608,8.94474649157893,3.49671098903928,0.816597481738964,9.5648913604245,3.35098004865765,1.0047483352384,10.1793649005018,3.23394446336497,1.2220250138263,10.7527109362804,2.85582724633072,1.30390274413245
4.60548944040737,6.12375140378603,-0.51142487996198,4.7490024191542,5.97498053141962,-0.442533189366086,4.89407113738606,5.87441343874672,-0.38997816393713,5.21051681850962,5.60303188883943,-0.370195271739203,5.32166409494999,5.2943702852967,-0.171893509661083,5.23573785811958,4.92071803999534,-0.167420720382648,5.37226567137574,4.90978733190878,-0.147591871711645,7.57528580022114,4.88101909086691,0.285827001396538,7.77215992214974,4.74834898228821,0.338647260823742,7.92083266148815,4.59133100362186,0.337725943371816,7.66466856216795,4.47679118583992,0.010426600136796,7.30630101459655,4.35347001781955,0.164609876004789,7.0763252302894,4.1986835889618,0.1432372587499,7.20402360741966,4.10227063187254,0.22258923070511,4.0696646081339,5.54343412219759,-0.245557809664726,5.81258829666236,4.79038543362536,-0.129593730564102,6.29310958600715,4.63549756898183,-0.0845836322752844,6.73159937592739,4.40283793541464,-0.0136715500129809,7.72082587288338,3.81659869326098,0.442785749755393,8.32144760485263,3.63220010560306,0.642361504222549,8.92572965755123,3.49975342769747,0.806600713097487,9.54658492969134,3.35866347895658,0.992758071382838,10.1549503380852,3.23927146148488,1.21997369849365,10.726759743108,2.8600327298829,1.30636355802796
4.60753205304737,6.12336725085641,-0.510386168076671,4.75208291999176,5.97363859332144,-0.441832220295245,4.89884664310461,5.8725701277218,-0.387013277485562,5.21513688352678,5.59550835226528,-0.374647394778115,5.31853035548671,5.28832045999984,-0.172734847407011,5.23544646297264,4.9224923431814,-0.175331384282701,5.37025068456023,4.90575191591189,-0.150216834270017,7.57381663204996,4.8836140623277,0.285177817176162,7.77549984522785,4.75338259086637,0.335621097811226,7.92710037992264,4.5947274871687,0.340698004873492,7.67190884088058,4.46748232174755,0.0153223068534654,7.31161020916106,4.35375852056858,0.148514390970139,7.07554230720621,4.2124344731436,0.124063017193948,7.20326352443842,4.11468882882187,0.207245559400283,4.0683654245421,5.53666628918028,-0.236210513806585,5.82658089444765,4.77949221492476,-0.143303066672464,6.29658310040154,4.62218187186877,-0.118377713951907,6.72562835419987,4.40962369337452,-0.0416079451302743,7.71723668438897,3.83485830575061,0.444109401739655,8.3222223292445,3.64842178335566,0.651678796030812,8.92028491800136,3.51362123798117,0.81372254083029,9.54014787911175,3.36633488063915,0.998641551435476,10.1421724645216,3.24264220167878,1.21473077689413,10.7117289858306,2.85575225776368,1.31380596601792
4.60886748164899,6.12533339982604,-0.50870443288818,4.75732549098961,5.97498081377479,-0.438706389261068,4.90490609915886,5.87067911254663,-0.384462844234408,5.21952329842002,5.59399039159118,-0.376367727709959,5.32447576245598,5.28854833457302,-0.168227627116024,5.23148983084957,4.91656349115551,-0.179492837172539,5.37009145421653,4.9004385658243,-0.154429017308896,7.57596947485703,4.88040940318062,0.286559518274428,7.77674613495878,4.75106264711945,0.336666848451843,7.9291780648757,4.59289521025128,0.341066870355781,7.67897055746243,4.46520204705066,0.0113190212011112,7.31219794476065,4.35902803869662,0.138155600107036,7.08048869295538,4.21605457650769,0.113928612659118,7.20616264656219,4.11870547484414,0.195440414314466,4.06501441416759,5.51510676057093,-0.253503229149325,5.84080400323511,4.7686612943544,-0.156971179061232,6.30877053741081,4.59165188848451,-0.158583831013931,6.7428925639143,4.42752579524195,-0.0462393378578697,7.72189395953892,3.8406413674808,0.443056246769657,8.32190414034841,3.65213147136911,0.656202605816217,8.91639436018751,3.51683431921433,0.819145251299601,9.53514494282821,3.36793313819609,1.00318418575629,10.1464838594681,3.24832211812016,1.22364150440431,10.7012974691054,2.85399380509388,1.30931458930077
4.60937756760852,6.12252427599657,-0.509878936043523,4.75783037329027,5.9756550501769,-0.438267610588775,4.90609820772988,5.87112834644456,-0.382692185204412,5.21682375089768,5.59509027485175,-0.377711741178042,5.320944947711,5.28980009840814,-0.169211943115753,5.22981481505849,4.91390678461785,-0.180379279465736,5.36878059391491,4.89879576597122,-0.154821812184709,7.5769800501974,4.88045631033883,0.285440274794909,7.77706736188754,4.75103192251848,0.334087470885326,7.92913407211718,4.59242808345952,0.340301542190317,7.6815615338736,4.46549125818089,0.00659874357701412,7.31476352235877,4.36427764825496,0.132535671287909,7.08454030152491,4.22289428105594,0.10962474191797,7.20792965688808,4.12623297474722,0.190336794133564,4.06548927435696,5.51516354619063,-0.264752827030457,5.83877540185974,4.77652062768885,-0.154074195382357,6.31601533948514,4.6279261181542,-0.127925527654718,6.74889912181064,4.4382515341845,-0.0454892549180274,7.71303794035005,3.84722311331894,0.438117504637118,8.31471795310792,3.64827800432948,0.650300265572773,8.90984454285108,3.51246227189643,0.817858083782099,9.5306352221337,3.36345410596889,1.00134857087587,10.1458591551896,3.24716739259361,1.22296636516697,10.6978140948614,2.85846407120537,1.31167870429644
4.61300655934023,6.12115954041563,-0.507395018550157,4.76238273735934,5.97300629381395,-0.438145149081303,4.91035899657214,5.86825169564259,-0.382803248701349,5.21843546915357,5.59105565319524,-0.383550028628251,5.31988989974324,5.28830447683537,-0.171482794393139,5.23110316635135,4.91200154415639,-0.179534153941506,5.36774028920338,4.89900132580459,-0.156006967710912,7.57558442069651,4.87775083090006,0.288037765408765,7.77728702301228,4.747165067494,0.33708082943431,7.93032877784271,4.59101547456909,0.3386009215484,7.68139814371451,4.46787028884609,0.00600532416911986,7.31174898841839,4.37250764952739,0.129125869777232,7.08480188487184,4.23061997524866,0.10498818936771,7.20274924784642,4.1373999163936,0.184532542549852,4.06551922101474,5.51773243053577,-0.272826112041461,5.8390578654665,4.78105937912382,-0.154095326072271,6.30165405492942,4.63223248248877,-0.130761499235852,6.74152445501456,4.45481062079189,-0.0442878183588515,7.70624001169038,3.85650417704948,0.441401302933475,8.3027807181525,3.65244105662954,0.649810339668284,8.90231499067999,3.51559524752344,0.816275418133387,9.52619214898947,3.36256894010937,0.999624771981402,10.1459970063128,3.2481587049193,1.22318268599298,10.6909663113471,2.85963030122782,1.31397088205784
4.61577827399805,6.11952530315114,-0.505883503220549,4.7654342863723,5.97166296045987,-0.435978486984631,4.91473186798768,5.86444332656047,-0.383015457445714,5.21823369567675,5.58479868623394,-0.392761482213302,5.31139885175778,5.28510982479701,-0.177302363649161,5.22449888256526,4.91094695729891,-0.17762165997081,5.36486718301629,4.89788556484053,-0.155191475448623,7.5759079910474,4.8769703361545,0.288506711382168,7.77810678111151,4.74665759354589,0.337747814442781,7.93028890111156,4.59550674151782,0.342545889290139,7.68382404686686,4.47220825085414,0.00888962253431382,7.31079276870118,4.37781799412313,0.128421478617258,7.08932576505909,4.23819098369518,0.10265714226403,7.19806946024248,4.14167502160726,0.186972864424809,4.06356411581424,5.5188908321123,-0.277827481493319,5.83632185514597,4.77980237238666,-0.158022166203073,6.3027103308339,4.62705416876793,-0.137061035613785,6.7436125653639,4.44960750554233,-0.0560313629675431,7.70365129309096,3.86884284730414,0.446825902535298,8.29273045342579,3.66208338942903,0.652961255763589,8.88973713617214,3.52520410779663,0.817427923594991,9.51842012041902,3.37128262624546,1.00567273804702,10.1227689627921,3.24678320929042,1.21333253041249,10.6826644154222,2.85906303514773,1.31690639736629
4.61861765766237,6.11918473500009,-0.50463504830742,4.76928952212811,5.97164796938507,-0.433647386493977,4.9182023882215,5.8630443752359,-0.382004076898101,5.217380285273,5.57755615798188,-0.402873256083569,5.30297894098227,5.27955947509757,-0.183868906387595,5.21708101379273,4.9100130074917,-0.176609494065066,5.35792505141745,4.89739751583994,-0.154716362717651,7.57353220080603,4.87688581833203,0.290300589031458,7.77699649271772,4.74548126273438,0.338560862846033,7.92957231212398,4.59685327493258,0.343005015308444,7.68522347491561,4.48044750323302,0.0145266794791877,7.31063164708507,4.38508309521934,0.128274484809998,7.08851098871955,4.24519202074862,0.100775803680072,7.19701895090003,4.15113208502295,0.1874502531593,4.05947605446483,5.51821086984534,-0.279238182108875,5.83303305756494,4.78384884575815,-0.160423840782914,6.29799794406918,4.62869436464829,-0.141646146598948,6.74179519741735,4.45114031159746,-0.0595841373059221,7.70244531817466,3.88009226108991,0.449385316682388,8.28855071361026,3.67772386464903,0.663073441200043,8.88146817301523,3.53263969416821,0.824309114980286,9.49828130840212,3.3744763790225,1.00376272847202,10.1275536000512,3.25119212552389,1.21965143941039,10.6750571694553,2.86276263877518,1.31681205778877
4.61900586791452,6.11852443752638,-0.505075503202822,4.76862040247175,5.97450888593642,-0.430968945633791,4.91543438428952,5.8676885503483,-0.380693662794314,5.21240585002532,5.571783124124,-0.415673465403862,5.29733369921753,5.27519606174665,-0.191347890251936,5.2094795983598,4.90990606622777,-0.178743794231796,5.35059310643064,4.8962717467844,-0.157046697359215,7.57129119191278,4.87449403695298,0.2912385864845,7.77487452228842,4.7431830600694,0.339359337883787,7.92711316316066,4.59718350596872,0.338653309874039,7.6774709531197,4.48692625399152,0.0164782927255823,7.29903076920336,4.39000211567343,0.121962321416048,7.07665307555344,4.25176303869922,0.0924345264837326,7.18625417919023,4.15857517973715,0.17963204122076,4.04860988237233,5.51214556104224,-0.288852716379731,5.82197044125064,4.78847482724487,-0.166931759238006,6.28986949373602,4.63107980473045,-0.149307650497323,6.73100204304849,4.4591873221624,-0.0587989838749013,7.69307491884163,3.88884356419859,0.448606522506826,8.27598382361221,3.69149450232788,0.659412198206075,8.87087601171885,3.54478089127592,0.826717400073844,9.4864942856362,3.38198975677697,1.00316423890898,10.117748887308,3.25696688692627,1.21696079915788,10.6582508261074,2.85567489172557,1.30057510610777
4.620539746672,6.11717093334091,-0.505800973278464,4.77077447215866,5.97385336071482,-0.42929221290388,4.9135826762755,5.86849217995995,-0.383016486595594,5.21162483673286,5.56533220867972,-0.433771711893981,5.28278618092557,5.28284089547707,-0.191403537304678,5.1911238571362,4.92173163970619,-0.181443799038202,5.33527402570076,4.8990148939386,-0.164180865467147,7.57490981648237,4.8742318474667,0.289516656049218,7.77212188581212,4.739464297754,0.342736426464088,7.92361835997243,4.59800052465475,0.333421705653437,7.66244377007263,4.46215870014852,-0.002841317120578,7.28996712235427,4.39507669771957,0.111170370693522,7.05913709086007,4.25658178366365,0.0835352860032776,7.17726058026182,4.16598499841254,0.170021396462145,4.0337120951502,5.50498666960723,-0.303277093665397,5.81033682686823,4.79227111442378,-0.17409919296207,6.27541658284764,4.63467122443085,-0.155308582263719,6.7147638184275,4.46436468427779,-0.0686776938805311,7.69322046022398,3.89403714158474,0.443854467888775,8.26391571118623,3.70110142517834,0.648299661537926,8.86149954108781,3.54834460838906,0.821116733625505,9.47420260887268,3.38790374731285,0.996328796678321,10.0996246394817,3.26317323301182,1.21019999766992,10.6429474441907,2.86021318869658,1.30032417793913
4.61946441811738,6.1197815650956,-0.505376125599645,4.76629473710309,5.9762896583804,-0.431077248593557,4.90938520754298,5.87427942077855,-0.381949155969384,5.20240648717748,5.56109299890466,-0.447728615258552,5.25882406308578,5.28326117795104,-0.19980062858577,5.16548019520823,4.91496157939094,-0.188709548042135,5.3071652398239,4.9031893249564,-0.169103731404465,7.58040738098621,4.87124259520287,0.290841507271442,7.77876501896907,4.73489062673148,0.348393506039111,7.92414994818842,4.60385752939241,0.333140305893821,7.65449074481634,4.49128967169134,0.00922960051889216,7.27657567982878,4.41132547736587,0.0907901776104099,7.04326389945699,4.27615764569217,0.0697399175954877,7.17364529524334,4.1782844188576,0.15220574640105,4.00801655686878,5.49242380544911,-0.319595988842435,5.78911537567645,4.79395799428562,-0.182959876872098,6.25398869886519,4.64431513312755,-0.162722575837247,6.69623697649208,4.4816674050175,-0.0813811489066171,7.6779318934024,3.9048618107018,0.433549500543711,8.24809178032221,3.71120258085958,0.635967296656665,8.8503545782962,3.55470003269276,0.806891786042964,9.47017375934611,3.39580299638745,0.993692519987051,10.0833943415078,3.27005168489866,1.21094281298044,10.6237129454499,2.87465661497779,1.30290593547282
4.61629542695281,6.11930302102513,-0.50802531861628,4.76448651573859,5.97669198957603,-0.430347875009061,4.90795121735587,5.8770081269022,-0.381160827295665,5.1965965074033,5.54772578221106,-0.463780258179731,5.22919834739103,5.27240799017667,-0.208856390880219,5.13178614943738,4.90209064053542,-0.203663772525092,5.27206129032777,4.89655855281235,-0.181586259097397,7.5826781663875,4.87081708301399,0.290742202950944,7.78033215348552,4.74319878713163,0.347543234888393,7.92054160100884,4.60788906627056,0.326369851851587,7.64686119038243,4.49367053444326,-0.0140786454999389,7.25392346845067,4.43594136088946,0.0831294381941511,7.02189345753601,4.29160361848366,0.055139032324688,7.14079777195426,4.18910029423003,0.13646433123749,3.97246680266973,5.47160450114996,-0.344412390385515,5.75511953473407,4.79462623187331,-0.188801809678421,6.22185632601585,4.66303335800159,-0.173259382795692,6.67435750104997,4.48021526110457,-0.0879122409037962,7.64557677391851,3.91833450262001,0.408672892291432,8.23403048863264,3.72692841811318,0.622562763476757,8.8312737360596,3.56836246502821,0.795295522318814,9.44940255112098,3.41359620029652,0.982366491123092,10.0569135263645,3.27790994729914,1.2053917292563,10.599903576103,2.88575104034246,1.30121048085715
4.61105753679565,6.11877510071132,-0.510802687938438,4.76350609189268,5.97382759368778,-0.432054806078789,4.9037737026337,5.8791068863744,-0.378361803974548,5.18121791756153,5.53681675603649,-0.477686062165834,5.20270602098614,5.26444422755463,-0.21518162703432,5.11003949935794,4.88086967050322,-0.218686731766145,5.24858233914634,4.88186808794546,-0.19265274721829,7.58236173202512,4.86514758601214,0.295396691577445,7.77988157961441,4.74692314661502,0.343740260494188,7.92104744760903,4.60674290834771,0.316462646953678,7.64095195036584,4.50341882760221,-0.0236952917804652,7.22996191269574,4.44443807266093,0.0684918465357129,7.00046062950815,4.30369298138763,0.0361659091729494,7.12352829642112,4.20929946284864,0.11983331726373,3.93524045950322,5.42111999031324,-0.366371872603616,5.73325358064852,4.79469155789666,-0.208226911520551,6.19643080604198,4.66758539343594,-0.187210640065678,6.64437768131009,4.48880484017215,-0.106560325603637,7.62432547374051,3.93266788285612,0.389233408846934,8.21168292764587,3.7367770839148,0.605081999728236,8.80311392089462,3.58241980400627,0.779782766517963,9.41443178696083,3.42298445138276,0.968622128674347,10.0229219614776,3.28403074564678,1.1901353238639,10.57724420733,2.89171186213685,1.29252886751617
4.61291040823889,6.12004527224511,-0.509576854130941,4.75984649193401,5.9733706121744,-0.432286204238343,4.89921134809467,5.87819288500343,-0.379727784302617,5.16708803007777,5.5297911346345,-0.485427202663853,5.18171255795526,5.24097709395643,-0.239417109520666,5.08146898312359,4.8725239036899,-0.227318036578509,5.22400191295453,4.86223141910682,-0.210599785674792,7.58304283063301,4.85157044053315,0.304207644290687,7.78165013522569,4.74485317840903,0.344224554323486,7.91430293018273,4.6111885069941,0.307885695241853,7.6371190065167,4.51692004664346,-0.0231326739669787,7.21629069887601,4.45512418800628,0.0525891833388586,6.98377633090236,4.31559319517541,0.0200950461722655,7.10969067550638,4.22488795271993,0.102343337901204,3.90868231529016,5.38803724343648,-0.385107993406591,5.70372515778422,4.78061533609843,-0.223103403946647,6.17292992794321,4.66432092984615,-0.210512824632669,6.6230246459175,4.50614065690702,-0.130438240958175,7.6151657240614,3.94796673433808,0.370509176890619,8.2090070255634,3.7499226024312,0.590681284464441,8.79920735018728,3.59489450840724,0.77094737020074,9.40338896446453,3.43552779434771,0.962470500938711,10.0161618206092,3.28968338783529,1.18352409152333,10.5563810801432,2.90073966751383,1.28756578949321
4.61525569006329,6.12006907413067,-0.509562215221002,4.76054584781067,5.97309525301192,-0.43102503296852,4.89771359004537,5.87588322441607,-0.382085351397266,5.15640649215034,5.52178775279373,-0.494276821839546,5.17007181465236,5.23127388230814,-0.248203311653972,5.05498808145199,4.85418611281273,-0.251675342522577,5.19744582347479,4.83860360978159,-0.23357417560007,7.56423582535653,4.81641887390942,0.331177626019412,7.78087196370814,4.73699095883851,0.349924561653269,7.91001345172893,4.61133792880557,0.29945171071234,7.62653896629543,4.53015053053285,-0.0295436877118287,7.19903566620644,4.46902515014418,0.031207687842599,6.96790747432942,4.32362234230477,0.00871931883591489,7.09410255892209,4.24217734136065,0.0861548305761097,3.87878972841672,5.35482044836589,-0.399663107892172,5.67564397729198,4.77458212712778,-0.240729217034475,6.14534053744235,4.66677628427776,-0.225649876354777,6.60330273622124,4.52622145937841,-0.13817046296026,7.59873673422138,3.970872204812,0.352308125151452,8.18693794227774,3.7611750819613,0.569481103630879,8.7843420100486,3.60850844811197,0.753984817168623,9.39020390094686,3.44464912054894,0.955986383678113,9.99619662511004,3.30322044732046,1.17739090467745,10.5350884864448,2.90334969192244,1.28106968820317
4.62062604475798,6.12576516079546,-0.502537548464881,4.76355889059836,5.97500429770161,-0.428222729348364,4.90011542344503,5.87233920608804,-0.384102563796195,5.15651043939041,5.51345004333328,-0.501751083464945,5.14548195980147,5.22027097496635,-0.25893026156824,5.03136025824659,4.85426552654588,-0.263012493493457,5.1665204427237,4.83843631761016,-0.241721791511532,7.56278718214735,4.8123982813883,0.336254621903963,7.77927659837438,4.73673048429463,0.352014991646773,7.902335395565,4.61615228861046,0.295622179800667,7.61092783940282,4.54263014796933,-0.0368981013132788,7.18491991783326,4.48121311482736,0.0185259380534577,6.95320953025644,4.34042561725536,-0.00231656679104253,7.08074221160632,4.25176825821664,0.0784192155023491,3.8465593936028,5.33218298422012,-0.421095751824745,5.65235606013002,4.77467747459611,-0.252772557373753,6.12369980285193,4.68290661762878,-0.231206959523859,6.59319231513872,4.53137028921296,-0.150666708280974,7.59259018982711,3.98432023618379,0.34239970966541,8.18796597765255,3.77448384779311,0.565498537002946,8.78118001468696,3.62574447973537,0.750747114410171,9.36951817337149,3.45822450110792,0.943554650748298,9.97085116049797,3.31659102216509,1.17687583030745,10.5168216287607,2.91020752166534,1.27877175809227
4.6214187282719,6.12736878137809,-0.500361252919854,4.76243539811299,5.97513589918283,-0.428111388047787,4.89886452203749,5.87165490407556,-0.385941259375671,5.15615297557671,5.5131676308059,-0.504419317569934,5.12215733928252,5.21605388063654,-0.27454046307276,5.01026172902393,4.84434796978201,-0.275267742953169,5.1470007922896,4.84412608905089,-0.252719614444266,7.56228355004787,4.81297800247269,0.334083308096377,7.77717895936792,4.73623447990505,0.353641362275505,7.89489817889825,4.61920611698552,0.290646401972511,7.59918719139074,4.55782600188502,-0.0393161849940827,7.17430381548867,4.49741567228723,0.0118642390751461,6.94672656797346,4.35725886959883,-0.0115696265654696,7.07755771085924,4.25693545018036,0.0706926595131206,3.82345708259148,5.32275934964943,-0.438312280534671,5.6322276548506,4.77459990900638,-0.260336525983654,6.10790845412049,4.68520539037513,-0.24311382822098,6.57858635271859,4.54091406273467,-0.163951107238797,7.58335391908002,4.00075149484224,0.330433243614378,8.16575583261324,3.79415914519485,0.547346027784442,8.75832437689993,3.64168513343818,0.741108929612501,9.35352728580612,3.4749486275747,0.9412079384709,9.9575308927734,3.32445458401423,1.1751092377416,10.4966704217673,2.91748278479404,1.27340335557518
4.62228552577798,6.12795074897651,-0.500080516397342,4.76319841347002,5.97323778650207,-0.429530675875289,4.89867126851931,5.87270320524972,-0.38681747907807,5.15461390375488,5.51373205013054,-0.504095933985595,5.1015770711515,5.20913289031591,-0.283931694172999,4.98787648290596,4.84147150392621,-0.282773186555599,5.12427555915765,4.84123875755736,-0.262227824526434,7.56912788052155,4.8392225748354,0.310107813425754,7.77871249204753,4.74493198946373,0.343836422903672,7.88681769849543,4.6176949906138,0.279934734191214,7.58586016451751,4.56113421331762,-0.0386742118223735,7.15888072857,4.50889330038235,-0.00143009392529715,6.93336837655335,4.36354186656378,-0.0225452815928185,7.06516211262753,4.26796945080577,0.0575902387394496,3.80795501148654,5.31602460078219,-0.456950868384831,5.6136698848639,4.77488184919094,-0.25942220287457,6.08771420669991,4.68448345739708,-0.245307497076752,6.55899158467571,4.54459376616734,-0.169551837116196,7.57741667181806,4.00880426605733,0.320819769154346,8.16159265863339,3.81352141919009,0.536062841985454,8.75677971853285,3.65309796724928,0.735363385392296,9.35447363243278,3.47736930350178,0.939053892065793,9.94526577290607,3.33109275284549,1.17350922137363,10.4756410715347,2.91343776447009,1.26644198776561
4.62102320028323,6.12912154002681,-0.500862644032913,4.76468118171766,5.97244407825812,-0.430505821816135,4.8999724001717,5.872980791453,-0.387991156348444,5.14342885301747,5.51172576831349,-0.512036980923232,5.08340264612545,5.21124672062971,-0.289553478481472,4.96357187917773,4.84255789625256,-0.284585700226265,5.10206573137783,4.84131274511898,-0.263616593577913,7.55541799559402,4.81961299291459,0.323454501128659,7.77558531463274,4.74089422537861,0.343938439112914,7.88161432609415,4.6178614110296,0.267686494239528,7.5684729221714,4.56929458614631,-0.0589627117603899,7.13820182693494,4.52793542211427,0.00059099084427566,6.91633699642019,4.36949017244499,-0.0270398964510568,7.04711307192365,4.27948393679257,0.0476386230967207,3.79285148241182,5.32472863283776,-0.47007399949359,5.59620381460547,4.78049841776523,-0.265542944499589,6.0670035025983,4.67633940974836,-0.248241378512213,6.53505080795378,4.54939452596777,-0.171676871066929,7.56825367817771,4.01903333115383,0.315349288342081,8.14791247618814,3.8336409241395,0.53183855032705,8.73729872094421,3.66683067786431,0.726273911633986,9.34506308509888,3.48889544244114,0.934269181744256,9.93169630135876,3.33659158656345,1.17021165213583,10.4604712697795,2.91167760132947,1.25555900786262
4.62093208297667,6.12888402074057,-0.501038445396428,4.76523659042713,5.97373398529831,-0.430429316780509,4.90057702810502,5.87542099865953,-0.387686918685703,5.13968030683827,5.51621415545183,-0.509322209457371,5.06939531755792,5.21698785856446,-0.292635444708189,4.94825908126179,4.84989698943217,-0.286826958309314,5.08736949986949,4.84603564882701,-0.26331765010066,7.5538386766913,4.82112865819883,0.32532354470774,7.77562502381055,4.7400784538263,0.345650340471797,7.87605700050899,4.61982374175608,0.265227699667331,7.55534977598214,4.57537242362405,-0.0636227178239366,7.1314822701688,4.53704737772802,-0.000979096416359334,6.90454386208219,4.37869044164308,-0.0304543190037544,7.03933664316084,4.29366867402421,0.0475062360131652,3.78086598631905,5.34394845418382,-0.473137357079492,5.58392576400005,4.78105730170688,-0.262367870685083,6.05442073837946,4.67722676012342,-0.245575107228357,6.52165699111178,4.55104752277274,-0.173027355177951,7.55509347897526,4.03831062379153,0.306770840912245,8.14435011346687,3.84983816109645,0.526956889989755,8.73700127374998,3.6792235379062,0.722491692139254,9.33822742451655,3.49669482216666,0.934781772006213,9.92640382659472,3.34310516497351,1.16809502972995,10.4456738435518,2.91328955526352,1.24783454059255
4.62159882655222,6.12799157134686,-0.500764538586365,4.76770209418261,5.97466244734063,-0.430117700156087,4.90304833686322,5.87395094164593,-0.388243979982541,5.1392653819016,5.5150289452766,-0.510371195492633,5.06108374213716,5.22109819520921,-0.291922353255713,4.93433702525812,4.85962379995199,-0.28613728497025,5.07965661289488,4.8480449187476,-0.261800568452806,7.5547971521161,4.82336978932933,0.326929259687654,7.77640137359698,4.74032038570063,0.3484048201881,7.86879882445669,4.62017801498465,0.261778667047199,7.55438849224141,4.5688719327833,-0.0774491400252885,7.11977028503285,4.54109049985133,-0.00316195362052386,6.89147563789965,4.38427428334914,-0.0319155725135167,7.03075013692674,4.29798669347466,0.0482603350635127,3.76801454751198,5.36550096563755,-0.474618379890177,5.56864346138125,4.78303563078135,-0.256885969271869,6.042747881295,4.68001226723892,-0.243611602150555,6.50839539352465,4.55679443661933,-0.173198951516944,7.54928915284462,4.05289061754755,0.303215473534855,8.13138124543769,3.86214338159221,0.527185359100378,8.72944513205519,3.69010921263544,0.720522823580621,9.33482673559952,3.50519898717428,0.930692598986734,9.9198343507692,3.34780521045335,1.16773483964983,10.4368447863535,2.91196795112903,1.24180974236589
4.622610858815,6.1272204922939,-0.502019930298951,4.76925540191716,5.97394495001876,-0.430994084783451,4.90442455912097,5.87403264458956,-0.388474019420841,5.13571728684147,5.51267536899829,-0.514084555066184,5.05038613316475,5.22486074770969,-0.292494779846344,4.92272475507025,4.86978197243214,-0.284324129019152,5.06615996139506,4.85403376996932,-0.258735129542053,7.55292521706792,4.82389729549209,0.324973530360213,7.77635713587874,4.74201997036579,0.347340712946705,7.86556090343105,4.62213406866355,0.261597259433269,7.5456190057926,4.57548303709873,-0.0795635753480754,7.10490557980024,4.54572133176291,-0.0100920823778064,6.87498123506725,4.39125120619693,-0.0370816523625266,7.01833712861377,4.30519702893771,0.0431965494937272,3.75618511291513,5.38465009807839,-0.470891605468877,5.55388943452695,4.7817865760293,-0.259660105824851,6.02308887799605,4.68595558003533,-0.241401267527908,6.48443232896101,4.57517074929448,-0.172093309184128,7.54206590752968,4.05951268769004,0.298352509237673,8.12751674673176,3.87235684045302,0.522253146470576,8.72330822312664,3.69629289502474,0.718737484379531,9.3278563980943,3.50943699289524,0.929493078217168,9.91353923370719,3.35223899506298,1.16510778083206,10.430019746658,2.91723865959666,1.23613025648561
4.62342411424824,6.12566132542781,-0.50316405234127,4.77134914374238,5.9746041845609,-0.431609872369627,4.90577194859962,5.87522060367362,-0.386708776353593,5.13079850072862,5.51040991696722,-0.518210976286617,5.03929106448347,5.22895878544658,-0.293405338911466,4.9058880262461,4.88410181797383,-0.282692289618039,5.04550433429392,4.8613534802746,-0.256311587769329,7.55082216482723,4.82920115311702,0.318991991777066,7.77277781796179,4.74512623497426,0.343459890285793,7.86002175853417,4.62414640683817,0.259805765538254,7.53782441191169,4.57528290932435,-0.0753778229574193,7.08861699662982,4.54589355486672,-0.0185158114678945,6.8631804843284,4.39300531249617,-0.0442040053261748,7.00363007795203,4.31090308737907,0.0368052470634434,3.7423182618774,5.40064546129988,-0.464916829862863,5.53350093099461,4.78710768742663,-0.258052158883734,5.99987521854243,4.69487436671523,-0.232002454602719,6.4736533218382,4.57317131250708,-0.176264471082602,7.53230237809863,4.06777168865154,0.290041042719462,8.11902249127202,3.87426759823742,0.515365120944242,8.70705725106606,3.70238970557,0.713822130653467,9.30455044098083,3.5155977368815,0.92338906734845,9.89365739561638,3.34566113121312,1.15242450058639,10.4192417113092,2.92466166231995,1.22998901434151
4.62310216864838,6.12401788458849,-0.505676696135942,4.77072644703193,5.97465719826981,-0.432503475305021,4.903519963473,5.87523245704374,-0.387643779049214,5.12433417751957,5.51130946936402,-0.516478172031459,5.02250622202635,5.23197773530262,-0.292295970592214,4.88831991764543,4.89242747377385,-0.279397669237881,5.03059285259589,4.87550831271039,-0.257041968607684,7.53806865408015,4.80946045218438,0.333628957603497,7.7697976024321,4.74906242963666,0.338542005619253,7.84769975093739,4.6318629429186,0.251582549122354,7.52061424428367,4.58377939849113,-0.0803806920797895,7.05872007196399,4.55285663211802,-0.0325888858101019,6.83809806793046,4.40055448641643,-0.0480944504544402,6.97576102956438,4.32396772510645,0.0227961641295022,3.72467270223436,5.41858318936696,-0.451912287860941,5.51086396528485,4.79184594766628,-0.259076301018311,5.97587073744313,4.70517892994949,-0.24170900403836,6.45073714578172,4.57449483207398,-0.180710255607351,7.51644588836857,4.0806912470715,0.277632474915011,8.10561681611954,3.87773094802177,0.506686983814906,8.6916664395848,3.7065634832906,0.707363680189218,9.29346321266405,3.52072122713293,0.922464090751516,9.88126092846704,3.35447423012454,1.14542224833645,10.4031383269119,2.93838622367122,1.22559459802425
4.62292888891591,6.12542573874414,-0.505321069752163,4.77049962465469,5.97626959781716,-0.432816220727396,4.90246965705194,5.87562189116458,-0.387854241911262,5.11496846607513,5.50736722897237,-0.519153590160327,4.9977895643453,5.24109935438296,-0.29411780566292,4.86349749907781,4.9036170299282,-0.275156366496129,5.00964051478104,4.88554194585308,-0.256316121320452,7.53184613083595,4.81219191408299,0.337693810926795,7.76623831099025,4.74268983956164,0.344888844892395,7.83498958618382,4.63907916696503,0.244990529354053,7.50151742016675,4.59561014612492,-0.086004346595413,7.03260348135947,4.57287501414407,-0.0359673544593066,6.81103514354331,4.41039038119575,-0.0597698322416846,6.95852730019675,4.32147832213376,0.0117762076700897,3.70379057133361,5.43715299393715,-0.442793364084761,5.48593231005341,4.80279105257815,-0.253472742274677,5.94762904843823,4.71075934673998,-0.24184165113383,6.42223329292963,4.58358215491458,-0.188468366133954,7.50322459933193,4.0904761618006,0.265720277106662,8.0888852197049,3.88340297499909,0.494031966271073,8.67291336174754,3.71179072356548,0.697945058325565,9.26697248638214,3.52787613174075,0.911939968452091,9.85978186441719,3.36973845994976,1.14538032171272,10.3851847951072,2.95276704055071,1.22036815879538
4.62258930235257,6.12552073333759,-0.505640319641193,4.77006893123854,5.97682041929759,-0.432930639501029,4.90113631594986,5.87368959978603,-0.388034299839087,5.10671181681901,5.50244122918623,-0.518704271860463,4.98264288933882,5.24606435935319,-0.297285171464572,4.83416989691729,4.91529711412034,-0.270545726467965,4.98229555405998,4.89745930265264,-0.252132063032258,7.53065806198296,4.81737742204481,0.336256027787158,7.76483740501061,4.74700269902545,0.342369864737497,7.81919227938515,4.63613665063691,0.231752452955259,7.47465099593254,4.6015128245339,-0.0866870810069666,7.01382354280928,4.58408168917295,-0.0477898336893468,6.79054360149812,4.42018990419219,-0.069289600564674,6.93336545706891,4.33343091756731,-0.00125272975877431,3.67864084034072,5.44999415986785,-0.431075287963596,5.45740138338356,4.80885836550876,-0.252415658195944,5.92325992883743,4.70753115204015,-0.244816274284423,6.39544592640194,4.59003365774419,-0.193279162689906,7.48858240468785,4.09845472703844,0.251328645104241,8.0696148917344,3.89177366681129,0.477806590524941,8.6588168265605,3.72474351001525,0.688241590344681,9.24156466356005,3.53646947452461,0.901544299168087,9.83558846039357,3.37909310351673,1.14054133998153,10.3642267312824,2.96341099589393,1.21215322041157
4.62135820089918,6.12352640688639,-0.507917354419762,4.77024614809069,5.97498094203094,-0.435450851800859,4.89993080817436,5.86984106400176,-0.39155695247544,5.10215208531861,5.49284909780366,-0.518008648465818,4.96243441161426,5.25132251104586,-0.299142032246379,4.81035658617032,4.92686239062678,-0.267437428170646,4.96017565742042,4.90692214127893,-0.247958110251998,7.53016398000339,4.823569108477,0.331616409579346,7.7642110573491,4.75387986345982,0.335578741107512,7.79793699626112,4.63811136733983,0.219468176318677,7.44729694650611,4.60639585532184,-0.0989415824934494,6.98681830234924,4.5922930694304,-0.0604348276884027,6.76225808856987,4.432018133909,-0.0805159440250555,6.9073700099894,4.3473018837868,-0.0140408310743279,3.65336357837031,5.46270114617082,-0.426095151102425,5.44017659325798,4.81770229552334,-0.255167870824694,5.90665960932239,4.7083641724994,-0.244177839636439,6.37901242182312,4.59534666944867,-0.189793956202692,7.46091548992272,4.10642110050425,0.232724415082059,8.05220824464626,3.90124131404706,0.466274555011443,8.64760605313911,3.73452732133621,0.680966111861744,9.23315699143271,3.54797338631713,0.892483427131731,9.81163920006034,3.38925811059573,1.13690423746619,10.3432914289658,2.97088450539186,1.2025822990013
4.61821232124413,6.12382808688536,-0.508202110505625,4.76995435468647,5.97237412647981,-0.436350938202787,4.90004170074683,5.86477990573648,-0.39335583209425,5.09255648533625,5.48790922095948,-0.516036793728988,4.93897570513568,5.25557295020342,-0.299020226721499,4.79490537070025,4.93955576135941,-0.264964252784539,4.93607376860038,4.91208096808492,-0.245240307604693,7.53137741527849,4.81050379406418,0.341021083226558,7.75922628987627,4.75278472835256,0.335529422867616,7.77549498107625,4.61845447848211,0.191613639263286,7.42390532898025,4.61744372250957,-0.100552000965234,6.96941364541031,4.60450846901193,-0.0723616239198579,6.74508955153883,4.43693620393216,-0.0865393367379583,6.88950925655269,4.35840477510067,-0.0197634583236436,3.62889063032535,5.47758160107429,-0.418708074834143,5.4193871370325,4.82081121358435,-0.255902702390206,5.88749674875537,4.7150305380124,-0.242067650662348,6.36044835678352,4.60060744922419,-0.196263212807458,7.44958215027152,4.11463698832632,0.224478504263557,8.02258527699506,3.91976100840554,0.45949697506238,8.61677780106523,3.74563939239089,0.668820252862074,9.21235293109183,3.55801379962544,0.885566923781589,9.79523906832644,3.40264321645326,1.13136006699123,10.3282028143915,2.98126456295278,1.19224130629166
4.61896423001791,6.1273388636624,-0.505884442222887,4.77046525247683,5.97392452224251,-0.435366701020113,4.89881608553158,5.86264176724238,-0.394500724484586,5.0818095565083,5.49118490111911,-0.51094739578735,4.91785347517335,5.26286907355012,-0.293192992281678,4.77510281294646,4.95116908623837,-0.259053498235616,4.92225095122896,4.9251870092101,-0.240471478374633,7.53068692864374,4.81384657654182,0.340428813807899,7.75825114008894,4.7566380144031,0.331533643129801,7.75872776766382,4.62204957962224,0.195059610224006,7.41700530244831,4.62429816302278,-0.113817209745249,6.94419303822421,4.61646616407472,-0.0880341197852272,6.72291174171588,4.4518615218383,-0.0886075904753791,6.8700647152413,4.3748500264539,-0.0303017668121425,3.60168360643616,5.48891281728053,-0.406266645596501,5.393544224066,4.82685865619848,-0.249702509161162,5.86040042394832,4.73035825392381,-0.238113043061856,6.33528282025714,4.61216503980805,-0.203006593101286,7.42332755354952,4.12880245070904,0.211682807152933,8.01881707890738,3.92752340378649,0.453030315003482,8.59721867804257,3.75739588563874,0.662472820305368,9.18509740988032,3.56677820929978,0.880915312305697,9.77435603966936,3.40451293647408,1.1200262806971,10.3168652429727,2.99850888819527,1.17909509116954
4.6208947945271,6.12629413931016,-0.505770206393066,4.76999699401678,5.97520639390026,-0.434371827430538,4.897303273793,5.86415312394055,-0.393090022717595,5.07427787856486,5.49765696502633,-0.502677297014425,4.90145583921964,5.27078466539365,-0.290070635433359,4.7581091864837,4.96528223536486,-0.254392481742411,4.90289033874794,4.9412808399301,-0.237117478062754,7.52982306920466,4.80646818767037,0.348863409466339,7.7590628057152,4.7544063710862,0.33006225189352,7.74712129141046,4.64282055888867,0.204783861039832,7.39391624461434,4.63462531277285,-0.121033049843013,6.92756918610576,4.625810205428,-0.0893862952450682,6.70724180534348,4.45995279514526,-0.0934786574374066,6.85968251369824,4.38728671901147,-0.0318293844893119,3.57897800519819,5.50115592998489,-0.398450930386312,5.37343612685685,4.83633675153119,-0.247171052226676,5.83908578707953,4.7401894405588,-0.238784223683925,6.31834043636383,4.61384031945586,-0.200317770928243,7.41382312900684,4.14734447739979,0.20679542489036,7.99933094229494,3.945646239734,0.439014570373627,8.58109418841189,3.76983764640735,0.657504807811108,9.17533220801592,3.58101231998893,0.883521050096336,9.7584616689993,3.41466036876821,1.11426057827174,10.2982019015373,3.00795596055292,1.16753828779495
4.62172936265975,6.12466999867039,-0.506912814115157,4.77145307437257,5.97216712548727,-0.436832965712028,4.89875775135367,5.86059286628925,-0.395188608081658,5.06941821477035,5.50111252574215,-0.495262793503333,4.89306803759411,5.27133415788934,-0.285720475169995,4.74968652065242,4.96922292126693,-0.248383688043811,4.8902956606417,4.94924702522948,-0.229238327645259,7.53093339319246,4.79698489544653,0.359910231518046,7.76308839405815,4.75247438330484,0.327599227896277,7.73945053543671,4.64690677785058,0.196959010244864,7.38192698191445,4.64877071972749,-0.121975344807384,6.91078164147208,4.63681456295302,-0.0841323114181133,6.69458137466517,4.46586403383502,-0.0929933856297441,6.84528606439501,4.39185348607035,-0.0344896663966007,3.56908107551221,5.51239080368158,-0.392405812210412,5.36029409018885,4.84090971165017,-0.237368133795173,5.82524325047838,4.74501929816298,-0.235141774558757,6.30462671606495,4.61859608367403,-0.198758376229425,7.40294478840809,4.14803759781817,0.213143605839053,7.99569143009952,3.95759488696707,0.440612618224489,8.5844733026076,3.78412646470638,0.654216685602972,9.17362347435756,3.58711754789617,0.88382141859919,9.75108907518747,3.41829514900517,1.10983853114162,10.2876917229329,3.00623100574407,1.15881674844386
4.62041252294736,6.12022557383727,-0.510649372404579,4.76973839697941,5.96881009586979,-0.440008923628153,4.89784074118536,5.85786634850098,-0.395802406186679,5.06779207675538,5.50132606309768,-0.491165917634887,4.8826849252189,5.27632608726735,-0.283222421298477,4.73476804396828,4.9775600232898,-0.243299931107558,4.87336971369815,4.95675433602932,-0.224956400862011,7.53311864745759,4.81097671244295,0.345933760890074,7.77087305915471,4.75099861973047,0.321716454349252,7.72070424967132,4.61992710339992,0.154932372185672,7.36833389272422,4.65998513873895,-0.125220469425953,6.90630443536151,4.64110709834269,-0.0863484968195665,6.68839439497412,4.46936991461058,-0.0918040496031845,6.83909241093327,4.39074022939018,-0.0275542474841872,3.55849909916373,5.5235143464142,-0.388991339719196,5.35056997054186,4.8440122791528,-0.232412937633437,5.81798813277434,4.74879625440964,-0.229599202339112,6.30028961197649,4.62002084832343,-0.193862490155154,7.39694395910199,4.15495559743418,0.213112552081888,7.98881187927278,3.96470696686529,0.441888792961291,8.57772203713386,3.79031465834496,0.654135569764455,9.16533611341055,3.59106422214009,0.882526015054523,9.74307740745407,3.42101242442201,1.10524564637619,10.2809102841436,3.0043888140252,1.14704412628256
4.62098711136803,6.12065702957746,-0.509996422850343,4.76981291642733,5.96844394629939,-0.43888346655592,4.89826626795722,5.85756455738598,-0.395430782974857,5.06821424821905,5.5033723676221,-0.490342876726942,4.86985843287763,5.2877576388161,-0.28770829760394,4.71224356971504,4.98966173490161,-0.245256923490576,4.85262870112606,4.96809370822979,-0.226217274511518,7.53370442883858,4.80973179176798,0.346504961444668,7.77206249239815,4.75971709424847,0.306067976231646,7.70995773912689,4.62426362406071,0.143783542188962,7.35150759918509,4.67762716670148,-0.124190748997674,6.89681563331708,4.65076728780519,-0.0847129571401649,6.67655754149766,4.47737580136982,-0.0907697716895935,6.8244110311374,4.39966907975425,-0.0297005473979413,3.5453891476784,5.5317328830736,-0.388550841210204,5.32651255086573,4.85958443467913,-0.23075755911914,5.80237250788461,4.75041523636608,-0.228634916934173,6.28252888087602,4.62685002880897,-0.19136336285751,7.37368704307497,4.16305920326139,0.19923920049879,7.97243411716938,3.97122351667398,0.437980910994527,8.56328535360679,3.78950347532618,0.654159517076516,9.15064719761787,3.59007935829538,0.880231202360163,9.734666084216,3.42625361509835,1.10688123204255,10.2773819016611,3.01741357598963,1.13500260745789
4.62127557348376,6.12179706423162,-0.510234970365801,4.7715310397813,5.97184284427984,-0.437762776393949,4.89854384227484,5.8602411362089,-0.395905590912466,5.06131040083462,5.51031126960883,-0.49042112347614,4.86610632939186,5.30129273123027,-0.290462959049073,4.69499988465649,5.0032375099464,-0.251807526189905,4.8355498853219,4.97639099799254,-0.234403489359475,7.5317918893497,4.81051622142594,0.354197495090284,7.76852902626128,4.76013835777182,0.303136739761427,7.69328863719525,4.62746630474468,0.136915093985027,7.31912710859727,4.69695267987273,-0.1286811034538,6.88213126773325,4.66206934898305,-0.0923303022150052,6.66154946741208,4.49208749793164,-0.092469933204475,6.81075034485796,4.41684988604837,-0.0347550179996668,3.52788933217533,5.55359407770119,-0.399139214658758,5.31892476773703,4.87091392865427,-0.236181506086366,5.7914363457136,4.75387671094661,-0.225139857423036,6.27013354835316,4.63344490949055,-0.190501272169342,7.36456148952414,4.17474402946747,0.19693547688159,7.95746401547381,3.9758410655706,0.431457149653027,8.54279435553214,3.79748908015632,0.651004265901761,9.12721672140445,3.59959302730935,0.874947380644954,9.71600038805417,3.4389098710664,1.10281983635598,10.2654764687345,3.02990088476367,1.12728856414386
4.62152066297777,6.12312128329408,-0.509266931304833,4.77249190541824,5.97393449367575,-0.435536124390741,4.89949279892982,5.86185168314983,-0.394953664884016,5.05531885300284,5.50868257218807,-0.497981536322175,4.84523008258166,5.31526447097858,-0.301324402537266,4.67959099157777,5.02062800119386,-0.264289566729055,4.81014645118305,4.98663084083734,-0.246132713029699,7.53733824742262,4.78630663454878,0.379733000259337,7.76662584312518,4.75938398392323,0.296858553629768,7.67230851442143,4.65208866390297,0.122206376019163,7.30849124130587,4.69812026194556,-0.141625710711195,6.85897220380825,4.67452870896973,-0.0971938886303041,6.63674640291368,4.50198055030542,-0.0970090863326193,6.79274461063136,4.42792961165624,-0.0390326484772297,3.51137205494168,5.57529052725058,-0.421515137782725,5.2956098017917,4.87748583916531,-0.240916445885253,5.77452076732468,4.75864075943582,-0.228055066852966,6.24882448123435,4.64662828587388,-0.18797499523981,7.33864781480057,4.18897877816387,0.181162475720157,7.9398141819076,3.98799722867266,0.423040269578789,8.52759720569962,3.80851621650972,0.641077518103929,9.11669527672027,3.60840225007547,0.871731536974446,9.69838158186473,3.44905814497754,1.10140697689207,10.24485080755,3.04131234653915,1.1148628486153
4.6192691327993,6.1234334760518,-0.510637318675613,4.7717010936249,5.9720814181007,-0.437421008294166,4.90163801203261,5.85876437979505,-0.396371386615818,5.05346898373021,5.49545965937956,-0.510738970497814,4.82279402561249,5.31661566044997,-0.318777678033863,4.64593203219172,5.02243540773555,-0.279806263307824,4.78792028707254,5.00406838794116,-0.255701057056326,7.53541301451062,4.79394672981546,0.385143501697006,7.75910110400847,4.76400415155974,0.289817861393085,7.64965019208015,4.66784656313413,0.116750721447891,7.28697912195497,4.72697836931141,-0.152193476712052,6.83413078876809,4.68240157614451,-0.10402405917255,6.61432961271719,4.51260075641913,-0.100344094910812,6.77071012454386,4.44233084588317,-0.0433871389176243,3.48911160197425,5.58612281121175,-0.448865402170241,5.26518492499584,4.88240444964411,-0.247012719841197,5.74728461438817,4.76801369280944,-0.227385817251548,6.21931791071958,4.65795692556082,-0.19491329295057,7.3266971742136,4.20019082595261,0.17153575882472,7.92223050721124,4.00605563663108,0.411526587358869,8.51128989987508,3.82123006223481,0.63232545778131,9.09689560487552,3.62203546096055,0.859724931032032,9.6773891933297,3.46187168222313,1.09718907207365,10.2229942371322,3.04918329112208,1.10163747409286
4.6157872342137,6.12201069609753,-0.512843549681396,4.77010215404038,5.97167970923376,-0.438860484087996,4.90079391575364,5.85999680078935,-0.395103464769721,5.04543181677852,5.49403013396519,-0.520634729511323,4.80686401793159,5.32369963136819,-0.330717190875565,4.62505742598499,5.03077757710604,-0.295572321572233,4.76541789185998,5.01324100870347,-0.271302605893424,7.53887439045649,4.79334807364168,0.383655541928984,7.75351547990148,4.76974333971706,0.284784798302646,7.62602186737489,4.68495439091563,0.111259419532573,7.25833790325725,4.74941156645642,-0.148525170575443,6.80687649680472,4.69201738858157,-0.111619123649712,6.59896485126163,4.51788263066916,-0.104130686400253,6.76100502649309,4.45446307288133,-0.0482174011632896,3.46502781164656,5.58502275642764,-0.477174388394064,5.23745102784156,4.88219364435214,-0.252237888429728,5.7102030631152,4.77638687541184,-0.233011752661701,6.20248608537785,4.65727821868569,-0.195661878727016,7.33000202354682,4.21744651371134,0.166544899169649,7.9057625616036,4.02238526465308,0.402763132093052,8.49022709658961,3.83643488806804,0.620389725697506,9.08058518332035,3.63595222932864,0.851221985351819,9.65834483816548,3.46950398232795,1.08895817597024,10.205482243558,3.06341170754972,1.09045772917958
4.61750081947075,6.12468094046899,-0.510843708941236,4.76997039722714,5.97230238162491,-0.439689107039373,4.90113245673409,5.85892021341317,-0.39343796340034,5.03407868063623,5.48139893672165,-0.537275545454119,4.7869392843599,5.33440591418359,-0.339395541145142,4.59631787355328,5.04084752785336,-0.314060313227998,4.73236226692304,5.02166979461596,-0.286084586225999,7.53423596380555,4.8041825632078,0.382046174491067,7.73433318015214,4.76554662339956,0.276225285989153,7.60547255593587,4.69527166204075,0.111271818079713,7.22429516818475,4.77429349731872,-0.146848150235499,6.78702207327364,4.71193221919266,-0.106850370765491,6.58298467182818,4.53005821414337,-0.103756301790424,6.73462769740953,4.46646846067346,-0.0507096742152095,3.4412257327234,5.59922925810954,-0.50493788615421,5.21608004045327,4.88175636645545,-0.260038747725794,5.69106092427457,4.78230373035843,-0.233119573277401,6.1862851505039,4.66449485105563,-0.192808799377254,7.3205088412348,4.23391579994627,0.166907279308944,7.89349414073175,4.04286963395986,0.402040273591284,8.47680552731011,3.85414287720329,0.618311069154178,9.0584052249635,3.65032580323101,0.846378121938781,9.63407354368529,3.4715696671396,1.07054896310964,10.186447006273,3.07735403527577,1.08202893103689
4.61676855969169,6.12640819765136,-0.508223852976383,4.77036111088571,5.97449498544432,-0.438310477402865,4.9006563891442,5.85728205348707,-0.391981609849572,5.02073816550056,5.46031713506384,-0.560184802845944,4.76268184301868,5.34969396558663,-0.345753027229283,4.5686855774721,5.05146116069399,-0.336821414921109,4.70793942613527,5.02472141893887,-0.301817355968346,7.65300685242885,4.99445487332342,0.236332311539343,7.72746917729265,4.77457151686042,0.275989162116739,7.58296507684402,4.69520783976394,0.0973673881967161,7.20690760360929,4.78714069111891,-0.140719061431422,6.76341028246893,4.73200991452999,-0.102481185171029,6.55623033242593,4.55235460541937,-0.102635976426494,6.70941907341077,4.48805121660611,-0.0494103194657012,3.41782011619035,5.61132155266359,-0.529682506534741,5.18527031381422,4.88523302644995,-0.281474771674308,5.67245667105759,4.78838550339701,-0.228601735739402,6.16529885110409,4.67501692298567,-0.188050691047362,7.31640031443279,4.26032651588112,0.171297154164241,7.87322956857154,4.06032583915684,0.393147804852715,8.46105419807919,3.87300710264254,0.614729016393659,9.03780120405341,3.67233925953919,0.843117715134728,9.61304920838408,3.48303758580551,1.07072060219999,10.1695340306454,3.09540243009149,1.06567503537543
4.61688577046079,6.1277641513244,-0.507392442033301,4.77020626516101,5.97480586837125,-0.438232726271953,4.90022545524501,5.85844559572875,-0.39018063891075,5.00898258370064,5.46413081610882,-0.563853555062262,4.74172107194466,5.35578933830716,-0.361609693923642,4.54171579808071,5.06284364905285,-0.356283846400708,4.68145137412967,5.02939233059327,-0.321748265311313,7.65293237225472,4.99621065745596,0.235136029921532,7.71930863421418,4.77519922555693,0.27209885722503,7.56633528471161,4.70544988704095,0.100700788373249,7.1803416200168,4.81087116612079,-0.134559824494834,6.73703224761311,4.74473299483771,-0.09911733013946,6.53551592462214,4.56367655324958,-0.101002471340098,6.6907557385173,4.49893835314254,-0.0475218006111375,3.40272571586229,5.62446318680618,-0.557051118453297,5.15652623937645,4.9070866924807,-0.278260252383034,5.6444503850682,4.78686567503409,-0.23116348530253,6.13427431257233,4.68805644086608,-0.180707133161176,7.3080473448283,4.27983570475789,0.174279715611021,7.85399474587465,4.07854744955206,0.389606682130905,8.44179485917473,3.88726722023201,0.607462392063313,9.01486121671149,3.68415067831549,0.837659660439243,9.58819158397815,3.49795285438723,1.06668144735184,10.1552224059833,3.10811090683174,1.05320500568277
4.61598253789375,6.12450240289473,-0.509141766080901,4.77213553595038,5.97454834496189,-0.43805451761668,4.90149248806988,5.8612852576997,-0.38855467829146,5.01517426680241,5.4650369812736,-0.563409626797954,4.72401584455824,5.36218867402804,-0.374321312168339,4.51336165734996,5.06655182913954,-0.375873154113658,4.66059374947584,5.03808605507536,-0.339453781873087,7.56581369431426,4.86857170119289,0.341954060260269,7.71786393105637,4.77653007934932,0.272893888461307,7.55441924045736,4.72537535714615,0.0956203102518077,7.16170619430287,4.81956878338129,-0.127063830660371,6.72531069307341,4.76046801326128,-0.0950907465525863,6.52044317285601,4.57143932768159,-0.096664697191232,6.67999329210405,4.50785699320105,-0.0430393499096641,3.39322881769194,5.62715832804392,-0.589609399213061,5.12815892878094,4.913063148453,-0.278621085598981,5.61813156007468,4.7935150275167,-0.229291554952149,6.10787361677679,4.69791451556667,-0.178340143309695,7.26531829806112,4.29415082142243,0.161209987895255,7.84794605731096,4.09181518473568,0.39261380172166,8.43588021956915,3.89943559340233,0.611596471628336,9.0078280280207,3.69064670427808,0.835822035843232,9.57565272613214,3.505818730886,1.06339401544303,10.1444936255134,3.11757829375303,1.04077274758057
4.61711967043111,6.12364131170238,-0.508023910509567,4.77376430909062,5.9739229548337,-0.43881251027136,4.9014491465092,5.86093857278129,-0.390098414367959,5.02194167226255,5.46949785339116,-0.559586339502186,4.72167990744267,5.36395471248363,-0.383851664733146,4.49912420178322,5.07010963780108,-0.394072014016602,4.64345673633957,5.0399826616689,-0.359604694579187,7.56657720364027,4.8684769417062,0.339119063793499,7.7149948355917,4.76160624512964,0.262324008381944,7.54158647097499,4.73525421399487,0.0996496248948323,7.14686039965666,4.84749546797688,-0.121172627600459,6.71416985336349,4.76458302843933,-0.09290269201614,6.50954977408899,4.5825281038149,-0.0877897256087512,6.67449748177521,4.51480519487452,-0.0364822419848998,3.38056116626259,5.62783972413657,-0.613644099537614,5.10988755956527,4.90935483619036,-0.286947234464452,5.60423619570925,4.80079678912635,-0.232138004866817,6.08949006479992,4.69944436821031,-0.172260943167969,7.26369917460115,4.30078970217979,0.166860660500581,7.83492884187876,4.10340881504391,0.396577955354084,8.41693104918023,3.91425387782455,0.621194415807594,8.99943264828991,3.69573567283877,0.834413950594937,9.5681373519551,3.51181714544177,1.06274093775507,10.1374490744435,3.1311600861555,1.03256367305973
4.616680812084,6.1259795125893,-0.506860368609471,4.77378333925282,5.97364716522552,-0.439013874091531,4.90140854943304,5.85919022109778,-0.390100759721966,5.02387040693747,5.47489911010944,-0.558745330303702,4.71858137263315,5.37063841518382,-0.389296032919413,4.49391192703458,5.07031651777676,-0.41230803706919,4.63267779131287,5.04313108335221,-0.37237311909575,7.5436843230447,4.8474411235403,0.362085182766748,7.70756880067909,4.76042165440349,0.266115143530998,7.52067334878595,4.74552639173161,0.0979142372182728,7.13140193605964,4.85559906694031,-0.112416477648171,6.69416735967956,4.77580464092897,-0.0783166998111096,6.49310216124228,4.59146699221024,-0.084104932619192,6.66450112028566,4.52589662827647,-0.0302905950887615,3.37039860631842,5.61817834791521,-0.64324875940677,5.10336884801267,4.91329818937648,-0.288082134276608,5.59030511265593,4.80580594177625,-0.231683834156548,6.08260505829207,4.69658793182613,-0.163091468229659,7.27497431271831,4.31684226319395,0.178699963288541,7.82651654473536,4.11732640250273,0.404453134820862,8.4138657713772,3.9218727722286,0.625937276708012,8.98850379088375,3.70164135078653,0.833201578780461,9.56295644748401,3.52003653319623,1.06076230020709,10.1343359265897,3.14493105529518,1.02582935236043
4.61453104434504,6.1254047570262,-0.507256244680801,4.77327168839926,5.97517887232382,-0.438385524807825,4.90235667850999,5.86128630925786,-0.390629540279781,5.02176370994053,5.4719936994104,-0.564102805539219,4.70344003144283,5.38183776152832,-0.392730518269497,4.4836288432362,5.06890927628151,-0.429871758493403,4.61078684209193,5.04168313448622,-0.389555295225157,7.5458826212845,4.84891450899983,0.367672082353725,7.70079495523622,4.75570126334675,0.266387076277189,7.5073691749712,4.75295387212695,0.0958505459305163,7.11455123974279,4.85795682515579,-0.112548409171662,6.68655647920504,4.78030978449419,-0.0786212364913435,6.48467185582233,4.59950029625075,-0.0815051843864255,6.65281641810033,4.53621502708332,-0.0296022031528581,3.36158067647128,5.61814372973075,-0.669727142796491,5.09051567129493,4.91899020438646,-0.288395905186571,5.57941859141718,4.80552572333244,-0.23169476380515,6.07340001912045,4.70364074363231,-0.162271150237236,7.26236941563276,4.33254829699883,0.181671913977865,7.81820558255234,4.13405636652899,0.405964760874617,8.3947290335836,3.93275649569609,0.6232621999086,8.97806572096586,3.71003088500942,0.834149879564163,9.55506267358292,3.52478661114732,1.05628459586326,10.1272746392896,3.15401114785,1.01705488850164
4.61612484563146,6.12769840992427,-0.505190185961654,4.77564513167248,5.97428651473259,-0.437844496100307,4.90456565947485,5.85865945871701,-0.391998421076511,5.01402978805197,5.47115378010397,-0.569339913444617,4.69173288300207,5.37804282797733,-0.409309546071305,4.46757467189701,5.07812178792148,-0.440467948138694,4.59771383314739,5.04853185629239,-0.39804092005737,7.55566642586224,4.84706121454251,0.380376730660546,7.68885998645592,4.75795754967289,0.227238113343966,7.50235944842527,4.76301521027415,0.063988256004849,7.08055454830367,4.86503957776973,-0.125192008151808,6.66233389174515,4.80160350226752,-0.0853078236881508,6.46749805614035,4.60698430920797,-0.084034581938291,6.62719243271009,4.55015834401182,-0.0356980211076038,3.3449530974113,5.61411920937851,-0.690263160560311,5.07850825185181,4.92170545439547,-0.302939870907655,5.55473400244013,4.80488322492718,-0.236533677943305,6.04663344726058,4.7120291279824,-0.166374176555133,7.23566485264295,4.34229611742786,0.171474038009561,7.79734388518771,4.14141396006426,0.39809285611876,8.38347529009661,3.94584341964271,0.617600823110552,8.96439328806665,3.71957597632958,0.826613469877374,9.5456411256077,3.52876697403093,1.05163331379799,10.1164841613366,3.16521286834162,1.00843261311942
4.61612350351062,6.12657924368797,-0.506559263779171,4.77683135987949,5.97447348615525,-0.437904568540468,4.9035163731784,5.85651998749153,-0.394740863708698,4.99832756166953,5.46931501428928,-0.578566279494169,4.675011169369,5.38910696088638,-0.410549649941783,4.44557835805047,5.08904125498947,-0.449899799637637,4.57492997052254,5.05616503450631,-0.401785043807873,7.5619063126919,4.85446456344015,0.371128669484687,7.64727145081415,4.78565723171525,0.198297023146982,7.48371197503828,4.79278359871729,0.0437961457040888,7.03858004755678,4.87606978851084,-0.15554397692187,6.63210088387194,4.81165050436978,-0.0882451096762213,6.44367269292581,4.61547228392881,-0.0885147198681436,6.60080356475294,4.56605396461158,-0.0420067837585403,3.3302034221291,5.61848813304331,-0.709496391724253,5.05930051798655,4.92270398274879,-0.310892899831752,5.52890417297672,4.80074997365533,-0.236996461286734,6.01639455864165,4.71250570178751,-0.169461259124679,7.16724515984444,4.36057303539095,0.14855112664429,7.78797332492476,4.16059323843426,0.394086756247953,8.36452840168683,3.95854121176665,0.611617917274746,8.94450683930586,3.73126474662958,0.819227640294203,9.5288610219226,3.5297754662995,1.03397074833938,10.1011086624079,3.17328911855878,1.00201422272132
4.61657805489179,6.1289409074778,-0.504532627057865,4.77747142808228,5.97429187719603,-0.435382942595563,4.90362375891178,5.85525732559725,-0.394163159209353,4.99894709913148,5.46518133670686,-0.581054174583661,4.66702392161879,5.39109703441806,-0.417453894403577,4.43282145433077,5.08737858291909,-0.461991808914938,4.5579823097109,5.05471646445842,-0.411331086357029,7.57247235159324,4.8628398062079,0.364811407930379,7.60571552941823,4.80536582022184,0.183652600160489,7.42539084769975,4.80513551388629,0.0199322546639627,7.0103129893225,4.89099829234832,-0.174116766138869,6.6054916070157,4.82636675440544,-0.0864950314870652,6.42319371972384,4.62763055024711,-0.0894993441239454,6.58810536076562,4.58083307919807,-0.039340770735648,3.31451115665363,5.62732843328868,-0.730397966606347,5.03578029597669,4.92512728952717,-0.316359529188014,5.50396799361283,4.8059298308184,-0.240424947353453,5.99392027808567,4.72913515546368,-0.167299385906825,7.19933722818167,4.37436545651553,0.154761002485838,7.77990318666582,4.18117430442256,0.390493407852725,8.34938397356799,3.9774201655042,0.604284513838346,8.92066403510479,3.74234727650861,0.819013606302893,9.50524661510599,3.54456881174227,1.02607839594313,10.0845391599214,3.19524816248039,0.998219266422755
4.61725179870847,6.13056029859357,-0.503285671328055,4.77643637370663,5.97483358283438,-0.434637831108363,4.90264984212038,5.85473360276028,-0.39290853216695,4.98885496957265,5.4723249350224,-0.586457889471154,4.6486315682054,5.39348250958213,-0.426828309201236,4.41084544326336,5.09117541810714,-0.47570429885237,4.54338471501907,5.06863852582275,-0.417129672540651,7.58380352447581,4.94151290536813,0.320099902892881,7.58425565063777,4.81157444179168,0.155530013329601,7.39919297909692,4.8484464171257,0.00704096778936659,6.98821345800232,4.89249577558363,-0.195689776919671,6.58363520497376,4.8379461340754,-0.0834180472655204,6.401053636769,4.6388307447391,-0.090217362084396,6.57046616575698,4.59603557985151,-0.0369834485344636,3.29543780935598,5.63618122026733,-0.743872625052155,5.00848114207835,4.92922797434744,-0.320368841664975,5.47740826907787,4.8168659840981,-0.243011396639085,5.96536731067897,4.73340763315581,-0.164541497751564,7.17887031826278,4.40412547929931,0.15889463262003,7.76725462101509,4.19775613833129,0.390160548416046,8.3382929411446,3.99602970701471,0.60559011288649,8.90778847760376,3.75350484481009,0.813388194369807,9.48826915495994,3.55038118925011,1.01974117153443,10.0712300069295,3.21162656900402,0.987085085551374
4.61932073508382,6.13110334636117,-0.502250718805063,4.77706957664254,5.97465609716939,-0.433697769883903,4.90328874847158,5.85517610845462,-0.390275025906557,4.98053348249182,5.47363837608731,-0.585422840720137,4.63773048183,5.40122322989571,-0.430256569663366,4.39147410488878,5.09956576018761,-0.476279664334538,4.53031404749171,5.07922211946669,-0.418981707624138,7.57225006651728,4.9380517803797,0.291544327045335,7.54883606581946,4.8691059358116,0.106060565355285,7.36076480667879,4.9082622549921,-0.0432740940258597,6.93509181844808,4.93779085551415,-0.238454182524299,6.56617331424559,4.8438853047188,-0.0910372457958451,6.3791549617028,4.64436024783029,-0.0922648315152359,6.558619697939,4.60277233342132,-0.0343216180620684,3.28455509137946,5.64350371941087,-0.763018469635818,4.98500116729629,4.92717294364385,-0.324215207303865,5.44854348280835,4.81277454266481,-0.240589537919037,5.94699282922546,4.735678418552,-0.167087174486526,7.17392036246817,4.42284859471312,0.166707388074652,7.75614277632063,4.21934898337124,0.394059840686846,8.32304152370432,4.01321286928748,0.600751019920016,8.89291340726181,3.76554085950996,0.806753613081992,9.47439628233858,3.56109104070207,1.01934042926701,10.0615797689208,3.23493145840114,0.98382122526123
4.62110965804267,6.1310400983881,-0.502796174940977,4.77800894638968,5.9747472474155,-0.433965098539216,4.90425047695056,5.85376899174985,-0.390548681735208,4.97514691974598,5.47032493405089,-0.585245381377005,4.63194391641322,5.39875184506034,-0.439310794100653,4.37312731853596,5.10861351222551,-0.484289368351706,4.5118137109862,5.07998545608576,-0.427036546646547,7.65429866850813,5.08078489569518,0.119362396154986,7.54213677377158,4.95837054503463,0.0300773444162276,7.31798170601283,4.95065409448497,-0.113537494041113,6.87232658019014,4.94710673073325,-0.28357616252071,6.53731615400685,4.87054228222507,-0.0868332578133174,6.35754401206498,4.64955226887288,-0.0941952630525282,6.54051409500415,4.61030519512138,-0.037166478197366,3.27202868144108,5.65660830941271,-0.773204141374495,4.96025538205555,4.92805915680915,-0.320199594922732,5.42393448782843,4.80888393088691,-0.242800248381671,5.92460997444269,4.72789551249422,-0.160703371769621,7.16262331809684,4.43748447928026,0.152135600403786,7.74126287329088,4.23440223485272,0.385589121396899,8.30455593498165,4.02120440542526,0.594056718695891,8.88604382803539,3.77529115551054,0.800593437545008,9.46065644374185,3.57064082693203,1.01511497328345,10.0554168838624,3.26474985169609,0.979999094801019
4.62273638325874,6.13066803897579,-0.50239645290313,4.77957692542437,5.97222049898387,-0.433036767266435,4.90462629643672,5.85066205377545,-0.392196242642009,4.96665182911436,5.46530992583151,-0.589161053740875,4.62589947021632,5.4069301340978,-0.443739942896523,4.36312958283222,5.11996972092949,-0.487212975595746,4.49757578467645,5.0869233582293,-0.432849601183196,7.65642993677097,5.18087219094098,0.00355552363471182,7.48710156559685,5.08099720859958,-0.0952705869147454,7.25108998653518,5.01408833054923,-0.20458645326807,6.80597491977788,4.95741087535079,-0.330807604949033,6.50291597512878,4.87900303948162,-0.0967918637155293,6.34010352240878,4.65417671600797,-0.0979975949656376,6.51679790613413,4.61758706816632,-0.044259945878106,3.26363262687357,5.67550740421732,-0.778176273761763,4.94200088039771,4.93991494800915,-0.328403317262282,5.40251654583168,4.80918312454824,-0.242978492292909,5.8953772742399,4.73147323769391,-0.16202811036689,7.13915552472164,4.43365090006981,0.130650556682141,7.71738856501959,4.24585669831423,0.375012782262891,8.28606824953064,4.03514011027022,0.586516177847507,8.8679256083622,3.78784986367505,0.796699169710989,9.44484929641555,3.57782420497681,1.01280544113866,10.0436327066146,3.28445952513966,0.980579486386787
4.62154508296169,6.13232189927558,-0.501998002031789,4.77761889954197,5.97162146432831,-0.431353696556737,4.90315584233094,5.85101117936968,-0.391677546719366,4.95548062104324,5.46611612336013,-0.59245733525005,4.60937560573156,5.41452820098712,-0.450652747077659,4.34635554795264,5.13323936040669,-0.496275995434187,4.47629244170427,5.08851858681375,-0.437469141556515,7.60925831272132,5.24504225018658,-0.114716965377422,7.42084346845173,5.15774795792213,-0.211968344977968,7.17647951314578,5.06801577907083,-0.302257359430347,6.72186678511854,4.97184232560787,-0.357316925760701,6.47124679337878,4.89128241709455,-0.10321619287626,6.33071576379772,4.66084740918475,-0.0994107281475241,6.50726079210726,4.62688085965517,-0.051435650401174,3.25038673169529,5.691047925521,-0.784654563221611,4.92164321970242,4.94497671946644,-0.332668303672316,5.39044670323297,4.80942990871412,-0.241451177724938,5.87501470205475,4.73946270190466,-0.160369360188164,7.12923764509646,4.45141703562944,0.131496609161561,7.7002286206315,4.26267180718585,0.371138450449428,8.2690942998694,4.04854594679653,0.575698456584702,8.84378499693082,3.79572696087317,0.786946756497543,9.43014386065273,3.58460757583368,1.00918408397952,10.0305453939134,3.31500929083954,0.979363750706124
4.62213757236426,6.13142580304103,-0.502731507095254,4.77540187383025,5.97176145801602,-0.429288300548384,4.90273446571605,5.8527422617888,-0.389937041722775,4.94003566862936,5.47007574487326,-0.591555202567684,4.58810872098389,5.42483084763597,-0.462543080766956,4.31573710406096,5.15680156382498,-0.50550540300395,4.44418126843335,5.1055094804543,-0.447123079079046,7.52661686122889,5.25764437212801,-0.234693474037044,7.32153894841474,5.19530537328134,-0.31911370166629,7.07297818903224,5.08909229155312,-0.379686374518905,6.62274634620153,4.98425251556965,-0.397482380767743,6.44224936485283,4.89453785298107,-0.112155823644645,6.30070690855928,4.66877021003264,-0.104203752413392,6.48190176297588,4.63326159487694,-0.0586762073497117,3.22922799029815,5.71206187910611,-0.794142253087011,4.89102088186573,4.95530283045081,-0.336501412623084,5.3568420407206,4.81788750183914,-0.244126600510886,5.85140045078542,4.73886747258326,-0.163704706017528,7.11204320984208,4.4845335700163,0.12773627844575,7.69675462253447,4.27088729948154,0.364254371567682,8.24866322036689,4.06243112424326,0.562395175459632,8.82235862237196,3.80920337144075,0.774793371820284,9.40533798269935,3.59056742666283,0.993882313645402,10.0103935992253,3.34191113489269,0.978135908859087
4.6229264519717,6.12921798384663,-0.505077870039224,4.77361924515837,5.97032566996838,-0.429076102868151,4.9020300650846,5.85124683892729,-0.390028749491156,4.92448404790785,5.46959643842165,-0.595229415062028,4.56943416739543,5.43606218148633,-0.470605173398756,4.28584228970967,5.15902468684676,-0.513831090130488,4.42009352761739,5.12351746047999,-0.457813217691123,7.41940094425498,5.28929617036967,-0.288369887640319,7.20594725507817,5.21817351302964,-0.402519990755472,6.96833743945532,5.10220751867273,-0.46460696893381,6.53655217269137,4.97322595805876,-0.431074418002545,6.40644733606605,4.88985839131247,-0.130580963463573,6.26930940362978,4.67665073942039,-0.111082339376612,6.45335361406288,4.63661312294802,-0.0733320365680115,3.20779286597738,5.73950148072606,-0.801059006371597,4.85869069757533,4.96244225297248,-0.345428845637485,5.32077117591395,4.82295407780309,-0.252219818941732,5.82182296762849,4.74365539783783,-0.169944280121761,7.08937347578479,4.4981874417899,0.118606279288074,7.67543989867446,4.29122310392643,0.337339431131661,8.23150242775926,4.0734000002027,0.547982753243844,8.79841358664594,3.82033059667665,0.765182409580564,9.38878737579652,3.6017625147946,0.984766288276084,9.98766188019871,3.36703599032616,0.981675073411516
4.62175692213552,6.12550500845591,-0.50723165280027,4.77274526837885,5.96774269548275,-0.429853626630997,4.90096300754262,5.84601541481197,-0.391066506769125,4.90813941312424,5.45981528746929,-0.598304169749795,4.54884087250583,5.44965276758837,-0.476940377103607,4.26400510387358,5.1779053225497,-0.519474387039698,4.39108225545233,5.13600517535085,-0.460747623458174,7.31502637027434,5.26656266387879,-0.491194528462741,7.10353956446135,5.21260233697404,-0.509308115140464,6.85672305234446,5.094785093995,-0.526428960160388,6.45846258267064,4.97319750912186,-0.452337131660658,6.3630467404734,4.89620856299994,-0.137197235530318,6.23762998820679,4.67122256016267,-0.121699994752407,6.43032567937642,4.62919237148191,-0.0926632228325608,3.1873623625607,5.76162045757651,-0.812963662064704,4.83310706730424,4.96511021850087,-0.341533455829058,5.29511440531906,4.82339346013417,-0.253819145415933,5.79541735715942,4.73417913105285,-0.17374922525671,7.04280592440935,4.50000287438046,0.084833050194821,7.64392781394799,4.30750885775673,0.316286848561869,8.2067800616094,4.08529758918716,0.52749291674484,8.78356355487715,3.82965254901861,0.754369663625994,9.35948191238487,3.61514117474353,0.978029975237839,9.95980110024285,3.38641685231741,0.976443901487951
4.62380148106099,6.12676699093493,-0.505430018732991,4.77179601407091,5.96894959570482,-0.429048939025689,4.90026791586225,5.84297218057635,-0.388725607815893,4.8849295001339,5.4533206712419,-0.598954893782064,4.52800750914233,5.46306076905457,-0.483971386099306,4.23871592755449,5.20667212587865,-0.527966176672688,4.36364066585828,5.15668963822043,-0.464691919230883,7.18805235917092,5.19924412758863,-0.63788290424629,6.96876413867132,5.1900610852939,-0.631636737419893,6.74074494537764,5.08099757132148,-0.614882595968868,6.35412513058466,4.98242567899965,-0.45952118839341,6.31800821037331,4.9007534602602,-0.143703418874365,6.20954861728374,4.66855233831718,-0.124740621172184,6.3876425464927,4.6402103611765,-0.096759824922977,3.17084117655933,5.79097111202311,-0.831333007738182,4.80902055596444,4.98261210940328,-0.348736201480857,5.26959688324971,4.81706107436384,-0.252963268142123,5.76631780804885,4.73341838108739,-0.172413337045236,7.01244469200601,4.52009352822248,0.0855323890529511,7.61064402473105,4.31901556720036,0.299718164541203,8.17177163608321,4.10621683992572,0.510352892882173,8.75527051604388,3.84902137804633,0.738843505460395,9.32948272236852,3.63460027143103,0.976545166222282,9.93040810510364,3.40568398618938,0.970226272125717
4.62530307951198,6.12799074977008,-0.504430990941006,4.77152770393574,5.97056287228965,-0.429621541502637,4.89891297138029,5.84215151074222,-0.389640713747342,4.86397989228989,5.4556893492863,-0.602044198542102,4.50708824242076,5.48348319744026,-0.489975288712586,4.21742371911276,5.23626712651147,-0.534662588455799,4.33992401690291,5.18177411463637,-0.472843672128226,6.99824837488047,5.24161546004924,-0.74258160522178,6.82332507607557,5.18563605624039,-0.713711342966682,6.62760504853475,5.06554792173355,-0.659517826764736,6.2812239646729,4.98552101585581,-0.456916978596252,6.27603534342554,4.90691050147958,-0.14561990203674,6.15715818003067,4.68344345069804,-0.122952003175867,6.34738098230786,4.64408732047675,-0.0982227172583889,3.16233980527179,5.82619820438221,-0.833209741027376,4.76715693030265,5.00013211239752,-0.353274155324367,5.22756615241553,4.82672807286332,-0.254649120431808,5.71685099247195,4.74020753680787,-0.17043243383935,6.98978486316176,4.5297942216151,0.0743180290860599,7.58418234163909,4.32526893537522,0.291285506016028,8.1435501075083,4.11676279055039,0.495381797974462,8.71359880755788,3.86760870051359,0.726753182415914,9.29645354244196,3.6539964649794,0.964454870171614,9.90326109995132,3.42156566119881,0.960086993657926
4.62440519215377,6.12834796581733,-0.504277884440684,4.77096718102082,5.97150669456756,-0.43062160098711,4.89694215482556,5.84340552924898,-0.390722694901827,4.84898094703021,5.46207160934452,-0.603458323174526,4.50196984579261,5.49033098286489,-0.495695755176155,4.19475532188582,5.2584442141404,-0.532107713303901,4.32182820883934,5.20021842427108,-0.479868316506491,6.84123972193221,5.29000755367224,-0.845559488295728,6.66909422341188,5.19679554676157,-0.78239728006998,6.51591779130289,5.06904460052684,-0.699691163750499,6.20546902041778,4.98488434244861,-0.474707753791417,6.24428789827927,4.90119990572329,-0.145591452566489,6.11119934462531,4.68740185059857,-0.124276162784406,6.30841799497021,4.64987423527099,-0.100024477066853,3.14612583507023,5.8701905692461,-0.834858763089484,4.74561531598684,5.00916354161085,-0.356373068255996,5.19310259458879,4.84021730880104,-0.253732621974909,5.676742203159,4.74603065363181,-0.17514054770064,6.94986554005933,4.53846583422358,0.0603179729513996,7.54885462754601,4.33223527956146,0.270741319647578,8.11692741844463,4.1262169149657,0.480426087901644,8.68449323662037,3.87731729048536,0.717138089609881,9.27477040795736,3.65580067113879,0.954771569816455,9.87971397610688,3.43745830578469,0.953626473132523
4.62439072207277,6.12856039611861,-0.506134728222617,4.77237279455168,5.97177570001722,-0.433229307858558,4.89627400024583,5.84366824221819,-0.393929763611703,4.83268483003352,5.4607704009702,-0.614317164972054,4.48596611853074,5.50610738565009,-0.503429429762776,4.18519995527169,5.26805862397949,-0.53635548930825,4.31037519868071,5.22085081912072,-0.48156277003611,6.68408972165955,5.29953755097428,-0.937558861082829,6.51111890949049,5.18927730520179,-0.832879399929728,6.4019719906844,5.06399159933565,-0.735117310688008,6.12582164793442,4.97324989252491,-0.475511512255579,6.2020199456655,4.90225450587917,-0.155991326516711,6.09986202575425,4.67053012764489,-0.129056636253702,6.28455458311304,4.65692205988963,-0.102078966830413,3.12801024529332,5.9106494742641,-0.845920511586566,4.73240170103359,5.02059568521377,-0.351423755024423,5.17228869331059,4.84452255891768,-0.253445250309958,5.65851611964413,4.72675525696578,-0.179508176084099,6.85641419043084,4.53934527852404,0.0149651525376471,7.52268794508865,4.33763332770975,0.255165474779385,8.0975507018903,4.12967727626654,0.466662129100221,8.6749150143691,3.88483468627841,0.710327727246763,9.25754647598353,3.66465513866521,0.949348327827742,9.85161209554889,3.45796871086976,0.951706940894974
4.62465185039177,6.12803546967974,-0.507316894950045,4.77265071238142,5.97050853588276,-0.433533410975191,4.89510291010518,5.84336052807134,-0.395199691407338,4.8288050577043,5.45807461862944,-0.620007557090399,4.47675430287424,5.51959393549411,-0.504508204852405,4.16496240109614,5.29654108687415,-0.535947840505292,4.29320844421649,5.24406147623076,-0.477587587801298,6.52787713454167,5.28562819621559,-1.00241414151892,6.37651832576826,5.18043176836358,-0.880994982893867,6.27887169445333,5.0821858811713,-0.761856722821657,6.06928348115335,4.95504152405206,-0.48090189976547,6.17523326541213,4.90334820865916,-0.162061849117053,6.07178576255489,4.67879903933855,-0.125527209707018,6.25807785170586,4.66045392554028,-0.105208570820985,3.1163591342653,5.959140367794,-0.849965782794813,4.70565653739374,5.0392758125091,-0.359859750779416,5.13573462657773,4.85209470891196,-0.256436905965104,5.62763421070667,4.72842492887654,-0.182273863125608,6.83697075751505,4.54015170690664,0.00748530352362242,7.49700450309594,4.34659632068468,0.244029409724068,8.07117960955741,4.1353310518134,0.452955773881718,8.65321645790947,3.89547632152038,0.693352618218038,9.22262279039417,3.6835992634042,0.943565087735829,9.82469883315427,3.47452871068812,0.955142428891792
4.62459493491125,6.12873781184408,-0.506848774279799,4.77124942522987,5.970346880082,-0.431986578906323,4.89321924009407,5.84464731540731,-0.396405572462224,4.81466656698154,5.46841775467772,-0.621067942864427,4.46198349810458,5.53575315250305,-0.507780142015826,4.14283945144081,5.33067395827009,-0.542207341710336,4.26729021395229,5.2697633867469,-0.482159384173538,6.32364533681331,5.31912967970472,-1.05217744803237,6.21473123435162,5.25594997918133,-0.889065575310424,6.18152490850625,5.05877533788461,-0.805798721760619,5.99471250242917,4.94057881568095,-0.496419464926798,6.1347175014775,4.89741502113672,-0.17251148722382,6.03848197752119,4.67516259551958,-0.131690823197637,6.23029739122566,4.64240570948405,-0.120778206941151,3.11350466413421,6.01064347772532,-0.84107699953959,4.67348567151479,5.06493848420163,-0.365411661674284,5.11008778823365,4.86254982119004,-0.257557756568139,5.60223626768034,4.73409891346966,-0.175746322002586,6.87831107354746,4.53740343913631,0.0279932593595446,7.46676926776944,4.34807246176039,0.231356491105271,8.04100681659899,4.14017562466007,0.442323377532566,8.62259612712508,3.90762479490374,0.68531396299692,9.19919482193188,3.69672212958645,0.935560155756581,9.80637187955401,3.486372881252,0.946163000799364
4.62428045436655,6.12882868222729,-0.507248725759833,4.77085177382331,5.97149038362534,-0.431462040277305,4.8885289310829,5.84500010055598,-0.395245747434566,4.79711497685837,5.47827779101915,-0.627304362186347,4.4537137438175,5.55411972331083,-0.508723479055479,4.12735848623154,5.35869855002145,-0.554705555018252,4.24539465774357,5.29066212318978,-0.488414899749132,6.198963920832,5.31833764700003,-1.08631298827871,6.1273796052484,5.19441124357793,-0.96378925071688,6.09402028659356,5.05922974023508,-0.820552647671783,5.94540752093519,4.94223561978613,-0.491241537600037,6.09188163395472,4.89693479549872,-0.182161497899572,6.00331298168577,4.67004603919861,-0.141590147492894,6.19938876184203,4.64445719620782,-0.119120113054153,3.11153970961427,6.03289686336863,-0.843632668437573,4.65154305294881,5.07768779906175,-0.366573158343619,5.07280927398011,4.87878356161771,-0.256668697218762,5.567468434703,4.74988491722713,-0.178332342663039,6.86022169986802,4.54148402722574,0.0171879072158137,7.44578620650685,4.35024904040193,0.217571827120683,8.01971723888216,4.14620241961099,0.429040053237589,8.59506452974027,3.91259708023833,0.678101436549795,9.18116659204899,3.70900503802979,0.928093399902631,9.78485677846659,3.50950767312844,0.941796619322715
4.62220373040252,6.1288881655377,-0.507284555347301,4.77197028904818,5.97186670645511,-0.430575363067769,4.88412590795918,5.84637450434863,-0.399545663567646,4.77639400968503,5.48361653060888,-0.633702207776671,4.42880012183398,5.57717323489373,-0.518390133101152,4.10341685427359,5.38579600604147,-0.554712143068807,4.21979255485354,5.31880507543452,-0.488622174525043,6.05197769868636,5.36262936882059,-1.07976551720953,6.00246800494893,5.24117335638313,-0.945167788389283,5.98820592416375,5.08294710118949,-0.833708619011404,5.8837291986545,4.94492068916216,-0.506762731246503,6.05058142862174,4.90372150161552,-0.185104826328946,5.96667682413844,4.67622131057317,-0.145712995964104,6.16476470842488,4.65218451137342,-0.129341384492743,3.09910162565164,6.0686929561086,-0.842758468514507,4.61728605620066,5.09273088156948,-0.372528238843474,5.04497703819098,4.88573634908095,-0.265518617847673,5.52071010591954,4.74010867130256,-0.199946722008371,6.82469838787946,4.54243702633309,0.000800939658585474,7.41478010689124,4.35592751699678,0.199581639236034,7.99444338321349,4.151048347844,0.414303804280872,8.56729892302894,3.92496265940271,0.665222208531191,9.15849538115745,3.71729792323206,0.917068226796196,9.7578523949104,3.51835298715901,0.93539384514578
4.61990531603648,6.12926949744589,-0.505616381324729,4.77217115480037,5.97370876530711,-0.433394385418464,4.88166498355429,5.84432557500683,-0.399771680225189,4.75908030954781,5.4980718626134,-0.635699522603728,4.41298055909513,5.60026281488913,-0.517711034331434,4.08984414675476,5.40879403648345,-0.562231107589053,4.20278376973265,5.34426124085326,-0.494985991632681,5.86950756035202,5.43574986445683,-1.06466911687598,5.88804164588114,5.2822474716064,-0.933092951996596,5.92196831380664,5.15105844349061,-0.794802970544566,5.80999650692616,4.9141022360481,-0.550764395582634,6.02515926482271,4.91059748549301,-0.188639681478759,5.94560666014294,4.67564244432207,-0.149370644588697,6.13758679803932,4.65103166158183,-0.13401329377657,3.08724348759795,6.11689328491893,-0.833981379085188,4.60451206718214,5.10613031563186,-0.371633004218926,5.0237491376116,4.89685150621006,-0.269203129786532,5.49177752996327,4.75138677270114,-0.192092840744433,6.72263285276002,4.55724760893261,-0.0354214478071356,7.38311089570211,4.36701852088098,0.188516715846704,7.97508453868975,4.15882497571798,0.40590817105248,8.54954291556212,3.93299672705759,0.65491483350847,9.13594790135018,3.72963510260656,0.90750616725403,9.73160512894273,3.53101312929822,0.930289907854424
4.61815567037989,6.13060513337963,-0.504310934144568,4.77150621460319,5.9726298167684,-0.435321307042501,4.87764686072749,5.844518457452,-0.40106350203651,4.73947236294187,5.51030947668639,-0.642216150487828,4.39979837160933,5.62547481376105,-0.523993690792921,4.079802030944,5.43488924158566,-0.566382484136862,4.1913209386307,5.37189385141394,-0.499329536519455,5.71187420166542,5.48150942913223,-1.05573558572659,5.78026319096236,5.3680009333028,-0.890858879632027,5.82965934166343,5.19131639824897,-0.78675551736363,5.76358919786529,4.92025337125002,-0.561303872657402,6.00073974880919,4.90810749515443,-0.197649876391546,5.92377817167711,4.67783433554993,-0.149433908794844,6.1188608758215,4.66321120983501,-0.126658924465933,3.0797837203706,6.14870102315428,-0.835980443473183,4.58292551058175,5.12577145142181,-0.371431753398449,4.99193360146507,4.91226394316554,-0.267164839715981,5.45645602279873,4.75253794250057,-0.203616533629195,6.78029012771777,4.55314366907495,-0.0201200753152404,7.3673370411722,4.37654385839696,0.180159008765538,7.95538247292123,4.17139227839942,0.397695528759594,8.53279607615537,3.93735987370053,0.647217493387367,9.11162458753083,3.74154676674453,0.905466343192663,9.70915723266994,3.54668598669028,0.925613036069199
4.61604209902096,6.12945177625266,-0.502517938629068,4.77034984477181,5.97759701563188,-0.439026718459801,4.87430887578795,5.84624079124172,-0.401206413613689,4.72704481031479,5.52215357209027,-0.646538520682484,4.39124438860788,5.64378348321025,-0.529848355595975,4.06777605179919,5.45682189312365,-0.566213976239429,4.18444642189616,5.39730220882249,-0.505229175593955,5.58164051769469,5.54313779491643,-1.02171023292842,5.6870123864717,5.44047588981724,-0.854508193109654,5.75950459067281,5.2614660862817,-0.737411760586713,5.75143617405027,4.96889745735431,-0.519276389581713,5.97864362354008,4.91894083854489,-0.196179440587603,5.91001717376409,4.6889699553811,-0.144473237340555,6.10856398505037,4.66083830973145,-0.130607778458109,3.06578263131627,6.17796869233249,-0.830644382569227,4.56350100682674,5.13873146722672,-0.380423635984765,4.96685482269976,4.92789678876012,-0.272816039647003,5.43193915866528,4.75436738148767,-0.207441073066547,6.76101670494246,4.56105170239792,-0.0220877235793375,7.34650941503497,4.38493862645632,0.173287781950973,7.92554105520164,4.18412652077067,0.388530767396473,8.51069907461623,3.95014319262405,0.635525070045584,9.09019007163795,3.75361967762379,0.899652272847833,9.69514606570283,3.55947158644831,0.923463299734073
4.61475479556056,6.12616842190173,-0.501652416222161,4.77128124590545,5.97582077992154,-0.438348834310872,4.87455837349044,5.84777381648812,-0.405077090977988,4.72141551821753,5.53166385442587,-0.655501269130448,4.38368184886484,5.65772619899095,-0.535637356511992,4.0546803529241,5.47823974383879,-0.573742868246558,4.17315948003473,5.41360627559408,-0.510944041269987,5.46127068917285,5.65489907906285,-0.936128815897409,5.59689525093334,5.54231278159076,-0.79477466813693,5.71133813042494,5.34234149891536,-0.679968026307835,5.72751420901469,5.03828936327602,-0.477623146135457,5.96018104670282,4.92900999697102,-0.196200804602756,5.90170019034099,4.69642391776033,-0.145902950721039,6.10051946375481,4.66844798491872,-0.129692957034659,3.05946407592971,6.19572338511306,-0.831440464575799,4.55543844184189,5.15364550758469,-0.387135047256501,4.94817712978285,4.93036139196343,-0.272802032424352,5.45726924036157,4.77814001095374,-0.192627725076119,6.7489339897277,4.57103004214781,-0.0190164826610669,7.33780330396035,4.3937954952381,0.169067576951722,7.91770968124935,4.19210046544303,0.379107193799166,8.49900084042066,3.96022289927476,0.632977283960699,9.07556326389469,3.75982219787858,0.894524385429449,9.679534120477,3.5722857699597,0.921275519893954
4.61594640645231,6.12512187699955,-0.503009084275782,4.77045152006224,5.97540334592079,-0.439052979024562,4.87586496426189,5.84588369927375,-0.408636213878815,4.71862041745765,5.5469152051529,-0.664293834983867,4.37904204632473,5.66681699447891,-0.546499641962469,4.04681140619364,5.49182936379264,-0.584218651033336,4.16587330638763,5.42422986506014,-0.520846439305283,5.36639037301596,5.73323355689777,-0.865992883231872,5.51060152976784,5.60050182898629,-0.760989136491689,5.64784035184338,5.40293507370221,-0.643011924918015,5.7083445637118,5.08622579625155,-0.455701063845942,5.94719387170108,4.94176422230974,-0.191516535687024,5.88846954975819,4.70132103171765,-0.152152725087128,6.08061818385405,4.68315162725196,-0.129535639163633,3.04928341261825,6.20686517999358,-0.842482035274892,4.55132899630241,5.16350694347472,-0.399268104315869,4.94929359243156,4.94136366073217,-0.288589731106819,5.42667228815568,4.80163060487795,-0.190851976771115,6.74530501410516,4.58763049642684,-0.017499991453518,7.33249726166655,4.41083767202362,0.16909799019699,7.91425941355463,4.20761845268448,0.378716196549694,8.48975444626243,3.97163548852745,0.63309448791575,9.06512289929521,3.76603539942053,0.886788921251782,9.66549165903892,3.57825449535263,0.915442107782683
4.61778684593255,6.12368223261369,-0.500960168941956,4.77112656729581,5.97553272353189,-0.440311874865117,4.87782884104397,5.84924875526502,-0.413535133651958,4.71334635681771,5.55674401654178,-0.668257171462613,4.37442723289635,5.67158374628385,-0.557727768487298,4.04433146034221,5.50815484229471,-0.594481860791334,4.16175529322665,5.43733962434765,-0.531988254459471,5.28410628965491,5.83878266893001,-0.754247862563286,5.45805388480644,5.68482530316163,-0.679046148069698,5.62778669920165,5.49558412255883,-0.563030111955458,5.70163887206485,5.12527661111976,-0.455333225080683,5.94402124728203,4.95405677943458,-0.187233208947882,5.87766088475899,4.71271128136772,-0.151245412692885,6.07153122496321,4.69628391904216,-0.126454128004006,3.04857736373325,6.22478870162761,-0.853397417178105,4.54837034752015,5.17145496468308,-0.412788804295911,4.95338939366356,4.93950572033225,-0.30200905848208,5.42504684602039,4.79049174602594,-0.213219004313168,6.7310561787057,4.60308230528154,-0.0107956010242515,7.32669697693728,4.42734671622944,0.170996654222629,7.90212880817597,4.22387083934987,0.385290109549353,8.46849403295177,3.98551110304407,0.634343645645516,9.05991983851981,3.77369239923911,0.884041908608385,9.65481230713924,3.58341469553355,0.908185966029238
4.62114609593713,6.12263970278537,-0.50093985079333,4.77282435964688,5.97792585167648,-0.438374399452805,4.87857247937109,5.8569727919978,-0.414431712912481,4.70761572051345,5.56428528332878,-0.67184267663698,4.36644857497662,5.68423713424239,-0.569893370975062,4.03988816724637,5.52498768700355,-0.613712794842571,4.14450344412281,5.44626734755279,-0.54851183463124,5.24319594966457,5.95734077222179,-0.632350472368287,5.41267677712445,5.78473519640263,-0.59651997012854,5.5937084261648,5.59638994972007,-0.48932745484236,5.70099086323831,5.20635408672466,-0.400517394357675,5.93516155421527,4.96183372850485,-0.189279442131471,5.87440647173103,4.72403807305701,-0.146705935543885,6.06229323235829,4.70967730687048,-0.121210750669941,3.04064106904646,6.22358884258015,-0.872195318456605,4.52592179972472,5.18203754659486,-0.428858473315286,4.93763164478214,4.95426315392037,-0.310562914399175,5.41400443612387,4.79807635748988,-0.222003093810182,6.71954340916782,4.61673188001861,-0.00174816455688386,7.315003189679,4.44337650503022,0.184086141040329,7.88860178572287,4.24128302864881,0.39552367242303,8.46312557170897,3.99698052133044,0.637319392457262,9.06029317218445,3.77705157826628,0.879386307967328,9.64979404596722,3.59031242189345,0.901253636799971
4.62170693901871,6.12339816676537,-0.502434104341318,4.77087568998362,5.97964124908323,-0.436872077469011,4.87919083457147,5.85981963164588,-0.4160426900219,4.71316083666934,5.56832540592488,-0.677633343074386,4.3639539368197,5.69112539778831,-0.582989987876127,4.03392567940162,5.53311311631488,-0.632406604186651,4.14087879048289,5.45293694334529,-0.56830900974884,5.22748742237532,6.01900237381875,-0.557921273156866,5.4088054797093,5.85208638181086,-0.499108059688845,5.5932364706755,5.67851084710292,-0.415839430347747,5.70021547366204,5.24998341500499,-0.383262987406572,5.9379279695697,4.97998199205375,-0.172638731454008,5.87396909446985,4.73319786171477,-0.141350307967952,6.05484067000904,4.72093302440172,-0.115698327215464,3.03164409172567,6.22471320710415,-0.896929724270515,4.52922534091111,5.17997584592912,-0.435908345725524,4.94331229005304,4.95343261281688,-0.315318507506296,5.41400201701977,4.80988016226704,-0.220374190354479,6.69909406784819,4.63549890112646,0.0102281572452205,7.30360964721557,4.4551385083422,0.195259257595604,7.87996019108877,4.25499736905248,0.40725421701134,8.45796497689626,4.00645971020523,0.637955280829749,9.05710210861043,3.78139596627841,0.876123788162671,9.64197610733957,3.59582478168743,0.890771634589451
4.62169211203977,6.12268516677559,-0.505016698143455,4.76955178458352,5.97813952457599,-0.438165206275101,4.87722192526851,5.85772962024731,-0.420812000148765,4.70801520488378,5.57467896544892,-0.68545115670883,4.36070238786417,5.69244347529855,-0.597432219079067,4.03194708911977,5.52537506656208,-0.651524084350213,4.13440002508836,5.46065621490649,-0.580574600649197,5.22827568680675,6.06297068332994,-0.484232918531679,5.41040445133863,5.92012498852881,-0.403981891219141,5.60019255365337,5.76706691709932,-0.328042113658176,5.67822303375538,5.30811460009856,-0.357149971735179,5.91820270933683,4.99659270362817,-0.163023530503154,5.85313094363086,4.7387704106208,-0.142606679845632,6.04085051698252,4.72862866287104,-0.11362671948246,3.0270739998703,6.21660531941068,-0.933050348682092,4.51705668224951,5.18146933573892,-0.447561183702791,4.93464006575158,4.95840320673174,-0.323716973068412,5.40769022712768,4.81195808983852,-0.224205155580228,6.61699974279833,4.64476651118488,-0.0114963760556326,7.28906874960825,4.46947046024817,0.203055779536578,7.86524220587895,4.27011036585936,0.416172878575872,8.44083999387221,4.0129143131269,0.638457134879042,9.03822385340646,3.78260062998342,0.865445614393534,9.63506383547594,3.59941629592571,0.88008230022818
4.62308923710685,6.12316630916647,-0.506860098781064,4.77068120637194,5.97944399580813,-0.437488438722918,4.87576623520896,5.85994904621005,-0.42134912017117,4.69880766104929,5.58055069475216,-0.690854253500492,4.35704019157861,5.69609729676863,-0.608874497541969,4.02515217279586,5.52702322289993,-0.662106739336899,4.12792024535916,5.46383641553324,-0.593662795145576,5.23068156711115,6.06209851374942,-0.485775249389241,5.41243505868242,5.91988272686816,-0.40312851993289,5.60117928856395,5.76741237608508,-0.327175837721176,5.67243704013458,5.30521669217024,-0.356831320019476,5.90749559652072,4.99935954017979,-0.163018651255423,5.84614914741743,4.74132078600476,-0.13941173137322,6.0274720113909,4.73153705675432,-0.110895031748098,3.02401033463091,6.2064137443418,-0.970050184951607,4.5175988096626,5.18753664268239,-0.458563428346825,4.92654077356627,4.96224336942518,-0.329501893167456,5.40206234216594,4.80776401717979,-0.219627936166742,6.6808772796814,4.65337741532127,0.0249302563127588,7.27505869586168,4.47686314674498,0.212316924560178,7.85716018079896,4.27535484589481,0.424750821148463,8.43548474669546,4.01726802110516,0.643779127867224,9.02956265425088,3.7843185722797,0.864030280755158,9.6283158259006,3.59617735939351,0.872255707155843
4.62285355476698,6.12461289855933,-0.506068445447809,4.7718897668554,5.9814181573514,-0.435422280198189,4.87441099327496,5.86061638157351,-0.419932179432816,4.69084698002328,5.58491190271675,-0.696591739384925,4.34481901362539,5.70199454155431,-0.619870192506535,4.0129940201625,5.53252237435101,-0.673523453749637,4.1150672624385,5.46527799833656,-0.606716480435483,5.23386721945195,6.06392970528666,-0.484873065498065,5.4150282191454,5.92035349734966,-0.401861148576927,5.60468683711296,5.77028627368398,-0.323154018320037,5.6661610770885,5.29893258913302,-0.361935436987688,5.8993179190544,4.99182383911919,-0.172526260333405,5.82647795542516,4.73763091763215,-0.137844907151534,6.01166883434635,4.72265685016333,-0.113904726670163,3.01944965186316,6.2021008194767,-0.989298188900263,4.50370117504171,5.19226962742105,-0.46418343605124,4.91561497075405,4.96678850223882,-0.331888424236865,5.38321885921336,4.81180192699812,-0.221083314479095,6.65732498074509,4.64477566700062,0.0118974103901829,7.25768568903913,4.47789815199345,0.204967193624603,7.84646941716912,4.27222202143547,0.417049403137277,8.4289443586612,4.0159593895192,0.641195458949857,9.00712497176413,3.79061481211749,0.861603998918111,9.6104371158117,3.59858678719067,0.870524903064596
4.62016073445611,6.12440335365917,-0.504280888825229,4.77014396309954,5.98350235190908,-0.433536571913136,4.87074589044248,5.86144948641409,-0.419485898069817,4.67791266237069,5.59865102248856,-0.693506759978767,4.32628589244858,5.7083961566172,-0.62607383690422,3.99499921122872,5.53791029134537,-0.683179972646788,4.09994438711928,5.47523735877748,-0.61762303063186,5.23466878579259,6.06573333039591,-0.484229793156301,5.41486437433201,5.92268502636478,-0.401050686831813,5.6039971755221,5.77297007264457,-0.323767400718758,5.65046466811715,5.3078154694371,-0.367267693133901,5.87543209798174,4.98692976805305,-0.178615853354264,5.79853272352336,4.73384574308955,-0.148133345111565,5.99002942178721,4.72053953588493,-0.119602735244421,3.00899528446538,6.21665145003834,-1.00056631381266,4.48802918740733,5.19996104684054,-0.469841469773469,4.89506308791828,4.96479955766932,-0.333647886971445,5.35561856824116,4.81037259947451,-0.225598212533273,6.63634420223875,4.63499237208713,-0.00326195025161411,7.23923433835943,4.47198773391085,0.187280987592972,7.81584780243009,4.26790309775783,0.395140343440213,8.40921185517847,4.01694320242064,0.625245764491622,8.9846760516399,3.80040696477651,0.861681374340607,9.58709018354576,3.60003219378977,0.87617705574659
4.62264785763162,6.12426191365928,-0.505398515371857,4.76795336903757,5.98440042070329,-0.434535003402,4.86602729252697,5.8595584100415,-0.422140280152762,4.66642614674139,5.60832009916073,-0.705200165751345,4.30894762665362,5.71249881686448,-0.633744085739046,3.98087505745405,5.54058474771329,-0.689737391454229,4.08320731177609,5.47908579086132,-0.625670677477508,5.23452211917668,6.06658942999149,-0.484951160059372,5.41252082154568,5.92337737550028,-0.403657939945534,5.60068665277749,5.7721168526513,-0.326481597604752,5.6329350123435,5.29904160222831,-0.37631128204265,5.85408771968451,4.97600099236006,-0.188495412380379,5.7717711562248,4.72185914348525,-0.163109526676629,5.96609745914106,4.70689520461839,-0.13070100114603,2.99654548166326,6.23006189089321,-1.0116024567525,4.46238581049316,5.20393369725049,-0.475670815498649,4.86546468994108,4.96501966477802,-0.34057603677152,5.32614713889055,4.81912585257538,-0.236078144101011,6.62403998721003,4.61789541774815,-0.016888877290549,7.21395664831998,4.45804000252602,0.166654683927512,7.79629079315448,4.263951793724,0.370556522508031,8.38336046562924,4.02452314221274,0.611179798415961,8.96053657613641,3.81038270385014,0.859641004802753,9.56302068633316,3.59949921508137,0.876773366251879
4.62452678558254,6.12415345431983,-0.50469907440141,4.76569412295017,5.98399634691802,-0.435420077733355,4.85903336307415,5.85939602783658,-0.424257914811099,4.65369925510853,5.62162625032013,-0.708998800680861,4.29747210713427,5.71906719709189,-0.64424308849578,3.96841621634494,5.54389036300969,-0.696922988506751,4.07003229926788,5.4799589779816,-0.630315415764838,5.23587458052652,6.06564902762399,-0.486694787430566,5.40973840793072,5.92205212288792,-0.407197733367849,5.59704259206711,5.77356187115466,-0.331054795923276,5.61282563653582,5.28954385297835,-0.388103799016067,5.82709391069718,4.96718006275257,-0.196922621334062,5.74976796701039,4.71432656553639,-0.166541252004689,5.93789995498013,4.70379287947375,-0.137542844705068,2.9831811168639,6.24662043848449,-1.01909375351025,4.44391137283515,5.21229864530537,-0.4849952407555,4.84115333653435,4.97305876726566,-0.344712125484427,5.30276565816376,4.81467750099476,-0.238723094907568,6.60329288799022,4.6150907277219,-0.0283952249640793,7.1960985086535,4.45252338907972,0.152645373423813,7.78122228011249,4.259290322851,0.3563469824963,8.35426981046444,4.02916972454152,0.598040372229809,8.9375229257347,3.82121083549201,0.853533432976813,9.53620723465166,3.60381157130072,0.874445879830293
4.62619009361215,6.12451981535058,-0.504852979286095,4.7641317407702,5.98365171657518,-0.436274182343889,4.85447882478847,5.85991323769163,-0.428111801022588,4.64094256926444,5.63493672714212,-0.713342472571758,4.27861915308919,5.73274490831445,-0.658039701236751,3.94843262551814,5.55845345418809,-0.708119485815219,4.05667335103975,5.4880119065486,-0.639541659179159,5.23792642885989,6.06576653794393,-0.487082787701437,5.41041175689048,5.92256590973382,-0.408596164236548,5.59561785526783,5.7743906142849,-0.333214890165526,5.60566750695259,5.31131271753527,-0.403686981127292,5.80141627364035,4.96173808784119,-0.20116438705557,5.72783989203849,4.71254112697817,-0.166003205463792,5.91801628681532,4.69800390621001,-0.140901607324576,2.96772200023198,6.25557755431771,-1.0248731887971,4.42167091370431,5.2192259723907,-0.490477177110502,4.8127837507885,4.97870322538888,-0.346626450460797,5.27887899598537,4.80977102238658,-0.237435815638096,6.57178799432314,4.6133290237882,-0.0422634492691549,7.16929052359484,4.45422427797509,0.141160130128643,7.75432907229848,4.25990872026958,0.344962166895091,8.3294648577211,4.03531969207813,0.590925417983026,8.91390540557944,3.82639628565577,0.84309535062897,9.51167420739632,3.60370185858388,0.872114489728689
4.63159149396524,6.1230509989479,-0.503121034916209,4.76498419137981,5.98464619276074,-0.435420030365179,4.85102614073996,5.85835000762875,-0.428555830180584,4.63324347646667,5.64459749225904,-0.717331790461145,4.26820666915195,5.74583195945411,-0.664512641368393,3.93804490583473,5.57077761221805,-0.71166990113285,4.04303223784858,5.49496455732978,-0.64565586584791,5.23847375133958,6.06611451605492,-0.486039702819125,5.41006699421582,5.9228877448913,-0.407651422206727,5.59409224539514,5.77530533554438,-0.3307736557016,5.5858376373577,5.29751097530469,-0.406183076447237,5.78209543430464,4.96725795325967,-0.197126056408513,5.70621238307697,4.7123340012637,-0.168649052637209,5.89213192987935,4.69801778516754,-0.144319861143224,2.955280287137,6.27015678596109,-1.03645667376273,4.40692465453962,5.22859174733644,-0.49339151835547,4.79852913726149,4.9860742145193,-0.345676503888643,5.26189934452632,4.81164715700797,-0.241955658412106,6.54769455250299,4.61404538030775,-0.0442478617404847,7.14767753752175,4.45691825589908,0.135048314383925,7.73988426132612,4.26628744719815,0.338548097471178,8.31718068112759,4.03346810271343,0.591076222136565,8.898829438953,3.8355644172075,0.841236351780413,9.49021857949659,3.6072881339223,0.86855208685831
4.63024780353402,6.11816588061125,-0.502381095575643,4.76327563652814,5.98384968910934,-0.434551976678359,4.8444039793101,5.85557553537764,-0.430319916643561,4.61659369368805,5.65467054678378,-0.722097903180907,4.26008670431546,5.75833216572659,-0.669743332063638,3.92464478840422,5.58032375048712,-0.716860903284819,4.02454519331466,5.50504113989805,-0.653521064414315,5.23808142923022,6.06512678336665,-0.488193114316679,5.4098608845626,5.9232064541642,-0.408320791941132,5.59267990594686,5.77356226396471,-0.330724179961124,5.57358152358506,5.2965563019211,-0.416040493657676,5.76292791260534,4.96684466932234,-0.199186399609482,5.68455700255732,4.7187092409979,-0.170216803173052,5.87285257104167,4.69966212421547,-0.146032069213451,2.94479464127394,6.28093670970613,-1.04987647866094,4.38709801525559,5.24113048663675,-0.499575669419279,4.78980086554032,4.98685080309413,-0.350143781733242,5.23977108189232,4.81671772486874,-0.241733212208092,6.52694858946304,4.62201229418322,-0.0476927770279302,7.12415921345429,4.46595043661434,0.129864639085378,7.72209584112824,4.27669633566766,0.33435519123298,8.30034074585227,4.0442470871624,0.579979344083021,8.88349591200461,3.84596418497107,0.841960682322855,9.46877250098509,3.61423352123836,0.868332669372896
4.6271040465399,6.11824304194185,-0.502317821241849,4.7593724942331,5.98610162671777,-0.435364071032003,4.83838142894295,5.85846448605512,-0.431529550878789,4.60395380806803,5.66838430281435,-0.725873563200792,4.24676503146988,5.77033675538224,-0.670439167067259,3.92070439759088,5.58793368929521,-0.724936164993327,4.01226533806957,5.51714798786163,-0.653197196254435,5.23857468934967,6.06537736201009,-0.488937316084457,5.40913818160768,5.9236167261985,-0.408204763206632,5.59124616639407,5.77564619822869,-0.332761707580614,5.56185006513188,5.30082391792475,-0.417973032763311,5.74740120854015,4.96709826682972,-0.204841884604981,5.66802084399285,4.71645627575123,-0.174150524552444,5.85570323479634,4.69972637037818,-0.147105890735819,2.93320721660563,6.29184684250794,-1.0581585057249,4.37372624614197,5.24203864785603,-0.498632770182416,4.77193652774825,4.99766499457253,-0.354125609375207,5.22150818493366,4.8226953054648,-0.246212012231737,6.51564773987799,4.61985348734559,-0.0493274650447415,7.1070814224273,4.46788349793125,0.126797379003053,7.70292162009444,4.27929504257308,0.331659879647748,8.28067367203433,4.05029636404744,0.573673504565446,8.85504999356976,3.85771430888217,0.837695747773039,9.44881212885753,3.61079870339784,0.860446983780861
4.62492605152312,6.11713199307092,-0.504057756869268,4.75774919377741,5.98526956088983,-0.435481675008432,4.83288207462607,5.85794236225144,-0.433979702229713,4.59115960877511,5.6833965756863,-0.732328571685086,4.23229165947029,5.77751903221338,-0.677153794095377,3.91207737724191,5.59727756843368,-0.735473548688421,4.001973978085,5.53350645198597,-0.664277919870111,5.23973230977362,6.06572424698312,-0.489234291272945,5.41040074102247,5.92318750979577,-0.40840769793045,5.59203359158579,5.77473977782305,-0.334179431671214,5.55252289819655,5.3015364351279,-0.420939617816301,5.73319762471837,4.97044239963485,-0.211923291273882,5.64990382349248,4.71830373552539,-0.17351560184713,5.83896962890985,4.70175501050338,-0.146793076415935,2.92283341481688,6.30695200834898,-1.06619249862368,4.36447781318808,5.24931326481465,-0.509096883072968,4.7536058287567,5.0106965576314,-0.362771805383786,5.20613361123703,4.83440918956018,-0.254503573188623,6.5031632685172,4.62024947937924,-0.0459043216960595,7.08806235810363,4.47159598428853,0.12638454304336,7.68465270841193,4.28125526904314,0.326860555507257,8.26292803053619,4.05950710222301,0.571608109470247,8.84447646750113,3.86082062995275,0.835499979894548,9.43266801920937,3.61086096546238,0.848249258848463
4.62505634277341,6.1174439322689,-0.501936036461679,4.7582280382506,5.98437544470667,-0.433933204737586,4.8282700436634,5.85751375292795,-0.435488234040828,4.57727632162797,5.68507625879177,-0.745488053104881,4.22087161855725,5.79251490920428,-0.678691214490718,3.90025805182301,5.61071840678954,-0.744191921365603,3.98998193266471,5.54613579086843,-0.671812329291782,5.24155989230656,6.06803014280097,-0.488066093290672,5.41273416610193,5.92389028065883,-0.406520283467512,5.59333639520396,5.77540448481617,-0.334414905156172,5.54135564710521,5.3023637205043,-0.423262986205841,5.71439966526191,4.97492405510121,-0.212392199436753,5.62901141316574,4.72529388154295,-0.174538718944194,5.82061764434832,4.7107234115595,-0.144878430094667,2.91710216180879,6.32287738154181,-1.07109885816385,4.34848563233737,5.26457384275141,-0.514928951139224,4.73038751176175,5.02381519608998,-0.368587734603232,5.18869567895892,4.8484655268088,-0.252444034001675,6.48304237367915,4.62397366050945,-0.0503562591596416,7.08390342927961,4.47591216325342,0.130003764041109,7.67187098290096,4.28971810192532,0.325880897020246,8.24043201563294,4.06689786137413,0.569945198227385,8.82571196711709,3.87402596275624,0.827947266167278,9.41667852033393,3.61313074089836,0.844752802596238
4.62748207287334,6.12010651438805,-0.500950899290675,4.75995246395006,5.98605275374265,-0.434333397731108,4.82444619156024,5.85936095895788,-0.438283480675795,4.58188756493325,5.70019295099589,-0.736100673644216,4.21265606311006,5.80049907926079,-0.680345882113257,3.89300512436793,5.6199527025843,-0.747544139935738,3.98363173804125,5.55388286591618,-0.675670007854612,5.24105189527026,6.06797060493895,-0.488039263408207,5.41261164905712,5.92448856950977,-0.406110630547419,5.59436451118587,5.77726145874771,-0.333231010864942,5.53322566562548,5.30227955622094,-0.427574351070037,5.70121868023278,4.97842477027492,-0.213290009436727,5.61289242598031,4.73106632130965,-0.174262904113664,5.81020251690039,4.71474461621387,-0.144443358365824,2.9130706538765,6.34026937767296,-1.07929472372313,4.34040943237799,5.27564352420057,-0.519924942288363,4.71753364587031,5.03761000968851,-0.374704791494312,5.17472250930031,4.85476468403423,-0.254153954995204,6.465998506488,4.62574246835375,-0.0470337019360837,7.0709525348859,4.4788414723901,0.130461935870602,7.6592356460625,4.29663030600199,0.327572209700458,8.22874942048743,4.07571319830227,0.572292107968611,8.81313624569069,3.87885414830751,0.824451106519307,9.40285468030663,3.61134404554014,0.838723860790587
4.62691658552358,6.12059538230146,-0.499953066634901,4.75978420416713,5.98726263737296,-0.433913444967555,4.82237463782435,5.85683727699267,-0.441176032562773,4.56982972189824,5.7053521767636,-0.744462551978466,4.20162237815239,5.804809399956,-0.683660836083932,3.88572448541112,5.62050969566728,-0.752081466816439,3.97902885854943,5.55749004228866,-0.678997227289211,5.24240757766202,6.069191208617,-0.487299269114966,5.41375855177898,5.92399914496208,-0.40478091944388,5.59496371350091,5.77494509098284,-0.333311649676809,5.52749604612964,5.29881940364544,-0.435019116190184,5.69280741327333,4.97712369527032,-0.217219480209876,5.60081043667135,4.73413879492768,-0.175787084248426,5.79819446811198,4.71764683678044,-0.147664609719825,2.89940042359697,6.34406359378853,-1.08424151053087,4.33223786791679,5.28328734503397,-0.521421358281868,4.70384075112843,5.04604130377078,-0.375420522372403,5.15890215396621,4.8603826612941,-0.25578133519876,6.4534463902957,4.62750601033615,-0.0480818800581905,7.05633497681106,4.48055177504204,0.129090744632559,7.64772172700038,4.29930863583762,0.32962405791556,8.21716579538523,4.07915388260386,0.573579921039819,8.80377877253319,3.87316378909869,0.819656999115007,9.38918710901585,3.60050237679731,0.829977039991148
4.62261792682005,6.11980896671619,-0.499649199780657,4.75762223808138,5.98869330972764,-0.435412861157863,4.81447664475309,5.86050070511673,-0.442541325037526,4.55460059212387,5.70634931047277,-0.751249913637299,4.18654516511789,5.81148182872088,-0.691878782077156,3.87131547088382,5.6234444672498,-0.759156344509037,3.96592554044919,5.56063639452,-0.68417204238085,5.24205303520542,6.06821286036313,-0.488134329688971,5.41368649796056,5.92265274556906,-0.405870125493135,5.59494403477926,5.77372463603202,-0.334906003540796,5.52036481299333,5.3019851858339,-0.437176121199689,5.6804612540468,4.97777691216902,-0.217381802879,5.58896833033163,4.73711395850563,-0.175413853102801,5.78182797170225,4.71980928453724,-0.148928253555251,2.88473257216773,6.34291666711774,-1.08383563329868,4.32059640108709,5.28784420048963,-0.522430992155195,4.68877386548666,5.0535551883958,-0.379514413962198,5.14966813564095,4.85059076967021,-0.255551720419198,6.43981629392588,4.62785342584125,-0.0486875447504708,7.04081395097726,4.48310419134167,0.128202631824227,7.63005104221094,4.30317446531657,0.329363986373578,8.19863240224023,4.08069733542099,0.567896783028485,8.79315773885625,3.87258382125054,0.817225616890634,9.37650981242773,3.59673283163501,0.825954386736143
4.62266508115591,6.12250786336092,-0.499566766444859,4.75774007876164,5.98821078678547,-0.435466668776681,4.80421802745866,5.85931508066544,-0.443565440774963,4.54274031591889,5.71662628479139,-0.752263134893162,4.17299471014615,5.81896393505075,-0.696306588552841,3.85640065240405,5.62760558185344,-0.764239433923182,3.95307203205086,5.56418590830386,-0.689517789101107,5.24200535987738,6.06695334907122,-0.488611610900151,5.41375590417055,5.92164099088514,-0.405638525501193,5.59486156540769,5.77250929925473,-0.334941103189741,5.51206948237515,5.29840562234501,-0.443326159632307,5.6709020124899,4.98551947595995,-0.210461360340256,5.5790673441278,4.74184577978814,-0.17833409051563,5.77167342933221,4.72015993236393,-0.154226100473633,2.86623203361198,6.34114550123297,-1.08792333174622,4.30742168588153,5.28990618996122,-0.528259959571184,4.68297947058057,5.05549944634107,-0.382071008706756,5.13984849399025,4.85020131768312,-0.254253727866108,6.42241249942048,4.62508225728799,-0.0554703362204271,7.01714140720042,4.4884713787641,0.120673751055908,7.61300150150615,4.30849362805394,0.321377043879292,8.18665380749818,4.08886629785723,0.561788519811957,8.78027274703894,3.87882209940906,0.813352383211089,9.36236165501043,3.60413297671578,0.832363390041949
4.61931277388693,6.12605300727598,-0.497259380309284,4.75833345806109,5.98865330071452,-0.433125415112703,4.79517148301914,5.86183513948667,-0.446254793113191,4.53001304099036,5.72658573084727,-0.751847474731058,4.15770330531428,5.82423833394003,-0.706361290959565,3.83967822406929,5.63834170832672,-0.772201121442632,3.95094834705439,5.56777358959362,-0.697117149543307,5.24305661781735,6.06781724416936,-0.488139322041901,5.41409818413581,5.92305706646237,-0.404504748023199,5.59411196308139,5.77352589799885,-0.333868567175383,5.50653320340351,5.30060354329171,-0.447434405277553,5.66072766411161,4.99045242773022,-0.209438960212709,5.56427036974404,4.74862423547767,-0.1813505300068,5.75684039552925,4.72337497951954,-0.157311310510646,2.85112242432922,6.3465702070167,-1.092450094036,4.29190249931702,5.30165521593553,-0.531647540641169,4.67146127813424,5.06463892985054,-0.38287821547439,5.12306863281842,4.85598453241316,-0.259854407921827,6.40785004195881,4.63118878615747,-0.0574024474865331,7.00803535837037,4.49535573957378,0.120026684909178,7.60471489415627,4.31465710626893,0.316100317051528,8.18347216336977,4.09771893461613,0.553922725407966,8.75705197555126,3.88819292376181,0.81062806372007,9.34154065509636,3.60142258156091,0.834673361261772
4.61661925481219,6.12731111247754,-0.497592159454967,4.75912994646192,5.98678678101639,-0.432591498136348,4.78410579199466,5.86178746374779,-0.449997096364771,4.52259712384914,5.74090052731755,-0.759428326182295,4.15226531152295,5.83456623632081,-0.71464769224053,3.83470936975226,5.64860274642671,-0.772850619922951,3.93923983355903,5.5732512717758,-0.705337731321375,5.24295002689848,6.06732138879462,-0.488859468842523,5.4140787420876,5.92269470656868,-0.404585021182499,5.59293668208371,5.77125450675574,-0.335745758221464,5.489015264311,5.29894793350177,-0.452488478914142,5.64447647223973,4.99246214097516,-0.218703478443758,5.54395441701292,4.74882658223464,-0.188063393470849,5.73820093019613,4.72403274942383,-0.163086269561116,2.83473492292066,6.34838279820714,-1.10123800455816,4.2807251821943,5.30669855244844,-0.536365549171895,4.66151041316369,5.06183598261759,-0.382166032366075,5.11057055125638,4.86173628981846,-0.263471270672472,6.38495196128932,4.6350050579697,-0.0622359850980276,6.98673843115479,4.5015883033549,0.113390076198029,7.589208099476,4.32342292192279,0.312777189972554,8.16758128316799,4.1016659794412,0.54711964221006,8.74220159943853,3.89872105739297,0.807888704022477,9.32278230615879,3.59631499116452,0.831450873073991
4.61235233729197,6.12895498599128,-0.500181739664035,4.76008064829597,5.99059360225598,-0.438610187941987,4.77480317900911,5.86241034933492,-0.452213563163442,4.50537001992333,5.74018892323957,-0.772542506507306,4.1351728115408,5.84475844780718,-0.718482426471388,3.81623653954233,5.65438693857212,-0.782598495925071,3.92522248736567,5.58430065269869,-0.711805714508466,5.24201420134179,6.06727174193384,-0.488947314647424,5.41369755556553,5.92252708403802,-0.405528409748355,5.5926225600397,5.76982762056209,-0.339187087549552,5.4811130163991,5.30174532311101,-0.459130786344719,5.63267721325481,4.98634553837279,-0.229147976134788,5.53026853854376,4.74931264912827,-0.19003340629301,5.72164490581253,4.72384009580761,-0.167081768291737,2.81901917057835,6.3511794678153,-1.10813051518686,4.26237457084753,5.31527047809752,-0.545602588558382,4.64388584679918,5.06862845196914,-0.388804865776986,5.0967107313844,4.86613577753954,-0.271021255501346,6.38480814610007,4.64060083269489,-0.0575439650766061,6.97528626077521,4.50386107258629,0.108116673807532,7.57595616555255,4.32362987785783,0.303102048938241,8.15407275822296,4.10968019272231,0.54169161935718,8.72323496785215,3.90955162571338,0.80552915767741,9.30239899636566,3.5940111826899,0.826704316267245
4.61093523930768,6.12362431957569,-0.497091206658694,4.75868087113472,5.98939097303572,-0.44080630198232,4.77027542141032,5.8469320835673,-0.477404278224491,4.48737831551217,5.74669350313675,-0.779749475591535,4.11507521716238,5.85897212720957,-0.732918109967817,3.79976826429427,5.65937204329188,-0.790512918012191,3.9110058537052,5.59096365769811,-0.719845980031574,5.24171494349616,6.06397402442185,-0.48986763159438,5.41457733636329,5.92183704860046,-0.407170491244171,5.59220203789522,5.76841132689085,-0.341311701985276,5.47328514387319,5.30461377050844,-0.466565116363871,5.61763135035447,4.99182829059184,-0.238373983684611,5.51176406592298,4.75451919466831,-0.195290978848863,5.70185365167546,4.72277892658239,-0.169843118898983,2.80239182050596,6.35707602022459,-1.11279605030508,4.2597817007174,5.31103166721088,-0.559684289561286,4.62756618617323,5.08039799751887,-0.399277870990095,5.07828258824312,4.87940789821362,-0.271654416357623,6.37014112364597,4.64306307100979,-0.0604754888114669,6.95954792923523,4.50692243326516,0.103256962116855,7.55872525042623,4.33550324320439,0.295479743451485,8.13428142995759,4.11863279028688,0.533874102630182,8.70765053860147,3.91823556528356,0.79713869819171,9.2832049871157,3.58952666034828,0.818192559561931
4.6138208580552,6.1210420993501,-0.492408027077865,4.75671913731615,5.99071620036111,-0.440938203339778,4.75969141409615,5.85892594436435,-0.485603613582096,4.47632347933038,5.76418152791653,-0.785520284502719,4.09657241203834,5.87357131101339,-0.7381997104717,3.78726616689628,5.66272802868276,-0.801031387699369,3.89444299874387,5.60164583815298,-0.72694172134539,5.24062084563505,6.06545712837119,-0.48900753389855,5.41465006362581,5.92276030756469,-0.406445601886488,5.59277495138982,5.76472128128099,-0.34354488656185,5.47071229717511,5.30369105553053,-0.469525842521529,5.59968730695477,4.99653458501353,-0.240074499869642,5.49094289158768,4.76341268330658,-0.197668357310384,5.68658699214761,4.73514920500288,-0.166898667640303,2.78544827312678,6.364958152552,-1.1153991880896,4.25128061080836,5.32556328741215,-0.561452177586357,4.61221598692227,5.09416731495649,-0.407417292322364,5.06112177041875,4.8965285039239,-0.281300320947876,6.35486687924912,4.64792282206822,-0.0613976539736038,6.9486198205876,4.50962441281232,0.102039658695985,7.54683567426926,4.34040397797063,0.293614274075705,8.12511709724674,4.12110396213412,0.533132364808889,8.6933557472604,3.93030574571107,0.792849572323088,9.26268563003721,3.58878222335299,0.818715315478265
4.61697406587548,6.12637650346882,-0.490352263815566,4.75676096548635,5.99224618721584,-0.442900075961425,4.75555292830663,5.86268428488917,-0.494402501288174,4.458666284113,5.76657566986608,-0.798493062575135,4.07984743121568,5.87531055091704,-0.74313110241743,3.77634754708876,5.67429733936906,-0.799787443017322,3.87572835272995,5.61356935971151,-0.730501460413648,5.23986902987643,6.06503122452404,-0.488359939454815,5.41481622753452,5.92369242978917,-0.405723989750717,5.59235943606332,5.7652059463854,-0.342712645017763,5.46307904676789,5.30908180616189,-0.473670669786884,5.58190643169227,5.00378776173051,-0.240872873936039,5.47535786046922,4.76945427360818,-0.200591326052779,5.66824764619384,4.74295850577292,-0.168388685849572,2.76732293741745,6.37868554479392,-1.12087670336065,4.23791895910025,5.34210433784623,-0.565727589163304,4.6037143724697,5.10426347989628,-0.408658504433689,5.05135526409668,4.89940436945705,-0.288223355491026,6.32754158352299,4.64910259531857,-0.061462040351262,6.93170883967176,4.512285364559,0.102383486726662,7.52686640375657,4.34631823544732,0.291289158770812,8.10776055289582,4.12890830019093,0.534622864962979,8.68361900329492,3.92715426216851,0.784151800696285,9.2482855388205,3.59302472886872,0.815628181406762
4.6144916808753,6.12539572645043,-0.489669870114465,4.75216967935401,5.9914383716566,-0.446991980514059,4.74511351019602,5.87004175397963,-0.504415016533902,4.43510510097994,5.77779268523323,-0.806572068368073,4.05675118924751,5.88864990746162,-0.757507242436942,3.76546084632317,5.67847164016503,-0.806691667817464,3.86210160295355,5.6197231499569,-0.739701235859585,5.23969573263731,6.06449426252901,-0.487274365877373,5.41535580648323,5.92267126407917,-0.406021723353237,5.59199526679212,5.76163333117288,-0.34414956184437,5.45204045809426,5.30984798923567,-0.483210883099043,5.56777070585637,5.01216284151396,-0.24094231823418,5.45464758024352,4.77499855730944,-0.205878067246609,5.64676087330134,4.74321688657293,-0.177210521475636,2.74583106811697,6.37928931913049,-1.12781291863995,4.21875931811364,5.35797140967327,-0.576383232959566,4.58985568738391,5.11345644059696,-0.415579785181179,5.03261531201793,4.89857600929537,-0.28942754288032,6.30822634195278,4.65061633705405,-0.0645804333567985,6.91265984174512,4.51525754200755,0.100857718002794,7.51088300922802,4.34820835750745,0.292096131424217,8.0894089304732,4.1305650864633,0.531960383015625,8.66600412414313,3.93023006057406,0.778455429451039,9.23184159949527,3.59732660035107,0.807100451249684
4.6117481355714,6.1277916882643,-0.493832051407786,4.74640964268415,5.98736480862354,-0.450096249790928,4.72971303915101,5.87599529291883,-0.510869364180104,4.41788976578011,5.78510266640877,-0.811068977247418,4.04072962299191,5.89369501460761,-0.766053858804113,3.7436884851418,5.6852031554922,-0.814033642764479,3.84384506612515,5.62368176616484,-0.746817537798067,5.23925564173315,6.06213615007021,-0.487468768920745,5.41577449744679,5.92133334613442,-0.406365534856062,5.59129295377886,5.75942964164893,-0.344811293540316,5.4446207883888,5.3113741860936,-0.493151361654123,5.552406276009,5.01708424921709,-0.244513418784456,5.43690627939176,4.77960004314082,-0.210665844594533,5.62450103282733,4.74640002345622,-0.183517164924788,2.71978904074354,6.38142144149816,-1.13254701664583,4.20284543710901,5.36652123466893,-0.58546730579657,4.57281027225735,5.12397826727249,-0.426718419947091,5.01188713343089,4.90816408355617,-0.296750755947336,6.28223237193106,4.65140512884503,-0.0686977769872145,6.883566745197,4.52203136089485,0.096419712741923,7.48989457771108,4.34686940809763,0.288168845755143,8.06378407314886,4.13995128071224,0.522187976383111,8.64109635941156,3.94216366169621,0.77837541693501,9.2112296971089,3.59785831880308,0.800434515824459
4.60867933700638,6.12774716545395,-0.491449234608535,4.74457875890925,5.98819077283015,-0.453850453449169,4.71079040309393,5.87399343019035,-0.515677715652772,4.39622049590323,5.78710312007133,-0.820233240266917,4.02592161740788,5.90675531542317,-0.76381156224368,3.71854408738496,5.69470287661284,-0.819766379930975,3.83122122794367,5.62648166699754,-0.754536063217001,5.23807508030743,6.06217730922944,-0.487583101519643,5.41660272967776,5.92129926305325,-0.406791722220754,5.59165248573686,5.75642382633691,-0.345268452639288,5.43820907201317,5.32053196387391,-0.497078837150144,5.53980984566271,5.02288482545224,-0.24352102563876,5.41941373409818,4.78630556680365,-0.213975989901024,5.60918712327254,4.75223680699289,-0.185337255306185,2.69570921237324,6.38238085051897,-1.13663916824705,4.18442255679725,5.37489791768226,-0.591634562425718,4.56149025432592,5.13240875891216,-0.434224075474857,4.99751353326741,4.91671567226052,-0.301487732998677,6.26203249750256,4.65068933619365,-0.0719953620559459,6.86558905708772,4.52512990223623,0.0984945157754875,7.47597791709989,4.35190682027482,0.29130760926373,8.0494750581529,4.14392101125102,0.519372521551267,8.62229468322219,3.94928836746174,0.774937568316906,9.19276421108323,3.5989067069831,0.790643072875908
4.60430840712966,6.13193965107519,-0.48810438145177,4.74266218873504,5.98603507166768,-0.463164694764658,4.69647041822512,5.87912248296467,-0.525711518952573,4.37474477252698,5.79187042168303,-0.827814338745424,4.01146058798151,5.91978206821738,-0.763649043849514,3.7071902555418,5.70503103867875,-0.828861255526231,3.81360594057429,5.63731257618699,-0.760807172814169,5.2381941236877,6.06438795221833,-0.484688999368703,5.41686658114361,5.92144883551349,-0.404794334447737,5.59206190009165,5.75489286728278,-0.344861162114785,5.43450921537176,5.33022656031624,-0.493866265484646,5.53155801893796,5.02957001163943,-0.241493502059258,5.40606114691619,4.79642898247667,-0.212998694689525,5.59733842634832,4.75738030713313,-0.183176383904703,2.67187721513829,6.38666303926573,-1.13440050745674,4.16795528659507,5.39247425550007,-0.598966634878586,4.55126560143926,5.1424360850512,-0.434260015611519,4.98403220858277,4.93125336148668,-0.30636086288035,6.2447210242382,4.6546908371548,-0.0678730981280571,6.84874238292832,4.52400475948021,0.103625280354547,7.45138700188901,4.35825633785793,0.292961334943787,8.03267075328866,4.1493624147449,0.519474873142395,8.60492960047953,3.95914980518441,0.772260218800635,9.1803561509188,3.59949873633372,0.783100158681419
4.60213687568977,6.13505817361583,-0.488278056375344,4.73836533739176,5.98623395334265,-0.465794883064459,4.68072287380624,5.86893742109928,-0.549338972905053,4.35715316823028,5.78917722620343,-0.834799714195316,3.98978731307078,5.92812925074693,-0.762867997720833,3.68433787522625,5.71293926954726,-0.8317323748048,3.7900292824897,5.65207244374218,-0.760337440701866,5.23874389357796,6.06587383857832,-0.483506903885267,5.41781773245314,5.9206616521595,-0.405385020274733,5.5936248347984,5.75285218819007,-0.34581264419961,5.42690050947286,5.33377176352424,-0.49837726598867,5.52349554253048,5.03880918279599,-0.245284228683956,5.39642345538113,4.8057945780174,-0.214406911078051,5.58253724433215,4.76017493863448,-0.181945911475955,2.65361014103199,6.38766378056305,-1.13598299078164,4.15675980258152,5.39244072769589,-0.599821635082189,4.53649501845349,5.15683435957801,-0.439988778982082,4.97213907341035,4.94213365260765,-0.311041555444233,6.238732901731,4.65860127472524,-0.0647830097433559,6.84323186417621,4.52439362123031,0.112758516415193,7.44353632970768,4.363491954048,0.298913780366741,8.02097774951387,4.15528321052859,0.519709983737989,8.59672804886403,3.95855569353318,0.765623248501805,9.17032861003799,3.60102524924953,0.776404423781534
4.59742320873549,6.13361658347227,-0.486650141095412,4.73263876370629,5.98607153340792,-0.467628735821739,4.66503361510939,5.87638783377793,-0.552393207035631,4.34337574211454,5.78684443498117,-0.839379822296761,3.97043853070222,5.93169613194254,-0.765102289127692,3.67387814861605,5.71347220038973,-0.8343786381003,3.78040485578326,5.65652563670855,-0.759921335406453,5.24011680386827,6.06578499204808,-0.483621838650531,5.41799457884614,5.91853284282383,-0.406656830836485,5.59388552126462,5.74982861726893,-0.348559594957575,5.41751346373603,5.33521886937067,-0.502752464369035,5.51227001286548,5.04093808059273,-0.247172402002504,5.3835689972259,4.81273690486314,-0.214698761991342,5.56862978303986,4.76721761207175,-0.181422865905,2.63822846339769,6.39149652408259,-1.13946192462233,4.15398600560425,5.40170848162723,-0.602861082093984,4.5270109888997,5.16810292055985,-0.44622727213873,4.96161739237318,4.95724248457823,-0.313793991334417,6.22902204906699,4.66380039355404,-0.0618719633723774,6.83224160505923,4.52625627255591,0.11381064130859,7.42817856332515,4.36662109318961,0.29345698231673,8.00598112135748,4.1599171988096,0.516542266062535,8.5806379006583,3.95981684665706,0.763147694207017,9.15451130147217,3.5989281229114,0.767232019127174
4.60500716389244,6.12765144689299,-0.484808636906212,4.7299249268645,5.98556659847636,-0.470426741466144,4.65185999455289,5.88855479141355,-0.555658854171848,4.3266541874065,5.78850515079259,-0.83985034095118,3.95579506887855,5.94286743237916,-0.770922426116591,3.66171910867535,5.71678210103322,-0.83337055862594,3.7681618710523,5.6635658606502,-0.761969110988745,5.2406771103468,6.06512175587453,-0.484696103674544,5.41788858409285,5.9180531745629,-0.407833299675884,5.59268336028311,5.7481357745388,-0.349990122652492,5.40744136022063,5.33747619627496,-0.503938061832054,5.50250137312265,5.04069822155942,-0.249697008977616,5.37231041889596,4.81943187334651,-0.215289105530845,5.55950379341856,4.77538821076866,-0.184892463915956,2.62639351316364,6.39661399007221,-1.14346489975329,4.14421538470568,5.41431313779485,-0.604285254054536,4.5191736859459,5.17671717599457,-0.449571828462534,4.94900974278172,4.96813954523487,-0.315912820265128,6.21876962888722,4.66776777799491,-0.0634861175919982,6.82176095012612,4.52702292737763,0.11339428308583,7.42024380850046,4.37158154057315,0.292772741447169,7.99480473378693,4.16412630651194,0.514445741844629,8.56619504501507,3.96790222117575,0.758779529855776,9.14103945544893,3.59386709233501,0.761063484717998
4.60507370255334,6.13282846157993,-0.487147859553073,4.72539585945245,5.99080115831494,-0.47254285616942,4.64447249184866,5.9010015454338,-0.562748878701652,4.31218817244817,5.79428582120382,-0.833064286086972,3.9436028143693,5.94908029552829,-0.768907889374267,3.64886873075761,5.72138140815376,-0.83214057243477,3.75705625132477,5.66918133113887,-0.759647953151876,5.24031426633177,6.0665591170868,-0.483929793800151,5.41919592004561,5.91900062312678,-0.407327010997492,5.59341894775286,5.74825202033403,-0.349689929092488,5.40186778001276,5.34363973251869,-0.504963648805658,5.50010690126448,5.04319856148632,-0.254556514624938,5.36469281872363,4.82841007487162,-0.21509227460713,5.55046217266924,4.78259421013454,-0.184713506192789,2.61324512259224,6.3999985559811,-1.1483112088453,4.13781662428629,5.42344094303562,-0.603117320833825,4.51235253806594,5.18164022223413,-0.448104444294843,4.94419353486464,4.97638983601033,-0.31379398208161,6.199930441465,4.67327442229794,-0.063329833887646,6.80934607569886,4.53251755355576,0.114137978949624,7.40335178132052,4.3778022570429,0.292970689682912,7.98412282164436,4.17039062788786,0.512754048613858,8.55962150187829,3.97370551255665,0.7559901900388,9.12751325729035,3.59127637108992,0.760674886991559
4.61088896547698,6.13745121184932,-0.490425514012341,4.72339117624334,5.99556968579489,-0.480100663412748,4.61994098069524,5.90924084042418,-0.591929579578617,4.28414720450009,5.80692546026703,-0.863401797942431,3.9223013164565,5.95400113077715,-0.781298073208766,3.62598947418726,5.73429952020464,-0.836172370286621,3.73933970137439,5.68023376152004,-0.762900611498789,5.24176021732675,6.06748169999439,-0.48459337049243,5.41981386387622,5.91928832358766,-0.406646483910393,5.59350050316683,5.74586411662649,-0.35003990120147,5.40308291993508,5.34084173834626,-0.509971611447502,5.48908990981056,5.05123175496316,-0.253238474205193,5.35322715359167,4.83635548506492,-0.213414910055797,5.54071890717584,4.78941571341865,-0.181416935343876,2.59986987605487,6.41218934713963,-1.15049095219214,4.11871556376896,5.44612698363265,-0.603452632119321,4.50177160781603,5.19404065691935,-0.452725097937898,4.93548817676357,4.98964428485262,-0.315897295510544,6.1884350415307,4.67693959670663,-0.0617141036733589,6.78802718459996,4.5367696746993,0.110493469412998,7.38629940544588,4.38534507911248,0.288502449005169,7.97324338510099,4.17309416500909,0.511469506283785,8.54919741261598,3.98024754754289,0.752522592628542,9.11378545822086,3.59556082956951,0.759380731641711
4.61274764912185,6.12508494232185,-0.479021959952055,4.71867792781791,5.98453153343726,-0.49110546790748,4.60539028130701,5.91296164607786,-0.612930136602927,4.26188368255517,5.82359938070507,-0.870108249280514,3.9069249159069,5.95988975330455,-0.779421754117468,3.61518557952393,5.74996834284065,-0.834228524569209,3.72896588883386,5.69111647378705,-0.766002289256242,5.2403395839124,6.06822232538765,-0.486646595660724,5.42047185002434,5.91766214209853,-0.406660831455568,5.59407506684828,5.74192683123103,-0.351638839675886,5.39194531661926,5.34701321422843,-0.515348403313389,5.47276846663039,5.0608807739147,-0.257897151137386,5.34099346883527,4.84195809646593,-0.216590368211693,5.52511838932713,4.79756043967389,-0.185442007215863,2.57973857319965,6.42089843315416,-1.15389827327483,4.10939136368385,5.44570874088962,-0.61380553568915,4.48778156573884,5.2026541189122,-0.459711530411348,4.92439210017876,4.98876236680269,-0.320567567575681,6.17217541062338,4.67890290305467,-0.0609244634098971,6.77442547586323,4.53791300572381,0.111799110290888,7.37314822507212,4.3880184853079,0.288556332889464,7.95461470898865,4.17724486660396,0.50674453765584,8.53475632630716,3.9849713620821,0.748424293410688,9.09748123495862,3.6021659991933,0.753780603575365
4.62923831584174,6.12961689678257,-0.484058584255423,4.69065716071523,5.94784998753658,-0.548333518143452,4.55167664642959,5.89721337274101,-0.679993366924203,4.22404446982195,5.81232882939989,-0.892666728914092,3.88022505330454,5.972991534078,-0.791807621823561,3.58949495713207,5.76437750801452,-0.838249248028117,3.70892894009837,5.70029947590306,-0.773003590521304,5.23814245524627,6.07280212521642,-0.484797204123605,5.42054813408913,5.91396331795271,-0.406557114844578,5.59259647315695,5.73896578758103,-0.351220308025613,5.3826184168332,5.35316126826588,-0.523440489593853,5.45981092484905,5.06854356080806,-0.261234450265731,5.32158711954215,4.84909180026552,-0.221291507873726,5.50591736204311,4.79928702893439,-0.186747697271116,2.55702459800355,6.43345574617946,-1.15198528413641,4.0924101404396,5.45582496171815,-0.621387030617787,4.47528918014801,5.21704608692617,-0.463793039684749,4.90446056448474,5.00154646731192,-0.3278271390592,6.15811806324999,4.67876349426048,-0.0587410477311355,6.76012765068168,4.54084284599428,0.113546206249206,7.36226716241201,4.38185192913972,0.29259393809496,7.93284723011476,4.1811738163921,0.503047212777753,8.50730585820717,3.99465348250572,0.743990863682154,9.08133009129876,3.60931859082023,0.745186270971919
4.6155197678795,6.14999915692304,-0.506924853543448,4.67856985600645,5.96069915307335,-0.591181623174751,4.52677119023928,5.91820331068197,-0.727022361079762,4.19616194998651,5.82568828431467,-0.921627591521304,3.84695993586851,5.98648399430194,-0.804506039661125,3.57368723553724,5.7702214639801,-0.853250962455233,3.68260693582748,5.71096921919178,-0.777166594808825,5.23879595718876,6.07156651821134,-0.485740235357558,5.41950823800004,5.91460498175517,-0.409602701560034,5.59128204097138,5.74000450550162,-0.351459022928975,5.37658472903607,5.35764373440754,-0.523906954476028,5.44158312628619,5.07178505935809,-0.262926434626814,5.30429052139385,4.85734674737411,-0.225938519369455,5.49051839374548,4.80862267654607,-0.191689409599006,2.53245367760029,6.44719333926589,-1.14675645829616,4.07041148205188,5.45908118361915,-0.631769481808179,4.46414467471208,5.23211422142388,-0.473859248054813,4.89269199051476,5.0155308159603,-0.336322704836674,6.13907227378029,4.68511284434196,-0.0606123097422599,6.7357207344296,4.54580187659246,0.111917480857667,7.33741065533081,4.38719564129463,0.291394926688203,7.92159096848552,4.18626292771503,0.503002146316846,8.49421044215202,3.99914025480012,0.743183699142904,9.0601792978369,3.61299317174686,0.741856426408399
4.62636713604576,6.1825773889838,-0.534664566050942,4.66171022699037,6.0020593899995,-0.640545056728073,4.50192408782828,5.95389809660193,-0.759330343281536,4.16063029526867,5.84061293779973,-0.940091999422799,3.81757233293908,5.99954126505289,-0.812270354665549,3.54068250947177,5.78004597166318,-0.85747647487246,3.65724455368923,5.72653498493129,-0.787217044336326,5.2409422178244,6.07210626474196,-0.485289513482945,5.41877335319885,5.9173532216478,-0.411202226304952,5.58998727497496,5.74034955556851,-0.354288810296463,5.37224373474412,5.37253796865611,-0.530243442778082,5.42940816454282,5.07944718117685,-0.26677501622958,5.29117654944892,4.87011157570441,-0.229564026166745,5.47116420272816,4.81732723818636,-0.192849724098777,2.49484113189109,6.4480291014086,-1.14769020894834,4.0451738992925,5.47935029031289,-0.637673685437349,4.44509811746341,5.23672863786775,-0.477716315163346,4.88255588504477,5.02571836051089,-0.343248610034963,6.11849676311059,4.687415235707,-0.0588375279588211,6.70853519338658,4.5515920348061,0.113250925619018,7.31220618554442,4.39530501413614,0.289032350208836,7.89745786762823,4.19529609887532,0.497637198699463,8.47615825777013,4.00611483194356,0.734778997382505,9.04087114514906,3.6207425614594,0.739992054885481
4.62241841496297,6.17162848882006,-0.521722199496238,4.6176008160917,6.01767468669076,-0.665950576802714,4.46174250380797,5.97940841453778,-0.792948079297371,4.11836912714931,5.84683142510734,-0.962392972051768,3.78188877950559,6.0104607947547,-0.821431287470855,3.50561324685828,5.78519483432814,-0.860649865090683,3.62807551016225,5.73498507657115,-0.790846308928038,5.24159519256833,6.07069708829686,-0.483594698344115,5.41641808499842,5.91808477128631,-0.412579362293526,5.58963836951471,5.73925976224371,-0.357781689369684,5.36350672778643,5.38230414641875,-0.541211137202614,5.40907898338398,5.08625199513395,-0.275967028493099,5.26234562969933,4.87830839893286,-0.236982938703246,5.44385075085184,4.82364651029772,-0.194633787934294,2.45723957077379,6.44092284480627,-1.14803129702689,4.02718477063602,5.49840184070503,-0.652472222877347,4.41862074267676,5.2548604598399,-0.488816116662761,4.85972616575459,5.04016616820115,-0.351791576882604,6.08817945516384,4.6937888009595,-0.0598629582422813,6.68255773661073,4.54831824811125,0.108845804181487,7.27605712039482,4.40107768773096,0.281164407128137,7.86446771053401,4.20414586399771,0.491884589346192,8.4478259177449,4.01623337865281,0.728376160949387,9.01547240848879,3.62717064099575,0.735136849932304
4.62392017724146,6.19011926394746,-0.566923187825238,4.5668564824671,6.06547428030373,-0.721652372453608,4.40612005591035,6.02332894957163,-0.840419335331235,4.06892722168553,5.85740658041825,-0.972067946547452,3.74485336467009,6.02421643377982,-0.8297188462432,3.47708505647171,5.7980931075088,-0.863776769618907,3.6009702709495,5.738373975527,-0.803453945759771,5.24238989267247,6.06872430944992,-0.483518449016301,5.41536766495952,5.91736941149729,-0.413209859449299,5.58835872235377,5.73883702174635,-0.358038915799581,5.35943611876939,5.39080119925497,-0.552547142106029,5.38829389020598,5.09185992334197,-0.279901495979705,5.24269311280319,4.884487909385,-0.243950056111463,5.42389666505443,4.83082259301538,-0.198090275280646,2.41663008065708,6.444510564992,-1.14989883696719,4.00754881097825,5.50230823997967,-0.672002120245967,4.40149761055825,5.2636343347391,-0.50534022669538,4.83697198798212,5.05862375770126,-0.361916567475169,6.04931252763181,4.69748916890638,-0.0643723328217153,6.64789461981388,4.55222887295943,0.105379776898394,7.2443259773313,4.40355757176979,0.2742431239912,7.83876961551152,4.20456433113361,0.486706658075508,8.42879411411024,4.02534186613619,0.719168707611004,8.98897573776954,3.62938070225171,0.731265356492786
4.69299504676772,6.23977717300138,-0.685318288091463,4.56101659907702,6.13652791193136,-0.831002097145859,4.36346414917572,6.0473398608736,-0.939480562525841,4.00765815426579,5.85942225711514,-1.00939768386429,3.69875838242559,6.03514685987285,-0.843737228549329,3.44208926629099,5.79651616302564,-0.875117629672117,3.56677761905158,5.74812148299013,-0.811564171730651,5.2419242695391,6.06809860441588,-0.482431277097569,5.41535227296353,5.91749622269488,-0.414480948901609,5.58505352688859,5.73447575611207,-0.35894141084953,5.34706356777779,5.38419693731816,-0.568275587599296,5.35747210843621,5.10436579299184,-0.288894202180567,5.21306233325266,4.89498239567039,-0.252985721530442,5.39269761266005,4.83877495293688,-0.208414996177528,2.37931971969452,6.44453114536876,-1.15518298658804,3.97137791398845,5.51699762547744,-0.681493080264414,4.37665298008167,5.29143018280597,-0.51851794130875,4.80605215428256,5.06408881990724,-0.36901892337013,6.01425577598406,4.69969597419597,-0.0696813360150065,6.61543147314033,4.5633534359255,0.10211359430207,7.22072237506673,4.40400252015046,0.272776986474388,7.81056921482795,4.21417119633539,0.47729885806472,8.39936442727611,4.03618310287417,0.715750373886627,8.95958125813408,3.64020218034063,0.72275306372495
4.65694661201741,6.25987274123728,-0.826009169323866,4.51136977278367,6.1739864860854,-0.97486747065238,4.29370948190542,6.09105011256713,-1.03985733977446,3.95629135392768,5.87938121112802,-1.04580429320609,3.65612531505367,6.03642492558003,-0.866235084182981,3.4050616820745,5.80571584819989,-0.884017437598214,3.53228859535068,5.7524297302745,-0.820158077757615,5.24190019718995,6.06483977418763,-0.482646658320677,5.41565981672238,5.91860518304242,-0.414075536707212,5.582716736898,5.73470860617471,-0.357769699756602,5.33921418840785,5.39353633587372,-0.570300097956721,5.3344166852501,5.1163041664015,-0.295383152614227,5.18226694611281,4.91582505951416,-0.256287120209088,5.35850211890136,4.85349388481932,-0.21469067502473,2.33619483886592,6.44595386021614,-1.15538960502397,3.9390280863371,5.53192467112122,-0.684011732813726,4.35529182649711,5.30879913960112,-0.527473294848552,4.77558961972768,5.08175249097852,-0.374812638108992,5.98673101029648,4.70806955584041,-0.0709012314562902,6.58055432142247,4.570652040673,0.0995273629241102,7.19695072004902,4.41520016611622,0.269608703929472,7.78908242414875,4.22339653164754,0.476537728160997,8.37203049748623,4.04158111254942,0.708002310888033,8.92962993294865,3.64686381940506,0.721190866757288
4.5705005836129,6.29176663622377,-0.979864713894445,4.4060902116029,6.21048606527431,-1.11111373972689,4.20323511218674,6.12048329994428,-1.1177731606588,3.89405638931745,5.88458485601267,-1.07889346881559,3.61174806633203,6.04428953532811,-0.88395174386634,3.36820790610075,5.81224225275601,-0.883748548974065,3.49674087815356,5.76389653542095,-0.830669746924612,5.24242018554752,6.06665145687488,-0.480761123081547,5.4120243602671,5.91934249906628,-0.415315139079503,5.58104773136416,5.7349958387396,-0.356179263114617,5.33592122179481,5.40442849441926,-0.569698722785214,5.32074151444787,5.12829736820279,-0.301830838081697,5.16311925820262,4.93472747538598,-0.262650760151302,5.33605288852328,4.87059952573491,-0.217777896675401,2.29723065192018,6.43967898705131,-1.16046442226673,3.90146555500189,5.52903272082968,-0.715336412627953,4.3333396348264,5.31018776512708,-0.542854971188178,4.76964179660815,5.09300002477563,-0.383798939590171,5.96274808789362,4.72316776387675,-0.0683473514813623,6.5562283063666,4.57638485439951,0.0995082881561388,7.16026900032329,4.42787030507059,0.266582895559397,7.74939433376579,4.23777492215634,0.469733763415868,8.34085670949848,4.05399872260307,0.702607874909717,8.89742981342265,3.65114582093065,0.719237897049984
4.4811216585062,6.30331927509223,-1.14818693963416,4.30691916330752,6.25194194458674,-1.19947210155839,4.1101163404966,6.15779189640805,-1.18509372877862,3.84305454463657,5.89404088486778,-1.1085334617817,3.57213279577857,6.04489826849533,-0.896358356505753,3.33444320170923,5.80870939006696,-0.897048855261199,3.46256512715606,5.76107225407023,-0.839650104902028,5.24215064747792,6.06753932417116,-0.479322502694688,5.41277603092146,5.92059038357345,-0.414460877622236,5.58190571417198,5.73859251339255,-0.35227505111515,5.33177246098205,5.42193308929448,-0.568818486551241,5.31021943976288,5.13876563540593,-0.307161409363595,5.14653772172093,4.94472762282297,-0.274608583187916,5.32034182895816,4.88028904102048,-0.22463915613729,2.26108436146067,6.43750113829791,-1.15971473733934,3.88823556413537,5.54288919164342,-0.714174119244784,4.32405611525282,5.33150281445494,-0.545420075748234,4.7581930791662,5.1115433598643,-0.398332561068957,5.93848066252143,4.73190608011626,-0.0652906266584158,6.53276780801334,4.58597704975703,0.0983667077200469,7.12264499028584,4.43469566975187,0.263167768951836,7.72487079378902,4.24655088162568,0.470219795914161,8.31673318941154,4.06408552067906,0.69510808232825,8.86856983715731,3.6428073827078,0.713966959505276
4.36724318919847,6.3602462073128,-1.26995549982193,4.1868776821151,6.2869241952547,-1.28816972853138,4.00076799524303,6.16596704665338,-1.26234055992006,3.79935598080075,5.93391321352862,-1.13483264523631,3.54354204822254,6.04986079713462,-0.900572370637668,3.31910572522972,5.80883576020409,-0.900353189225325,3.45285843578268,5.76071922175264,-0.840466883170669,5.24296762758866,6.06690856372712,-0.479453869946602,5.41352914097626,5.91885621272498,-0.41552574851624,5.58361898793811,5.73962197588736,-0.35043025727473,5.33099736544008,5.41785346450764,-0.574126531812158,5.29186291738923,5.1504943880969,-0.309553946337142,5.12524801394523,4.95386606509324,-0.28300152486626,5.29428384369508,4.89176063999219,-0.233023675704002,2.22838057391617,6.42770409500958,-1.15854522870365,3.88601485009678,5.5438699610525,-0.721815297164346,4.30686978887528,5.3408323908299,-0.565642834860669,4.7451455156384,5.1260149524939,-0.417866420739404,5.90785126198404,4.73694187667252,-0.0683284501527126,6.50656685688408,4.58940591731411,0.0982346086997247,7.1075912598457,4.43613853258155,0.267660807444582,7.70305624990011,4.24712568820034,0.466851664290973,8.29597833915129,4.07152510461907,0.685334968410301,8.84819966861049,3.64567522917908,0.70896133942637
4.23200900192135,6.41919277308706,-1.35237988694102,4.047622514032,6.32350644560944,-1.36554573596838,3.90747726166502,6.21018466573151,-1.29804630643302,3.75897985857811,5.94926083184438,-1.14411092668249,3.52069368343689,6.06195999966282,-0.905185556999723,3.30997190054124,5.81067394185703,-0.900443155852113,3.44759413750082,5.76326262128263,-0.837638968852022,5.24257440206041,6.0667148690485,-0.478907746855778,5.41329684588801,5.9193859410859,-0.415043396930935,5.58403155941783,5.73920794423338,-0.351071832193754,5.3303104815562,5.42882818885144,-0.573531107828582,5.27389385036719,5.15443360440812,-0.315269285092052,5.10760226275871,4.95832218330737,-0.288510947816827,5.277367098657,4.90022723086638,-0.241327201986533,2.19882150304032,6.41789304670666,-1.15631990617183,3.87050031882315,5.55890125234151,-0.724200100331631,4.28863373900853,5.35774606704553,-0.575575575038933,4.71529215780692,5.14644083280927,-0.426043598046482,5.88075097027512,4.74000619689612,-0.0743306674252011,6.48469923585437,4.59808236561515,0.0951712734788746,7.0908516135191,4.44315915895796,0.265129432291152,7.68386320821697,4.25477866315238,0.457966956426148,8.28405495767647,4.07270703912439,0.687250431458268,8.82665213509352,3.64932599743507,0.713167746566153
4.07307460017129,6.52105210203617,-1.40087747384798,3.91808612444899,6.382451880873,-1.40505906732404,3.80587807075253,6.23758627828137,-1.33604869409062,3.71308737686779,5.96961390733788,-1.17558353795879,3.4904308389351,6.06725479597947,-0.913879802887664,3.27576996095048,5.81018674124287,-0.904165945650751,3.41449592475442,5.76754208769074,-0.842414072818707,5.24201364093476,6.06906765313371,-0.477065256371014,5.41468655457972,5.92200542666421,-0.414675531979238,5.58429176169401,5.73944513022032,-0.352234940631345,5.33177602580971,5.43980970982876,-0.57983964420457,5.24969897202769,5.16940845802281,-0.327044133860317,5.07427675564671,4.97456425357943,-0.300993475009455,5.2449147345947,4.90946202843254,-0.256190756837926,2.17114102582986,6.41845578654165,-1.15654585984173,3.83842176553236,5.5796516788322,-0.722799228383146,4.25301639880318,5.36617988006312,-0.589630567714367,4.68568898823789,5.15539532800096,-0.438389506826521,5.8664604396157,4.74775413607343,-0.0750098121747531,6.45663325075713,4.60655042238904,0.0938137394384872,7.07166626887985,4.45442732907035,0.261002328572208,7.66481278483904,4.26862566124802,0.45453275576984,8.25149699465376,4.07994176496677,0.683240199718921,8.79932368511647,3.65006673278784,0.712658376882092
3.95427862781091,6.53760199809268,-1.49168239575065,3.8011037903212,6.38356826164533,-1.46257174550344,3.7141620297063,6.251428119293,-1.37942656777432,3.66799184891263,6.00840916207451,-1.18831196960802,3.45299456995092,6.06402751729074,-0.924322610862899,3.2567083087171,5.81405495107485,-0.898108968015364,3.39294969157013,5.7706764774358,-0.851492263411288,5.24235664292379,6.07080879154051,-0.475849584873934,5.41619056678787,5.92294195177443,-0.415153792376414,5.58381021936786,5.73748561218751,-0.355389570695658,5.32860253637173,5.4535807302982,-0.584610466353917,5.23815587193688,5.18064543509465,-0.337661688953045,5.05542708717755,4.98875049300005,-0.314965174974978,5.2251235799691,4.91631605306165,-0.263194202411353,2.14514462416351,6.42384635691919,-1.14980092442094,3.81462216559698,5.58923996820052,-0.723582863999197,4.2359748337538,5.37387160740855,-0.598360096219037,4.67109447572177,5.15960114260052,-0.445128393448453,5.84582318232828,4.75369260164231,-0.0802621583130929,6.43572653462328,4.60701771409161,0.090877158981952,7.05200683887177,4.45472473932521,0.255994116389936,7.64635652523638,4.2676389600686,0.452050995164273,8.23159584410238,4.08828308420057,0.681282322136041,8.77603283280868,3.65303680011172,0.711662927621285
3.80606990964569,6.587928320557,-1.5368925836823,3.65614090188457,6.41983867299273,-1.49331165874965,3.6063863509663,6.29284501472448,-1.40752677386981,3.60980032217103,6.06638066245196,-1.18722164168257,3.42245788382717,6.0789694787039,-0.9243829340531,3.23288680694736,5.81640556191078,-0.902648017673269,3.36163754259933,5.776318087233,-0.856236079474426,5.24525596671347,6.07554940754701,-0.482184295265267,5.41719695703046,5.92239139167807,-0.415244879916552,5.58211130704212,5.73252312356752,-0.356868996290865,5.32758251054252,5.44257645143122,-0.584279844951742,5.21564181679646,5.19118002097342,-0.343082445766629,5.01856206514559,4.99782118960604,-0.329549210314069,5.19211294292432,4.92472625283897,-0.272852147162068,2.11707797157127,6.42951509594145,-1.15119351504369,3.79731716319707,5.58385573728561,-0.745437893828919,4.22255146149352,5.38197024829389,-0.610784396420903,4.64198807563102,5.17184411597545,-0.462232899421426,5.81864030628941,4.75779005614925,-0.0856422278916926,6.41465504908434,4.61206734931219,0.0830803689945157,7.00999278550308,4.46463868247392,0.243275942226099,7.61251631714011,4.27856838279781,0.44446975292811,8.20321972258885,4.10154585238034,0.671378055483041,8.74575257957898,3.65835920917848,0.71063616990022
3.61121819768463,6.67195010437066,-1.56221428044001,3.50888914178987,6.48359379333034,-1.50121295217638,3.47548960936572,6.33631518977198,-1.42656872090252,3.55419254020393,6.11476626551383,-1.1965528719592,3.38290314315455,6.10254156299371,-0.926155559612755,3.19581146507919,5.82668915875029,-0.907121842875758,3.32962009754588,5.77904675012725,-0.867024106002884,5.24556244718752,6.06964978199996,-0.479407116334226,5.41668962913082,5.921665838374,-0.414588368461757,5.58042581451011,5.72851129258935,-0.358116037190144,5.32053409031735,5.4440539398621,-0.5916451389702,5.20133421379226,5.195295106683,-0.352566319261148,4.99309015870244,5.0095552418783,-0.34070678365251,5.16480259986581,4.9354323577415,-0.285854920172831,2.08138791099855,6.43110147631712,-1.15391653970345,3.77705932158933,5.59628313969579,-0.752758820452505,4.19497814725594,5.38837218626879,-0.623857242461276,4.61828633511851,5.18860588366388,-0.474975039871432,5.76367176667565,4.7637150565445,-0.101125929264153,6.37531713353835,4.61446838768194,0.0762551129964007,6.98251399259275,4.46523958880359,0.243846951338326,7.58612908108699,4.28351967417931,0.439655968667413,8.17960941059999,4.11382496900469,0.65835853886681,8.71937017350454,3.66692895913476,0.70395415254133
3.42574937103938,6.76284277674046,-1.54036318992957,3.36537571519615,6.55145985104391,-1.47890361402355,3.35975160058838,6.3971209577938,-1.41865946991355,3.51517104733767,6.14960644970724,-1.21157971411221,3.34796873829677,6.10531501645903,-0.933667433643473,3.17089914630359,5.83751094005774,-0.915171348763951,3.30885146883575,5.79010736167564,-0.862221909439027,5.242813060432,6.06975592986976,-0.480874363412681,5.41730322438593,5.92395976919338,-0.412863118307019,5.57854113079277,5.72225495215142,-0.362816246667034,5.31240533105451,5.45585729177778,-0.59654614090149,5.17028953845381,5.20853872232965,-0.362124221362745,4.96912921379305,5.02636972002206,-0.350326242261637,5.1315092831059,4.94793887407092,-0.300393090956592,2.05175445081077,6.43782035109666,-1.15610316700701,3.7545635941782,5.60661446321105,-0.763816911348546,4.17935369311712,5.40427393668045,-0.631669688718206,4.59951877141393,5.20211582975413,-0.48943446229504,5.72455899073638,4.76992376784065,-0.104405649732666,6.33744938799293,4.62283144208306,0.0756444845630905,6.95600286012693,4.47486706181164,0.24609519966211,7.55275046878965,4.29216405175855,0.432458978820313,8.1504806979342,4.1220877469778,0.655368637144066,8.68718018003061,3.67781561316637,0.700714456424166
3.24226372016151,6.84192148972982,-1.53342020937055,3.23173686895607,6.59669201973921,-1.47531922016618,3.26462793813843,6.43577684079572,-1.41667422169693,3.44692427053482,6.18586829912829,-1.23512962368524,3.31726373322322,6.12665656256433,-0.933218999008228,3.15424697768695,5.85182055699426,-0.904116441565774,3.28559017625876,5.80439665210301,-0.857937832974135,5.24034366446628,6.06943836989931,-0.480717111851521,5.41698172226186,5.92635604756869,-0.410966187488177,5.5759301660938,5.71683256136059,-0.366716537548184,5.30506259248657,5.46048027235462,-0.604668745541241,5.1525468614256,5.22323682737131,-0.369771288972492,4.95895412926159,5.04005328037064,-0.357320175023672,5.1155246789679,4.96161601153407,-0.303850795139662,2.0203687304384,6.44156451203629,-1.15214890635809,3.73656303870573,5.61668263971784,-0.766582458302681,4.16391362949582,5.41994005712151,-0.641916879236382,4.58302184053672,5.22001364815099,-0.499921852242268,5.72445110286868,4.79194696072605,-0.0851644067317423,6.31778452667237,4.62614901708756,0.087156497472677,6.92348380128639,4.47870289450268,0.250815090939403,7.530940997369,4.30046491198679,0.436358422149947,8.11838887471058,4.13289664174971,0.648900666518348,8.657963795233,3.68542736937127,0.699666971153376
3.06597038470866,6.83187600285022,-1.54509944996148,3.10703032310324,6.61781304914049,-1.48229813787214,3.17946420635597,6.47134937410082,-1.40334379730592,3.38911044099099,6.22159947248476,-1.23870012602631,3.28802565770834,6.15117017069297,-0.925414513322193,3.1124945146458,5.85188051675408,-0.906007313601115,3.25941079275709,5.82229071006137,-0.857598790227624,5.23951920324438,6.06969657370985,-0.480612286900926,5.41808038991862,5.92719789032376,-0.409893923153439,5.57252422430398,5.71385564968987,-0.366526972748135,5.29986511946033,5.46697298520657,-0.615415217421814,5.13006944641467,5.23155044362693,-0.381935606682785,4.93659218376034,5.04935074116602,-0.370714295692818,5.09356934636032,4.95622393380994,-0.320393132334086,1.98721609146755,6.44458905027022,-1.14256079041987,3.7083904179581,5.62220582552659,-0.776742330904124,4.14101572523751,5.43481141708717,-0.65811176871374,4.56352657001486,5.22554891952736,-0.506843809814661,5.68750271443157,4.79818485960081,-0.0855778637426177,6.29071171544857,4.63148045790735,0.0855186976464374,6.89145465178654,4.48696526581577,0.251309008695163,7.50180851712865,4.31203814029226,0.438152944593074,8.0897945959094,4.14376621139925,0.642377793038436,8.63307787484955,3.68897655883983,0.691060731981057
2.91500596897697,6.85998725275107,-1.53746842652841,2.97647963184935,6.6514197952612,-1.48541343807397,3.0715492598192,6.51214640240098,-1.39571002629068,3.32270803381356,6.25300233357078,-1.23966352179167,3.25677994452286,6.15949842233103,-0.92397980574834,3.09896206272411,5.84560620372767,-0.905566855042972,3.24354747212645,5.81263305497826,-0.862767635572418,5.24025134711329,6.07003605030158,-0.479632210200542,5.42005026791625,5.92501540003612,-0.408430446373145,5.57252005634247,5.7092667924693,-0.367028032527443,5.30711569761664,5.47047892031485,-0.618887385873018,5.10958166718698,5.25056237009008,-0.381529614438253,4.91306524030401,5.05229047702992,-0.388249020414014,5.07139703165734,4.97085646970426,-0.326513121030499,1.96103216755532,6.44673437765818,-1.13724477189064,3.69378146219129,5.62614295677768,-0.78446307749591,4.12552693770186,5.44240266649411,-0.666993828165657,4.54291043857087,5.23466549328919,-0.522056753417232,5.63159447767364,4.7981055935983,-0.109735013644851,6.25293509566305,4.63206603634009,0.0763974294853292,6.86088448015247,4.48871225775334,0.250826162408557,7.4742906287105,4.30976467038671,0.432507155818264,8.076202783825,4.14853330957385,0.634951441914024,8.61276205974783,3.69100034516599,0.6903236231336
2.79095295917776,6.86561648968478,-1.54059944505271,2.8703995101161,6.66821960884087,-1.46170942321671,2.97999944129772,6.54705826796676,-1.37494681319627,3.24496036073996,6.29226202549934,-1.24347230441926,3.22039422110755,6.14689081232194,-0.934278980758429,3.09007203061983,5.84044914745862,-0.900024512176106,3.2283874863495,5.8092157031101,-0.862573636989088,5.24361391849645,6.0704930144962,-0.477805759035241,5.42166641768598,5.92409366043184,-0.408622092530614,5.57461546883661,5.70922667008686,-0.36517200464399,5.32384736986575,5.48473214511066,-0.611550305543565,5.09213731532726,5.25106811675384,-0.394912872202878,4.89541767593089,5.06061394644364,-0.401513020751486,5.04342334287463,4.98021283207949,-0.33760760696896,1.93305725231316,6.44447078235763,-1.12811902556043,3.67219433230966,5.62945650751521,-0.78959319044608,4.11264358938116,5.44574377478015,-0.67968690547935,4.52944102261238,5.25636716479124,-0.537402206233638,5.59784168739191,4.80202466634811,-0.117304700349129,6.21651577183947,4.63689943796101,0.0712250041373958,6.84031586611438,4.49027661377745,0.246974204462289,7.44753919523905,4.31471632338736,0.425694543199685,8.05649426469651,4.15911509998785,0.635562767114695,8.58782413801213,3.69700183694464,0.689934233079821
2.67954266193863,6.89488297764509,-1.50621590618909,2.76917784063639,6.68353256049297,-1.44795000182783,2.89754724454811,6.57278011565213,-1.35951299048968,3.17811999729663,6.31312739170078,-1.24134583147835,3.19149777140644,6.15806756853389,-0.940659615647431,3.06354273214264,5.83847073228106,-0.901155329464805,3.20332908301495,5.80987759359091,-0.866734173616078,5.24401654455545,6.070232928563,-0.478094905347164,5.42243617714035,5.9270572269667,-0.407022847149599,5.57057131481743,5.71838264905333,-0.365617225530805,5.32104951883616,5.49983872198111,-0.607756678741744,5.08346777133023,5.26243265357355,-0.396282304290836,4.87486017293313,5.06838537706663,-0.413276816270634,5.0334831134668,4.98339406752874,-0.335599496089136,1.90342792552864,6.4379540944156,-1.11931232286268,3.65154012365632,5.63976026240007,-0.796839781671571,4.08202146452953,5.46186250826167,-0.687288202911299,4.50764070937867,5.2735398913422,-0.550327649286646,5.59105035613199,4.80066552079903,-0.114618391709687,6.19436302302649,4.6410817292432,0.074189298781368,6.81550664834695,4.49683964017653,0.241959636026758,7.419677162796,4.32630713051644,0.418685800836593,8.02563686105397,4.16619578261423,0.624640836850047,8.56198989421072,3.71387255812895,0.688933073169571
2.57690804308296,6.88999060408869,-1.49048672692496,2.68627856048228,6.70052171612529,-1.43326802371395,2.82282372719757,6.5913907751777,-1.34537633464114,3.12803808282848,6.34846737364689,-1.23813927420913,3.15066997579646,6.17153097680738,-0.939048159737579,3.03784900494096,5.84548488705641,-0.908167381550569,3.17412281618017,5.81281725520295,-0.870097137812573,5.24133914052483,6.07035301962014,-0.479579829793602,5.41953744376556,5.93004676387464,-0.406144718510835,5.56698237490793,5.72332788785156,-0.358310775985667,5.31401896710223,5.49873070035841,-0.617289374912286,5.06668260593136,5.27178243154761,-0.409973385670602,4.84614669216801,5.09637681323777,-0.413862282521013,5.00824154968256,5.0134765412794,-0.341216910656763,1.87074370887608,6.43891185033411,-1.12101168710899,3.61908146808484,5.6488064601328,-0.80772680341888,4.04858256732212,5.47371207404636,-0.706834074185863,4.4925714797816,5.27494480960288,-0.570206113189544,5.56486841312933,4.80606672755527,-0.121692649599592,6.159592593387,4.64215558614635,0.069517620605009,6.78084135778607,4.49913237846497,0.235414358201457,7.39600440605089,4.33143627763853,0.413508261407636,7.99364128909031,4.17779224847006,0.616360963996129,8.52758944494976,3.72228919465238,0.685891866303912
2.49504439329948,6.89140365840729,-1.4891847167499,2.62565612265973,6.716234162787,-1.42033057439874,2.75223986165031,6.61066743633903,-1.33375483174803,3.0568110494181,6.37490791781973,-1.23581262766384,3.11048165786965,6.18142662195962,-0.947346267157401,3.00229064223871,5.84763737215577,-0.912330834488562,3.14195432365062,5.81626330806524,-0.87741697462964,5.23859494322191,6.06945074682328,-0.481048459611046,5.41985422673786,5.92725836258987,-0.406812054229025,5.56300511444211,5.72480164234887,-0.356688637592459,5.30943537081669,5.50331415724895,-0.630212884919799,5.04952576552192,5.2811740985293,-0.429069480724446,4.83147092662001,5.104696736966,-0.434085962723084,4.97813797451213,5.02830691152911,-0.359471108369752,1.83750768304398,6.43840485949986,-1.11850374528439,3.5947121598564,5.65803452156118,-0.818123109097683,4.0316285685296,5.47604313467923,-0.725222231218686,4.46676887293467,5.28941346096214,-0.590110137633732,5.51978204300462,4.80860734336137,-0.136536005171576,6.1427800095187,4.64933613538089,0.0645583114301169,6.74363204173072,4.50701882397453,0.229133146207408,7.36055799367892,4.3429005789756,0.409216660159742,7.95744188785754,4.19185850556357,0.607213146840562,8.49847974834216,3.72926566483202,0.680828765482457
2.39384345590589,6.92036343282795,-1.45895621042289,2.53935975047797,6.75509795802501,-1.39235168356689,2.6805091857546,6.65032343590647,-1.30592525763397,3.00023329175938,6.40076151248124,-1.22654385687583,3.06843249761844,6.18976275083291,-0.954657698228074,2.95614948239946,5.8475787188869,-0.920728117213137,3.0982438069976,5.82690627920877,-0.886947395660606,5.23507374716449,6.06809131628208,-0.481124025772676,5.41769926278329,5.92562377404277,-0.408538900530138,5.56119329747857,5.72733035510437,-0.358321821360741,5.30224106486102,5.50530137822058,-0.63574430072406,5.02247718316089,5.29810186690145,-0.441809178557659,4.7873200045081,5.12581129657933,-0.453026762364715,4.92763118017339,5.04263647666984,-0.382796250460733,1.80336080683054,6.4364156480915,-1.12362893620268,3.56270943186506,5.67159895330073,-0.831996118341466,3.99934563839473,5.49167781302093,-0.741983332822598,4.43428064023142,5.30485091282247,-0.595090550536115,5.47030246086496,4.8204557982752,-0.152874909833375,6.08436775213451,4.65804090621181,0.050997048718019,6.7119725936518,4.51408755563156,0.223485993390737,7.32154230768593,4.34793334334961,0.398901337008036,7.93101617696129,4.19955305684257,0.60857496052272,8.46468410404917,3.74214865666494,0.675857660827059
2.31792426550124,6.93119097297075,-1.45676133656184,2.46595707986095,6.79069384380213,-1.37014689258893,2.60527122241746,6.69417751975856,-1.2790735551354,2.93549526721995,6.43745759376235,-1.21034304345733,3.01924089225079,6.19900222884426,-0.957939601687495,2.92235870127793,5.85643675790856,-0.92084713987492,3.07212979303839,5.83484304732506,-0.893723003954142,5.23328739858689,6.0680455624238,-0.478163592337675,5.41806284657902,5.92673364205203,-0.406217319295265,5.56207505309977,5.72468247792623,-0.355528853298947,5.28643185716198,5.50640712807795,-0.644665122586978,4.98158606734283,5.31636103714118,-0.462079663324605,4.75198501008621,5.1451683200258,-0.478119592980505,4.89175521581089,5.06193006450141,-0.400851105870799,1.76330077195301,6.43409127699304,-1.12700567310108,3.52830197912673,5.68497576836728,-0.847559427473177,3.9712940000781,5.50701677923711,-0.758975193003512,4.40070189586806,5.32639829865168,-0.620257632064735,5.44501457383479,4.83246917942989,-0.151593718530873,6.04353274038487,4.66756189857848,0.0492627660262633,6.67494428309604,4.52542380738338,0.215775967672495,7.28057692021733,4.36195834893372,0.390219629262288,7.88819741624337,4.21749222062615,0.592735634818441,8.4224161077686,3.76396254132931,0.671866912177877
2.24779219111368,6.94043452811557,-1.42908762431736,2.38575876156634,6.79445768070241,-1.35391879942076,2.54328738569275,6.69796165984818,-1.27031053209181,2.87887069948554,6.46049826927174,-1.19823120331297,2.970948607916,6.21966608440821,-0.954322515297019,2.87876457904684,5.86297833957666,-0.928182519241864,3.02613209409194,5.84458324223198,-0.904119929385907,5.2360884462988,6.06969595341931,-0.474705852906338,5.4181685126283,5.92802450309641,-0.405729771648938,5.55754449084664,5.72522472260043,-0.360425898684686,5.27312633807288,5.51706437256564,-0.649299581304296,4.95515120487379,5.33849503720874,-0.478797411828895,4.72685254300857,5.16584743174672,-0.4916535807184,4.85870049677231,5.07839074903236,-0.422191224614448,1.71680707077127,6.43528088078752,-1.12498131008909,3.4858448330789,5.70458384071488,-0.856720030565198,3.93602787878745,5.53822500584356,-0.775352010690489,4.37259006349947,5.35026386747903,-0.662836498455852,5.40143869701692,4.84118200312827,-0.168316114301169,6.02197874862501,4.67857355825989,0.0459731710170586,6.62463044612015,4.5355304572452,0.21281007203599,7.24246205286843,4.37868291090316,0.389730554613847,7.8419969879178,4.23450827568705,0.585140301084494,8.37817455897556,3.78039490782677,0.662739059205981
2.1661089377182,6.9340807489502,-1.41479390471456,2.33388281520769,6.80312143569318,-1.33247700432759,2.47352108083523,6.70311992798386,-1.25309674796236,2.81708019246007,6.47913646517475,-1.1879736367609,2.92932187425727,6.22847474426584,-0.953526694081994,2.84789078243254,5.86726937718016,-0.925509032726515,2.99223396674577,5.84998890105117,-0.907182939932912,5.23668189448876,6.06937260797038,-0.473981282268474,5.42120695708487,5.9320180544543,-0.409898534449187,5.55783111411096,5.73347814904825,-0.370957195075063,5.26315900449312,5.52652136781858,-0.657439211969118,4.93699954863946,5.36776964087543,-0.492118058342947,4.70851738149567,5.19291037526284,-0.512957403125106,4.83322593217857,5.1048656165805,-0.433604889656689,1.67609491503537,6.4313298030817,-1.11120022929451,3.45186598646285,5.72064516672751,-0.864668774771685,3.9025682844943,5.55961965497288,-0.794535211654298,4.35229480991858,5.385186829499,-0.657926181394203,5.35228486847922,4.85409598058809,-0.184124781485178,5.97498514107035,4.69049931088746,0.0307556455736496,6.58862483001007,4.54863177301828,0.204758984345005,7.20567908931478,4.38596671545315,0.380425789217379,7.81623210990144,4.24105763337832,0.58614830300901,8.34307927323054,3.78677136829848,0.648928946584567
2.08817125948501,6.95574829548198,-1.37751546375329,2.26645303041899,6.82795873902902,-1.29972054508301,2.43628759678797,6.71373109192944,-1.22354588110311,2.7687941300766,6.50318384199067,-1.16682199967029,2.88812969621183,6.24373963499495,-0.947993493895644,2.81638708794952,5.88359959293012,-0.929676035488448,2.96098315454473,5.86212279463858,-0.903244190676203,5.24034819380452,6.06444463875625,-0.474839563721913,5.42337338629922,5.93075272914841,-0.411552450350157,5.55404211208863,5.72974669460947,-0.379634559699807,5.25453616592046,5.53024850292166,-0.676444528004533,4.91459099796397,5.38739136023066,-0.505381101431871,4.68671180581574,5.21157838296072,-0.524019382263029,4.81356995145233,5.12580814022907,-0.441863564149869,1.63674674536228,6.4239437040864,-1.10508571814981,3.41968325863425,5.73183847753087,-0.867302153703016,3.88017975974929,5.58296270491593,-0.801451511979527,4.33178268914537,5.3926161616619,-0.675504821620563,5.34331410510766,4.87384854984726,-0.194273551912409,5.95246192058936,4.70416251300216,0.0225139956299379,6.571852302196,4.557800990437,0.194749812366336,7.17476822927221,4.39401158753521,0.365752373835624,7.78523370435839,4.25885223906273,0.568012027474458,8.30966585549859,3.80189783032172,0.650464178051564
2.01815444089151,7.00055184747033,-1.30696337586703,2.19415185512322,6.88122987244618,-1.23872004144609,2.33570847307063,6.76224684665828,-1.18509469531048,2.7084012496182,6.53674951101458,-1.13853329480647,2.85433697436729,6.25865576894292,-0.929215674642402,2.78638111492323,5.88264635108736,-0.92698966019231,2.92841317591806,5.87439322235288,-0.896359149938553,5.24143435535144,6.06323961555848,-0.476229188923918,5.4262038598945,5.93267273924951,-0.413972812103483,5.55088668545233,5.7297563789409,-0.385619990039848,5.23759825835165,5.54373520942293,-0.690392705432691,4.88847419563046,5.40260854878174,-0.517456117584214,4.66399972669268,5.2336879604196,-0.537630564499481,4.78888507396023,5.14837360613767,-0.449267174546551,1.59973720779431,6.41759664143819,-1.08719312912347,3.40098892383729,5.75360017844802,-0.87055655211052,3.85818579189006,5.60010264163566,-0.806956143193195,4.30932712634442,5.41308990503941,-0.692434712597521,5.32833929803866,4.89037312498467,-0.200969866299784,5.91934148130278,4.71344228445164,0.00928916166610273,6.53765351613983,4.5668681961534,0.178786498758979,7.14407674142236,4.40748987572359,0.35321285300245,7.73825192936436,4.26486141187116,0.562593122103435,8.27668930426014,3.81880578304017,0.649196675308199
1.97163206048464,7.05629432518442,-1.22740194806933,2.14449371105842,6.92409845037083,-1.17230753568898,2.2912452631932,6.81232282375712,-1.1233846545382,2.65615726326062,6.56745013939347,-1.10988636431288,2.8146276798479,6.27601091092396,-0.919048691163543,2.75331615550567,5.89306207679218,-0.922490082910062,2.89104598973889,5.88736930757998,-0.888918497548048,5.24265147653748,6.06546853869023,-0.477337039369726,5.42664837350308,5.93815722206529,-0.416043793245313,5.54438433226961,5.73089423403167,-0.390642712668534,5.22197385852454,5.5448318794074,-0.679959250047788,4.87164450076291,5.42498653144908,-0.533027126336257,4.6445903407757,5.254781328297,-0.545325927961499,4.76832043616442,5.17056006019639,-0.467377034503952,1.56670336482581,6.43132636706483,-1.06677682237329,3.35701902337561,5.776151014694,-0.867624773932704,3.8255265775122,5.6281989599017,-0.812541736001518,4.28467402418824,5.44555048004313,-0.70519199296528,5.30025733129103,4.910764611277,-0.214956152942604,5.90326011306199,4.71954570549163,-0.00146190192509477,6.50340108291645,4.57790688329812,0.170374494270492,7.11609270014627,4.41805904387343,0.34986988235128,7.71060702272898,4.27471702919722,0.554586226031939,8.25099817932664,3.8323085443304,0.637775749520003
1.92747658629503,7.10747028933328,-1.15784587298042,2.10023514258337,6.97023579297455,-1.10983910676914,2.25399730152611,6.8525757412236,-1.0670553831842,2.61725201221019,6.59007028389518,-1.08764226614337,2.77927634128396,6.29150118545886,-0.909987620932201,2.72159365355161,5.91224985196883,-0.913589660442756,2.86306492398787,5.90256638423211,-0.885762883515561,5.24649963312809,6.06742289854512,-0.476859427422032,5.42731681436201,5.94246095196073,-0.416541535868863,5.53500294027356,5.73125679688795,-0.396728264080647,5.21848750157268,5.5644655636706,-0.683886552598972,4.84654760675352,5.45160791682579,-0.546925992555314,4.61445289731508,5.27664187070612,-0.560350327787776,4.74225941824068,5.19442146087347,-0.481205291228725,1.53695596492529,6.43982326553662,-1.05070460408926,3.33128202977491,5.79763525589462,-0.863964685387401,3.79271416534079,5.65695398506873,-0.82342127970671,4.24820460515319,5.46245600125779,-0.730922148318491,5.26129826013125,4.9234720109639,-0.236565585105791,5.87646633071227,4.72498273927862,-0.00937406073573976,6.47506473595765,4.57982514091662,0.161475481225378,7.08618926383137,4.42623198059009,0.338458118940805,7.68875277274903,4.28804504828753,0.551402832118513,8.2196732357535,3.84215420648585,0.633210254084443
1.92335391521103,7.12731122452953,-1.1435614140425,2.09605023649526,7.00251067449924,-1.07118879287703,2.2387709237142,6.90826952952704,-1.02544915563066,2.5864015536068,6.63617532791785,-1.05947158032365,2.74296823247751,6.31911797227253,-0.891528502539115,2.69472046079435,5.93201937001081,-0.896523386769769,2.8401210924288,5.91427166976414,-0.88074937655692,5.24851164675262,6.06961581686354,-0.478298630565554,5.42824600308405,5.94525499178022,-0.417530689744633,5.52626821945906,5.73222157578447,-0.405952483748998,5.19460466099368,5.57406558095252,-0.689792245327923,4.82224160534627,5.47356085447328,-0.563100274961162,4.58826118297154,5.3000630887084,-0.577001094711256,4.71876045974701,5.2098558772365,-0.493642846858453,1.50911461337692,6.45848018579095,-1.03302840611269,3.30160291059849,5.80890062265913,-0.866054690456057,3.7812348171511,5.68415852964868,-0.829688027686381,4.21678214079213,5.48310666429157,-0.757775722732035,5.24154378085229,4.9300618519133,-0.245349305038111,5.84110118935782,4.73593705545933,-0.0243446565049214,6.45298624315313,4.58040493126488,0.149802935382129,7.06035496051272,4.43147769638617,0.328415164986144,7.66106840686435,4.30312783493225,0.541334900917956,8.18479953774825,3.86346534994775,0.632263313664102
1.91808543317985,7.12663129411424,-1.14701319254604,2.08968237318788,7.00133600438486,-1.07931085266789,2.22776158903737,6.91838554454688,-1.02897262532991,2.57035781037264,6.64432968351405,-1.06009729371745,2.71938667381838,6.32673996244998,-0.886289552311994,2.66768868965606,5.94544509213227,-0.887262666843389,2.81553159961017,5.93120162278712,-0.869196946165136,5.24286060157559,6.07282824821321,-0.481674090587407,5.42636614898136,5.94375026115722,-0.417178407639448,5.51966912037541,5.73098888428531,-0.414179035245752,5.18052300784676,5.58505325673537,-0.699878666215929,4.79660420703066,5.48760785750498,-0.583697281332575,4.56817557078182,5.32525605864912,-0.589375770861563,4.69806682625412,5.22894838519277,-0.5074567401548,1.48755557327015,6.48838170509242,-1.01260743988053,3.29533303974155,5.82867862885345,-0.865682682474774,3.77031166008106,5.67541788381864,-0.854777575902674,4.20975160378265,5.50834345485939,-0.756776170660788,5.21947366339385,4.93690773821356,-0.252071593236572,5.80167949588304,4.74453642622104,-0.0392920903603371,6.41672201918062,4.58811450569947,0.136261189276575,7.02363602541334,4.4417221150326,0.313521540240571,7.61913717427116,4.31378085017124,0.53182778091176,8.15298809152583,3.8756858481128,0.619120986299453
1.92050965440683,7.13271475730318,-1.14122333322842,2.09127102022504,7.00318906108015,-1.07843263843805,2.22941046567547,6.91751416948024,-1.03263220385904,2.5645456468148,6.64902379705193,-1.05950023543301,2.70573037994364,6.33630736890348,-0.8715956388244,2.64884201876285,5.95215157340555,-0.882127880042007,2.79186455565202,5.94343408265221,-0.859889943932223,5.24246325706838,6.07315720709737,-0.480972157975662,5.42667808421539,5.94269373063673,-0.416163139671432,5.51454134268173,5.73174396921702,-0.421842652182662,5.17023035102764,5.58489986910938,-0.71580445405607,4.78798178734933,5.4964232459887,-0.573452913042018,4.5550994672578,5.34171352296045,-0.594204077101594,4.68520092321069,5.24456698754769,-0.514035583377075,1.47070992268856,6.50871296744315,-1.00128819051775,3.27478840828411,5.8422517451438,-0.860804892668023,3.75510686871428,5.69970247018326,-0.836464993366961,4.19673727474469,5.54024880455187,-0.734953199496613,5.20278905348297,4.95426974525995,-0.257499082112291,5.78713437828453,4.75432815962078,-0.0458735999784205,6.39891297618565,4.59949369761315,0.129397761670006,7.00734411591413,4.45084699555935,0.309488210829713,7.6030182107969,4.32136289500101,0.528648931994965,8.1364965852532,3.88105196539521,0.616631715370913
1.91846183478347,7.13421814429403,-1.14197156472321,2.09064775716017,7.0060954495612,-1.07719780880302,2.23142689277846,6.91665386410363,-1.03254126016027,2.56451149631113,6.64068626902191,-1.06590699108041,2.69851097931243,6.34013951620006,-0.865946982069162,2.63002263441793,5.963699613638,-0.87006893215456,2.77123558150349,5.94811958193335,-0.849132741531839,5.24228906754003,6.06624652138479,-0.47476589249463,5.42616899535762,5.94353767041824,-0.414155781576965,5.51117395247396,5.73245021338123,-0.424473518685224,5.16113193090326,5.59398045593661,-0.71201068466892,4.78040201359031,5.50416710205528,-0.570573144973948,4.54854193621711,5.35320608333928,-0.590052430691575,4.67799468796476,5.25670608472103,-0.513316203563459,1.46041672166157,6.52052678991958,-0.988965326148816,3.24973732965872,5.85455786029216,-0.850417642973695,3.73062309047757,5.72328387826753,-0.823009044344046,4.18709845054256,5.55661036323183,-0.729786262795661,5.19962948636131,4.96656824543265,-0.258014212522146,5.78186885146734,4.75875240443839,-0.0473503734969778,6.39277365593101,4.61306230008141,0.127158196531412,6.99673202138132,4.46146201446445,0.307933524230324,7.59224907178972,4.32669634430463,0.526688697438629,8.11828424728753,3.88259482053675,0.619865446384847
1.91711589567907,7.13322544480304,-1.14383967591473,2.09195820850252,7.00732687581341,-1.07677957050503,2.23417898608365,6.91727762287122,-1.03056442234831,2.56244422895314,6.63805691234636,-1.07194323931067,2.69204619700251,6.34065323880231,-0.863590373352407,2.61590571623855,5.96652282272823,-0.860765840431967,2.75221403400122,5.95103481938369,-0.842853994905821,5.24219581555569,6.06539888832908,-0.474729350155106,5.42871511714856,5.94084015915999,-0.414263103192919,5.50149684705909,5.71921942146955,-0.440807602903413,5.1554512831856,5.59873920231679,-0.704294504012702,4.76625577173112,5.51031883490925,-0.569648825594259,4.53759410760024,5.36342102659401,-0.584325266201246,4.6672296047899,5.26496280679343,-0.506264128250101,1.4520724963879,6.52839082356251,-0.986331066571039,3.23739710533523,5.85687904072372,-0.845110891665459,3.71093415164234,5.72430998252645,-0.818870036372269,4.16824811279344,5.55904066255733,-0.729871247756966,5.18542130064611,4.97562140017159,-0.252433252306296,5.77103653073126,4.7681407058696,-0.0444933683748393,6.37382065684207,4.61905598424511,0.12519843224072,6.98793890326819,4.46700760797804,0.309685349472143,7.58170318874255,4.32751581927942,0.521880308415187,8.10386120244593,3.88048777812339,0.618980692613738
1.91951131854512,7.13319791414618,-1.14439654400807,2.09421083978237,7.00674889424553,-1.07730951876874,2.23524901265979,6.91607508715478,-1.03111397405221,2.56188911445795,6.62854762368634,-1.07923530074396,2.67601284049652,6.33400926211697,-0.863027048886557,2.59786328511463,5.96453400965976,-0.855501130629463,2.73831642574617,5.9479728239655,-0.838610189798733,5.24174475448501,6.06435430187402,-0.476087649854345,5.42841033388603,5.9391545069218,-0.414419505409038,5.49614792615136,5.71747373379433,-0.442351968496069,5.14177199265139,5.59818635837468,-0.697813027476778,4.75913002206028,5.51739012794282,-0.571429763191593,4.53380216185172,5.36469516342886,-0.585564191752414,4.65343353654762,5.27573168437319,-0.505212885680693,1.44072366273559,6.52640810746823,-0.987060280263317,3.22520449525834,5.85216147436253,-0.840244472230882,3.69622302621327,5.71722527269183,-0.812643453150743,4.16067346916578,5.56317766748295,-0.72925330959144,5.16116844363116,4.98528190791,-0.250944600176094,5.75122133172745,4.78054357340912,-0.0434511746290087,6.35406473082108,4.62804183015525,0.127898285484876,6.96410219563236,4.46904365787293,0.306354509204484,7.56665170040972,4.33280581036943,0.520674147972146,8.09385788788561,3.87831902845637,0.617325067980305
1.91990729880156,7.13235197068227,-1.14363900835749,2.0976702056112,7.00415912233901,-1.07786444094951,2.23811718649007,6.91599880159248,-1.02879574565959,2.55745534376825,6.61864296809129,-1.08269254936956,2.66400459495338,6.33128837757706,-0.85864036097362,2.58227048232291,5.95510266861404,-0.851598703133856,2.72728154251891,5.94165318697573,-0.836242141346763,5.24216214203462,6.0647015364262,-0.47679726109099,5.42930376277495,5.93660464081222,-0.415223630148413,5.49202525859377,5.7195859727412,-0.439196959496291,5.1257736310963,5.60065600482907,-0.68882680496723,4.74532781337011,5.52485528765439,-0.561788103503345,4.52050454833702,5.36923350566477,-0.580011408379475,4.63538640865705,5.27771463109806,-0.505006658152861,1.42844963132685,6.5178126204935,-0.993777768370807,3.21837543581155,5.84785744244149,-0.83752757980394,3.68675393921687,5.71476988021069,-0.809585865472971,4.14787586069693,5.55864775764589,-0.727442872619524,5.14202932229853,5.00172392078014,-0.243015763870156,5.74798979776231,4.79356869045829,-0.0295373684110829,6.3561906072194,4.63765171727478,0.141769259755073,6.96164285014325,4.47564051059702,0.316538609622387,7.56740211268638,4.33211754184989,0.522433439850457,8.08539815337027,3.87633845479344,0.616496189626009
1.92201543493326,7.13356674307852,-1.14078845910932,2.09744763889811,7.00376234973996,-1.07746790355385,2.23881926438611,6.91223913423388,-1.02874174388393,2.55315489410509,6.60800231735975,-1.09171877736881,2.64695027712004,6.32512703883359,-0.860796588550855,2.56497127453861,5.940834789904,-0.84873955970429,2.71425937176915,5.92865100612917,-0.837862693356191,5.24311686734231,6.06632323668649,-0.475533384477908,5.42900432607794,5.93719012658392,-0.415525641282007,5.48661261963801,5.71758040788972,-0.438094243248655,5.11145223687177,5.59997043046902,-0.680290385289268,4.72995143335311,5.53402890180653,-0.554116500451302,4.50184337015979,5.37112920488899,-0.576335045553521,4.62718325724177,5.27543725426391,-0.492049541357355,1.41456266760509,6.50183293530574,-1.00483300187794,3.2006004017412,5.84248459332924,-0.836878505044532,3.67012520971417,5.7145046362348,-0.814351337581045,4.12970015819249,5.55585862845411,-0.722778065005582,5.14158773384705,5.00987250133643,-0.235552823956473,5.73568149517851,4.81256512209763,-0.0196077906194249,6.34164842060991,4.64718411247793,0.154217353088896,6.94604486709169,4.48133925954595,0.320348455438936,7.56014749657292,4.33835607516,0.521392161466495,8.0743841440934,3.87652215112657,0.60837771446845
