"Finger_X","Finger_Y","Finger_Z","Metacarpal_X","Metacarpal_Y","Metacarpal_Z","Wrist_X","Wrist_Y","Wrist_Z","Elbow_X","Elbow_Y","Elbow_Z","Shoulder_X","Shoulder_Y","Shoulder_Z","Pec_A_X","Pec_A_Y","Pec_A_Z","Pec_P_X","Pec_P_Y","Pec_P_Z","Toe_X","Toe_Y","Toe_Z","Metatarsal_X","Metatarsal_Y","Metatarsal_Z","Ankle_X","Ankle_Y","Ankle_Z","Knee_X","Knee_Y","Knee_Z","Hip_X","Hip_Y","Hip_Z","Pel_A_X","Pel_A_Y","Pel_A_Z","Pel_P_X","Pel_P_Y","Pel_P_Z","Snout_X","Snout_Y","Snout_Z","Mid_1_X","Mid_1_Y","Mid_1_Z","Mid_2_X","Mid_2_Y","Mid_2_Z","Mid_3_X","Mid_3_Y","Mid_3_Z","Tail_1_X","Tail_1_Y","Tail_1_Z","Tail_2_X","Tail_2_Y","Tail_2_Z","Tail_3_X","Tail_3_Y","Tail_3_Z","Tail_4_X","Tail_4_Y","Tail_4_Z","Tail_5_X","Tail_5_Y","Tail_5_Z","Tail_6_X","Tail_6_Y","Tail_6_Z"
9.51445647370242,6.69958549190481,1.75799885613881,9.83507011668241,6.58628900348593,1.77555753470646,10.0448876439345,6.44138446621416,1.73591303507527,9.77594662299887,6.08487278006558,1.50641626665629,9.31709434684378,5.95966066738287,1.78107235685922,8.95320864067111,5.55604546739456,1.79366148387292,9.16947613494938,5.50622410506747,1.8564091573614,10.2609645439558,6.04457272866015,1.76761229368154,10.5659306199191,6.18198706780693,1.69912267517044,10.9604834625566,6.18523339118727,1.70255725916791,11.3848663147326,5.74246581092704,1.83208651063056,11.8609903250335,5.53125324936508,2.08050835199628,11.8882915708049,5.16557344141056,2.13042586112339,12.1679854378991,5.20665770257456,2.11149070713384,7.14694677562206,6.0527374473108,1.70353946427339,9.88256955092974,5.34896600538763,1.98172335238966,10.5693865042728,5.20687365732904,2.11548064864609,11.2711424939669,5.1267487520942,2.14570548369955,12.9908794958623,5.26872397996102,2.13542196039613,14.0328086276927,5.21572357058538,2.27460306432347,15.5102701475484,5.3721314394057,2.36392787932959,17.3456632309538,5.21759348003524,2.48605171048409,18.3274289201969,5.45593836608477,2.37433703574305,19.2089304755941,5.78914981258802,2.02300009065816
9.51382682090487,6.69831696496936,1.75831703731522,9.83703791971359,6.58146032246972,1.78459106431532,10.0394206682037,6.43398022674006,1.73471857991649,9.75691013423059,6.09202202744072,1.51521722310169,9.29578527116902,5.96750940596922,1.7886076861745,8.93056020080655,5.56157355368054,1.79108055434383,9.14922409797067,5.50784474149192,1.85806901188479,10.2204533214891,6.02100271291768,1.81306190626768,10.5305744998179,6.1971203552738,1.77063167002683,10.9025747395545,6.20320888183966,1.77325776316672,11.3403380085539,5.76948606461171,1.87101973504426,11.8345638639753,5.53814333678483,2.09595699797216,11.8681364595622,5.16692915441562,2.1346820514238,12.1496587852705,5.21154045705938,2.11780969433609,7.12922116030651,6.0708727304712,1.68051630711903,9.88094544268657,5.34874796491777,1.987371586117,10.5382551444659,5.20662874977836,2.12464257667025,11.238911099335,5.1187512706629,2.16593236256516,12.9457349341359,5.26804489859581,2.1481539333583,14.0203361024867,5.21639690581722,2.28451150734608,14.9503289928461,5.18034280035561,2.36717959510706,17.4187911480825,5.23816709830842,2.48770149753692,18.3431764923054,5.46792493122657,2.36117803452422,19.1867569974188,5.7807140624778,2.0354790107048
9.51136655344229,6.70107348197083,1.75753034775921,9.83775315774425,6.58818567389254,1.79801545273664,10.04082740827,6.45004510593545,1.76554442211605,9.74757244412111,6.10301057898972,1.51272537031786,9.27810259468072,5.97413130178303,1.78261784307243,8.91930925512442,5.57104572058688,1.79612362481963,9.14238775227158,5.51179618706621,1.85906952602829,10.2102300574778,6.03199462690538,1.87889457841716,10.5226253165431,6.22622618343311,1.88539574155515,10.8845064376994,6.23792357543672,1.8600614021416,11.301709991937,5.76851455600472,1.89406022024911,11.7869283817329,5.53575281614301,2.09855251152288,11.8506502992787,5.16310032287321,2.14228650044582,12.1174991344559,5.20656282371852,2.12594334444277,7.10522733613949,6.08030955649815,1.6664436604852,9.85801764353162,5.34856294257913,1.9930484415938,10.5115959550571,5.20010854830204,2.1309799886254,11.2248596894536,5.1350014930303,2.15699254315601,13.0878238814545,5.23643813770365,2.18289919749928,13.9905282055823,5.2200064220064,2.28516510076565,14.9221960372389,5.19231766238308,2.36647900671901,17.4009895040815,5.23669453300019,2.48684108267719,18.3363506746439,5.45956387481749,2.36351934897743,19.1661902842864,5.77411472937114,2.04424951455495
9.51003614897664,6.70387747213683,1.75392962734233,9.83734066629177,6.59052582269463,1.79251084173841,10.0360036224488,6.45089097344073,1.77450730801801,9.73488113865383,6.1128368555614,1.50543909104387,9.25643033112681,5.98591675758533,1.77910628838679,8.9126289495752,5.58642117005959,1.79949996210355,9.12213154688522,5.52463508787995,1.85445159432202,10.1839701387885,6.062972814219,1.98741522798114,10.5018711867992,6.268847264318,1.9546219640996,10.8656773360377,6.28353009781383,1.92255374015877,11.2628149154919,5.78962148831224,1.91798290310034,11.7778115310216,5.52911012304277,2.1192852063207,11.8291394976477,5.16069651978328,2.15053715735537,12.0994446590744,5.20015766308474,2.13880838185583,7.09123705958297,6.07992446609108,1.66269143036998,9.8350260785832,5.35526125566995,1.9926976490381,10.4940701368052,5.19451614668117,2.11605092667921,11.2068705751432,5.13341010057791,2.16436611236339,13.0740354059643,5.2406025967479,2.19739353577859,13.9577063565029,5.22326230069794,2.29913593873905,15.4075555495076,5.02747356209928,2.47883684176903,17.3810685945608,5.23865184490655,2.48826755462118,18.3168920704227,5.45790160249446,2.36691897797958,19.1440231669289,5.77542222761016,2.04539065421691
9.51393003661428,6.70629074308588,1.7582601349881,9.84099452624798,6.59414808008756,1.78387851687649,10.0334145106505,6.4473145788369,1.76154918137807,9.71316324248184,6.12729352232736,1.4922264935415,9.23033660068435,6.0062256375871,1.76260024873625,8.89202592399619,5.60559686846294,1.79312623672101,9.10374694679502,5.5413543964999,1.84996509238868,10.1461708581603,6.14502071177598,2.03012225410498,10.4754595400122,6.2890469898572,1.98312760398168,10.8445169429532,6.29673961176584,1.94797083601474,11.2330859164009,5.79743746111752,1.91915017260826,11.7611417314327,5.52522260162146,2.12447434968894,11.80545753851,5.16453934928578,2.1560912558454,12.0788102182436,5.20662011611049,2.14527057513678,7.07522984489428,6.09096774694428,1.66301413420417,9.79710292566778,5.35678330187136,1.99586578509941,10.4784833044982,5.19402583245811,2.10642510296226,11.1856161570494,5.12891862574126,2.17487773364594,13.0599348064171,5.23613983930559,2.21405844133416,13.9119823082189,5.23910939451506,2.2937361198004,15.4114490940078,5.0285237154862,2.48587305003759,17.3312230249616,5.22157081824114,2.49100290309538,18.3079287196095,5.45869701215904,2.36903671735678,19.1205821843688,5.77229147593007,2.05011009346842
9.51716206669901,6.7046609435008,1.76214826542395,9.84453181459903,6.60208190206417,1.77784310176017,10.0311166355968,6.44791708049554,1.75765819017551,9.70489006477466,6.1331324347333,1.49391754017876,9.20607845977239,6.02045394282804,1.7574108030452,8.87232655046323,5.6119980310906,1.7912441320288,9.08099596934493,5.55061487182186,1.84956903402631,10.1280561209359,6.19971014171273,1.99617243779988,10.4546976318894,6.28808611498671,1.96496156112922,10.8360692805731,6.29408819374552,1.94603210480482,11.2044853935572,5.78341379658309,1.91611097639924,11.7339467447428,5.52225002381646,2.12575849690463,11.7768113861314,5.15548311649605,2.16200025678632,12.0634101448024,5.20523397835991,2.13122931345196,7.0589047546176,6.10226110018857,1.65634051325861,9.77910234834802,5.35923980362158,1.99768155681051,10.4453414484236,5.19313021885129,2.11252616149425,11.1556401172869,5.12541459116132,2.17567584924114,13.0327120462281,5.2306011053894,2.2154322643833,13.9005038361164,5.23466852184124,2.31110112884767,15.3980992796155,5.03123324440114,2.49429222867622,17.336178696991,5.22806400338739,2.48837664322801,18.2813904992742,5.45272316726665,2.36513503718563,19.1034812456102,5.77245516043988,2.05377661262797
9.51445739382931,6.70421664199515,1.7627753933298,9.84122591445467,6.60451849160991,1.77631239639324,10.0247088013255,6.44882222924965,1.7598168996064,9.68984452325795,6.13244752539478,1.49909082579344,9.19187380898973,6.0156034055938,1.76618574600733,8.85990479954416,5.62114213834571,1.78896032500092,9.06559946931402,5.55331541440052,1.85019230531426,10.1207298965981,6.21330473324424,1.98510790611139,10.4506630576579,6.28990757920653,1.96255517827958,10.8300791503853,6.29051970621788,1.94436323172012,11.1803316779269,5.781746361441,1.91568264089072,11.7075127244632,5.52029735257733,2.12606221298971,11.7529399787256,5.14762065509604,2.16836974236931,12.0325329979565,5.19680748476204,2.14378407728437,7.04425004178587,6.11714784301941,1.65018022449348,9.7594179935854,5.36549609911735,1.99428012528823,10.4238900461378,5.1985504240872,2.10535757937714,11.1309635102076,5.11685617035562,2.18213571310801,12.8293672549121,5.28099557217473,2.18108874219569,13.8817572871754,5.23511430733978,2.30603671834619,15.3702042475538,5.03737753017776,2.49077060986245,17.2312391831837,5.18632999778012,2.48765677307835,18.2503351027821,5.4427839931413,2.37013791855773,19.0859262997142,5.77574202081552,2.05632616177226
9.51834495927949,6.70444269806337,1.76012942015389,9.84016476722789,6.60238721017515,1.77644573531229,10.0215939293231,6.44640504685083,1.7608983963236,9.67375613776958,6.13984343289881,1.49940478845046,9.1734926185782,6.02339375368393,1.76262820411528,8.84635169701756,5.62065173770987,1.78050798306577,9.05271293019257,5.55564463383094,1.84926448928068,10.1205703953988,6.20736291327027,1.99657827214342,10.4537030689599,6.28945095222818,1.96332743688107,10.8324898185684,6.2880066594396,1.93863752346316,11.1719131129851,5.7626327420702,1.91171825857375,11.6959179886593,5.51339395052828,2.12344745841587,11.7377220120752,5.14489459311799,2.16195687601982,12.0179515431547,5.18842939554301,2.13813692814849,7.03036488110458,6.13801938820811,1.64688653466317,9.74279294480228,5.36579547971962,1.99840412086646,10.4063410703342,5.20282428850622,2.10013743828307,11.1118652208437,5.11145930953848,2.18185412317931,12.8145207558978,5.27470959067627,2.17710154137219,13.8527518705415,5.22693767029796,2.30264364752755,15.2979326070516,5.04276223084855,2.48493546389371,17.3001203838433,5.22269021230873,2.48783240493404,18.2323819433419,5.44268353153356,2.3714827778849,19.0754739983106,5.7699475094943,2.05630074624417
9.51857698735938,6.70552168650357,1.75944680231545,9.83887244721046,6.60027719100018,1.77707396574563,10.0202509524959,6.44659665840969,1.75929211781482,9.66195903870593,6.14002934796221,1.49783830422465,9.159060113872,6.03073740945667,1.75825547079008,8.83383537743395,5.62130708344982,1.77664841523502,9.04061667430213,5.56109009223787,1.84383712703517,10.1296217102407,6.2032687201113,2.01024366320251,10.4731812361988,6.2955278203769,1.97552367698356,10.8364455459727,6.28402533568532,1.93330060078774,11.1527151095099,5.76720457638737,1.89271104958147,11.6690115407649,5.50612843075328,2.12346305900024,11.7178308284428,5.13287736863984,2.16826376571758,11.9947520935333,5.17613337241003,2.13759245274901,7.01810975822182,6.15290392762219,1.65087595629393,9.730489416878,5.36226254532325,1.99905892560589,10.3870591401292,5.20305212790768,2.09941348956429,11.0898233752634,5.10946927970126,2.17941970994269,12.8075382385381,5.26376941390392,2.17263284944875,13.8243676906553,5.21581340547019,2.30513186341016,15.2492864214632,5.04352305265885,2.48654687690433,17.1629124505131,5.18430114854175,2.49789270052907,18.1779767550022,5.43282404677861,2.38458777138039,19.0574976749331,5.76408580113004,2.05598819216256
9.51666186236744,6.70571902541975,1.75813264488127,9.83611819869547,6.59709081850126,1.77225959589888,10.0155840387283,6.44234162938511,1.75127338139513,9.64685286422023,6.1385097533154,1.49444361294963,9.15006713947056,6.03187674144995,1.75825331985875,8.82177252326422,5.62318200126715,1.77195859751428,9.02888131100485,5.56439212221294,1.8408802213428,10.1413448035387,6.21319904807187,2.03205647871408,10.480370293137,6.29955003318111,1.97779277098155,10.8369389896424,6.28378827622216,1.93286157083297,11.1339503415435,5.7652222266134,1.8833084310476,11.6469247090355,5.50314383415407,2.11584724626446,11.6913081938405,5.13507299078422,2.16478389413039,11.9761075383985,5.17456867454252,2.13603747334859,7.00612371150476,6.16096296565078,1.65327351848884,9.71719242234202,5.37049473163276,1.99327839548535,10.3748630375229,5.19396934328036,2.10680623555234,11.0724055073112,5.10219950162057,2.18534164971078,12.7865900649224,5.25836911819658,2.17887811493565,13.8269375463321,5.20741335263705,2.3052903342858,14.7867416032215,5.18425481192152,2.39772994316897,17.142394650891,5.18035464226252,2.49633732751921,18.1596090663563,5.43203396698407,2.38364571929153,19.039143542487,5.75833623397985,2.05402149197158
9.51510607788159,6.70980142616015,1.75281516240086,9.83182676088643,6.5948624907047,1.76790412116462,10.0047116875832,6.435811798447,1.74426276210649,9.62962987588646,6.14193757842218,1.49579321308969,9.14006687403265,6.03062983018947,1.75764180493048,8.8134998886767,5.61908092482382,1.77391893814939,9.02178249402247,5.56223665802818,1.84648174276741,10.1481970159337,6.22669712426523,2.05032220457385,10.4823938733881,6.30538968200026,1.982793741141,10.8351855325622,6.28415251727434,1.93450952729314,11.1195201102631,5.76953827002744,1.87850878241534,11.6342349483108,5.49926878061796,2.12006933610199,11.6811104320239,5.1374739812675,2.15907651139039,11.9639679388648,5.17449100564389,2.13197174722935,6.99226580347505,6.16442406588729,1.65574817926038,9.71420530575737,5.37467270697057,1.99914050916961,10.3641669558991,5.19407369214646,2.10743558347347,11.0581543276689,5.11117603857079,2.17708068799421,12.7875095213627,5.25542127249967,2.18133165221539,13.8205688758626,5.20478119268743,2.31072698631466,14.7817384095505,5.17905419410618,2.39728873284432,17.2517011320168,5.22522156845347,2.49997464027052,18.1576911519096,5.43979557006783,2.38352254943368,19.022704551015,5.75580070565318,2.05757037983762
9.51483252236004,6.71008363984639,1.74907394435212,9.83097625309276,6.59498228728072,1.76923290984208,9.99244138480608,6.42853570410306,1.73653279147563,9.60860096213122,6.14847703651621,1.50169605822393,9.11845574514254,6.0332547839408,1.75741302460272,8.79583397592943,5.62336756432723,1.76853353387827,9.00493393080248,5.56822819079499,1.84312721621707,10.1531317615608,6.25407557735985,2.06857104319304,10.4835589219171,6.3086896623251,1.98254862371117,10.8333975413932,6.28326585108223,1.93327696695751,11.1063651291397,5.75743594822312,1.8782534424776,11.6113606030583,5.49911736563409,2.11900900357987,11.6716040929326,5.1272802560921,2.16550135597845,11.9501269507601,5.16842350595675,2.13825304155105,6.97794100323722,6.16673110133681,1.66126000157336,9.69610917824522,5.37793954173556,2.00009197725688,10.3445417071071,5.19393254532608,2.10833405439788,11.0412544609869,5.10730818935918,2.18041185722376,12.9233068999387,5.22170450594101,2.20218280898266,13.8193728243892,5.20930160713678,2.30937600384267,14.7860235614766,5.17720141163448,2.40014357446518,17.2471345111388,5.22410509301617,2.49965174312465,18.1594933487228,5.42807541636405,2.38659340218435,19.0066758561717,5.7488798100843,2.06135359075734
9.51356226874811,6.71055695074933,1.74849885459277,9.82829919420548,6.59516529355346,1.77149802679613,9.98066149748949,6.4255861872136,1.72916776218898,9.57986037154689,6.16471514253462,1.48872327744004,9.10418881217255,6.03253472868438,1.75737245284967,8.78256674934922,5.62260204192656,1.76683638641033,8.99035562092992,5.57118756758982,1.84021973684724,10.1492990153799,6.25013679213554,2.06719686409014,10.4815226012377,6.30532907835679,1.98353466263891,10.8331327693636,6.2790392615423,1.93410951452062,11.0863997913262,5.76216976729485,1.86236356617264,11.6152551370199,5.49464188218966,2.12724352828839,11.6687346306031,5.11811255252676,2.17448333308868,11.94103763756,5.16264743070557,2.14360213812583,6.9609671447212,6.15987131102956,1.66519494114333,9.68354839646731,5.3765643720544,1.99859997596554,10.3246582730046,5.20492752859147,2.11927919829279,11.0219939953912,5.10430300593513,2.18341388124612,12.8999264070448,5.22050843552965,2.20322551473058,13.7952152967846,5.21624451066099,2.30452617118331,14.7681709699232,5.18625310472485,2.39571017670803,17.2443909168008,5.23335533077748,2.50035177158988,18.1558169664926,5.42762330083445,2.38405759199748,18.9925014652345,5.73994659955452,2.06648933462801
9.51474727651225,6.71149664784764,1.7468905564795,9.82514732174418,6.59639994047602,1.76959528998039,9.96250380621514,6.42735566902589,1.71758729628483,9.56473447300366,6.16900102826852,1.48771961227677,9.08580569352914,6.03128315300918,1.75584897330004,8.76095177398973,5.62692482750435,1.76040526580108,8.97372476053918,5.57026876078338,1.83807030058574,10.1457965427368,6.25332073466687,2.06671202809812,10.4782062760976,6.30623117454184,1.98454478632377,10.8303680821221,6.27581528877821,1.93595387705148,11.069935841652,5.75969547120172,1.8576705815752,11.6079940067825,5.48668914239522,2.13122208940263,11.6573139493731,5.10991607514419,2.17902612764974,11.9336989688331,5.15722015575337,2.14561037928904,6.93847630566729,6.15788600631569,1.66684325247581,9.67077612959817,5.36935152954442,2.00295658866281,10.3083678489383,5.19947981105301,2.12113140370947,11.0142669535395,5.10011630678006,2.18616485706151,12.8987888701301,5.21438565766642,2.20621188046984,13.7584531956197,5.20405915731469,2.30691118756763,14.7254292002889,5.19319615733438,2.39268761966851,17.1956701476308,5.21496888573517,2.49754014594479,18.1941862254103,5.43908449589392,2.36335586902891,18.9745930984979,5.73888290170524,2.06990874132712
9.51361707118461,6.71182312537691,1.7425430778193,9.82360739155343,6.59814049926095,1.76584036419206,9.95025267922304,6.42267431416279,1.70974570338785,9.54167284211127,6.17148885645131,1.48379431046175,9.0667775762713,6.02941045285507,1.7651686160133,8.74902748340649,5.62739494365983,1.76145210151394,8.96274774078041,5.56462803670423,1.83171477629812,10.1380176436488,6.25599346701782,2.07103204132988,10.4727682886651,6.30667989658107,1.98455365315203,10.8254401731351,6.27299647660374,1.94043422127681,11.0454330417096,5.75882829992662,1.85336175456802,11.5919180904473,5.47682100721401,2.13495246942958,11.6374921812613,5.10994838349088,2.17875173067274,11.920045212381,5.15145018995468,2.15023455747402,6.91804165845897,6.15277349678555,1.6582248507327,9.65794443780818,5.36355853389351,2.00358873201142,10.3014805704824,5.19595955170276,2.12322730400056,11.0025177819689,5.09599539650414,2.18903257917576,12.8856894924718,5.20351273713841,2.20707492655907,13.7191472313195,5.20400517840252,2.30832558247768,14.719026810752,5.18291030400449,2.40113401535428,17.0260852830168,5.15446931749917,2.49408503885961,18.1134496300699,5.41884058155543,2.38259740946103,18.958303831683,5.74123487556271,2.06598448277451
9.5063734937501,6.71385816459239,1.7380699857371,9.81915460749537,6.60059938459794,1.76370753663486,9.94305196473447,6.4208844085708,1.70435506618989,9.52877956211397,6.1747325221547,1.47643114478122,9.0502621284665,6.03400511987683,1.7589514315262,8.72771190978267,5.63631931411583,1.75466674671752,8.94414643296062,5.56579667390853,1.8309791574384,10.1321315940454,6.25791590854014,2.07317306944914,10.4693212640476,6.30770717973833,1.9848420634733,10.8232833288897,6.27232436430929,1.94466087407243,11.0306473368285,5.74992803600057,1.85106354426053,11.5751055009048,5.471500054485,2.13367574878818,11.6176465282884,5.10565591556418,2.18244230098432,11.8972400073574,5.15334019218135,2.15526329646185,6.8988796336093,6.14531171242922,1.65261961587021,9.6357330070389,5.3680532818529,1.99749273611918,10.2812309365688,5.19653731278162,2.1198306907151,10.9828772451578,5.09395565707145,2.19250788375922,12.8686285388633,5.20309229807447,2.20733477106006,13.7161175462134,5.20188332265462,2.31139762536881,14.7182833437555,5.17585985828498,2.40545474215756,17.0448223628789,5.16667899035087,2.48981365787676,18.1144242717818,5.42633649141574,2.38009307824324,18.9385444226197,5.73915695412694,2.06984301139067
9.50465253505635,6.71728129219046,1.73612053128413,9.81543899329225,6.59990997629159,1.76334424479903,9.93252583564713,6.42170616747191,1.70434206689119,9.50888442065117,6.17857878095189,1.47918126356356,9.02109966577163,6.04052008298969,1.7506312221301,8.70276266140456,5.65179247537394,1.75526980273121,8.91600243941235,5.57614678890966,1.82284538276484,10.1285961175436,6.25493210224749,2.07598048943983,10.4648671099505,6.30729835732606,1.98338053501203,10.8179264430219,6.27121372252388,1.94470378165528,11.0078317290197,5.74595947900646,1.85778708711953,11.5515014073046,5.47187798705086,2.13050101948128,11.5884512355543,5.1027466216849,2.1844797447706,11.8713383839495,5.15556291232776,2.15268045493848,6.87933242816869,6.13915736175928,1.65677537596135,9.60641334679544,5.37341972494691,1.99215331207299,10.2542292649937,5.20062471250262,2.10332110936383,10.9688427759059,5.08180493702399,2.19439552238082,12.8487792028543,5.20028112849979,2.20972977770822,13.7080662231817,5.20573036482501,2.30992021616922,14.6858973386892,5.17981096705088,2.40618670420126,17.03190383949,5.16299984108067,2.48988464194263,18.0970303009146,5.42204238692934,2.38374936013151,18.9233564758709,5.7377947145897,2.07234455744462
9.50701319467314,6.7217297117896,1.73648815066471,9.81567823654079,6.59823963908497,1.76096839240126,9.92414772792345,6.42211929604725,1.7025166000657,9.48127018648608,6.17468892649092,1.47989284558611,8.99251918520031,6.05080048181828,1.74161997990684,8.67491082129729,5.65660459278413,1.75244706397796,8.8934662142837,5.58690879857243,1.81896244982771,10.1294059666626,6.25267756415277,2.073229791922,10.4629759842902,6.30903241917751,1.98036247882577,10.8177723277934,6.2694821009627,1.94345688396941,10.9899754020603,5.74316209895025,1.85666489376487,11.5259873602445,5.46849397100895,2.12960000730716,11.5577693593117,5.10231830305639,2.1865394733654,11.8425768400058,5.14730616256635,2.15560724132618,6.85761288671038,6.14443939298896,1.65001779617272,9.57288812380379,5.3816732519943,1.98596207223883,10.2259779509146,5.21059477650182,2.09924141174943,10.9358064668472,5.08566278737421,2.19694803347981,12.7891066637813,5.21196967377291,2.19931393303046,13.7033444767031,5.2010393253,2.30962997751128,14.6711482149975,5.17407250806403,2.4090293635907,17.0112150861293,5.16056219688295,2.49523119961006,18.0652401338622,5.42179456082423,2.38488868269505,18.9024842008974,5.74041608030146,2.07769813692577
9.50778508453852,6.72132211346159,1.7391430612012,9.81442754658856,6.60153792725678,1.76152686016626,9.91166530919448,6.42568293700859,1.69829158573481,9.46486426394715,6.1712477458631,1.47180764060561,8.97621174165665,6.050267504132,1.74940093092924,8.6649238834395,5.6419810257888,1.75395325688219,8.87647916978273,5.59046500879445,1.82399846093286,10.1313223352019,6.25281321341246,2.07034547530607,10.462839585114,6.31166562537717,1.97901340931199,10.8161313806372,6.2703918371106,1.94420555675462,10.9706341871014,5.75025507102322,1.85137620662093,11.4978238007643,5.46843062005996,2.12552934629707,11.5263653614063,5.10752543289655,2.18385102722695,11.8142761352114,5.15046946930485,2.15196366264873,6.83294868348667,6.14581646928203,1.64521860425942,9.54554166044312,5.39411226359634,1.97589576037753,10.2021939967435,5.20448161958735,2.1052354578614,10.9083624655327,5.08552696485375,2.19501209074803,12.6389053593924,5.23439542682851,2.18733089245043,13.6630701221009,5.19513346342699,2.31743050160297,15.1837831788033,5.34735055206477,2.37603740955115,16.9874733837939,5.15646603191608,2.49516708755554,17.9622715285802,5.39579530611976,2.40109280221649,18.8799071745769,5.73595916647247,2.07965703550691
9.51059613731741,6.72226957348606,1.73696851777317,9.81078064079193,6.60327525292447,1.75587611515297,9.90141780934855,6.4254125850759,1.69165771446666,9.44708258155193,6.1754938279679,1.46650740631572,8.95122281491798,6.05864725809628,1.74432016767705,8.64466656882479,5.63785193578627,1.75088203952181,8.85994654518062,5.59206809162508,1.81891776217845,10.1320634780198,6.25155342265295,2.06854107603624,10.4615684326193,6.30970378980882,1.97622618687159,10.8177681017259,6.26714918481161,1.94470909916537,10.9619048877563,5.74093671572161,1.84457251466872,11.4747739123163,5.45892826459,2.12081356093996,11.5093464527531,5.1067995787715,2.19338981367853,11.7924987587038,5.14997634955316,2.15412564998643,6.80918374258595,6.14392468417274,1.6354910818831,9.53506240321095,5.39255297412985,1.97487443876008,10.1903494738589,5.20480902269027,2.10554903554365,10.8907490795926,5.09182340674206,2.19297289258055,12.7515696083515,5.20612702814829,2.20851673405308,13.6254683868589,5.19492123455763,2.3185205558783,14.5956839241229,5.1694483206641,2.40276376301307,17.011151309701,5.15752927311779,2.49361960547466,17.9713844538257,5.40113695002236,2.39924719040808,18.8599434599333,5.72400473443706,2.0829592015884
9.51356829415765,6.72034762161783,1.73931437274736,9.80664318059885,6.6049019340982,1.75422052573385,9.88417178982742,6.42385832106521,1.6838028305614,9.4210226928015,6.17533978927897,1.47236344288898,8.92217333168071,6.07070847674522,1.73795279056236,8.61488752239663,5.64287754643508,1.74444660947896,8.83185371093641,5.59439146551926,1.81640582220669,10.1364169109464,6.2523181254722,2.07072652891069,10.4627216785706,6.31020953552957,1.97417998357667,10.8179757361047,6.26400093994129,1.94584337113029,10.9479485190705,5.72671959814152,1.83577621456407,11.4507622896579,5.45496112661884,2.12482605631702,11.4947677313079,5.1040747084649,2.18710896801617,11.7730839772623,5.15125357191305,2.15374644413889,6.78744186498898,6.13895537794952,1.63421511953923,9.51099834182491,5.39948588253726,1.96810857109286,10.1694578426281,5.2101446886895,2.10120773689392,10.8680391687455,5.10697386736047,2.18448356465458,12.7384873177254,5.20480813628683,2.21418386695433,13.6188364329745,5.19385392116629,2.32015690121595,14.5787819866733,5.17368670334859,2.40162975755176,17.0121844537618,5.16423921560933,2.49055769547279,18.0320336873266,5.41233778083221,2.38597663583295,18.8370451195499,5.72108738710522,2.08816470612341
9.51404006880282,6.72050275585659,1.74261071046843,9.8019731482555,6.60866199077137,1.75080083922917,9.87127317774278,6.42271531400985,1.68570452072906,9.39232898834169,6.1832851046887,1.47494901108985,8.89202578954277,6.07743002975483,1.72717284403649,8.58736125756311,5.64624697637837,1.73898175758594,8.80191977728107,5.59651358880597,1.81364519875283,10.1347185277783,6.25035510460532,2.07056205157554,10.4603514830481,6.31056483312946,1.97477656942853,10.816749689155,6.26402288723159,1.94973333970833,10.9318853904838,5.72222245579146,1.83278075446767,11.4290490269601,5.45771369747275,2.13956369771294,11.4740074969998,5.09453158402481,2.19573868040868,11.7598451816933,5.14495347877478,2.16462742030195,6.75922006075552,6.1313912155244,1.62678249013293,9.48645580901129,5.4015513942898,1.97318320524132,10.1354545654595,5.22852284287389,2.10392775372447,10.8383614645926,5.09810503210512,2.18878567328379,12.7179308012983,5.1976143609128,2.22122682943569,13.6058202508037,5.19897611970428,2.31391168999271,14.5528260024737,5.18486061579453,2.39450411166186,17.1405404883689,5.1561028151435,2.48304436476441,18.0214728305328,5.41290864723419,2.38248781914614,18.8161233683235,5.71002034122775,2.09359927647514
9.51641430541824,6.72101676781932,1.74260114718286,9.79876486515016,6.60679539416095,1.75133605279021,9.8565661610669,6.42414722332426,1.68469912301909,9.37095206924756,6.18992421561099,1.47249222711529,8.87512479933105,6.07510464619138,1.73153077562144,8.5670240273075,5.65072727873821,1.73720185646208,8.78450462846507,5.59348782563597,1.80612830951317,10.1332180551425,6.25010513139869,2.06695390263716,10.4598207091056,6.30830169278121,1.97240676843085,10.8171364410717,6.26475417219572,1.95237937524189,10.914269114917,5.72079022681422,1.8310640755563,11.4099575506902,5.45641259537996,2.13671738899349,11.4462190306231,5.09823726708364,2.19025952442483,11.7399887458264,5.13951293585863,2.16312972908237,6.73725262429898,6.14527633663176,1.6116499620279,9.46757194824582,5.40071363568361,1.97425538270943,10.1083613833013,5.22892638071046,2.09969623378647,10.8102500367647,5.09434898635426,2.18930687099359,12.6869614823039,5.18840225372404,2.21531398007722,13.544150646735,5.19063601497654,2.31866188230741,14.5229548683805,5.18260207255108,2.39622811390642,17.0966114648809,5.15852043585204,2.47163706360876,17.994028619511,5.40726175477801,2.37910762484029,18.7944774946242,5.71167481311635,2.09499047297855
9.51408317613325,6.71902440573971,1.74588290234392,9.79283849948271,6.60068610465508,1.75327808548307,9.83685671211265,6.42364686729754,1.68828452636878,9.33740999671555,6.20965477508536,1.45742349599635,8.84814580311856,6.08998102825346,1.71519890439482,8.54446136485048,5.65212530039035,1.73492324418993,8.76520501115615,5.59364797649704,1.80490837128788,10.1268927249417,6.24956281860609,2.05984263175665,10.4581657995216,6.30764567664919,1.97044711287092,10.8178765882389,6.26412512446701,1.95000149358104,10.8995187892636,5.72287605709627,1.82791422790452,11.3959854702455,5.45015240464678,2.13829764274081,11.4209351089934,5.09758846040822,2.20330014166588,11.7086623447386,5.13699053696091,2.1651665692202,6.71069954169128,6.15208679738898,1.60176285183118,9.44962773939463,5.40044623609092,1.97185334310385,10.0844167175165,5.22790597290423,2.09633933239283,10.7880110202765,5.08999626581823,2.19074678231745,12.6638040581162,5.18616254482078,2.21400897030273,13.5151975068045,5.1917454347698,2.31571526899683,14.519745319378,5.18038841692586,2.40273157727342,17.0444598815789,5.15339901288333,2.49212687978053,17.9411666442492,5.40544492696946,2.38172100006386,18.7723182292286,5.70550509031572,2.08796321718145
9.51134446076379,6.71862585561262,1.74423940016336,9.78311346687442,6.59805282052035,1.75117137074222,9.82170041721163,6.42228573543097,1.69183545669355,9.31494350467051,6.20988884587433,1.45800602450797,8.82160123408541,6.09347495793762,1.71184054016753,8.51954926533333,5.66279859371795,1.73816937950061,8.7416609573836,5.60002171178936,1.80326049095851,10.1247495963764,6.25165198815773,2.05932499324087,10.456741441129,6.3078735358169,1.97322175284056,10.8106588983796,6.27608911693641,1.94323054783774,10.8847685880619,5.7239788023775,1.82565018753776,11.373472583856,5.44712302538544,2.14012634115638,11.3914015997516,5.09383054670152,2.19996371435979,11.6851568043772,5.13532357367008,2.17615104315618,6.68876976585073,6.15174996806556,1.60745876232253,9.42750973330464,5.41024128586174,1.96357232673504,10.0642770817559,5.23512229792126,2.09250475081272,10.7722390352836,5.10049577622869,2.18373428659666,12.487674390983,5.21325188957402,2.19890294190719,13.4845783278047,5.19613110380256,2.31771412039042,15.5125628231088,5.1846401646365,2.45202666681464,16.8470560809964,5.16371091945354,2.49398267541795,17.929393470905,5.40679152834849,2.38193790888901,18.7502298061108,5.70600890097653,2.08841013191236
9.51212942173534,6.72612336353126,1.74417401879822,9.77636378505,6.59424375640092,1.75270738987607,9.79642985550795,6.40270689703263,1.67255894583076,9.28850051364229,6.21067741158856,1.45084278057663,8.79922574354753,6.09214756991979,1.71415394082363,8.50858061719289,5.67314104862564,1.73094460904191,8.71240040447666,5.60751242352825,1.80553971871452,10.1287117363687,6.25843834593816,2.07169276219854,10.4560251669588,6.30767537802911,1.97389734361247,10.8131900931782,6.27662120031033,1.94478164037153,10.8601759039385,5.73107454328841,1.81962446016106,11.3532944324889,5.44708581948907,2.13891947171691,11.3689701503398,5.0949161461436,2.19841361819014,11.6654037019395,5.13345845024514,2.17526431268528,6.66782012172698,6.15468832590642,1.61334440681314,9.40259285302617,5.41528005957573,1.95820434928743,10.0460788584033,5.23717655208238,2.07813731973592,10.7519394207501,5.10392340493395,2.18145639040566,12.4833513697296,5.21032642643339,2.20160575354332,13.504599479991,5.19536509073727,2.31249621868213,14.9993925503716,5.352041944482,2.37109291179156,16.8353670294583,5.16189640491799,2.49403534516713,17.9035966535798,5.40490399238973,2.38582887608231,18.7262303350575,5.71228928297399,2.08845622529061
9.51184190941772,6.73071640506541,1.74362045019842,9.77422410363576,6.59001712715192,1.74569363242617,9.77798339618517,6.40366091406339,1.67345896853438,9.26524041253512,6.21915613329125,1.45010312394456,8.77285178434352,6.10387180594029,1.71638493260325,8.48890120761477,5.67551157455728,1.72035332464199,8.69918193076785,5.6149287985533,1.80147545598709,10.1246707243215,6.25736286511096,2.07281245451154,10.4545300113311,6.30603050140644,1.97231441359389,10.8157505367654,6.27208095099509,1.94510027958965,10.8341184442601,5.729924011481,1.81474645629978,11.3235251969806,5.44621226999282,2.14181649364876,11.3358620278431,5.0944677312864,2.19818186861414,11.6368138856724,5.1303407954741,2.17196129173768,6.64347260156622,6.16138576121101,1.60708967055985,9.37578417588552,5.42154846335553,1.95036334491061,10.0148580677341,5.25043128185971,2.07341476233151,10.7117760003142,5.1064797312639,2.18333389647577,12.5946671743325,5.17715147029977,2.21939290145316,13.4429260087071,5.18382269454134,2.32279255461538,14.9808505379856,5.34572702442231,2.37776912912882,16.8738149654368,5.16504978344322,2.4934594518249,17.8205470986373,5.3893338936109,2.39486519016721,18.6958571216892,5.71465604766382,2.08830221811786
9.50902908270957,6.73954188894653,1.7474689574035,9.76344874179284,6.58264016527761,1.74456752827723,9.76203819542574,6.39897644406297,1.67250076034001,9.24526752792562,6.21990324297678,1.45642604768167,8.74523669304089,6.11852174898791,1.7132705676605,8.45694471048354,5.68118674865801,1.71341135362832,8.6714219522636,5.62872993445553,1.79213320570642,10.1166379740308,6.25249262238559,2.06847011927844,10.4502397257144,6.3033772074324,1.97309444516057,10.8152546490468,6.26872556352054,1.94537702277461,10.8135149959067,5.73591455662196,1.81426985287296,11.2947467272812,5.43625680826646,2.13955186809194,11.3143919353343,5.09810164933614,2.1935049906894,11.6078573002143,5.12715693635805,2.1720616775028,6.61692244830337,6.16632819278641,1.59996588022177,9.34600175958081,5.42669411566058,1.94780725684056,9.97715431310767,5.24878839005137,2.07508183872066,10.6687676435593,5.13307022288176,2.16673517207008,12.5780522743528,5.17532914381357,2.22443342243366,13.4439822190987,5.18491752314986,2.32443565752791,14.9427917662199,5.35089477207869,2.37294965980551,16.860882173762,5.16079803758331,2.48714015745764,17.7949676930146,5.39642336254036,2.38967083771871,18.6664733580427,5.71628973052946,2.07708839304957
9.5071114181391,6.73989254394864,1.75110174765007,9.75284839625542,6.58084668845141,1.74768325169032,9.73172559276292,6.4005574728365,1.67567697095609,9.22331942778556,6.22522684410293,1.45698776099441,8.71780715499858,6.11951577897512,1.71258824893699,8.42705977665876,5.68395152291692,1.71462599446009,8.6451854636557,5.63309130055372,1.79376200674823,10.1084165423645,6.24842304613723,2.06492941108778,10.4471793402213,6.30069062219786,1.97441132204252,10.8131630282988,6.26193215003214,1.94260170098334,10.7942740565405,5.73553879488554,1.81369643987608,11.2718515437079,5.43101160067328,2.14140599904693,11.2915185784433,5.09082251391928,2.19929872098891,11.5889625340987,5.12089886801945,2.17459087642829,6.58360441654247,6.15715685197819,1.59724072742629,9.32403175820543,5.44258739290648,1.946101971093,9.94890472531208,5.25499167011547,2.08267054759647,10.6457995942659,5.12430438814151,2.17171403171579,12.5594306257743,5.17258587910475,2.23432324013348,13.4439190437752,5.18544953547429,2.32547867218041,14.4022946620761,5.18529723367034,2.41067393419889,16.7824685312854,5.15901416381161,2.49745606394304,17.7803206028346,5.40148722211599,2.379932672704,18.6341552920127,5.72095695528711,2.07112843878078
9.50372210821726,6.73594503762041,1.75950085415457,9.73927015265829,6.58359138992923,1.75856637299323,9.71732785974557,6.39914235238607,1.67769382278483,9.18922109431791,6.22543710647252,1.45833264895151,8.69388089242292,6.11059849225992,1.71272260497584,8.39105964697296,5.68867584737088,1.717395510959,8.61101355172639,5.6340532631246,1.79371471247909,10.1100850084976,6.25083441631936,2.06840464534881,10.4475580971118,6.30054359970382,1.9768299156497,10.8145426193392,6.25771096742614,1.94154827084392,10.7800913610686,5.74220976877703,1.80169736447528,11.2376040811144,5.44795324983294,2.14118014880291,11.2580833219279,5.09343581182488,2.19748192699763,11.557469915753,5.12067369827333,2.17459782468865,6.55221764947653,6.16160316482029,1.60062372334791,9.28873840920288,5.45079012808169,1.94280781565326,9.90532688638748,5.27089772305527,2.0739228400374,10.6169955329439,5.11827650454663,2.17713387256889,12.534243980163,5.16719589966079,2.23242334641832,13.4183345479556,5.19451939468871,2.31827262915775,14.3614086774943,5.17556654885234,2.4034536759497,16.7719081548276,5.16679218493967,2.49770708548583,17.7602756630395,5.40875826174778,2.37435746288358,18.6063111767156,5.72407843550635,2.06507389088879
9.49558394752841,6.73225687700105,1.75946730553653,9.72910597749462,6.57775086671273,1.74495065263647,9.70401230991489,6.39826206496168,1.67477389393225,9.15816788751276,6.22645834652048,1.46510303215651,8.66882182038258,6.10882601723402,1.71448328100042,8.36671780856646,5.69922467239588,1.71283131802812,8.58861417975331,5.63375145451865,1.78627467363125,10.1070771708456,6.24785798758473,2.06714878587952,10.4471105399269,6.29925381177969,1.97608932461093,10.8178450619049,6.25720884694486,1.93628136282718,10.7675525764846,5.74030756110459,1.78570468626657,11.2096047558099,5.44784328287801,2.13577149013075,11.2153127642498,5.08988719384673,2.19302147681764,11.5209504025812,5.12181426923001,2.17468410272989,6.52378445230756,6.17243143298205,1.59470540294802,9.27055609089277,5.45162466784409,1.9452187814956,9.87572843272958,5.27933974538592,2.06828717443385,10.5930949151153,5.11737757651903,2.17706344212894,12.4803634590014,5.15611521940942,2.22939101909363,13.3559393663335,5.17364631269803,2.32354033689744,14.357200118573,5.16779832198903,2.40989488896188,16.7137170072391,5.16135188490277,2.4834995025227,17.7564012387066,5.41988587981548,2.36708272925017,18.5753357609239,5.73184780084232,2.05774920331029
9.49549893717764,6.7324955854935,1.76013671352624,9.73122380795397,6.56208026513957,1.76073431988171,9.68456086458393,6.40009482821516,1.67878947405032,9.12388757075024,6.22293636985755,1.46434586131933,8.62999614249297,6.12372782352816,1.7122089853606,8.33213804604941,5.72361412183541,1.71897137907947,8.55064674410963,5.65642133172766,1.77699105202573,10.1053430097166,6.24638046131248,2.0674603508487,10.4454443326015,6.29797276730476,1.97505082125564,10.8178336563982,6.25788134482904,1.9321469496523,10.7604664584216,5.7481203401882,1.76888019443897,11.1898057234998,5.45285286025295,2.13027754613498,11.1920910866086,5.09196480435245,2.19356587989467,11.4867831749557,5.11850188104557,2.17646954062008,6.50200541832002,6.17044981907949,1.61044138453577,9.24775197471953,5.45730666804316,1.94306516459986,9.86952948917761,5.27605090076497,2.05174195356047,10.5763230368856,5.11534892395989,2.17627259181545,12.4508549554335,5.16212104370094,2.22686882490053,13.3075213337235,5.18228159132792,2.3282959436876,14.7144654074979,5.04447207017557,2.48250991919041,16.7398408884341,5.18376472552402,2.48664695404501,17.7171387299537,5.41904233928704,2.36496126391976,18.5434661003218,5.73554803814543,2.05070100306097
9.49671270882328,6.7292903287641,1.75712960799958,9.73332249916052,6.57242795088073,1.76961805305528,9.67440790638453,6.40145266852257,1.67199078093933,9.08665869849438,6.22176976077839,1.46513168831927,8.59138143294166,6.13785848104828,1.7065244567495,8.30436054670717,5.72587806951,1.72182502997012,8.524675154017,5.65978617738256,1.78311120209872,10.1031914721977,6.24673584436826,2.07042186803645,10.442294352814,6.29858899559731,1.97441042134392,10.8216303500798,6.26227547675021,1.93987373112295,10.7457120555368,5.7575946508064,1.75171874051365,11.1691630899668,5.4593761323109,2.13044953425534,11.1671257101271,5.08774851888412,2.19737249041984,11.4513180748218,5.12170797606201,2.17559466405233,6.46999764442572,6.18036534533116,1.60983957581789,9.19227488849301,5.46543332927702,1.94124958667295,9.83327584367326,5.28537897200469,2.05192367882887,10.5208926965955,5.11587451924468,2.17275958106449,12.4397160488117,5.15564755264173,2.22918118000862,13.3357489325315,5.18936324139546,2.31388107087302,15.2142458272667,5.20832251019158,2.42561906813127,16.7280475957494,5.16995401361986,2.48043898897701,17.655131134521,5.40991523796665,2.35772896063993,18.5150828195343,5.74911783866067,2.04340868747992
9.48539936355268,6.74068418863465,1.74523054373487,9.70726157725099,6.56247460897621,1.72850207596948,9.60277592725129,6.38267115930194,1.60887047792406,9.04866470156528,6.21451315522079,1.46927086642247,8.55801143487,6.14163496540738,1.71978320138607,8.28065137590952,5.71541391034969,1.71656374088928,8.488114935188,5.66480122521191,1.79056844945489,10.0999855532463,6.23435055886127,2.05304050930847,10.4388238793326,6.29528151483699,1.97118600879366,10.8232669511775,6.2609538184644,1.93960400106009,10.7324827516063,5.76297987529028,1.74288979380782,11.1455731481102,5.46130262529531,2.12377669822677,11.1311239890558,5.09607956380455,2.1921378270255,11.4190715409928,5.12460388002906,2.1767041297238,6.43982513672217,6.18926345804141,1.60975080963764,9.16327568871501,5.46597986806983,1.93360336947597,9.80468528503254,5.28707332688227,2.05544263196176,10.4904353014286,5.12018876474661,2.17126535804076,12.4148185196843,5.15117833061554,2.23344780216967,13.2927287673402,5.180065684998,2.32508163700465,14.6752591717147,5.04421461275008,2.48753576994384,16.7873916087424,5.20135980385367,2.47632881840655,17.6242764502408,5.42307275450371,2.36885123797397,18.4814749800903,5.75521598978553,2.03695466419908
9.48913120630876,6.76575718814677,1.72892479800105,9.70072654062023,6.55962590423418,1.69494051804063,9.5789870343139,6.39393779174599,1.59703154692317,9.01116344749465,6.2311806160862,1.45289555811652,8.52426225137622,6.14264223684853,1.72403308708835,8.24965172907258,5.70637053448216,1.72427682422104,8.46558996073024,5.65889690991106,1.79506561736175,10.1034706502117,6.23654904695558,2.05760793769051,10.4417532178025,6.29563994539164,1.97067500050758,10.8185343149447,6.26394550551423,1.94419619024133,10.7229787939723,5.77393337360324,1.73931897678573,11.1292171473967,5.46346222512763,2.12083652213525,11.1139992244982,5.10209009854252,2.18706443305916,11.3999175164607,5.12439700399014,2.17886642930157,6.40682049646523,6.19003213318288,1.62635375927627,9.15528941444463,5.4682788719017,1.93276610322696,9.79632551928189,5.29683130807969,2.04993770383997,10.4806593577936,5.13078880016752,2.14824654592553,12.3967855331104,5.15194646078655,2.23249104535131,13.2846106569698,5.17370992638168,2.32379014975798,15.2442929375032,4.92621937277206,2.5530506464404,16.6777257444137,5.1883235786545,2.47601769104498,17.6113462689762,5.42993524634742,2.36319887065135,18.4502560351394,5.76382297059722,2.02897015506693
9.49178376580592,6.74807096559222,1.74702959801398,9.68451107131858,6.54564862335888,1.64898746874752,9.48803232070201,6.38230799861623,1.55652158382315,8.96765163213622,6.23640508320526,1.4505634782659,8.48951013218169,6.14221327705574,1.71489129051274,8.21822511706443,5.71165875981889,1.72759806949415,8.43405384749875,5.66077839839662,1.79294995819444,10.0973745806911,6.24401254218553,2.06942370308849,10.4416645413886,6.29222231292743,1.97415412931154,10.8167359545657,6.25889468681904,1.93935172874536,10.7040077546387,5.77938261027924,1.73548811849145,11.1003727236369,5.45940531728324,2.12122875139375,11.0994968575669,5.10001079093491,2.18738555624428,11.3831439321343,5.12062357419092,2.17737928913998,6.37615474440959,6.18933230044121,1.64706629874055,9.12955537790037,5.47389053561591,1.91687498422649,9.78451255876268,5.29090045742881,2.04909607933597,10.4593010236841,5.14512181596607,2.15129012701745,12.3776226015234,5.15904871824111,2.22974547367212,13.2659285075118,5.17299171846943,2.32139254848215,14.2331405021321,5.18810867016567,2.41134597894564,16.7085087068224,5.20889467839306,2.48097104320723,17.6025838496231,5.44086475814381,2.3556622393986,18.4245431524918,5.76956854642593,2.02814890465213
9.47934212942766,6.74980121098866,1.74099063671147,9.66876666911173,6.53879503149592,1.62880505163927,9.45553919326292,6.4004392923563,1.52430140458662,8.93725661927568,6.23069188688202,1.43571822924328,8.47502182020318,6.13770974689963,1.70900635355746,8.19597482476131,5.71011493732359,1.73199884314457,8.40806979324489,5.65645275555654,1.79409867253265,10.0913386126403,6.24273092065292,2.06453295918879,10.443279162166,6.29160344039748,1.97564774685343,10.8170305153671,6.25572509107974,1.93148554337452,10.6929242054272,5.78397384650323,1.71953714136508,11.07871251498,5.46064230603918,2.11116437748823,11.0729697269347,5.10089694717902,2.1803909745479,11.3590324528964,5.12175069293813,2.17373116334591,6.35189188601696,6.18737030190014,1.65652435983314,9.10843184684241,5.47982029749185,1.92032686678397,9.75949144144373,5.30110304188855,2.04723713307468,10.4304767872335,5.1521413606764,2.15248903770148,12.3627829151994,5.15981634836738,2.22592143974681,13.2597409103472,5.17727407779709,2.32363526932325,14.1890404557973,5.16748532094117,2.39016184293327,16.6923365687922,5.20150675137726,2.47906164357142,17.5911410124649,5.44917088352091,2.34879617228954,18.3972958397694,5.77722355704927,2.02434074118676
9.46890616194743,6.7591480811169,1.74255609603071,9.63516423405095,6.53456294414319,1.60861695681313,9.4164026579287,6.40652455136249,1.50905757304829,8.90427822069246,6.21660618081904,1.41692113795291,8.44702219808223,6.13958003381394,1.71707914015751,8.16889641907347,5.71378315584791,1.74546167281225,8.38554729953795,5.64971760641968,1.79667845634743,10.0888426721056,6.24196180791325,2.06574367397573,10.4419223453971,6.28862751515901,1.97668044076239,10.8152462836836,6.25669618868155,1.92500683411462,10.6822769237592,5.79854788784897,1.7017613896984,11.0471709873101,5.47053315939896,2.10061372076179,11.0455706266987,5.10659892784154,2.17846048221786,11.3285666560009,5.1241664225632,2.16586550845233,6.32975111563015,6.1853217511876,1.67613415927343,9.0834205664267,5.47780588728326,1.9022971863996,9.73481342365692,5.31005878094938,2.02901284384516,10.4090903720919,5.15268913764741,2.14699224501415,12.3187281229606,5.15420596310579,2.21355698816613,13.2048070681222,5.18368040763042,2.3129385568683,14.162883227872,5.16660477179381,2.38743140441739,16.6482979484682,5.20129149757981,2.48883591204097,17.5625428611654,5.44456889138361,2.35075463040245,18.380511682683,5.78434897871334,2.0240605368227
9.45227768305759,6.75785015656374,1.73183431479219,9.60085410336823,6.53524875039802,1.58512803425176,9.35856493287036,6.40549322796102,1.46216118689418,8.88423570652485,6.20392048461148,1.39613657665428,8.42320236051297,6.13716050018149,1.712922818781,8.1506107130552,5.71526430866671,1.74254335098179,8.3646032666573,5.65425518119061,1.80412541663332,10.0877972128227,6.24391581520503,2.07141523823223,10.444783766502,6.28751365953935,1.97800020572307,10.8157022180155,6.25492534589395,1.91895029118548,10.6607667493186,5.81518985158575,1.68796886877464,11.0328233094218,5.47650524569853,2.09364092651021,11.0147565299523,5.11087173210891,2.16851495489502,11.2991406996509,5.13002789617245,2.15556309863409,6.30831869315646,6.18287248461637,1.69526442753992,9.06351803787123,5.47754013416858,1.88521803240601,9.70526327117793,5.31156887922967,2.02146721340248,10.3827420506489,5.15865995507061,2.14012410053816,12.2965031541227,5.15813870083599,2.20848486420343,13.153710178542,5.18295875822063,2.30410772170401,14.5928893172699,5.04502836383863,2.47086181642163,16.6158694809634,5.21194820790214,2.48644320538338,17.5408027960489,5.4500005257558,2.35581201340734,18.3586084124548,5.7859225793831,2.02096760495254
9.46256921535564,6.79230552130244,1.71073369074525,9.56946423822084,6.53847741261405,1.54728322922317,9.33274871087847,6.4103438800416,1.43684953809267,8.84984200664592,6.19980921878503,1.37805304354407,8.39057242086774,6.14676252873276,1.70210064730021,8.12517251175385,5.70427492125909,1.72393564654556,8.34093525516137,5.64550225218164,1.80091645409491,10.0845056081372,6.24663005079862,2.07477381642706,10.4450221660893,6.28686315423855,1.97800216184514,10.8148193942826,6.25683610916257,1.91326047135873,10.6443492618148,5.81748682350938,1.6773341949468,11.011263450618,5.48301237743255,2.08760452788554,10.981172696036,5.10952238104872,2.1607293085011,11.2700722102511,5.12962753608101,2.15148003057123,6.28336675150987,6.18423511180416,1.70087245922795,9.04048846223344,5.46969828889903,1.87323918009164,9.67660534469185,5.31880260788744,2.0208269924777,10.3543221298064,5.16473967477704,2.11890088277063,12.2653977685,5.15429604192211,2.20590270554739,13.1401865011855,5.18976728931816,2.29456596733399,15.0802482003423,5.18447226365152,2.45386725133622,16.583791538298,5.21345491441029,2.48237585551392,17.5041318435035,5.44730812954163,2.35654685810564,18.3388570211704,5.78939612396961,2.01433632289411
9.51264040374124,6.78407204071019,1.69466115819722,9.54960371773364,6.53996924017941,1.5198258483957,9.29328948051937,6.4274045355376,1.40094402298042,8.82662376525157,6.20475230786065,1.36188917101572,8.3636308344928,6.15027886767382,1.69736705306333,8.10500714219503,5.70544448101953,1.72156669077444,8.32177402489381,5.65028056559763,1.79427384814858,10.0847870251609,6.25089934590852,2.08109515862206,10.4487661596885,6.28742714035581,1.97656617622832,10.8169996593557,6.25603238019716,1.90868547535752,10.6343245869765,5.83359882583349,1.67672426673808,10.9921169204441,5.49016950872692,2.08262621389572,10.9546360718009,5.11966177446526,2.14768458142365,11.2544947158155,5.13219295867416,2.1449951294781,6.25706394546259,6.17683862177807,1.70381291002115,9.00779582354993,5.47895260533978,1.86868359941909,9.65694689966696,5.32987157546522,2.00867817696011,10.3365783473365,5.17599513436552,2.09711227265963,12.247265146344,5.15132841222556,2.1950400904733,13.1252304010039,5.19140055044172,2.28987172741437,14.1225213987469,5.18817212812972,2.39086501285737,16.5795966993596,5.21601976587889,2.48130919548308,17.5017019633771,5.44599488714876,2.3424466394275,18.3149415375347,5.79661347075734,2.01090462484132
9.57977116340289,6.74342793426617,1.63423278067322,9.49931589868231,6.52491711804522,1.43827122930215,9.24709926433809,6.42178426181667,1.35951970728144,8.79206118817159,6.18419784897089,1.3245903957901,8.33019968057275,6.14773517638304,1.69058541142215,8.08631491207632,5.70029097990857,1.72540197511127,8.30097147345836,5.65637811297069,1.79030221535612,10.0846674129022,6.25387371712644,2.08632964660915,10.4471120563016,6.286893868927,1.97769608238983,10.8158577417983,6.25832961590983,1.91067207235342,10.6284162331346,5.83287066136454,1.67149181558065,10.9773737400355,5.49792585059603,2.08273110957892,10.9483995301124,5.11838586901147,2.14849852045623,11.2339383361176,5.13952059341221,2.13819457717754,6.23342166255052,6.17032182865406,1.7134704847397,8.9870511828795,5.48469458728136,1.8659114897616,9.62688183152919,5.33727573404274,1.99621005591503,10.309883500029,5.17869490558331,2.08975577378288,12.2353537052706,5.15585598298531,2.19092415539013,13.0994061368514,5.18636337976642,2.2955826042685,14.614077751267,5.34700867817944,2.37502725946739,16.5143034349396,5.16429064421785,2.4744034983362,17.4900951157086,5.44417283923188,2.33685792045289,18.2981577268675,5.79734562470561,2.01250281609394
9.61978565343766,6.75375145821034,1.57308387006887,9.45815181288124,6.57422134342041,1.366720031143,9.19350391435825,6.45357957790723,1.3019275080797,8.76352858549675,6.18011442416872,1.3033370646953,8.30072290584283,6.15505126231498,1.6905573013594,8.05714090560627,5.70364915784922,1.72819225529883,8.27910564318097,5.6654173844052,1.78740355709041,10.083517555997,6.24021372751219,2.05881197851185,10.4438641030152,6.28441184580008,1.97869890644869,10.8157583471152,6.24710844404674,1.91759103921433,10.624690866528,5.83664659215237,1.6610425608887,10.9668878767035,5.48909154034028,2.07702404037104,10.9359642169094,5.12108148887833,2.1452276204108,11.213305400104,5.14384543831781,2.13959625003326,6.21032362363171,6.16473143879708,1.71833188138619,8.96987581556151,5.48990191457623,1.85008287749807,9.61504063499445,5.35306784807687,1.97925359354529,10.2972671019249,5.18110985333795,2.08110282804518,12.2129147718787,5.15421458427284,2.19266022686073,13.0786949444425,5.19013205418175,2.28886775400681,14.0301920935836,5.17833807954325,2.38117600577838,16.6183701972579,5.21128691144635,2.47935246236245,17.4605685301572,5.44373146647757,2.35347674527329,18.28340271358,5.79738084050278,2.01775428697672
9.54993101306079,6.73973259427753,1.53669541695304,9.37945239673956,6.62020747757604,1.3042504654737,9.1213037023608,6.47253302830316,1.2563979923135,8.71499315568116,6.19043751761116,1.30151399135294,8.27334448146421,6.1462190887014,1.69426288322473,8.02565275196118,5.70736677093494,1.72627533885034,8.24017123983907,5.66324280722413,1.78227353464071,10.0882285568716,6.24551928214196,2.05989664329113,10.4401191328289,6.28894990535275,1.97861446327104,10.8118691203145,6.25101667421171,1.91332483729172,10.6096742227685,5.83999411959717,1.65955003766992,10.9619822011563,5.49425555172862,2.07519694013558,10.9277422960354,5.1328135541159,2.1399134356937,11.2032467272662,5.1512150562244,2.13927496606426,6.18930319123155,6.1589896712756,1.71924317173958,8.93573654543582,5.49041715645945,1.84481767708908,9.59220788937033,5.35936084175753,1.97418858857951,10.2764733160926,5.18916760384608,2.07729474743831,12.1921673118695,5.17007693705004,2.18890097813504,13.070243898152,5.18760041577854,2.28576233556322,14.6615569528799,5.3878008084007,2.36054098159166,16.5300688370851,5.21335350369298,2.47854251902141,17.4462715058831,5.44535082768856,2.35613343678472,18.2677452972419,5.79465269237252,2.01867195190277
9.53735475450578,6.77196519670647,1.50348858561441,9.32472401453505,6.64919214952812,1.24689690637242,9.05330546560362,6.48792995392445,1.21867858508893,8.65318795677185,6.19390661068684,1.3051497009467,8.23725782964697,6.15195826819799,1.69427657364492,8.00615490724627,5.71339808992723,1.73339316283191,8.22120535284029,5.66462163466066,1.7790989801055,10.0798431662215,6.25211113566646,2.06814805609387,10.4392655520933,6.28955657427773,1.97543725560993,10.8110503716509,6.24964983737794,1.91175137777617,10.6022039792684,5.83348325692771,1.65670129118847,10.9485984862572,5.50012656710546,2.0775018104071,10.9106938561317,5.14469749289829,2.13377076158678,11.1878176657461,5.15650643911416,2.13745514155588,6.17004105001673,6.15845327568546,1.71864646197566,8.91472035421838,5.48583969180224,1.83219972145104,9.56562945786076,5.33975330015623,1.93580917458757,10.2630635137805,5.19486304806473,2.07787398216958,12.1797338469311,5.17855072113745,2.19420600229004,13.0556001905089,5.19029360152768,2.286731541667,15.0075798723797,5.20626367380947,2.44954488286915,16.5973170174597,5.23443160190905,2.48065474904414,17.440368300566,5.44402255275069,2.35767443469757,18.2533189492918,5.78708584835596,2.02279522259384
9.55941440404256,6.72957827833233,1.24675802349315,9.25523066869627,6.65883758689509,1.1445416394111,8.99198372348408,6.51110119957118,1.14320100776633,8.61598003038054,6.18594933579555,1.28347584665688,8.20898326937524,6.15539391148364,1.69289638119173,7.99504612890493,5.71385753257302,1.72772746644189,8.21026729819343,5.66580627932713,1.76989009960969,10.0767474981441,6.25004610196874,2.06571548605319,10.4373437396728,6.29172677036913,1.97423576567691,10.808963072029,6.25394019372503,1.91454034936155,10.5950611319773,5.83803368229152,1.65651978797648,10.9435859721195,5.50740677890355,2.08084066259058,10.8983747154917,5.15120169158484,2.13330476464606,11.1784183259227,5.16448966797575,2.13776353246781,6.15131848281153,6.15590073291272,1.72335488715591,8.90040766009808,5.48422388049486,1.82662446845477,9.55743254213674,5.34436587360598,1.93045709303456,10.2629010484823,5.20414009315913,2.06247630712935,12.1650993449848,5.1807942148512,2.19545595424409,13.0208979484052,5.19520348897837,2.28874498348394,15.0017998627889,5.20866314585546,2.44852081697118,16.4299313009214,5.18311632230839,2.48233518297401,17.4029215691221,5.44241215079492,2.35801349162775,18.2351929379122,5.78089409794168,2.02712725915144
9.48628643337165,6.74708450243356,1.17626566412676,9.17519528447842,6.66124822954045,1.06271013337523,8.89688954150965,6.51923529776474,1.09596997498627,8.57680108914525,6.199751349154,1.3067481087567,8.1952197921177,6.15863239732723,1.68304282888387,7.98568973568341,5.71186978143963,1.72964462813305,8.20111763377263,5.66584497077415,1.77312983921918,10.0775706258757,6.25194241727598,2.06659004822326,10.4350678691073,6.29620694271019,1.97424060207342,10.8074303552598,6.25561979591873,1.91275789675864,10.5917903007816,5.84309534123393,1.65892990817572,10.9397502403804,5.51809528555547,2.08506642393309,10.8904850732009,5.16338845629553,2.13021801180872,11.1823041393749,5.17025228449609,2.13702726630657,6.13206500893779,6.15376610646978,1.71961794973391,8.87824535184923,5.5022297335048,1.82996446345122,9.57331573749472,5.37276795104929,1.96346847620727,10.2618858930274,5.22755299760467,2.04444064875545,12.1750267885139,5.17953343580752,2.19837994337436,13.0183144716719,5.19977645421716,2.28995433275169,14.4882018571365,5.05945365078998,2.47558962495803,16.5747329838289,5.24472146413618,2.48586421062791,17.3924491849944,5.44524242832242,2.36110164569423,18.2214193193802,5.7746274601859,2.02829777934257
8.76848180223346,6.3753333063221,1.40299314660443,9.10871559167235,6.69452836311834,0.962875282388117,8.83556201416435,6.52998267526453,1.02415832159238,8.55378306381177,6.17123010768498,1.24933079410149,8.16877838216217,6.14859615999714,1.67374131436847,7.95991130724125,5.70392257566104,1.73027767976282,8.17671849973039,5.66486370254058,1.77766134307079,10.0825643927864,6.25413598927363,2.06815627788346,10.4340839385684,6.29586305644356,1.97436892156591,10.8054478131047,6.25591629344787,1.91839174091273,10.5907420847685,5.85910227548843,1.65522039470964,10.9204393256689,5.52338644116925,2.08524224584293,10.8729845145747,5.1721997072461,2.13211999933365,11.1685583511326,5.17678495948425,2.14390864128926,6.1116071531191,6.1569626603286,1.71282143586505,8.85772141488124,5.51867287107877,1.86040636156902,9.55356350973702,5.38103048685854,1.96553353368439,10.2536972494369,5.23568225392574,2.0505358877643,12.1594230163585,5.18335676990865,2.19883429633452,13.0108411349421,5.20370168099261,2.29125115610313,14.4453024475813,5.04210894423353,2.45783086470431,16.383842523078,5.18311400793621,2.49048750885032,17.3903249373887,5.42951150838834,2.3605025717815,18.2086068135102,5.76307952388812,2.02874541204993
9.33150713007744,6.83116525115023,1.04012651732225,9.04266328124686,6.73402900438947,0.901807019240388,8.76868297593235,6.55418925883816,0.973852670318394,8.50113315244618,6.18400833985946,1.25356316562924,8.13940879037492,6.14464551312887,1.659424686445,7.94197424260049,5.71027945484773,1.71934619593351,8.16181863557588,5.66390642171476,1.76971562883922,10.0813899899476,6.25346415039817,2.06779409780116,10.4284652138472,6.29542956238298,1.97400488290987,10.8000815594314,6.25436275258169,1.91597699698559,10.5802940233365,5.85931981921102,1.64763384882742,10.907243834564,5.52937783198287,2.08589675314547,10.8584254599728,5.17529855978849,2.12375157807067,11.1571904286141,5.18048795843509,2.145073215427,6.08780577121004,6.15632906017582,1.7058494829721,8.83336974294787,5.51663799309079,1.85108041401837,9.54016828601874,5.38645985083847,1.94633112101522,10.2360842049148,5.25331653303083,2.05385793745792,12.1363956403256,5.18559931776641,2.19318923276639,12.9626397701382,5.20378675017044,2.2925669361936,14.4387713446029,5.04435419030512,2.4583572320003,16.4252609929085,5.20128474955496,2.4879354584073,17.362210584755,5.42561051399278,2.36144647308679,18.1929064396694,5.7492245165141,2.03555165993713
9.21723384016262,6.79094749209739,0.895237329515602,8.94298877601204,6.75200321646896,0.830361056774594,8.67593076406189,6.56357489018824,0.927620896182401,8.44995977077102,6.17252950304579,1.24114672919719,8.11128344768071,6.14054846332547,1.65280056583916,7.92194033471963,5.70948583000937,1.71737779465242,8.13638716789944,5.66558333840446,1.76488629904483,10.0806395491424,6.25584722732811,2.06940579523472,10.4247645236527,6.29650985287904,1.97139747699607,10.7982959553398,6.25388807547142,1.91111672754184,10.5694130090243,5.85883785707371,1.65037708011075,10.8889311372495,5.53380485348892,2.0894287631638,10.8382430639239,5.17838185633392,2.12718317781823,11.1363419778839,5.18567963343023,2.14361889144989,6.06315608774688,6.1548968191506,1.70154994633751,8.80881943341586,5.52128581261111,1.8489414276039,9.52039283301178,5.39690694747755,1.94122342233765,10.2115986847107,5.2558486117915,2.04881159890563,12.1008785847596,5.1831799522176,2.19823594126766,12.9435176312767,5.20591536814619,2.29046608247669,14.3788351836452,5.05639478555364,2.45997585745192,16.4821117425458,5.21986294800511,2.47551373910823,17.3640357093173,5.43153991215983,2.35885516824933,18.1769906086116,5.74072659311513,2.03341269961668
9.13323547792574,6.85172365609385,0.811649323751836,8.86352048760786,6.77531913548693,0.760224392815022,8.60979575650624,6.57535917533649,0.898801775379375,8.41634808370641,6.17834455512144,1.23122668682915,8.08827701290163,6.14225178720818,1.658192257051,7.89640783620584,5.71048092885889,1.71811827432475,8.11423617977472,5.67599270554582,1.75816169734135,10.0806645567488,6.25726539796091,2.07077975703399,10.4218841882307,6.29808220917201,1.96879422616232,10.7958973074266,6.258191220516,1.90792975450784,10.5641991249559,5.8656236834069,1.65136118157542,10.8704055059816,5.54614006424335,2.09040582135833,10.8133501709352,5.18755412848396,2.12565974265355,11.1124817917589,5.18757923594605,2.14730923814685,6.03644256083095,6.14274688530794,1.70144860448868,8.77863885394166,5.5301833429786,1.84158453426421,9.50046515135558,5.4206123834986,1.94504277154411,10.191386821894,5.26416647460441,2.04648133229422,12.0768470541977,5.18177722755909,2.20017711337496,12.9100406800442,5.2097348552569,2.29529048969761,13.89626909035,5.21955276017661,2.3761811674987,16.4384380753326,5.20602166210812,2.4779014948246,17.3509619274067,5.42448907585316,2.34892303870895,18.1605636317099,5.7379870477342,2.02949606807171
9.00103969199095,6.90053033356516,0.765292997713296,8.74408818133521,6.82678508058085,0.734749102106675,8.50967538251832,6.58272487027863,0.886566379427475,8.36552860854351,6.18476076570514,1.22011186352269,8.04842450324148,6.14849828222227,1.66115180904604,7.86706532847461,5.70748397074683,1.71975546114923,8.08736387059715,5.68248631363697,1.76276375087524,10.0778185891774,6.2558451714315,2.07153944183013,10.4188253840344,6.29637297159885,1.96754501717519,10.7931961514583,6.2569781936701,1.90347527245408,10.5554652533814,5.86674660517998,1.63284981423218,10.8497192481546,5.55293190407837,2.08745178413259,10.7892810200459,5.19817866551833,2.12426203278823,11.0937496219344,5.1974181924562,2.14394393747114,6.01133201355001,6.14057638968602,1.68732389577764,8.75261888049312,5.54192183545959,1.84039548799061,9.46342044803043,5.42737895581659,1.94410959045689,10.1695594090116,5.27674684639585,2.04975991154529,12.0617386936797,5.17704080475979,2.20654538579883,12.8894275012012,5.20842215808614,2.30128231265153,13.8805981288132,5.22651867062714,2.37611148827367,16.5015088336658,5.22153108462433,2.47345603797854,17.3382012546203,5.42527138944223,2.35837414583515,18.1446615890992,5.73685628101556,2.02811221335794
8.90282069880904,6.93807626532953,0.688137138092252,8.61533576799921,6.86543448630422,0.697878049466937,8.4283470208451,6.62234179136105,0.83445031085528,8.31863489635425,6.21042167962629,1.20892238029298,8.02477836567065,6.15037555453178,1.66113365935411,7.84893022750214,5.70498360349637,1.71396848779885,8.06728763085031,5.68203198528038,1.75679400240311,10.0755799411789,6.25864180745451,2.07365773359862,10.4159897205534,6.30008820419105,1.96664305270951,10.7915842589181,6.25976442017808,1.90656804513451,10.5428016006783,5.87274523852019,1.62904828385128,10.8250690367612,5.54646190405504,2.07041516266385,10.7712414572188,5.1957406596596,2.12777834268669,11.0729940206168,5.19639301738985,2.14319139311738,5.990389452332,6.1399630910752,1.67793132218383,8.73546451737693,5.53455187122494,1.81897657752932,9.44580206015092,5.43260648301706,1.93596333835229,10.1535777083761,5.27978198910285,2.05371098191071,12.0305450129305,5.17536396023937,2.21479460140594,12.8655961154741,5.20841525294949,2.30060404106719,14.3875608696636,5.38720686113069,2.3524614541827,16.3347970423709,5.1726452378243,2.47582501313127,17.3078917384992,5.42225069613386,2.3606570991149,18.1208126677454,5.7344254210202,2.03344838963238
8.76886139379189,7.00551744900872,0.631178112278131,8.49777968769615,6.90023867792947,0.639883461212645,8.35009905924356,6.65630307435533,0.831596076534514,8.28819057710252,6.20866256908541,1.18601197879542,7.98917415553285,6.15527526023157,1.65145838891962,7.82149642383947,5.71123800918311,1.71565409792054,8.04006621145756,5.6773906591429,1.74249147822096,10.075323092074,6.25764794658647,2.07368906724024,10.4125339693944,6.3034028372889,1.96662205426048,10.7894737232497,6.25949826636097,1.90331476071519,10.5292109578904,5.87224728364151,1.63035532089007,10.8059350329937,5.55223585052961,2.07278070010305,10.750599658982,5.20368343868925,2.12013157730405,11.0513891181762,5.19646420238153,2.13840814554734,5.97006868807802,6.1322759556824,1.68243815181646,8.72289127135913,5.54658269997269,1.82644725360897,9.43140779291268,5.43945869717932,1.92617812193487,10.1327543700678,5.29628974422419,2.04432861506768,12.0120627367282,5.17047598672905,2.21983717084055,12.8493237089977,5.20662670551682,2.30409172844107,13.8138235240987,5.19920182810643,2.37205396463393,16.4373148578401,5.2204833748921,2.47830560519361,17.2777873695079,5.41523308806855,2.34661303979089,18.1007877406034,5.7299533073545,2.03229161761568
8.63875280945697,7.04649099901908,0.564403169635362,8.37339637225312,6.95025050902777,0.621483006358209,8.24187704179836,6.68362453086132,0.808591204780383,8.24547031377976,6.22973869029037,1.15937200554,7.95912476129588,6.15087204919703,1.6410511651869,7.79938860768029,5.70708950099017,1.71960935974342,8.01136559920157,5.67435170214351,1.75185532286977,10.0777951920542,6.25827778335177,2.07427333210423,10.4152173984793,6.30502921100229,1.96760500129186,10.7917305294086,6.25566943645655,1.8957391770273,10.5183130736018,5.87827974361257,1.63040714739035,10.7805575266077,5.55353492141457,2.07941091142755,10.7321740110165,5.20795068247591,2.11649092589736,11.0328197027339,5.19754572170503,2.13578322842368,5.94640535931918,6.12564299126306,1.68278832709277,8.70525503551247,5.55566790614977,1.82886719076815,9.41531320191002,5.44453975685311,1.92618707323871,10.1082205014893,5.30073179835386,2.0435159367801,12.0024702066991,5.18030917571931,2.21819860785728,12.8444802690644,5.20661314975326,2.30270612914879,13.8030959008638,5.20071002581995,2.37670080085754,16.427500834375,5.22795241215066,2.48297009117335,17.2635387478822,5.42414452641155,2.36299300452916,18.0743874722152,5.72799923789553,2.03365744946285
8.49259054069788,7.08843770058515,0.547296863494105,8.23355381809916,6.97379703906186,0.599258368648153,8.14345065405472,6.701337767704,0.795763961654055,8.1950850345582,6.25221037112565,1.12730867203797,7.92547274832955,6.16007048527427,1.64419436596762,7.77422285128777,5.69607390712963,1.71912832214506,7.99515374526179,5.67022673033744,1.75134086087222,10.0785400567268,6.25968669445899,2.07366063079664,10.4132800125837,6.30598783802964,1.96769150083426,10.7893060343775,6.25326932420608,1.88910370640417,10.5060195400214,5.88382620043977,1.62751130074123,10.7667046937743,5.56151877727045,2.07542552113215,10.7218479275649,5.21276045916177,2.11383196760736,11.0028638856582,5.19940080167059,2.12206480069593,5.91598454543238,6.12047878027409,1.68163960365281,8.69510416920573,5.56874869148059,1.83380113527727,9.4059766332171,5.45481397995436,1.92538021411507,10.0987480150562,5.31671372425843,2.03829983823087,11.9959464519368,5.18165672482088,2.22097801739964,12.8169245144939,5.20857819006373,2.30804528306199,14.8337927304244,4.93427506355495,2.529766636397,16.3119984138115,5.18109337160579,2.48312748632094,17.2474232547141,5.42303217779377,2.35666214314888,18.0495279803175,5.73026394330175,2.03540969627233
8.33711877196667,7.15269965806355,0.514803552085872,8.10342211650338,7.02312118368408,0.585757539741854,8.0420110682461,6.71117589684137,0.794122230092585,8.13886884426416,6.27274413087289,1.10821274546989,7.88838541619202,6.16725611989323,1.6396813912894,7.7611432589789,5.70769366034495,1.70931628124616,7.97932344839408,5.67772361838156,1.7482446589856,10.0761435648802,6.25468295967698,2.07108621802258,10.4072001720044,6.30261696655825,1.96558180545646,10.7843671563008,6.25286281898788,1.88196034476713,10.500865002101,5.88195876902105,1.6256973279332,10.7490258792168,5.56508779195996,2.0729521850767,10.6903546384969,5.21907929358114,2.10859721970903,10.9918589773389,5.21210548430772,2.12314372655015,5.88841852213831,6.11160396461898,1.67904494231445,8.67460925205019,5.58356514663656,1.81815727031283,9.3794861133324,5.46521393706898,1.93340270451126,10.0640797693152,5.32489124126269,2.02172685560008,11.9608371521956,5.18255822878752,2.22723788636044,12.7886137651908,5.20552443569278,2.31379435347307,14.8156101911204,4.93894528821321,2.53206789374932,16.4560794364033,5.23536027915148,2.4763263976055,17.2361282810107,5.42878002682158,2.35500492991258,18.0260742190465,5.73445914892564,2.04124837671507
8.15084125789775,7.22934126696245,0.52496488515624,7.94536019515384,7.07930568521163,0.597903152670829,7.92507038848453,6.7448073317157,0.801250698458005,8.07698657230889,6.29891636251178,1.12840195460765,7.85518507176217,6.17225160446641,1.6502106459675,7.74124377051853,5.69794903241879,1.71002826012762,7.95984975631025,5.67554167430583,1.74999873425877,10.0724440644534,6.25296152837361,2.06819067984193,10.399291422709,6.30006693097134,1.96329240812536,10.7835835720206,6.25281828341833,1.88100432558625,10.4919519735269,5.88882899324145,1.62324011035091,10.7325302773869,5.56664968665375,2.07844897995676,10.6656330480867,5.22281803227376,2.10693028720048,10.9685689497033,5.20940246888595,2.13099424115186,5.86064735334574,6.09009525156645,1.68797634078312,8.62566090425135,5.578503406388,1.81957269974464,9.34363578513959,5.47403290137732,1.93182109749592,10.0349618725044,5.33548060098651,2.01398914604503,11.9355083888543,5.17596398568052,2.23324103180204,12.76942363352,5.20597862176133,2.31184691141394,14.155554299504,5.07679805501108,2.45057636707883,16.3568677932313,5.21460644128091,2.46942049603381,17.2030968599085,5.42850688351158,2.34686100849635,18.0085400578507,5.73513005998921,2.04067848551866
7.91730651447557,7.28850915427269,0.581424613841212,7.76796451036515,7.08196015739604,0.596966847523794,7.81108111434397,6.76222454054721,0.818844436933461,8.02845332228008,6.36057310236988,1.13705757925342,7.83186588443914,6.18440687990997,1.64843655901542,7.72516054188192,5.69201004667852,1.70540684783958,7.93940040324739,5.68272798838295,1.75044239117749,10.0676782131151,6.25160761954585,2.06606812453521,10.3954495369302,6.30299877725948,1.96292181233939,10.7804911180768,6.25671870820549,1.88518465611244,10.4816637279332,5.89408818690253,1.6244554466403,10.711230847899,5.56655930652275,2.08264404934215,10.6362140493597,5.21875811731807,2.10952557969663,10.9361422550422,5.20051022936518,2.14112918403453,5.83224538868497,6.09333655917941,1.69637077404437,8.61241301219425,5.58992145291948,1.84005712031176,9.32139093289195,5.48404728315996,1.92953240692394,10.0029317053339,5.34004615709609,2.00774291491761,11.9062880705211,5.17159692954127,2.23446315023127,12.7381410426812,5.20248541597468,2.31549987363363,14.2438940078525,5.38429940334313,2.34152675921291,16.3476619130535,5.24722686792563,2.47602679729524,17.1999310000689,5.43722775559139,2.34481977969333,17.9840468592156,5.739069695241,2.03350320463355
7.76666977549748,7.31721701805875,0.560164624539065,7.62183230336965,7.05970587465776,0.608460763462085,7.69266381690605,6.78424026937883,0.816720759086766,7.98600885601277,6.40426112814889,1.1510018853032,7.79430829988099,6.18696380684989,1.65425962648363,7.70379052308337,5.69998482999292,1.71916239065584,7.91492904838865,5.69937623551694,1.76467480164668,10.0656470156269,6.25302026795241,2.06550148218432,10.3970375661167,6.3094197539096,1.96397062996965,10.7814699328502,6.2633949051719,1.89255734688109,10.4806274868842,5.90336944990166,1.62389584561697,10.6912881728027,5.57465419747869,2.08309566384815,10.6115445311475,5.22452559493727,2.1124907086805,10.9123169231327,5.20127131823488,2.14115638029866,5.81008743276209,6.08743505093348,1.69631238153896,8.59583074834277,5.59634446563518,1.84128851070838,9.3044468690495,5.48573913119797,1.91380891775434,9.98097220446684,5.35412060917185,2.01865182561715,11.883775108796,5.17173543355052,2.23625601897682,12.7053771241442,5.20353995759869,2.3144929348547,14.2245748892942,5.39177953998797,2.33900746745647,16.3176709098299,5.24100097184289,2.46250036017238,17.1745833968567,5.44442354519788,2.32783793048959,17.9569965267605,5.74629887554491,2.02595377515467
7.64601101086901,7.41660628655722,0.70316952698055,7.48583787696224,7.0486269015118,0.65179032420905,7.58651828051732,6.79348023086961,0.84038633202749,7.90693808339877,6.41183143312633,1.14792109770314,7.75304218268595,6.18687896454772,1.66247051979516,7.67595445270049,5.69052838644298,1.70955439176723,7.88797557472413,5.6980187712265,1.76659757430647,10.0660197762323,6.25242733297753,2.06704104764648,10.3965244739453,6.31082796030853,1.96302666527566,10.7796602513038,6.27407291989969,1.90278730693915,10.4796246195606,5.92303303225658,1.62879176027936,10.6712459005634,5.58852719485136,2.07946138202196,10.5840386908013,5.23475242030434,2.11286432518397,10.8867958605336,5.21686667905687,2.13991795353506,5.79005666513956,6.07947661445068,1.70239160384396,8.5764833866221,5.60222072869499,1.83801107476213,9.28126459567752,5.49959378093154,1.90480481275161,9.97269222384857,5.35040073476333,2.02267043403328,11.8542951006574,5.16912403620605,2.24332172346564,12.6806269056779,5.19859730559994,2.31518460163126,14.2316517586427,5.39575264880122,2.33856587282243,16.2330839794106,5.21176951602466,2.46672709647607,17.1654086307874,5.4519198611238,2.32338743962931,17.9324791750053,5.75301888766684,2.01762828049703
7.34765100371788,7.30855767136353,0.585138084946207,7.32986301242437,7.03602572542433,0.706799952633758,7.46270147641643,6.78994249818327,0.866438722646747,7.82660919025412,6.4628700051298,1.1561967104847,7.70554088252087,6.19140842927385,1.67787046668777,7.61943717305377,5.68645926242583,1.71958104032892,7.84179288757961,5.69177744515388,1.7703945690533,10.0636895099093,6.2520821341854,2.06548112189292,10.3942539056537,6.31019858704192,1.9645106652835,10.7804156500472,6.27950166655863,1.90909329960712,10.469962680643,5.92798400580237,1.6283555126886,10.6501360437331,5.59859797002559,2.06826815097449,10.5577896160683,5.25587142606872,2.10166575286262,10.8595931342115,5.22414341546879,2.13491643087712,5.76799356779042,6.07676115269169,1.7076988981977,8.53337346839156,5.60533574603334,1.84177473407709,9.24577041624161,5.50206775453758,1.9045986346438,9.93175725528047,5.35178213457187,2.02161122357762,11.8490988267133,5.17534019357902,2.24189494304742,12.6896882767703,5.19915914114649,2.31995177248676,14.6446961036086,5.2376439441894,2.42300541349092,16.2181310980208,5.22501761998008,2.46098969931332,17.1050839903338,5.44189524421942,2.32582699539832,17.9133836027353,5.76169072974499,2.01435377424968
7.13384729200516,7.33499947932303,0.720678490485089,7.16640137771885,7.04275931871435,0.819300548469756,7.3320288887918,6.78543820331163,0.900674846039124,7.76469829041421,6.48781242548322,1.14758210678502,7.6869147291841,6.18721917078894,1.67429474712623,7.61074869018935,5.69825650814825,1.74544158067167,7.83515406949983,5.69869034787036,1.78463582165574,10.0618876413692,6.24874795684889,2.06142324425784,10.394189688161,6.30961989900741,1.96421314554726,10.7797686963347,6.28117250116872,1.90682679445916,10.4666840822681,5.93173444189173,1.62203844220762,10.6346690452887,5.60148666581355,2.07261918655566,10.5371236469595,5.26336667006604,2.09537623551654,10.8379927976557,5.23301972405704,2.13186484617049,5.74456395257462,6.07104777255324,1.71304615740277,8.53824786282895,5.6197664265979,1.8337653250024,9.23945221284829,5.50994647419573,1.89733079321483,9.91936728708677,5.35422397694257,2.0027449734908,11.8339228005768,5.16009536461057,2.24694981491164,12.6561922153106,5.18587931840962,2.3245943573706,14.6169627496229,5.24132301612338,2.42830900728092,16.2333228417,5.23108715828538,2.46137537673672,17.0889768684983,5.44462489517886,2.31908536521447,17.8908744447369,5.76513898740648,2.01373956927362
6.9628457120427,7.3176637021114,0.762265312452646,7.02905307479463,7.01708870424811,0.871430275877337,7.22579892498274,6.80580123842821,0.935011158961142,7.69612930355387,6.51079942754077,1.14519099761166,7.65739806060625,6.20285320937565,1.67935376660648,7.5872662825058,5.69086969576063,1.74216737445803,7.81698244533677,5.69928806321971,1.79135749981801,10.0633110028121,6.2489644613034,2.06241662435389,10.3981111959161,6.31175998846862,1.96504194727162,10.7796069650527,6.28061708562024,1.9058027244523,10.4639053027927,5.93303935649972,1.61686932614994,10.6168690511046,5.60042027622043,2.07122904627581,10.5227259207951,5.26404867592452,2.09406486435379,10.8144129250438,5.23302478042386,2.13005989374459,5.71974801080031,6.06667205827276,1.71917244389969,8.52439299287219,5.62107311089119,1.83159199063754,9.22950092050817,5.51848398214554,1.90064886230935,9.90404126007364,5.35477705354688,1.99939884680795,11.8547238274958,5.17932620337866,2.25048978283695,12.7115720970783,5.20129130798325,2.31556135787237,14.0751909413694,5.08635665418304,2.46645510302336,16.1179434928201,5.20441239348939,2.46045558948164,17.0669662682704,5.44976910578347,2.32425361803458,17.8654830299425,5.76553542336256,2.00825205890942
6.7793056187617,7.28160369464968,0.839905309563411,6.91604678759193,7.00832653546639,0.89905328815887,7.13099919881884,6.82102500041966,0.968383602980159,7.61648526944336,6.54798054144176,1.14479448316959,7.63478169012371,6.19895584461714,1.67760644724975,7.59154743372367,5.69826692805366,1.75084551135763,7.79692269856335,5.68721776180551,1.77548836688793,10.0658592600394,6.2523657879161,2.06365582757375,10.3989699912859,6.31378826526782,1.96717689680158,10.7792776114825,6.28250218373432,1.9081329661743,10.4633068058776,5.93342477207309,1.6085566964044,10.6020512015414,5.59729321717826,2.06743599657689,10.5083774176058,5.26073384043722,2.08366288685652,10.7985478108113,5.2258944517766,2.12307881198682,5.70513615519473,6.06166246177836,1.72702030824425,8.50415488179039,5.62452585787168,1.82250044178718,9.21500393976816,5.52504820403491,1.89292532551658,9.88796262269734,5.35869105929204,1.99130386382768,11.8097731117202,5.17423248757243,2.25397711836248,12.673780357115,5.1932863052771,2.31381065796275,14.0227539912833,5.07327120591676,2.45161600800874,16.1241801551697,5.21190681297884,2.46546335684513,17.033099448202,5.44971887595688,2.32629874606429,17.84584482884,5.76741568621305,2.00585513294749
6.62985910404308,7.19975823667809,0.892477711897027,6.80996239384564,6.97414852304994,0.931542162897086,7.03460231086134,6.83121591003831,1.01180038235587,7.53836454808211,6.56058414961396,1.17454196046569,7.61075945954823,6.20917463273495,1.68495061014026,7.55657819882556,5.69959834697387,1.76549497707553,7.77952099795655,5.70462345128979,1.79417084900079,10.0651673100391,6.25460097688607,2.06804618596596,10.4001001680584,6.31308829295923,1.9710048741587,10.7796127055659,6.28517413577589,1.91250444188128,10.470747597328,5.93839772657646,1.60397935973427,10.5846284962691,5.59367562298574,2.06575698394153,10.4839524867472,5.26179002615765,2.07443759162645,10.7719000008212,5.21801255643828,2.11098086814153,5.68586626320006,6.06044889233132,1.73713684905749,8.47668864006347,5.62166438768268,1.81640791918776,9.19713156959242,5.52998201830916,1.88656698968533,9.86692999616713,5.36028500618981,1.98584097347419,11.7793443429993,5.16894017476699,2.250593251216,12.6530984312503,5.19126833478375,2.32070022602445,14.0329051932808,5.08469098462479,2.4615100692108,16.2029905696804,5.24014928373645,2.44909699619306,17.0334180640822,5.45892646546898,2.32341809403955,17.8276461840121,5.76970059067537,2.00438816342871
6.49387740408831,7.14908422735492,0.902618699035297,6.71133735975233,6.96067789977039,0.929096185247529,6.95775375559253,6.83256469836962,1.03034633380475,7.46442390887456,6.55985453657398,1.16018486272454,7.56965170553449,6.21728455883024,1.69689878289851,7.54308095893145,5.69371016243802,1.75129674394866,7.76496120963298,5.6973404700901,1.78027310323775,10.065798557709,6.25288238996332,2.06827331662555,10.4015704351837,6.31277627937335,1.97092602578047,10.780395752322,6.28807561128219,1.91595262223932,10.4636211438238,5.96066959388723,1.58939203297254,10.5723658085157,5.59602575606668,2.06662001889226,10.4728396801208,5.25644272747258,2.066401033673,10.7540964431172,5.21234408495735,2.10344228109828,5.66666749967892,6.05011727866949,1.73593589548412,8.46358106339466,5.62823275799823,1.81903950367584,9.18621228196167,5.53298995242252,1.88041046622723,9.85417614016082,5.35705688055503,1.98311174374335,11.7477118106564,5.15695334513564,2.24717062463101,12.6025865640191,5.17715678067147,2.31819055420646,13.9960276670108,5.09175023918139,2.46143281007259,16.1055366642195,5.24608455013076,2.45238559814539,16.9988797988185,5.45725114345163,2.317090698614,17.813311725695,5.77144032495128,2.00236697330436
6.3463064917571,7.12932723529077,0.910104498532567,6.61075815045844,6.94829789065174,0.956753553425974,6.86379599207919,6.84275435855029,1.05951438563569,7.38431095707769,6.57714175033136,1.18834208900515,7.55642638275473,6.21519479371212,1.6882415233283,7.56426352692794,5.69683504518309,1.74269749675546,7.77865720887626,5.69490833756099,1.77231755347529,10.0655613378896,6.25155588372663,2.06951214272906,10.4045537750608,6.31209626280149,1.96848872722451,10.7808113892888,6.29136737396398,1.91864029938759,10.4633954173104,5.97367373034525,1.5898448547309,10.5567397559507,5.601153143698,2.06717287786132,10.4490755965661,5.2660022595901,2.06419536257597,10.7351036769373,5.22168889228201,2.10492474654286,5.65233086952643,6.0546232926413,1.73865288997315,8.4565947915659,5.62180544644647,1.80895459997178,9.17196277358653,5.53403332613627,1.88156406254248,9.83566500929726,5.36695204723242,1.9719585389298,11.727307006235,5.16294930567603,2.24451790702113,12.5954483433096,5.17956989706054,2.31918254048382,13.9721452981121,5.09155929754065,2.45885956059548,16.097487292492,5.25028161467188,2.45393845326855,16.9809222725882,5.46456937174859,2.32103562188965,17.7948510407445,5.77644353434912,2.0025443273441
6.27853771321196,7.11825986959001,0.931696841682456,6.53210875618183,6.93476610899455,0.973300861981188,6.80148055306709,6.85105672757763,1.08309453230114,7.33682309860184,6.61455833980579,1.23356236742121,7.53912286978547,6.21360028284278,1.68874673656918,7.55752449124258,5.70293209510823,1.73483090173605,7.76558501047156,5.69465379407599,1.77250329466565,10.0659175314338,6.25104151003184,2.07113659100764,10.408321923246,6.31019296018805,1.9707713649838,10.7838699101581,6.29260825540537,1.91824717712021,10.4639081246586,5.9860449099922,1.59375174968854,10.5389707119919,5.61141535056006,2.07487737636179,10.4231940010378,5.26935760957222,2.06603097828298,10.7124779883951,5.21808408792379,2.105896904572,5.63725102231519,6.05992644499612,1.74671740606655,8.44696548425934,5.63120926269573,1.81374024089677,9.14846384281508,5.53705594245432,1.87863937812124,9.81238634633627,5.38097622014149,1.97282154402172,11.5528987595602,5.19159782679916,2.21519250287535,12.5775235863119,5.18837984019059,2.30876729399436,13.9709090991822,5.08963899606675,2.45863396240624,15.9714476982375,5.22396786723619,2.4714857905418,16.9480157263903,5.45769643299681,2.32174557554066,17.7734764143227,5.78676056917381,1.99818546231755
6.20840090795976,7.12665106517306,0.962338872574695,6.47346402174346,6.95015269193029,1.00523355484468,6.7403331928282,6.87681879273271,1.14290160543766,7.28339148552247,6.64120483568933,1.28545955816013,7.50752074051199,6.22312482237667,1.69637930959708,7.5348472241107,5.7036565235977,1.73577364401239,7.74464484265162,5.69623153388649,1.76904471586422,10.0671298459989,6.25377094585116,2.07286970564009,10.4102578348151,6.31037928451372,1.97732947676772,10.78451631759,6.29161412305492,1.91896379137371,10.4648376889353,5.99293244750727,1.59120736200537,10.5267660477106,5.61258876085913,2.06888851308915,10.4062459660609,5.27487315511631,2.07035847066588,10.6905830110651,5.21547566302132,2.1022954121103,5.6217762797761,6.06621851091191,1.7481744071849,8.42787730761843,5.6332734864422,1.8094112881371,9.12318532488406,5.55160644313417,1.86437423756901,9.7927997307639,5.38496449481345,1.96729370372235,11.6826149729622,5.1571861209126,2.23700000211485,12.5410012599626,5.17570245561701,2.31264340821394,14.4880122397261,5.2418978607523,2.41660083588103,16.0187353889851,5.23768478397352,2.46282374948257,16.9498272054048,5.47145506246532,2.31607161355961,17.7549349674749,5.79368734951015,1.99021320511846
6.13018886114436,7.12803533724961,0.993733908194312,6.41824897233741,6.96453031114148,1.05158456505334,6.69916679618477,6.91316815559002,1.19898155303867,7.23389602615555,6.6546577859767,1.31589999989209,7.47752155047328,6.22506565549613,1.7085020467903,7.50168094290328,5.69459009878993,1.73724037436552,7.72144788171055,5.69433235786084,1.76692467713118,10.0673500426081,6.25352516856442,2.07103166794016,10.4110209720781,6.30938448116876,1.97886477121701,10.7857888479615,6.28897191612679,1.91601094455519,10.4597466173437,5.99634409000713,1.58305408312152,10.5202013022701,5.62189403723799,2.06264554487055,10.3972575415609,5.28184462901301,2.06328211042875,10.6782422420965,5.22362584897385,2.10219579251939,5.60875452540376,6.06828336139401,1.75222684430595,8.40488744126836,5.63642951449216,1.80586894866011,9.10836149416135,5.55170643307232,1.84722409170974,9.77272201448912,5.41441413172599,1.94317143064399,11.6664227270219,5.13296455591237,2.25572193556717,12.5281585834437,5.16913225351836,2.32495881757509,14.478145326034,5.2367301360389,2.41729601036075,15.9837304108284,5.27124063037859,2.45467671024277,16.9301426830942,5.4780252839714,2.31006424250859,17.7366551378922,5.80195302814621,1.98907317114748
6.1155254883497,7.12597581913326,0.993220932112364,6.39264138408768,6.97330125960139,1.09928921346442,6.66417359922571,6.92231071914484,1.22352044866834,7.183054656307,6.67079745619318,1.33498215302235,7.4641021811489,6.22328225255559,1.70421767056519,7.48648639901172,5.69618878299566,1.73469462077782,7.70419820787754,5.69755770483061,1.76509343587354,10.0668859305453,6.25300144695532,2.07070942491941,10.4130553001796,6.31027039600573,1.97767470846576,10.7891198829934,6.29174839582987,1.91520739035777,10.4616608922917,5.99855367655706,1.58161243338555,10.5079840559858,5.61956270961744,2.0605455479307,10.3898214231798,5.28108974009653,2.07253834618952,10.6624454917959,5.22123756382685,2.10660100568994,5.59511837462212,6.07192901315347,1.74893936478936,8.38873267260041,5.64305852984195,1.80009755368325,9.09348542701214,5.55538861426812,1.84304085321534,9.76168995237369,5.42485792889218,1.93230861631323,11.5145476261503,5.1720360362245,2.22633093265293,12.4742980426633,5.14964627103966,2.32014086714332,14.506080584707,5.25050355512394,2.41932908108119,15.9329741020976,5.2709577311737,2.46518739793032,16.8599942304977,5.47178803112431,2.32848648082285,17.7201126742709,5.81036445593771,1.98396354074381
6.07832577029965,7.13716167843857,1.01101594615925,6.3608144629687,6.99806780974588,1.1396949300871,6.63245292801708,6.94900167793161,1.27304792326081,7.1740406588997,6.6914118195361,1.35870080796823,7.45127700760075,6.23576552903835,1.71954842494907,7.48362784965281,5.69662196979493,1.73332410588436,7.69712323714181,5.6988821749056,1.7629518301062,10.0629310128561,6.24904489981844,2.0689313123349,10.4124858450919,6.30832588247987,1.97514306947476,10.7879665258805,6.29012141018601,1.91128203793351,10.4516155538771,5.99410176713202,1.56872542846498,10.5011301596522,5.61951223076665,2.04998951789292,10.368306466117,5.28102026178696,2.06049635228334,10.6528319657887,5.21288227413947,2.10277379536697,5.57545475226429,6.07769385021592,1.74835300537568,8.37987965252228,5.64586141153164,1.79761976329605,9.0812173008612,5.55688011016401,1.83964714601814,9.74761633535125,5.42712108543102,1.92440437935385,11.6462167335035,5.12933369216034,2.25716115046652,12.5460039814161,5.16962568045155,2.31726976268976,13.9464381570006,5.08552915616081,2.45685151092171,15.93091870142,5.27270120366737,2.46141215465965,16.835264754815,5.47913813073498,2.32177602659433,17.7050739449387,5.80556370674261,1.9923997050261
6.04599187728646,7.14202618281915,1.02977496955834,6.3083369449122,7.01390058417288,1.15144724710547,6.59905305609275,6.95741768010332,1.29021445986993,7.14288892681134,6.71814812693346,1.40054336356302,7.43682208527945,6.23966856405763,1.72216260591382,7.47071520105725,5.69281499679566,1.7357259318402,7.68480767991534,5.69844273463001,1.7622691020592,10.0609481423835,6.24689917286287,2.06792903416199,10.4116128559835,6.29821551942345,1.97581206717619,10.7887740679722,6.28757906644112,1.90862886539953,10.4527315219905,5.9879550016016,1.56070832366842,10.4945597970451,5.622933762403,2.03758560132119,10.3582461381164,5.28357596692505,2.05636025614552,10.64799499607,5.2201901104941,2.104110592206,5.55835040714739,6.08340667904476,1.75206521428082,8.37029867414735,5.64820590646541,1.79527934050983,9.06813409162878,5.56026983079086,1.83536860380814,9.74717390687781,5.41435610068316,1.92714121463778,11.643198442822,5.12695655947454,2.25459814464788,12.5270236490622,5.15817068909528,2.32176043465232,13.9208280286928,5.07986983982882,2.45781861102809,15.821653249043,5.23087759449592,2.45959215717342,16.8035754630619,5.47356682215925,2.32146331485616,17.6836534274044,5.8081746741241,1.98903626677762
6.00747550349099,7.17029591672788,1.06181606112329,6.29516431055629,7.0319262809532,1.16845430846372,6.57799957851357,6.96715878494029,1.31024361411045,7.12799685257638,6.73110704323693,1.40779181220271,7.4133059006621,6.24760474699886,1.72820061489437,7.4544445005443,5.6954631023707,1.73982997737904,7.6747374884992,5.69979435007282,1.75852009551593,10.0592460866353,6.24314456229301,2.06584747596981,10.4104592764062,6.298711493756,1.97609712794232,10.7889687408323,6.28612280838857,1.9092546999142,10.4460756763055,5.98999889506949,1.55353885414546,10.4817923456412,5.62577109058536,2.03691836747973,10.3460337374292,5.28965498419307,2.05211357243257,10.633037849586,5.21554339617253,2.10498076877651,5.54421047740627,6.08668381681791,1.74524350785986,8.36520155256297,5.64803127561523,1.78837741766144,9.05453186036297,5.56754613900273,1.82847963555146,9.73445923768365,5.40710821133861,1.91058194642964,11.6209119096456,5.12758699564134,2.25273802417955,12.5020684022175,5.15766306779186,2.32038860439111,13.8673790196823,5.07309529100635,2.45344452864327,15.8204233625365,5.22814486345577,2.46322254743215,16.7970559371078,5.47593673411946,2.3169628820145,17.6625735169155,5.81059591661288,1.98155579339997
6.01395284421243,7.24818409970949,1.16600616717448,6.32046708955366,7.11740283765004,1.27370175777155,6.58916347623447,7.0148989231671,1.382503581537,7.11800415055242,6.72820543298068,1.40464582191709,7.3868346188969,6.25569199878804,1.72827075729233,7.42443886063576,5.69522295494245,1.7377779299868,7.64127564768399,5.70570352280115,1.76131844768997,10.0554815096844,6.24043714999459,2.06267568556636,10.4093439985028,6.2991082488797,1.97363651869699,10.7875231318299,6.28368072398579,1.90806398022886,10.4471379666963,5.99715770724129,1.56010723651986,10.4749991867299,5.62185648278146,2.02210244242112,10.317147149888,5.28927054630355,2.04242544553618,10.6118033179557,5.21404391353418,2.09874747741686,5.5281185815866,6.08009058681785,1.73985768433391,8.34208001242403,5.65406627886219,1.78217456863322,9.03582674260833,5.57126817872765,1.82456453484993,9.7120799623994,5.4123170429099,1.90726855378786,11.6075550708623,5.11811461050416,2.25641489587271,12.4659762581387,5.14662176456225,2.32608862020103,13.8606014920151,5.0754212695364,2.45419920349737,15.8365174000837,5.24196279032518,2.45861261286846,16.7996574141197,5.4797611802788,2.31032665742494,17.6400733485647,5.81496945039597,1.97405887918811
6.02155508742093,7.31113769577491,1.23091198236649,6.33149691589531,7.17563740821084,1.3433929819216,6.60292234673554,7.06250469148295,1.43145539229643,7.15210523090835,6.72678346161296,1.37389003160301,7.38136887099721,6.26081704848023,1.72616643607168,7.4132010667216,5.69393511170941,1.73408161286179,7.62153128835993,5.70754840640942,1.75909533047294,10.0530457628474,6.23913663735585,2.06318857949874,10.4100864559964,6.3004177497344,1.9734832559845,10.7880951126589,6.28293418775015,1.90853087102842,10.44586100931,6.00638041903229,1.55927152535452,10.4595630528912,5.62418871234329,2.01838887031974,10.3102803490458,5.29052935405541,2.03546948516506,10.6022970901183,5.20710360627502,2.09238151006757,5.51404460443932,6.07513205940306,1.73644793697393,8.31092662565903,5.65729278328291,1.77902365622449,9.01469176568097,5.58703567750228,1.82540812885451,9.69163330720587,5.41182153782298,1.90199220485083,11.5701105561929,5.10017871296241,2.25632806001594,12.6899899217069,5.21831670835797,2.31213600673464,13.89084248232,5.07881120452607,2.45687833782958,15.8941848830533,5.2721497661881,2.44743764074271,16.7987353760878,5.48667119292375,2.30583209392947,17.6223511943666,5.81098475681641,1.97585123094816
6.04733210984903,7.12711384854655,1.43054752494671,6.34275044651569,7.19354193192557,1.38694729236049,6.60431033680129,7.0867277190223,1.44630226640786,7.16188272497555,6.7424613386099,1.36137129633334,7.36844215277634,6.25777522072819,1.72327748623731,7.3887047866809,5.69822598102429,1.72763649015431,7.59761813422322,5.7077891853123,1.75585305440566,10.0485471235729,6.23995931234784,2.06342543143854,10.4113544665553,6.29788931336306,1.9756720998884,10.7875911834729,6.28425873141327,1.9096536533084,10.4441873990591,6.0072859179284,1.56013967062922,10.4464547264543,5.62802505356068,2.01530935471219,10.2939303491234,5.29645572140371,2.02937620753901,10.5851652680806,5.20872141373033,2.0888056440601,5.49695339856428,6.0725326603621,1.72970128088497,8.293395809127,5.66512380821648,1.78429040414695,8.99561601063642,5.59201044285171,1.819060268929,9.6716840350613,5.42007660554189,1.89947977443448,11.3959751747154,5.1498622286459,2.22062163018232,12.6857264700316,5.2164041377221,2.30942398455535,13.8445538652325,5.08048162493821,2.45730594098702,15.898816460483,5.27736110297094,2.44696159953967,16.8007374157925,5.49595634323288,2.30195744410035,17.6022862678418,5.81553174003927,1.97683974635658
6.01932500017655,7.38022067766254,1.28481106065071,6.32499278749599,7.20054780007065,1.39052585281467,6.59023969879484,7.07825713018434,1.43540395621128,7.15355039342688,6.73780693674649,1.35122407772908,7.35064124386659,6.25385969533011,1.72145575678422,7.37378230167854,5.69178844785231,1.72865976614406,7.58448706074231,5.70221720373099,1.75754932762117,10.0432008538139,6.24031045367801,2.06326584764276,10.4106300881499,6.29777126992641,1.97981825820647,10.7868481039808,6.28272132596657,1.91545384289964,10.4422534251096,6.01152511659076,1.5602708251881,10.4294290219199,5.63159472943468,2.01220064079023,10.2695239600038,5.29650376885366,2.02425035085915,10.5674148108497,5.21162324199594,2.08842238275443,5.47854563259739,6.07223504929264,1.72265317535147,8.25717003218353,5.67307153231957,1.77800845442817,8.96715622588122,5.59753177437025,1.81351864510664,9.65294249980998,5.43156155354181,1.89621325862629,11.3767354446575,5.14907252179583,2.22233746101542,12.3709916064636,5.13149431356696,2.32766462109941,14.2544907642934,5.20359189884619,2.42230415514503,15.9044543214525,5.28596254553848,2.44249039963469,16.784298797558,5.49585918847861,2.30004097802222,17.5814855219481,5.8222508346452,1.97560917706172
6.00975243638685,7.37994225099986,1.29145399394591,6.32126050897447,7.19436326176778,1.39428830835824,6.58876692339731,7.07988866558425,1.43374450106446,7.1390154060495,6.74292224974234,1.34596899792974,7.33168217509857,6.2528368876132,1.72376151437825,7.35251178056682,5.68843639465238,1.73294622308554,7.56044531211702,5.70229029973269,1.75810318406656,10.0483753008208,6.24220119777385,2.06439058458157,10.4157522816724,6.29575197813704,1.98160697466922,10.78560849135,6.28413374900028,1.91435472625688,10.436148524836,6.01919906667101,1.55684061699936,10.4124622909268,5.62976771178822,2.00760101945145,10.2537150377989,5.30133584991846,2.02338499206967,10.547404944442,5.20996098361962,2.09443134319583,5.46458379433026,6.08246046254405,1.71129482470593,8.2366310768253,5.67712659371862,1.77580136025124,8.94190883468049,5.60722135935888,1.8119612580122,9.63372436784981,5.45086174437676,1.90878936428142,11.3761829205102,5.14312142397144,2.22447491591981,12.3421542899489,5.12016529429248,2.33745894963079,14.2755407605218,5.21508602261852,2.41912118332208,15.9159356737378,5.2852023743415,2.43760200794911,16.7734560752312,5.49854634658224,2.29992822075298,17.5571865764812,5.82668593785187,1.97076013538536
6.01740784706961,7.13593208217845,1.4690177065366,6.31849121232062,7.19032647888559,1.3970408511283,6.58678727732804,7.08340864202873,1.43249083416109,7.12573006881739,6.74984927365396,1.34804690560264,7.30820716016331,6.24037194377783,1.71996327604757,7.33030929649629,5.69090167474429,1.73150709858284,7.52774887454069,5.70524052676145,1.75286201316649,10.0532438785135,6.24040997139039,2.06091526158705,10.4192318127017,6.29394432185964,1.98253039874175,10.7830476042962,6.28473034734223,1.91780764294063,10.4368374543587,6.02626791575539,1.55605740183357,10.4040904329169,5.63567725768765,2.01451332858427,10.2325541368508,5.30297458417949,2.0167581848727,10.5304321006077,5.20939808443393,2.09346030762666,5.44526053167483,6.08404050266466,1.70344745892197,8.21638690777216,5.67302311442859,1.77704106235302,8.9249860264742,5.59442299172549,1.80210952829582,9.60037683947981,5.45620308986688,1.90878466446094,11.3661871351555,5.13294931808907,2.23350529142418,12.3329159777432,5.11358202494509,2.33657039043084,14.2750505200782,5.21588862761962,2.4250227724359,15.903873233561,5.28142531435627,2.4358835775488,16.7508222933362,5.50027842990045,2.2900413472231,17.5332454940779,5.83153519735906,1.96698731578984
6.01538305052373,7.1301584374407,1.47323523980772,6.31591579716272,7.18750595612291,1.39704799069995,6.58421829459163,7.08234321955679,1.42939130572967,7.11118447636494,6.76068997046847,1.35250148426579,7.29592504731836,6.23693777100487,1.72186223217204,7.31998103583553,5.68880209502694,1.73408424242186,7.52650439539709,5.70271449027526,1.75461750544477,10.0532640335216,6.24036792570787,2.05914042767585,10.4189106757846,6.29465818210934,1.98071847361041,10.780725096256,6.28457137251806,1.91605375515401,10.4333305017738,6.02930759676537,1.55843863736843,10.3741976457872,5.62772129493036,2.00659805745947,10.2117006714908,5.3050616435887,2.01968750323972,10.5030409095013,5.20406170868679,2.09877021951017,5.42700388467766,6.08062571474043,1.69997677809989,8.2055953289016,5.67281468089345,1.77788457502996,8.91050843231586,5.60089827185844,1.80545945299748,9.5895694188444,5.45772867623979,1.90885307848353,11.4854231439637,5.07182346893091,2.28048650093034,12.3378996597763,5.11671605668046,2.34104565553115,13.2823521275172,5.17806476186546,2.39815732112267,15.8546595096355,5.27401465822837,2.45007664513495,16.7343821987804,5.50432583346411,2.28315616134008,17.5169032402935,5.83326381101312,1.96443284796141
6.01800768704676,7.12763979518665,1.46990252256405,6.31503705251489,7.19017606723863,1.39387206173051,6.58221270655817,7.08324606654444,1.4297156927189,7.10223275643481,6.76089499623665,1.34753780042622,7.28385681024382,6.23358205672131,1.72892519043526,7.29868029421927,5.69078949261528,1.73433712363362,7.50849796765213,5.70466319376676,1.75451618460337,10.0507698582337,6.24029053921132,2.05935894506272,10.4156629563517,6.29316495707675,1.98057065757184,10.7780931285978,6.28428717245284,1.91502317877978,10.4209564933085,6.0275228113136,1.55917928634298,10.3497635339662,5.62294161987269,2.01414681583095,10.1868064790916,5.29750422071403,2.01613416549525,10.4816039665253,5.20361445030833,2.10017302736771,5.40346630304859,6.07372613967525,1.70135881191361,8.19144013044039,5.67647019615614,1.77205701382794,8.89089693282949,5.61016121260474,1.80140350511039,9.56529856899562,5.4575896697136,1.90210687443199,11.463264899706,5.08879103622267,2.27251359257726,12.7228032934307,5.23954897782919,2.32666825661523,13.8469705274422,5.34344985443687,2.37955954082822,15.8212981262279,5.26591114073776,2.44297463557119,16.6949801788772,5.50655556944128,2.29037669357423,17.485561737572,5.83694037249552,1.96585460899504
6.01793750805952,7.1272945344896,1.4730855193641,6.31355960832949,7.19118518529776,1.39598744560934,6.578476383283,7.08461076579439,1.4317597615328,7.08323975471726,6.75958706702787,1.34902485070646,7.25720916483491,6.22691194259903,1.72488478774507,7.27272700937984,5.68257803692231,1.7388453895727,7.4863704850819,5.69666060478962,1.75374069779737,10.0479031459183,6.24026342938914,2.05975444182829,10.4121087404466,6.29570257352904,1.97807943178089,10.7726155990916,6.28658300895328,1.91478131768351,10.4159721804885,6.02751629088503,1.55974168180588,10.3308855323842,5.62993096333562,2.0145682775328,10.1672159923368,5.30393299596963,2.01720295564174,10.4603219362978,5.21429178593297,2.09468860628101,5.38145371520874,6.0716577481672,1.69091232259582,8.17015986510184,5.67880422820234,1.76746183327467,8.87292799835798,5.61123112131078,1.79182395065701,9.55659457878932,5.4640936130649,1.89922348478325,11.4350708952645,5.08379522380109,2.27934051260818,12.5708449608856,5.18546859755526,2.33016066131848,14.2810904485894,4.97903411449635,2.51029355757872,15.7610740385886,5.24166360949322,2.44065744450841,16.6710262200573,5.49820226797457,2.278213991404,17.4603101941376,5.83682511912737,1.95552519632771
6.01768105588274,7.11168318162641,1.48436734532158,6.31943456316734,7.19151315052748,1.39583987780566,6.58090135254632,7.08276428086097,1.44053531007216,7.07919180814983,6.75000957520532,1.33627396985307,7.23190305996006,6.22525029770099,1.71519494869852,7.2459965654152,5.67402808780431,1.74225819744478,7.45617580201309,5.690614698441,1.76215831334626,10.0458785049444,6.23836835655652,2.05767115889354,10.4091807632598,6.29692745494671,1.97729136783209,10.7686128804092,6.28682157865567,1.91668536739918,10.4095626430645,6.02545951852907,1.55950678835859,10.3119740171834,5.64851384244773,2.00803849782237,10.1444010718479,5.31440846485144,2.01629654865049,10.430158929719,5.22072032240582,2.09817979093583,5.35585755780452,6.05454682762177,1.69007906977858,8.12922203494553,5.67931211767245,1.7683737801646,8.8373120143238,5.61876484605559,1.78614040348323,9.52649223801438,5.46625783844093,1.88623280530686,11.3955733502109,5.10642434878666,2.27314780244957,12.511417285129,5.19567815173648,2.32999300936029,14.1803507586601,5.21523276551569,2.43084818712693,15.7756961351622,5.25716504149454,2.44144074288799,16.6374891037741,5.50180861247071,2.28789921929986,17.4318090114033,5.83781435742942,1.95100679143259
6.01702451652936,7.11234093073747,1.48529787776233,6.32068284177939,7.18633876135067,1.39936445583724,6.5859262443784,7.0848975086599,1.44558795879698,7.0669350030423,6.74210041464118,1.32680197003089,7.21092719591003,6.22651107086063,1.71853230845786,7.229438275957,5.66586634340195,1.74145107719525,7.43115661770182,5.68424372357036,1.76655716924489,10.0434664143889,6.23949303917774,2.05789477256886,10.4047805226928,6.29949524430622,1.97751168288989,10.7647555828756,6.28338766216835,1.91341926318372,10.4000193209287,6.02402037965908,1.55674710927935,10.2887548152097,5.65184869797057,2.01376823326195,10.1180622978855,5.32995251214494,2.01782128952602,10.4041569546527,5.22957476615448,2.10198061770684,5.32920294312389,6.02417037238152,1.70566991654968,8.10659512105624,5.67614625437294,1.77257625359981,8.82377606421391,5.63357311461637,1.78325618199596,9.5095830815612,5.47967318262174,1.88099962587257,11.243115303566,5.14664762761913,2.2519017624347,12.5070663026926,5.19964439874507,2.33587599074233,13.6382941470945,5.06954155981097,2.47025703999337,15.7113204061065,5.27237512291157,2.44187832053631,16.6084178853772,5.50139192344095,2.28756034506001,17.402139474259,5.83383745673705,1.95157582382287
6.01748604962162,7.11078879252104,1.48617613703076,6.32225228332852,7.18560084024287,1.40040570155025,6.58794508436004,7.0822627616628,1.44459899501528,7.06503997820381,6.73126308876884,1.32457882605825,7.18878797636227,6.21964820940665,1.72111066870714,7.190240348576,5.66793991675833,1.74103096743633,7.39635138833558,5.68264148171902,1.76425654634528,10.0423808487147,6.23923856285788,2.05664237699259,10.4034073101475,6.30579873973541,1.9762731770161,10.7621964171431,6.28460429961921,1.9137562234778,10.3903750250723,6.02372970391747,1.55387179128054,10.2667097855276,5.66108091188195,2.0163761286983,10.0991550482627,5.33682579028994,2.01659482970358,10.3835855636709,5.23299673800524,2.10895074348773,5.30134701071932,6.01640961788343,1.71009242514476,8.08580188029333,5.69856052173402,1.76942049733142,8.79511766682428,5.63703901157958,1.76730311573468,9.47872384344474,5.48470541276665,1.86045352628565,11.3964464480245,5.08774805641312,2.30696782831983,12.6570371734559,5.24774621049047,2.34553818554919,14.1437692774688,5.22487185891958,2.4360743061519,15.659640193376,5.27005678186507,2.44287097948666,16.5754618748117,5.50432166699491,2.28571706211941,17.3791171548837,5.83124254390592,1.94763052455015
6.01722250562068,7.11134398311837,1.48635385369714,6.32198544247053,7.18538160612428,1.39810351269384,6.57718782347565,7.08356869848756,1.44955870976817,7.05074149901357,6.73501637163926,1.33626439094491,7.16165844097022,6.21215478628696,1.71896248492481,7.16146944630842,5.66187484446988,1.74824063581589,7.36374992666951,5.67898421790037,1.76361353042176,10.0372268764262,6.235139399135,2.05846867060508,10.4002993820047,6.30823043257923,1.97716973593191,10.7591502068706,6.28366019132766,1.90552912350815,10.3840098858764,6.01828101990844,1.55243682200894,10.2472562732543,5.663182268714,2.01529913047453,10.0714599211977,5.35469387992963,2.01340446661355,10.3561312327936,5.25301688897918,2.11107841745922,5.28302411699894,6.01932484863983,1.70323193318984,8.06815723240784,5.6932248466627,1.75550986879134,8.77232159925719,5.64467642404968,1.74747056209124,9.46109592508364,5.50695953431652,1.86221886257869,11.3651713155807,5.08682789697343,2.31037070013924,12.2979848460691,5.13802554752993,2.35608406845166,14.1290701586183,5.21825972798414,2.43190660153729,15.6764280036131,5.27480561219119,2.44594255835851,16.5641247008647,5.50606654551298,2.2777165116193,17.348152227989,5.82942997017114,1.93996811608742
6.01960943881851,7.11281947841216,1.48584061917468,6.3256923967608,7.18452245259685,1.39794877241252,6.58114153048823,7.08117485206721,1.44607444146001,7.05114773120022,6.72048545545916,1.30967353829182,7.13376175332766,6.20053039709759,1.70757766637754,7.14687378977454,5.66015879466337,1.75639438779994,7.34059548830626,5.67946745511828,1.76637850365536,10.0336166958729,6.23578490231446,2.05742170152159,10.4026699332688,6.31257414549304,1.97929539532462,10.7548532360222,6.28267096429907,1.89998358558455,10.3839720397765,6.01581024169132,1.55582115185705,10.2225733214406,5.67727152587242,2.01857843615564,10.0495537564047,5.36431763862852,2.01371802695799,10.3367382203586,5.25944726456762,2.11453569740467,5.25640601470568,5.99914806626039,1.71376629423974,8.0428867123881,5.67907855637315,1.73962065823529,8.75195000938051,5.6536008165114,1.75885315821418,9.43113876856209,5.51386397830081,1.87081913825484,11.3510580998981,5.08268915131071,2.32258804706672,12.225898648329,5.12500942534788,2.36867586527162,14.098283124808,5.21008147863122,2.43180695369155,15.6399807514282,5.26934448710973,2.43680296572834,16.5385389816229,5.50038027260215,2.27223075955423,17.3257746569633,5.82261174529084,1.9397736618946
6.01873798935184,7.11241640924816,1.48549322180392,6.32625373034788,7.16930336510415,1.40417702504105,6.58173280218321,7.07774929094303,1.44069352661244,7.05073574982067,6.71505266812518,1.29786959593055,7.11206832319618,6.18870590935319,1.70406934543828,7.11672796970806,5.65732666719095,1.75880500273707,7.3224682216163,5.67176294554659,1.77312215952738,10.0408804979829,6.2370140186921,2.0538773745996,10.4029065838829,6.31381887316777,1.97487963821869,10.7500417966715,6.2810616791223,1.89564380761924,10.3776133655134,6.016612913228,1.55477879886313,10.2020532058152,5.68368786880441,2.01670019935459,10.0308104755277,5.37703985106062,2.01116638764736,10.3103974558755,5.27230822490048,2.1098403167276,5.23420138286113,5.98344262388437,1.72245631730885,8.0229574787016,5.68372343157133,1.74757175868056,8.73796549612088,5.66344174894954,1.78996752109014,9.40935195650652,5.53547771843748,1.88183868767002,11.3201750471985,5.08659466068592,2.33332776781397,12.2221818223965,5.12701581917481,2.37583770992945,14.1029699705645,4.97993688894227,2.52584496086617,15.637358669578,5.2824991339699,2.44470183146857,16.5148115415336,5.49635398027803,2.27603159917208,17.3029317603081,5.81897507888769,1.93537614020914
6.01653829041292,7.11232006322936,1.48589087308846,6.32852737810561,7.16821821428493,1.40302743818249,6.58151379902459,7.07495289037325,1.44042720168189,7.03578012768228,6.68757728455995,1.2812559173896,7.08772777025177,6.18088141629631,1.70281293119526,7.08618754242413,5.65267991617844,1.75882063311762,7.2966945684902,5.67677209223906,1.78317200638155,10.0369212204465,6.23491742678032,2.05355238718895,10.4028474796247,6.31482042126962,1.97445696245845,10.7453935510695,6.27994744027749,1.89025895401193,10.3664936032038,6.01998456765171,1.55339633051473,10.1807838764665,5.69183154080806,2.01992610086425,10.0201295248709,5.37954821755574,2.01983897318954,10.288717089208,5.28240390778617,2.11140682753523,5.21070971606134,5.97992807184741,1.7259997795713,8.0025085232904,5.69023617361623,1.76234614716977,8.71166187625923,5.66515794753121,1.7934590710808,9.37747881802517,5.53787010828741,1.88463769880035,11.2966260398796,5.08786266480214,2.33855923096492,12.1798637539832,5.11634339711436,2.37902793429144,14.0756122873999,4.96807445893505,2.51609286872344,15.5591918442941,5.25823450083903,2.44810903932699,16.4847945242626,5.49069199474926,2.2684556023506,17.2805899487553,5.81620377905287,1.93251610866881
6.01878256795032,7.11288091205204,1.4884677470934,6.3271507092747,7.16806063380923,1.40403436997533,6.57931254749898,7.07483262765156,1.4401277058097,7.023816281522,6.67889167390052,1.27857719933727,7.06748670154436,6.17302091671165,1.70586911895458,7.07212862783957,5.64690162173265,1.76176534337489,7.27969360201235,5.67411915777919,1.78415514553063,10.044223617831,6.24072916432274,2.05700641233586,10.4053624679552,6.32032003161017,1.9726429017923,10.7454877581865,6.28417501104104,1.88789015010167,10.3565163141831,6.02458212658875,1.55537758362396,10.1655789126992,5.69972062282709,2.01963015987884,10.0046099303689,5.39561148926687,2.01784539958225,10.2736228233562,5.29138196908341,2.11103794368469,5.19127757069195,5.97830085352436,1.7242965244703,7.98366502101475,5.69777298829263,1.7658098497958,8.69560086028025,5.67055965536837,1.79400863525707,9.36485883633707,5.54675343466744,1.88494006944567,11.3024135286895,5.09697471882928,2.34034446980377,12.215905658763,5.12917353395748,2.37971677178418,14.0847903727269,4.97410717280542,2.52995408592402,15.6420805260302,5.26966726078581,2.43588731624383,16.4720418259928,5.48840872746457,2.26622398811729,17.2597830421789,5.80957596760521,1.93388154923564
6.01703316403023,7.11484544270636,1.49232714497225,6.32537263200441,7.16958610336631,1.40747338756744,6.57843404602293,7.07290714414706,1.44090979108579,7.01666180154292,6.67842178150336,1.27843883019214,7.05459693587781,6.16957094861291,1.70881029580529,7.06036054876753,5.64144330514655,1.7668956146805,7.26526030662586,5.66853213087458,1.78898114062381,10.0495872572601,6.24335708843815,2.05478948366624,10.408341672145,6.32705191126947,1.97122691526632,10.7432911396705,6.28530822889005,1.8875093271303,10.355393265355,6.02656079148239,1.56278154739719,10.1529034709888,5.7019820124605,2.0209509535848,9.99162802688041,5.40240441974263,2.01878475085402,10.2736436409028,5.29569630022527,2.11159496030736,5.17677925301442,5.97143036373867,1.73303005472566,7.97016930889743,5.70002255148505,1.76793989637893,8.67901466198071,5.6780708240961,1.79146742863746,9.34443821041125,5.54783069721283,1.88558713011551,11.2605589122657,5.08605729336523,2.34579657084127,12.3852074267299,5.17680356904158,2.3675322448715,14.0640199057413,4.97925336125943,2.52885866515326,15.604688903914,5.27028146157188,2.4374295592973,16.4480415364701,5.48494239512604,2.26514217547702,17.2470606304898,5.80517590975244,1.93403480373287
6.01609199998513,7.11648336533563,1.49644620460685,6.31863313645064,7.16967750143383,1.40990100905515,6.57609364668601,7.07302479881332,1.44270914578825,7.01150317546138,6.67954024189659,1.28305713610532,7.04950539076022,6.17571800122672,1.70927285158779,7.0527281741928,5.63944853861194,1.769944518875,7.25810471866753,5.66625507520225,1.79186305370492,10.0442983028943,6.24165174115084,2.0550736647847,10.407380333484,6.32814800260017,1.97177518886944,10.7428174685081,6.28599536606783,1.88614764474626,10.3502431159476,6.03235246320732,1.56154834471059,10.1409139231798,5.7059116973279,2.01814749905562,9.98243056967436,5.40160432543052,2.01985431647573,10.2654108622926,5.29451732607624,2.11177121631343,5.16268442794885,5.96705972115054,1.75000001521504,7.96301491521015,5.70695347241847,1.7649529472161,8.67032524448467,5.6801129741364,1.79281356477031,9.34385271726513,5.5426360128076,1.8771154348834,11.2497111504048,5.08463478219554,2.34381523499858,12.1214617074145,5.13862196061912,2.37463790237297,13.4010488586336,5.05444831265171,2.47598257504348,15.5450883107645,5.27148298754063,2.43917983208737,16.4288194221918,5.485140420801,2.2771860145158,17.2325221735411,5.80036920674102,1.9363884145413
6.01640650418573,7.1164182538666,1.49574693088313,6.31647585933467,7.16874264635531,1.41044127097258,6.5730082110596,7.07366833313086,1.44677747099286,7.0054499769746,6.67488497206692,1.27572007383291,7.03990799263976,6.18116319546459,1.71353471343516,7.03411073384671,5.64055463821425,1.76974453508879,7.2381315162578,5.66722639012804,1.79067549866332,10.0473244828649,6.24057836465979,2.05078927596145,10.4091830742289,6.32988804803047,1.96704111825013,10.7424048678351,6.28445682272169,1.88026145588583,10.3468354079158,6.03661757474131,1.56106429207808,10.1351373173666,5.7074468439656,2.01485126554912,9.96718973420373,5.40430045482597,2.01114931106516,10.2434424522136,5.28914822690487,2.11414245496584,5.14942256456531,5.97681044843056,1.75789632956687,7.94454048727739,5.70584552951483,1.76444141968782,8.65287289297077,5.69358999056637,1.79486612323226,9.32969676737109,5.55244595257901,1.86945405539819,11.2436895621986,5.08468893839758,2.34136845392345,12.1645495452873,5.12486060358858,2.37899629733099,13.3897235261042,5.05833110553882,2.47480464556811,15.543397207538,5.27558689649987,2.43935315570066,16.426029937779,5.49506318596405,2.28207583531915,17.2246793920534,5.79923726215723,1.93814414438299
6.01557964416433,7.11619168840912,1.49676364535616,6.31531664208965,7.16968885877198,1.41144371391517,6.57208605400517,7.07473706283941,1.44524861420902,7.00153766644555,6.67593052643817,1.27280258746125,7.02910976330351,6.18407915448304,1.71117170750748,7.0220147615645,5.64382176880841,1.77087449712926,7.22098509758349,5.66467345551335,1.7878114232717,10.0460391199921,6.24403515047515,2.04840054291528,10.4075402105941,6.33294324473019,1.96493504253508,10.7408440766544,6.2858983593481,1.87959795232317,10.3468248705317,6.04402149303915,1.55952317221142,10.1289176746258,5.71448017070035,2.0112138407537,9.95772105272875,5.40814382975164,2.00841383194488,10.2349857974199,5.29409414370361,2.11056932155529,5.13988225100135,5.98922306569825,1.76035620362405,7.93598966878165,5.7036511649265,1.76429509593881,8.64287551327134,5.6963287713526,1.79208735234963,9.31829749130943,5.56032993940126,1.86377390203432,11.2406292237379,5.08768014776631,2.33999986951618,12.5226467507865,5.23037935619444,2.36202328547998,13.3648471031306,5.05529058844674,2.47896297332329,15.5269684438461,5.27632507967567,2.44003177546575,16.4193221863134,5.49174979158237,2.28742563374571,17.2161447888169,5.79819727618635,1.94441489711268
6.01805999535008,7.11706078132819,1.49597031974714,6.31508271406209,7.16995095435555,1.41145918509533,6.56995857054729,7.07415556416763,1.44472478355523,7.00113064681011,6.67855337525777,1.26781782078317,7.02259194303388,6.1865921285283,1.70606159623136,7.01316032330558,5.64673365544451,1.76877805283077,7.21040759508607,5.66691192970059,1.78440442908098,10.0455392212416,6.24581761083024,2.0427430748649,10.4059821448436,6.33452939669648,1.96211058532048,10.7413682790436,6.2880916803173,1.88166048366775,10.3476184400188,6.04462179367481,1.55811851787875,10.1235326306445,5.71750374009714,2.00796019128822,9.94921264307796,5.41244931781511,2.00509644643384,10.2259507334965,5.2957190654809,2.10845705444807,5.13548871810633,6.00287754548405,1.75749981043702,7.92735095518771,5.70268915338555,1.76215525452602,8.63728195647573,5.6984080036578,1.78866753136018,9.31294317608849,5.56503392596168,1.85910537126677,11.2372777707243,5.11167693943274,2.32805360294737,12.5317488790026,5.23070723646811,2.35931545516435,13.3667566390983,5.05539127339118,2.4768209940196,15.5052566538097,5.27356081792454,2.4483306497924,16.405569001463,5.48728561296365,2.289563048292,17.2104777438721,5.79918022506871,1.94941401771886
6.0180780743081,7.11871171322229,1.49613378868701,6.31450579927931,7.17087726124007,1.41095602372451,6.57076565782385,7.07452358279197,1.44394090486548,6.99935180054766,6.68318714642555,1.26254131750597,7.01626830573617,6.18783324404972,1.70255745996923,7.00699737091018,5.65086740156525,1.76657019189636,7.20521279604349,5.67282829594225,1.78027414699703,10.0459226657077,6.24643316587379,2.04140609433608,10.4054846149315,6.33408401265149,1.96256179680253,10.7409236156076,6.28837873388979,1.88049012110731,10.3478666280596,6.04808264218379,1.55585468809847,10.1178617726795,5.71811711828928,2.00724967411727,9.94234332656163,5.41311371981826,2.00477795049025,10.2179120497393,5.29495768910357,2.10823181638838,5.13539566600366,6.01504608595833,1.74157948821312,7.91949593796842,5.70613100654209,1.7598911575687,8.63454071555551,5.70095212023021,1.78663866338856,9.30921825360802,5.56959756442117,1.85516212598523,11.2295980354007,5.11131385111573,2.32622832207479,12.5281235262058,5.23193719208676,2.35688109511861,13.3634374418484,5.05330301255189,2.47897056490644,15.4866409960616,5.26923667252666,2.4506220086613,16.391465377829,5.48416178542285,2.29052083241212,17.2024294124282,5.80292224453971,1.95326794312272
6.01990832829979,7.11872919711949,1.49369579407755,6.31573414741743,7.17062793151066,1.4098834712259,6.56994487275238,7.07521104481178,1.44356455755095,6.9989843975254,6.68762781801937,1.2604299582777,7.01172658259431,6.19189008502495,1.69764419311464,7.00020315306921,5.65704885859616,1.76199920291865,7.19888470099538,5.67778270574341,1.77513820535693,10.0485088359512,6.2450519346444,2.03979007549201,10.4049897556424,6.33358296977166,1.95999375111492,10.7412729835913,6.28683372303367,1.87846810313916,10.3490321735456,6.0518624846667,1.55592633478746,10.1054661969761,5.72146635771314,2.00608709666752,9.92793305944783,5.41212835359994,2.00369818427878,10.2032359698106,5.29492598474079,2.10526987872999,5.1311448032349,6.02606980957442,1.73803126766192,7.9166757174178,5.71453674021644,1.76482048467715,8.62393956792976,5.7029849007931,1.7856400670042,9.30027438585635,5.57252315623806,1.85324567636889,11.2205590482236,5.10929803996253,2.32463288950924,12.1404183280853,5.12410607447437,2.37072458890666,13.8938781714164,5.19677457890899,2.43299280219764,15.4623240329643,5.25474943578869,2.44372486963286,16.3815753826717,5.48737443466627,2.28897623957243,17.194609607947,5.80385506502662,1.95652520300622
6.02151048275765,7.11941217421086,1.4922594309987,6.31630203291245,7.17175348735735,1.40855985379315,6.56993914581824,7.07618676945999,1.44137121427562,6.99736698780674,6.69239628976385,1.25723583590349,7.00825623810154,6.19580137310856,1.69497794309084,6.99384628080016,5.66199175020272,1.75868623641799,7.18988741779617,5.6823860116404,1.77079469645779,10.0508989429444,6.25021856859504,2.03704219101447,10.4055622743902,6.33700738785255,1.95988222497361,10.7406783835607,6.28690210326714,1.8775489584308,10.3432459920123,6.05583561205756,1.55542201460481,10.097116384827,5.72419909025792,2.00496057235945,9.91923554119172,5.41354939389135,2.00321088243137,10.1949561701167,5.29537136284131,2.1041058668468,5.12466793818628,6.04089562412383,1.72791944717213,7.90956104049972,5.71519134788709,1.76474947368404,8.61451668594188,5.70681509821338,1.78319670293797,9.30228969137349,5.56867361833197,1.85770507230785,11.202905369482,5.10205536968955,2.31940030912829,12.1434192980693,5.12319143835022,2.36964395750733,13.8824372884849,5.19695679534151,2.43120599624789,15.4262151946612,5.24952954703799,2.45158843476694,16.3592696543507,5.47961344695263,2.29275293265771,17.1872456143485,5.80652438471675,1.95819313342184
6.02352651940672,7.12178502821265,1.4927286385316,6.31664116137242,7.17266737645489,1.4093089694299,6.56995495788042,7.07762857208291,1.43981151135371,6.99537806689602,6.69220223359604,1.25508585402781,6.99882068001484,6.19717833896576,1.6935924464225,6.97900290656041,5.66634924995011,1.75593196528521,7.1733613473592,5.68609851868098,1.76819824224531,10.049565693259,6.25191370027283,2.03635258635835,10.406205107843,6.33565212674196,1.95947823781858,10.7411358396859,6.29048067621492,1.87879589087429,10.3410996533766,6.06421734724045,1.55500231630467,10.0971453897228,5.72872392049094,2.00003470457739,9.90924625504978,5.41837219550012,2.00194164470024,10.1862089567799,5.30036645002342,2.10311884688307,5.11597227218642,6.0587259354839,1.71357561069428,7.8951757203764,5.71597353872133,1.76388053040305,8.60163379734117,5.70802846854774,1.78423384404542,9.28827479379762,5.57305626004256,1.85600391474584,11.2394844827959,5.1191633109623,2.33036830978477,12.1886129944074,5.14338166601376,2.36632028723698,13.8962346824477,5.20220153832877,2.43342120514781,15.505797205017,5.27135788272315,2.44625028711525,16.3748148322199,5.48827069568757,2.28804310792748,17.1772319783084,5.8087357089907,1.96019057848972
6.01247631959821,7.38512307792968,1.30541296245217,6.31781305706388,7.17343743228324,1.40862689298776,6.57009332943214,7.0782570104652,1.43820673015766,6.99217814825604,6.6967215640217,1.25546902729127,6.99124049660597,6.19659291477453,1.69249667363067,6.97022088461452,5.67082459384203,1.75305277563596,7.16484334111856,5.68972256358435,1.7651119016251,10.0538304026779,6.25851154534868,2.03447598961327,10.4085742339271,6.33555437639798,1.95732529723261,10.740828495228,6.29211212790303,1.87919631403552,10.3399062203435,6.0705866700744,1.55259656147397,10.0873806870884,5.73420332868577,1.99758435728354,9.89789720901169,5.4224055517468,1.9998162080616,10.1756767093685,5.30195198128601,2.10194637276345,5.10750344644389,6.07011631669036,1.70320151611609,7.88166094486951,5.71869825548902,1.76206944201086,8.58367665770413,5.71051814617623,1.78336452107506,9.27220334916543,5.57711630211981,1.85282426963204,11.2287239645707,5.12195761828903,2.32901884134482,12.1564647360165,5.16276571468978,2.35813075405996,13.9006189441084,5.20275374858948,2.43667381421149,15.4965800839762,5.27342369914547,2.44539962654465,16.363666822753,5.4847203262236,2.29183704187208,17.1682141740125,5.8070659729156,1.96256004210201
6.0129008490627,7.38526491145995,1.30514803564019,6.31880178756209,7.17384330459295,1.40903677214561,6.56983970200116,7.07949822206128,1.43775656421981,6.99158379414685,6.69701289702422,1.25251355597722,6.98298625063531,6.19646005324377,1.68760532408997,6.96156151366414,5.67875551153099,1.74850872984102,7.15597339967453,5.68889832818926,1.76316389243798,10.0606022197947,6.26427632590949,2.03432688590978,10.4109891500274,6.33620888113809,1.95446705543518,10.7388123620656,6.29235401888449,1.87907628567006,10.3370425081948,6.07476130085821,1.5587601242092,10.0732624053654,5.73424334758066,2.00148991544691,9.8851375358193,5.42395824822877,2.00114362370131,10.1695121174054,5.30613902892046,2.09667609866803,5.10112179985665,6.08783316870637,1.68728197220993,7.86256305342048,5.73142034688122,1.75417386027113,8.56983821652217,5.71796184411756,1.78020916530027,9.25239546674962,5.59532313810748,1.84350614254506,11.2162571630254,5.12060514814214,2.33076540686098,12.1519882574249,5.15575743524123,2.35860866571728,13.8887761603384,5.20040557843257,2.44048437811996,15.4944013147883,5.27830315898347,2.44589241991521,16.4474481586913,5.51712463351495,2.28227612869801,17.1569423192787,5.80275260561613,1.9683386705348
6.01170328743248,7.3863206078411,1.30449877280836,6.31864964565021,7.17460825183613,1.40830382700341,6.56957175504066,7.08055669154559,1.43701145604353,6.99140811772558,6.70004673895913,1.25054905077224,6.98039386526801,6.20411677865924,1.68034013214444,6.95085121297069,5.68700351879121,1.74324053407985,7.14538567817769,5.69268485742772,1.75903788230106,10.0632210951943,6.26366067390841,2.03532725814203,10.4127171592172,6.33269759775578,1.95216667888976,10.7372379497046,6.29304998284888,1.88075430194774,10.3331823290106,6.07875733296702,1.55888167132188,10.0598627755405,5.74230449961899,1.99710405214459,9.86866982813241,5.43255139240464,1.98802795649165,10.1574854967143,5.30804824375275,2.09576243072799,5.09214608905925,6.10948191205022,1.67154535107791,7.85175140746707,5.73271730977242,1.75296877169785,8.5596152944485,5.72418381930175,1.77645169954817,9.243605960744,5.59988783069828,1.84268756485346,11.1811870178119,5.10770007760716,2.32138170695828,12.0398773310533,5.14550499886689,2.35833351595752,13.8873820861962,5.20359727299023,2.43767469986927,15.4621184310751,5.26500922628365,2.43802347238996,16.4403842688331,5.51852655982396,2.28392971792103,17.1456313954342,5.80357230911193,1.97103976161845
6.01187600517583,7.38555068186449,1.3050409266192,6.31954895831484,7.17399230112694,1.40865625882574,6.57089164097595,7.08070366863685,1.43711742697961,6.99546023478969,6.70247428548165,1.25135895383249,6.97157459854513,6.20441037262794,1.67786034075709,6.93003343149663,5.69460979429927,1.73743636474822,7.12403540246124,5.70533031150577,1.74979347698186,10.0794738806902,6.2681941522993,2.03614076294182,10.4190386871234,6.33041739696122,1.9490312321902,10.7350197532169,6.28788821190532,1.87230567307069,10.32805059633,6.08288753167834,1.56301266310539,10.0569619619267,5.7437897265962,1.99070019487274,9.85752623316211,5.43692151495098,1.98606961946123,10.1429924482444,5.31179730020151,2.09358273345334,5.08213550178095,6.11839345547449,1.66218280858203,7.83474977769742,5.7350704163686,1.75167975967461,8.5474791029848,5.7224621800726,1.76555879331489,9.23101382237235,5.60432551135582,1.83959422057205,11.1671530103606,5.10672908999243,2.31882208117965,12.009874869942,5.1401465447299,2.36485169838141,13.8893828650102,5.21677738990019,2.43232701447502,15.486933345415,5.27832084539323,2.44306979817451,16.3157213380426,5.48563089536614,2.30356962119168,17.1370919824547,5.80438051183431,1.97329174953991
6.01257511290475,7.38543007739837,1.30504995719908,6.3175724913582,7.17403757396012,1.40763345428543,6.56750070658821,7.08086561958081,1.43527552210408,6.99349034982417,6.70244911727768,1.25190686704644,6.96262139044484,6.2038164893418,1.67815939935143,6.91883921058696,5.69181482313121,1.73927775052926,7.11509898086492,5.70612631082675,1.75006050433129,10.0814963468029,6.27060340698958,2.0344718021825,10.4216302034368,6.3310066442308,1.946314348906,10.7325194581477,6.28917541510626,1.86860793594524,10.3244875468689,6.08290884496463,1.56573195911656,10.0425219714072,5.74891452559668,1.98792482092843,9.84351648512797,5.44142102735271,1.98038441000543,10.127990358895,5.31872486702501,2.0882568804596,5.06982986548537,6.13210336285729,1.65632033736052,7.82100287525535,5.73351657071682,1.75358092289025,8.5266564965399,5.71154251926915,1.77300202598641,9.210565671698,5.6163640705934,1.84233701648852,11.161213822922,5.11105362358248,2.3169714034204,12.3858525032356,5.24454227513749,2.34926916313358,13.9027016006532,5.22533186719257,2.43325088189605,15.4495636887522,5.2901058016327,2.43904322979116,16.3330550210694,5.49411148341913,2.29495875699711,17.1231352006595,5.80577104637672,1.97564548021832
6.0115693117738,7.38559121689437,1.30675270333251,6.31676250770086,7.17439372596354,1.40956667044895,6.5691289656852,7.08004081598046,1.43419674855564,6.99220872028111,6.70379577110818,1.25141556023481,6.95782043402965,6.2050082856432,1.67515929832788,6.91194316955849,5.69171544645324,1.73848382884508,7.11257328797028,5.70789540342754,1.74819254987737,10.0883079329086,6.27158132188259,2.03240653693484,10.4274287860224,6.33113353746598,1.94452268727663,10.7302771522046,6.2878325490508,1.86334802892736,10.3180154381451,6.08491382994928,1.56987462436336,10.0248114206435,5.75358817407413,1.98469162064097,9.82854816775346,5.4368080660772,1.98292134556426,10.108875100026,5.33310464834524,2.07797042443953,5.05860729305224,6.14049479026304,1.64640546539073,7.81264495550942,5.7366853939461,1.75004559302205,8.5143171453714,5.71845944950208,1.76678215040677,9.18286219643868,5.62854808018389,1.83087892518653,11.1425786956023,5.11481578388263,2.31390949672051,12.0238857983328,5.13826380541816,2.36567340019545,14.4266157420977,5.11417255284916,2.47799840944314,15.5320753473878,5.29174921390842,2.43282899225498,16.3401220370571,5.49934753678869,2.28985277672809,17.1095599712298,5.80831959617014,1.97759110890508
6.01208022178745,7.38539182197462,1.30615482659353,6.31573196263603,7.17364256309259,1.40865339841779,6.56685263009546,7.07772397511598,1.4280659742252,6.97462613209361,6.69801803948123,1.24664626918836,6.94543588346823,6.20419204125558,1.67134293457265,6.89681720240071,5.69283979137242,1.73631574791003,7.10162900326711,5.71025559624056,1.74550575296089,10.089987102818,6.27468475334215,2.03008487027871,10.4279910664054,6.32889348492232,1.94495504626708,10.7299794420051,6.28878164340457,1.86082642263685,10.3143037606374,6.07825730848861,1.57733921628929,10.0186500940952,5.75032032361002,1.98630816144051,9.8185444579982,5.44163120005983,1.97966321020495,10.0972629386709,5.3418301097397,2.07370581477328,5.04066239380332,6.13887581797743,1.6430081185665,7.8002323818159,5.74137700085652,1.74413823512601,8.51101146601008,5.71940533952349,1.76424162178765,9.17812508530427,5.62887761335969,1.83099959629705,11.1014007720454,5.12418149829943,2.30810286214073,12.3929285895584,5.25136979860559,2.34790811483504,14.4146750018846,5.11781398536441,2.47081174612677,15.470298054512,5.26996286062513,2.43318678693351,16.348587158969,5.50705289895796,2.28477360906508,17.0944326613191,5.80605864846085,1.9810778832069
6.00988811360304,7.38541778126615,1.30647967396893,6.31340549587449,7.17449292012945,1.40832659247064,6.56390329592258,7.07856571255587,1.42798099948133,6.97849430542287,6.70263439561566,1.24476122889193,6.93515001046143,6.20635055710966,1.67245577617912,6.88768048138279,5.6981161775639,1.7349531122669,7.09232311687502,5.71483010225013,1.74479336148145,10.0981162725081,6.27068979651393,2.03339557054565,10.4316549069658,6.32791145136782,1.94641256269617,10.7300979371399,6.28867305274181,1.85300805671724,10.3094818084082,6.07651917364286,1.5581588650026,10.0071592762618,5.75444777669649,1.97874274289689,9.80811892806588,5.44264692946132,1.97576418472745,10.0862973399514,5.3449530505702,2.06927049746627,5.0232104976553,6.14367170742988,1.63873187801632,7.79477169770353,5.74787016954594,1.74074849082461,8.49969818767529,5.72586237117506,1.75865057952797,9.16094898091764,5.63347200362857,1.82413841874341,11.1964966199231,5.16423709646475,2.32138500217643,12.1291174678737,5.16714583968986,2.36679514123143,13.7030367421236,5.20521321985376,2.42926025553939,15.4751054582525,5.2962413001006,2.4322844304582,16.2750879461681,5.49711308528296,2.29476829081772,17.0770637330594,5.80377164021764,1.98379620032571
6.00904958560496,7.38738504761338,1.30732744526413,6.30921512147885,7.17715000803178,1.41175902098892,6.55582901658547,7.07965249501851,1.43097558459751,6.97200063917226,6.69806341942,1.25187623734574,6.92229053550387,6.21066450746725,1.67499180590909,6.88024937535941,5.70143977680491,1.73541836262994,7.08568915956085,5.7164778398507,1.74597904504274,10.1028067557607,6.2822811578823,2.02736529874045,10.4314604932187,6.33167832192335,1.94723249506206,10.7322998802994,6.28458871423724,1.85998186570968,10.3009344418778,6.08439618855425,1.55521407531678,9.99177460765098,5.76350998508228,1.96937514827499,9.78625491940265,5.45352661226805,1.96849046208741,10.0674539550128,5.35097856923859,2.0668316858957,5.00404598152684,6.14864336088109,1.63882430976451,7.77763474392539,5.75026580067325,1.7400066191897,8.4844751769569,5.73566522475446,1.75397045756024,9.14008724941413,5.63897961948332,1.81981273463679,11.1015180383142,5.11885632846855,2.30958648060726,12.3990771016636,5.24093187584306,2.36347840548825,13.1951076803422,5.0724723991635,2.46871515525131,15.3511169304103,5.26982308576246,2.44063160039428,16.255617677888,5.49762103481583,2.30196692099377,17.0581036982251,5.80721028763337,1.98979454817068
6.00614490962023,7.38762828048872,1.30749103952627,6.30830082081231,7.17798617628887,1.41262418316034,6.55629089215681,7.0779686183287,1.42646313275989,6.96806872444444,6.69569709089919,1.25353197331785,6.90839896067203,6.20816066391265,1.67203465435322,6.86553631351235,5.70349788089253,1.73761799694547,7.06927625677459,5.71783133832112,1.74439001718109,10.1064433823194,6.28794833390572,2.02507255200842,10.4344288856881,6.33628962920467,1.95020363593601,10.7317774554673,6.28694631719821,1.86023108970699,10.2941004423272,6.09011646534645,1.55383866308526,9.97426066482249,5.77511181390261,1.96152711983132,9.76813432084848,5.46713608928137,1.9592266541869,10.0531991650116,5.36041012649859,2.05877205295489,4.98412190172876,6.15587527840299,1.63201005218905,7.75828799965614,5.75197714083974,1.73941442526182,8.46835156000932,5.75319833314886,1.74259777342365,9.12735365925094,5.63943040707935,1.81921601234741,11.0790804258995,5.14242053861518,2.2928347382331,12.3591767172795,5.24314632774791,2.3574295422584,13.6631107084368,5.19705611832601,2.43476225268592,15.3458051672825,5.27009228101431,2.43997517204714,16.2250338069111,5.49180154725788,2.30737754504438,17.0378746672708,5.81050104134715,1.98763120175263
6.0048791004725,7.38905072539135,1.30778607090654,6.30541680493787,7.17931063748386,1.41427373019382,6.55531486550029,7.0761647871518,1.42491084301973,6.95633343504689,6.68644028208263,1.2497323358975,6.88479739481174,6.21286042556249,1.66789850705279,6.8385981867725,5.71149502793273,1.72529058026091,7.03233467670392,5.72225512025891,1.74975624558101,10.1140998016856,6.30008489258448,2.02044229367674,10.4372255280282,6.34228832225597,1.9503006670696,10.7294018244307,6.29041626515196,1.86207939967421,10.2824896945999,6.09685837660201,1.55268714499478,9.95307269307163,5.78589409662983,1.95356514527842,9.75140926852772,5.47595426305163,1.95373635944252,10.0366368476862,5.37621147804022,2.04899253831603,4.95797285752214,6.15067211146648,1.63511859141656,7.73615501417063,5.75602468436172,1.73610672376719,8.44063515543232,5.75909503799641,1.73825550881833,9.13117904858687,5.62937498008244,1.81195501477282,11.0660294695607,5.15033923864464,2.28527293955216,12.3278521353065,5.24984912530289,2.35116073001478,13.6911718685462,5.20439565509196,2.42889437582096,15.2692089011435,5.2401373464152,2.4560724264764,16.2015346678026,5.49603005244912,2.30765473042566,17.0173156205061,5.8124927863409,1.98832192147804
6.00453844155594,7.38972952057784,1.30750683505146,6.3042466775236,7.19276985146714,1.40272383733458,6.56037010914609,7.0757486480875,1.42469339150626,6.94166268523992,6.67794999783454,1.2495197933737,6.8626218179,6.20932321164501,1.67074891985713,6.80901665749042,5.71523725704909,1.72372229056156,7.01173809726441,5.72786160019075,1.74532062535372,10.1088506959391,6.29327412008788,2.01888590519331,10.4434753314909,6.3363103913178,1.95612930313744,10.7274351474344,6.28994860703516,1.86290906950168,10.2833115161657,6.09683559971416,1.55588154272251,9.93383367645893,5.79788780235105,1.94223417054247,9.72572619006014,5.48668357048028,1.94367819045332,10.0017053147848,5.38327478454429,2.03923709681123,4.93771794805081,6.13485481874926,1.64751646764046,7.7090374247939,5.75308880143825,1.73231623954587,8.41574446045162,5.76664972616621,1.7396976836091,9.10422371506378,5.64531876155264,1.80025016467928,11.1048879169255,5.18732763512962,2.29406582777363,11.9896303727963,5.19638227958011,2.3425441055745,13.707111358424,5.21148648097253,2.42963383861494,15.3482611862995,5.25627065966597,2.44266511765734,16.1713191430378,5.4936315839616,2.31055740740316,16.9917546434912,5.81493251242969,1.98959099469087
6.00461425716382,7.38759181621266,1.30499950769273,6.30044960575739,7.19231679366401,1.40450137942777,6.55619976667861,7.07698380086367,1.42933442370963,6.92502773828703,6.67589415720927,1.24884996618783,6.8245611782831,6.20323952415401,1.66447119690257,6.76982941046148,5.71459990179137,1.7207118301278,6.96286706929788,5.72594340516477,1.73966893359843,10.1079236169441,6.2967892481462,2.01799908495315,10.444209143657,6.33130818090892,1.9584995513912,10.727121936871,6.28806708806152,1.86546583503352,10.2730508695524,6.1087136047432,1.54657590125296,9.91417848703693,5.81314345919266,1.93059598166153,9.70528611685933,5.48732852873207,1.94193603776503,9.98772892129698,5.38254047573556,2.03415709178851,4.91088453989121,6.12886471890254,1.65101545055593,7.67313107462321,5.75738446470677,1.73918808810977,8.38674122383306,5.76615528998858,1.74117359227894,9.08115720470521,5.64710412738305,1.79906629514485,11.1608360027164,5.20718244310405,2.29170778870792,12.2597926932512,5.27227530586525,2.33170702621989,13.6937598580858,5.21243219738584,2.43240393001007,15.1976886981048,5.27258369460949,2.45764243870261,16.1283149745303,5.48041837979812,2.32086505898683,16.9704269138596,5.81238787973511,1.9932306178776
6.00177990003071,7.3862443755718,1.30225042107932,6.29643341337883,7.17792799737326,1.41446280909997,6.55323624734868,7.07850475633616,1.43174430813583,6.91913124979984,6.66979168952039,1.24942424946604,6.79968057157883,6.20123250638826,1.66711558396184,6.73059022434331,5.70962512904571,1.71970265554876,6.92820946037327,5.72873302048954,1.73437600397756,10.1050650401016,6.30281043974669,2.01481476948957,10.4379320494561,6.32793237331618,1.95517836446606,10.7244195533435,6.2908976113685,1.8691772797763,10.2597380662119,6.11798379393741,1.55293298382023,9.90232739254445,5.82938397195393,1.91505908693262,9.67109253246079,5.50127283108906,1.92769595960285,9.95891213983082,5.37905666554599,2.01798940285434,4.88578909400111,6.13355923228691,1.64907786647428,7.63631079100957,5.75804661968742,1.73754509007568,8.35503588210777,5.7796597106059,1.73224941353765,9.0451564849741,5.6648804448634,1.78634351991398,10.9331430268844,5.1542330423633,2.26974339753373,12.1484896369883,5.28070095000779,2.3225124756415,13.2809867689172,5.35041223080114,2.36546019762208,15.2480924257309,5.27913642798165,2.44094808631333,16.0974175049221,5.47889516780894,2.32949981186198,16.9521752059686,5.8109482490262,2.00868410621616
5.99962725034112,7.38662153094842,1.30244119243609,6.29259576247436,7.17865174691702,1.415261613236,6.54706463799108,7.08151102179054,1.43467807385285,6.90946937533413,6.66737777513035,1.25735215397516,6.79220015532252,6.21451655336396,1.66547242648832,6.72567173192688,5.71737094742038,1.72350032857079,6.92005389136509,5.73668645607244,1.73073117666337,10.1021909268268,6.30369482966266,2.01432291986971,10.4448998632647,6.33000290831194,1.95995614871489,10.7192713368717,6.29300625131609,1.86941585085919,10.2424248821807,6.12583171605905,1.55322431618202,9.87411425016726,5.83791362538895,1.90004797047401,9.65245335590483,5.51014490378929,1.91147192234061,9.93235272282923,5.38872131313492,2.00667755919453,4.85899359043569,6.13439760340922,1.64487072653978,7.62575913099588,5.76431163407852,1.73489455851569,8.33589980255474,5.76738111418497,1.72626388755866,9.02394880590586,5.67525675966687,1.77551782324448,11.1172913919024,5.24015903055207,2.2699297174334,12.1700593162005,5.27900146892923,2.31523214669866,14.0617215613176,5.352994649123,2.40806176910925,15.249965924947,5.2866829499583,2.44475891173595,16.0785193142273,5.47789654317299,2.33180316515848,16.931136764269,5.80894133271099,2.01630507801824
5.99700468227217,7.38813070707243,1.30283899965668,6.29251825301249,7.19372098874377,1.40416135939116,6.54468968928802,7.08243985094586,1.43200071249429,6.89856745670975,6.66352351756419,1.25776319509193,6.77437536704373,6.2223491675537,1.66258165407006,6.70456454022011,5.71240738831792,1.71821091775259,6.91357218865151,5.73853410796836,1.73056825261524,10.0971720022772,6.31100389884249,2.00930053441939,10.441055062502,6.33062261290911,1.95182163605074,10.7101260150967,6.29641907464691,1.86359587633985,10.2230811894216,6.13417389033923,1.55473068625136,9.8501080759383,5.84341834524273,1.89663294397495,9.63064413052216,5.53216336591438,1.89330679830601,9.90191524568096,5.40667669683458,1.98700949056952,4.83394031390764,6.12660151331505,1.65071588991597,7.61738161307613,5.7712278344681,1.7284223820254,8.31804352051692,5.76684200415574,1.72621688625412,8.99179138743938,5.69777401294371,1.77510184180535,10.8347470737421,5.21315845769646,2.21772335130412,12.1865301996496,5.28916863548425,2.31123728274899,13.6291884785376,5.22751600858555,2.42025633430668,15.0484121317218,5.22956707949998,2.46526380398774,16.0294127366581,5.46182610470088,2.33228556483803,16.9057861689612,5.80143281029572,2.02084434857446
6.0024677079716,7.1142242448134,1.49633293702132,6.29134396740296,7.19369770113513,1.40253627220707,6.54106851939152,7.08466988501783,1.43136213501158,6.88971064366536,6.66100047187101,1.26132191751508,6.75628218457715,6.22534016322656,1.6586695143892,6.68934790313426,5.72063554013552,1.71564863021079,6.9087222824972,5.73849768194344,1.73552840223906,10.0984935194952,6.32061801608238,1.99740606496112,10.4384914207521,6.33335980125954,1.94985452994179,10.7017589044941,6.2950575636742,1.8624909233156,10.208770906787,6.14299872336248,1.55821941763421,9.82658028110304,5.85472435990918,1.88633143242695,9.60194682868668,5.53680039336023,1.88796462502833,9.87485582011888,5.43604003367868,1.96378491604278,4.80570850977153,6.13973681845531,1.65144604257551,7.59857728902856,5.77759827140603,1.72624823868489,8.30227252710064,5.77117424824597,1.72628063265645,8.96552574680335,5.69980928649206,1.77250057945058,10.855334091762,5.19977991838605,2.22492167689964,11.9941165546376,5.23852380679611,2.31035561716568,13.4939843475216,5.20683699031907,2.42217434142849,15.2235932444794,5.28633767538421,2.45085820802234,16.0774225192071,5.47794286003183,2.33332923539891,16.8858147884374,5.79803149808466,2.02455712646486
6.00162247761007,7.1138594417662,1.49737312191749,6.29342438621098,7.19481872231405,1.40247214208203,6.54267536353198,7.08705885712659,1.43047499435822,6.87134314452266,6.64914932640044,1.24474115008674,6.72389757266909,6.22962665750765,1.65922431980914,6.65445853950177,5.72036200505754,1.71771990958065,6.85843552396982,5.73715408205283,1.7388356132816,10.0983333365921,6.32319728554241,1.99340034443243,10.4398527291456,6.33922441696538,1.94537719281191,10.6932800242107,6.29514448090698,1.85779722390389,10.1925934507359,6.14005259372505,1.5470441993064,9.80375730776066,5.86138301391787,1.88244145471358,9.581635639904,5.54587049240636,1.88347775660892,9.8590655441092,5.45454747051003,1.96374267015186,4.77741233452214,6.1472625849193,1.64208427483699,7.56025296601286,5.77931865400412,1.72459670664018,8.26480389548604,5.7893268472164,1.71417791639731,8.94413780194911,5.70683880153849,1.76699519978284,10.7940308596148,5.22184240658098,2.2076734838319,12.0896713375313,5.3084862145478,2.30057860655077,13.4940945816499,5.20340041719344,2.42183367627915,15.1937069416586,5.28224355761552,2.45618599331348,16.0490241459479,5.47109178456184,2.33348534438792,16.8627805449117,5.78844934200059,2.03025014349009
6.00262749631918,7.11464834993469,1.49799610237082,6.29601490105323,7.19630658653756,1.40251218484512,6.54456700423714,7.08918646110273,1.4292783063674,6.8593769409684,6.65098177702793,1.24588020562859,6.69506781642338,6.23531978523829,1.66612898632333,6.62088995658352,5.72501451233469,1.71634369006669,6.82150281679574,5.7423172254192,1.73486871643162,10.0943817354615,6.32877096415802,1.99227840988165,10.4367013690785,6.34322577016954,1.94389039733951,10.6900483424149,6.29421691315845,1.85674254601199,10.1821895095571,6.13224983699354,1.54744556977328,9.77714395824047,5.8743296452543,1.87526291303438,9.55609539494145,5.56061079755097,1.87428696694974,9.83557887307593,5.47539352768309,1.95585965561541,4.75070596807137,6.14924572178645,1.64413911807602,7.52784088595286,5.77825796948375,1.72124920915278,8.23340736053461,5.80314951002422,1.71238929281709,8.92751900188331,5.70817518653356,1.75117744080857,10.6424623127778,5.29012499787224,2.16240042753179,12.0254557206696,5.29701659449464,2.29548835339546,13.5288875829659,5.20340755509817,2.42476853564118,15.2519391975174,5.29048099476059,2.46144582733474,16.062386767319,5.48177403276893,2.3333274718808,16.8434901794419,5.78222458708926,2.03598033921144
6.00394554582157,7.1130561676691,1.49775516699828,6.29652742409931,7.19560867264869,1.40230559684228,6.54477052627995,7.09000393688141,1.43081228500761,6.84333297122008,6.65081297072517,1.24350096979028,6.6603317726165,6.23191248918179,1.65358617178149,6.57995554134434,5.74101863682885,1.70746824881614,6.76888523864736,5.7418874506581,1.73177093041043,10.0928031787649,6.3264671024621,1.99706651542619,10.4374699987718,6.3396489710609,1.9431366253353,10.6809225968502,6.29377350519707,1.85156114871724,10.1659792622578,6.13859619143445,1.55251226501458,9.74878318518558,5.88690035030261,1.86253009952134,9.53125554012724,5.56795064156377,1.87239324260592,9.80303171247739,5.47767692862283,1.95516364975988,4.71500074843008,6.15799331903962,1.63812249039559,7.49009281950103,5.78737535316233,1.72788657628829,8.1961107709451,5.80655377328108,1.71385252456833,8.88913025569163,5.71692102467973,1.74704000309804,10.6431019912637,5.3011213488371,2.15492317124751,12.079474774158,5.32707297006074,2.29023410408774,13.502118668306,5.20479513998487,2.42082544987103,15.1561787401355,5.29577763199848,2.460184653672,16.0342685390362,5.47119326301786,2.33189164704714,16.8152868091916,5.77059721641912,2.04382455227456
6.00718061277787,7.11414739582685,1.49925762550154,6.2959898351156,7.19526195187664,1.4023738948009,6.54495211314492,7.09156949054029,1.43044142295218,6.84695633698646,6.64508103333058,1.24388333756264,6.62882490511779,6.23141806052035,1.65402112881687,6.5305959287861,5.73026113953077,1.71026765590542,6.73273980858511,5.74855007015408,1.7291118766692,10.090390658486,6.34021329623557,1.98852299098775,10.4375300581663,6.33805862132652,1.94623219542333,10.6726492738173,6.29143244000444,1.84396352112635,10.1418576569642,6.15426763676771,1.55054291321835,9.72097267956409,5.90545506656309,1.84556743056999,9.49933942792579,5.5745769437002,1.86578563668155,9.77233768767318,5.48421511607425,1.94569012327521,4.68781617843072,6.16671469212756,1.62938575474066,7.4555459403369,5.77873579215687,1.73421427581355,8.15659775718033,5.80063841712359,1.70734924575482,8.8582458883087,5.72075408562664,1.74563095488194,10.7144180542942,5.25190867793873,2.19171968620511,11.9123071705567,5.32054649064338,2.27252521146141,13.08024643966,5.38416670638494,2.3345212696498,15.121310163155,5.27403404824714,2.46521507485303,15.9957923921071,5.45692434279776,2.34202591151164,16.792310914393,5.75821427512667,2.04603313116836
6.00551128882381,7.11311700127477,1.49736947597159,6.29296869127086,7.19416355239673,1.40163878534303,6.54490346873134,7.09099578401803,1.43007712892409,6.84702838094326,6.64431238701198,1.234683730566,6.61505979120521,6.24107289139342,1.64907087290535,6.50179474708389,5.73509089095385,1.70431602984478,6.70467676164607,5.75705437110853,1.72822508201695,10.0871605693046,6.34197059333234,1.98968451100221,10.4404491648787,6.34316452478826,1.95323428862783,10.6607513946035,6.29403105176642,1.8367981796052,10.1173816916776,6.16461533159446,1.53514592496638,9.69241556293692,5.92115606278236,1.83475880033285,9.46960120790732,5.57881949422627,1.86316563029203,9.7579887061411,5.48638901648281,1.9337996189229,4.66149200204688,6.17207027694174,1.62401250200806,7.43575364772065,5.78361334505787,1.72862534427566,8.12455668374909,5.79023588965276,1.71452601117271,8.82175207189268,5.73935850332959,1.73290660126532,10.7093614507788,5.25924424118541,2.18468933292634,11.926206635862,5.34197278706195,2.26835382813593,13.4641046104951,5.22511818208344,2.41462073018887,15.1313726438765,5.28135312047442,2.46143718549342,15.9187870210188,5.43921702031452,2.35257588818193,16.774886286527,5.75882329953995,2.06028603134423
6.00365897991691,7.10963979150169,1.49294063265837,6.2900257748243,7.1944909693989,1.39907918841997,6.54420402635644,7.08924215612817,1.42673476157012,6.83655786441588,6.64471012375794,1.23127974547104,6.60824084638479,6.24369058410185,1.64478474805182,6.4903421510657,5.74497072325373,1.70237003277367,6.69501631629029,5.76326853245366,1.72880751710901,10.0794381319359,6.33716366523644,1.99347474455741,10.4241559670712,6.33964848305807,1.95122825310493,10.6475319110098,6.28982570267466,1.84023222287707,10.1070408110746,6.16634498650738,1.53178716665752,9.67225075617452,5.91568023120332,1.83654137275627,9.4454865670167,5.59477839053304,1.85215001534625,9.73218287446566,5.48449125504562,1.93555836227141,4.63372441556433,6.1879992763855,1.61688870618149,7.42296160940289,5.78962749361546,1.72717129963855,8.11336320292474,5.79675198227876,1.71204713690695,8.80125388562123,5.74877021716796,1.72905663260045,10.6961678942213,5.25922366570587,2.18525520011469,11.8914892875139,5.34687023730154,2.26121703190422,13.4776340338769,5.23477914756813,2.41000010674016,14.8846638571092,5.21029489483131,2.47798069216408,15.9096219908432,5.43723395700861,2.35060628259255,16.7510893611886,5.74869151138684,2.0685437886537
6.00375818573135,7.10703955141566,1.49158506146525,6.29018460448766,7.19365068869876,1.39914660887409,6.5460517644986,7.08612875496185,1.42311820024669,6.82200889534356,6.63501260074566,1.22013366811296,6.58489780181373,6.24792668052689,1.63877323368307,6.45146176326767,5.75145724591226,1.6989240037897,6.65930665095803,5.76121075174006,1.72817413408487,10.0728582589172,6.33616710169309,1.9924012478342,10.4230005780109,6.34040871918702,1.95112198241645,10.6361586097646,6.29720934819256,1.85244257868819,10.0782457256063,6.17772804203868,1.53563488591377,9.64108062373717,5.92363320192581,1.83316924132555,9.41294832490795,5.60976114090712,1.84218699047719,9.69034304600055,5.49969813854273,1.92475954011802,4.6134508037233,6.21370310411432,1.60053422816984,7.38813261394664,5.78951261901643,1.72300480363736,8.08338246967792,5.81088849872536,1.71564299365582,8.7682791528189,5.75310289261288,1.73389452769743,10.6643210525146,5.25997546665236,2.17696855115162,11.9196156071873,5.36788800564039,2.2631353636953,13.95498886945,5.10918612302055,2.47251136735124,14.8778699941247,5.20821205798154,2.47358839671486,15.8995098399987,5.43785641309135,2.35636805855542,16.7364763777705,5.73388702509993,2.07533594847481
6.00535754015636,7.10709628394437,1.49134221919633,6.2938271312389,7.19514274658314,1.40036218527906,6.54927097790581,7.08410265180687,1.42019467189991,6.80705715418015,6.62769744388506,1.21220798419081,6.55932253415488,6.25133428522557,1.63064437033924,6.42823604874405,5.76229594406706,1.69369566911939,6.63215591682418,5.76149609831514,1.72945279494731,10.0665535477095,6.35445833637379,1.98041972337872,10.4266268935234,6.34988778002234,1.95563702988641,10.6240950068813,6.29631142857342,1.85317319380894,10.0548010458177,6.18780898664254,1.54313279288864,9.61494504729317,5.93300261159661,1.82586060953216,9.39212237434757,5.61916092755662,1.83626463508784,9.66457219896427,5.51418097559693,1.91691952248801,4.58940269389347,6.22775497188746,1.58760567670136,7.36669024362763,5.7944584138655,1.72968209539337,8.06078094169128,5.811319916396,1.71559542872237,8.74591888587917,5.7489015687077,1.73351486908898,10.6149491541959,5.31417869067479,2.14273253780093,11.8078324519334,5.34469320916385,2.26835982546109,12.9502635487076,5.39606513504835,2.32077647499257,14.9832982996645,5.24337625718559,2.45745321708025,15.885745882887,5.44010634657264,2.35767494770303,16.7167970945701,5.72546613470825,2.0803483685494
6.00574394366972,7.10692081788403,1.49063048113714,6.29398136034598,7.19551112401459,1.4016659259551,6.55124019602417,7.08205654274607,1.41868092628412,6.79741572437905,6.62024053573867,1.20981898624845,6.5416489566924,6.25446151515039,1.63191765662513,6.41522301360797,5.77071060817102,1.69921770186607,6.6081467442477,5.76320664935923,1.72393025510324,10.0673269710154,6.36083887074034,1.97696041054295,10.4313343862391,6.35410996188696,1.96111597590806,10.6169492064952,6.29154876506338,1.84870759625373,10.036426130346,6.19443741822427,1.53973309707035,9.5928244037277,5.93853119793671,1.82140440511798,9.37377917431484,5.61703525972585,1.83781883131852,9.64408936175956,5.5237046888738,1.91452838239187,4.56940758006373,6.23258563869102,1.59176135926925,7.35295220842014,5.79211204759587,1.73102873928719,8.05084771006129,5.80994190101839,1.71694247749501,8.73982389275865,5.74490400482145,1.72660344576117,10.6127336836626,5.3157585807685,2.14157297745464,11.810629757049,5.35078441385679,2.26493179247494,13.3241664384617,5.23418234381817,2.41199583569918,14.9917443483825,5.24997953282653,2.4554114742706,15.8476159902944,5.43223067827543,2.35796930618956,16.6956082397758,5.72094948219886,2.08174569784404
6.00507711269144,7.10418938212531,1.49188254793568,6.29611552184125,7.19368132981275,1.40185878875048,6.55152965884831,7.07830989754023,1.41418878997192,6.80080968699258,6.61815830803975,1.20484580476698,6.5324062634641,6.26071337570218,1.62940972135901,6.40823691498783,5.78150107010398,1.69138084830574,6.60577768625255,5.7766241068389,1.71743593553141,10.0648623136792,6.36320071657864,1.97312745511469,10.4316228354521,6.35543112010025,1.96259861388234,10.6084120539889,6.28702184799753,1.84576166709872,10.0126026045964,6.19290152780958,1.53788069938093,9.57451361743786,5.93993114579415,1.81843676824364,9.36024678953506,5.62258071814955,1.83447336594646,9.63046228010712,5.53498714673459,1.9081548694287,4.55151539972399,6.2394601212484,1.59432611853324,7.33443491793766,5.79690514820853,1.73038775235749,8.03300729052438,5.81763713956997,1.71204791105349,8.72646536977559,5.7463514288328,1.72525075078184,10.5790905511571,5.27268259949118,2.1525334778072,11.8006262380527,5.36001574050505,2.26268910246786,12.8834302371568,5.39352195758482,2.32249830509966,15.0690555273436,5.27535431335435,2.46158279890537,15.8819605676785,5.44712076388485,2.35491962075111,16.6764828504865,5.7200323657763,2.08368521895989
6.00337058656583,7.10484289906477,1.49293049623952,6.29546904183079,7.19319599090654,1.40269875462199,6.55036345070188,7.07730587400347,1.41150571051915,6.79471910440803,6.6096248120953,1.19862752768853,6.51723217634913,6.26594542218648,1.61779170799483,6.39081239629796,5.78696576043042,1.68696056228981,6.5875724234751,5.78102100597821,1.71164395642428,10.0621315736546,6.36616463097562,1.97246945416047,10.4312701362835,6.35383227030065,1.96389979209243,10.6014831080501,6.27956701593223,1.84176891712707,10.0020385308092,6.19560356619925,1.54115815227197,9.55967487525813,5.94359449015015,1.81533836667147,9.34717819073875,5.63116247646731,1.82948655318429,9.61442070587053,5.53720512314418,1.9055128690544,4.53423508962735,6.2331474834067,1.60792983102497,7.31281268905293,5.79665405049082,1.72719311348789,8.02227865302092,5.81661831461951,1.71140158355265,8.72572443132012,5.73446292427461,1.7338102200155,10.5635251067049,5.27424441750399,2.15006328305973,11.7881149339255,5.35927698082545,2.25833967046309,12.921697747109,5.40290084448936,2.31634313966558,15.0796486570119,5.28170405782308,2.45754461739395,15.820651328889,5.42927014761236,2.35702286651582,16.6571065519267,5.72157786367654,2.08169332244733
6.00256018543303,7.10473244105886,1.49392565799353,6.29611375900242,7.19217793342221,1.40293508235997,6.55033759811071,7.07609398680245,1.41015934399325,6.7824059185801,6.60470193449293,1.20314876116782,6.49538413084475,6.26986541659665,1.61234818471471,6.36928754090909,5.79082835484767,1.68510763515765,6.57171305407801,5.7813515961494,1.7112884932166,10.0588246473578,6.36504473914332,1.97324090427482,10.4303284993936,6.3509680831433,1.96119917433897,10.5934942126498,6.2702324477452,1.83383285045609,9.9822192819004,6.19270010214397,1.5441032024966,9.53915657262167,5.94232302613379,1.81434882833202,9.32068556092405,5.6319929570031,1.82744958035442,9.59233955228056,5.53193766689641,1.9066510175951,4.51550179418335,6.24267030568455,1.60749373637906,7.28201595708132,5.79682498776491,1.72020856488765,7.9902450825486,5.80401378291435,1.70602078186902,8.70035438908779,5.7307990134982,1.73452559137002,10.5592281655577,5.27202716106267,2.15446852333252,11.8391567104275,5.37689940975687,2.25940762404497,12.9171748670384,5.40128685929254,2.31664691605338,14.987098776653,5.25102266019579,2.45412329576019,15.8148473182053,5.42985013224833,2.35555244566863,16.6375398212041,5.71752135733012,2.07718353644137
6.00298644142469,7.10380618340559,1.49555588295009,6.29593547114663,7.19003289750444,1.40101847548381,6.55059054435418,7.07466457999138,1.40608217349244,6.77086475870755,6.59766197475245,1.2061455562455,6.48862186892541,6.27447441911463,1.6114419644792,6.34292829354832,5.7949042656263,1.68551539759311,6.55898474201712,5.7863627459353,1.70802645799407,10.0573647046445,6.36236062904235,1.97177114762217,10.4315536510548,6.35233521745934,1.95838090176836,10.5836018762173,6.26487165390956,1.82861930006937,9.96751990417905,6.18955676364866,1.55160556874255,9.52428400902205,5.94271264957375,1.80797210598588,9.30455686290409,5.63098624765519,1.82380547952413,9.57563546680189,5.53161572491582,1.90479572745641,4.49791220130025,6.24966520306891,1.60689711441121,7.27586271362445,5.78878597584422,1.71492668103627,7.97941829440292,5.80090699353863,1.70398689943191,8.68745849349378,5.72860711376547,1.73571385606308,10.5435041360218,5.27917955371194,2.14915254517554,11.7629155090125,5.37027011948878,2.25189335696954,12.9132306437838,5.40961699011451,2.31762393086312,14.8941293178094,5.22802046744009,2.46298476838046,15.7919107832544,5.42898369287455,2.35636125201459,16.6223428606031,5.71604372470967,2.07105527696391
6.00486419898724,7.10449564151245,1.49505696473643,6.29603257708893,7.18891489731767,1.40033405698981,6.55088650453417,7.07897455089835,1.41143521297651,6.76352246185557,6.59248332727828,1.19823466138449,6.47980429341769,6.28046739647853,1.61067946375235,6.32768001296816,5.79030524256268,1.67273291809999,6.54741374799502,5.79942808058736,1.69642686420973,10.0547849016571,6.36377188737448,1.97041497953752,10.4243552585895,6.34999866916531,1.95629892928677,10.5732736886035,6.26226024149741,1.83235024539679,9.9592194040316,6.17656481381054,1.56677007006477,9.49570971985743,5.94188630666087,1.80275462797088,9.28709023495431,5.62358020502188,1.82526964207185,9.56704756999768,5.52842331109388,1.90136734686726,4.47957020057448,6.26494762387587,1.60150700345726,7.26553616715645,5.77605439750056,1.70835725682033,7.96473593506873,5.79658994822937,1.70099064730805,8.66726097890401,5.72756970217113,1.73131392131834,10.5378711008161,5.27941985889354,2.14885554963419,11.7375706804449,5.36509173839551,2.25556237629869,12.8948039204698,5.41760908578068,2.31465266462266,14.9257051658777,5.24030793393035,2.4685168461841,15.7792655168033,5.42671884753122,2.35635448271647,16.6091295231034,5.72474522879856,2.07600678196487
6.00416446175659,7.10498649385135,1.49793147812794,6.2953045680552,7.18835876403028,1.40034179520196,6.54885018794742,7.07944934593721,1.41472609309776,6.75620959683898,6.59359834392025,1.19968987682389,6.47026789855558,6.28206974794686,1.61202966624755,6.32143216085678,5.8006547657671,1.67821027578812,6.53919190996169,5.80231640076107,1.69008528587346,10.0556876449648,6.35813992176892,1.97093139562058,10.4245281832068,6.34504274516025,1.95712554970394,10.5635606592568,6.25440438699523,1.81550880532605,9.9514642153141,6.17530160026832,1.54442371485262,9.48844746353951,5.94060917397864,1.80921882524736,9.27350199802998,5.62639917055308,1.81855502541236,9.55586734938365,5.52837320348329,1.89587059556562,4.46205906546893,6.27012004134589,1.60192341083682,7.24988946009243,5.78643773416534,1.71929759372342,7.94810271375273,5.77961118679455,1.70937233910883,8.64510700581919,5.72672113219046,1.73056367722804,10.521947838579,5.28301899919356,2.13632801421946,11.7436679129793,5.37136480500916,2.24660757692947,13.8706593417039,5.12038248551625,2.47485168087783,14.9064527867729,5.2297143807727,2.45761194343474,15.7723423195401,5.42732611391376,2.3495404747023,16.5911524790738,5.72584955434165,2.07504926206233
6.00694920998112,7.10598677686051,1.49803360934431,6.29704693885459,7.18770613486638,1.40122673498478,6.54881276882003,7.07562629414828,1.41124311908945,6.74666517408837,6.59057652815549,1.19824765122595,6.45624796864681,6.27472405926806,1.61030178697509,6.30461872724934,5.80072631159704,1.67143123287961,6.5269316965321,5.80332862317092,1.68547268187884,10.0510188569762,6.33569320727294,1.985908968968,10.4208145314622,6.33867825587747,1.96028322896709,10.5536546776341,6.25425067317037,1.81654084073892,9.94205374036272,6.18257413662653,1.54226892034241,9.4699894954382,5.93760767339801,1.8082929075734,9.2560709872686,5.62564560448727,1.8171017650652,9.53548001815101,5.53106844879866,1.89007768280865,4.44700765496469,6.27269964453738,1.59072294017683,7.24063138596837,5.78213398674476,1.71551510330342,7.93556084263201,5.78940782681129,1.69978410556062,8.62982301694618,5.7308342177391,1.73458028991598,10.4985682882269,5.29070113301155,2.12388924192934,11.7354939869035,5.36582090838116,2.24609706688752,13.8644119462139,5.12416982839923,2.47655132258659,15.0165273063844,5.25328841436713,2.44921680280132,15.741607753648,5.42332817676152,2.35196476011113,16.5758914973909,5.72314800828139,2.07552881086862
6.0061592060602,7.10749086804955,1.50079955883893,6.29772717765636,7.18841776718584,1.40176208359261,6.55081005964695,7.07517195889897,1.41062447993515,6.73239393101908,6.5871280548503,1.20334183162401,6.43635680151309,6.2747705092578,1.61348573250619,6.28051927935564,5.80421758256838,1.67131598373175,6.50673098477398,5.79921593741231,1.68324819960746,10.0513260031998,6.33257227733733,1.98916253901613,10.4153917868998,6.33821093340461,1.95889054616569,10.5428519386121,6.25330291298631,1.81877006929984,9.9266840698951,6.17958193228881,1.5357846364007,9.44572769460416,5.93351929421993,1.80532438162947,9.22818316286538,5.62602685156308,1.8121728430706,9.50757065322257,5.5272612335211,1.88684990216226,4.43004998117842,6.29168454315394,1.5802223191533,7.2150518024593,5.7844092896713,1.71023446956813,7.92001721322477,5.78413561635254,1.70373130636406,8.60489346979232,5.72687705360862,1.73408766187802,10.478905609638,5.29081412933287,2.11821342319851,11.7265772631747,5.37715645817658,2.24442080830784,13.8266384806549,5.1264403751813,2.47114895973704,14.7518723503955,5.22843761901477,2.47394428266345,15.6945058607104,5.42391784090468,2.35053695792268,16.5586946012355,5.7186785350803,2.07794787116247
6.00669877990004,7.10921732898175,1.50354711898959,6.30013566423724,7.19089807954432,1.4041148161647,6.55094990636977,7.07524608719248,1.41299070081015,6.72060315631606,6.57172845023289,1.22509867343655,6.41364205407308,6.2786328667801,1.61664504912318,6.25578433955398,5.80623081614305,1.66041881230703,6.48011286674071,5.79562070792099,1.68292395335263,10.050365358561,6.33283088797854,1.99134309267839,10.4146834180825,6.34125471716562,1.9601250206752,10.5284183043727,6.24503391077459,1.80247441441188,9.90354786899274,6.18236760814459,1.53492338132373,9.42465312411704,5.94039811922747,1.79564229489536,9.21257056988002,5.61704393163665,1.81563371988272,9.48803377459564,5.53333067715029,1.87995664699132,4.40676231913047,6.30435393769049,1.56652084611251,7.19495269816065,5.78348677534118,1.71313041599405,7.89819229580402,5.78502771397167,1.71323213478893,8.58675494650715,5.72699518085581,1.73066055821362,10.4622570861729,5.29424125829917,2.11332256735473,11.7233369590297,5.37760039462836,2.23918854123889,13.1515002255331,5.24615307467622,2.39686947645606,14.7870240160665,5.24047217917755,2.45914102738426,15.694334741629,5.4295335336439,2.35583343659681,16.5365066509677,5.717071231557,2.07701650542248
6.00852615324161,7.13384509785052,1.48637883457306,6.29934400841989,7.19020662085192,1.40426014191211,6.54946918990061,7.07698649974756,1.41455399984148,6.70069337589423,6.57343132287548,1.20219285874769,6.40043065514748,6.28437156947392,1.61888976590912,6.22136460424266,5.80829346518817,1.65772202691593,6.44108317067857,5.79877770691041,1.68170013558743,10.0525193797044,6.32807263975764,1.99372423578911,10.4131641597437,6.34073327610811,1.95482150753028,10.5096818429662,6.2383660109132,1.79089239668674,9.86496403584732,6.1925816100168,1.5333039354027,9.39686474339224,5.9452484409484,1.79053101120184,9.1853246450576,5.6170584586354,1.81237256133909,9.45717694549397,5.54364716753489,1.8751310517213,4.38673712871374,6.32997686196053,1.56553035195631,7.16115363193027,5.77973029491577,1.71073713229103,7.8717011038635,5.78323331408918,1.71388747191509,8.56268719377597,5.72402815996311,1.73235683873486,10.2952286558857,5.38802954772094,2.04151744902997,11.7507250275948,5.39047554801806,2.24377509760863,13.1205474137974,5.23490266010454,2.40997420654612,14.7941312944955,5.23939221644525,2.46599733775739,15.6735018111765,5.4215705445821,2.35155797709914,16.5113758108761,5.71679194582241,2.07397555984579
6.00985759975068,7.13282582449489,1.48659156059731,6.30029559369589,7.18860986831278,1.40367528415278,6.55074393091475,7.07700463882846,1.41134838057493,6.69603380397865,6.57397052188554,1.19293138234095,6.3839342355367,6.2913940303266,1.611999562983,6.19278747816244,5.81132207840097,1.65415353299922,6.41494106306743,5.79841732648706,1.68098636750214,10.0476523257245,6.32110984865654,1.99584455668397,10.4068396224327,6.34397996012075,1.94731834416473,10.4897008367873,6.22138877968151,1.76639352526101,9.83900192392664,6.1959852925027,1.53112016211577,9.37991799939618,5.9432180363952,1.7893413308308,9.16891579923536,5.61484835571795,1.81152560312313,9.4411158747872,5.54517011767593,1.8724903944406,4.37029204327587,6.34974456797406,1.55410374789644,7.15507202952403,5.78010874200108,1.70859004957879,7.85214525500461,5.77847499853398,1.71401389506755,8.54519213814405,5.71722487408346,1.72783153424856,10.2989830636019,5.38167853010706,2.04425248896444,11.6781506628837,5.38154795754912,2.24269678301475,12.6809005186157,5.38392562962698,2.32178541494112,14.8179969852401,5.23129958717949,2.46241519860266,15.6416814264234,5.41865617410825,2.35597858091198,16.4922159940771,5.7151804061754,2.06774623877378
6.01129166898096,7.13207709726186,1.48501795305441,6.29926856657655,7.18957616413031,1.40513379529617,6.54799761876532,7.08001613953011,1.4136529730595,6.69237735098682,6.57331809162837,1.18596484457785,6.35619682760246,6.2938586808273,1.60839165251802,6.14928672221034,5.8132476266731,1.66317573582464,6.38246357860155,5.80031888708731,1.68028048223868,10.0225380836875,6.45688901606445,1.89594554176873,10.4070482697421,6.33872174045623,1.94631668192151,10.473906899818,6.21888192252979,1.76180540853821,9.81142990331546,6.19688759385894,1.53844299468221,9.34889426838648,5.94291572082579,1.79192087164597,9.14921799500904,5.61799623780402,1.80824085326882,9.41607211784407,5.54900929894808,1.86819811760452,4.34780580501421,6.35607682638495,1.55172411249208,7.11716073532656,5.78750706302738,1.71753872395999,7.82199427057275,5.77571067960703,1.71338390614111,8.52765602798698,5.70160596949801,1.73929633835372,10.2433404634719,5.37257444325107,2.03597020455257,11.6558233269591,5.38028231163069,2.24182625180767,13.1397598993719,5.24877634089226,2.3985124002866,14.757384514221,5.22644498397212,2.47069233863442,15.6457154416742,5.42076535215375,2.35646112636628,16.4707038298005,5.71384008121187,2.06544022883333
6.00986128027047,7.12488024345237,1.48687407889106,6.29847834851264,7.18750330655248,1.40504062559511,6.54638956907163,7.07964158594578,1.41269937580943,6.68172769888056,6.57612019705922,1.18943595294892,6.34076968237165,6.30379676336446,1.60548927904481,6.13315823421047,5.82089938947403,1.65250487092133,6.364181253529,5.81164773991288,1.67702154503566,10.0187973195614,6.45409912054313,1.89670094625516,10.3925487965926,6.3487449987224,1.94863704681707,10.4641777182586,6.22701738773633,1.76260975454707,9.78636179120103,6.20317672727241,1.53866021035742,9.31225323755591,5.95203046131544,1.78345923651954,9.12456428532986,5.61921262190564,1.81147734401097,9.3946235873655,5.54237204256742,1.87083039642137,4.32474889165842,6.35088646538996,1.55446228976295,7.08091873202629,5.78245470829278,1.72177882850163,7.78998848837347,5.76117817480675,1.71312386796143,8.49701096256027,5.70220616697582,1.73853242657613,10.22914575934,5.37184739080656,2.0371402716879,11.6745232991251,5.3827110596663,2.24071652656903,13.1157907540126,5.24603194271136,2.39917202699613,14.7258065937323,5.21345172602868,2.47032657667332,15.6156963984887,5.41258301384957,2.35946978239906,16.4469521251854,5.70281152206861,2.06913957890268
6.00818448328557,7.12361459676144,1.48446111824023,6.29810629146065,7.18633967954622,1.40488735728336,6.54549744930339,7.07762226471132,1.41142876621798,6.66523578011173,6.57519449828267,1.19241541296751,6.32254748665945,6.30891255926139,1.59741602549263,6.11405788990282,5.82526116038789,1.6479942194927,6.345431464487,5.81792903720073,1.67829227707222,10.0377935198951,6.3184205189468,1.99408966914323,10.3780235869468,6.35500074690698,1.94651997739183,10.4378314680401,6.23631278974922,1.75631245260433,9.76464374533744,6.19956366727192,1.54678458454848,9.28773592759573,5.95810744099338,1.79050719847073,9.1017727781465,5.62222148557163,1.81166552969412,9.37432085412012,5.54926048839025,1.87023247669665,4.29738460564233,6.36005907382217,1.54391669471198,7.06678266165094,5.78475316539886,1.72066333114809,7.76145888023017,5.76218658012768,1.71237694663932,8.4678290308376,5.70612701292568,1.73571866938404,10.3266007566033,5.33918169629922,2.05796008169672,11.6057088285032,5.37880922356222,2.23491032210689,13.11389270331,5.26232712242394,2.395115118372,14.7449410322958,5.22480702931454,2.47607573185991,15.5892285145569,5.40883434300067,2.36058430595722,16.4298427522745,5.70079946674462,2.07802117586805
6.00839479205894,7.12281593452532,1.48291681455407,6.2979151825608,7.18664540953472,1.40528143008767,6.54524553230438,7.07694914042572,1.40836219171485,6.6460005772069,6.59065794287655,1.21873135809342,6.29609555686753,6.31265719561759,1.59567310147327,6.08410986470142,5.83984006179726,1.64172286019897,6.31171489074713,5.83385642275268,1.67885035161649,10.0152443811411,6.45388703035152,1.90061093831867,10.3624418291762,6.3502050132353,1.9401430694857,10.4232801027157,6.23324319919029,1.76122577245036,9.7569781387907,6.2181437912863,1.54467385804013,9.27089306392858,5.96210825037927,1.79186087634309,9.08011390825614,5.62290715510441,1.81247417457379,9.35776511587799,5.54672062960737,1.87068320107139,4.27116172842236,6.3694963931483,1.53019134732518,7.03877207431766,5.78586299672759,1.72176689167669,7.73863433431507,5.76392030954366,1.71363561929307,8.44292990305619,5.70887877548966,1.74488689022226,10.2179690138447,5.37113925483942,2.03630355767302,11.6399582844534,5.37752113881801,2.23829125607245,13.7043426732035,5.12769556221119,2.47106917434181,14.7337944973573,5.21530261700153,2.47080396069915,15.5816280425811,5.40908823894015,2.3601185374038,16.4090442262138,5.69309605126089,2.08579442821039
6.0089955889376,7.12107528888265,1.48273480357569,6.29928067533087,7.18671388081054,1.40210834038736,6.5458145106826,7.0753444350695,1.40186987766718,6.63211069498111,6.58409999517769,1.21700439027237,6.26877119816655,6.32053011414682,1.59140181862603,6.05985277856482,5.84490473218215,1.63367406557868,6.27820373428542,5.84196362603,1.67634358116084,10.0142422105684,6.45974338998804,1.90314648971793,10.3641694223779,6.34148563855297,1.93088877507622,10.4005653923841,6.22871933582308,1.75800058858142,9.7203241550174,6.220432088681,1.5359395994328,9.24952762912335,5.96411386605932,1.79081578445629,9.0562333984811,5.62970888005435,1.81111523807718,9.32549428246128,5.55569551996937,1.86563944145673,4.2512683344332,6.37100908559656,1.51348426337828,7.01644424995414,5.78959202684411,1.70651039720898,7.71364474491764,5.76913178902323,1.72517992027391,8.41841914013608,5.7086197705355,1.74463142663507,10.20562113441,5.37915747184068,2.03175821491131,11.5753563142312,5.38369298025647,2.22557966207422,13.0684220116937,5.27315328494636,2.39286230315383,14.6118579989025,5.21583661874118,2.47414655697539,15.5361534280316,5.40253330643522,2.36525134963667,16.3865135778867,5.6832837088183,2.09129113299755
6.0109680016293,7.11777257684603,1.48167725921681,6.30136706709443,7.18388069525607,1.40035412695868,6.5473421057382,7.07220089863688,1.39900683304132,6.61733462736921,6.57938725745073,1.21823283709043,6.24925368154037,6.320840203607,1.58522334331296,6.03026464779726,5.85046053300009,1.62717970423438,6.24089533329069,5.83743154794726,1.67102554616524,10.0154244351699,6.47105785184087,1.90850314169263,10.3562561171131,6.33811290544098,1.92059642618505,10.3630726203328,6.20452815272484,1.73342421945835,9.6835200634635,6.22455544505462,1.53490414160078,9.21568816535456,5.9679401603756,1.79153884711725,9.03487961337443,5.62519032936556,1.81521028286588,9.29698674332,5.56115182440977,1.86556334376607,4.22870172984361,6.37894718078503,1.49981506461903,6.98245222548167,5.78684285531959,1.70226338064873,7.68198347533003,5.76899001566265,1.72571872066623,8.38410825162239,5.70910583345763,1.74586715089851,10.2301490970631,5.36748273895742,2.04056261718941,11.4931266947857,5.41526691297591,2.21380798693881,12.9597711855415,5.25340050041179,2.39145263136366,14.6692756157147,5.20930083171829,2.47784147260327,15.5283571407557,5.40026148087248,2.36672557260937,16.3680625100946,5.67114084975762,2.09490842057943
6.01131666568332,7.11754438083529,1.48197817750762,6.30578273403966,7.18312671436964,1.39952210786641,6.54864107985575,7.06894427247437,1.39771263926951,6.60696672141107,6.57812787419918,1.21602706217959,6.23359036331488,6.32428450494666,1.58529085673777,6.00626704158114,5.87773477625106,1.64109660210315,6.23126244289589,5.84596218765702,1.66263227934963,10.0159012417581,6.47953315326549,1.90466876074692,10.3500766272964,6.34416772551419,1.92271841645521,10.3460739896721,6.19263049974087,1.73481413154654,9.66175971536329,6.20997375180289,1.54538720880238,9.17781391149653,5.97770895766067,1.78423740305793,9.00021421752693,5.63160208715678,1.81140265525336,9.26214770343075,5.5744377098235,1.86203633692178,4.20093774567665,6.4053099323686,1.49788298739699,6.96493243581452,5.79121496776399,1.70286715618728,7.65110267106723,5.76439772299569,1.72900454916841,8.35256893995813,5.70490649733513,1.74683945936242,10.2174595563585,5.37063581110491,2.03937752462864,11.564035672364,5.45030432238982,2.21809884263497,12.9722602450531,5.25401822375638,2.39464288598212,14.6219707489773,5.22223988159826,2.47590256158552,15.4909845948104,5.38823358852167,2.36954391887688,16.3450473833565,5.66006093673716,2.09483959206747
6.01378679007505,7.11905381083321,1.48106174890556,6.30942073617302,7.1835471055786,1.39738421858992,6.54918778891656,7.06764444266551,1.39442471987367,6.59028956739738,6.57623300331112,1.21695415475293,6.2177528173642,6.33495764353995,1.57827952651524,5.97395137743092,5.87979250108353,1.61986655737609,6.20435362742234,5.85398134091514,1.64703364853653,10.0452286702734,6.26387052055553,2.059496690114,10.3453263948186,6.34576550075476,1.91950117615937,10.321649602519,6.20234815685092,1.729732771468,9.63043480030524,6.20679612260378,1.54285167157927,9.15242717720236,5.97810584496578,1.78365649110277,8.97743137714034,5.62945183888346,1.81492566418592,9.24032668440678,5.57987515613688,1.8599250148974,4.17542266658059,6.42353196638001,1.48191343540455,6.93834501233003,5.79313334580273,1.70408559869436,7.63275118368104,5.76482359408476,1.72924622387675,8.33453238781766,5.70222537583013,1.74913252453986,10.4104026636915,5.45233369491941,2.0678605984318,11.58620088432,5.4440028340841,2.22362005897481,12.9268701172774,5.2421843511132,2.40334391483862,14.6106086707119,5.22287251311916,2.47857670377017,15.4799919103287,5.3855175284443,2.37086959185367,16.319707644488,5.65699641399426,2.09270420760014
6.01146674661723,7.1187249399165,1.48111879515853,6.30949478068429,7.17995679815876,1.39708344789819,6.54658561656647,7.06444006551179,1.39242112750804,6.5743930770478,6.56804474289708,1.21150336207336,6.19524039082571,6.3477728365387,1.5700125509038,5.9496195628024,5.89204426337226,1.61387526357838,6.16893198325338,5.87179670538804,1.64671402921928,10.0073665817469,6.45956853205227,1.9215270253846,10.3412239808662,6.35056018157073,1.90718159265253,10.2946437487237,6.19733987930887,1.72829728841545,9.59016026582013,6.2109477426998,1.53787291944826,9.11067432354284,5.98839780094814,1.7729530143785,8.93859720592422,5.6355141886692,1.81231760928861,9.20910360477451,5.5762398307439,1.86202216327783,4.15343977202785,6.44920684209365,1.46423510925002,6.9032730128786,5.7892216047045,1.71003281888624,7.59821555688315,5.74710897005709,1.73360330511454,8.30186567438238,5.7066518836287,1.74756690027779,10.422097650075,5.44516445062489,2.07750342562152,11.5390861611299,5.45363811798549,2.22132200019964,12.9576106162886,5.25995619298557,2.39186097369161,14.5959311074476,5.21910213139026,2.47133654019792,15.4583410810123,5.38033797937434,2.3768915635412,16.2920456340606,5.64809892611407,2.09375070852518
6.01083363464629,7.11716751657636,1.48152858362077,6.31033288953177,7.17461647670381,1.39605962785584,6.54432431468463,7.06037015025144,1.38897725250602,6.55438560381785,6.55883273844701,1.21823231475384,6.17366117492365,6.35256767572303,1.55984008608752,5.93253590694322,5.89981647110478,1.60401840374081,6.14717061103798,5.87384541625433,1.64094000115165,10.021704990728,6.52535135473842,1.87303691307732,10.3336622415189,6.35264376119855,1.8974760958741,10.2517761201779,6.18366187448602,1.71765878532044,9.56059172401338,6.22121738067646,1.53445674791233,9.08512294240813,5.99928258043555,1.77561380570122,8.9079589308492,5.6444381588659,1.81204985804494,9.18634790125048,5.57738937629765,1.85956925038865,4.12752774286487,6.4515620565257,1.45122525203501,6.87321704578514,5.79237890329271,1.71446913540163,7.56721047169156,5.74954185172055,1.7334032144757,8.26821467914378,5.71356105532701,1.74829745458619,10.163799179059,5.340485525091,2.07045392324796,11.502159084157,5.4544991794661,2.21467798301646,12.8774029775914,5.24614157479094,2.39911349407559,14.5535614312478,5.22851797012835,2.46998890373026,15.4201215934057,5.37768651958768,2.38178195870637,16.2662818140029,5.64327288154283,2.09252338779967
6.0100495619915,7.11814395838851,1.48451530905128,6.31144669520433,7.17163902905719,1.39576458723517,6.54510057608331,7.05290448963191,1.38738752591683,6.53723227192227,6.55375566896745,1.21391649604029,6.15228750749279,6.36802206205864,1.54754151999723,5.90398164357543,5.91556408560969,1.59641248226786,6.1231708611136,5.88622773704963,1.63365048655915,10.0190411039777,6.54464132316713,1.8614251449628,10.3213098185096,6.35309943057087,1.89068226545725,10.2239855495064,6.17316926245553,1.70280982303397,9.53130403074324,6.22420007680429,1.5333433485657,9.06199516344321,5.99469951171606,1.77880204043822,8.88420809410737,5.6391022269776,1.81685439261174,9.16419666226126,5.57677048966529,1.86404739491961,4.09870672749469,6.45145102647924,1.45171924715051,6.84397351757668,5.79068737387036,1.71366307616362,7.54490386736984,5.75586847736087,1.72930645257769,8.24964129148348,5.70955056686473,1.75126224093797,10.1202195162926,5.36035560972554,2.05371073884233,11.4544781157423,5.46660186945767,2.2064824254362,12.8598608422868,5.25436337702047,2.39201000165574,14.5000520890211,5.23159172902467,2.47027575715014,15.4034755055715,5.38759187281511,2.37645810173275,16.2448305989464,5.64510024859315,2.10255511170129
6.0099559282096,7.11888332523203,1.48668120123228,6.31155626533366,7.17254034191661,1.39466033309415,6.54313504041078,7.05072820660696,1.38602118611997,6.52431531244167,6.5551427283781,1.21119073848691,6.14678051022997,6.37303818373362,1.53347892451046,5.8824201206611,5.92460933676461,1.59560627934971,6.10534357764388,5.88626941223928,1.64840334782936,10.0212073468647,6.56232454701185,1.8533201987702,10.3114610981081,6.34726892330143,1.89248711406468,10.2012588953463,6.17250452398944,1.70221740706528,9.48584432900962,6.22673558476181,1.52513611459252,9.02495483784918,5.98699361013779,1.78319054877834,8.85139740869412,5.6348675349071,1.8206506483246,9.12795394197015,5.57720904386163,1.8687358114954,4.07333888762225,6.46786712161751,1.43436377784487,6.82761241937379,5.79227220056662,1.71058454525251,7.52759077376304,5.75558414982136,1.73037909557742,8.22488464964516,5.70773787811905,1.76048911258375,10.0357145675891,5.41149825848915,2.01978080465246,11.4454877145853,5.47084494281535,2.1975388113245,12.8704494680774,5.24552965819901,2.39590691087384,14.5805025190238,5.21778160388652,2.47720492417637,15.3821063749905,5.38276069831567,2.3769723630699,16.2206478352496,5.64219413191019,2.106615056841
6.00978165710032,7.12053940858891,1.48694705249466,6.31228998619595,7.17372966658893,1.39357660107862,6.54156073750803,7.04891815856169,1.38449301012304,6.50824641102034,6.55509693264627,1.21312761124907,6.13336773524817,6.37897535632301,1.53074988429382,5.8624680211307,5.93338247527253,1.58791571017337,6.09226703526757,5.89041320361254,1.6325415623387,10.0143213765096,6.56323476454644,1.8575288983507,10.2953829218582,6.34119328531028,1.89494029232253,10.175707227858,6.20003768981522,1.71124336952227,9.45498622990958,6.22836940182071,1.52209285133904,8.98983237339609,5.98939761486543,1.78549142131726,8.82948048229836,5.63318352503553,1.82084839801542,9.09688875103561,5.57792517669777,1.87134649561532,4.0512914934587,6.48371460158521,1.42113966427368,6.80060672680709,5.79141117043357,1.70935713222025,7.50354983323117,5.75601094363744,1.74459122923428,8.19958279196425,5.71090595405708,1.76315516048032,9.95896823750973,5.40786191042431,2.03835998856752,10.9101251696915,5.33293603608455,2.20518302186816,12.8203752088522,5.24840864083714,2.39524278650697,14.4663008528223,5.22713528595326,2.474934416613,15.3648961107104,5.38290129760185,2.37808050183742,16.1989363099095,5.63359788206436,2.10465368484639
6.01036000423358,7.12016707217316,1.48760828295765,6.31571737543759,7.17755615071728,1.39454590696754,6.54118756670168,7.04803760361761,1.38558075458947,6.4947164958914,6.55451050133144,1.21888001110201,6.12008348944581,6.37063552107526,1.53571401051563,5.84797448058377,5.93229899622407,1.57338465129611,6.07110732233186,5.8943769537323,1.62720796946707,10.0119865390145,6.55593829666689,1.86396172284474,10.2994427508894,6.32253782027019,1.89077176286234,10.1398107033376,6.19245594181396,1.71666705501619,9.43628801077501,6.22660322902447,1.51560074051655,8.97573195716879,5.98887264556562,1.78400121731999,8.8097677755401,5.63631054013036,1.82356141818352,9.07935972924597,5.58351998119538,1.87391106993481,4.0308567625973,6.49476763895586,1.41639278256138,6.77928291449316,5.79419921033153,1.70505051016457,7.48881015329089,5.75051181293129,1.74749958601987,8.17958470624084,5.70612773466164,1.76852230414564,9.97290698048828,5.39535361009918,2.04505252148349,11.4085985220614,5.48990584545958,2.19391153425805,12.8176672505036,5.24789207633267,2.39492860352358,14.3795722170685,5.24560952294704,2.46931763345112,15.3338550547052,5.38049059352098,2.37610416141712,16.1723897597688,5.63124386373233,2.10275043533483
6.01086096423245,7.1196962558457,1.48769032333867,6.31760232547716,7.17769915336421,1.39471219626561,6.54176013484889,7.04210762720473,1.38361480453579,6.47709637966474,6.55724451192329,1.22017275546206,6.09167382034028,6.37902387058079,1.52903642672726,5.82524912608754,5.9350914384305,1.56895454240028,6.04940678499546,5.90097019752582,1.62352751141844,10.015892512579,6.61259217091309,1.82892381399286,10.2915600721494,6.29922602759205,1.86317597315327,10.0752543609884,6.22077893583911,1.68464005299385,9.40508338117848,6.22655648388716,1.49774042122538,8.95595025780402,5.98281361580036,1.78855533238461,8.79651777987336,5.62745185230379,1.83588989643186,9.06843121116114,5.5797726812527,1.88055248834387,4.01213414904614,6.51825698608574,1.40794978861397,6.77019685381423,5.80288040197467,1.70574177355071,7.47298307492572,5.74434803004131,1.75059754899418,8.16540925094774,5.69885422849089,1.77472824031293,9.95933432711307,5.41174694844054,2.02738952914677,11.4040601362119,5.49627927844801,2.19834946243187,12.8557304986054,5.25565492639089,2.38815481085681,14.339184542846,5.23587841927884,2.46889142877402,15.3075341870227,5.37554105146366,2.37662529133572,16.1475479056748,5.63467518288379,2.09853310783018
6.0106385931194,7.12237599342314,1.48935235031411,6.3178222522972,7.18096047914922,1.39226076425969,6.54160061646784,7.04240888087292,1.38131341507983,6.47077642641139,6.55783848566324,1.2090764787656,6.07311132270968,6.38976073100457,1.5344800398155,5.80327760282643,5.94407200679483,1.57181278304113,6.02862878777996,5.90245548885541,1.62590593544814,10.0338877757187,6.62550071940864,1.83736199790479,10.2704913886027,6.28332757242895,1.84824139008078,10.0035733995029,6.21502417222738,1.67487503765872,9.38363784439027,6.20614426706857,1.47177944287918,8.92152394458167,5.99456181909878,1.78018074261103,8.75970480942522,5.62778091731796,1.83620110039087,9.04191982045238,5.58260809379258,1.88541548003353,3.99294644910429,6.54193420902853,1.39673939175088,6.73412033863336,5.79816443485314,1.70761096778093,7.44108129061496,5.7342590410519,1.75984919408395,8.13365154635293,5.68813006742287,1.77784215266398,10.029707970152,5.43160120129477,2.01947161634493,11.3250423401328,5.48519298886607,2.19704727139345,12.8081223232582,5.23724275388315,2.40093001985555,14.3400023780979,5.24670975599996,2.47621092047769,15.2802688230714,5.37229664125508,2.37914323884458,16.125028435277,5.63662128534229,2.09771011789223
6.00889604873176,7.12273274887296,1.49022621836764,6.31613504920118,7.18372660368821,1.38953312235275,6.53931578285793,7.04309683159654,1.3797331318978,6.46170389288607,6.5638906865126,1.20622990935296,6.06340738483247,6.39533828024545,1.53086506208235,5.78831691781524,5.95519722030921,1.56462233360694,6.01045138742254,5.90995251580205,1.61690132456318,10.0801209781023,6.31408768326517,2.08141592081558,10.2223790416652,6.27228103654608,1.81977660118773,9.96553927189457,6.19828435380137,1.61475928678032,9.33969171807674,6.19298784190597,1.4377317202439,8.90876984581908,5.97480139940291,1.79396950151389,8.74493622444005,5.62306995801584,1.83665508079135,9.0220521955211,5.57620473027229,1.8782373773392,3.97389846413311,6.56489783727774,1.38937587757491,6.7096450698945,5.79869786085817,1.71010667586754,7.40789516120911,5.72575589122914,1.75729524088693,8.10745414608114,5.68586037527715,1.78027034685662,9.92067429354299,5.40366091469775,2.03209835598312,11.2400784299102,5.45402012343103,2.20709695180326,12.7512764283371,5.28321688131792,2.37668197678259,14.403287654134,5.21737667535903,2.46914221702648,15.263600264041,5.37320842278541,2.37888675675584,16.1045438458206,5.63308855713257,2.09627553014568
6.00699025100312,7.12223160696205,1.49174869119677,6.31338282785032,7.18356241233432,1.38742459839591,6.53643530985225,7.04314778993962,1.37984503995691,6.45557101863143,6.56232581711007,1.20388465288383,6.05343937326537,6.39671156252443,1.5283962075402,5.76740180690149,5.96437255517931,1.5584525147491,5.99001007098335,5.91996443538207,1.61385985692709,10.087596257769,6.31970914991317,2.07350980112775,10.1769359934976,6.27906069432525,1.7915678267212,9.89726542210963,6.21734691200102,1.55428678389498,9.28127025798213,6.17812524231655,1.40881102750646,8.87028771919997,5.97548741952715,1.80162075676004,8.71344545480872,5.61275601802074,1.84027294942351,8.98935859350902,5.57087949659988,1.88416065001833,3.96139688369381,6.58562152857649,1.37790204614395,6.68608489293805,5.79713550984221,1.71374171610884,7.3822069242553,5.72171995780925,1.7590380604903,8.07668294155863,5.67838814731677,1.78579161994659,9.86478710998207,5.44898322152069,1.97070801762804,11.298351321042,5.42156472818691,2.22014499003221,12.6886378335374,5.28299093705232,2.37917330763878,14.3101827380273,5.23283621126566,2.46766367120768,15.2267421067043,5.36855281183922,2.38381355403827,16.0879594336094,5.62994992143798,2.09567271912971
6.00419501392182,7.12099512525997,1.49495045567488,6.31084875161297,7.18340841281287,1.3887222263292,6.53522808660568,7.04316800409719,1.38135986459536,6.45027635847335,6.56281292707328,1.19755865924155,6.04165998065272,6.39449613423939,1.52332775919807,5.74417880604674,5.95802259482634,1.55310898318524,5.97388867705709,5.92050764652648,1.61560504469916,10.0797123330783,6.32293401213647,2.08009161141041,10.1397652078593,6.29717396769633,1.75569118930023,9.8503297569122,6.22179425498047,1.51231080414509,9.20987140340817,6.19309794560522,1.37720221792055,8.84790202191717,5.95158667145576,1.79313888170202,8.6870572502274,5.60205983342689,1.84846392192869,8.96315788558677,5.56023607838118,1.8846354892306,3.94825351127961,6.59923225436427,1.36621181377385,6.67486284714804,5.79390499445811,1.71608492597677,7.36314666009776,5.71696132842754,1.76270835374937,8.05539101351848,5.67296403844874,1.80547080995593,9.87852237625004,5.45262882812122,1.97305443183657,11.2937067530532,5.47528629803225,2.20141569632473,12.1589855371677,5.50286988399032,2.25456575845693,14.3202107322918,5.23370249179155,2.46802621245069,15.2140282326517,5.37062216725204,2.38200945855861,16.0737390372716,5.62606733399106,2.10442596152333
6.00232738762751,7.12206353624502,1.4938425163738,6.30935902052205,7.18533519190018,1.3865764826292,6.53578539903809,7.04152516073594,1.38361698266919,6.44542526148469,6.56519281899685,1.1949319960672,6.02992596947533,6.39811889244967,1.51682550228906,5.72717594031384,5.96939772649221,1.54584769156008,5.94501215371882,5.93066207957606,1.61020835054938,10.0539499671159,6.31003207475679,2.09198271816344,10.0859558355974,6.30537197658262,1.72390034818381,9.80975280313173,6.24175864971227,1.47662260456703,9.16530959085921,6.16694221356675,1.35051223386662,8.82177180624746,5.94209577603527,1.79475292031457,8.66263963988828,5.59319841638865,1.85436146975509,8.9475731709778,5.5501466498614,1.88647756296221,3.94004295781598,6.60266666967806,1.3616447632654,6.65490755680397,5.79549743984561,1.71298080226471,7.34162427189168,5.71069513356456,1.77240959421652,8.04362840767745,5.64972678506015,1.81594928239176,10.0855643409506,5.52533382509876,1.98137429077062,11.2667620107574,5.46518923484488,2.20163194421193,12.6791913757688,5.28214033215228,2.38382853277451,14.2830739804238,5.22655737990733,2.47228140755558,15.1932929910955,5.37834599435222,2.3782795452971,16.0548238640306,5.62302241009433,2.1075332283869
6.00235203028001,7.12303688193538,1.49162956068834,6.30916047941753,7.18746124530203,1.38524689519553,6.53393120660548,7.04004243959696,1.38156200388537,6.43584781569989,6.56804862110664,1.19407787675459,6.02574757563917,6.39791647817351,1.51694751550962,5.71668940916484,5.98899036761475,1.53216631190712,5.93480863213765,5.94007723113005,1.60292109639704,10.0146962565905,6.31156214626937,2.08981806552975,10.0218944741867,6.33068429497993,1.68889357928163,9.74314902709365,6.27415048130322,1.45532770463896,9.08461297363894,6.17380761942564,1.31277498832288,8.79503342895302,5.9356937430652,1.7908387391668,8.65718625691611,5.58376095209624,1.86204195633757,8.93084735991323,5.54025011707345,1.88245924886881,3.9287445154882,6.60775364758066,1.3395726143941,6.64175339977008,5.79117897146866,1.71316732108502,7.32405031292388,5.70676717230107,1.77286838065274,8.02263265287428,5.63749806462077,1.82112983544621,10.1000118293938,5.54875408910743,2.00844024844185,11.262044868616,5.46411290385147,2.20594422259841,13.2451006792126,5.11803960109853,2.48322282601328,14.1471246611192,5.18330410177113,2.47441423793156,15.1676038198674,5.37185772302706,2.37721831617406,16.0355047086335,5.62135693029311,2.10355548981679
6.00150873304206,7.12460189693089,1.49170353134872,6.30731328300195,7.18819756235451,1.38585552282714,6.53119952313809,7.03901944640211,1.38012934232343,6.42849590698594,6.56880552739748,1.19354409702204,6.0147397337347,6.4000475108995,1.51201706202467,5.69880101829107,5.99602100307453,1.52759357481107,5.91680420765991,5.94542370616682,1.59661806832798,9.97384907346861,6.33398935699313,2.01755211315754,9.95464346169506,6.32569192183645,1.64665125447539,9.66850874448139,6.28473895531262,1.40872958743793,9.00853352039358,6.19177814218985,1.28183806083488,8.76787358767851,5.92672321449526,1.79132228969658,8.6340926888653,5.57638536139077,1.86560109539996,8.91739605035291,5.53732399422545,1.88190874462409,3.91139231700952,6.61083381279942,1.32498300632586,6.61486385411366,5.78874970087415,1.70742822428094,7.29873651460707,5.69789592343467,1.77688532122104,8.00654844306599,5.62163376291227,1.81782771583175,10.095870172154,5.55117920725558,2.02411778764304,11.2083075478614,5.45776612165293,2.20030645814134,12.3007896525277,5.46376194570332,2.2825767733763,14.166333706363,5.20011441710239,2.47917929571573,15.1407861111743,5.36372188359135,2.38186187788373,16.0145539353433,5.62064987982954,2.09509893069807
6.00278566164565,7.1257263763774,1.49205430538039,6.30657729091872,7.18713838805717,1.38646798075036,6.53074488040927,7.03677257472883,1.37911663413417,6.41610742008428,6.57026419959095,1.19300958348086,6.00686653362374,6.40210808684588,1.50912148148931,5.68965892329767,6.00435284892716,1.52448304968021,5.91131323714975,5.95006700815578,1.59496312389081,10.0540118739916,6.68386310448815,1.77031052542988,9.86535345207027,6.39079482417961,1.59841566174594,9.6098413065497,6.27318403414617,1.39402239220579,8.97540538371147,6.17226329795064,1.24358243388999,8.74267629989118,5.91922549873454,1.78598985755507,8.61647547477973,5.56415127714334,1.85511769479858,8.89421652623319,5.53263994200141,1.87858249296022,3.88899422283154,6.62036772206019,1.33436179333965,6.59853194476613,5.78681164692491,1.70158272654412,7.28609078451744,5.68098225569658,1.78435744510399,7.99169656406986,5.61179058477698,1.82266910751724,10.0697645281096,5.51827185415952,2.02993200199293,11.2361526858484,5.4682235632697,2.19824765258839,12.2095412647217,5.44431345063052,2.27724031433589,14.2281473960641,5.21846144661747,2.47622776114273,15.1446234503982,5.3724374183279,2.37745007686669,15.9948217792409,5.61448288622814,2.09205556560306
6.00507177767722,7.12398573181407,1.49012281292205,6.30779463226757,7.18570185453025,1.38796549621878,6.53445521487191,7.03830723374391,1.37778867648295,6.40688463414052,6.57083410806084,1.19178307239317,5.99657066770807,6.40360117333797,1.50146927225852,5.6762382636982,6.0072356911995,1.52474200708986,5.89776024533109,5.95231960915326,1.59450995968691,10.0786350245367,6.6986227793636,1.69306355713636,9.76419920504735,6.43727722700607,1.53158124809514,9.49660561191337,6.30550389736982,1.34603503592524,8.87646806928471,6.16805630209835,1.23441095778716,8.7266519684544,5.91527376420654,1.77700998411529,8.60465096925014,5.55697176277119,1.85626240988117,8.88525572641691,5.54259265263659,1.87664627816085,3.80903602132569,6.51930110950668,1.17722060828325,6.58379772205376,5.78170291290016,1.69993941600024,7.27371966828592,5.67266754977551,1.78649183368577,7.97940052493886,5.60384077312567,1.82575436061505,10.1340905473107,5.52782334634065,2.04947586378997,11.1992190699079,5.48462932978,2.18342128628408,12.1802619059348,5.44311250012088,2.27208134334186,14.2844489396949,5.23506404402555,2.47865319675934,15.1387502859497,5.37250971736049,2.37264858375123,15.9731949257758,5.61194033239856,2.09106084724198
6.00663563653851,7.12519658522898,1.49206888010675,6.30854981550755,7.18528922644005,1.38909578723214,6.533591991714,7.03475229899565,1.37927184493347,6.39569983444095,6.57680612101663,1.19353042568173,5.98567154767496,6.40492231526545,1.49435919703761,5.66854646689045,6.01193251380046,1.52164637122789,5.89030099251189,5.9595637193647,1.59022011289167,10.0535848840501,6.63729182094951,1.59001668407376,9.72780329684352,6.47649081547666,1.4552438768173,9.45291137175109,6.32679382706617,1.29734702372783,8.80534056201548,6.16117838579488,1.21817218963491,8.7017805243639,5.90456588524688,1.77837944393837,8.58309518898206,5.54795680032607,1.85704408412391,8.86496199847212,5.53822605585783,1.87433953295971,3.77704808417548,6.55159610024767,1.22200077412689,6.59256093389809,5.78765089742873,1.71610509117218,7.26117009853854,5.66445226490138,1.78002923998982,7.96060404194512,5.6006026524489,1.82378459338988,10.0591071384698,5.48533735609183,2.00948190968743,11.189472378271,5.48345169308162,2.18690366518511,12.0502252490449,5.47048765559094,2.26347019640134,14.2650913844376,5.22855893620752,2.47748627447062,15.1208599498426,5.36783385048495,2.37473008672114,15.9587886378267,5.60981701381475,2.08609992138749
6.00537131442819,7.12481273624239,1.49350952635081,6.30983396365821,7.182955940264,1.3912790778683,6.53312667510626,7.03153578904201,1.37677333340762,6.38207927625529,6.58038414891501,1.19289025167193,5.97668140034509,6.41057521289836,1.49653494222282,5.65067843505395,6.01876971384685,1.51551647913838,5.88358619170473,5.95810469914934,1.58932648347481,8.15719203018053,7.65513262105151,0.997987792297077,9.60620734979457,6.52121623187425,1.37285919105529,9.36860635527545,6.3103387936629,1.22098196138214,8.73023798005987,6.1483943729857,1.20658318155015,8.67441753930663,5.89831769000255,1.7807341057352,8.56244703210252,5.54051892548527,1.85426147551829,8.85087122174413,5.51053775981529,1.86160864489019,3.81797202810706,6.64279221149258,1.33870911424106,6.58149820215703,5.78441696658623,1.71397190437224,7.25341128494943,5.6575616694945,1.78088379215633,7.94948448204722,5.59064261828032,1.8271488282844,10.0637312849779,5.50547178388065,2.04457207711031,11.1483805146894,5.46590173613523,2.18756885664291,12.0640213746468,5.47018277323108,2.25650519315632,14.0661185139209,5.18576987336439,2.47581825299731,15.093756267778,5.36111451233508,2.3733099334975,15.9373787973877,5.60852408361034,2.08875787505833
6.00673549749083,7.12703264110473,1.49478078496958,6.31093788782236,7.18192055087122,1.39187404551811,6.53161878942426,7.02966215176957,1.37237348275985,6.37016546459774,6.58059722622811,1.1922205722999,5.95757390231118,6.418097200243,1.48491752766514,5.62585021618883,6.02119885398573,1.5129805187697,5.85445607966346,5.96138838913284,1.58783960169159,8.0710285916733,7.54638631516825,0.894754443223172,9.5567881523527,6.51668966000875,1.31509332520804,9.28340349457046,6.31485973807354,1.15279218274294,8.65332338207371,6.14492248592703,1.21748908507578,8.64271154686131,5.88259944659684,1.78607012698193,8.54040675326048,5.52903575770831,1.85646428461593,8.82947380034459,5.49602237850887,1.85929841675161,3.72525863980807,6.59366048823223,1.24489459887641,6.5532437162993,5.7810330438586,1.70950262843727,7.23181346147244,5.65150816369373,1.77958682416382,7.92662929384376,5.5832121859044,1.8282383993182,10.0327699607442,5.49751216601301,2.06036973835762,11.1286920998064,5.45102130196143,2.18721790789856,12.0727525706459,5.47679197705119,2.25722060743394,14.142502073874,5.18609805940475,2.48012085690146,15.0592801123433,5.3541411455897,2.38002199016322,15.9202521847588,5.59919134851791,2.08647726618702
6.01003150240383,7.1256060911245,1.49338853392514,6.31216938027641,7.18114871370294,1.39198391182818,6.52911201059221,7.02996905120716,1.37153466662088,6.36136101627009,6.5833417113465,1.18690896136202,5.9393338261859,6.41885922743446,1.48015860361522,5.60936720225803,6.02318290075844,1.50866577630437,5.83644884763493,5.95655781790458,1.57494186528534,8.01102214096081,7.49129769045934,0.856707581281807,9.44292540100754,6.4801758612943,1.13836192759447,9.14971870816856,6.2902129329045,1.09943947274657,8.57887896202411,6.14111541163611,1.23071275429544,8.61540560192008,5.87091285031307,1.78726644941158,8.51700656556278,5.5268263419516,1.86175713387369,8.81514927985677,5.48329773180827,1.84462671769485,3.81635883758039,6.65615191859028,1.30703808095026,6.52407973278145,5.7780159485459,1.70815502184064,7.21139900698068,5.64492840756595,1.78124579170679,7.90953504251319,5.58052453842965,1.83872735404283,9.94195983404978,5.46551209367811,2.05310273771089,11.1088960125279,5.44139159197026,2.1875429031397,12.5258945775325,5.28434435041279,2.37100912073889,14.1378705180046,5.17940909615953,2.4762349469252,15.0803332717307,5.35797288817683,2.36601103011884,15.9010437391679,5.59353246696388,2.08600417079803
6.01157932426066,7.1275425168178,1.49364187450857,6.31312365196349,7.18029980245731,1.39106362964695,6.52669713033018,7.02542658544872,1.37032286445379,6.3505328950484,6.59849630715305,1.16963153500398,5.92404283489113,6.4226104985194,1.47774155229321,5.59323024170161,6.03241182057424,1.51356478410767,5.81287554455751,5.96264666053524,1.5720726053063,7.96462935807635,7.37782575779705,0.717266928967901,9.31587173303689,6.49788063049769,1.08157465424532,7.88179198847607,6.96581444000902,0.65711260594442,8.49108110363957,6.07854068104539,1.2306859979152,8.58957609592085,5.85871298886535,1.78778866629954,8.49972263498399,5.51857995222835,1.85764108357794,8.81550246033924,5.47978379299536,1.84028134061136,3.80841580806249,6.66953425617097,1.3084070962406,6.49971629309214,5.78340235241935,1.70545675746319,7.18158588424717,5.65163704674092,1.78250668972584,7.89063636421353,5.57462283819391,1.83681119811492,9.92264808156254,5.45177293630839,2.04585160936323,11.100860949004,5.44539318191601,2.18630904284994,12.5252997455409,5.29212277045679,2.36894742674733,14.0143175989066,5.18907581525074,2.48610954292849,15.0128723385703,5.34626699871778,2.38200795354286,15.8888579674958,5.5897227409296,2.08989022068425
6.01246667175593,7.12776804324201,1.49114073686984,6.31305888254174,7.17866971839869,1.39087389572293,6.52263495864016,7.02154492104111,1.36820044093113,6.3275972582745,6.60960918664363,1.16377762368823,5.91373364112621,6.4328038257695,1.4819192292709,5.58021671789489,6.02799115073749,1.51777328356591,5.79558000633429,5.96344775914706,1.57195918278983,7.89973669526769,7.28164797776091,0.620564468691558,9.22854415843924,6.5328259531567,1.02372538701253,7.82773528254944,6.91559400958884,0.618907160115419,8.43159479686758,6.08113846291617,1.26870570080751,8.5717938317115,5.84190486460853,1.78584388601037,8.48007786053346,5.50806495624043,1.84389360158017,8.79036344383883,5.47356924580564,1.82766740218383,3.80155218466109,6.67813463712155,1.30531130087993,6.47341198274687,5.78491736055201,1.70410861640243,7.15569636850655,5.64791557344096,1.78319600037028,7.85948316122295,5.57051449079665,1.837914610202,9.88775080361708,5.44791801241815,2.03507432744046,10.8287461039647,5.39510658303496,2.16686767338394,12.094458374167,5.47602976096766,2.2641326632266,14.2162337383861,5.1925824098679,2.47468004355561,15.0396494292252,5.35916957112878,2.37572160621861,15.8703663955435,5.59122925673625,2.08981267045436
6.01205031932624,7.12865019219766,1.48971826602108,6.31046394594493,7.18033708853944,1.39199635116717,6.5173043964086,7.0201462759601,1.36870594065723,6.31800036914809,6.60769387657848,1.16145859457659,5.90023720275597,6.43747098976573,1.47250035938059,5.5590603227022,6.03815582603859,1.50819225080192,5.77558919505943,5.97398500293081,1.5664351117927,7.86225632159772,7.25377253490137,0.600481171102842,9.1398736366622,6.51822756285403,0.88524801549776,8.85359283064904,6.3298819773908,0.937205746811756,8.36392502406106,6.06241036959004,1.29984282952628,8.54129404771166,5.84414522723636,1.79000715085013,8.47722834965112,5.48917000939824,1.83407134398651,8.78056984468846,5.46821859899968,1.82328969922677,3.77327058787363,6.68995604599663,1.30902510887434,6.45309962116642,5.78841001762414,1.70150549093989,7.13149884922981,5.64934808535226,1.78025848524185,7.84899426788614,5.55226589922383,1.84677536680627,9.67240455232389,5.46215586312816,1.99430717479547,11.0141307270967,5.45312090545225,2.17975291271054,12.5318833338259,5.28660813524875,2.37604508721556,13.914107330524,5.19281446043377,2.48368178859524,14.9650130916573,5.35241035715086,2.38433148554714,15.853777790822,5.59252334023229,2.0945155478693
6.01488213564102,7.12761387387509,1.48937868437276,6.30984839153246,7.17921737795605,1.39333712946301,6.51324340242017,7.01709573056427,1.37146285655306,6.30935404736865,6.61391101795862,1.16734662359883,5.88800831737931,6.44336503985012,1.46910181498364,5.54550766651155,6.04370069953721,1.50548727584583,5.76155759761302,5.98039412253706,1.56956708054284,7.75859526103854,7.17706315343209,0.568797125443153,7.74152598401312,6.99993052606555,1.70135730777899,8.75056415620016,6.33098306274368,0.919111258795295,8.30007450256379,6.05285135308937,1.29776768256278,8.5128577893934,5.84401172895927,1.7764057546015,8.46209376401312,5.49188406603116,1.82415606027964,8.76213826175731,5.47903653598158,1.83403840585923,3.7662254160342,6.69805536438554,1.30851971218154,6.43881892041837,5.79237176315615,1.696723370339,7.11796218675007,5.63326229361819,1.78849699163812,7.8288310315349,5.53718544627689,1.83306519457211,9.65193284863975,5.45133847599797,1.99176907388973,10.9265558631428,5.4738607893701,2.16202807457706,12.448430963652,5.30927492276675,2.36078276243448,13.9096750413528,5.1892658770345,2.49000222258485,14.9278105007419,5.34518432063757,2.3877034884486,15.833323906156,5.59132633416331,2.09660949056005
6.01800292966309,7.1303200576208,1.48908336367179,6.30892841907922,7.17851990423507,1.39360122059108,6.50939823908139,7.01331564238858,1.37377942842663,6.30313320958157,6.60960194988342,1.16378572541572,5.8730437932409,6.44957062960887,1.46618311999893,5.5382772255727,6.04309882718614,1.49234426310936,5.75112927990987,5.98503021362732,1.56594527326811,7.69866472928309,7.23598407005761,1.65712885034247,7.63329216184115,7.04197511221949,1.65201961208255,8.59682960112584,6.33282476595024,0.896914506285726,8.24267672711838,6.01231215846176,1.30516807730618,8.48825852566735,5.83244656895303,1.77877238691958,8.44753973417495,5.48995498367339,1.82541231534039,8.73719679348097,5.47662250808577,1.833959827517,3.75462039166783,6.70616493471616,1.30150670619359,6.42393511630581,5.80422331352629,1.68400300730144,7.11378219167454,5.63323268193433,1.78514431383187,7.82385348921188,5.54377104458147,1.84077690557458,9.60854415577646,5.43532416746533,2.00353404175631,10.46879743384,5.35771730969425,2.16110153188024,12.4529212988869,5.30766013879777,2.3622468212976,13.9398151964171,5.19813888408239,2.48363869407918,14.9251944174163,5.34930420317457,2.38656807179387,15.8155019491356,5.58823831748737,2.09907512627671
6.02098805308037,7.13588304843719,1.48341442927278,6.3122230012473,7.17538123636235,1.39433324253237,6.50711842299776,7.00598073830406,1.37481944631111,6.29031978698483,6.60494418009871,1.16384925014331,5.85964681105763,6.45222763687623,1.46067561259769,5.52705779698589,6.04354441390243,1.49269164547035,5.74007758897214,5.98511235348959,1.56338110583508,7.55513823008108,7.3159744368883,1.56658244243146,7.51505007310432,7.07159003649187,1.60614664016396,7.53783091803925,6.75812488904147,0.583751715985797,8.17996183035864,6.01360381402369,1.33134912252896,8.44927912563962,5.8398728036741,1.78397525369781,8.43063657557499,5.4857491683342,1.82170826200595,8.70935247292902,5.48161650178996,1.84064346113382,3.73811933896469,6.71874165145213,1.30254153128459,6.41096029444389,5.80118374069169,1.67988406144755,7.10121109459586,5.63530847338816,1.77795211240977,7.81423379572982,5.53205610730875,1.82399045475218,9.5858188218951,5.42719858016746,2.00413843350252,10.4786800871085,5.3529390379966,2.15979532723672,11.8932493929731,5.14436852220067,2.37858740685601,13.945117417633,5.20209407828888,2.48485398777219,14.9121668562337,5.35058908709158,2.3891554065916,15.7970430837134,5.58989637658747,2.10565098820788
6.02143863311473,7.13726294757865,1.48133407053209,6.31129170770966,7.17629722760058,1.39310939197666,6.50448146546532,7.00701273503927,1.37462740565478,6.28019045222181,6.61370103867965,1.15332220561444,5.84694723946457,6.46235930364402,1.45416466140588,5.51490160965066,6.04856340235507,1.48870402439163,5.72834973547794,5.99038657409305,1.55849394158172,8.59973752149385,6.94057265229528,0.524226273858921,8.42523626684208,6.69148934270486,0.681407378484687,8.36164068375142,6.36214292376522,0.82392307212069,8.12105048967875,6.0185680120201,1.33311239389104,8.43309740826855,5.84693568681319,1.78898163303949,8.41258012008043,5.49361251081053,1.83257184106122,8.69727109338134,5.48549049454881,1.83354910805435,3.72212886759049,6.72158031609154,1.30055594742259,6.39743232796919,5.80033871890582,1.6766552398753,7.08398358757443,5.63777583895898,1.77256522713916,7.79779148446652,5.53238051373038,1.81843150730212,9.59380806056356,5.42075638311826,2.00674140207425,10.4628515572348,5.34619285891704,2.15867390611918,11.8911129151651,5.13867572365205,2.37983313982495,13.9441905849057,5.2036914209096,2.48555905700097,14.9229528143546,5.35573993016863,2.38566836079442,15.782789972856,5.59010601350926,2.10936012342291
6.02187650628309,7.14196564526666,1.47705593836429,6.31264919073858,7.17852924555739,1.39142551029865,6.50275387011562,7.00722374067722,1.37444116063655,6.26997903477306,6.61847899846962,1.15172604056446,5.83244815631362,6.46588881422673,1.44898318691678,5.49943039227957,6.05608040655156,1.48647393727127,5.71159955425882,5.99660766290345,1.55767590003272,7.21748663099041,7.4885995750694,1.37577581063113,7.28577286907783,7.14839353582061,1.5125918848424,8.23998378605287,6.37049010855352,0.855092805449426,8.07240525502781,6.0026629843332,1.35333691756059,8.403891459541,5.85131507879798,1.7953196508361,8.38644295091381,5.48986885919304,1.8336931277147,8.67239211746456,5.48412583769833,1.83845631927364,3.7065282679057,6.71900732221985,1.30169331714892,6.38245337509078,5.79574793857984,1.67344212432301,7.06426359723388,5.6286135224653,1.76592823518071,7.77437733204001,5.52483930124263,1.82022889966346,9.58622992730828,5.41557887675838,2.00297498769551,10.9081642795341,5.46396265940691,2.14319866906707,12.4278294917292,5.28020703233739,2.36321183348664,13.939223930906,5.19667636676278,2.48034603395688,14.9070278762808,5.35060612268956,2.38818903984182,15.7686682389662,5.58928790672778,2.11034502056893
6.02280576698999,7.14592568141624,1.47467060582912,6.31325346666214,7.17999683645606,1.39132990123285,6.49984864474732,7.00886973841903,1.37422013701267,6.26128358340481,6.62505914651154,1.14868745399456,5.81923270515558,6.47339650601808,1.44295485735633,5.48664728682934,6.06105971526669,1.48246847854122,5.69849647057529,6.00078593713758,1.55455659771288,7.05103965500391,7.52337953789556,1.34841348063657,7.18724375563312,7.15251364749558,1.49375426466997,8.13242210749843,6.3968461701777,0.850007800249184,8.03682492752753,5.99043967556913,1.36643958480499,8.37819919234223,5.85041751711575,1.78139143998313,8.36991968190017,5.49938960095498,1.85141452260536,8.66639161470116,5.48904693227576,1.86045745323642,3.68924922523135,6.72092971227938,1.31628516061273,6.3831264564242,5.80765721931114,1.6774840664174,7.04136757911717,5.62795045114516,1.76242910289767,7.75512097042414,5.519720174172,1.81962870989203,9.56275665360863,5.4239849365023,1.9937735702686,10.9071547388382,5.46597180780006,2.14139654352073,12.4062991232799,5.27276573245539,2.35711602748109,13.8944225292242,5.19380454813607,2.48393429742247,14.9022928255604,5.34881012171028,2.39150169913678,15.7504907048004,5.58512203792154,2.11792123173333
6.02245848850735,7.15258044781416,1.47000585538198,6.31284942973274,7.17928194200378,1.39141160421991,6.50003191279323,7.00834700280252,1.37395948208802,6.25482799286759,6.62806732930983,1.14751938582411,5.81301454158383,6.45732217039097,1.45491641271404,5.47539313453047,6.07150247388134,1.47570293016611,5.68761149245009,6.00859520152644,1.54837286806447,6.02419449429587,7.13121181923303,1.46885582721653,7.91291535320864,6.68216199491556,0.632721406331602,8.02677620127919,6.40305273343367,0.826064613529381,7.98990465120176,5.99059783350603,1.3688030024994,8.34810697561782,5.85441646090286,1.77516746388545,8.35134770553875,5.49956109961064,1.85403550638537,8.6455093931596,5.49321877682446,1.86179396627107,3.67296602347221,6.71643973322801,1.32156044221393,6.36789522791062,5.80465682028609,1.67771765669614,7.01619845804291,5.63415994050703,1.75680633724094,7.7401106599792,5.5249678271936,1.83024483585016,9.56776985162098,5.41776963490171,1.99928730402665,10.4657190544883,5.34882511744668,2.1548090173138,12.3979045374368,5.27528813657605,2.3552040333026,13.8817907698821,5.19776617608074,2.48746263164559,14.8236380493964,5.33150006258172,2.40699594698701,15.734730089611,5.57814417221996,2.12154485929617
6.02194513652088,7.157518237367,1.46783554806094,6.31180330465504,7.18141940922082,1.39102863973597,6.50066170066813,7.0057268336827,1.37478676053183,6.24809146956381,6.63570693463934,1.1490630904993,5.80241802711939,6.4627293908735,1.45115979957189,5.46295603794596,6.0806980773265,1.46990890305189,5.67358934702272,6.01887529705009,1.54211159185801,6.0366757995638,7.11157171867174,1.46117802963356,7.73339616457872,6.68548445731566,0.712012156185451,7.9180342250503,6.41731369184399,0.880267339516322,7.93003293486137,6.00413440074967,1.42694560360331,8.31688323137678,5.84709142672945,1.77696444862475,8.32100944749764,5.49175173378082,1.84891656298503,8.61149387642277,5.48828623251443,1.86628060134386,3.65915871171025,6.71992523688681,1.31906759224893,6.34653852204761,5.80723249381742,1.67689487209676,6.99596035561228,5.64153130132347,1.75597540200561,7.71528175222872,5.52855508796266,1.83107550777602,9.55317071934928,5.41829780753625,1.99990864003563,10.418803333641,5.3528762605379,2.15736175015285,12.3793574551727,5.27895369061484,2.35578936556755,13.8531112063238,5.19019360757051,2.48973016736906,14.8274876030199,5.34001663788757,2.40369744102892,15.7179024570691,5.57352289447147,2.12657221845264
6.02053670050172,7.17531345057628,1.45581527615839,6.31590349695608,7.18147612786062,1.39185175110669,6.50210518234952,7.00474076190691,1.37652662451149,6.2366656752923,6.64023526271702,1.14572712792305,5.79037881670399,6.47134768176896,1.44999030732885,5.4479622725672,6.0876402528387,1.4658953872386,5.65612696324842,6.02278661597785,1.5427655764037,7.33662072862029,6.91791056958273,0.685531517057289,7.55364212873197,6.65252066595292,0.827818748167376,7.80261579847986,6.42292479781138,0.910229381664455,7.90783491384832,5.99131887970288,1.39220619509638,8.2910350783745,5.84481376498562,1.76290556176887,8.30003301718805,5.49400940371813,1.84737559199771,8.59332310675341,5.4929376841906,1.86047616805869,3.64129403713804,6.72265405188536,1.31671137768839,6.31838936390427,5.81066185299046,1.67258528712342,6.97219379316688,5.65016574072944,1.76238573080802,7.68364523398339,5.51642719394223,1.834214134743,9.53526230002337,5.42936652467556,1.99699832047074,10.3663504822045,5.3623035310545,2.14920983249919,12.3731245758257,5.28479105016589,2.35525993186013,14.0417576936076,5.18911686478667,2.48430679886421,14.8253253365735,5.34335071566029,2.40476791249093,15.7016680743497,5.57480424681535,2.13516255961435
6.02261747918993,7.18191319251192,1.4519216768972,6.32026281404197,7.18270531170879,1.39200820286077,6.49586895793123,7.00583227140327,1.3703683519116,6.22462319485859,6.64739191065693,1.14266958037247,5.76981624012882,6.47864028028654,1.43819348223425,5.41818874701952,6.11707397464844,1.44627649988488,5.63461474133928,6.03081921392066,1.52998457527642,7.15044419449247,6.80063102101344,0.75841769930652,7.41133118023295,6.62256745359835,0.912281171968462,7.7031181956723,6.43633709467098,0.986210017581942,7.875008008085,5.97381405711905,1.38357876064613,8.2731734467507,5.85565057651259,1.79086186624372,8.30071930326245,5.49971175601112,1.83726663640208,8.58450781050782,5.49942673375561,1.86204370441248,3.62740030927021,6.73560903897978,1.30429109446863,6.2730322734395,5.82776514863185,1.65446586400335,6.9560354837537,5.63782251572634,1.7662844558965,7.67302226957181,5.50302427311275,1.81233718133253,9.54166991304115,5.43947041876573,1.99841531746568,10.394877705047,5.37494505673393,2.14065216844619,11.7891387719142,5.15328725425083,2.38653764270326,13.8430683944094,5.20900441494812,2.48445160720277,14.8140339253518,5.34839462729153,2.40485958247947,15.6829622165816,5.57557814621936,2.13956494251219
6.021521797856,7.18214861480959,1.45431126213937,6.32085192809735,7.18049220069593,1.39374102094901,6.49569053874714,7.00276213509225,1.36586277038918,6.21015286542541,6.6519078651795,1.1435721612746,5.74933035775241,6.48389266446763,1.42940170038276,5.39362911129671,6.12778824808896,1.4525664479032,5.60847353136054,6.04373446785759,1.52166403982728,6.48472782862334,7.07908632173637,1.56196225979662,7.30598864054271,6.60747019910519,0.973545621484063,7.61625215060389,6.45662892745956,1.04953250266723,7.82391143775714,5.9936686541935,1.35272158176235,8.24183398635131,5.85390086954324,1.77349036683799,8.28497778632452,5.5037234337306,1.83493750429157,8.56092406097793,5.50789238061155,1.86553362549526,3.60740310608711,6.73784879102526,1.2993702093111,6.25813935497254,5.83651487947935,1.65010646845279,6.9413368212946,5.6459061071571,1.77190602926109,7.66226057306861,5.49744260920794,1.8126994432587,9.51102733289329,5.44359419564683,2.01045374998378,10.3640971271027,5.37589326258767,2.14458145441975,11.7478381785885,5.14367240179534,2.37638178940728,13.7874133571144,5.20731347183539,2.48446881762206,14.7749989660742,5.34152287979522,2.40475610804613,15.6640348616554,5.56810798601067,2.14543244154308
6.02643514065939,7.18453849399685,1.45286479478669,6.32338195032562,7.17897558811029,1.39533598517216,6.48705161191753,7.01287331507024,1.3585759517789,6.19250799295328,6.65898964083067,1.14331239167545,5.72854598373045,6.50320800525629,1.4324754378766,5.37273731950193,6.13601825517216,1.44409135414295,5.58347809074788,6.06049500563224,1.51062298936023,6.4290000464579,6.93827658070848,1.65071984905995,7.19719816863074,6.56136590655594,1.03084117504756,7.52615469861986,6.4707170569018,1.09917320601933,7.78767149778927,6.0148779092386,1.36634667086288,8.2190195666295,5.85929529831107,1.78337306445843,8.26556197500454,5.49607220971571,1.8289505546443,8.53630594712329,5.50585064376263,1.87169580900503,3.59051123927711,6.74142224629453,1.29517074912254,6.2326921331862,5.85288703888323,1.64046104301932,6.92628148138217,5.65183033200609,1.77234898846145,7.64753758323628,5.51418579432497,1.83014491122458,9.49026982427211,5.44937164172584,2.00986645998251,10.3485812672225,5.38229160369611,2.14344187020236,11.7265239793891,5.15447038044745,2.37135008433481,13.7870029224495,5.21833251092848,2.48270388138651,14.7669981245376,5.34020105918839,2.40776543076815,15.6426266268293,5.56806076768818,2.1429553257309
6.01650820536817,7.4079550575123,1.29710881697929,6.31972230572965,7.18859541409071,1.39160558378994,6.48300902846205,7.01442779974885,1.35257850399318,6.17438768293213,6.66601928701076,1.14109792725072,5.71025029157577,6.5128303254019,1.42910743776228,5.36217140033585,6.12976960615475,1.4486222509022,5.55851947611466,6.06794482432075,1.5113639151705,6.74600060919221,6.4946925713698,1.06512292999069,7.0900814240901,6.55948501184878,1.11001358585897,7.4346617703259,6.49207777690911,1.17183715087332,7.74749121544223,6.05377267440479,1.43049887840596,8.20818197528168,5.8627775691601,1.79353582645607,8.24076403931839,5.49671078209209,1.84083619189363,8.5162427640581,5.514927813339,1.88161510129827,3.57630029541412,6.757307671184,1.27822306902905,6.21029786059256,5.85459541488558,1.63649170047091,6.88967264759388,5.65807394879928,1.75838632733435,7.61580828167335,5.52992325332329,1.83923577238379,9.46749695571744,5.4550713961088,2.00800270012497,10.3100075995512,5.38119093986604,2.14581930503323,11.2359753349755,5.33259007301314,2.25249337473961,13.7841673781085,5.21760127007209,2.47581132809073,14.7509582121225,5.33890461886114,2.40939899422573,15.6171996071276,5.56500339475644,2.14299670985856
6.01909014661232,7.41010254779876,1.2986129858542,6.31896355814104,7.19250280012588,1.39027719900722,6.47916434857938,7.02100907929132,1.34531497068042,6.15873012195636,6.67375448260274,1.13788027736475,5.69104972352853,6.53293788241024,1.4186766188924,5.35024227988397,6.13083237085387,1.43732888028523,5.54766976419221,6.07397565048084,1.50902628938707,6.6707479616026,6.46606329020539,1.15539182598023,6.9866190742246,6.55571891154851,1.18574751268758,7.35678691944549,6.53840602869807,1.26256122782953,7.70728920311124,6.10203062846487,1.47895856080212,8.20063254680871,5.86970129707499,1.80870353089653,8.22345397778671,5.50442938071022,1.85148845490288,8.49234783800993,5.52580032716416,1.88745333195216,3.55561582496808,6.76460120542622,1.26395127528213,6.20519252536287,5.85234934183508,1.63544839607477,6.8666547018989,5.66485261202571,1.75967554970969,7.60201337428691,5.52123062113131,1.83738361439803,9.38499635065648,5.48693880434381,1.98185243015607,10.3013505167306,5.38868443615115,2.14431649455506,11.2332435772876,5.33888181434321,2.25607526281079,13.78022019736,5.21061308736307,2.48196094456479,14.7372158899589,5.33558236935884,2.40386122688387,15.5983085368817,5.56135823402848,2.14273505372782
6.01808357316436,7.41153143333826,1.29795825813054,6.32432029823405,7.19561056294365,1.38918959704805,6.46495600388185,7.02398114996007,1.34457786968157,6.14335683808957,6.67909921582888,1.12253919633849,5.67700183003473,6.54578886683077,1.41312588504102,5.335342884098,6.14363281463416,1.43053174558534,5.53579528905685,6.0835552234358,1.50532279109445,6.63906382491156,6.4521378311978,1.27984494374707,6.94103711455311,6.56608340149692,1.26314346006159,7.30078519898206,6.55810219925597,1.3193580783625,7.68859176348244,6.10828150175931,1.51391569867461,8.16269139190633,5.87610070050539,1.82732843897199,8.18918864230331,5.50464479233963,1.86970361249196,8.46245930460695,5.52352628714486,1.89849192194326,3.53894247095877,6.78945260373283,1.24649330506064,6.20523584216868,5.8452398688151,1.64431191456818,6.86823455040562,5.65625455000215,1.77193932796414,7.58845215768805,5.5283562671539,1.85671036038123,9.26813167804375,5.51921671560026,1.96508878227938,10.2997606166329,5.38936516316474,2.14950111716355,11.6818488497036,5.16406280739558,2.39483307299188,13.8221938618351,5.20235429393156,2.47946555976736,14.7356845876112,5.33697029645674,2.39890172311556,15.5755401333285,5.55996231626072,2.14501889068591
6.01546690358366,7.41155939749867,1.29821667247512,6.32244180721999,7.20533436020583,1.38429929132654,6.45483504163069,7.02889382633639,1.33514344255099,6.1266915754321,6.69321244080041,1.12666434871412,5.65519834914543,6.55968974379607,1.41341028520844,5.31835634671933,6.1506267743376,1.42453949085059,5.51707624034047,6.08837005706976,1.5030238065217,6.60404222498243,6.46271704264671,1.38806657273609,6.90643473727783,6.57004524999722,1.34347453365393,7.26993073716515,6.578129132584,1.3995313984123,7.64545160703884,6.1565565662002,1.52672761466618,8.14180147294151,5.88711259734448,1.84674847667232,8.15760128631883,5.50553804771494,1.8823802683486,8.43452249872932,5.52094824658621,1.89825638809405,3.52771921441207,6.80994270241457,1.22226180817126,6.1929983038791,5.84717067442545,1.64897499203684,6.8525451709779,5.65102802255023,1.77866385029574,7.54986122390363,5.53047627887025,1.86786854915493,9.24764738513446,5.52063225863733,1.97011001363251,10.2679019803945,5.39167211778363,2.15001820100022,11.6468649582125,5.17023018775187,2.39933421348078,13.7665855840123,5.21067137435836,2.47999959421533,14.7234640334682,5.33770443635401,2.3937705022931,15.5503153075467,5.55416157052905,2.14570778858578
6.0156735526352,7.40826403639641,1.3007496481161,6.32581428483669,7.20522354176534,1.37887358100035,6.44858327749781,7.02679570938195,1.32502919049972,6.11002320561318,6.69846781078231,1.12430252816573,5.62945936124741,6.57126096417283,1.40274799331762,5.29483598953503,6.16377840693753,1.41921589347229,5.49773532526417,6.0966523491657,1.49917173106344,6.55831767209071,6.48400547910531,1.4682405904962,6.85460681922043,6.60601245444443,1.4337650900108,7.21526859045766,6.61611636518578,1.48656727026705,7.6225474651988,6.15543156340527,1.59519165366906,8.11186696153772,5.88873498174118,1.86501056473817,8.13126233515361,5.50973256244764,1.89529936300843,8.40647751588824,5.52631438575408,1.90520231824602,3.50849460406603,6.82471282856806,1.20479682043118,6.17638461428514,5.85921682137503,1.65016422047781,6.81465664771235,5.65484613328975,1.78526139080717,7.51398456463237,5.5368259710624,1.87730567339937,9.22324632214269,5.52890969290379,1.99039366948956,10.2184131057415,5.40459850579007,2.16170029626265,11.6025107177178,5.17084577078834,2.39308212738282,13.8008520143335,5.20128288897601,2.4795203657312,14.6861350249012,5.34065080950877,2.39595760257117,15.5270201281018,5.55450308681132,2.1436379329066
6.01391761984672,7.40550730594048,1.29702572648303,6.32570391315101,7.20976457782673,1.37583583582636,6.4434630728991,7.02801036907289,1.31741212965855,6.09619227491297,6.72126076611852,1.12658197616562,5.60802320413795,6.5870186939426,1.39354927136624,5.28056734955966,6.18217748026331,1.41136448652239,5.48020227780292,6.11356436307709,1.48995771534396,6.55776891682108,6.55111123401743,1.51746715327407,6.85809520183643,6.68887277760271,1.5334562970043,7.22712361492326,6.67710092529935,1.56219167542987,7.59710157342561,6.19149095722027,1.62419550104733,8.08667462815143,5.88710924408737,1.86387438786371,8.11239711228326,5.51055927410885,1.89137469816286,8.37694219240815,5.52371295200019,1.90599407463072,3.49235191458347,6.82238228873461,1.20371528994833,6.15559390828166,5.87010715460927,1.64163186050926,6.78363954907844,5.65951680297655,1.78176854752386,7.48215374907384,5.51978259647954,1.8835364816962,9.32034780137803,5.48839381208075,2.02972696023025,10.2053935186004,5.41009446005353,2.16913624791794,11.5683188698019,5.17755320962237,2.39456861637078,13.7195861949632,5.21160493349519,2.48373986427266,14.6600568339912,5.34641455811843,2.394587129553,15.504997191971,5.55757273281901,2.15406321454011
6.01302866762415,7.40857805461149,1.29911740715581,6.31890797184442,7.21273091811062,1.37291973729042,6.43063020717298,7.03770415727397,1.33400196995053,6.0629844382267,6.72271613580377,1.12201781536523,5.59470011017628,6.59488865010779,1.39211899617346,5.27082867241955,6.18724636130231,1.40318014425782,5.47707769028629,6.11277901942551,1.47553948324893,6.55122491799767,6.65484764622591,1.67392008445337,6.85688295807869,6.73430131137146,1.61214806281323,7.21251855989626,6.73224058722722,1.6198743850578,7.55314623411932,6.23528151309651,1.62431294207224,8.05361358821469,5.89440236639835,1.87852331205,8.07691418435813,5.50968303883365,1.89922276470492,8.33956865818732,5.52533638155624,1.90904936531026,3.47692113755159,6.83384506756061,1.19115825222968,6.14276278612953,5.87896412609484,1.64678855106526,6.77737488515313,5.66056104623527,1.79036490875928,7.46828291959638,5.52054203119437,1.88720793016676,9.20234401406065,5.53243261499733,2.00458950794054,10.2038425890512,5.40878311849055,2.18054277415935,11.5959304138556,5.16662555173775,2.40942903962742,13.7056852846094,5.21854063869266,2.47437591640988,14.6221092859969,5.3423800493181,2.40125875420177,15.4786825652659,5.55759440920149,2.15378397723492
6.01075103548964,7.40593920540988,1.29976119140779,6.32118097329381,7.22271713936445,1.36968688273147,6.4343464582219,7.03899562413808,1.32907020044882,6.06179880608753,6.73293459710172,1.12414807648351,5.57982217020624,6.58923324378045,1.39820969791815,5.25625117033807,6.19867863619211,1.39450427270306,5.46186243254406,6.12401884890543,1.46828324536552,6.51505336065952,6.72475424421677,1.70302703440425,6.83241436251867,6.77604597462751,1.65798483245924,7.20327034973032,6.75838014243845,1.66027373292059,7.53122798846784,6.24536479184577,1.63743161679925,8.04049755837413,5.89396804459079,1.88274164863377,8.06654008565517,5.5129619876829,1.90439831401268,8.3337081203612,5.52962285690197,1.91327325557121,3.45759726719179,6.84264659891479,1.18798327586814,6.12001506442339,5.88288688411393,1.64946996150279,6.76283963712345,5.67055334017011,1.80487485751539,7.46318973788822,5.52196118737295,1.89568965293563,9.20723211771075,5.53462047039746,2.01034064755893,10.1171499083431,5.43262361792893,2.17008581431802,11.6002943053019,5.16040930572307,2.40804442842004,13.6843138567824,5.22703557277681,2.4703321333862,14.6089163551358,5.34964127232583,2.39701129091222,15.4539540723837,5.56120184886263,2.14886454190649
6.00775317030634,7.40081177396814,1.29887790360021,6.31795509302712,7.22431250606602,1.36764681721466,6.42122187678246,7.03160253497933,1.31578194686316,6.04870173570708,6.74476768755041,1.12433850106798,5.55744384294577,6.59498607665333,1.39175247500811,5.23734100563379,6.2058365447945,1.39024821798623,5.43798243294703,6.13450793780229,1.4631028709797,6.49350764428414,6.78449697194184,1.66143738119639,6.8318326903854,6.77637733646456,1.65955691482429,7.20187698059548,6.75514683256871,1.65883033252652,7.51987974711235,6.22627357277491,1.63074460195382,8.02962616043844,5.88223286983178,1.87969152760387,8.0576470179131,5.50800453829932,1.9058951435564,8.31895188630469,5.52807721072375,1.91634966435366,3.44145444212653,6.85408329617774,1.17849180151622,6.08585226311743,5.89092817375474,1.64368651403735,6.74038737800009,5.66467042895183,1.80917342680946,7.44524521362778,5.51706534838689,1.90140007216479,9.28543215462306,5.50043344087866,2.04335184794997,10.1616131721113,5.42031546511298,2.1819942879393,11.5891730559954,5.15872272183529,2.41915230794914,13.6461015146606,5.23253567066996,2.47102521729552,14.5942633449533,5.34848051931684,2.3901842871304,15.4331821158996,5.56396760916885,2.14073123771467
6.00825528447752,7.40019546560722,1.29892736134258,6.31705448470756,7.22281773039804,1.36376394377965,6.41860349931377,7.03191818441957,1.31197580390712,6.03698373096012,6.74641673809738,1.11815229931456,5.5483496600318,6.59792345312211,1.38861890068414,5.22637129443845,6.21047495511204,1.38769372544992,5.42476245361293,6.14011809581527,1.4586495174432,6.49903546236403,6.7973304124295,1.64843332291692,6.82678520149992,6.77535219327977,1.65883794463706,7.19944772425364,6.75239800757721,1.6625861803839,7.5078934512682,6.2140308128846,1.61964176969261,8.01041337483337,5.88376930545588,1.87645017181309,8.03734920157108,5.50904777059331,1.90172706320361,8.30295462455332,5.52893614216434,1.91217509027879,3.43203567926321,6.86582013955467,1.17795198087765,6.05466556617591,5.89965083187188,1.63931387800238,6.72175350973952,5.67306189274607,1.80236774035796,7.42994008675149,5.51586337711103,1.89957756464381,9.2169208712279,5.50083177237079,2.04070268027551,10.0826713008543,5.41945447492636,2.17142861106497,10.9628413562398,5.38043918649109,2.25979476783406,13.5948025697246,5.22443506057193,2.47167297038163,14.5813172595892,5.34248605306723,2.38545329251783,15.4134231862201,5.56936513411566,2.13198764898287
6.00881785715439,7.40036526729821,1.29883098718534,6.31570792462112,7.22096743043778,1.36303266337427,6.41173932513063,7.03111975372116,1.30383171710978,6.02217500419815,6.74972336350229,1.11408721929216,5.54376531272859,6.60805441218633,1.39391442309317,5.20833935554345,6.24244109935619,1.38227579048839,5.41495941723813,6.14888308772163,1.46175430866869,6.49764298798217,6.78963150958018,1.65682187250568,6.83297444191749,6.77743889688488,1.65939729556926,7.20793664016845,6.74872918264226,1.65614405454504,7.5017295730656,6.21086428636456,1.60648855162987,8.001671120101,5.87631302345189,1.87468561737642,8.02325087655732,5.50188466151097,1.90427909499977,8.30550860744242,5.5204959075795,1.90552401462874,3.42422261934484,6.87696879363591,1.17716346999636,6.04713229206155,5.90204221596446,1.63519690921512,6.71494981003954,5.66574108484943,1.79401537940171,7.42015132430141,5.50608579658956,1.90443516453134,9.27032778584839,5.48344673691463,2.04678600466914,10.162057517797,5.38916705501777,2.18510755313401,11.470896483094,5.18503186528584,2.40077894829332,13.6015634513216,5.23084724642015,2.47357364833168,14.5495955792319,5.34423560535098,2.38570171779142,15.4021214303863,5.56962078565919,2.12545501441326
6.01158758441509,7.39951049360073,1.30035180510436,6.31589395719078,7.21800920144206,1.36420679650884,6.4057827737931,7.02833602806458,1.30406356637404,6.01138521554999,6.7543266605353,1.11124256399806,5.53082366685592,6.6117992519638,1.3893512872829,5.19709027330331,6.24463489369882,1.37926383744891,5.4008837297726,6.14606217127745,1.44970246718368,6.48215605469242,6.77033056596916,1.67753215882636,6.83258391491998,6.77948719804212,1.66044753410551,7.20719985477864,6.74648424637848,1.65198639232065,7.48905166572207,6.20816268620089,1.59561185564711,7.98435128148136,5.87092146383087,1.87568666163322,8.00396600731939,5.49485102758542,1.90668845586127,8.27797284343472,5.5100698984995,1.90443004645033,3.41597064369912,6.88196950748943,1.18304887288728,6.03655702998245,5.90619674545754,1.63026099125731,6.7032834773043,5.66620031902477,1.79355336733028,7.40380252642129,5.50270443387283,1.90548998096636,9.1998499850065,5.48959069266812,2.03705834959952,10.0976257493423,5.39314984536615,2.17866857636633,11.4687774399549,5.1833642047925,2.4070363271757,13.579740706013,5.22480370483972,2.47341520371299,14.5442883613779,5.34446254128916,2.38360526660225,15.3902183627258,5.56953852447936,2.12202073879509
6.01297273846088,7.40033402725704,1.29857063215237,6.31516903404909,7.21563451325011,1.36352453066351,6.40522296935502,7.02724560451551,1.30408013897461,6.00197093441539,6.75167959206231,1.11213560288537,5.52003751741493,6.61469384709014,1.38472660403749,5.18460796127293,6.24930658816798,1.37750231189262,5.38609888029757,6.15390579852401,1.44554765705155,6.48625301629611,6.76453707923921,1.68802268603889,6.83523245772477,6.78153759892574,1.6604021729318,7.20640934918278,6.74508927200455,1.64936355631188,7.47967431275358,6.19747320765157,1.59339364271603,7.96579168794046,5.86078142001745,1.87526245318016,7.98602603304842,5.48811960867586,1.91461909282635,8.25516562192559,5.4995520131801,1.90979946002374,3.40564299272391,6.88752892847732,1.18854488329128,6.04001621687286,5.90610581497949,1.61915635280298,6.68679259363819,5.67553937287382,1.78735926090171,7.38388780769075,5.50538786029822,1.91432257445031,9.17173747045667,5.48787557035182,2.03441608671875,10.089313235841,5.38962847901284,2.17846933508543,11.455807191839,5.18087983977846,2.40823148531669,13.7075771291426,5.19997957580686,2.47992686253815,14.5512892550993,5.34479917927522,2.37744400492751,15.3756083034067,5.56846198932988,2.11944534987246
6.01364586884963,7.40113045249445,1.29768388047448,6.31497476813394,7.21577032767003,1.36379831067463,6.4058720181306,7.02917088636235,1.30502218172133,5.9889153615239,6.75193403138907,1.11419886646122,5.50410047665993,6.61915588417845,1.37700108558128,5.17121860499889,6.25135006995361,1.37553543825506,5.36985060855882,6.15725956136259,1.45126311676837,6.5021092996337,6.78054892829026,1.70251490018819,6.84140631396593,6.7857396985616,1.66326804647539,7.20648838958512,6.74145284484819,1.64586539816987,7.46029305699076,6.20097457884087,1.5930299473008,7.95145493450849,5.8631181372039,1.8796113726032,7.96564110655273,5.48393097776524,1.91746380229727,8.23184246898343,5.4943336053937,1.91346550034413,3.39190002435903,6.89385951123106,1.19472003900939,6.02933224278254,5.90199283760076,1.62315202478209,6.6642178377054,5.67388923310386,1.79004920090981,7.35887872881636,5.50544645567391,1.91221402897477,9.16620398661834,5.4798759130865,2.03404726433702,10.0857467181632,5.38764369049537,2.18717097209618,11.4472113106509,5.18313037215745,2.40869525230025,13.5162267331023,5.20896704462617,2.48069567918337,14.4986288827598,5.33501723210587,2.38944992674481,15.3647187913925,5.56426126894467,2.11930745265178
6.01534544456706,7.40537423288241,1.29457398772671,6.31322677733534,7.219132211255,1.3634145053832,6.40349050223881,7.0298773085747,1.30228205355013,5.9716949568885,6.75446659366972,1.1214942899347,5.48297663394951,6.62644426100395,1.37422058347923,5.16365971465228,6.24242223485664,1.38228913858425,5.35551980590242,6.16454597744298,1.44503126327857,6.510681554045,6.78328120689969,1.70814459574808,6.84649477134061,6.78555768093651,1.66392191295899,7.20632076892436,6.73663833592021,1.64545121801076,7.44343935447614,6.19311932377282,1.59279639666422,7.93316235498498,5.85621187929082,1.88186150132802,7.94799873632554,5.4806591411718,1.92319775540073,8.21755589307132,5.49531301595793,1.91693818567923,3.37888608927541,6.89499047700481,1.19707772594559,6.02029393572386,5.89798606652805,1.62549459599996,6.64902876049159,5.67474420198158,1.79174334415816,7.33729956981202,5.50430612875082,1.91244761839889,9.15050521600157,5.48019615787274,2.03340513375803,10.0978445961538,5.38574263920613,2.19260660519961,11.404884492329,5.18545382064544,2.40649949056546,13.4827694347852,5.2145378473252,2.47246228659356,14.4566780418859,5.33497093459545,2.38763582804156,15.3472254572231,5.56091808909964,2.11384048329765
6.01272353784502,7.40704502585503,1.29242658822525,6.30672863916276,7.22409431224672,1.36124741884987,6.39468276621597,7.02908601763025,1.30098112087516,5.96427210701308,6.76036183082802,1.11485588830629,5.46951569734613,6.62719943106684,1.37261670156595,5.15825020406229,6.2366563292555,1.37530342269382,5.34979531610517,6.16268878920117,1.44626840740879,6.48708416355986,6.77899706009858,1.71140270804093,6.83734235916461,6.78570656949325,1.66937854229651,7.2023455871082,6.73753066146005,1.64362292034113,7.42283232541338,6.18999780378414,1.58903222573681,7.91558011440387,5.85518649835123,1.88282626528297,7.93038354677614,5.48248980215345,1.92392614564195,8.20387959618043,5.49419749200742,1.9187154776073,3.36503937176648,6.89555557945896,1.19888063990293,6.01582554849044,5.89492420958673,1.62922801513238,6.63835242922709,5.67125156144903,1.79445003076141,7.33191621884634,5.49552155404448,1.90854053905535,9.13907382552629,5.47228475699347,2.03739616151282,10.0339189389212,5.39623674731044,2.1827919138844,11.5341375845609,5.50619419159734,2.24040061257829,13.5057927311947,5.20417765400473,2.47507902805182,14.4565178361114,5.33380623124323,2.38533347934649,15.335385508426,5.55592063683819,2.11290121371257
6.01206075699059,7.40761120756982,1.29116514957802,6.30530493029719,7.22305047157166,1.35878746641948,6.38759276299441,7.02904848575615,1.29548555472283,5.95313541332026,6.76456591005472,1.11715202287793,5.45408403070096,6.62925483489926,1.36778310860818,5.14100907611879,6.24036438489275,1.36975340261871,5.3343794730367,6.1637396365321,1.44630303163485,6.48967047748473,6.77961261603494,1.71475165690847,6.83664096779567,6.78570721348238,1.66800996492024,7.20214402985523,6.7344179820972,1.64370243655394,7.40795478027336,6.18545821017385,1.57978647213781,7.89525821268482,5.85613929867193,1.88484797345333,7.9170190636697,5.48013535102196,1.92586110974654,8.18900525216134,5.49385941302022,1.91864111307821,3.34855915158253,6.89478067726701,1.19962289322192,6.00240442182226,5.89695525753832,1.62988500098252,6.62150291530728,5.67399707528999,1.79175348020082,7.31182493744231,5.49447808592856,1.90921009868064,9.12905638567055,5.46988435756514,2.03606999947581,9.9843552935236,5.410307632617,2.1689323583389,11.5370928199662,5.50761445050326,2.23445715265244,13.4504833492801,5.21099513537098,2.46896431517482,14.4465947965464,5.3332810265788,2.38540632886811,15.3219222418978,5.55566132111513,2.10992281507969
6.0123534416107,7.40662771043117,1.29314354594679,6.30768693341882,7.22191681922164,1.35869994240707,6.38068235920922,7.02438190040901,1.29222921152797,5.94879986513026,6.75798670581908,1.11499730733677,5.43345952091657,6.63660124620918,1.37956486999828,5.13615877672999,6.23379126089891,1.37783280844621,5.3273719876317,6.16140592780748,1.44919186761731,6.49263238529944,6.77830004448774,1.71514221126417,6.83392811320547,6.78589996588328,1.66469736323602,7.19784800093428,6.73163143357054,1.64597274103777,7.38339219200717,6.18473829131053,1.56861430584932,7.87905828173368,5.85409703115848,1.88658391110757,7.90492459625373,5.4790983436897,1.92608974847897,8.17290482470342,5.492412065573,1.91889279135666,3.33234410346974,6.8886127285436,1.19212494828303,5.98754880749867,5.89462887274172,1.63032476953167,6.61100815545783,5.67375160058717,1.79163183899092,7.29562118189359,5.49857614836096,1.90888187106485,9.11965026225968,5.47163574830272,2.03668019631626,10.1333494641997,5.35250031088226,2.2196777885839,11.3970247513536,5.18409123060596,2.40589766544742,13.4491464989691,5.20788220939214,2.46675521829464,14.4273346387487,5.33420084900561,2.38813809593902,15.3027218158072,5.55790419107164,2.11304213592401
6.01286902088138,7.40600809618495,1.29345587952991,6.30750323145319,7.21909590978653,1.35586521130176,6.37665547053358,7.01879499436911,1.28488485655659,5.93731765397752,6.76187092216326,1.11354789471774,5.41760087338431,6.64224874389273,1.3793427700951,5.11851205884549,6.23704313300087,1.37864587244954,5.31443327332522,6.16244247594956,1.44910945964567,6.50298172667125,6.78592768235046,1.725619012889,6.83221784177654,6.7866696119746,1.66424638504474,7.1958996047602,6.72747026289607,1.64144108098992,7.36738239449331,6.1809730655759,1.56040065226556,7.87307231123461,5.8515079153163,1.87692020417918,7.88998942796193,5.47872640536745,1.92953581645175,8.15649608472119,5.49267187608588,1.92094797358011,3.31472977663013,6.88556253878557,1.19299890334989,5.97948763131224,5.89634518728195,1.62891712533467,6.6027082719729,5.67384419715629,1.7913725086348,7.28277192338646,5.49658857340264,1.91035318158831,9.03551248725259,5.50288295587376,2.0101879596841,9.93790297729498,5.41206196022204,2.16900076914877,11.9831891241661,5.02846107985838,2.52155758067732,13.4621268330996,5.19404228743981,2.47038587897354,14.4167676936769,5.33237850968232,2.38858584421149,15.2877466001822,5.55743979018234,2.11583245058746
6.01442788792179,7.40631694029048,1.29317191527685,6.30648154676627,7.21593442600021,1.35130194473406,6.36885211440947,7.01681914782889,1.28142508684788,5.92104359059334,6.7644070970762,1.11728795788119,5.39887699426823,6.64472636864169,1.37709162471479,5.09708884869028,6.23921494596413,1.37071197624878,5.29461641033142,6.16299156350231,1.44926531955434,6.50575181345896,6.78672888711141,1.72400386479164,6.83138462069104,6.78706522067513,1.66482523653979,7.1940824097533,6.72661367954376,1.64271917962243,7.35584387918903,6.18056460020844,1.55789750558793,7.85963978475011,5.84742550619605,1.88059514499336,7.87318641356033,5.47710903263404,1.9322146536046,8.14212599341466,5.49126545155879,1.92288519291332,3.29803355190561,6.89002234060806,1.19224984126018,5.95098497830582,5.89956880379864,1.62785152689844,6.58058552093901,5.6794324069399,1.79704720826044,7.26243079296256,5.49548755738327,1.91070592493445,9.11277072009376,5.46484784423363,2.0402572395334,9.93102530671342,5.409799046723,2.17241326731499,10.8959235599586,5.34177629678144,2.2736163023278,13.3809938465032,5.2131349955641,2.46702671080475,14.4118157162659,5.33393903981022,2.38913054001869,15.2699491695941,5.55174992341976,2.11395849489167
6.01466997710665,7.40895828372349,1.29248992248387,6.30490807159114,7.21834429958711,1.34838191565862,6.36258450282971,7.00706013665578,1.26785787322175,5.89386099307464,6.7767145529338,1.11463734183281,5.3815356436287,6.64717194606734,1.37506090531572,5.08165876609233,6.24189796514198,1.36607241315317,5.28408654863424,6.16469821803221,1.44714900824514,6.50879321901778,6.78691602313543,1.72627358730478,6.82749163608519,6.78498106090783,1.66258362618287,7.18954626073752,6.72708233963738,1.64626967364705,7.34358466697917,6.17404176413924,1.55852014921273,7.84582033931162,5.84599926047657,1.88385552932926,7.86225255234394,5.47566145769487,1.93523616262817,8.13788233922794,5.48704216827137,1.92193656182159,3.28075967008811,6.88679047298871,1.19495756835668,5.91276502611232,5.90770868723591,1.62315123900301,6.56537925432964,5.68156718738308,1.79571564781424,7.25050700350773,5.49782570114454,1.91115431451971,9.09318087664549,5.47186490017602,2.04343998205916,9.91316820795553,5.40684647223128,2.17179331660394,11.3150177681746,5.18758672979743,2.39094838924114,13.4028328004954,5.20904509047517,2.47165390429278,14.4005184294038,5.33361662276821,2.38921133095671,15.2536905248376,5.54889659539522,2.1156729682277
6.01204310960404,7.41196928453676,1.29263883381033,6.30516649551425,7.21980596897389,1.34858997608754,6.35314199836026,7.00644888833537,1.26825962178493,5.87473249270614,6.78565056417285,1.11377889634378,5.37589902929531,6.65252965695314,1.38032163059697,5.05830589212423,6.24919464105099,1.36190715907316,5.26150750048362,6.16750325739988,1.44579539687387,6.50774181110039,6.78835120807539,1.72464541300997,6.82463298865832,6.78499410432017,1.65958639821566,7.18785131722515,6.72655009050011,1.64512899302219,7.34391139249931,6.16543996011538,1.55870894219608,7.8342873117419,5.8423848212374,1.88515145547347,7.85137103931244,5.47800586113294,1.93443220880763,8.12594433734823,5.4916974579843,1.92148201647202,3.26486760145768,6.88673477260577,1.20101679193805,5.89215386618549,5.91064180411269,1.62124064635609,6.54620062395548,5.68166122055757,1.79537661778927,7.24053998549814,5.49659402296327,1.9136099607434,9.08410986965062,5.47160085027632,2.04481518600346,9.88906987851214,5.39909524548219,2.17217514433301,10.827380932773,5.35654671784307,2.27287889991607,13.5804163528507,5.18915786121522,2.47832639880155,14.4085739445915,5.33872729331972,2.38022638436759,15.236932895781,5.54936838610193,2.12193059585631
6.00850603407223,7.41124701925555,1.29526419003817,6.30443230294561,7.2178783551037,1.34676234321346,6.34443744397041,7.00510913551614,1.26733295050213,5.85118538354584,6.79332788401371,1.1118003483596,5.35482542230255,6.6627898009479,1.37506638156504,5.0414196392877,6.25244139354178,1.36267035335878,5.24590271765256,6.17027694962674,1.44368840025098,6.50413294685422,6.78952744079842,1.72597167622408,6.82094502180174,6.78414254232032,1.65781036873457,7.18764586451479,6.72450882334648,1.64609634795509,7.33042578843768,6.17580537940255,1.54833485006928,7.82179276634095,5.84043113309892,1.88828060561396,7.83650719012713,5.47623247597207,1.93813678169733,8.10874553589345,5.4949769974768,1.92101263449008,3.24536230328272,6.88870376132627,1.202193119702,5.88100987507301,5.91677178223309,1.6212015328676,6.52865711700612,5.68053508488191,1.79607708426779,7.22445273588902,5.49523025796138,1.91658261044961,9.07298910843909,5.47700372180257,2.04113370608222,9.89551632338264,5.39868700937757,2.17125368488012,10.838653704159,5.35852894092713,2.27853376168686,13.5684348754911,5.18862923388438,2.47928934042378,14.3974033010801,5.3395424500648,2.37858532903053,15.2242792187681,5.55325730516583,2.11984593878219
6.00756963835941,7.40777254065868,1.29578848356318,6.30376073920284,7.21662865756073,1.34330645465883,6.33672035391971,6.99399362838008,1.27376102883434,5.83283423949471,6.79723192506535,1.11048324019789,5.33823086660015,6.67261033701792,1.36728075877428,5.02437917221183,6.25807851898231,1.37703280166794,5.23432491458275,6.16551069267936,1.44606096499265,6.50172477635799,6.78952371131937,1.72378503085684,6.81863268940155,6.78356561531467,1.65797354991295,7.18548898780015,6.72125178907685,1.64796386134731,7.31993679752683,6.1667846818634,1.55264092084374,7.798672536034,5.84510279816029,1.88794568591652,7.81484110964392,5.47246201841089,1.94267858551407,8.08771040136447,5.48752864685177,1.9228709537008,3.22550569407759,6.8895757815386,1.20338230248817,5.86761417881956,5.92740591605417,1.61155134486744,6.51464721918946,5.68505526675075,1.78386137437765,7.20771484537038,5.49940807712743,1.91377205145868,9.03019433107284,5.47604732659945,2.04056282591127,9.86484182574173,5.40174843932346,2.17850056833487,11.295478440188,5.19054775350032,2.40493310104729,13.5833293947005,5.22633614430497,2.47076725295986,14.3932955803144,5.34456779314888,2.38202949218223,15.210059780464,5.55228690148648,2.12061200046922
6.00704742801703,7.40715432278923,1.29678628799727,6.29637988576183,7.21451788655153,1.34316223037391,6.32256796948719,6.99769004530064,1.27022975681101,5.81935869670303,6.80019707677687,1.11169095741322,5.32391748290403,6.67403850986863,1.3573588859116,5.0064235517373,6.26084863324719,1.37512791103542,5.21797065482159,6.16453098785924,1.44493930217313,6.49785510918906,6.78294362363874,1.71848921620128,6.81674433368271,6.78357717672224,1.65812925602847,7.18331953317292,6.71938747012381,1.64921482139651,7.30994444194301,6.16556140980728,1.5533255607288,7.78482137694426,5.84418790206899,1.88401123811652,7.79573044559454,5.47361309988363,1.9455204932461,8.06818262425115,5.48423431639429,1.93008216213006,3.21254975737828,6.8910519652466,1.20315598236683,5.85674754350571,5.91817323387956,1.61723681371963,6.49816569260601,5.69975385176075,1.77218635060626,7.18999571772354,5.50374926229671,1.91109149420186,8.98135499164768,5.48506676377581,2.03204447435299,9.84038080622721,5.40234523672364,2.16889052614067,11.8191104810373,5.31070824187901,2.34892085420419,13.5151484656656,5.20744210653896,2.467468325679,14.3799300114438,5.34193137344465,2.37934216444622,15.1933238403849,5.55545507211716,2.12566354511765
6.00923138409734,7.40673140287633,1.29682627107124,6.28844954840916,7.21116720375973,1.34052274232288,6.30833250413358,6.99231881186427,1.26367590381944,5.79989582929876,6.79326195156905,1.12359283782553,5.3041371532035,6.67804567609803,1.35796185415853,4.99850998278093,6.25802716803005,1.36762821639311,5.19671023774422,6.17811066672811,1.44136362080939,6.50002695601466,6.78740916138103,1.72347701058663,6.81823675895961,6.78338903519843,1.66070746697309,7.18166721599862,6.71701610933281,1.65173426127397,7.3004059968793,6.16649660581417,1.55661898195961,7.7678476561838,5.84661867419003,1.88824933197121,7.77914398334592,5.4805092081017,1.94418615924791,8.04615536011081,5.48570820939054,1.93647644466183,3.19952335526905,6.88887079758713,1.19928185943137,5.84949075283144,5.92103460854914,1.61291155812143,6.48376195597395,5.6977463397525,1.77213781790419,7.17708687703169,5.50705640253136,1.91720849261575,8.96996927476348,5.4789670614749,2.03300167511964,9.83137256068579,5.40929094101455,2.17570797582674,11.2509056738796,5.18944694607511,2.40646923951268,13.3403824138592,5.20796420332451,2.47751413266342,14.3238156154182,5.32787859711065,2.3942449233734,15.1793161018789,5.55190185431889,2.13034219271018
6.01087414899496,7.41116243984551,1.297790784907,6.28051489529469,7.20126935052362,1.34620398138452,6.29479331157022,6.99353767145,1.25967653470334,5.78106214366809,6.79610263060914,1.12464132239889,5.2842678554422,6.68341625846362,1.3619139924394,4.98166781089656,6.2588711414921,1.36998705888131,5.18057696268107,6.17966113208637,1.44367448188743,6.49425182614664,6.78083807265577,1.71651152899434,6.81503939049969,6.78313758800073,1.66221391252203,7.17874471560378,6.71669724844959,1.65431322905214,7.28946568918693,6.16831108072741,1.55314628692288,7.74995044037883,5.85273768044389,1.88875745919089,7.76006757404366,5.48039153620309,1.94361213380164,8.0297381146325,5.49414106568213,1.93229598946262,3.18282684261224,6.88731902100288,1.19860244648541,5.83864173060807,5.9184960820728,1.6113688374574,6.46901414904036,5.69882399733305,1.77159555457496,7.16301658225189,5.51511313184493,1.91111537381318,8.98031091455786,5.46658626983608,2.04134034823455,9.84199721553233,5.40305714001066,2.18022423189635,11.238987835436,5.18930926847183,2.4101412092029,13.3660831864961,5.21851403608452,2.46734391253487,14.3245256757577,5.33364071421942,2.38527545388967,15.1663276809297,5.54981814073537,2.13478539790981
6.01142842533375,7.41021227805103,1.29881907436654,6.27596663052071,7.20366965127614,1.34622421156273,6.29039490604615,6.99510716861476,1.26565290549309,5.76907046501105,6.79983079216404,1.11444250069544,5.26611303241709,6.68735876295796,1.36678955760163,4.97087063942116,6.25464004431428,1.3730933604119,5.16632250623617,6.17966021087871,1.44600630377046,6.49513547849171,6.78318385395261,1.71736082663333,6.81552598279685,6.78538816973495,1.66612588962272,7.17770839574355,6.71514386199195,1.65340511589022,7.28039632018001,6.16792397165567,1.55385624374393,7.72718648268015,5.84913547598062,1.89428100256652,7.74148821852297,5.48748037417441,1.93905741618354,8.01612664200066,5.49827965672272,1.92963804263032,3.16471246998495,6.88224234030788,1.19888365501079,5.82686803464093,5.91815079034354,1.61170059314403,6.45010703344054,5.70001083516183,1.77026093131857,7.14407150865066,5.51727236387391,1.90807920168109,8.95871633250721,5.46835236790344,2.03925422307735,9.79355996054442,5.41207777207686,2.1720900738269,11.1932843059827,5.18018366833672,2.39735616939452,13.5321667234271,5.21513508591366,2.4652158443917,14.3379215863269,5.33969098617335,2.38381720061273,15.1523034924948,5.54977986501101,2.1362228504487
6.01112870616335,7.41116737130451,1.30020256361854,6.26930753946913,7.20553693838881,1.3406729170389,6.25716638003291,6.99407586333874,1.26459022197744,5.75413392665203,6.80424152186395,1.11148126937272,5.24946004898098,6.68795625147152,1.37110789038084,4.95386006968589,6.26065011405642,1.36957513318684,5.15268417339878,6.18606052096097,1.44414963272102,6.49027206792146,6.78255069824743,1.71882034324301,6.81161503282754,6.78598729121518,1.66987555103786,7.17751097221605,6.71297615321189,1.65523896862273,7.26308857719847,6.16505908634868,1.54606831198917,7.71230374883382,5.85046711928966,1.89557560125258,7.73057909136257,5.47620118990431,1.94058270455344,8.00178989433126,5.49803645806055,1.9310443237623,3.14926838198362,6.88315042862103,1.19793511262408,5.81258872161164,5.91989433972543,1.61201510681869,6.43595982311027,5.70281646505272,1.76851203824465,7.12893094565301,5.5083791302797,1.90181484140731,8.9498952567551,5.47305658256489,2.03853943907332,9.78291087197476,5.41431624366276,2.17067394205582,11.7725663781864,5.32324642779625,2.34479486141253,13.3653119219939,5.22048199800666,2.46781671876794,14.2845704151001,5.33969939933843,2.38688834569454,15.1402832870722,5.56012795862293,2.141148588268
6.01005635270942,7.41107240386648,1.29887965240356,6.26655262904684,7.20248247943536,1.33209364789711,6.24388985206015,6.99584562522985,1.26671706838757,5.73095698005915,6.80443670705461,1.11129334275708,5.23541785446087,6.68384474817924,1.37686488046348,4.9391187335802,6.26044999137988,1.3698980034109,5.13888195839018,6.18673012879246,1.44443007091407,6.48691094102242,6.78099600377399,1.71655302851008,6.81132897598737,6.78612969239806,1.67228103809721,7.17635178271041,6.7129638422784,1.65636806677758,7.24875254909617,6.16377228808238,1.54383302626764,7.69956305677947,5.84981533024196,1.89896068608659,7.71164248392997,5.48328975007389,1.93702947418945,7.98745364004525,5.49809136406553,1.931947957263,3.14202513539973,6.89543752651145,1.19652252199468,5.79541214048916,5.9240878273057,1.61163817847704,6.41824955936288,5.71089109224043,1.76345842629364,7.1082245695609,5.51662422692616,1.89541467798593,8.94894953766778,5.47058968824585,2.04165266359601,9.79141757385556,5.40867221931983,2.17984329409289,11.1805376607914,5.1938746116113,2.39995041471989,13.3253665231597,5.21872357457454,2.47461536951827,14.2685135426138,5.34555800209583,2.38879713769059,15.1248712282598,5.56448133852084,2.14208797815834
6.00755404463688,7.40975825565622,1.29845540612132,6.26448387765703,7.20464122981774,1.33015271794284,6.23622299944035,6.99618950931655,1.26917490756353,5.7203577035541,6.80520553632777,1.11122460449635,5.22379489412874,6.68529029684787,1.37885760157332,4.92267527550425,6.26117915342891,1.37147477084525,5.12526214753246,6.18509460154635,1.44762915942636,6.48990204795136,6.7827740489352,1.71727600574538,6.81343113138945,6.786246487425,1.67447282156903,7.17862729905189,6.71097974348228,1.65513774646279,7.23863842173002,6.1635982806284,1.54111968876338,7.68917534525181,5.84547286403979,1.90008427647011,7.69493530454581,5.48784322521708,1.93498440325698,7.97826452535791,5.49777083671952,1.93268761181415,3.1269222818361,6.91037369291129,1.19349811037483,5.78011402836342,5.92331172887641,1.6130482012189,6.40751140229087,5.71380478820074,1.76235214470119,7.09314746667133,5.51778942948517,1.89575441648318,8.92338812835688,5.48278214201033,2.03053942216963,9.77398509208116,5.42003165902604,2.17342853684114,11.157187940165,5.19755089621524,2.3939740808848,13.3531149234442,5.2254381004298,2.46275911288915,14.2549019484058,5.34593576558058,2.39103783921945,15.111717458786,5.56581748181076,2.14442282816349
5.99044387577078,7.39721379015287,1.3058542270607,6.25918522355838,7.20565668509209,1.32468109070294,6.23093414017978,6.99186799795689,1.26516317597475,5.70079458483078,6.80843580840262,1.11144472190457,5.21438309961979,6.69110627610318,1.37650064838795,4.91113903046338,6.26227564458327,1.36879155250203,5.11352726138878,6.18923290675564,1.44501508347487,6.49041277436968,6.78447735140411,1.72011436853333,6.81327311358359,6.78467449335414,1.67503908994072,7.17757238122089,6.70717258915574,1.65468818941572,7.22487999664266,6.16033534711455,1.54252919881013,7.68365209666599,5.8446271886275,1.89291526556287,7.69031580775628,5.48405135045468,1.93920633593009,7.96745907435914,5.49655499161023,1.93249497271231,3.11097365401799,6.92453919855504,1.18837085282884,5.77021555108048,5.92250007168237,1.61229434842216,6.39469259701132,5.70379444993727,1.76800408603091,7.08119475868267,5.51687761509743,1.89613093842117,8.92894337031527,5.47530515267711,2.03663022037893,9.77287792501301,5.42014628089509,2.17142465312865,11.1217347079574,5.20520964875979,2.38267515015603,13.3062515962384,5.21511372371976,2.4726385874965,14.2326763924974,5.34164929487305,2.39609256519758,15.1004747069161,5.56648862121307,2.14451695304463
5.98795874550765,7.39298763919163,1.30736311847578,6.25236213034589,7.20152462058135,1.32223738751734,6.21773734427075,6.99102329569208,1.25735348196718,5.68358090670518,6.81004358424921,1.09989513169683,5.19831236046471,6.69543834811267,1.3821506790034,4.89837378191816,6.26686773053282,1.3671120195734,5.09738237323774,6.19215525192096,1.44217407480638,6.48889492415035,6.78485935999844,1.71895819147851,6.81134164270477,6.78508817586381,1.67357966822653,7.17415845755548,6.7089113055423,1.6535129714624,7.2136482439128,6.16070090449393,1.53720747196698,7.66830076431508,5.84604461242495,1.89414240902076,7.67259463382632,5.48270280361244,1.94000483897265,7.94844288231209,5.49222905576132,1.93384435537843,3.09435664083273,6.92669073703987,1.1946352967616,5.75255711452022,5.92564094792942,1.61051723601838,6.37425772248166,5.70559595916834,1.76902921289965,7.06713239150161,5.52472357648305,1.88743071355421,8.85997313810669,5.50645035844006,2.01513174984221,9.77092041205524,5.42761470787632,2.16786481550475,11.124557870035,5.21577192313916,2.37858153098824,13.2699629978201,5.22660815846494,2.46291256423318,14.2284662669917,5.3490603879101,2.39089594714629,15.0828270305532,5.56756038117395,2.14491838605436
5.98750065962959,7.38876179839082,1.30647353882225,6.24323292249914,7.20083118197483,1.31907856985155,6.20430794312968,6.9955793897884,1.25294091619023,5.67017793086099,6.80655644578047,1.10020194890399,5.18567752117875,6.69292696656953,1.37606381620174,4.880759995083,6.26950721537555,1.36729685160923,5.07424557402509,6.19130566942633,1.43958022897481,6.49094951054655,6.78447743313413,1.71812446592254,6.81184381804743,6.78284447716543,1.67158874690762,7.17518508728419,6.70429048038937,1.65093301709536,7.20985123791135,6.15980953553113,1.53591956312224,7.65623823388757,5.84456362792623,1.89077279367144,7.65616527535132,5.48472167703072,1.93771267541059,7.93379222578197,5.49258101344089,1.93332735803834,3.08022464187497,6.92380794053494,1.19869577255127,5.74137353568804,5.92833548079239,1.61018872014968,6.3544204506692,5.70828459493975,1.76777287542394,7.05607624766853,5.52330985634804,1.88733539496069,8.90288021651415,5.47733109159355,2.03962828861105,9.74432581310034,5.41833726656774,2.16559752665276,11.077493935835,5.21478127172794,2.38016787874694,13.2624997499151,5.22571123884435,2.45745562153031,14.2196008883747,5.34864814740725,2.39032710736248,15.069194144229,5.56780791448495,2.14546038015608
5.98703572096946,7.38691349810812,1.30735602232309,6.23312367467481,7.18150192771395,1.32843502640627,6.18316661906906,6.99276490702871,1.25158407459284,5.65488143918303,6.80629648698715,1.09845621486984,5.17315299858773,6.69807442392178,1.37211720129699,4.87037745683811,6.26803405927314,1.36675802647186,5.06771518956018,6.19165704366523,1.43719708346433,6.49156516688662,6.78066409811566,1.71214226006508,6.81080838231647,6.78020163970847,1.66931802713831,7.1742588272169,6.70004223313206,1.64727102850105,7.20273314761285,6.15960034239299,1.53344543929801,7.64180381569262,5.84409406537734,1.88473046744056,7.63828201693513,5.48688067389205,1.93459985036126,7.92451932615066,5.49268654925906,1.93331008065876,3.06419227199042,6.90555700215292,1.21256344372686,5.72836122383219,5.93028008511526,1.60463021658528,6.33657644419512,5.71252783250173,1.76483903577567,7.03894528412616,5.52345903165902,1.88388095019267,8.89831461726227,5.47453820524091,2.04327615454335,9.75407889976851,5.41703886285705,2.16594970031133,11.0906789106015,5.21314949689616,2.38124647690633,13.3012531731488,5.21921532230353,2.46424964584569,14.2215995730696,5.35154466760204,2.39028501845744,15.0565814426192,5.56728923262845,2.14479700861766
5.98585682455655,7.38718058854837,1.31045123935489,6.23010069150357,7.181119030544,1.33051478865294,6.17372878209728,6.99513244047968,1.25420477981117,5.6444781500572,6.80549249280031,1.10087982063325,5.15432617789812,6.70152531083345,1.36974071191174,4.85432058194303,6.27864374708519,1.3716525648715,5.05123985200465,6.19679669954993,1.42993570807314,6.48872238235094,6.77686534867166,1.70650441459106,6.80831255044372,6.77926373897925,1.66789389764185,7.17354419649494,6.70001276707974,1.6459168877237,7.19377623314373,6.15999610936727,1.53147767568194,7.62534332251657,5.84286070883353,1.87944711046674,7.62889634957825,5.48579037511182,1.92519923924492,7.90742405853483,5.50092665985917,1.92481325970767,3.04638193641801,6.90200142599251,1.21548722262297,5.6986476494728,5.94473067299609,1.59233994476528,6.32974123407114,5.7170509810082,1.74757969765994,7.02217816459279,5.52680688690957,1.88034010875171,8.89158821956405,5.48182805799169,2.04010079026456,9.78334592032171,5.4092940818539,2.1739304125299,11.112219710685,5.21049767516012,2.3889693764179,13.2738181118957,5.21360081976475,2.46451107228875,14.2000755425185,5.34803267075018,2.38546172116056,15.0429739959056,5.56815349956046,2.14477099233813
5.96497528031381,7.3370938826706,1.3463085793404,6.22384636680013,7.17751266194996,1.33571344614393,6.15063205975936,6.98668323795347,1.25445911575499,5.6265624635622,6.80374308545161,1.09922515775435,5.13961247722461,6.69945410789916,1.36604224587183,4.83608092273198,6.2977594207402,1.35892646322283,5.04514711853879,6.20143265594275,1.43557326250675,6.48959337417112,6.77598549684938,1.70381592163318,6.80948791968564,6.77802389708348,1.66718392184664,7.1762149041985,6.69881611821232,1.64719866725952,7.18563215398705,6.16431562970114,1.52704694136178,7.6116727949717,5.84583976908798,1.87520898376068,7.61561760823098,5.48994993474834,1.92379289839847,7.89233009138202,5.5024982182933,1.92366711784301,3.03133288153072,6.90058109230475,1.21223965996155,5.69213872189408,5.94929950758953,1.58915465188492,6.31963445470475,5.72188437172838,1.74462662187423,7.0085333173528,5.53866191934916,1.87332239126275,8.84125868427227,5.50123272082671,2.02596330706624,9.76194532664328,5.40378730610464,2.17479982384922,11.1066402040662,5.2113755835095,2.3952214451206,13.2385566894448,5.22317468084475,2.45956299888337,14.1670302499699,5.34231627886262,2.38730054342964,15.030614612271,5.56554890066272,2.14143828969884
5.96722530101625,7.33809667100008,1.34875652832082,6.22016817179188,7.17642506872168,1.34095350556035,6.15043733196397,6.98933022826955,1.25837707098608,5.6109990046022,6.79968059408668,1.09839791492783,5.11823444067166,6.70317458854861,1.36461662005852,4.83043688136563,6.28484098445171,1.36448452333218,5.03507059322343,6.21220211788152,1.43032219994136,6.49224974441845,6.77931197651133,1.70607207612535,6.80923963817603,6.78095790552607,1.66645117098772,7.17569422478274,6.70198835277488,1.64649656746018,7.18287148606817,6.16933779743451,1.52405144297789,7.59827302162395,5.85046728970187,1.86946050225091,7.60685702749382,5.49331130392073,1.92207281558621,7.88296592650281,5.50704728668162,1.92194491285473,3.01434374664374,6.90367460225233,1.20913416704386,5.67896491719201,5.95085940221215,1.58570601736465,6.30902042369573,5.73319206376512,1.73539322112179,6.99876785501332,5.54632173999675,1.86856748478625,8.82618078958854,5.49957886881687,2.02659442774387,9.68173909240247,5.41918938974398,2.17371896688938,11.087210230007,5.21113844987724,2.39930265486788,13.3047850751537,5.22211716918706,2.46164901106578,14.2049953387857,5.35408842998019,2.38449216035397,15.0170904609397,5.5642219758027,2.14353707501438
5.96456221974644,7.33975402881453,1.34793779325319,6.21750464984098,7.1782197364274,1.34607582927461,6.14201926435997,6.9951829926329,1.26019636272705,5.59640889018426,6.80360076183502,1.09712837316756,5.09205265969484,6.70691750294567,1.36223089348223,4.81118747069342,6.28827741134341,1.36290902825898,5.01526479022882,6.21730400251097,1.42678717134572,6.4867452784755,6.77907584069791,1.705661556653,6.80851704506782,6.78218644369238,1.66256004843591,7.17467463044324,6.7048820103307,1.64295677064461,7.1665445380733,6.17618585043136,1.51065717076832,7.58332126333569,5.85236239298082,1.86157313650949,7.59180129061051,5.49856129280259,1.9164600743636,7.86548969284513,5.51359570490298,1.91914428991832,2.99064657371619,6.90268100941608,1.2036980395389,5.66230370690178,5.95424943055474,1.58243914977027,6.28967624929775,5.73666454200754,1.73411417703046,6.97869176104074,5.5560442614857,1.87277381744771,8.81580856108821,5.50475078835216,2.02430552459008,9.66819139457057,5.42562463151491,2.17152911991852,11.0696456340241,5.21542279478268,2.39862710343374,13.3435226158713,5.22778297830402,2.46012040647163,14.2011965909123,5.35571666910426,2.383067087948,15.002907319276,5.56220511598163,2.14622477842349
5.96944805023955,7.32606786506405,1.3418637371504,6.22386087652908,7.17809650617523,1.3463761242418,6.13517268369577,7.00107541764412,1.26380012218698,5.57885369547503,6.80263277547431,1.09740451786234,5.07474114544731,6.7103436578624,1.36019917538658,4.78917631957538,6.29588952900101,1.35343276258516,4.99445103187194,6.22058969289537,1.42399142837267,6.48822136575209,6.7721927954263,1.69592381489018,6.8107492742562,6.78303951875589,1.66158460453803,7.17769989956282,6.70327032235976,1.64188117176656,7.15204999348158,6.17748641897948,1.49935278621303,7.57116936614441,5.8588650563442,1.8628626042157,7.56957477926914,5.49558023352912,1.91589789078735,7.83833263519625,5.51256600702784,1.91628201385646,2.97774542179971,6.89432201251749,1.19828086360328,5.64716563217635,5.95556207950736,1.57959254912313,6.26381795816806,5.74182953404602,1.7316320896639,6.95760120565605,5.54106538318846,1.86865011742467,8.67156537964437,5.53028775453247,1.99204263258074,9.65581824303906,5.43637114157599,2.16608113006515,11.0659760411128,5.22330195216038,2.39623594818998,13.3679946737021,5.20395515805681,2.47018833722696,14.1477099957174,5.34455480215689,2.39386466836459,14.9892459766814,5.55973954624554,2.14750011634096
5.9717156399684,7.32753622036965,1.34263885722652,6.21624300479613,7.17540907412551,1.35082035811278,6.12387934850857,7.009794329628,1.25976066609541,5.5652015402165,6.79866152259001,1.10068333854916,5.05797019767254,6.71705933039857,1.35459388524489,4.76544663851868,6.29900015683206,1.34445670582959,4.96939387867453,6.22361200108955,1.41964003024705,6.49080363019723,6.7690992008079,1.69131774053671,6.81284257650404,6.78388984680619,1.65854229292738,7.17858322372256,6.70281922317224,1.64333477676572,7.14287863628189,6.17752517671647,1.49031813719306,7.55548337215926,5.86606426857701,1.86120612745732,7.55734063072495,5.49241892212738,1.9157187424752,7.81776292919835,5.5112740488922,1.91390051785216,2.96270000457914,6.89387704812181,1.19074834157316,5.62168006369432,5.95952117099358,1.58110728631809,6.2415198054637,5.74667457087808,1.72582158730648,6.93368035627203,5.54182940400007,1.86567571868676,8.77649001090442,5.50130448241898,2.01334033733762,9.65321554029977,5.42840640165433,2.16759490731231,11.0096410398508,5.21495360419245,2.38583684543939,13.2028136593386,5.22238225287396,2.46577498259412,14.1439922925039,5.34481680600393,2.38863926514634,14.9757848995908,5.55471301937965,2.14564408437789
5.97465180697523,7.332172069178,1.3420227452717,6.20868337939845,7.17202825701256,1.34405263123294,6.07392998475212,6.99500720693108,1.23525867688543,5.54211494550554,6.80516940977215,1.09885527126144,5.04020806664337,6.72397963662878,1.36053101623399,4.74945996767978,6.2970793512416,1.34397245797653,4.95313139735833,6.22147068557468,1.42076267384878,6.4885124282441,6.77048493672115,1.69583506169404,6.81468498683609,6.78618444948772,1.65955635176751,7.18201995174181,6.70250458989182,1.64415525545697,7.13963059902918,6.18259697113059,1.47884170733519,7.53949096880685,5.86149232343892,1.85738596702885,7.53334461023441,5.49436371903621,1.90993166422673,7.80531077303453,5.50854882259035,1.91136898537922,2.94453143149036,6.89798161668904,1.18483848104348,5.592768180526,5.965347525138,1.57477828848353,6.21498192819562,5.75842063479811,1.71721217963784,6.90638991431862,5.54392970689678,1.86067010126756,8.7660485220203,5.50319273552259,2.01070376563892,9.64168384664526,5.43012610565125,2.16338100047535,11.0060674194229,5.20985050748755,2.38513993022059,13.1488357489882,5.22479403709241,2.46293370440584,14.1175595126068,5.33997713501323,2.39288916395353,14.9603212025217,5.55120998439671,2.14733250201645
5.96814224037805,7.34439594567146,1.34917633019096,6.19916448102082,7.18749494776954,1.31812715404769,6.03501881696644,7.00268855242482,1.21542114958549,5.52261655018761,6.79077380891499,1.09242239750343,5.02488185872194,6.7243361039397,1.35924602798355,4.73190708079382,6.29481675432167,1.34657728032245,4.93373269813968,6.21602427130346,1.4265714467816,6.48543376924579,6.77405554492086,1.70346664158444,6.81424045185841,6.78689619375656,1.65997355042312,7.18463000160059,6.70088598242524,1.64118120646561,7.12921510350424,6.19013575404645,1.46279564125568,7.52456461830948,5.86155058515779,1.85356541005938,7.51316013919534,5.49635947394205,1.90264898193028,7.78496941356567,5.5082284534912,1.90665402632553,2.92781278531539,6.90271522930512,1.18699455771069,5.56859838811868,5.96864905130133,1.57667582614266,6.19635657460173,5.76321684725884,1.7186506472662,6.88280648428706,5.54695556774341,1.85261145279646,8.64064365103836,5.52314011919773,1.98910147940809,9.64318548474759,5.42521762472737,2.16403714553851,11.6783100295336,5.3512591896397,2.32484241881049,13.1318286737286,5.23133473630431,2.46131958905272,14.0662576208144,5.33812936726856,2.39606099161453,14.9488824375172,5.55496619942798,2.15882489087932
5.95919912859989,7.34992385616474,1.34539886879473,6.18744249900162,7.19150342975379,1.30479565202926,6.01870428726653,7.00020087365276,1.20616657716165,5.50443318715542,6.81064947007922,1.0660666537829,5.01375849021587,6.71682512371827,1.35509381097577,4.71486632346306,6.29438606928379,1.3473647475191,4.91373217374113,6.21085212280517,1.42121775824686,6.4822343851103,6.77810156729865,1.71157049044462,6.81452956513227,6.78582084849006,1.65756435378649,7.18550306740496,6.69962323915758,1.63275300039342,7.1277500015114,6.18025387826706,1.45944352178847,7.50347609511406,5.85905327169412,1.84471308827191,7.49929518819798,5.49717845321679,1.89904364028561,7.7730644665675,5.5058178808068,1.90633640786612,2.90961070409288,6.90115120954004,1.18928068053366,5.56653287582493,5.97390641366122,1.5736384611986,6.17651149307967,5.76611275022869,1.71473044409873,6.86174933074417,5.5594363934691,1.86105049283759,8.75341290685631,5.49350525187419,2.01000340128164,9.64606277541525,5.42917044044242,2.16532027555386,11.0279665203294,5.20869715665505,2.38869997860195,13.1017594613037,5.22743188625817,2.46189943884039,14.0657403645202,5.34513434255283,2.39208232698533,14.9317816393971,5.55875866491111,2.15807799715914
5.96665333877531,7.35706058739936,1.33571296705671,6.17504864245441,7.18346634670835,1.27403616316358,5.99393189042002,6.99034486874708,1.18327131850536,5.47867388555266,6.80091235471184,1.05237133596163,4.99605019976578,6.71715907842877,1.34861449623418,4.6981947169575,6.29851984385237,1.34801863100744,4.89751778377629,6.21287890162682,1.41810318560214,6.49971153743587,6.78498275048283,1.71784646386786,6.8208218051525,6.78365039733118,1.65585193591917,7.18593036854069,6.69610853721092,1.63120521476954,7.11442971458545,6.18764927794496,1.45727346031259,7.48158318265538,5.85915145373023,1.84517042788629,7.47713958762871,5.49421573423269,1.90113386935907,7.75397969064555,5.50252129266216,1.90239713793623,2.88780087258717,6.90211868218547,1.19257561729885,5.55744682623027,5.97224526836184,1.56826772617205,6.16709847207989,5.76831836571716,1.71569930901146,6.848349692408,5.55654509774003,1.86355864298836,8.7398614900391,5.48650512037904,2.01608316414621,9.63887450080742,5.42803609925637,2.16517568864047,11.0168782917645,5.21355754772053,2.38295419871864,13.0613291816335,5.24044968778035,2.45722598553634,14.0560921394659,5.35140115642194,2.38860492654524,14.9144268445211,5.55797414476996,2.15655779361937
5.95897398853861,7.36234194694341,1.32540311372112,6.14938532630552,7.16858307608993,1.23148565098037,5.96571005815791,7.00308380240959,1.13658754313408,5.45887406836436,6.80153557212976,1.04126446471524,4.97238392503348,6.72171709157383,1.33645037178842,4.67501251229523,6.31482025511834,1.34941631808172,4.87605646963899,6.22219997681334,1.41094447793626,6.50288179881263,6.78097104765738,1.70839506465305,6.82393449430183,6.78294289675363,1.65467229198211,7.18510603266899,6.69387758742773,1.62576836791934,7.1077268271986,6.19509255040459,1.4481431791654,7.46915964843139,5.8639480300882,1.8403262398886,7.45605916845059,5.49922972217211,1.89344280925498,7.73381139341921,5.50807415709953,1.89685019549128,2.85991184129191,6.89661116862654,1.19049911135252,5.52650215909266,5.98575133257491,1.56788128337506,6.14639969144975,5.7654999062167,1.69316423533531,6.82832006581339,5.56966870302975,1.85157400341886,8.7115115757545,5.48738908184802,2.01568075359707,9.61896463699677,5.4203917384229,2.16135371749235,11.0087099435635,5.21248385290891,2.38799425482973,13.0347354541184,5.23633068468265,2.45297166032064,14.0104975871296,5.34730094208516,2.38880536945825,14.8918938176189,5.56129788585268,2.15548087270243
5.95674958912257,7.3820909164986,1.31652604580048,6.12411331210569,7.16378652849511,1.20864571738384,5.90591967598918,7.01005389761004,1.10517118932676,5.41899878444343,6.79219497584595,1.01744305130536,4.93968950514116,6.72355879580556,1.32482716908814,4.65116895129716,6.32132015655062,1.34196478360178,4.85743428787915,6.23006353683493,1.41232107508489,6.50931958193174,6.78386003566283,1.71630130320814,6.82664712099196,6.78372480457988,1.65361856732037,7.18838952702605,6.6921328633813,1.62349976343576,7.09520285173345,6.19640823368147,1.44435524626637,7.44532450810759,5.86295130989544,1.84140883290365,7.41976661972721,5.50024319303881,1.89447729847792,7.69729938216223,5.5064185395215,1.89938548874884,2.83532090958245,6.90340075166531,1.18984226934331,5.49261057925659,5.99184443484806,1.5573808784113,6.12862752109611,5.76778380412948,1.69185007384367,6.80079810803713,5.56286890181699,1.84154215132017,8.69380544353409,5.4891379824262,2.01412141680162,9.57698658447312,5.4402983572686,2.14506891299426,11.0043224397522,5.21230684789653,2.38279652806454,13.1126476885963,5.23832437805023,2.45438616119208,14.0222756873922,5.3547925094959,2.38085502288898,14.8691609736057,5.56946964826965,2.14988469690559
5.96471014460656,7.41070222849415,1.30920825487349,6.08842871356204,7.13607627795735,1.1471633290459,5.85218188651334,7.0087581471706,1.07797252130598,5.39087909612253,6.77361343145988,0.996161194090627,4.91801688678912,6.72629708923377,1.31556588750508,4.62744320052466,6.31991316753633,1.33451338687451,4.84635469402518,6.24024743884621,1.40409702930951,6.5069606736743,6.78263475363068,1.71672477118327,6.82440250876516,6.78319003175535,1.65492544869804,7.18738958980007,6.6903128732279,1.62201361053763,7.08623235755953,6.2003329308951,1.43526091514643,7.42421398103914,5.86790864930748,1.84593352057234,7.39807919494889,5.49880668293069,1.89221385907236,7.67794928476218,5.50210854008607,1.90112269244499,2.81037192383533,6.89488460867601,1.1962375263543,5.4760956166513,5.99646887483521,1.54179373612348,6.10048473398381,5.77772117807231,1.68669705982338,6.78092647415043,5.5626040891909,1.84055466954167,8.61932160221218,5.50033980268781,1.99093365951957,9.55981381479832,5.42873716801229,2.14828154040033,11.0065391562588,5.21062679261341,2.39760268079866,13.0773929133043,5.22490974955429,2.4587745953251,13.9830026282736,5.34982957093977,2.38673200439371,14.8483977348144,5.57425141849002,2.14423332468655
5.96343135241152,7.4037451502341,1.31705873789056,6.05624914614159,7.16047970074579,1.12008557651761,5.83165430920111,7.01407376085387,1.05098593478611,5.36223306462659,6.76891811954629,0.986258011446831,4.88943612444152,6.72334437046241,1.3139334187501,4.60569887037336,6.31749758744062,1.33112625612153,4.82369566659611,6.23884364442094,1.40435607152661,6.49819833713012,6.78298220505707,1.7149532944259,6.82089404717824,6.77973963872888,1.65274784620071,7.18661823683732,6.68727516925393,1.61658218478596,7.0727901679338,6.20560028613614,1.42440349648493,7.39998786679455,5.86759038209172,1.84270406218654,7.37577224920981,5.50213977101711,1.89006420810597,7.65158098464222,5.49944237683726,1.90072854754152,2.79069857032128,6.89251430076406,1.19379655027598,5.44345161123462,6.01122420917296,1.54124186948416,6.07210125872907,5.79151812281435,1.67617816092692,6.75304584344548,5.56918722448253,1.83341875912402,8.60150332425618,5.49641131563716,1.99176301528046,9.54637140331828,5.43041572873372,2.14629307468914,10.9850338710717,5.21699001669334,2.39882503425716,13.1051237015404,5.22505175833792,2.45700387525705,13.987241737042,5.35692929534802,2.37954056235122,14.8288248306776,5.57298520206915,2.14231965483209
5.96116625990285,7.38680723769697,1.32095188481952,6.0285907111229,7.15576355597378,1.08026674226238,5.7850120529946,7.01679301983128,1.03065557385188,5.32758848373172,6.77282527705982,0.96405724009979,4.85271772983132,6.73292361968212,1.31164925959652,4.58584996572179,6.31235467505606,1.33298288455468,4.79738068008168,6.243506524137,1.40126327627382,6.49261003000575,6.78175163275103,1.71535318253962,6.8189955131247,6.77858400102946,1.65372588718469,7.18274046302624,6.68903702118336,1.6192018796261,7.06692239859462,6.21483481552127,1.42308372009118,7.38913470674189,5.87324685146183,1.83495700750787,7.3589535321081,5.50094161025744,1.88848698942681,7.63373346718863,5.50444291460088,1.89640265801532,2.76701765452783,6.8929489110657,1.19281334594958,5.42501238954948,6.01021369992465,1.53685925314002,6.05666424791712,5.8018513246002,1.66902115191058,6.73998863039549,5.58179764425769,1.82093203286435,8.59166275961975,5.49435372892084,1.99379417725127,9.53591941576199,5.43390894933076,2.15632739591051,10.8492773373181,5.25843843604602,2.3682863500581,13.0449344336041,5.2375611341846,2.44531622432574,13.9577181848736,5.35863163769364,2.37356215716904,14.8092596514293,5.57036747731889,2.14196776022197
5.96077454132715,7.36429563782667,1.32109493842673,5.98972908914122,7.15999256286273,1.05416630876255,5.73592600629344,7.0434987116473,0.99933754026795,5.2979639681311,6.77503412468039,0.941910131070303,4.82891523875279,6.73752254367537,1.31253186674997,4.56220468038811,6.31348828623037,1.33532818464296,4.77760386668116,6.24638031507358,1.40310342068923,6.47533993918723,6.78138638193007,1.7171486516425,6.81696965147248,6.77826413181849,1.65480907709619,7.18088380181206,6.68937862040177,1.61792294939886,7.0545914296497,6.22282493396212,1.41415754925241,7.37157999177787,5.87603726531539,1.82653910528614,7.34161517514641,5.50728493054881,1.8828423187388,7.61745663224653,5.50447138479022,1.88465704403222,2.7456672978355,6.89757948274824,1.19662220956373,5.39702802605795,6.01615258927979,1.541566131936,6.04046659318895,5.81565145014372,1.66485569018954,6.71776609936271,5.5847463041401,1.81253622873139,8.57447139277212,5.49109055542253,1.99360872476679,9.5264212781374,5.42646569765205,2.15551412414411,11.4249130405025,5.09368529014456,2.49753572015705,13.0802322411179,5.22252711466837,2.44841453137375,13.9447425680403,5.36489161821173,2.3745517533621,14.7872592854863,5.57128662458083,2.13890434509618
6.00140402608698,7.44901714866815,1.22271900971166,5.93833849426215,7.18924044961952,1.01220458971257,5.69145893759779,7.06589466072671,0.974163836943855,5.26138533434639,6.77044910476721,0.941806707289121,4.80502523455713,6.73629934961272,1.30611441310832,4.53472114089238,6.31700102039753,1.33448746366614,4.74474051020703,6.24633098363877,1.39732262696477,6.48285306491564,6.7826786391292,1.71725544851841,6.82073189705429,6.78122891740268,1.65534190757011,7.18029830460664,6.68844546068278,1.61842298150041,7.04642015743111,6.22394548032886,1.40751507246312,7.35354853609849,5.88462715989889,1.8225804493487,7.31076154302204,5.50216036741075,1.88679717643325,7.58587227494254,5.51209133755734,1.88663186026799,2.72158221901268,6.89298324432191,1.20065186206715,5.3795108118474,6.01920852554894,1.53741818032229,6.01944346033206,5.81937988513553,1.66116635362961,6.69103153628616,5.59476590661549,1.80360451956676,8.56686454529813,5.4894698818043,1.99749419814463,9.46245907504519,5.4410603325103,2.14042698611857,11.419043764166,5.09133814926227,2.49398679208723,13.0839144337012,5.2383609556757,2.4465553162386,13.9242176599893,5.37005064168305,2.36930737935863,14.7676761192211,5.57722574283544,2.13499178676867
6.08890593385217,7.48190112172413,1.15447861543666,5.88856609760647,7.24673342690084,0.958456746365027,5.65053172340267,7.09976149090346,0.92435013976255,5.23897410293777,6.78529033109272,0.929841168761559,4.78140459249709,6.73900014474799,1.30235381218338,4.51801372673392,6.31864311196271,1.33663448054895,4.72331159405987,6.2522245651751,1.39777728710096,6.48179585506223,6.78108646229691,1.71354797738969,6.8173969839936,6.78395329431934,1.65761336110559,7.17702274576711,6.68738039106604,1.61634411881345,7.02992424585325,6.2358595955192,1.4137659802289,7.33715657679101,5.88836973951706,1.816523116332,7.29547979328535,5.51172784171105,1.87780680839485,7.56721323199907,5.51876241037801,1.88156351336821,2.69648234142915,6.88948374396072,1.19901133937519,5.36888044138511,6.02459968644998,1.53109596540688,6.00855074937629,5.82235502092294,1.66309837233192,6.6745152915374,5.59662511506435,1.79741517272486,8.45624508609411,5.51860617063465,1.96684783858045,9.44723262849047,5.43580897128937,2.14254609485563,10.7912171785794,5.25041317021996,2.35744586555009,12.9999016381235,5.24210090039561,2.44727618196289,13.9011547250687,5.37533371251118,2.37060701439688,14.7516120072204,5.58685394429593,2.13978994799876
5.59204115808692,7.17289497818611,1.27103939679022,5.84620026596539,7.2904672894214,0.917093804131772,5.59373543611245,7.11899933859889,0.887460990534505,5.20878361976227,6.78889678967059,0.91671449052811,4.74808832100373,6.7421774134969,1.29560517360774,4.49246747872478,6.32478761812787,1.34150996055074,4.70124903205654,6.25607324620758,1.3997732623553,6.4753606850493,6.77908545612211,1.71150157990048,6.81673218688474,6.78423464438573,1.65903918239641,7.17707047459691,6.68786400679306,1.61367845471344,7.02202207902068,6.24662263762381,1.4112463365601,7.32769809046521,5.89404428039122,1.81956226800315,7.28677035097425,5.52745095038812,1.86900172054366,7.55877536411291,5.52684846430847,1.88117798053769,2.67017003796925,6.88793941347865,1.20019640779589,5.35433939484756,6.02055510952728,1.51195689976549,6.00747625765409,5.83125661674481,1.66453249653148,6.66830291753172,5.60803303421116,1.78797284738314,8.46315583202049,5.51021149251741,1.97647733776233,9.37134749967278,5.44617127011629,2.13259018541407,10.7782686955479,5.25345130814843,2.34688592241788,13.0047049649996,5.24265483460156,2.4476182442505,13.8881916328006,5.37716373656261,2.37265232239605,14.7350291688885,5.59508011136157,2.14016176993697
5.56556553153717,7.17901895390674,1.26448611168591,5.79310511870957,7.30304008712309,0.873173309282347,5.55282721746546,7.13298133752887,0.842529945051327,5.15922276593359,6.79430748201568,0.918598356572899,4.71570964219736,6.74630621599219,1.29464060423921,4.47562640697773,6.32748747670976,1.33966439355622,4.68504815001987,6.25867897794469,1.39750264717704,6.44557715238352,6.77748384433423,1.71695547132683,6.81134769162295,6.77993335838361,1.65969996198126,7.17754189454186,6.68250194527186,1.60857213227274,7.0068746098655,6.24937118279103,1.39760288227754,7.31010438316022,5.89933993561012,1.82107095975982,7.26524664418562,5.53579888582954,1.87604338337584,7.54107612797441,5.53099074572406,1.88799697655572,2.64664205171295,6.8855956397759,1.19655945664304,5.32088199904735,6.03353747107599,1.5218013483625,5.96183916854732,5.83506409410613,1.66081363782129,6.63011779550818,5.62544754853376,1.80560874122693,8.45126456973612,5.50363530856659,1.98357858361539,9.35271642377357,5.44835867630655,2.12818823027694,10.7487994626256,5.24975964267022,2.35529473604746,12.9623313691432,5.25425458098572,2.44490192787588,13.861622423483,5.3784682437172,2.37698669202027,14.7166777972812,5.60005748801411,2.13747639235889
5.53203122575285,7.17755153500698,1.2484953703277,5.75322082246833,7.33891049125142,0.784957879468458,5.4842317485096,7.14710231341089,0.780762946472766,5.12336422713255,6.7936417584225,0.90510925134569,4.68857027594724,6.74628103260968,1.27990593823419,4.45644456746605,6.32269675248237,1.32802516569716,4.66239448573222,6.26390031062062,1.39313135102073,6.43817035854073,6.78043523491244,1.72134808326733,6.81347761865445,6.78148794049793,1.66299143190186,7.17529049871965,6.68153294216378,1.61132412887215,6.99789571086563,6.25237781722088,1.39561939333547,7.30469147182334,5.90159505506902,1.81723952826803,7.25874622419674,5.54380610613335,1.87095824479904,7.53087865935891,5.53310945579334,1.88496826568101,2.62812688409582,6.875206629991,1.19476829512354,5.31236549697693,6.0306005180478,1.49793414683524,5.96248932881044,5.83115422332369,1.65031392061004,6.64099359211097,5.62707566237949,1.78636363334437,8.50570206033235,5.48659853128453,1.99905256533613,9.34323307414308,5.44516205421063,2.12857404495386,10.7363257715486,5.25152691715436,2.35503802807625,12.9372521973677,5.25552726378887,2.44420615770884,13.8392175368303,5.37856983753215,2.37250837063585,14.6964890427678,5.60309734924472,2.13468542714762
5.51221528336332,7.07151972012856,1.09516290042746,5.69123896490902,7.31816473160529,0.708569579792095,5.43516865130237,7.12652117053546,0.732501549843009,5.0848966903719,6.79824283118453,0.894330200405938,4.66688771559755,6.74897473113802,1.27215050250809,4.44095626563563,6.33096975064638,1.31854322833572,4.65486204387885,6.26527334527659,1.38377768365636,6.43815439887252,6.78343169593154,1.72291787682715,6.81427636159388,6.78082060669414,1.66388104127682,7.17605305736568,6.67800012917076,1.60698662591356,6.9763968531217,6.26451251351257,1.38170590446497,7.28359588238733,5.89890558544992,1.81915024268054,7.23220645733132,5.55075492854568,1.86703939950173,7.5112553104065,5.53447815400143,1.88954671629394,2.61168585817484,6.8714290100659,1.19114891538577,5.2779314285359,6.02770138911634,1.47649630786916,5.93913996147106,5.83610295516136,1.6330786355642,6.6118756146565,5.6437960129666,1.78832696249151,8.50489908157235,5.48472754119404,2.00457169936355,9.34137406905475,5.44358861349699,2.12798230038448,10.7198428960776,5.25253564010395,2.35627077574572,12.9909171292925,5.26400722479732,2.43690172232414,13.8466392264815,5.38617631157652,2.36409590075365,14.6760388927798,5.60211857568817,2.13224151778482
5.46428235984475,7.0105609936657,1.03357133229035,5.61788943385941,7.33829783603216,0.622421424616463,5.37780514115138,7.13969996899285,0.661996625195983,5.05113333398205,6.79610093037054,0.881435834727882,4.65008039596891,6.74424457067498,1.26373305638183,4.42337961958225,6.3287615261594,1.32452272835035,4.64042825164262,6.26781151863059,1.38478374780885,6.44140535295166,6.78189907286054,1.71852426654369,6.81108027533367,6.7769261818495,1.6660552097375,7.1741223653872,6.67367186537862,1.60768573037705,6.96513523106699,6.26758378105263,1.37604090991224,7.27454829715882,5.90457251770821,1.81765849411823,7.2278524285399,5.55448339938405,1.86641301796842,7.50047847057504,5.53455917324526,1.89149694350741,2.58781333524525,6.87272531514288,1.18946860828235,5.26559861796163,6.02053067750787,1.46989152522034,5.91911595293548,5.8466804416272,1.6487444452291,6.61835027487906,5.64483548997157,1.78873231979243,8.48340594259934,5.4805210691001,2.00712425417025,9.3181969383342,5.43872715648619,2.13998488688926,10.7273096817927,5.25212441468006,2.36492586206695,12.9263821653032,5.25647019280101,2.44000205925972,13.793834537869,5.37720369488889,2.363035247965,14.6607168321212,5.60460400326393,2.12951813112957
5.8207522143414,7.39244697523223,0.623966872536414,5.54876699279115,7.34657835711917,0.575428298216852,5.30654080693615,7.14388212676433,0.614316455401665,5.0091867538726,6.78598536658097,0.847934535812629,4.63323517292269,6.7437967971067,1.26716329150076,4.3978924102237,6.32580235536288,1.32444034087081,4.62031413268021,6.26996909014836,1.38150223150824,6.44844632209904,6.78386698093995,1.71783608358398,6.80910157519397,6.77703611911259,1.66219126638423,7.17249866095113,6.67216974336239,1.60303675958691,6.95937215401852,6.26724735375106,1.37377763260943,7.26250172983937,5.90708749392096,1.81898545197792,7.2138803182196,5.55981019140766,1.86335220653149,7.48828988854531,5.53770897436732,1.89056714926289,2.56804694251809,6.8771436698414,1.182696816462,5.25150091545386,6.01581409434811,1.45736609612549,5.90350736520543,5.84983696728205,1.62822395653167,6.61126526495363,5.65429394656134,1.78831649079595,8.4136806310813,5.48902721082985,1.99669812613651,9.31267625005945,5.43849902065914,2.13188165164798,10.7004462193476,5.25432552531286,2.36833707291396,12.9184771841316,5.26201024941675,2.43641801983501,13.8064779131514,5.38372025664545,2.36009382520251,14.6398638295768,5.60202122062385,2.12574640719054
5.76392939948059,7.41219543492358,0.568383901747056,5.49379451446963,7.33868060672417,0.493372560906131,5.23152978702034,7.12970535156369,0.591931039868774,4.95418938112328,6.77177626251853,0.864333047661046,4.60069205465597,6.74370272365073,1.26190905809541,4.38304712582681,6.32660713577871,1.32699533497699,4.60752361368577,6.27149048618312,1.38562719332332,6.44570353495895,6.78358947953781,1.71650942146238,6.80697926696385,6.77285683248937,1.66124103474796,7.16944130923137,6.67340771342916,1.60012246593309,6.94764651835693,6.27382967679608,1.37027077523157,7.24692037596935,5.91687856539252,1.81932296465532,7.19849915022747,5.56636200669486,1.86266399380768,7.47147156492685,5.54426713027469,1.89112710695621,2.54414789043048,6.86990926356834,1.18116647359115,5.23185233293256,6.03064753398859,1.4310457470183,5.89651892266717,5.84636213077395,1.5943493650295,6.60057129841785,5.66663599621831,1.78293296478196,8.41136851227664,5.4822038798024,2.00174930027684,9.28902601572394,5.44374307047886,2.13806465513357,10.6707145362079,5.25381773833387,2.37100866517413,12.9174883681503,5.26457364792671,2.43253976253865,13.7973936037865,5.38447619195133,2.3524019798163,14.624487432346,5.59836240954404,2.12418267000625
5.64168411698239,7.44779769495826,0.503947739771262,5.41010091414263,7.3353497799485,0.433207043308785,5.13638976524948,7.16590728506359,0.572255705575399,4.91542682097398,6.7757782295085,0.855920081676456,4.56832252684505,6.74348303918806,1.2597324081777,4.36628660298709,6.3347043106269,1.32654529026124,4.58571771767919,6.27873889454177,1.37930450946092,6.44504943301712,6.78506165534183,1.72002785651783,6.80373657260089,6.77147886725617,1.65940661028644,7.16736724766795,6.67489555369352,1.60124266481523,6.94679354809426,6.27635937257757,1.3638129636422,7.22237929422224,5.93102673511047,1.82454272527758,7.17012437426057,5.5708372247887,1.85921210226248,7.45951138374831,5.55200053552913,1.89127376796901,2.518705741994,6.86121864028082,1.17298668063147,5.19824678203932,6.04658108017313,1.43445073134612,5.87425982204214,5.879519016573,1.60576666535993,6.56762993669704,5.67736373026559,1.78220693513314,8.40946607790252,5.48693181071126,2.00336535295742,9.28098232028393,5.44586539401323,2.14281970684236,10.6275354773064,5.2511173556605,2.36032069668025,12.9007461132526,5.26104912642499,2.43370478769555,13.7655487548256,5.38368563492096,2.35703367877467,14.6022084981151,5.59514612147879,2.12375888662663
5.54360969852633,7.46467858417271,0.416867917223979,5.31006752073684,7.34773505301742,0.394184568458251,5.0779284072088,7.16311880740046,0.526224845244257,4.87910357518777,6.77202029314429,0.844208025368667,4.53036131866132,6.74693390846362,1.26383982785278,4.33226467795231,6.33170299469144,1.32552410425183,4.5409023043286,6.26974768145369,1.36657442954615,6.4493993058154,6.78709756145179,1.71884742780928,6.80297857083848,6.77430745368302,1.65855564133044,7.16884219350284,6.66832927758158,1.60384824874284,6.93532757836958,6.28041137130762,1.35719804741758,7.2121266130645,5.94397026617882,1.8310180070616,7.16866978878271,5.58069297852152,1.86310119515021,7.45135715970063,5.56181617399784,1.89306304988061,2.49485863284983,6.85779251490866,1.16146638970964,5.15185880607541,6.06529454610347,1.45875345893547,5.84625275859286,5.89329309685891,1.61088891039906,6.55821888384548,5.67849365206587,1.77250133221249,8.39534583497142,5.49098238623722,2.00567826918884,9.23414680121411,5.45738587570535,2.13714018128773,10.6094455435745,5.25675500045385,2.34889201261616,12.9449248447957,5.26210929858247,2.4288663077212,13.7607326673544,5.38844854367621,2.35330862437594,14.5823719834645,5.58932637926377,2.12266070138759
5.43188003036533,7.43926227457032,0.345847830160989,5.24002337907202,7.3885355489189,0.364737520101118,5.01183918387329,7.16009636693719,0.496672765263147,4.8361526355978,6.75973235461083,0.835401752754446,4.49921223289698,6.74065063601094,1.25805440711589,4.30411542167075,6.33123304266312,1.32394151408944,4.51484851681392,6.26902587580998,1.36059800554356,6.44851274884988,6.78798785884976,1.71865560176549,6.80206203039921,6.77637755387534,1.65645975480901,7.1668218176984,6.67045047938492,1.59903136268835,6.92585530299393,6.28744925903128,1.35633477501462,7.20713944251978,5.94922766606515,1.81685259960291,7.15233143285727,5.59964698951856,1.85722402641788,7.43615011336291,5.57264448127603,1.89293656882835,2.47514237199341,6.85406391562392,1.15359874574025,5.12770354619589,6.06856539431002,1.44693070667731,5.83054925085247,5.91901745650638,1.6059115708534,6.53180352114597,5.70151509465755,1.76036289296464,8.38252895623637,5.48941748953687,2.00617920532257,9.22615415386451,5.45532765927393,2.1410281849508,10.5990768970937,5.26049489922832,2.34992836105484,12.7095285346331,5.27727655303569,2.43043096972532,13.6831208819051,5.38582720500753,2.35858273356296,14.5656582650713,5.59821181938484,2.12425731615958
5.32833868598118,7.488001156771,0.320225869638343,5.13853334753282,7.41043251260714,0.328974235078294,4.94588242947507,7.19856299963061,0.474450736660252,4.80436286052155,6.77209611071843,0.813252356540482,4.46409038580434,6.74499580413886,1.24576668171043,4.27938952976652,6.32808163059955,1.31073236206168,4.4904438614189,6.27145567020187,1.35414571791715,6.43614481738803,6.78761087888533,1.72224818094128,6.79122871577185,6.77625613622744,1.66000313178038,7.1596448811687,6.67391016909393,1.60121397136159,6.91443207942143,6.29459530630273,1.35551956968517,7.19424767848402,5.95565509284642,1.81582784755952,7.14068095180694,5.60786387426671,1.85335938905749,7.42248859573966,5.58154817899006,1.89303092833702,2.4495075364758,6.8479725134312,1.15027435808502,5.09763531829185,6.0657793048375,1.43895907304551,5.82040413019455,5.93163042680239,1.61885691483559,6.51475151945185,5.71326127987498,1.75928287528956,8.37034164283423,5.48915028552541,2.01380068443052,9.21224204584114,5.45689422801194,2.13992150452467,10.5437675233777,5.2763022525914,2.33615591058026,12.8235779971044,5.28523079717145,2.41848704042535,13.6665582025487,5.38651695310537,2.36190925093671,14.5412779717534,5.60245414248215,2.12195226298115
5.23947691219857,7.5578437675571,0.263929963549412,5.02491033411006,7.47621745873889,0.271348673137698,4.86425911704619,7.22066868326963,0.468063444921821,4.7727326169441,6.7767039229684,0.795252533482422,4.43151553651278,6.75287590746062,1.24622104289271,4.23950923623734,6.34112709180729,1.3034238401104,4.46502877961115,6.27595973018913,1.35252407777128,6.42907410013776,6.78193324495312,1.71495407332609,6.78982441391464,6.77551942694137,1.66203514259795,7.15550923702027,6.67866052307004,1.60315856750418,6.90360326092639,6.30534656813661,1.35726120669329,7.1807189503601,5.96459685795488,1.82608075392823,7.12430628463191,5.60807817886255,1.8572689561849,7.39978227290541,5.58609300935007,1.89471502683793,2.42786197796234,6.83561065789883,1.1474309627317,5.10381216008572,6.10358412238431,1.47485554517861,5.81911775419042,5.9365763649341,1.61038379962963,6.50314379563765,5.71710125013245,1.76128418549163,8.35009880593254,5.49449036642041,2.02322717301374,9.16270301444054,5.45551598111795,2.1365061567059,10.5253581664506,5.28019602390574,2.33849306979681,12.7844547590933,5.28564117278826,2.41546541925699,13.6807142811463,5.39851881864457,2.35315492268841,14.5209933569446,5.59762470885584,2.12515070159423
5.12975583143843,7.60251862286519,0.211258930697348,4.9186793672145,7.50109289539403,0.24325354926291,4.76863742450216,7.23162672290934,0.449439953134855,4.73850536256022,6.82076598775406,0.804206167201615,4.40259692697689,6.77248881959892,1.24429574628311,4.21782645206752,6.34496196805657,1.30101948412928,4.45794005785408,6.28361854481807,1.35258887134881,6.42797272892692,6.780996828917,1.71001333452984,6.78871697309704,6.77486273643514,1.66151267966341,7.15343402744245,6.68068252913711,1.60025348637006,6.89486891150907,6.31403241037428,1.35710595544166,7.15466438265799,5.97310217063427,1.82290908526047,7.0915192627227,5.61580499061667,1.85331704624476,7.38088587871794,5.59489442498303,1.89391426445395,2.40494627192954,6.84999297456351,1.1453716915776,5.10044044836506,6.11919485376175,1.46954134356331,5.79081129903457,5.94294677939794,1.61405744422557,6.48128720270714,5.73091982751405,1.75657076558258,8.32924729621799,5.49727117446686,2.02627992097805,9.15823996593742,5.45821482252349,2.13687800442916,10.5459239254114,5.27103126667617,2.34922932982944,12.7078101983377,5.27270271652042,2.42602821422673,13.6363433546696,5.39153178900933,2.3498228217289,14.4982334740826,5.59789163364123,2.12228134260631
5.01312596618885,7.68021660992834,0.168790400430042,4.77954993672587,7.52851069464472,0.219851274789799,4.68599559125534,7.27082485808887,0.425355628796892,4.68042485384374,6.85142141055198,0.787429735800085,4.37933600916913,6.78596472147276,1.24096606442519,4.20888318063316,6.34760341071062,1.29728154201012,4.44415281986817,6.29637720827919,1.34936711014908,6.43181828692817,6.78455476447017,1.71370960550094,6.7867749292292,6.77623659918087,1.65505649607126,7.1472412585867,6.68889465350776,1.60958187167735,6.8799727920814,6.31586770711059,1.36738151311571,7.13292228164576,5.96321654447085,1.82036399184383,7.07278278199257,5.62300846960878,1.8549797704158,7.36351226649715,5.59697235732211,1.89416758485849,2.38889700831907,6.86297493076205,1.13143000396077,5.1059924614479,6.135656464501,1.46148005854139,5.77928824857485,5.95344553372265,1.60480004750954,6.45462487994627,5.74481441048862,1.74671775174977,8.30803062439544,5.49760438091834,2.02921054026936,9.13781971598993,5.45093416930512,2.13941524733147,10.5426763402728,5.26779472541042,2.36124820551699,12.6865333823087,5.27420428819287,2.42487058517173,13.620360276822,5.39356882647096,2.34705001961032,14.48195573919,5.59976115097209,2.1202351471156
4.89051716924649,7.73531928565741,0.119345414914619,4.63877346713078,7.60077081579338,0.207429105574503,4.58123313642338,7.28310659637094,0.409876064983195,4.64880989942363,6.8572043417803,0.715335096047237,4.35695902637049,6.79346511950849,1.23667140527735,4.20297492376978,6.34500652926416,1.28892103189134,4.4238529888322,6.30333466817101,1.33307959531276,6.42693959352936,6.78426426841527,1.71139171579513,6.78516049543823,6.77755921903655,1.65396574038862,7.1483858903132,6.69043177519472,1.60879420896499,6.87412125291016,6.31360564760466,1.37041112631126,7.12483149944035,5.97357330880464,1.81579619724489,7.0542642916269,5.62643725918326,1.85347649796137,7.3473607514067,5.60285309516762,1.90235563906897,2.36392069929362,6.84539699059898,1.14064562873832,5.08160282388603,6.14382941732652,1.46510819318797,5.76053994106635,5.9667150325994,1.60107037642734,6.42732224623267,5.75411969793075,1.7450184129214,8.29668136917287,5.50109989327471,2.03146736944324,9.13931061898409,5.45170584332843,2.14208021852672,10.5405934272206,5.27365409929727,2.36101928356179,12.6221904515431,5.28187400327309,2.41825467823062,13.6153943167178,5.39650685769432,2.34898286704689,14.4588457316222,5.60396512943688,2.11593718992036
4.72836021921881,7.79730617234847,0.115657578733582,4.52255468819827,7.63784246783867,0.211039477587361,4.49732185085312,7.31793797065948,0.408714460651846,4.5983225401205,6.89170737626108,0.7140768142017,4.34443735942734,6.79531012484427,1.23840771185291,4.18881302384232,6.34644321361859,1.28449873632549,4.40765730759419,6.30417099819364,1.32351793588565,6.42878567039748,6.78520459145677,1.71008042669242,6.78571203108415,6.78186505106205,1.65311084272189,7.1490699810808,6.68814352895805,1.59875611487814,6.87035110916237,6.31590292538918,1.36770459076522,7.10104671298205,5.97027283300158,1.81903326538608,7.02564777933537,5.62960313450024,1.85248636447459,7.32293968972687,5.60360112300129,1.90115318614481,2.34417980448252,6.83784444281268,1.14518117674444,5.05663644302514,6.14534927234902,1.467968834243,5.73846738268092,5.96798594668593,1.60204646406042,6.40055909471905,5.76100636673422,1.7426773482,8.27651681084904,5.50374214251785,2.03155960047871,9.09714754039052,5.4658151005182,2.14171529513064,10.5117853164267,5.27618441976647,2.3601885130971,12.7997461371555,5.26430581547454,2.430324454067,13.6090678233727,5.39619963420775,2.34595661017063,14.4408728286823,5.60560237347311,2.11115596826196
4.50834708255449,7.90716806425156,0.18972412753782,4.38828727440406,7.6760962595906,0.210295176585519,4.39759688951271,7.37757147833219,0.388013096211526,4.56193884174776,6.94335056243122,0.719065358697494,4.31955379173914,6.79934740846341,1.22517760778287,4.17190348152209,6.34971104243565,1.28429335787521,4.38907638875364,6.30354229245598,1.32079127594416,6.43187538694704,6.78762442676241,1.71123096172175,6.78354777710835,6.78245981634759,1.650968296114,7.1506811091425,6.68862139398749,1.59768356596519,6.86393908794001,6.31734450116895,1.3627172537305,7.08529272060777,5.97682233474327,1.81781339847794,7.00604280701551,5.63290313702769,1.85209372597532,7.30482069942119,5.60569167519303,1.89697410058927,2.32510781284006,6.8402741303624,1.14817843229766,5.03916385483949,6.15220276614496,1.46883977416821,5.7196062461187,5.9737747377868,1.600949255059,6.39084104660696,5.76690633020801,1.74781147785138,8.25231136260421,5.50255708517576,2.02485910599132,9.07390453067602,5.47445138786336,2.13506295584682,10.4670391113993,5.26778929710625,2.35174360342065,12.7931686009409,5.26622280462171,2.42573865459488,13.6034131083548,5.39987723118164,2.34075536837678,14.4269115479891,5.60643704554468,2.11131489922395
4.35431012080195,7.93529859926642,0.14769745902079,4.26490288998066,7.69031180943173,0.178105893843223,4.30875707901187,7.39625344066979,0.384585956444877,4.52791456143207,6.9832147319146,0.734492698083956,4.29485972622029,6.80560373800167,1.22531526370456,4.17403765361768,6.35434457452735,1.29223037295845,4.37957414168947,6.30453276425768,1.32464401573333,6.43197140178255,6.78707957838163,1.71214104420561,6.78300330118172,6.7789908405475,1.64749533985178,7.1511509705527,6.68973850326421,1.59719070119725,6.85798145929533,6.32198505295363,1.35569664792039,7.06686511966696,5.98132694022075,1.81154614373447,6.98166359198804,5.64576398473844,1.84352303526266,7.27568708988275,5.6052937794464,1.88934318797299,2.30772245877485,6.83903782859329,1.14987477751117,5.02641195899344,6.15823773467447,1.47314611887382,5.70741916616603,5.98233069733175,1.59882555764004,6.3764801847708,5.77138830343485,1.73706605370006,8.24395479754556,5.49882656381784,2.02300958289146,9.07695375038151,5.47779935897611,2.13561670729868,10.4555966340295,5.28426919330781,2.35447031696777,12.7931337827837,5.27033389420264,2.42314508873838,13.5840912252298,5.3997641372733,2.34134996166758,14.4105461533326,5.61110107448633,2.11116996821247
4.25843579912772,8.01100093229031,0.208565978869803,4.14020516584446,7.67723008201757,0.214673350270727,4.2261281439961,7.42901022403832,0.388642586621654,4.48294562754173,7.02160760219329,0.725944421817234,4.27560128877014,6.81733054272582,1.22837734951606,4.16565487072396,6.35830413124156,1.29895008498667,4.37015183492059,6.3062443896883,1.32980099301581,6.43156238446522,6.78790375600504,1.71184036528499,6.78332538876289,6.77941508390665,1.64494362029781,7.14888789409453,6.6901404101001,1.59601510673144,6.85595352307803,6.32221363743585,1.34989799949084,7.05797491812027,5.98279188807388,1.80389057746069,6.97007705209193,5.65296850264987,1.83454231903191,7.26411498563423,5.60630364507295,1.88147600814563,2.29602243221905,6.84479259205624,1.14668464254243,5.02319961620012,6.16131849492384,1.47570828096099,5.69818478777822,5.99110356166176,1.59154497315887,6.36566543850698,5.77883128154701,1.73027975063191,8.23247776161544,5.49503262674952,2.02181378784261,9.06899859859825,5.4733951299848,2.13556115911171,10.4519077941329,5.26809455345031,2.34903342630321,12.7658372337103,5.26719371484598,2.42512547584851,13.5754847190085,5.40449122650883,2.34536415953712,14.3958597712308,5.61144947401376,2.10901202298708
4.05521803434479,7.960739699493,0.121778081477905,4.01331248641128,7.68560738222363,0.231093309802799,4.11991855652779,7.4302375299185,0.385385588702868,4.41985016772574,7.05488568188747,0.737739390338033,4.2539173883644,6.81268050762459,1.23063345711432,4.13349874092308,6.35691486457443,1.30458623036938,4.33749321026536,6.33173215968222,1.37379469505666,6.43234232119888,6.78732475702225,1.71079550215589,6.77972772322766,6.77965255668846,1.64649346985678,7.14573494353817,6.69189732583378,1.59689946785789,6.85560245523973,6.33252683956271,1.35694091570446,7.04899735820617,5.98470513762488,1.79837676937064,6.96815250137551,5.6540134956556,1.82749483352866,7.25516832629444,5.60792694410817,1.87729065316362,2.28257552138111,6.85224729663342,1.14886602906341,5.01794939899151,6.16269716707095,1.47671447816879,5.70000123229418,5.99556414290028,1.58775914692557,6.36060200869179,5.78191419128671,1.72735166264813,8.227581886344,5.50234219348402,2.02143977191947,9.07003389928825,5.47625127498106,2.13850159624449,10.4549279409338,5.2679200639851,2.3492531011962,12.6218477812727,5.29569542422792,2.41420378521726,13.5621759995121,5.40727390039644,2.33895619020599,14.3824729535737,5.61161595751458,2.10806022219778
3.86448269819443,7.99571431227842,0.188799639375342,3.88400525149901,7.71329160824771,0.321014579516345,3.99301955343757,7.47532693630285,0.435522308041153,4.36487766875496,7.08227227745758,0.729458319166483,4.22327858978624,6.83031075424034,1.24841957678983,4.10183427738302,6.34615093155475,1.29299193840719,4.3226736513752,6.33171166136158,1.37230979213173,6.43299727113548,6.78697760593458,1.71061464640257,6.77815484577991,6.78012933639434,1.64563217024987,7.14400679196354,6.69322802708495,1.59663593622273,6.85071212964386,6.33717053111919,1.35476549664342,7.0342929908741,5.98783223595763,1.79160911650902,6.9565400820663,5.65707473531405,1.82134839629568,7.24382145529344,5.60944903211094,1.86938803625389,2.26885626677471,6.85602082357065,1.14726542452144,4.98610567469492,6.17444676129119,1.46778355876998,5.67967943698949,6.0042815569772,1.58440081837276,6.34556619333391,5.78757963669619,1.72192652109386,8.21152109659101,5.50554065027051,2.02071151677014,9.04670339614743,5.48250231734385,2.13075918849991,10.4708000791626,5.26732719778994,2.35476435962527,12.5702099874861,5.28214892891981,2.42176633160537,13.5169823570593,5.40792854770401,2.34857809132241,14.3717566422043,5.61256488630092,2.1057290997686
3.67769158910567,8.02324525698272,0.310986281461625,3.76981429486262,7.71504058913476,0.40240061629023,3.90930224026954,7.48704239476816,0.491251364742637,4.33464397734267,7.12747510074978,0.735733490538652,4.20805610799823,6.84120024209452,1.25041196872795,4.11341465569313,6.36247517314369,1.30335406290767,4.32459752478733,6.3360614176063,1.36476700395067,6.43289448935541,6.78536742686119,1.71065559990511,6.77636520480749,6.78075382413749,1.64364408723541,7.14262619116371,6.6935889261862,1.59688245948383,6.84697199617191,6.340285809062,1.35295047257141,7.02687456053351,5.99145242620174,1.78577071483494,6.94610414759651,5.6533388313904,1.82271391277475,7.23374622829891,5.61340054798283,1.86016409285009,2.25638455678117,6.86257299454254,1.14660734422936,4.9905536162187,6.18129033373544,1.46390481276401,5.66759662084175,6.0158204010221,1.57860299562301,6.33104997096974,5.79468698305027,1.71668058379232,8.1996479027652,5.50482186820329,2.01711602675112,9.03119814961975,5.48092889957797,2.12650325172858,10.4787286633998,5.26535605257925,2.35338030671878,12.5568639388656,5.29643821894733,2.4162409679204,13.4970997007884,5.41000714592994,2.34858131741372,14.3625543910552,5.62098431682949,2.11377206632744
3.58230601883027,8.00006741162395,0.337217091944608,3.68723713854156,7.67719607850034,0.407844115676354,3.85857063427854,7.49714486715121,0.509976156207044,4.29284799344699,7.18680964134049,0.754877690294191,4.19014109930134,6.86527974985567,1.2770214775616,4.11010497600816,6.37858092988421,1.31336338898038,4.31699216780559,6.34578387554046,1.37057648493157,6.43519166270385,6.78523903676359,1.71087615351697,6.77705879184722,6.7829162794557,1.64313659955864,7.14201030865855,6.694919437369,1.59847328066793,6.84098964143304,6.34578144113092,1.34700953249571,7.01052518672145,6.00060674241266,1.77895594697525,6.92491505100585,5.66590026929884,1.81413034456382,7.215642791472,5.61460370161805,1.8525256628623,2.2470874194043,6.87050112833199,1.14640394508605,4.97786011541261,6.18903361741433,1.45866625339312,5.65130499349344,6.0214667849509,1.5744384919429,6.31364520198049,5.80381735641811,1.70993984711161,8.18452009686537,5.50440127083171,2.02020264147921,9.03282607464486,5.4804601023876,2.12817384413418,10.4427641957981,5.26885648338596,2.34943943749799,12.573363932781,5.29382122062199,2.40937011746753,13.4811284001151,5.40892003055682,2.34635271970992,14.3510547869239,5.62753872922738,2.11156408027825
3.44261682473281,7.99321795048809,0.398582057459699,3.56756409541105,7.69326493139477,0.469945171769037,3.75968319199496,7.5062578568504,0.541737540453731,4.24317906068142,7.19421744928338,0.746726980644793,4.17307392758774,6.87375099922038,1.2829207478441,4.10498322530208,6.37572701264982,1.30813016579306,4.30328651143508,6.34918139544016,1.3705924483821,6.43590021767363,6.78463483366633,1.71066576026215,6.77710225691122,6.78454463497781,1.64311289011485,7.14181903467255,6.69509482337904,1.59864794168842,6.84186833060029,6.35044801337501,1.34018902083742,7.00458862041884,6.01618119614464,1.79192846155811,6.91224191929071,5.68062798787733,1.80289149106475,7.20293824287789,5.6155819109806,1.84713607378149,2.2370265026428,6.87301597252809,1.14576570335648,4.97700338945868,6.19473479702997,1.45686612288625,5.64421427265639,6.02694216168746,1.571478079963,6.29318868271841,5.81531524469356,1.70213615430374,8.15727604941442,5.50065390654596,2.01914386532252,9.02476990777646,5.47255893495276,2.12806083208043,10.7098086422325,5.21911198509988,2.40115963853824,12.5535320133229,5.29765347675064,2.41053455720376,13.4805370291577,5.41570483114012,2.34486133560903,14.337512181725,5.62958170689037,2.11288057587668
3.33100084941364,7.954095877368,0.436048193294001,3.49203487865698,7.6869753586888,0.491250191215717,3.71114525862007,7.52948103386541,0.563072028239506,4.20015277770649,7.21665466996154,0.740974162862667,4.16065871821752,6.88184938482632,1.28176427921009,4.0742183398036,6.37217650857823,1.31137046874982,4.28712864964627,6.35032773263748,1.37018701555506,6.43848497504375,6.78440372778094,1.71220820587602,6.77900767497142,6.78720833268318,1.64894376564993,7.14303162378726,6.69707585748691,1.60146820617275,6.84381146328762,6.35899923971759,1.33616550662887,7.00168936454987,6.0120723860522,1.77492281673792,6.90631102592033,5.68478670989456,1.80087919678856,7.18678975494098,5.62584073635219,1.84632496512326,2.22845097631026,6.87428229162709,1.14775703776692,4.96852237954289,6.19728515318539,1.45072633375718,5.64139451938793,6.02890901856405,1.56894492726436,6.28790878055818,5.81436604471931,1.7009613757044,8.14742491364905,5.5016327983523,2.01541545228725,9.03860541575374,5.47734751213603,2.13102882070703,10.7184154777899,5.2189301517797,2.40505118344695,12.5189746050905,5.29323218281631,2.41563466016487,13.4693717552971,5.41645035586902,2.34612547752643,14.324908790134,5.63132628373366,2.11308022736828
3.22144725541795,7.93208610011769,0.404852425745279,3.41981293099438,7.67346365000584,0.484702655023812,3.63500998106599,7.5369603510324,0.57578689360526,4.12732487724964,7.23750608409412,0.755152604542216,4.14181031291772,6.88498471009992,1.26975935142001,4.07077945637506,6.36995407824684,1.30449756012449,4.29119529683845,6.34775341476105,1.35675648054672,6.43929162129995,6.78614501831482,1.71561812674918,6.78131979819581,6.78768317786524,1.64945996829855,7.14382914525483,6.69863235666458,1.60345737617767,6.84301469227476,6.36662406584525,1.32980709953821,6.99104070904219,6.01852072119843,1.77310840776788,6.89096585379241,5.68123577304404,1.80565286389041,7.17621117816927,5.63452060125696,1.84804839239433,2.21827489026621,6.88229709005199,1.14425523805105,4.96209966760672,6.20229925302736,1.44500357105198,5.63729019000312,6.03378908542226,1.56492533235741,6.28028695821243,5.81923321087536,1.69621095903351,8.13176639405431,5.50002862010223,2.01508552203594,9.0330745333779,5.47981959794468,2.12823360811973,10.7431868709189,5.20165544977194,2.42170578633148,12.5221261827524,5.29776165432433,2.41136901433125,13.4658133904261,5.4222376235332,2.34531049256883,14.3132840566501,5.63637459603381,2.11360404487929
3.11305379576103,7.8920166251237,0.431815963240231,3.33537576031016,7.668891186181,0.49801954539039,3.56898437356098,7.53829491942521,0.58833010677924,4.06712508785793,7.26845904171954,0.752791759042788,4.13208504302149,6.88391661539118,1.25027225745693,4.09038217390144,6.37445852805858,1.29617689087496,4.30199014486036,6.34563040454477,1.33961533342461,6.43823074398596,6.78775785920622,1.71786557406544,6.78213112085572,6.78868434030231,1.65115400095301,7.14453071443031,6.70203451626852,1.60903013546684,6.84145901361607,6.37293473930335,1.32257395808889,6.98127140098422,6.01994795497761,1.77545106209247,6.87298638493044,5.69036797338435,1.80176768264529,7.16194806288837,5.6359277851435,1.8563863797123,2.20773967320964,6.88763112150565,1.1371668928486,4.9460263575881,6.21066862321021,1.44807565098806,5.62420596198563,6.03891923729623,1.56031648932558,6.27383665013134,5.83374276784088,1.69340577662591,8.06394010846808,5.52885483872653,1.99613498580809,9.0047638932777,5.47168608850792,2.12682656958792,10.4227237680485,5.27867636779243,2.35605911397741,12.5166468885702,5.29554604946513,2.41136050868373,13.4542848286108,5.42306895987271,2.34666596291509,14.3028197485744,5.63742433014253,2.11324800770339
3.00853595870376,7.88548071932315,0.429436882935766,3.25676653974486,7.67095362370171,0.502593862269961,3.50878319259849,7.54818974380866,0.612738326561101,4.01424292482567,7.28538339486548,0.779293958130025,4.11298599187062,6.88686076042513,1.2536361669088,4.08565628801268,6.37579918239939,1.29069400314563,4.29756220249132,6.35644896529246,1.33658277742917,6.43800524588175,6.78846484010776,1.72005352153939,6.78293611900153,6.78769171710931,1.65169035679014,7.14498258598027,6.70683355289941,1.61477838694651,6.84220719489598,6.36861034129335,1.31758360052639,6.97187814213994,6.0225370071977,1.77384006537809,6.85686196573001,5.69746260066768,1.79806140103755,7.1466826429403,5.63858353270628,1.85463161248467,2.19699842520755,6.88774441456352,1.1312283877259,4.93574905591656,6.21543383307449,1.4432022974101,5.61050973227742,6.05701166251912,1.54671699343241,6.25960484395182,5.84367602382629,1.68575171332984,7.96173678503149,5.55644163145782,1.97685436582292,8.99520020833872,5.46547450782515,2.13116416021916,10.3242597113397,5.30964599523413,2.33579399187688,12.5911230726152,5.31731613617635,2.39695556774756,13.4475096856725,5.427737805765,2.34509318154834,14.2936023062692,5.63399134964762,2.11487069008183
2.96454121516541,7.85217501948345,0.456195381175654,3.20631020313068,7.6564188087572,0.512805731100122,3.4543620677662,7.56121078255252,0.620007647210134,3.98235654538635,7.29217402330825,0.787915009860303,4.1009373823937,6.89321085164817,1.25581982433251,4.06900587107562,6.37448306192028,1.29141119869541,4.27946512306151,6.35686890091119,1.33301408812817,6.44070383146414,6.78822669477101,1.72129170370143,6.78522188957172,6.78710160755744,1.64994010739912,7.15114470230843,6.69831154257851,1.59741101846833,6.84042660884469,6.37004588670035,1.31107586923277,6.96559277746067,6.02580471265654,1.77313271133282,6.8477319799425,5.70174921515557,1.79768376056308,7.13766120761013,5.64073130540772,1.85594537956161,2.18446713177251,6.88507192516323,1.12815871844774,4.92142460704822,6.22045499867473,1.43833727072836,5.59837444899768,6.06098774791383,1.53571643443558,6.2482769108833,5.8461418421477,1.68057884886444,8.04991290269963,5.5289694980218,2.00362575570149,8.94702688760905,5.475182627699,2.12373759165673,10.3083759716957,5.31796575706654,2.33160870272148,12.5054175165963,5.29859415209923,2.40839598676175,13.4132149652734,5.42286582222243,2.34247765607271,14.2797770085051,5.63633400528751,2.11319377657177
2.90553521613115,7.84646424036964,0.450461237515114,3.1512298668703,7.66033244335334,0.526451289102162,3.41890671763044,7.57801013106539,0.645806354493226,3.94331292290873,7.29995966791472,0.783078373955994,4.07373038300232,6.8967387153751,1.26216570975305,4.05610951404631,6.37211945810005,1.29216266190225,4.26391932928192,6.35612553098119,1.33115346291059,6.44235521949678,6.78696110288462,1.72096344492813,6.78850877383586,6.78869155441488,1.65108597481239,7.15183643058836,6.70035881295009,1.59562042688746,6.83764442758602,6.37765503541473,1.3051643261733,6.95396920711184,6.0301116681743,1.76530748738215,6.83399892804736,5.70551264332924,1.79197002784329,7.12258479872975,5.63716643511664,1.84710106018297,2.17091808601817,6.88483807444067,1.12597630603171,4.90894801598127,6.22109893803091,1.43714415543367,5.58622517773754,6.06467598241241,1.53365555027556,6.23427356875715,5.85094249885262,1.67883108670716,7.95281013028109,5.55681622092598,1.97678150945356,8.96398623750308,5.46573332869703,2.12773390650467,10.2908790403238,5.31577568211088,2.33358270181388,12.5349001574547,5.29323750621363,2.41049578942981,13.415775277695,5.41982531729096,2.3358539564327,14.264923849498,5.63868164076332,2.1103099879252
2.84150680089996,7.83935873718371,0.445494972127662,3.11309280402281,7.66742503272433,0.530987810637861,3.36495525575344,7.59818071529733,0.67647732461997,3.88429183880748,7.33504198461276,0.812429653984783,4.05183459084361,6.89685623058754,1.26653751619028,4.03999918350997,6.37744071422324,1.29056561092326,4.25390436561189,6.35976936469781,1.32956504103596,6.44356754697723,6.78659843499415,1.72208929746872,6.79454751558017,6.78793119639594,1.65007604785689,7.15294554426983,6.70061159412782,1.59491470059826,6.84831493420515,6.38948873677767,1.3023140232305,6.93821686034556,6.03751910791922,1.76335122002484,6.82133643289591,5.70837172860791,1.78923982992961,7.10470115659417,5.64152032571684,1.84040234655145,2.1584279344733,6.88071835330483,1.12390828411355,4.90033160941619,6.22645840655214,1.43243559488653,5.57910060420249,6.0678242803236,1.52926365481671,6.22309155153095,5.85122387579744,1.67611689409386,7.9502789734568,5.54982236942303,1.96433836096989,8.96541030962719,5.4638443436911,2.13921818145886,10.8767370130285,5.17794862472685,2.46334376890372,12.5772764787172,5.30720393337673,2.41035297626953,13.4124118451288,5.43304112660518,2.33209415004262,14.2506276209089,5.64146390652855,2.11201835397823
2.80267475078272,7.83727350189049,0.457844721160151,3.08008917742531,7.6798811389191,0.551285282511358,3.33149179954733,7.61565046588865,0.691838963402632,3.8444487526117,7.34393427716087,0.856141244441058,4.0301946682669,6.90269876745488,1.26630608160276,4.0266242719887,6.38083395062613,1.29362080657922,4.24200862895333,6.36371319404233,1.32957713083734,6.4504423623069,6.78653722761956,1.7199095694664,6.7952949055501,6.78418205142782,1.64750734914053,7.14962125000444,6.70866276758947,1.60660477031224,6.8446816717017,6.39097647816995,1.30314216091068,6.92795401705186,6.04445451543133,1.75766360025084,6.80567847148072,5.71827410814986,1.78662896875835,7.09469551294331,5.63826326051959,1.8300010035822,2.14395110227367,6.87102296279553,1.11288093280238,4.88301108286574,6.23101961309529,1.42801794767794,5.56448024195379,6.07802286110618,1.52285881868079,6.20601140574736,5.863088958023,1.66746921941938,7.93635942943693,5.55380218195223,1.97719293908324,8.96686045067988,5.46226535939548,2.1307327029355,10.8723080107261,5.18327073651641,2.46092396548877,12.5173602119137,5.29089075932198,2.40950650369265,13.4042157499299,5.43312219345336,2.33006497579625,14.2358342758242,5.64269098865883,2.11259913019998
2.7851980915425,7.82228924693459,0.459902197302211,3.06183629472313,7.68170637814414,0.575675871722202,3.30848460950277,7.6421158366991,0.735844116479651,3.80172667674063,7.35522692421764,0.871264246627739,4.01180697535045,6.90187751676998,1.26183375651456,4.0106407858487,6.38008530376166,1.28992459368262,4.22976519209972,6.36163696716666,1.32434298104273,6.44891401764084,6.78643644336195,1.72117560634403,6.79539142847851,6.78245766999169,1.64870892796603,7.15076845098692,6.7097033059128,1.60465793696601,6.84528748850823,6.40040709178662,1.30333399079725,6.9142848304445,6.04915929578676,1.7566116175894,6.78779022440014,5.71757971753244,1.77849605227507,7.07309179549168,5.64151971581323,1.82744896039338,2.12256226941988,6.86393807300436,1.11614374319319,4.86893409858867,6.23299223359341,1.42722168933282,5.5510545953825,6.08381461661697,1.51926204867906,6.18960590354288,5.86662466639142,1.66097232490382,7.94325760551649,5.55819290898039,1.99304809757006,8.95486690120975,5.46796040810434,2.13757241816769,10.8632635105729,5.18157791123203,2.46690239752037,12.4891052917348,5.28671405951906,2.4144235288452,13.3939243651548,5.43501554901898,2.33398506157065,14.2181830465191,5.64393939023595,2.11114535076522
2.76435876523354,7.84471031727034,0.48297166545171,3.01904005076486,7.69740107258017,0.608134697045944,3.28040756109382,7.66485967402547,0.770287352728274,3.76980187930557,7.38868529494353,0.89577616306304,3.99899319669796,6.90501940370218,1.26425428652077,3.99930990324413,6.37767101032126,1.28640807684631,4.21668448053428,6.36236927393349,1.3280953256754,6.45660595360243,6.78885344491684,1.72217533367775,6.79536528765949,6.78607687454164,1.64875110413394,7.15014902822841,6.71383232945,1.60606785842086,6.84383626216141,6.40822265377972,1.30037558133354,6.90927569800496,6.05181936999196,1.7585293683746,6.77714391356825,5.71415211961906,1.77871419494236,7.06096213143467,5.64377736280595,1.83517998449158,2.10837348778032,6.86358684521569,1.11494078638319,4.86822664234596,6.23653990097822,1.42322042098591,5.54787315137352,6.08486612949506,1.519314765987,6.18167556002284,5.86710454826942,1.66182407964844,8.04982704081873,5.51804416273976,2.01631239480672,8.94221316546391,5.45198996567125,2.13911312439513,10.2307134324649,5.31212485987007,2.32153721096102,12.5027183676608,5.29512719177188,2.40950504585048,13.3790882448698,5.43648391635146,2.33355994626785,14.2029368905439,5.64568730262649,2.11039022670178
2.72169000035925,7.85991719723472,0.500382416919999,2.98015486820609,7.70334834115435,0.637013848016118,3.24293656611126,7.66225598584428,0.781302815067649,3.7386704280808,7.39700534825368,0.916660951000495,3.97526164616152,6.91557115328007,1.26788922844957,3.98565025938735,6.37892815467957,1.28524651889248,4.19833678691083,6.36459239679467,1.32475614281875,6.44125454336497,6.78490301379403,1.72029355547406,6.79787147704009,6.77916050870982,1.65528653910323,7.15123190418269,6.7179838085527,1.60717667064442,6.84307890493711,6.42050286537115,1.30674882928427,6.89815311990376,6.06240426891832,1.76548533989821,6.77064320553192,5.73031465290676,1.78716646740148,7.04127079956064,5.65387551668558,1.84566473063477,2.09023382913464,6.86123025499242,1.11768843119446,4.85034249987626,6.2413381531808,1.42039687331487,5.53028140329967,6.08867693433019,1.51929082017461,6.16799940354516,5.86992486928726,1.64745587422936,8.03618158093659,5.51284812733372,2.01907027791654,8.9792942533861,5.45019271265417,2.14991310432921,10.1728225423564,5.32109047055283,2.31335184632546,12.4066907210409,5.31877867003291,2.39561116513895,13.4290018628648,5.45224024396704,2.31853136287457,14.185289172073,5.6512029697116,2.10670300663207
2.68332707660589,7.88879563183285,0.530157267950733,2.94008153805533,7.72248554086829,0.666801506662877,3.20140015384366,7.67587578561499,0.82797161858388,3.6953839401433,7.41866670283629,0.928987156159748,3.94839900668607,6.9214423784229,1.27844904014502,3.96670021748683,6.38050863390233,1.28866279495992,4.17387829588391,6.36449298148045,1.32490493308953,6.43775797909896,6.78468777784535,1.7217910117449,6.79408824826739,6.7829328271134,1.65493303015352,7.15397805553541,6.71528858802678,1.59507847191741,6.843696845171,6.42761982835098,1.30846917894009,6.88978048646236,6.07135317476569,1.77419082134832,6.76364486666059,5.73818509638612,1.80069165470845,7.02720677801767,5.65861644422974,1.85051969376047,2.07355972126538,6.85910014014004,1.12723217873826,4.82941970047549,6.24335936136324,1.41826533290319,5.52096186557721,6.09886904021312,1.51693875072513,6.1522004406122,5.87834052793663,1.6506256736778,8.00663755960085,5.51460986080319,2.03493627356136,8.94935220826525,5.44479359589737,2.14936346089938,10.1486482562191,5.32411644433114,2.31232036117288,12.4549095647795,5.30042561556534,2.40021986980839,13.4324125139273,5.45589312173874,2.31539944993874,14.1672255322007,5.6548489231668,2.09871248775454
2.61651259863366,7.89282008639128,0.551471795015447,2.88101954240089,7.72949318943819,0.681898187640991,3.1542004662779,7.67462480176597,0.836770516709076,3.67756502281202,7.41711988814517,0.937907668333723,3.91919912716379,6.92530742960655,1.28831998430781,3.93584740106776,6.37867829587862,1.29043670182261,4.14923176604982,6.36654586358558,1.32578135130427,6.4361358311229,6.78474677285666,1.72221665259209,6.79148119022602,6.78364030975898,1.6553816077605,7.15413376434471,6.71621122495546,1.59704790375632,6.83417425987095,6.42801628558154,1.30285164797196,6.87545385195413,6.07123226082909,1.77565916878796,6.74311159891302,5.73296403696872,1.79462158807036,7.01561310359686,5.65446804841886,1.85149337953115,2.05926272453531,6.85788783670152,1.13701959479886,4.80355761796906,6.25946988395874,1.40876797994163,5.49972563049166,6.10142024931438,1.51686081599696,6.13434810706369,5.88177007561946,1.65097924906358,7.98271189102955,5.50287567522137,2.02554541091413,8.89668558309943,5.45257347352759,2.14201163648989,10.1646956606054,5.3161306967335,2.31868324725133,12.3770784563113,5.32692975291151,2.39608033813847,13.2918549911425,5.44228370753066,2.33807682954268,14.1508036302238,5.66389620583218,2.09461866694504
2.58472067155929,7.88417478035669,0.582478755739523,2.86739333333402,7.74407682984909,0.723701890813818,3.11689405688786,7.67482089854181,0.845508370287838,3.60639584012226,7.43237331224242,0.97990561491231,3.89249122861249,6.930571230153,1.29620755949331,3.91722856893621,6.37457486686942,1.28559951338041,4.12937080206249,6.36209919394732,1.32332104799163,6.43525816518832,6.78346706885271,1.72258795899061,6.78929312965061,6.7840502591388,1.65179615739221,7.15242775621585,6.71736669327024,1.59878063584644,6.83445746398492,6.43245389971281,1.30541257975883,6.86498494930174,6.07318551372969,1.76903676734513,6.72759407821855,5.73952399547992,1.79402033148285,7.00147427775153,5.64670951224685,1.84114724137031,2.04329680314054,6.85509506514413,1.1396854729846,4.78770882807652,6.26124543023939,1.40539726858813,5.47008414286048,6.11240999636984,1.51118527692408,6.11219235691066,5.89294317432436,1.64489823321775,7.95931233230518,5.5020385072787,2.0185932219337,8.86051551114393,5.47882433630926,2.12608553304902,10.1533939595873,5.31611820041417,2.32341235420739,12.3302600223028,5.32621382282288,2.39455625352156,13.2520424007676,5.44225550329934,2.33694666981616,14.1268931013319,5.67010212713414,2.09018183757306
2.57188513189256,7.96044772886269,0.710531900431601,2.89745859478428,7.83890956126392,0.859919382678631,3.14594348844396,7.74511899762583,0.948681478698298,3.63887132063828,7.43618699365351,0.960696095163495,3.86378989175381,6.95459430394325,1.30347359284442,3.88980476379246,6.36817984918752,1.28965129010687,4.09973043740194,6.35772916844227,1.32888798653894,6.43451295920785,6.78282882530851,1.72248766162341,6.78961143863496,6.78590976784576,1.65213529436111,7.13738535643163,6.72730946053836,1.61218066704768,6.83167372603898,6.42105677038025,1.28213468096534,6.85264789838585,6.0764444171492,1.76220801719783,6.70544215109335,5.75279811482086,1.78517194246599,6.9785713739453,5.66396787397074,1.82490351335263,2.02543946119536,6.855813022266,1.13572019083004,4.76938342325965,6.26445229758233,1.41147643852157,5.44208245100592,6.1191993831314,1.50817495058095,6.09744598480406,5.90043592756402,1.6354164841304,7.90331578345523,5.51061243254039,2.01399461984371,8.78340357783502,5.4712770203756,2.13389655105235,10.1301378325492,5.31209482124352,2.33164125279942,12.3461662553974,5.32819046650774,2.39208772919977,13.2336154183908,5.44239723291017,2.33231211395968,14.1079849706711,5.67052221405532,2.09050147996297
2.55628077836646,7.98924293448236,0.823132865143664,2.84879207127486,7.83698384439731,0.93081656879556,3.10102327983184,7.73807095874727,0.994769839821941,3.63372037909585,7.45027400575864,0.966056333031979,3.8485764338959,6.94946408090271,1.30432922098967,3.87552453145441,6.37245938510028,1.28918448403832,4.08660831010957,6.35426193029664,1.33320479336232,6.43611459326496,6.78128143934837,1.7247137138938,6.79012716930864,6.78410068899757,1.65067704124397,7.1492786246374,6.72069264153244,1.59820685227928,6.82516783100522,6.426210528062,1.27145370849697,6.84003676637365,6.07436808544245,1.76009716166352,6.68983888580902,5.75423845149297,1.77673607703094,6.97366961184146,5.65494313295445,1.80924587366649,2.00573716511254,6.85035486300943,1.1397358972175,4.75431605661994,6.26674574971015,1.40875658544022,5.42736347798334,6.12487239612653,1.50709330154343,6.08891542683307,5.90258114860304,1.63351204621657,7.89743665759354,5.51372684994878,2.01376773625472,8.79548623365427,5.4694198227624,2.13117108904325,10.1143779823409,5.32353212193589,2.32792075406148,12.3342342673281,5.33204477412503,2.38760246663587,13.2478496264744,5.45659624737597,2.32485633650136,14.090092721483,5.6770035550465,2.09007128831249
2.53144110970923,7.98448402516191,0.860361281945273,2.83159787183786,7.82682951965263,0.96511674800488,3.08954982972254,7.75939502435947,1.02447375337211,3.65444793745165,7.44402701469438,0.940133094245532,3.83157659482037,6.94205600157519,1.30209057652324,3.84929591392828,6.36973302763263,1.2920737263843,4.05879856256351,6.35718449657002,1.33281858362927,6.4357952108709,6.78181037724732,1.72664000096694,6.7925883559473,6.78390795613874,1.6516738013944,7.15113434628746,6.71660309863446,1.59644579923183,6.81388527976693,6.43030988925111,1.2719438064042,6.81727845906258,6.08408013211328,1.75922871225249,6.67400269654429,5.75361618428986,1.77570888625609,6.95950639483408,5.66412962622076,1.82390641646448,1.98630643358902,6.84113452225338,1.14138829585395,4.73045658335427,6.26419570940954,1.41154932953801,5.40635413909782,6.12488121548985,1.50390809525576,6.07633744118512,5.90251578823049,1.63886373647381,7.89147427015836,5.51410009320048,2.01704381336661,8.76461918755852,5.47155597157017,2.13746064368567,10.0511832480262,5.31821377874619,2.31516774464025,12.3323237475518,5.33529727415498,2.38432345551866,13.2086972003389,5.45843725889526,2.31579135252541,14.0720735149865,5.67700542908692,2.08900930263521
2.52649665973368,8.00313984347878,0.891179331103478,2.83488805666366,7.834889738487,0.965031051113862,3.09720453040152,7.76062227626111,1.02116885776216,3.65080784362658,7.4407568501579,0.928553910907153,3.81891588972835,6.9365951706653,1.2948961152251,3.83666832799772,6.3726078689711,1.29244669127423,4.04441765212706,6.36039717899567,1.3308544559927,6.43381219060082,6.77958532220532,1.72277939634806,6.79303531372186,6.78564854737073,1.65106271326108,7.15209239820154,6.71724759389977,1.59660130731384,6.81227649345365,6.43858661203965,1.27313741199217,6.81564633261124,6.08636252291786,1.75675211948163,6.65531223683871,5.7638551638215,1.77463837856618,6.93282663278693,5.65617553747821,1.84227029920834,1.97042944491964,6.83224408797868,1.14280259148417,4.71918099086204,6.26584744740832,1.41212810597714,5.401414870052,6.13900624531648,1.49420143085057,6.05715565170016,5.92546683539668,1.6263579550849,7.86510522076884,5.51507268952137,2.01493921652859,8.72831624432321,5.48166968667414,2.13577510032972,10.0517628945048,5.31374572606913,2.32044570235919,12.3795790290863,5.35366290102416,2.38478509737184,13.2262257966722,5.4686960797033,2.30915858304939,14.0544960826575,5.68375551550439,2.08432239861178
2.52488547108128,8.00689166630147,0.888901583596361,2.83385672396995,7.83578953121917,0.96744385596995,3.09762274771942,7.76223838267071,1.02154928303535,3.63803116230799,7.44754699229221,0.933743947431898,3.81475357423932,6.93254875480729,1.29297607750092,3.8270594259221,6.36679023687755,1.29269756763492,4.02783726295762,6.36503048659343,1.32798683884422,6.43114397077494,6.78099869479476,1.72329229897866,6.79363636285689,6.78712520229217,1.65048215254649,7.15268532198731,6.71453650386152,1.59668189915754,6.81027027295307,6.44428576195247,1.26770090287901,6.80600766190289,6.08605214344081,1.75376737320999,6.63593616604522,5.76531659626507,1.7672153185755,6.91780039093271,5.6598168696071,1.84158525543783,1.94921340117337,6.82430614573998,1.15218100103233,4.70315743780197,6.27115435647002,1.40917112820289,5.39438177742074,6.13791345336662,1.49645601043709,6.03726447609733,5.92250791227072,1.61886209442419,7.87886342083654,5.50765110786033,2.02275876008278,8.70387024374411,5.47974648842573,2.1383230393133,10.0563380849367,5.31554117305013,2.32870273543231,12.2315711226951,5.34872201776542,2.37957770157578,13.1865322906707,5.45885722838293,2.31107826492194,14.0415209608724,5.69046160997169,2.08457078030821
2.52304357957787,8.00817887204209,0.88832488033642,2.83341097544398,7.83160271706085,0.970342360801558,3.0967341034581,7.76005229356637,1.02150772141746,3.63224662260767,7.4455193952563,0.927649901626811,3.80129401232213,6.92441414586998,1.29262930159302,3.80709081262638,6.36243785629831,1.29149176998372,4.0212131455026,6.36184390566227,1.32746981570918,6.42962948011773,6.78034088075253,1.72321555388383,6.79204900006639,6.78867144030836,1.65240307921709,7.151526561866,6.714373376918,1.59352056358036,6.8041705661105,6.45065860736163,1.26341001336118,6.79725213376757,6.08635722712903,1.74976283203352,6.63152757859751,5.77101410608999,1.76495993336473,6.91475330656283,5.6639291211933,1.83847163573145,1.93474604703055,6.82530009347664,1.15263205106973,4.6907637148368,6.27175753554135,1.40410949221486,5.37661622054846,6.14805621336168,1.48717635454379,6.02713099577405,5.92546798874132,1.60063186789979,7.87389950508175,5.5005460952883,2.02979612892392,8.70542787642745,5.48258503515959,2.13711700277625,10.0375447674499,5.31432227306531,2.32151845249229,12.1886390346421,5.34529163879854,2.38033338007745,13.1562966114051,5.46203836111574,2.31434827536136,14.0243981837415,5.69791517423321,2.08313401631802
2.52226624088946,8.01013136632454,0.889097983376615,2.83432798115816,7.83027013247189,0.971500004326529,3.09678542830935,7.75882875084036,1.02073644482102,3.62374648253885,7.44798305942623,0.925733817638961,3.7849017832897,6.92131260851787,1.29866516682911,3.78861973123554,6.36302943863803,1.29339255300897,4.00147132138616,6.36057670308924,1.33013089303706,6.43042538036632,6.77864295682083,1.7207901972348,6.79152758162951,6.78899650915471,1.65083321155748,7.15276442735445,6.71289658181143,1.59359345495784,6.80748091813019,6.46202081558176,1.26345501348124,6.78445647641673,6.08607038144612,1.75000553197961,6.61747702560739,5.77277306008272,1.76136457108075,6.90247526735631,5.66707869058986,1.8445010146047,1.92031711218878,6.82737865598788,1.15622428950388,4.66882075491858,6.26808424045376,1.40373376122955,5.35975865874302,6.14748231497109,1.48184238545708,6.01031052100617,5.92501044459906,1.59227022892931,7.85486175991656,5.49515364612395,2.03407107128944,8.73930080725628,5.48208386023663,2.14359437077928,10.027691461976,5.32113358110976,2.31741059632168,12.1886383131294,5.34446009654595,2.38057868957095,13.1409881048445,5.46321865376054,2.31437958330683,14.0100738596331,5.69720811251153,2.08233903656632
2.52362613015824,8.01167053743565,0.889266063683491,2.83195918082484,7.82906049447401,0.972005977068766,3.095500746407,7.75794671372877,1.01844620814332,3.61830429061314,7.42962242593964,0.889170901510583,3.77390491172837,6.91542946944479,1.29289539264321,3.774387015072,6.36413014572842,1.29664723710884,3.97604508500082,6.36190303345628,1.33573526415875,6.42594916418778,6.77611745690696,1.71903700862962,6.78761091447596,6.78726185026226,1.65130996349757,7.15101948536909,6.71131322261199,1.5940013814819,6.80045501632592,6.46881438901523,1.25626270877061,6.77505366384485,6.08891883449785,1.74586300737821,6.60652338239668,5.77164971324958,1.7578515343592,6.89320128714721,5.66800036987106,1.84608562506734,1.90602923590185,6.82336130333379,1.16168879015092,4.65062098238842,6.2745718389589,1.40062939368634,5.34396457863223,6.15646678005095,1.48034643752792,6.00003617844744,5.93107788645411,1.59242936538365,7.84093179491623,5.50486892629759,2.02920131875394,8.7062633308894,5.47976393803479,2.14286448489539,10.0065923530153,5.32173745869638,2.31604880408707,12.1619878769576,5.34758249836609,2.379100835776,13.0909780749072,5.45897126206874,2.32167135498265,13.994287206364,5.6967723426499,2.07714937697504
2.52282754759684,8.01102883659093,0.88619819960258,2.83211794993565,7.83201968815694,0.973550569050379,3.0919687294581,7.75782151788064,1.0167416418507,3.61085695649946,7.42607507076531,0.885427152219418,3.75831608306346,6.91445186761948,1.28978354363059,3.76099311603082,6.36700377677446,1.29697940373986,3.96196341861498,6.36574746684545,1.33476483059165,6.42473769732589,6.77699356415454,1.71874644465016,6.78577370043292,6.7884649232213,1.64976145985221,7.14834845452643,6.71144629504459,1.5906294020777,6.79991746230078,6.46744923898156,1.25456833838889,6.7643107957805,6.08627686968136,1.74592598479929,6.59945047398779,5.77571246522563,1.75564481076778,6.88456635307544,5.67026953321312,1.845337769273,1.89424314245903,6.81765109309372,1.16670523994608,4.63447142272302,6.27683132900193,1.40006445975067,5.32914083582759,6.16105079352496,1.47555594438365,5.98523573395265,5.95043744730446,1.6109845786428,7.74312172165805,5.52011617136061,2.01657300849432,8.61616473496331,5.47046734547012,2.13624598098604,9.95578819702482,5.33304399286859,2.309290006272,12.1538045211286,5.35103204887127,2.37582633316943,13.0755042805132,5.45903415226303,2.31915374099371,13.9789775832323,5.69207628907979,2.07353356674325
2.52690203364828,8.0142465162544,0.888773635186492,2.83265846819244,7.83238637692089,0.971940633814735,3.09160156780372,7.75563940387249,1.01481443358026,3.60750293632301,7.41654841794679,0.878293275505224,3.75661993738749,6.92085910496747,1.29495917058554,3.74509680428995,6.36717662116434,1.29979256675119,3.94744761756778,6.36578049395203,1.33299756230032,6.42379374351187,6.78099087534766,1.72578202344401,6.78293361485135,6.78807235101459,1.64836882675678,7.14596578746924,6.71130693778775,1.59021960501687,6.79784376169594,6.47009797721516,1.25202682045869,6.74737977906063,6.09205895523993,1.7464365003575,6.58674790922316,5.79136395671879,1.7467647905998,6.87594906846087,5.67799821643845,1.84343642574401,1.88230164417954,6.82073656880118,1.16941312860096,4.62425140397369,6.27839353209964,1.40044276471864,5.3134362149599,6.17070646495793,1.47020880376131,5.97613501096678,5.96116910812789,1.61138250789476,7.8003524410827,5.50694389132811,2.03402156609614,8.6346580133356,5.48060406579533,2.13404526772012,9.95209341024537,5.33615267614156,2.30582635827917,12.1481202300645,5.35024398680412,2.377811521623,13.0668964818651,5.46526696258006,2.31586902321583,13.9672648647035,5.69556074468365,2.07107051449192
2.5220166451426,8.01272513015774,0.886017383050624,2.83200171389177,7.83205031904814,0.970836305480672,3.09168708313423,7.75595300227281,1.0155400763515,3.60192042256413,7.41454288055745,0.876951891168405,3.74116605577413,6.92157339647398,1.29451755345436,3.72606649187011,6.36851962550941,1.29894643621338,3.9300589503516,6.36759948528928,1.33138446596212,6.41806039515906,6.77498600918467,1.71771303256791,6.78126491189062,6.78881052592145,1.64713120077054,7.14442084908122,6.7132057667163,1.58594199070399,6.79059045438356,6.4710794793384,1.24266123740175,6.74094550445799,6.09548337356232,1.73998568977963,6.57930598558275,5.80060980189685,1.74624606599847,6.86263747449919,5.68751602041229,1.84027887805191,1.87051734238154,6.81900920823889,1.16658706204269,4.6105728265019,6.28886872576571,1.39265416300519,5.29214274603507,6.17647009894982,1.46993868988075,5.9628214066556,5.96670758672344,1.60825936988446,7.79341632966039,5.50305042274286,2.04078183468343,8.66949208219255,5.49269162767622,2.12802369741566,10.5479594218747,5.46351281986705,2.2447157219523,12.1164012321469,5.34591874002136,2.3790836468936,13.0730201457926,5.47440746265559,2.31029748067946,13.9505962086629,5.69480741533174,2.06702389469834
2.52605075966412,8.01551891573363,0.888182908260798,2.83177048362885,7.83343348387227,0.971046216032068,3.09322250171685,7.75731960378859,1.01489523771345,3.5977051487831,7.41417751969517,0.877315500122863,3.73205211411981,6.9084562844371,1.30256567756052,3.71176368929553,6.36595965764674,1.30048658826602,3.91579613538743,6.364593558253,1.33139543222563,6.41521932342955,6.78146207125873,1.72839804940094,6.77960091583932,6.78926215651036,1.64565410840134,7.13664488983331,6.71264139945472,1.58334813228013,6.7878372722278,6.47641977293316,1.23763308907539,6.72691390910289,6.10314916246715,1.74394704500983,6.5649029173154,5.80814000414742,1.74446479026084,6.85296622927337,5.69868672931,1.83855982545276,1.85606905157025,6.82227860809783,1.16056409888709,4.59073474327496,6.29852241867906,1.3920783836942,5.2727939292192,6.18154527715509,1.46932472021033,5.94114460025807,5.96394303990517,1.5931838121035,7.62085169444158,5.55995169500397,1.99649732333024,8.6697278258623,5.49915887289518,2.12996591512287,9.98117277079352,5.33502595607279,2.31957127363575,12.0867183371861,5.35991296892975,2.37106289420734,13.0520679920001,5.4772832691008,2.30750301260804,13.9346165081065,5.69518457792459,2.06668102000355
2.52610318362096,8.01674402809033,0.88915939784245,2.83221520964267,7.83354132207902,0.970130082843097,3.09139931026142,7.7585670900554,1.01551103865954,3.59143657104765,7.41475659176416,0.874762836966853,3.71258470243705,6.92032961185061,1.28417513436595,3.69830103082123,6.36598352359243,1.29994016568662,3.90355260261251,6.36524270692644,1.32961053475415,6.41372482643897,6.7828079664672,1.72885709010259,6.7791248283565,6.79129358665105,1.64527228161035,7.13376638625849,6.71704147048994,1.58225235654528,6.78670941789194,6.48151027467596,1.23419293330558,6.70683091931343,6.1202542387225,1.73627715758029,6.55393439876515,5.8027555254648,1.74944621250608,6.8378691122821,5.69648227958592,1.82785730847443,1.84164422101847,6.82761675512028,1.15626018407746,4.57851492847984,6.30265814286849,1.3904173749855,5.26937245030017,6.1833485430485,1.46433463473711,5.92750659554591,5.95762672097215,1.57593980000776,7.61010473369263,5.56413634263431,1.99597708110649,8.6332745771425,5.49661803249045,2.1354354711384,9.9809506993433,5.32624371226443,2.32637155978411,12.0744260421783,5.35833234633635,2.37179415523126,13.0525200565604,5.47767966899873,2.3066433248918,13.9164866746049,5.69636697123889,2.06275399112877
2.52111706104985,8.0139268889908,0.884599761352581,2.83004750195057,7.83482139403921,0.970285800812461,3.08468147056358,7.76056400032856,1.01854544714657,3.57711331426831,7.42009477613647,0.885921505184957,3.69552486646081,6.92466891239665,1.2820365743451,3.68805568238926,6.36307725607919,1.29302798943802,3.889249878326,6.3667929701362,1.33156217639643,6.41388324131615,6.78206392729353,1.72814179822915,6.776121605641,6.79195340962583,1.6443182418556,7.13262010915737,6.72040163831529,1.58095046019083,6.78401721264193,6.48402058417126,1.23184455603488,6.69977794604178,6.1249801602833,1.73420124204532,6.53776920123374,5.81419537470146,1.7457410142802,6.82550583184029,5.70087543230313,1.82810241340119,1.82749077117437,6.82760140666392,1.15278774897364,4.56445796480063,6.30731436895447,1.38949354305168,5.26141263761057,6.17330412849222,1.44238944294092,5.91127113737182,5.95646987447745,1.56487860215481,7.71543265390458,5.52119571539797,2.03509374934164,8.54295585410446,5.48895626779377,2.13098982309399,10.0367844627856,5.31010126350994,2.34295436298266,12.1124843517908,5.34891724032997,2.37961933105916,13.0359789187765,5.47046275856072,2.30204434399508,13.9026993194901,5.70067866561978,2.0644580143203
2.51824241168892,8.0147234588135,0.885602175781914,2.82846620201647,7.83635150272296,0.971046901548159,3.08461383675159,7.7611592170997,1.01744661357726,3.57165836387768,7.41517379080865,0.872456276472197,3.67924616111976,6.91555897847981,1.27414600402378,3.67740719504173,6.36433383060016,1.29149115552346,3.87467112784855,6.36708193532248,1.33349628012445,6.41223579122685,6.7846657146754,1.7312171490318,6.77386349221352,6.79232660913542,1.64617107326665,7.13045723748254,6.72189398226082,1.58578684698779,6.77778849079209,6.49173063834726,1.2313743560586,6.68861147362979,6.13342985194251,1.73023493294894,6.52453970591913,5.82138314464451,1.74438919729596,6.80866927775309,5.69945951864627,1.8314421114212,1.81260671291232,6.82522574357158,1.15078551771584,4.55602406919613,6.31116928630424,1.38305349111833,5.25658615859901,6.14941399901974,1.39185899960685,5.91421800063623,5.96939964493806,1.56867104112526,7.7710941095035,5.50465108463661,2.05386427376788,8.55386112704789,5.48718670523661,2.14786648011151,10.0670152252275,5.29830021280462,2.35447332640858,12.0827938685037,5.36318598220264,2.37353092836278,13.0257564978108,5.47691600601833,2.29972712067624,13.8873627079001,5.70320246285694,2.06240169955141
2.51504222006222,8.01322289568594,0.881752410658721,2.82985749793486,7.83630360978526,0.968481465299935,3.08347917819071,7.76033169646821,1.01460135301993,3.56555268175002,7.41991947511616,0.873900949332241,3.65822798736699,6.92360618221605,1.27247644807555,3.6494146022319,6.37253471406468,1.29658770107592,3.86102589430979,6.36958290127211,1.32261602896973,6.41276703043672,6.78479505618211,1.73181949355144,6.77233829230311,6.79585935674021,1.64896194969275,7.12879991603422,6.72351337623034,1.58493143163354,6.77251425975983,6.49583783608448,1.22780581592519,6.68130903742259,6.13821151378635,1.72574453986209,6.51945083689563,5.8202620113748,1.74842760616788,6.80008489734735,5.70253519624246,1.83073262321278,1.80051553961954,6.81819788188547,1.14619469581947,4.54542238195453,6.3079392848213,1.38607973574476,5.25551086456019,6.14935429120938,1.39529869406918,5.91248996658182,5.98187428124051,1.58084342960896,7.75597812669995,5.51593021304218,2.04784019392879,8.56386363063867,5.48450203444605,2.13591500114599,9.94727725009045,5.32792571716158,2.3253041336772,12.0888956958169,5.36098635531594,2.37364164735101,13.0169240026732,5.47688267859175,2.29904063857908,13.8716542931598,5.70224932656344,2.06036137063294
2.51058293414935,8.01231198754162,0.881914412851622,2.82669644037345,7.83614539166311,0.966553457295375,3.07946930466766,7.76146122990944,1.01391813685129,3.55855758324561,7.41894086355181,0.873224703751446,3.640655331604,6.92035452903557,1.27256302325014,3.634050989645,6.3729594283821,1.29580169305943,3.84165994221479,6.37179979169513,1.32263141148632,6.413129447094,6.78594767257918,1.73091071653955,6.77094781900839,6.79568136964833,1.64938563470929,7.12783854312783,6.72213052251245,1.58511871984871,6.77025649056873,6.49536492570309,1.22485111726518,6.67483320870995,6.13922595133575,1.72542474962973,6.51646453801421,5.82283558982131,1.74828005909793,6.79227371380115,5.70769726071217,1.82952990507719,1.7834500114333,6.82029348867428,1.14321224339998,4.53860511336115,6.3081782267355,1.38043466843258,5.23218688123107,6.18743806486666,1.44432218784518,5.89260477373816,5.99528666778004,1.59732556628211,7.75394683884899,5.50861315268292,2.05734995405127,8.56413945251188,5.48374037893223,2.13962058672831,9.91337216265172,5.3286988809877,2.32817109159048,12.1173582811953,5.34421452942044,2.38166558008609,13.0178514012312,5.48035375836417,2.29268274948715,13.8593580228922,5.70236271440164,2.06790200725395
2.50847748545281,8.01130112272673,0.879712518384363,2.82632005765466,7.83693862159715,0.966460232892247,3.07710590612881,7.76069693253497,1.01145858242164,3.55345554995687,7.41806169233904,0.872245961308583,3.62135524770557,6.91707842603632,1.27390618731778,3.61253646612132,6.36951445637199,1.29155922473493,3.82310763457391,6.37371428347686,1.32073398485457,6.41451775618588,6.7880821708418,1.73085599162617,6.77055104082151,6.79647050377504,1.64901662112957,7.12723461478056,6.72121084212007,1.58662214140952,6.76613520771791,6.49981365357117,1.22019530159074,6.663969052816,6.13945259483288,1.72315025602876,6.50645435445829,5.82320740565008,1.74949298044767,6.78216065417222,5.70632647542091,1.83200422701255,1.76960989130963,6.82056917947663,1.14167080611555,4.5202471328769,6.31492273181238,1.37919490725849,5.21866425361218,6.20418356473013,1.45262829676932,5.87150049830434,6.00800361209109,1.59221297751396,7.74046483733246,5.51091131322617,2.05464595821795,8.54968815852267,5.49162613607299,2.15003034936503,9.89685980310551,5.33000216563969,2.32791610187697,12.1000921082598,5.35572101602824,2.37526433583553,12.9863397745432,5.47483594361384,2.29579722025619,13.8451594705248,5.70129815378212,2.06819224587202
2.51027157839723,8.01181781905623,0.879702630857545,2.82541238987243,7.83653974780669,0.965096932907105,3.07691572826232,7.75931366870687,1.00896390364279,3.54896252294964,7.41656807818571,0.866210819395863,3.61307406489825,6.91517960454747,1.27097294300464,3.6030841171433,6.37166394629781,1.2919402404497,3.81897506172258,6.37549855522015,1.3202355566824,6.41170906172967,6.78822150050783,1.73078595280209,6.77278959024265,6.79804134004973,1.64750762465276,7.12756362824983,6.72030235083188,1.58650193408926,6.76072309149496,6.4995797871201,1.22239823474358,6.65572550144332,6.14122197547259,1.72359686569095,6.49651533790306,5.82200582285503,1.74121750758471,6.77333956472289,5.71253604078199,1.8288215618239,1.75807291575802,6.82105693271585,1.1427946956724,4.50957133774546,6.32548062278641,1.37166683222742,5.20243619503805,6.2255572083748,1.43737108567755,5.86731308463559,6.01468104518532,1.58779376745343,7.71373263567538,5.52401275864984,2.04695641504822,8.50691441585064,5.49953572615264,2.14021776152419,9.87924221363512,5.32377285437353,2.32104319468782,12.0922977914024,5.35792906151499,2.37342455163311,12.9698369992005,5.47960017332896,2.30278398224072,13.832715156119,5.69778338569688,2.07089107991436
2.50979919613145,8.01250166774431,0.879208283461798,2.82597168317713,7.83720680587948,0.965717128504369,3.07825166249533,7.75792792581198,1.0077915898124,3.54820796768815,7.41284757060533,0.858208323357838,3.60680568550584,6.91116199780061,1.26774008173968,3.59699531226838,6.37350249967163,1.29440423490928,3.81072093991761,6.37688831107537,1.3218820227789,6.41208670480077,6.78819115612176,1.73011982864557,6.77278692201344,6.79739625602701,1.64580214811822,7.12705289670179,6.72125376893351,1.58741970288473,6.75615046201767,6.50189184299193,1.22423855546413,6.64375176718028,6.14455175870148,1.72250773592723,6.48552282282335,5.83224322694293,1.73555961157453,6.75863866670928,5.72381558826753,1.82279442070137,1.7478213610428,6.82664049521852,1.14602028014372,4.49778128067777,6.32613769752191,1.3715842242449,5.19312028921568,6.22663207754719,1.43546236015554,5.85885428621697,6.01734648961637,1.58727996291513,7.69898703256796,5.52395093765771,2.04590290597655,8.48894354182677,5.50335133418193,2.13593044544814,9.88360914917728,5.32514139563721,2.32246569594506,12.0662326848453,5.35639685042553,2.37162198500633,12.950492846633,5.47775458040818,2.30162701434155,13.8196701934156,5.69539978830623,2.07008502759459
2.50805959969169,8.01197075762558,0.877521325055542,2.82401124955045,7.83795289886595,0.966177431299567,3.07682889770277,7.75801880312568,1.00712932642031,3.54489332795092,7.41220332221698,0.856807461851449,3.60098454129904,6.9117928187375,1.266200246302,3.58723064340117,6.3740151405967,1.29748364766197,3.79971794784512,6.38310525283408,1.32112023236141,6.4119221510581,6.78828363804382,1.73222805449425,6.77301380694836,6.79676665766059,1.64628677303375,7.12642915538733,6.72199088852229,1.58857451970619,6.75500644399285,6.50320293863445,1.22283415682453,6.63479087627835,6.14674257585256,1.72152469552752,6.47348343254959,5.83965666050271,1.73120970460081,6.7472277969803,5.72870079793788,1.81909680582089,1.74073832164656,6.83329534265266,1.14745615472048,4.48685549546718,6.32922117518367,1.36992035009341,5.18211562668874,6.22785038647658,1.43558708382481,5.84463819416113,6.02403717402805,1.58280275637944,7.68769500010366,5.52141762355524,2.05021972155814,8.4869648487402,5.50599966752261,2.13712126783023,9.89389261727412,5.32080300089475,2.32547323866062,12.0012539282357,5.36021968994373,2.37221453005394,12.9410378364305,5.4794721819519,2.29981375077877,13.8089780529879,5.69609519374851,2.07042861714435
2.5092644685748,8.0132003724045,0.878485825306307,2.82496540062921,7.83816630099548,0.966047907397569,3.07791163622004,7.75674464006017,1.00426810300105,3.54589558976027,7.40918223542849,0.851552531879881,3.59248880972351,6.90840636059653,1.26324198718679,3.57337591205109,6.37472502166486,1.2985376131804,3.7887319019602,6.3834168854512,1.32295259601482,6.41007663632709,6.78670401160476,1.73390305742954,6.77570791491995,6.79780010797989,1.64316798704392,7.12763926943172,6.72340064537104,1.58779189284504,6.75306933128261,6.50504096949442,1.22182682923806,6.62573398432087,6.15080726009531,1.72024195013162,6.45970359976018,5.84147830431656,1.73178973204732,6.73764719194814,5.71799084663089,1.82761751757223,1.7336246380343,6.8396514449044,1.14945236835617,4.4771200240288,6.32850143569975,1.37086031439866,5.1731573237324,6.24146386821178,1.4267928202348,5.84724277186701,6.02754262577785,1.57879240289917,7.67675655628198,5.52193749595147,2.05430985705699,8.49515545088653,5.5085003506164,2.13971949791088,9.90110944894011,5.32184670819393,2.33096575012581,12.002275817788,5.36139736069371,2.37053035545874,12.9242779004151,5.48275209513079,2.29730292973877,13.8010484630421,5.69627841028385,2.06874220649711
2.508228979421,8.01325210154629,0.878819674445466,2.82236286493601,7.8380437343133,0.966092868788625,3.07575186023647,7.75597591200948,1.00264464534052,3.54349571494126,7.40803558073927,0.846760067533013,3.58991320605796,6.90980489134613,1.26014564321494,3.57104127200046,6.37242301816347,1.28678835036252,3.77803345934,6.38583860609599,1.32183049626087,6.40984596365391,6.78581111377635,1.73467083790345,6.77586129255291,6.79774324835265,1.64436048938566,7.12668106066118,6.72367037264215,1.58985318687412,6.75456336556438,6.50540565364624,1.22376250053308,6.61693132958076,6.15516956534148,1.71872871801208,6.44735557169123,5.84836915929342,1.72805141949758,6.72664898726955,5.72180114377362,1.82749301123416,1.72546408272967,6.84232896602855,1.15302488415331,4.47147779841341,6.33053712631351,1.36992086335298,5.16062045793395,6.24802510928018,1.43185608202918,5.83469136720542,6.03923403279235,1.57011411932749,7.67898894154564,5.51832754851963,2.06092946519208,8.49537738619875,5.51238630196675,2.13601628277865,9.91404687713308,5.31702389470752,2.33012408276659,12.0029806582436,5.35729116584474,2.37623526006723,12.9107109312585,5.48212431691204,2.29831422420608,13.7909481654072,5.69574122323727,2.06742782205093
2.50844208146226,8.01343235873847,0.879082558025031,2.8222428716183,7.83782470490485,0.964981942512915,3.07579298961262,7.75411708011192,0.999345155570381,3.54299132931614,7.4047080646467,0.841968543790685,3.58320173311767,6.91196363177474,1.25639724966188,3.56319903127787,6.37534087500615,1.28371938646174,3.7719635616284,6.38893298259827,1.31794884131602,6.40959791070432,6.78571876945647,1.73487153148695,6.77952651928243,6.79765894042477,1.64144864254063,7.12642991402952,6.72426797056339,1.58691361788349,6.74896873301616,6.50570417845859,1.22248228153159,6.6096151017931,6.15916851397889,1.71614636831462,6.43938302728281,5.85357680052655,1.72505504628727,6.71699928376266,5.72616680031439,1.82455650631319,1.71671235074639,6.8489738928319,1.15426559341095,4.46737059742091,6.33399553765944,1.36767440061476,5.15296016631343,6.24899750899381,1.43014515849304,5.82707501200526,6.04295952962219,1.5665665201728,7.65800571130976,5.5234985319911,2.05282118843045,8.47446987615634,5.50972928936881,2.13373382177205,9.8787515986983,5.32319382568872,2.32554207626922,12.0768252833628,5.36418947234461,2.36424023749929,12.9022272248429,5.48370491972844,2.29971269450428,13.7820469366136,5.69554747539694,2.06544862258873
2.5083319425652,8.01267969929866,0.880209736405356,2.82162307220508,7.83755576063906,0.965360613545246,3.0745555546929,7.7528930864613,0.996757236799254,3.53988666538746,7.4020713195876,0.842198367245103,3.57611930116512,6.9126529406354,1.25643439781324,3.55189941687131,6.37618409292791,1.28311459884103,3.76248730697957,6.38920000876232,1.31654736643708,6.40850359226878,6.78392821798858,1.73510684516285,6.78137179822425,6.79789937340208,1.64171353924541,7.1268117581511,6.72412625262965,1.58467453022326,6.74805125666692,6.50427291983257,1.22297894185634,6.60127214596007,6.1602021632591,1.7131491168913,6.43342948561731,5.85385786644807,1.72611516207429,6.70865263447598,5.72632985768128,1.82320074194684,1.7076472841673,6.85799225765917,1.15425694269456,4.45616076585075,6.33302523536052,1.36667458087335,5.14667231961857,6.24802602035285,1.43180054868683,5.80950586003982,6.05446106474926,1.55629549998531,7.58083835535497,5.56247852259468,2.01981650650527,8.46782813239006,5.51355583546503,2.12950357905062,9.886823660208,5.32225213360286,2.32964702923564,12.120019683059,5.37600153824824,2.36612271683828,12.9205767005788,5.49248420085646,2.29616922532632,13.7750863788512,5.69782984016646,2.06840637193632
2.5085116314648,8.01379966824331,0.880176188545642,2.82168449769381,7.83855873394563,0.965255457305502,3.07496200887765,7.75354889107218,0.99663953476577,3.53596220441147,7.40210632498286,0.841886571647445,3.57229246172467,6.91307461352977,1.25636917917785,3.5418665825092,6.38515416358728,1.29385240762822,3.75805490684028,6.39053104353529,1.31501787722254,6.40895438026313,6.78200222248371,1.73206225663173,6.78172176934052,6.79778725170285,1.64053419406598,7.12660084581515,6.72560752156559,1.58309798876379,6.74272967813152,6.50726336524578,1.22270839391776,6.59296874755693,6.1670873725976,1.70951894760024,6.42447192549954,5.8699456216053,1.71415018729184,6.70089914709078,5.7331773495689,1.81591266189691,1.70121523491748,6.86202096382904,1.15538854177245,4.45137726418758,6.33238989046557,1.36707103854569,5.13981501684458,6.25017122777138,1.4300783372887,5.80165208879864,6.05856149423913,1.55316019513267,7.57991316441039,5.56631283601786,2.01691819831845,8.45529964506009,5.51459761222228,2.12898293107772,9.39956747590177,5.4667379758851,2.20625614246168,12.1218376362684,5.36499377104996,2.36430740055047,12.9130321098331,5.49325392214185,2.29308509647423,13.7675415150262,5.70054954072815,2.06645715773526
2.50951671645434,8.0147620429656,0.881258157569448,2.82212546271945,7.83861550087786,0.964828096556654,3.075412841662,7.75327181312953,0.996411785247025,3.53642790862942,7.40269698194446,0.839253770665381,3.56616243459667,6.91142681067033,1.25497183843657,3.5315910566785,6.38495376130142,1.29378171028395,3.75195334008943,6.39150533282558,1.31657952252163,6.41025435183652,6.78229464552805,1.73174776873689,6.78208010578548,6.79747879131885,1.63781374857749,7.12709929915126,6.72412656000311,1.58118132296117,6.74429196478688,6.50745064593007,1.21905891912991,6.58772786017459,6.17002849236793,1.70666854972599,6.42558667381984,5.86631177526095,1.70936787079512,6.69614964202512,5.7351257715663,1.81363998989778,1.69662330604618,6.87281859446703,1.15253646185896,4.44416237408404,6.33330021862948,1.36548541747654,5.13744992529831,6.25034007200772,1.43187144672361,5.80077285458801,6.05974957827702,1.55121090732176,7.56869322555903,5.56837923372782,2.01432044231435,8.4610545059686,5.51858606908924,2.12799098993185,10.4329209656207,5.42395882843098,2.26359201013826,11.9936449470627,5.35359956710573,2.37187277676585,12.9035353160647,5.49612448309531,2.29157745117836,13.7619666207563,5.70210444856258,2.06524465455395
2.50868015852907,8.01463622223213,0.881417576763146,2.82243873378507,7.83905775597256,0.965099760712014,3.07567989008158,7.75331136988445,0.996001611055258,3.53760235590363,7.40213765711608,0.837239339908699,3.56352627424054,6.91224004959705,1.25210864384156,3.52616433914483,6.38790494109509,1.29245538971064,3.74661117251022,6.39337318621089,1.31522734310444,6.40985052893681,6.78130465193719,1.73103595919921,6.78192008473015,6.79955057947271,1.63730390843172,7.1267470458972,6.72532756484939,1.58123416993021,6.73960547090391,6.50861388661883,1.21916874447354,6.58426799209245,6.17378870433327,1.70483596098566,6.4228479568049,5.86832749967749,1.70893374838061,6.70124863204878,5.74199633550223,1.81175553705322,1.69108376589606,6.8786019509335,1.15048136366534,4.43940824848333,6.33391049103308,1.36420304572461,5.13436873627531,6.25109895149079,1.43221471905281,5.79676831898824,6.0617719853988,1.55060561712387,7.57107364837705,5.56441647939072,2.01675636810244,8.47566925018299,5.52221456687812,2.11858442891834,10.443425834225,5.42681160949404,2.26491584188359,11.9330698287789,5.35828180342251,2.37012096252356,12.8815930130702,5.49214564194394,2.29472975741506,13.7569856389831,5.70377057000092,2.06657918823585
2.50718171625385,8.0158694886086,0.882665412478923,2.82116812899987,7.83941597363753,0.964812889230095,3.07605664912938,7.75337841648402,0.995687640651291,3.53790392514505,7.40288350100349,0.83466868103379,3.55845664654567,6.91357491907524,1.25402640505887,3.5163675426707,6.38997162621117,1.29058548918129,3.73695982350467,6.39507393437372,1.31319868022142,6.41118496418346,6.78150850243197,1.73283001539682,6.78376024497684,6.80048643301412,1.63598927790628,7.12755655363449,6.72572797780496,1.57893748904678,6.73942324959895,6.51002234147096,1.21929515637291,6.5806097803004,6.17725665115798,1.70460501410207,6.41604626147398,5.87226046252837,1.71402323329383,6.69665806489649,5.746268362326,1.81032283835422,1.68612312475622,6.88146883624519,1.14834278223445,4.43378513566236,6.33445467683727,1.36372995576923,5.12909325811578,6.25282806254402,1.43072995206037,5.79304826033758,6.06221007683388,1.54994220265591,7.57458498405976,5.56472558429837,2.01814325650466,8.48154185783325,5.52309413487479,2.12062377642176,9.41825504608368,5.47412135146713,2.21321908707947,11.9388822393778,5.36536015349105,2.36829450538155,12.8773439881936,5.49370734108494,2.297900319881,13.7512648226235,5.70618152680764,2.06584675825609
2.50605190257812,8.01680341786417,0.883855753764499,2.82209609574612,7.84099224864134,0.966470704793777,3.07617446244278,7.7547876978967,0.996435900092552,3.53629508998447,7.40339330448334,0.832462747413825,3.55448111640892,6.91242831701746,1.25302961862055,3.51393368402244,6.39052856850323,1.2903397613614,3.73366514706931,6.39472391313756,1.3130245537381,6.41161444248355,6.78075741576166,1.73249413694899,6.78523186318608,6.80148444085428,1.63599272183636,7.12701375198186,6.72811154217936,1.5783966640599,6.7396611636592,6.51167703873597,1.21876206924384,6.5761910448551,6.1786736350465,1.70394398288156,6.4153842224982,5.87078507989763,1.70808279294139,6.6927498238299,5.74759046665875,1.80964738338242,1.68190631595615,6.88397341694532,1.14547723149004,4.4321763515301,6.33766050290806,1.36155453711701,5.12534363717886,6.26031467341177,1.42505661581085,5.79013653145036,6.0671944377498,1.54777720320859,7.56996557217867,5.56301108360766,2.01882664718803,8.45159914920331,5.52094976280159,2.12769502451727,9.89394824668811,5.33388675284804,2.33227790644442,11.9358982572762,5.36738374671592,2.36537569499389,12.8753776661697,5.49502091558718,2.29934740699838,13.7449917665421,5.70776847546141,2.06844251184718
2.50651879335872,8.0173581535436,0.883314602933313,2.82128215901922,7.84033065206486,0.966009086714877,3.07718833238234,7.75388582146801,0.995209378338845,3.53667005577235,7.40465492892055,0.83139057753001,3.54817125728808,6.9125777342415,1.25021698551117,3.50744255177269,6.39055418244384,1.29139513491205,3.72768286507006,6.39529249132001,1.31362255321652,6.40968258207886,6.78099096999994,1.73476975761307,6.78440483711985,6.80240078461666,1.63588275167488,7.12500720328743,6.72865622783077,1.57816523091886,6.7364027099139,6.51183286586279,1.21784637666785,6.57378341588153,6.17946622125494,1.70421611159275,6.41234471884206,5.87142715808084,1.70832007893308,6.69084278195575,5.76239292928137,1.80039283297643,1.67691422078463,6.88411259551167,1.1434607089035,4.42866952134199,6.33998058671868,1.36091450374135,5.12262380621041,6.26317418532565,1.42428801908064,5.78710983347561,6.06776051914553,1.54683269947732,7.57082184082491,5.55969756030465,2.01985040595829,8.44566642588685,5.51942194759947,2.12563592060646,10.4206951417607,5.43165812540204,2.2601260673164,11.9267858251491,5.36502428939885,2.36380050999758,12.8683261271909,5.49275852162405,2.30077259990224,13.7394698955278,5.71093065713394,2.07001439663971
2.50543057589496,8.01758786930642,0.885194477839931,2.82183430185819,7.84044774672975,0.966544006828353,3.07843204148459,7.75470513815116,0.993897971440766,3.53514270679906,7.40874823093382,0.830163181654787,3.54620795395485,6.91298251339228,1.24977630328726,3.50424040404293,6.39272146753204,1.28958400650584,3.72403749072403,6.39720452945957,1.31124983021113,6.41480971152379,6.77547355876959,1.72695689771844,6.78638959353542,6.80253505535167,1.63533071242168,7.12451804656997,6.72823107011458,1.57644153762487,6.73417506109204,6.51491290417607,1.2198225781975,6.56864738621673,6.1807373484873,1.70363167691366,6.4063107851174,5.87557750063485,1.70560132035336,6.68579443359543,5.76531739495863,1.79741504602755,1.67204614030924,6.8870521469126,1.13842951821891,4.42599109800874,6.3430574540562,1.36009589103925,5.11961996943776,6.26560669697766,1.42248280170468,5.78728160454804,6.06213083633048,1.55133244278627,7.42274583369198,5.60720844982231,1.97808836868347,8.44961698584931,5.51875056325592,2.1223089212531,9.8493350060366,5.33934879141178,2.33051141969701,11.9424287595125,5.36634498218876,2.36550442522852,12.8763532074977,5.49547310041842,2.30052778502593,13.734478082953,5.71112560558751,2.06961099205077
2.50647515913051,8.0174715030842,0.883855045477279,2.82214785412435,7.84036888315733,0.965914967994239,3.07966707208838,7.75458785294848,0.993421767787213,3.53524586583356,7.40959811322568,0.824710234172909,3.54007841584044,6.91230214648909,1.24672440960891,3.49809237847545,6.39400342272379,1.28717690080062,3.71514962807055,6.39317378339028,1.3131164360499,6.41046873722407,6.77946146856388,1.73219135027415,6.78499200633799,6.80362641790205,1.63304957111775,7.12410886346139,6.72783009023255,1.5751263906843,6.73346735999758,6.51209534390506,1.22211264197722,6.57809188858919,6.17897255004761,1.6951464505088,6.39943892396204,5.874581817534,1.7049127210867,6.67954868753392,5.76363304187224,1.7974421809022,1.67344237354837,6.89377747103503,1.13043315677392,4.42387352958043,6.34602936232225,1.35934679652468,5.1122833701717,6.26761059931488,1.42088632630973,5.77549143529772,6.0714363847048,1.5434665764538,7.42592224184828,5.60542951298705,1.97765993691496,8.42963412581435,5.51535192332108,2.12168489815109,9.84361388087896,5.33918074794078,2.3276231526231,12.0394217959154,5.38340762220809,2.35618471284653,12.8864017064479,5.49939937308449,2.29890308777737,13.7303569923609,5.71103406542008,2.06991613563935
2.50575612271912,8.01725661413574,0.882117467817377,2.82088524939712,7.84017191572121,0.964338754451219,3.07954557368473,7.75392199548588,0.991870395549483,3.53535452234477,7.43114623080805,0.810184247510141,3.53800475434496,6.91247331357935,1.24466246035382,3.49785665507385,6.39224019890729,1.28772426191942,3.71162905414385,6.39617396803232,1.3099415648808,6.40944194123772,6.78032195518302,1.73197876023107,6.78517831189962,6.80375641970645,1.63439395869175,7.12284021395963,6.72908179350645,1.57443595595029,6.73067101890671,6.50947431101193,1.224561940653,6.57556330970129,6.1810255251106,1.69415513003185,6.39883001259751,5.87740022301431,1.70333163094563,6.67886908067084,5.76599827288492,1.79704288913939,1.66904213544093,6.89596421983663,1.12395462343337,4.42207779399741,6.3483631269072,1.35735385413512,5.11198571034221,6.26946565104422,1.41954920907203,5.77471783718269,6.0711863899209,1.54306597618173,7.57446650098562,5.55267924458026,2.02152011468783,8.42515230286203,5.51339608789,2.12128865478291,9.32143123033549,5.48152292058156,2.20373110279188,12.0713345972378,5.3749156986283,2.35911276597699,12.881628877977,5.49697670645703,2.29662442711221,13.7244442636109,5.71266977653687,2.06911615993234
2.50631490906415,8.01769629515721,0.883163632460536,2.82119311562943,7.84130261188817,0.964974309560953,3.08090114794047,7.7545655574084,0.992153594000307,3.53697539536835,7.43255975313899,0.807828296337568,3.53263323064399,6.9081940270963,1.24331504977293,3.49040706900408,6.3920477056239,1.28563344762228,3.70534723140184,6.39551609671067,1.30944490761815,6.40753986773639,6.77922880917888,1.73231160754751,6.78592617978015,6.80404078182486,1.63282749796769,7.12292338764593,6.72996942501245,1.57365976804514,6.72956977663063,6.51295045140429,1.22298687634945,6.5690664547722,6.18255301232625,1.69283967669253,6.39200649341146,5.88112676262024,1.70065722600265,6.67326267047059,5.76982802387228,1.7921756428079,1.66493948448724,6.90067294193292,1.11810677101645,4.41380307750948,6.34769468233498,1.35745103602211,5.10433090260794,6.26975829174759,1.41967021753543,5.76948613733675,6.06235439518302,1.54914641018085,7.5695840677848,5.55116092547603,2.02333165068533,8.40658224792188,5.51385097505881,2.12168420764227,9.28397880180821,5.47355373880369,2.20529196913281,11.9974258130556,5.35805835076756,2.3688855257157,12.8748814881551,5.48939142923427,2.29063330906369,13.7173235434786,5.71375861633892,2.06972660984119
2.50689520036829,8.0167726122657,0.883197538794984,2.82129161514557,7.84010730739344,0.964405982352473,3.08043794191537,7.75485437797989,0.992340891265225,3.53659461643335,7.43493959956801,0.807825779190721,3.5291833643536,6.90842828152404,1.24156165119174,3.48806651820597,6.39321262079039,1.28607910353269,3.70022473939209,6.39472819754794,1.31027774587277,6.41033633944816,6.78033125854237,1.73109956350067,6.78610652263323,6.80525458109336,1.63271268385811,7.12290514250906,6.72929220749809,1.57308276028038,6.72736863733028,6.51199431898535,1.22472968745909,6.56337260851266,6.18403215094914,1.69210963299604,6.3849488579152,5.88305446107685,1.69888310954929,6.66641615898065,5.77282502048286,1.79082368054537,1.65967015927504,6.90222121211453,1.11452672395298,4.40627143292902,6.34784864182545,1.35866551811035,5.09720471275219,6.27281663369641,1.41794012940657,5.75967703287784,6.0752304063334,1.53908683910742,7.56875081088181,5.54843612072224,2.02634096287402,8.39619038404816,5.51375921933762,2.122160724978,9.2679315246181,5.4719712708028,2.2034923531753,12.0023777296965,5.3583934914589,2.37032909495952,12.8905204878288,5.50153939809493,2.29511681207221,13.7119349350764,5.71545389786994,2.07073209499495
2.50794754647066,8.01720008167637,0.883382311455049,2.82190533556846,7.8392154016439,0.964468483381456,3.08199699294398,7.75439732989852,0.993479414607021,3.53562256671057,7.43782557712238,0.809394878990867,3.52265931141506,6.90884781355015,1.23874496141205,3.48292358113194,6.39540139963268,1.2857617481313,3.69583360951501,6.39647808871773,1.31079508609872,6.41537670298367,6.77719943759481,1.7249686217513,6.78775417465226,6.80635910212178,1.63293977694643,7.12284044846198,6.73178101246884,1.57224662814082,6.72551849674678,6.51466173617926,1.22696862378551,6.55798443191807,6.18563357045597,1.68953220953108,6.38164216595207,5.88393297316183,1.69975608633177,6.66118672587711,5.77199595761143,1.79210968135992,1.65449258918177,6.90828644515424,1.10825093557044,4.39188112594533,6.35656581605303,1.3527650106057,5.09222975321326,6.27361154521,1.4162009740425,5.75676517254972,6.07639746709695,1.53805938506031,7.56838873840778,5.54526590838627,2.02905793169458,8.39378547770924,5.51878729396022,2.11929887764895,9.8991230007003,5.62358557794929,2.14266553501549,11.9843116534723,5.35983250531994,2.37095834740772,12.8672408066465,5.49483164654115,2.28934033802303,13.7064628882644,5.71796250117238,2.07067719683248
2.50880507245562,8.01850387871692,0.884945815597114,2.82269501539142,7.8398163002215,0.965490666862231,3.08307456952012,7.75609566581136,0.994273041051473,3.53651935800555,7.4411467907514,0.811284024637714,3.51984601307017,6.908610442044,1.23857310990661,3.47780296229493,6.39606012588865,1.28600924382326,3.69146731527778,6.39704236946648,1.31011692183469,6.412906052204,6.7775004740102,1.72850318208329,6.7873522276177,6.80838635918883,1.63372684673184,7.12183686635439,6.72952639068545,1.57133081782058,6.72262786841253,6.51331046249909,1.22892599296941,6.55005753078612,6.18940978679322,1.68861343466295,6.3758212460968,5.88424539686723,1.70126369323571,6.6558619001468,5.77192082094547,1.79385919728333,1.64968253951673,6.91017657388605,1.10468455991612,4.38809302134224,6.35733016408704,1.35284706444134,5.08810589177253,6.27349869683781,1.41697922239875,5.7530596805873,6.07578124242966,1.53991643451037,7.60334049449824,5.5345754974984,2.04033997250778,8.38799948408634,5.51925965743362,2.11945329711526,9.22112658320122,5.48820951144169,2.19296188772785,11.9781205114406,5.3584837209081,2.37102340031983,12.8476420379224,5.49286656383672,2.29067505085625,13.6996496750428,5.72098428766572,2.07171092079862
2.51023299120696,8.02039346619957,0.885363738010915,2.82380013884736,7.8393951238145,0.964418580392769,3.08355119895235,7.7564711154826,0.994406589143782,3.53448652933805,7.44358800294832,0.81197865852988,3.51645082432828,6.91190993860167,1.23896468510702,3.4721051872196,6.39924805339227,1.28469046904229,3.67360537614792,6.39534736237136,1.30596447388652,6.41479463102885,6.77648867880936,1.72884694965176,6.78772259064369,6.80808715875689,1.63496175051815,7.12224745952318,6.72873735838113,1.57021408703972,6.72169483541445,6.51497505824775,1.23210355561922,6.54307561931448,6.1905221597425,1.68883060517378,6.36932091839907,5.88521459877315,1.7013592866038,6.6471608720029,5.77569807443418,1.7933417889254,1.64481878565369,6.90993131625972,1.10281103908074,4.38457021661466,6.35844489124843,1.35215957720564,5.08349466163555,6.27515692779811,1.41555031347141,5.7474181670759,6.07760964193993,1.53956301078147,7.42815183936407,5.59739555860132,1.98681470906702,8.35672985357833,5.51670950019833,2.11903713451535,9.20378613021387,5.48528988528515,2.19219269295516,11.951517903958,5.36550961815806,2.3629890141966,12.8451122127329,5.49569419717933,2.29135207922248,13.6924708844667,5.72138608658282,2.07302719426229
2.51059714228171,8.01992144819566,0.88400871848333,2.82508246109446,7.83862394332564,0.963499489899285,3.08469831041828,7.75574615917483,0.992241014086186,3.53284495630715,7.44689182078074,0.81003703762175,3.51421448895766,6.91227218822996,1.23715076738123,3.467430095628,6.40085845875146,1.28442201924234,3.66775114496911,6.39723721816554,1.30414994235983,6.41283082774974,6.77661875789815,1.72914247218959,6.78756086808496,6.80876891276069,1.63300249889659,7.12020498951747,6.73082226209617,1.56761875209414,6.72047362735924,6.5172136871149,1.2315050204666,6.53790717477326,6.19153617238209,1.69014369881811,6.36166515527564,5.88642174797266,1.70016155117074,6.64215320926716,5.77628575084858,1.79431785626325,1.63796909580277,6.91529471189365,1.09842373902055,4.38318769833887,6.35980068045583,1.35254885875888,5.08125230122051,6.27441139131759,1.41670541211529,5.7437690114287,6.08037770938807,1.53745711752877,7.42506946948258,5.59453725927148,1.99069080351035,8.35162798594122,5.51547034439354,2.1191339970191,9.21327230173014,5.4853290600182,2.19389102292948,11.9438090670971,5.36890330464186,2.36091201801162,12.8509121021882,5.49977940396045,2.28930771693947,13.6851519803999,5.72337687158459,2.07360134805396
2.51248640372671,8.02093318190365,0.884605366665898,2.82602976439667,7.83822976144179,0.961792875219873,3.0864059678606,7.75532703246868,0.989342468718822,3.53104701765242,7.44439497569975,0.805931374249055,3.50769197530677,6.91425244417015,1.23481053018191,3.46198246918709,6.40268692870792,1.28338882709243,3.66629946922364,6.4034232669091,1.30123273226019,6.4127530956567,6.77692478030347,1.73039701897046,6.7875746927587,6.81023073085493,1.6320445280395,7.1197830909181,6.73001949844553,1.56637678091353,6.71808316404398,6.51755982965801,1.23201255177352,6.53200068535963,6.19343100381356,1.68947178838974,6.354937413708,5.89041587687981,1.69763321485376,6.6313426480026,5.77916240674211,1.79042205873709,1.63345090905241,6.91135140183696,1.09591346966255,4.37625665210383,6.36240966820756,1.34969551600447,5.07247254877145,6.26640630371056,1.42118967753088,5.73951355767591,6.08268911486754,1.53558850193761,7.42066758944971,5.59530122245531,1.98951877320424,8.34512006491888,5.51309934580132,2.12035473386471,9.2037240405836,5.48451855924677,2.19341135489237,11.9563453632704,5.37342507711882,2.35739077395075,12.837270164431,5.4974094501902,2.28683668395204,13.678659309742,5.72210689533949,2.07135315058819
2.51165076829146,8.02154590030696,0.884061275298924,2.82751226577711,7.83722062658585,0.960036333342167,3.08722919975196,7.75356966139228,0.987737093010409,3.53193131331102,7.44343887460168,0.803768875047381,3.50393153960258,6.91450303761445,1.23117484376519,3.45757522141971,6.40436744676693,1.28138767230222,3.66096907984016,6.40064714041867,1.30273107190284,6.41719427998344,6.77887533580267,1.72996720393798,6.78865271520555,6.81143980676774,1.63108654831585,7.11923324847696,6.73030421395913,1.56395614638306,6.71657747931648,6.51781325387958,1.23272869877825,6.52634857108201,6.19242615994158,1.69031579842299,6.34995496101261,5.88769050678368,1.69952204882844,6.62816600339023,5.77607711363907,1.79277607495292,1.62618065310559,6.9111902870207,1.09485124164975,4.37183614700849,6.3612349393791,1.35080365353377,5.06676913150244,6.26515542462733,1.42157663070833,5.73426419051694,6.07987759447739,1.53692068818203,7.58391784526629,5.53747867940618,2.03997323358437,8.3433032508596,5.51257151152149,2.11949401482734,9.20234843653854,5.48313032510352,2.19310437260809,11.9499563266189,5.37407287650377,2.35271727503545,12.9705568177044,5.53439971634617,2.26861278049313,13.6721154561393,5.7225688347818,2.06905221127839
2.51233621888668,8.0222068887284,0.884608671162772,2.82745934440745,7.83689816978263,0.959798641927374,3.08668212634975,7.75398895695284,0.989749284916208,3.5309173471226,7.44359127828565,0.805688847183129,3.50090723526831,6.91473711056249,1.23332958213666,3.45293122356078,6.40613518424052,1.27976767555937,3.65859501131388,6.40275757012489,1.30225718611927,6.41913221465526,6.77871711066123,1.73198795140864,6.78904646082334,6.81114124749131,1.63095500976751,7.1182175509896,6.73060726449804,1.56355556006849,6.71659872734176,6.51690317603445,1.23301918230753,6.52815768336199,6.19475635290507,1.69005749820184,6.3461945081833,5.89248639899393,1.69745641875548,6.62317301582916,5.77547726822793,1.79316156549766,1.61985950634237,6.90728845764114,1.09832176099874,4.36908888400755,6.36013859323009,1.35134332638152,5.06231198830557,6.26473202696544,1.42163199653446,5.72850005386315,6.07896398430072,1.53631990210528,7.58120654656502,5.53549162003765,2.042062611162,8.35228787003603,5.51155897005384,2.11982305593228,9.8301637166172,5.6295638698,2.13826759235405,11.9005141613308,5.36569826842752,2.36172706392004,12.8333581518643,5.50322083883106,2.28486048254338,13.6702512870317,5.72647556736291,2.06647716506645
2.50978983089167,8.0223181269163,0.88508236993435,2.82757625012848,7.83636082836331,0.959916874147764,3.0854179173479,7.75447127886429,0.991525868090641,3.52757193426094,7.44558705018724,0.807761719830552,3.49764663824785,6.91479105788372,1.23410077939982,3.44827178685657,6.4066839816643,1.28121178077007,3.65456782440834,6.40319803537687,1.30289956830536,6.41860168333324,6.77954337137409,1.73380910708145,6.78785158068864,6.81188752089975,1.63025060471344,7.11707560976195,6.73026552316311,1.56419725162686,6.71351429662977,6.51619152969243,1.23366193762559,6.52349416900053,6.19422568354635,1.69042864885998,6.3407485910606,5.88986229066616,1.70032443331111,6.61809675034273,5.77460468527043,1.79553566750795,1.61276175492217,6.90613329703772,1.101896356529,4.35972591617165,6.35973462850333,1.35133152371597,5.05394585426645,6.26647878287528,1.4212577262477,5.72085623174214,6.0796930227359,1.53586034437644,7.57014299689248,5.53222788059854,2.04493316196711,8.34057279348194,5.51538049339069,2.12920523283596,9.827236084351,5.62639088296028,2.13964701973657,11.9704708056704,5.3634132104606,2.36304815948141,12.8215794917952,5.50165335037149,2.28982479979382,13.6658687367853,5.72859160095997,2.0652182034019
2.51062353494139,8.02424302483947,0.885729674721985,2.82827439117107,7.83795186345001,0.960411744099821,3.08704805718027,7.75524860034039,0.99139973340376,3.52781344229067,7.44631689301163,0.80891889885398,3.49452195011553,6.91360882491269,1.23538126817959,3.44238299574912,6.407208966538,1.28443163764145,3.65408622466545,6.40399897715141,1.30379074261331,6.42261467442729,6.78046787738789,1.73352640120311,6.78838516210639,6.81322111769176,1.63124192404286,7.11569198481842,6.73159854155365,1.56450205398494,6.71360273908253,6.51557353159684,1.23640404510379,6.52154267134491,6.19523476858815,1.69131547873567,6.33963983755641,5.88722461156691,1.70283668711936,6.61786834644532,5.77392902601311,1.7975161203155,1.6069649110781,6.8992561078818,1.106886440085,4.36035795369268,6.35862866610138,1.35231389072747,5.05535873163912,6.26744497171446,1.42088224763055,5.7208144679525,6.07960439282341,1.53707688160403,7.56330126191872,5.52897515458726,2.04740335265697,8.34784920682943,5.51426493719198,2.13143814474817,9.86480379095377,5.6176435912921,2.14564106977388,11.8957698032211,5.36684111601772,2.3641782686755,12.810279847716,5.5023363624117,2.29016670956205,13.664975164869,5.73060390561383,2.06480511672349
2.51110084400067,8.02425693644003,0.886567256677272,2.82865446241105,7.83934292325426,0.960903556822705,3.08697733920702,7.75556060161058,0.99246857388085,3.52833363664658,7.44509074574852,0.807472155249825,3.4892143783285,6.91270575742558,1.23524331355997,3.43475474455466,6.40737459417419,1.28745430759016,3.64682379865702,6.40344381860992,1.30499765204055,6.41901898526968,6.78195057727157,1.73498646959316,6.78852742285403,6.81371299996585,1.63132637903183,7.11499970509667,6.73211216175157,1.56286040833965,6.71209883452656,6.51256050059298,1.24027079184476,6.51953008916689,6.1942220785819,1.69343803299386,6.33977649822225,5.88576037904846,1.70466524530161,6.61849616907231,5.77360450528957,1.80023677528004,1.60102167057386,6.88946577385447,1.11559283626818,4.35368085541409,6.35800187572652,1.35381064796064,5.05271158770498,6.26750740431014,1.4215887104209,5.72066279221182,6.07924026340597,1.53798055131144,7.56277565591184,5.52930825837289,2.04950701842621,8.34618835347851,5.51718659152916,2.13188138761145,9.8556319438838,5.61628580647499,2.14723005232666,11.8887473667261,5.3686062424436,2.36299745051411,12.8216647659632,5.50793624883384,2.28426694056167,13.6603929066889,5.73380260309595,2.06496986871483
2.51117702294457,8.02558436905013,0.886911094852855,2.83101320981517,7.83987331136479,0.961746686184242,3.09005338486921,7.75487206235315,0.992462932752294,3.52790520623827,7.44313664448695,0.806640407596607,3.48830182938495,6.91428239838138,1.23627406563676,3.44173870044486,6.40375667055688,1.28127338345451,3.65081772902708,6.40441581531741,1.30647523478927,6.4203970232617,6.78397373811871,1.73442412379887,6.78864951644817,6.81512500314052,1.63215500404838,7.11457695343088,6.73175232442506,1.5657728530185,6.71375265113073,6.51288090101669,1.24012872714274,6.51566388918373,6.19456910900468,1.69356861990265,6.334281740195,5.88576288298448,1.70556795614,6.61153320555844,5.7738754724849,1.80008662128241,1.59538789594106,6.87264549078244,1.12904563502136,4.35468469477696,6.35953353578606,1.3534230573085,5.05168335380677,6.26847683243245,1.42132695162744,5.71723841050178,6.08027986969022,1.53779699250009,7.54091813557318,5.51922576893762,2.05451311746256,8.34121054312468,5.51456874724244,2.13211106656697,9.65992070716098,5.35870484094104,2.29534635133589,11.8937479052573,5.37234131945505,2.36628547395445,12.8148994978465,5.50886527889638,2.28458350778732,13.6547524763541,5.73555197034676,2.06478104164722
2.51309796387664,8.02682145468284,0.888699242336691,2.8324341761779,7.84016005487616,0.961443605899241,3.09049634759271,7.7540380632418,0.990804388690018,3.52985853186624,7.44299009837763,0.806806619735918,3.48874885852349,6.91383558894918,1.2349194451305,3.44578257990078,6.40476682383515,1.28319080214222,3.65252593308766,6.40574117157508,1.30818425222203,6.42070558402243,6.78459602516592,1.73435303110491,6.78973481259203,6.81489979080313,1.63187950666811,7.11446569361658,6.73116573123207,1.56395647082468,6.71237113383352,6.51435449712362,1.23980151195737,6.51243543760639,6.19448437285287,1.69477330419605,6.33243195752228,5.88321998744845,1.70809950085231,6.60972490572742,5.77264517229488,1.80394015820909,1.59180323728863,6.86878222395828,1.13247269545289,4.35698766122986,6.3631900094883,1.35182236002371,5.05333358815996,6.26923838157417,1.42148669834643,5.71817234995418,6.08081615779954,1.53893594650833,7.54739586483405,5.5265572270886,2.04911792782935,8.33331001234175,5.51393420304374,2.13007807082125,9.65206160535472,5.36046256733813,2.29341480510128,11.8847082571441,5.36978746053087,2.36325612050278,12.8060010054537,5.50896600838224,2.28910717453033,13.6481909792334,5.73894403641233,2.06569025652025
2.51154552670723,8.02657565839864,0.887931766381095,2.83283578381417,7.84060297500062,0.962515370300385,3.09169866087968,7.75384610174454,0.99090545744883,3.53078976552695,7.44092134970891,0.803863486250135,3.48310747142095,6.91103848282593,1.23393841075519,3.4386979721829,6.40468975440065,1.28421453279928,3.64642314253614,6.40548839059228,1.30739755381461,6.42075010500752,6.78487933469071,1.73370295095055,6.78901054564341,6.81487795174864,1.63156578639899,7.11378555234161,6.73146975890532,1.56323944372022,6.71180529783472,6.51618848836352,1.23835391684593,6.50989201788172,6.19550522312357,1.69325352719221,6.32690102276184,5.88622133746023,1.70585766244794,6.60398603873113,5.77383270474748,1.8025501267978,1.58533646093436,6.86334644561618,1.13454515930531,4.35081543214405,6.36318382010209,1.35264301984801,5.04704581315022,6.27034570153657,1.42057674472354,5.71119169106881,6.08217125169077,1.53618262106311,7.54537820009421,5.52688996184158,2.04927316063017,8.33652358364261,5.51494189715548,2.13163902210016,9.65149251373509,5.35992846561845,2.29354234273404,11.8855661405549,5.37107888546146,2.3601240714773,12.796437608456,5.50715023948342,2.28751492065723,13.6451284663166,5.73825817446298,2.06513961416822
