"Finger_X","Finger_Y","Finger_Z","Metacarpal_X","Metacarpal_Y","Metacarpal_Z","Wrist_X","Wrist_Y","Wrist_Z","Elbow_X","Elbow_Y","Elbow_Z","Shoulder_X","Shoulder_Y","Shoulder_Z","Pec_A_X","Pec_A_Y","Pec_A_Z","Pec_P_X","Pec_P_Y","Pec_P_Z","Toe_X","Toe_Y","Toe_Z","Metatarsal_X","Metatarsal_Y","Metatarsal_Z","Ankle_X","Ankle_Y","Ankle_Z","Knee_X","Knee_Y","Knee_Z","Hip_X","Hip_Y","Hip_Z","Pel_A_X","Pel_A_Y","Pel_A_Z","Pel_P_X","Pel_P_Y","Pel_P_Z","Snout_X","Snout_Y","Snout_Z","Mid_1_X","Mid_1_Y","Mid_1_Z","Mid_2_X","Mid_2_Y","Mid_2_Z","Mid_3_X","Mid_3_Y","Mid_3_Z","Tail_1_X","Tail_1_Y","Tail_1_Z","Tail_2_X","Tail_2_Y","Tail_2_Z","Tail_3_X","Tail_3_Y","Tail_3_Z","Tail_4_X","Tail_4_Y","Tail_4_Z","Tail_5_X","Tail_5_Y","Tail_5_Z","Tail_6_X","Tail_6_Y","Tail_6_Z"
4.35832601356075,7.16137643016919,1.37340717089678,4.56141584963069,7.06607251597546,1.38182099838661,4.60734388182589,6.93107427620511,1.30950922466287,4.21376465834062,6.8544682171629,1.15282841428809,3.79335310790912,6.71403031167355,1.33839767175527,3.49199638545189,6.35909789480562,1.22667498009588,3.62409552275739,6.30481888676102,1.27510850847185,4.54161539931301,6.65351142293635,1.3785138572594,4.83190617248284,6.64635866796963,1.41903044324225,5.1335289318296,6.56775534073246,1.44832992533842,5.4642987184976,6.23252813865288,1.42979348008128,5.83765833665289,6.05579918692827,1.63022325561386,5.83064114262517,5.70261116396323,1.61257423871619,6.08285793963125,5.74795009298189,1.63140114910341,2.00298877748581,6.90236077549251,1.34623648598026,4.10355832020757,6.05978356085681,1.37905987710207,4.64128332166635,5.84019973614735,1.48709845129438,5.25140145506499,5.67536939916315,1.58274767957498,6.79325960782676,5.71381555123567,1.69112772724059,7.51994296448366,5.57429069367781,1.82732763917034,8.09777694896846,5.49041754277407,1.94768800406145,8.71434153590265,5.45813479676255,2.1569390796989,9.43000393393474,5.33781719880879,2.16537822885595,9.94239471244675,5.39640583426341,1.93309017671783
4.36292760301575,7.16778023362744,1.36975094114183,4.56034957582822,7.07342095561027,1.37642304066596,4.59928037162547,6.9350822952324,1.31383861617892,4.21146676606459,6.85687874713982,1.15180957236883,3.78934298252825,6.71584919343828,1.3392061540119,3.49026695855293,6.35966379801143,1.22638850116105,3.62114163756595,6.30508602193834,1.27396903354671,4.51542389497504,6.67568346827596,1.38688798691217,4.81160208702018,6.65533522787655,1.43526690391853,5.10808312854503,6.58611898136133,1.48270176028939,5.46367787634358,6.23643206991931,1.43257550601229,5.82905836387084,6.04624380909738,1.63801019204157,5.82614287443693,5.69972635440895,1.61292197284252,6.08010636383584,5.74476354036267,1.63142894402843,2.0023657552373,6.9051326895279,1.34821571691676,4.09903096658242,6.05884575071385,1.37680240623833,4.63578954258265,5.84095465055966,1.48428284689267,5.24403639779708,5.67902349063545,1.57862522189447,6.7934876684325,5.71186036231017,1.69124693043068,7.50746308130357,5.57552783275333,1.82490304242457,8.09540159895579,5.49354561688117,1.94553582283117,8.71220901741026,5.46046559583287,2.15579797461295,9.42739203718565,5.33833287314708,2.16515539433617,9.93788825826239,5.3910448385238,1.9341353708534
4.35878819362529,7.16962494840345,1.37065570841329,4.55647825636821,7.07617653232686,1.38036509850864,4.59874673292019,6.93016412004418,1.3149228199213,4.21405743110036,6.85743701703843,1.15559051786577,3.78980146586739,6.71438792459482,1.33608704539138,3.49010902839745,6.35973145880349,1.22536884174933,3.61890616521145,6.30584183181709,1.27327349749074,4.51382035586717,6.6858254834549,1.39131363673652,4.80172190867707,6.66768203557034,1.45417546116104,5.09985362694488,6.60296680448273,1.50702579164977,5.444664264105,6.25000541967615,1.44842607884863,5.81946493154004,6.0511785094376,1.63676951683566,5.81324151466046,5.70463129105704,1.61059418308806,6.07186272265981,5.74552558321688,1.62633132635629,2.00146874469982,6.90853000575508,1.35053906386845,4.09332745161358,6.05299924439174,1.37982800929796,4.62147839701737,5.8446424747471,1.48302009877034,5.23605750699647,5.68189738900007,1.57445988023521,6.7864201949271,5.71485699528608,1.69226672607176,7.44767508164359,5.58856650222397,1.8201044366431,8.07284529192026,5.49378270151129,1.94838222075003,8.82103654870584,5.43632854840814,2.1603835654472,9.43044182513013,5.33796797152749,2.1637907051405,9.93440841587356,5.38639571181945,1.93544803344847
4.3578618892459,7.17196279226439,1.37120698549586,4.55449483035213,7.07530672709155,1.37978811510999,4.60355538070553,6.92452102598201,1.31219191381353,4.21780341018221,6.8553296368595,1.15743718491018,3.78947720904419,6.71395989938942,1.33839452071696,3.48903415659738,6.35984646366439,1.22618019846073,3.61696641576362,6.30442565850698,1.2748510729929,4.51223405262846,6.75139378414444,1.50716463176402,4.79514829469445,6.69056105125044,1.48998084531177,5.09418821829469,6.6174879867742,1.52309047047673,5.43847051942007,6.2614482798528,1.45310738736129,5.81369888906522,6.05186284367897,1.6385021044041,5.81020838190568,5.7014762188737,1.61253669116222,6.06967100668572,5.74391467577494,1.62736477341481,2.00070768304798,6.9139881734528,1.35130454874654,4.08999769686135,6.05182932509282,1.38012620594321,4.61933724936497,5.84105569659823,1.48330243935364,5.22448593218333,5.67637137562299,1.58206922544594,6.78854561573404,5.71398559787922,1.69002154344759,7.5028190745222,5.57640336103524,1.82754317387844,8.09774479062302,5.4936825229674,1.94522300929388,8.82228625589358,5.43580426499489,2.15988526618342,9.4310052597906,5.33871592345099,2.16326970722704,9.93049377900945,5.38312152772284,1.93596281873327
4.35919919394903,7.17434837575755,1.3708011474253,4.55749494418313,7.07503506425113,1.37863413523616,4.60002452008088,6.92246971909992,1.30695651978624,4.21428078499069,6.85622075921927,1.15442325401918,3.78721197498304,6.71371646495006,1.33736944472288,3.48738533226505,6.36013402797957,1.22377484277564,3.61554695003897,6.30471511756872,1.27302319495449,4.5121768686709,6.69663520137143,1.43663801623426,4.78916151664121,6.69733736632721,1.4843435702093,5.09674483100902,6.6282647493547,1.52598000452263,5.43767911144349,6.26139851526313,1.4571905888058,5.80703739412737,6.0543735019443,1.63886842032988,5.80819159938249,5.70039670274908,1.61762813563792,6.07357833219994,5.74143187141559,1.62772169154498,1.99947175405554,6.9185059893262,1.35275299751465,4.0897844282857,6.04728065057868,1.37851448220672,4.61819612390952,5.8349180437334,1.48489761801732,5.23497402710284,5.67398302615012,1.57929063104651,6.7944225524464,5.71294517869735,1.69166908736509,7.5096168536092,5.57617092733828,1.82566205698707,8.09396976013142,5.49575808312237,1.94477275011752,8.82658759567405,5.43644337408921,2.1610026313974,9.42969962832968,5.33577461851561,2.16087274658294,9.92713003597954,5.38537398480749,1.93202635239541
4.3588792681148,7.17378616174387,1.37238520798387,4.55686744134954,7.07614763196896,1.37946511960429,4.59711026064733,6.92176697164197,1.30669839267834,4.2123476328845,6.85553429845135,1.15457195384122,3.78631559930968,6.7150144428912,1.33836721012957,3.4854660258534,6.36186141258242,1.22195175737507,3.6156260398756,6.30741293886282,1.27125491617799,4.51649181860991,6.70494363783738,1.43718364743827,4.78895448305409,6.69152369928012,1.47248233576339,5.09628845245355,6.62960877384668,1.524804887825,5.43565158505341,6.26159399996404,1.45527385194039,5.80379873582158,6.05149111050103,1.63874258707047,5.807536341816,5.70119955489847,1.61648949587118,6.07298889245225,5.73946376051271,1.62710916616765,1.99910976955769,6.92157247576573,1.35262457080966,4.09318479234505,6.04789318430199,1.37683267002329,4.622067314185,5.83634651967853,1.482581421253,5.23539817574874,5.67425800065945,1.57740356916556,6.79521833975159,5.71342055733092,1.69154989820809,7.50392703338608,5.57623268645404,1.82668492218336,8.12215345711911,5.48987793964922,1.94924579357334,8.69940687673023,5.46808870206499,2.15516088974417,9.39969755961802,5.33283977700251,2.16430007539514,9.92505195813245,5.37937399134245,1.93293372140257
4.35969618928031,7.17416812299757,1.3723294776136,4.55573702725171,7.07490150957895,1.37967438528634,4.59483227078594,6.92210394215092,1.30828579385377,4.20979192130034,6.85456941185124,1.15447571361179,3.78711660019459,6.7097811537354,1.33347793323757,3.48619641370552,6.35862699083135,1.22281557894799,3.61494151700688,6.30352805577802,1.27159580922168,4.51468494088581,6.70199762461522,1.43107592244395,4.78665741598898,6.69040267626481,1.47089246346827,5.07973484658211,6.62980152779137,1.52036566298122,5.43177976119585,6.26399589531031,1.45061607126434,5.78324537999149,6.05931660836183,1.64760720107642,5.79717556544927,5.70045278649311,1.61273414039433,6.06210722882901,5.73885880297876,1.62297732550386,1.99813881419745,6.92434965765737,1.35601529151739,4.0931743751702,6.04396206257774,1.37740794443321,4.61728473925196,5.83362061960695,1.4818643499451,5.22074493378457,5.67714054011953,1.57901165788994,6.79164845063629,5.71309788588547,1.69167870451754,7.45085611434009,5.5912812123804,1.82051614961007,8.12481064995755,5.49076459608969,1.94994830817074,8.68635633507263,5.47134771284877,2.15316155257743,9.42137301157772,5.33278577769498,2.16217077020162,9.92183554575379,5.37036103971147,1.93425966495893
4.35896172516777,7.17556413700051,1.37246426204147,4.55535754424649,7.07673127982206,1.37795272956108,4.5862465107386,6.92333171079061,1.30246661165682,4.20867340196838,6.85413187081999,1.14983698785662,3.78484202719703,6.70929390248396,1.32883407059019,3.4850910270325,6.35884286735114,1.21965551724515,3.61455929636405,6.30390987935456,1.26862862629433,4.50819846195463,6.69627927074475,1.43184123661023,4.78549793450997,6.69122757124392,1.46754007251207,5.07547780425126,6.62948731653925,1.51727544151764,5.42671979886684,6.2620630592218,1.44807716963121,5.77369406412624,6.05629359096027,1.64262331528914,5.7863572265078,5.69586328605269,1.60745099594947,6.05032277225052,5.73587211082863,1.61971837700719,1.99723875942584,6.92527481674945,1.35750151083026,4.10660634768233,6.03556802380952,1.37343203123361,4.6181270938527,5.83004707032361,1.48152403151976,5.21725525325284,5.6716951640989,1.57882696185095,6.78497320884552,5.71123053051356,1.68876223346291,7.4364623117978,5.59285632753924,1.82008440625719,8.07716022319667,5.49712428341601,1.95011841529155,8.68398985288114,5.47056274897096,2.15241648758693,9.42155448003749,5.32816422249782,2.16166892299269,9.91955365421069,5.36166980297089,1.93600954662663
4.36122048560787,7.17543738069062,1.37415348825851,4.56005604070695,7.07400529153229,1.37872962884765,4.58560068557346,6.91877324180978,1.30142933574294,4.21007970116577,6.85062850466076,1.14988725233663,3.78343466811007,6.70791015653437,1.32719710423845,3.48474668548977,6.3641849608928,1.22910376322066,3.61081283631806,6.302305757938,1.26916985497322,4.51650010275984,6.70789983799886,1.44439312125337,4.79563471851656,6.7029207278844,1.48452471274096,5.08249383491438,6.63688360383282,1.5284036822145,5.42894226494191,6.26083233360262,1.44921385106997,5.77276540319333,6.05365161023264,1.64308972740694,5.78765875143459,5.69405957739713,1.60498573835329,6.04701798889745,5.73349063801318,1.61847442008521,1.99638351198327,6.92895595194136,1.35880179213396,4.10611288732311,6.03298266267538,1.37371817288526,4.62043931291138,5.82420466991171,1.47987833055425,5.21764107742162,5.66943921805978,1.5791820302887,6.7803341745686,5.71347183008737,1.69288034180882,7.43695325350339,5.58889565386471,1.81839117190577,8.07421025270585,5.49465432571911,1.94897137415453,8.81764103765762,5.43725891847137,2.16146164613654,9.3972858538541,5.32728998417476,2.16371998302549,9.91863123130945,5.3518800123723,1.94070759018858
4.3658129004658,7.1752205890311,1.37420843329071,4.56480020050679,7.06602743287269,1.37950798168641,4.58549381681102,6.91266111731673,1.30691998053515,4.20811349883866,6.84536983925039,1.14968866891102,3.78170270257421,6.70597250102655,1.33390806673471,3.48440035148181,6.36083386697187,1.22994715101373,3.61147969316955,6.298530947526,1.27001574406544,4.50502165850737,6.73245652323372,1.47105116600833,4.79977988689937,6.7228837300315,1.51709811521487,5.08953713255329,6.64591799454908,1.54727199255583,5.42541196657161,6.25953908153512,1.44583147934174,5.77279059189003,6.04913892088255,1.64063050517666,5.78539980679734,5.68612704814272,1.60607894143374,6.04477997382926,5.72774038703618,1.61695913939644,1.99651168765141,6.93057256798489,1.3599731375422,4.09021047520833,6.0390305289993,1.37817980892786,4.61961469848974,5.8206277175666,1.47689202254878,5.2207419384735,5.66352393321341,1.57846072658323,6.77774937665435,5.70852049862585,1.69008183712609,7.43884449136086,5.58511738191749,1.81735353527646,8.0973839439859,5.49112529467839,1.94714871941323,8.68604642535387,5.46932291296565,2.15417857190146,9.39279029825472,5.32489163207165,2.1649434244936,9.91947119988188,5.34404054465318,1.94342324851361
4.36750245110078,7.1764387113207,1.37264071157805,4.56632786029801,7.06607409104648,1.3769230205218,4.58756335567079,6.915734790011,1.3087719456579,4.20516118783536,6.84649490454337,1.14578668266244,3.78150032407464,6.70142957013095,1.32872535215625,3.48236958358408,6.35731113061508,1.22819867608275,3.6089843967732,6.29476134744517,1.26786162769487,4.51394274745964,6.76020355857384,1.52560696326591,4.80071062710823,6.72940602024183,1.52799863717896,5.09166026581741,6.65129650971993,1.55445590806336,5.4233358603035,6.25527107922177,1.44693127190698,5.77388069539086,6.04003972803308,1.63677344523337,5.78403995923401,5.68079395381929,1.60544329720509,6.04138296475477,5.7229299835408,1.6140114093836,1.99679413490612,6.93265892503514,1.3618717141415,4.08687950641351,6.03557275146401,1.37763911965771,4.61538057477298,5.81235220436678,1.47803137844514,5.22381628413072,5.65376524578152,1.57309729810312,6.77312280550571,5.70678127975455,1.68704509386513,7.42729347410519,5.58365774026951,1.81401622488774,8.08840000570377,5.48960471384351,1.94551642543329,8.81375179937748,5.43835007166353,2.16130315697453,9.41595512869319,5.32069167387196,2.16576786050422,9.9167335904627,5.33614849083747,1.94797944846895
4.36888600973718,7.17390337287822,1.37274927163542,4.56680406397625,7.06199609210031,1.37782415395631,4.589133223976,6.90511941802746,1.29925367385254,4.20236252864184,6.84246767200618,1.14575656691059,3.77802698480372,6.69812436893802,1.32596932618484,3.47887036708627,6.35521055213171,1.22666257190453,3.6055829186247,6.29247792877221,1.26708747999825,4.51128611855233,6.76746696415622,1.53248234004105,4.79835429314406,6.73714957322969,1.54125296652356,5.09204348422874,6.65903600582015,1.56550480435157,5.41520803529763,6.25235805780738,1.44547878567087,5.7661981112642,6.03372098767486,1.63312256239299,5.7801790185021,5.6748095917022,1.60505809274146,6.03698625404787,5.7186356634509,1.6127778207528,1.99596147306346,6.93459235154258,1.3619667019352,4.09285794030782,6.02987928559807,1.37497449454999,4.61449857338027,5.80546294238545,1.47943285268522,5.21689353892833,5.64951392443441,1.57620396873593,6.76882407331693,5.70306681515392,1.68534885083766,7.39277642753607,5.58927071815897,1.80994860987454,8.05289516711965,5.49070006915241,1.94686283310785,8.78803931369951,5.44902139585844,2.15758255349715,9.3872975949148,5.32186662802582,2.1653858524644,9.91318099578216,5.32616785926749,1.95171943276243
4.36976496756314,7.17502301195674,1.37314194681799,4.56597664748192,7.0600087585235,1.37862084664887,4.58895331907116,6.9024114348904,1.29639629224518,4.20059308670746,6.84024589793946,1.14469071324326,3.77471037706903,6.6950199402844,1.32712442933749,3.47436943562761,6.35381469627398,1.22646880199685,3.59904396284062,6.28924199336186,1.26661586312744,4.50858397589452,6.76910105209475,1.53125083621774,4.79637052162665,6.73818347215137,1.54046638745888,5.0915057277255,6.65327687953062,1.55553058966395,5.41246003687085,6.24642976306529,1.44778308677192,5.7635497858593,6.02698760206399,1.62784494959726,5.77627441755193,5.66850779098093,1.60210703853328,6.03192559809444,5.71259969508425,1.61312470448694,1.99474153761205,6.9354341954445,1.36286124853097,4.08273610799592,6.02994667558264,1.37336750651268,4.60886818691312,5.80354432526391,1.47530665079017,5.21062132325321,5.64668902640256,1.57449014924208,6.74907971406585,5.71041096739511,1.67831517061569,7.39714274779454,5.58496101037333,1.8119255751825,8.05333650322045,5.48694927686743,1.9490961062681,8.78049239438847,5.45195084330819,2.15584438665888,9.38336460095232,5.31711468668677,2.16348666536388,9.90518717117725,5.31400223360832,1.95712525946445
4.3716850955968,7.17535537241803,1.37375929570548,4.56684523960269,7.06080405433241,1.38026777355013,4.58867064109878,6.90269190161718,1.2970224117649,4.20109524838472,6.83778200026471,1.14439289275679,3.77274588487308,6.69117496290997,1.32513618016595,3.47043861812838,6.35202943665317,1.22443840688377,3.59516848780797,6.28885056722504,1.26430718201275,4.5085856857068,6.77034692816591,1.53122590620367,4.8018194275183,6.7364570007343,1.54065502618729,5.09098667158747,6.65807409614009,1.56512846066066,5.40858165952684,6.23847081972787,1.44649841373971,5.75525958567252,6.02230550319906,1.62542479829926,5.77230347862981,5.66320666932155,1.60021150680434,6.02885753590518,5.70978988774697,1.61115451541154,1.99431468044198,6.93789785821333,1.36200182549479,4.0740537589244,6.02782357934063,1.37178086710227,4.60453567037348,5.79522962022099,1.47451836460248,5.20671549627005,5.64103564460714,1.57308127578257,6.74983364148769,5.70635420566546,1.67830843769569,7.39116837705415,5.58470914548078,1.81025430947872,8.03444594881858,5.49627256519877,1.94422329310243,8.77536435694329,5.45176942543059,2.1579673301226,9.37821394626674,5.31388237979834,2.16469284608929,9.90096943230372,5.30213016123128,1.96236068934171
4.37151325118977,7.17473652494101,1.37298142292385,4.56723090615238,7.062990717197,1.37943458670599,4.58713174542417,6.90304402309714,1.29553233323686,4.20077219009124,6.83589224817176,1.14123518587765,3.77092406455852,6.68895890235901,1.32235864029212,3.46534571891519,6.35018156705278,1.22354662065617,3.58672444649826,6.28578500024613,1.2591883826503,4.5109239400857,6.7710466364863,1.53156490358545,4.79698925955151,6.73660878840432,1.5405566363177,5.08994364175991,6.65532248812828,1.56550811059466,5.4068065980612,6.23790392074719,1.44104832017637,5.74986683326002,6.01841453828138,1.61784966628531,5.77129566126197,5.65743497098353,1.59957459601696,6.0237121833455,5.70467276211852,1.60865559426703,1.99310233448541,6.94033907494162,1.36217128128685,4.06813833386171,6.02377858619454,1.37028649813031,4.60494020451451,5.78939916531824,1.47182459259845,5.21141723019177,5.62934313364427,1.56903348283102,6.74310161874176,5.70556218398899,1.67468663054679,7.37482107470119,5.58233313962521,1.80243278966833,8.01657568154744,5.49588472636797,1.93558865357206,8.75528042876354,5.45701316452109,2.15093293659547,9.38178610759034,5.31278585193443,2.16521126995547,9.89651055537764,5.29357414749601,1.96367694151328
4.37160023412071,7.1756598494542,1.37321269935685,4.56418176283611,7.06309558157806,1.38049591051438,4.58658500943351,6.90280353441472,1.29381116509506,4.19927565412974,6.83370193491341,1.14347788116209,3.76861814556074,6.68568246847013,1.32461568805356,3.46338324264961,6.34592724135503,1.22267898301254,3.59110421878265,6.2872818172169,1.2533168456937,4.50951749827669,6.77365618669783,1.52959514601676,4.79966938715414,6.73401416629808,1.54031685490886,5.08761254097219,6.65311568864544,1.56514535114012,5.40255663455765,6.23663317056273,1.43532672713305,5.74148115806281,6.011295545619,1.61401348529826,5.76962062530724,5.65239923858632,1.60077871346176,6.01938982640759,5.69931355819278,1.60548829131745,1.9920764681248,6.94183427935983,1.36233050446477,4.06502613724308,6.0193308300267,1.3685964405414,4.60742776332759,5.78459857061134,1.46727646934947,5.20084576000346,5.61744361957341,1.57118552432829,6.74339296182298,5.70131744581338,1.67243367068725,7.39116422435798,5.57844621051066,1.80621029492554,8.04212130154566,5.49423232021867,1.94399048382997,8.75708442798172,5.45525971241466,2.15260430262611,9.37653776531631,5.31158992081958,2.16820470701998,9.8916943606596,5.28378115333715,1.96460576768025
4.37045352862575,7.17420766660084,1.37263269863625,4.56468933702564,7.06283717076783,1.37929445178477,4.58358241908365,6.90207001194605,1.29132493617133,4.19511411882668,6.83093982729425,1.14141035850189,3.76413447226478,6.68226336054339,1.32449474516354,3.45778972104328,6.34364353963413,1.22269725135519,3.58298574835618,6.28425834675974,1.25257330241413,4.50925001683414,6.77537281646284,1.53501076186892,4.79891752872505,6.73362522520833,1.53985679654837,5.08563184436411,6.65103959351771,1.5666560968445,5.39736369559211,6.22944117059474,1.43377903696711,5.74127837322327,6.0060285499969,1.61431927072859,5.7657996888004,5.6469588050299,1.59677240964506,6.01746697697541,5.69404991102529,1.60190287461043,1.99137221513966,6.94483490948937,1.36214787960301,4.05382034802152,6.01461844744258,1.36575086320274,4.60063044935229,5.77606162001653,1.46756487422023,5.19527883086259,5.62033837930247,1.5752860782681,6.74777783192888,5.69712179048497,1.67196783882336,7.38319162440555,5.57792673981192,1.79915250303,8.03023266919583,5.48755427260466,1.93720431728224,8.78006418839759,5.44765249996919,2.15662489154381,9.37369225096547,5.30886626297912,2.17111433188925,9.88534007125169,5.27191231845093,1.97169557605116
4.37054953913182,7.17426463723736,1.37326359508991,4.56268273561666,7.06192366925159,1.38169879696885,4.58340584275549,6.90059281658986,1.29322659060597,4.19645544283474,6.82800934557304,1.14165917423075,3.76496124131401,6.67823180976274,1.32127736624214,3.45901552091648,6.34071898461328,1.22093540860871,3.58396614920627,6.28012258870581,1.25193418162072,4.51006647981004,6.77706399578248,1.53696092201424,4.80034071114466,6.73262674993469,1.54274237794063,5.08599499155583,6.64955484672216,1.56772847327824,5.39087244163512,6.22429923674038,1.4299262965402,5.74725821422419,5.99272001181704,1.60843222605203,5.75831386506849,5.64046935575628,1.59381264999593,6.01559783500241,5.69541995311316,1.61078293015151,1.9901924267791,6.9448247598344,1.36318288201277,4.0578682890526,6.01053832422877,1.36740466373996,4.59725921366417,5.77065527236937,1.4664582745976,5.19230833461863,5.61418792815025,1.57744621183296,6.74531015418629,5.69407110067305,1.672237284304,7.41638435898489,5.57205879494848,1.80068073992901,8.0559878698281,5.48787754027133,1.94609302143052,8.78463018861638,5.44642140761379,2.15635560076165,9.36849455380342,5.30894448956549,2.17587181978744,9.88192819550048,5.2595124635616,1.97867790514369
4.3699614006032,7.17390848085536,1.37280678657353,4.56293757470863,7.06089188521346,1.38133372899194,4.5834507743919,6.8994930834545,1.29154034196657,4.195693444071,6.82477900454105,1.13956516437307,3.76419497011409,6.67536924943041,1.32136357903181,3.45724014314102,6.33822846331128,1.22038351002634,3.58136786908942,6.27709870614389,1.2512404198153,4.5092797156841,6.77884010834101,1.54006722395479,4.79961133920349,6.73222488697063,1.54639264517384,5.08572436406566,6.64762795361285,1.57148181178806,5.38541687767212,6.21716627250642,1.43183211032929,5.74214015135577,5.9864835200699,1.60710463937403,5.75150668519694,5.63459961875989,1.59128847985265,6.01543403733436,5.69873679161223,1.609667959501,1.99172192218057,6.94649181469896,1.36593627600007,4.05592855363565,6.00758411201834,1.3662713336046,4.59467411541681,5.76604689958805,1.46573320938289,5.18629337933157,5.61287607728916,1.57486797598916,6.72551653178388,5.69418700858884,1.66920760068064,7.37309399112902,5.57641465553552,1.79620928773725,8.02762479731318,5.48931974817592,1.93533383079263,8.7515168935089,5.45641946044017,2.15054529757162,9.37924136484134,5.29931391770718,2.17913961521533,9.87873934034038,5.25142630849575,1.98373736590082
4.36999233725148,7.17389922666796,1.3756407454035,4.56385525035535,7.06017946836687,1.3771355705375,4.58591149708293,6.90137230789876,1.29260469841419,4.19548264643446,6.8246133877995,1.13756618050654,3.76137857424311,6.67335763663219,1.32243399766087,3.45263992397722,6.33747588845313,1.21968516212198,3.57710705665282,6.27539160584165,1.24970340938914,4.5083277954963,6.78274318674656,1.54739393795802,4.79511526734044,6.73925834397396,1.5559753742404,5.08775851397924,6.65049350369512,1.57890615404459,5.37982477063615,6.21125196739915,1.43003170826668,5.74387939019381,5.98489017753995,1.6033039623613,5.74864853872801,5.62908246421774,1.59375628361618,6.01162536226608,5.69209752686613,1.61204556143769,1.99111785529412,6.94783542333448,1.36604244668566,4.04601270524427,6.00341392375023,1.36133891734001,4.59208888808498,5.76477686859181,1.46473608676641,5.18084881205183,5.6074551453113,1.57624331097849,6.72645786435602,5.68895448667533,1.67179783931229,7.37646689847759,5.57475991464802,1.79987760283632,8.02554310411841,5.49056591663699,1.93674792458718,8.7815354431753,5.44693398362596,2.15886096816886,9.37687648446089,5.29870256991616,2.17997589170013,9.87579341967417,5.24859002623604,1.98301036543637
4.37115459678149,7.1734510220316,1.376707032985,4.56462378986252,7.05739249574417,1.37838672078468,4.58605023646786,6.89906833480002,1.293607915424,4.19376445464377,6.8216240889766,1.14050582160443,3.76231040703791,6.66991601785898,1.32176082837228,3.45427366347711,6.33426601509887,1.21901267224301,3.57943476851682,6.27152747446234,1.24943545802212,4.5083338206403,6.78049062891775,1.54984677689986,4.79646612383684,6.73785560495025,1.55804560734058,5.08868678513957,6.65265360244436,1.58651405192825,5.36732412602608,6.22881419830865,1.41796120704654,5.74337147342917,5.98168929367842,1.60681475838614,5.75281831477633,5.6270528376234,1.5941912546057,6.00925578899009,5.68673718252902,1.61477087431578,1.99240181584162,6.95000742774957,1.36507023170258,4.04370420161847,6.00103378270459,1.35905415112099,4.59182249865371,5.76240805483191,1.46246482049481,5.17765853429076,5.60211280357236,1.57784413947512,6.71995301706456,5.68824838924363,1.67193326766922,7.38280208580453,5.57146928390553,1.79949520561766,8.02838630749705,5.4908498418348,1.93916615797819,8.77307154002714,5.44852226405712,2.15540594449407,9.37627530626968,5.29353360840448,2.1842283437275,9.87176525125247,5.23940732432798,1.98842952974512
4.37054022938236,7.17313361307534,1.37651276402495,4.56446525299352,7.05697266669893,1.38040520083206,4.58533208583786,6.8991177926131,1.29581294250626,4.19345836616235,6.82129882127953,1.14024240126373,3.76088336183175,6.66872495986762,1.32309972281333,3.45147445297417,6.33320263938882,1.21864048103413,3.57696763059961,6.26949655309602,1.24886769057535,4.50872510264241,6.78244014604131,1.54867882550285,4.79776998020347,6.73788642444779,1.55700540098109,5.08954979117107,6.64951002413204,1.58600930895078,5.36103887276059,6.21856292534298,1.42317219174066,5.7401734223775,5.97598485093469,1.60932827316352,5.74375746716751,5.62001843307714,1.59610890640029,6.00276559521112,5.68215078471004,1.61750205912922,1.99130234820453,6.95078876889796,1.36640443314345,4.03976971207977,5.9981127009904,1.35788068880065,4.59022428203333,5.76086513175122,1.46043860770321,5.17480549146953,5.59805888214552,1.57704767265212,6.71337260956809,5.68765048613098,1.67114731419691,7.36074001985978,5.57829561011405,1.79678064350236,8.01311048707576,5.49350943647019,1.93468032687858,8.74450756479014,5.45835625654838,2.15291921481824,9.36141850097823,5.29641811170734,2.18359733450497,9.8684889294684,5.22990220577084,1.99292029306606
4.37006991299456,7.1729789120951,1.37653283982014,4.56323419086837,7.05526948448383,1.38140877900747,4.58366789408469,6.89926764980406,1.29763345788812,4.19131812586091,6.82122980199302,1.14231320283917,3.75959726388496,6.66711314567583,1.32224932609779,3.44790450935177,6.33209873343553,1.21775079448303,3.5740944737388,6.26713725469915,1.24797362935791,4.50877245656947,6.780959898164,1.5469741924543,4.80205411095609,6.73443540364708,1.55620528864964,5.08697171681314,6.64691878958234,1.58552773126869,5.35457728933241,6.21265969506188,1.42447018360353,5.73701296221383,5.97320492384884,1.6096542867398,5.74662655420853,5.61936284381858,1.59588785516693,6.00344465653705,5.67885056551594,1.62046056074789,1.99013118110207,6.95131962070275,1.36486077079755,4.03644157030831,5.995519899962,1.35635670465909,4.59052913835181,5.75784218526508,1.45939677868564,5.17330013246655,5.5954665531827,1.57607117192285,6.72103933012492,5.68513005888214,1.67520319168874,7.37115210758018,5.57507508147958,1.80064328948885,8.02293446262544,5.49404676138729,1.94056958671633,8.7714393669405,5.45024411114966,2.15701655347003,9.35751291314705,5.29056473145068,2.1839893543669,9.86457560525906,5.22355122814554,1.99876920630548
4.36869899069346,7.17345895869057,1.37625000939786,4.56021386829832,7.05567489246504,1.38255939644693,4.58128529697335,6.90072650153431,1.29869951435213,4.18926844853588,6.8189590723195,1.13958375982823,3.75726476518601,6.66463822259157,1.32005607784977,3.44662078787005,6.32966371237296,1.21459037975178,3.57599911802852,6.26467613256142,1.24778658598693,4.50899326527277,6.78040705319112,1.5452214896829,4.80205016128938,6.73390124505668,1.55649334194802,5.08707599906414,6.6459495119363,1.58584418667859,5.35153964116195,6.21172621592678,1.42462747149438,5.7327648290523,5.96958846011682,1.61001598756881,5.74346156483471,5.61444874902081,1.59712314943311,5.99891850000608,5.67769251104676,1.61943812447882,1.9886567544889,6.95181332026883,1.36452458978464,4.03583628596878,5.99183505090978,1.35419183753998,4.58959565816866,5.75538393683011,1.45908805640713,5.17072804247129,5.59152290114807,1.57587447978029,6.70777371226704,5.68750908289979,1.67128898888926,7.34105569378284,5.58385491758498,1.8028097604854,8.0044354876575,5.50518747808465,1.9353725194395,8.73086000722878,5.4619838604891,2.14901623366557,9.34541649795594,5.29275628221911,2.18306861171985,9.85585972066879,5.21597952820146,1.99997546907988
4.37356013681461,7.18269012872164,1.36883689370447,4.55883219018946,7.05467724643958,1.38358794914009,4.57773690720457,6.9001586749139,1.3029481193178,4.18313156293949,6.81653252606808,1.13698805849327,3.75331300931596,6.66435131546294,1.31936146979242,3.4409691972791,6.32516036843811,1.2160203147547,3.57019999569613,6.26397838197859,1.24425272722438,4.51249422236726,6.7795945424968,1.54203019495283,4.79917956080537,6.73810329948871,1.55747686436786,5.08807349640817,6.64660458015397,1.5883208909521,5.34974058066429,6.2049651141685,1.4268856921587,5.73131577583593,5.96386776459722,1.61528081846185,5.74238259435304,5.61230103012669,1.59827792921712,5.99869580110094,5.67217318376071,1.62316715102619,1.98758846369191,6.95500607795378,1.36392927377027,4.03033378306928,5.98969596549158,1.35166908850786,4.58507043887612,5.75083695302774,1.45970021520319,5.1669431368176,5.58766352369528,1.57516264691882,6.71437355573101,5.6862155478903,1.67163232171752,7.3630162830985,5.58174699946244,1.80149494105308,8.00689396066657,5.50766378946356,1.93664687827878,8.73313734918397,5.46170435352627,2.15155166284909,9.34791954491326,5.29094987069716,2.18485157055014,9.84965991044111,5.20681248929371,2.00150645375115
4.37139330859124,7.18232642739244,1.37045703667609,4.55788889723772,7.05110076138358,1.38211876309486,4.57543176362039,6.8975320900516,1.29647685718654,4.17934439262459,6.81633515630499,1.1352620626283,3.74911564805537,6.66383358502133,1.31754174337719,3.43828474922522,6.32346619275635,1.21263748524448,3.56825183146166,6.26176613162997,1.24331495718048,4.5165031948544,6.77658346050571,1.54680452450147,4.806758401303,6.7372431086694,1.56106576001041,5.08982237872924,6.64597669042165,1.58838735681488,5.34827127666052,6.20501725458562,1.42690853527797,5.7260148449664,5.96287373408579,1.61698377621968,5.738864020117,5.60951675856857,1.60042216409983,5.9933806095777,5.66847032621405,1.62441564990091,1.98551156903844,6.95476663193854,1.3633467772494,4.02913255814791,5.98213275361744,1.35434207320491,4.58005648316127,5.74889235323036,1.45715421569342,5.16157476398456,5.5859027946537,1.57523721163502,6.70583176019885,5.68590138786843,1.6722057254366,7.36534701344788,5.58185632622251,1.80561189017274,8.00711025829146,5.50673883617592,1.93779442643288,8.72498188224336,5.46240933449742,2.15129443021532,9.33848523972338,5.28946663186472,2.18633269558373,9.84345664516038,5.19914782514362,2.00387426114413
4.37003390817951,7.18214512901052,1.37122620970584,4.55813128529374,7.05149896564698,1.38287789391822,4.5733762610742,6.89786213331224,1.29485682964278,4.17617627179534,6.81372488048293,1.13401525727611,3.74641580250001,6.66203818691398,1.31797098924437,3.4363913430708,6.32085581311171,1.21048196329927,3.56727967765507,6.2594886296537,1.24183118937074,4.51836905332935,6.77536689214033,1.54373982375064,4.80817450183839,6.73783834323602,1.56053490220038,5.08938280715839,6.64405392141826,1.58985782421925,5.34724252459517,6.19934332476593,1.42991830005174,5.7245458562857,5.96003974043266,1.6176171123998,5.73744428515271,5.6056980362374,1.60162207748088,5.99664449111919,5.66759648144331,1.62392051579262,1.983959017996,6.95460089058661,1.36242904318996,4.0295178395218,5.97924522666514,1.35210089663975,4.58029779842242,5.74542192350916,1.45585199127307,5.16074066400744,5.58148245199482,1.57629158705896,6.69478320299717,5.68981044180235,1.66916815652817,7.35678756446909,5.58581845110235,1.80161434210698,8.0007062773198,5.50905259722853,1.93606597497519,8.7271104808485,5.46242536457022,2.15071838286992,9.32966226177117,5.28961116147506,2.18580651281687,9.83572577977526,5.18993391838999,2.00654169629064
4.36751731013706,7.18086223444651,1.37145838140213,4.5559780599987,7.04826790563308,1.38451605069411,4.57138801058283,6.89709856888118,1.29475339430347,4.17543775513089,6.81199585198058,1.13242762561122,3.74815316545736,6.65932574890294,1.3136559216152,3.43476791952891,6.31905137575874,1.20777384782348,3.56496566430467,6.2575104511555,1.2400217549613,4.52048077984712,6.77821053671476,1.54663896134885,4.81111282608032,6.73770372330574,1.56232629810053,5.09003278121596,6.63252519103389,1.5783621884548,5.34811968531758,6.19244845457677,1.42466880994218,5.7200212768157,5.95836862702353,1.61786681861408,5.73385898222031,5.60495127122885,1.60051508361689,5.9940067704335,5.66628147747228,1.62469880813602,1.98187805083487,6.95578800535604,1.36269018690698,4.02526815955713,5.97698402697673,1.35173765323713,4.57574796570391,5.74415538945241,1.45205306114246,5.15608038114995,5.57884374689254,1.5768506551738,6.69195897988269,5.68938423567758,1.66988307038769,7.33841137416994,5.58717571533846,1.80366803545748,8.00982067580948,5.51125220209322,1.94095846107529,8.72360238516883,5.46324158985463,2.15002055202544,9.32562911554922,5.28547140041512,2.1880228368865,9.83159615203483,5.18333599181909,2.00682941843457
4.36547383368509,7.1823198169648,1.37227802613807,4.55443346429789,7.04363210663534,1.38495856854056,4.56848817872477,6.8920434870496,1.29185097392934,4.17552104252073,6.80715625868929,1.13502169732919,3.74217393545353,6.65558356666568,1.31503214018963,3.43415899966805,6.3126872758728,1.20131808477489,3.56141695673359,6.25540355900471,1.2368876297206,4.51897922435183,6.78300646978246,1.55648927918666,4.80921261598465,6.7377991791392,1.56270335101241,5.09128615414096,6.63406835988638,1.58221872439184,5.34536890111879,6.19024428932355,1.42453312539929,5.71657525443846,5.95626086844136,1.6185045207937,5.73054787959569,5.60097458723027,1.60207508872319,5.98946018829937,5.6636557406093,1.62576441170407,1.97754963157766,6.95047673448846,1.36781671632604,4.02321046152204,5.97399035788165,1.35095530426189,4.57238133564782,5.73911940560182,1.45163378562718,5.1524349037464,5.5749914572256,1.57728036258825,6.67559257085262,5.69181043537793,1.66927132406801,7.32279775296055,5.59123277938597,1.79991896456937,7.99354833211698,5.51231863808734,1.94083716710679,8.70086904109264,5.46959933064578,2.149812137042,9.31758440557298,5.28400754665754,2.18533794666774,9.82548520094502,5.17707489194786,2.00898631021607
4.36336947524299,7.17936404430271,1.37471760305898,4.54790865812976,7.04430985254016,1.38849822735835,4.56257682334143,6.89163682896137,1.29165964228877,4.1720529649974,6.80161477726668,1.13274093687713,3.73926823852205,6.65315144324412,1.31557239973896,3.43118744770658,6.31131983766421,1.20243650819321,3.55614914205087,6.25238462269051,1.23495425590424,4.53744160704269,6.78926270877547,1.57317821339085,4.8252568670716,6.74162662834957,1.57380177906939,5.09508973473879,6.63239477876947,1.58473988463429,5.34336277532803,6.19092487837986,1.42498347098301,5.71020891911075,5.95641734824145,1.6180471509029,5.7233521571121,5.59885384678833,1.59932298758288,5.98473395461782,5.66657673409877,1.62283503412035,1.97636369532162,6.9542013093003,1.36625326889704,4.01590313429033,5.97377342855509,1.35009758701255,4.56488271954532,5.74127393940238,1.44075538283256,5.14670648491994,5.57110812890756,1.57919497125363,6.67552552927564,5.69269303753593,1.671434724156,7.31851462777019,5.59471068287395,1.80114529499773,7.97744526506139,5.51159228579627,1.93057207315039,8.70959789459334,5.46517250701177,2.15177339817528,9.31428494192231,5.28152990167352,2.18684264892326,9.82030471039104,5.17100826547932,2.01121002496446
4.3631332057093,7.17964651285673,1.37540450841665,4.55097526403408,7.04098851674857,1.38817437834061,4.56212996887743,6.88746212909305,1.28743097997559,4.16614270216419,6.79864259999639,1.13113040317712,3.73528597784271,6.64802169775337,1.31027576708417,3.42867741438231,6.30758304842882,1.20059871907325,3.55324220772911,6.24724047938447,1.23358525481439,4.53255394450486,6.80028103084291,1.59085447309643,4.81951501084554,6.74466240780894,1.57688706717007,5.09591596321793,6.63321846772888,1.59040416614976,5.34033761403694,6.18839265622342,1.42095987310685,5.70480660569284,5.95393737009727,1.61782860282827,5.71950444156175,5.59505447977998,1.60020942439451,5.98165253983737,5.66379609956011,1.62463084866488,1.97410744917423,6.95400426095317,1.36629146365134,4.01506377172164,5.96853407725259,1.34940665529216,4.56121205963256,5.73687699071701,1.44013673215294,5.14257324623275,5.56745838454925,1.57981992414545,6.67476762450846,5.69293917720671,1.67310511416751,7.31598099427045,5.59436960276052,1.79881607275931,7.9712218060733,5.51233858783162,1.92965696329437,8.68070432644097,5.46886136752706,2.13862400522904,9.3089645740671,5.27946402676267,2.18675725220172,9.81442291787838,5.16623887521869,2.01484448763117
4.36286039071606,7.1800461954172,1.37513552535452,4.5510449876651,7.03974290114257,1.38759678070315,4.55804408911478,6.88630565952022,1.28685088795467,4.16189711645209,6.79608379440178,1.12897902799408,3.7296467249886,6.64534451666177,1.30858579166832,3.42254574836337,6.30450800652843,1.20015191496312,3.54604242163895,6.24373275883308,1.23252167678877,4.53599981225099,6.80092649906422,1.59161130752335,4.82197436518953,6.74431404317297,1.57570499433686,5.09770287651371,6.63235771685392,1.59157979277315,5.34695378681316,6.19774445495677,1.41351388316504,5.70530331283719,5.95204330013539,1.61940534757931,5.71740979670977,5.591022553572,1.60186375717186,5.97863368753842,5.6616501938928,1.62613624713362,1.97176068832722,6.95702735229113,1.36606426538418,4.01124508319524,5.96686679839728,1.34570260620963,4.55633801718028,5.73357653139436,1.43861414351744,5.13693330993479,5.55888570636707,1.58377162735459,6.6640437722845,5.69405254880273,1.67081208257896,7.31108812654556,5.59545174327755,1.79775560348489,7.97081072712706,5.51408277822391,1.93155461981334,8.68490752982752,5.46907435438429,2.1409145384363,9.3057657882235,5.27600586999601,2.1849388689492,9.80974028579205,5.16151583185859,2.01554346245103
4.3611756581093,7.17833313387313,1.37724688177648,4.5489196913775,7.0388616934073,1.38667184184106,4.55228648053725,6.8859514495509,1.2845640668627,4.15335463755302,6.79192749197349,1.12975782131208,3.7246910821135,6.64113688227579,1.30322319095425,3.41839865400603,6.30185618084308,1.19708483915105,3.54220800961661,6.24109516033617,1.22987968269134,4.5366296379071,6.80036595323432,1.58848383467059,4.8222668735363,6.74391072951974,1.57506214714462,5.09777435966,6.63060061884122,1.58980382830483,5.3419850952596,6.1934082761475,1.40988569018088,5.70131891645632,5.95071514032174,1.61560829571189,5.71509611291324,5.58776355218753,1.60174452860749,5.97618830008485,5.65986992959154,1.62548136598663,1.96847777238588,6.95818652479525,1.36636398422516,4.00828208792771,5.96241189593184,1.34223632933619,4.54999664646286,5.7276692825959,1.43800085198423,5.1346061599866,5.55781282623776,1.56623836109959,6.66366035925755,5.69274098717028,1.67259718286328,7.30909810091134,5.59718645376787,1.80217621161112,7.96762288904462,5.51528133414096,1.93469199762859,8.67364951504026,5.47128467446924,2.13937644654169,9.29723748938202,5.27486276912544,2.1835188277657,9.8034778382063,5.15580593134989,2.01463906852908
4.36226275011013,7.17847499077922,1.37525939285044,4.55017370008558,7.03827411360906,1.3877834860909,4.55185672989267,6.88872294789777,1.28395585005329,4.14881019629391,6.78802954283468,1.12876893401768,3.71682913717576,6.63668632828702,1.30213610983049,3.40919574394126,6.29942070778692,1.19471855805367,3.53208562080998,6.23708644383883,1.2270493431702,4.53894991872474,6.8000111370302,1.59032040662677,4.82292345262175,6.74169955005699,1.57438191267828,5.09820145439122,6.63132436603331,1.59132137403682,5.33816600633577,6.19121711036441,1.40899436480809,5.69492176800784,5.94680041998632,1.61465636143042,5.70507021418442,5.58417704668629,1.59954088106648,5.96597145300996,5.65415151008282,1.6229165944954,1.96439566009091,6.95899151024846,1.36704182611182,4.00144886695939,5.9582669910957,1.338575258182,4.54283151092135,5.72908628081749,1.44103479197711,5.12715370094439,5.55414151373628,1.5639891260033,6.64882857548299,5.69065469019023,1.66280596305618,7.2879399247196,5.59991144948069,1.79665536888546,7.94592013267928,5.51874349765182,1.92858694313985,8.65281128205981,5.47641935753917,2.13802086459054,9.28156048677671,5.27725977603119,2.18275737573394,9.79601313654289,5.1442670244147,2.01985808716534
4.36404242189485,7.17897813892506,1.37570230121949,4.54999012742335,7.03849874850775,1.38551723297006,4.54721084285944,6.88960561578757,1.28444185134798,4.14537409441186,6.78529076573825,1.12725261561065,3.70857182158811,6.63555447484024,1.30106544255584,3.40009714116613,6.29663570488289,1.19117089892347,3.52523991549683,6.2332487369448,1.22411424202211,4.53939813537595,6.80331675585987,1.5915044038344,4.82160347630328,6.74272290024316,1.57452867186262,5.09658734923973,6.63033226698537,1.59187604515185,5.3285776025459,6.18861346190293,1.40485637022138,5.6860475377111,5.94153100840398,1.6117980232967,5.69634936629583,5.5817029222269,1.59850959697369,5.95801363574878,5.65227581045157,1.61873298156274,1.96089913525882,6.96248856267067,1.3640337270702,3.9976752424445,5.95847421982633,1.3312162725352,4.53743515434901,5.71777870426563,1.44239193523236,5.11631390289542,5.54353672934002,1.56806450594569,6.65729221502386,5.6902794243006,1.66469143123079,7.29060313832483,5.59770267297793,1.79706816755033,7.95008516774695,5.52194809252286,1.93057062126586,8.64321683875613,5.48521710102167,2.1332425130519,9.2759367384918,5.27265500393118,2.18079096546365,9.78621680459873,5.1347487774366,2.02234275297656
4.36368767292953,7.18068331932439,1.37493707288378,4.54704892534451,7.04013890004438,1.38274530737726,4.53759374311237,6.88839360264868,1.28283324431927,4.13912940214448,6.7819711336582,1.12127071461527,3.70211274794687,6.63361015889614,1.29611711736171,3.39436842150585,6.29192139578672,1.18635430637417,3.51897863073523,6.22999315964112,1.22100891796443,4.53949001016575,6.80260970609954,1.58891676556761,4.81973375607535,6.7432775374694,1.57422495155694,5.09596389058343,6.63100131424115,1.59334529721695,5.32450771876158,6.18725727183671,1.40391507601343,5.68229137993308,5.94131376770924,1.61151187245016,5.69261620985142,5.58049334866006,1.59807339483273,5.95444595305718,5.6512368835193,1.61929409368239,1.95458494670049,6.96321108875615,1.36475871282105,3.99043519511875,5.95701012622701,1.32784717142709,4.5312271650971,5.71186531546385,1.44174919357455,5.11251279821297,5.54161561638442,1.5650687913071,6.64126586809023,5.68730460616721,1.66608366229082,7.28353740081572,5.60133655258782,1.796990470811,7.9357351810101,5.52340171759852,1.93315214343226,8.63360810833576,5.48717300287141,2.13552115092651,9.26776261225248,5.27001556121801,2.17855395223618,9.7737389400201,5.12577328029681,2.02663971550657
4.36222876004662,7.1787488167428,1.37708923165242,4.54283616436715,7.03776864756798,1.38344717541025,4.52631406590548,6.88933406028395,1.28249799251314,4.12503717884597,6.77925684366406,1.1166398814117,3.69989405280976,6.62915062106772,1.29058074119715,3.39608634388927,6.28672825670207,1.18320354791337,3.51962447332251,6.22415369821521,1.21915695369106,4.5397613665294,6.8013337568799,1.58673390936555,4.81893132639571,6.74273624092066,1.57344394367947,5.09461973509081,6.63051847777001,1.59509840104078,5.32221104003358,6.18144007081662,1.40591662232933,5.67652166934622,5.94417594345988,1.60708597236259,5.68486349723534,5.57898473100501,1.59716634213392,5.94421594012584,5.64827178968534,1.61563243445896,1.95340081361223,6.96312400521681,1.36610283493624,3.99328660053116,5.95032241582246,1.32489164278981,4.52659260934263,5.70690492756349,1.44107915594292,5.10544717869373,5.54404336585071,1.56026919164909,6.63736499476079,5.68690872087538,1.66420032212667,7.29248177985948,5.59797515380692,1.79469772628018,7.94117736512841,5.52570439221722,1.92824914331214,8.62444149787046,5.48699319364408,2.13300491960713,9.26125074378727,5.26978162355994,2.18035313796179,9.76239001086264,5.11551453278218,2.0331937252626
4.3605040709965,7.17816166997149,1.37839915433823,4.54000508324099,7.03558602385682,1.38430387296866,4.51909759450828,6.88866618048915,1.28457625455494,4.119495328881,6.77165455310087,1.11248883790107,3.69441610000063,6.62570505734768,1.28238809215786,3.39034689844241,6.28262146549849,1.17847914041312,3.51370801792719,6.21870051843761,1.21708105312763,4.53969850704632,6.79996343873912,1.58637970330879,4.81845323683557,6.74322326339221,1.57261039141866,5.09489343659207,6.63041073630886,1.59487218158246,5.31950668832027,6.17840113054463,1.40628799119488,5.67092662891319,5.94001441323883,1.60745803789019,5.68215635578484,5.57737040000362,1.59887261366534,5.93618619526871,5.64478328504981,1.61893288804073,1.95088061797618,6.96663316075531,1.36614289304759,3.98797369496925,5.94618146448959,1.32132692885391,4.52156353134443,5.70305383324974,1.43772178404649,5.09741691640043,5.54135654132965,1.56156231649364,6.62678953859515,5.68796616755859,1.66267903105893,7.25276213339157,5.6019440406972,1.79262947735162,7.92087778954958,5.52743159523353,1.93048963499257,8.62658916842822,5.48723442766109,2.13434249874843,9.24996964970514,5.26823135500405,2.18141359093183,9.75378887603905,5.10702692494173,2.0376019891414
4.36028616752175,7.1774381221146,1.38223544421834,4.53822831700265,7.03367059525891,1.38525247735512,4.51141764377052,6.88920194763837,1.28470424624544,4.11408524920081,6.7643079170657,1.10861914517044,3.68869052398206,6.62231840004087,1.27801242298252,3.39027466701168,6.28896659221106,1.16968196670729,3.50714640390707,6.21422882621262,1.21599464490453,4.54111598347849,6.79935482777294,1.58839985538089,4.81894652781015,6.74465095315049,1.57413977596457,5.09344346734027,6.6303999812417,1.5957746211854,5.31792381300153,6.17639724857007,1.40603941856812,5.67268537615652,5.93354966363284,1.61051234709233,5.68352116889179,5.57282714070585,1.60457771706981,5.94075737449359,5.64091205734388,1.62456358153893,1.94752416053064,6.96774824918765,1.37053223339493,3.98223244374685,5.94308040274569,1.31703977126591,4.51788372312389,5.6982390530178,1.43663808371909,5.09253101758715,5.53751888638158,1.5657085595172,6.63076386724999,5.68681100609986,1.66136605808684,7.24740805713054,5.60305227183009,1.79231447578919,7.91442416439166,5.52870047020399,1.92823062354069,8.62576134152369,5.4883628944534,2.13609897326783,9.24564819165345,5.26591245134233,2.18090716264103,9.7456800318787,5.10190516571594,2.04148118757892
4.35994890513302,7.17624996890217,1.3828876787371,4.53192244650702,7.03157172933371,1.38188209603244,4.50417946012295,6.88521987803988,1.28261892753593,4.10919948963938,6.75952716394241,1.10841711707418,3.68449556861801,6.61960812301157,1.27703034693088,3.38674246622392,6.28767260463178,1.16772189294943,3.50243992164139,6.21159211728655,1.21419415218338,4.54291244762493,6.80090834351138,1.59070078452005,4.81934974775266,6.74577609517907,1.57480340648424,5.09356553992387,6.63142158279253,1.59613133375275,5.31466427723707,6.17551087800837,1.40646276079342,5.66313086843829,5.93165655571861,1.61196227361472,5.67624157568439,5.57034370353524,1.6046436711073,5.93463647481085,5.63997990627366,1.62405802846131,1.94628509334489,6.96812394794687,1.36870387569133,3.97678775953115,5.94197949931623,1.31515595420665,4.51272672248088,5.6970728970988,1.43336617737407,5.08564651656906,5.5302201208783,1.56692922901248,6.62690613202534,5.68688104173709,1.66104212391841,7.24815233184948,5.60231792442572,1.79268702408881,7.91520787501648,5.52965299710819,1.93123120602816,8.61065044614242,5.48963505082682,2.13439146557084,9.22986951241565,5.27025432008257,2.18446835001367,9.73812979924787,5.09256961525896,2.0438432525476
4.3605518091038,7.17599071296345,1.38264253332938,4.53487214537237,7.02735121872211,1.38472082312141,4.49781181985232,6.88424101489908,1.28176621406368,4.10492691433239,6.75386802434198,1.10694474118411,3.68118155351551,6.61722245878036,1.27290832959788,3.37837759457086,6.28094961489916,1.16114740098535,3.4973105824375,6.20760653219397,1.2129718064603,4.54425428007953,6.80108600165873,1.58934849682598,4.8200614221721,6.74633423673132,1.57327567055756,5.09399079504706,6.63073133089988,1.59661065161965,5.31015826628084,6.17450706825712,1.40491043642669,5.65652136752447,5.92927177261503,1.61169484618256,5.66883190613285,5.56838330353476,1.60433654481942,5.92221730160365,5.63905335212286,1.6214561932767,1.94285742182446,6.96817790823438,1.37133801552317,3.97057672313872,5.93839460537435,1.31145378888415,4.5044409713412,5.69433864665682,1.43068780390175,5.07753977820283,5.52487883626219,1.56757570978173,6.61877226103941,5.68644421076314,1.65828795494793,7.23594123713047,5.60396566231725,1.79110041950304,7.90655472354648,5.52878941776893,1.93133192699083,8.58940033396739,5.48776758882529,2.11771604784263,9.21793799789308,5.27251400504676,2.1813221525527,9.72920271833232,5.08532641422801,2.04191262010671
4.36016802880491,7.17495806476184,1.38139605847639,4.53284538933573,7.02454590964045,1.38489285816484,4.49064731045121,6.87978245194662,1.27986164288072,4.10064587121524,6.74792489737502,1.10368053546425,3.67798116091655,6.61472771631238,1.2674740411408,3.37885041575679,6.28420516417526,1.1621172358494,3.49671364058141,6.20778332144926,1.20920639749912,4.5459368635853,6.80183324497915,1.58891927776856,4.81968005338919,6.74571138924038,1.57321600953703,5.0919112496629,6.63160019708489,1.59735102792199,5.30316855086145,6.17875976306084,1.40592237060183,5.64888552516181,5.92887937184983,1.61589379065472,5.65961295901931,5.56443650356572,1.60282956026944,5.91548739286503,5.63617888057903,1.62130954708394,1.93918869756485,6.96927033010344,1.37206486347816,3.96942629961195,5.93067792808286,1.30693509679419,4.49850133598264,5.69143035737478,1.42953068332216,5.07009801137799,5.52342986345651,1.56925906216763,6.61145096631248,5.68549232765481,1.65737857740681,7.23488400150857,5.60362437498633,1.79214084132776,7.89250376837935,5.5352649591832,1.9291879065785,8.57867909204784,5.48844132968109,2.11699119036364,9.20230624979556,5.27210467158103,2.17860753982947,9.72335271511405,5.07813425053221,2.04482602094155
4.36137352523583,7.16964144877917,1.37882448304598,4.52943978474001,7.02037428205496,1.38142703283602,4.48879334285294,6.86968992939847,1.27224439936684,4.09797972421765,6.74116452057006,1.09180939907509,3.67500976388198,6.60943312403659,1.26500979199594,3.3781462061878,6.27769555296745,1.16246879562111,3.49671017174277,6.2017037376121,1.20833088456143,4.55008786974461,6.80257219460946,1.59237222051986,4.82103970494999,6.74661719661597,1.5729818726761,5.0927031281142,6.63244053171059,1.59751682850591,5.30059671940915,6.18069823589468,1.4039008232182,5.64325541243751,5.92697957651443,1.61601519741827,5.65168003708205,5.56148966371171,1.60080209742691,5.90874245882405,5.63552150387058,1.62172543220897,1.93600690201833,6.97064848685104,1.37253905211017,3.97090900479833,5.92922506183284,1.30787975388116,4.49770514580792,5.68717413273459,1.43010208837329,5.06821205964847,5.52196449455557,1.56801249020313,6.60092413622216,5.68560911986737,1.65743542858778,7.22965848606187,5.60624469028312,1.79095816569303,7.90709280332975,5.52946037530304,1.93419380437983,8.58969178426273,5.48743838246583,2.11925571699527,9.22643839221688,5.25769368652808,2.17867004793162,9.7121463528149,5.07249437023573,2.04431622444279
4.35888653800028,7.16711513716417,1.38158101394801,4.52360483124318,7.00860946087152,1.38060899289552,4.48153377282393,6.85799300160934,1.26616105991267,4.09208986773909,6.72918510703853,1.07839174656846,3.6696489964986,6.60305896273194,1.2610695433896,3.37429387280538,6.27452289238886,1.16017274893209,3.49247435388925,6.2000468195888,1.20513559463136,4.55418295679898,6.80570087475189,1.5963568247688,4.82179950746633,6.74592459813787,1.57169991844572,5.0929094632769,6.63137309326282,1.59551490623467,5.29578588160548,6.18369247420827,1.40356319002842,5.63543461309196,5.92663495377627,1.61583620794426,5.64460434839731,5.56097534767386,1.60052823560619,5.90872325853657,5.6381534735399,1.61875074868021,1.93234298728364,6.97407941086906,1.37108153936312,3.9698095629128,5.92538593483776,1.30942797686617,4.49486892401145,5.6844393489544,1.43033421401965,5.06301836309496,5.5242063888712,1.56545574778557,6.6046006955799,5.68514020706727,1.6588503104027,7.23013933353355,5.60555177013759,1.79242353269004,7.91013771899472,5.53334904183827,1.93353658534901,8.58143097265391,5.48838966394381,2.12004182363762,9.19224700718731,5.26797208877832,2.17092010608596,9.7028767399826,5.06235945767938,2.04769902825278
4.35562506313758,7.16838076533997,1.37921828760531,4.51749275807245,7.00271170754768,1.37449005145966,4.47294758635791,6.84975749627687,1.25686695611057,4.08335495887376,6.72029341222177,1.0672576035885,3.66421058451497,6.59650023604893,1.25427006014596,3.36404821183177,6.26806018080623,1.15052634553248,3.48717744809111,6.19678723360535,1.20184297227095,4.55371619370474,6.80683566493112,1.59552741036444,4.82177695557999,6.74655832600966,1.57075577489071,5.09283951577926,6.63158305053144,1.59699217563166,5.29136054715502,6.17985979543809,1.40179957938393,5.6293170484626,5.92419077672355,1.61884219192453,5.63776384548939,5.55882970724762,1.59926923329345,5.90072566679284,5.63785189410704,1.61925534694375,1.92680890450784,6.97645759022045,1.36927749265629,3.96748285412,5.92314304099892,1.30921813524338,4.49471839206841,5.67326893130704,1.43745984898621,5.06260102553323,5.52092244998691,1.56735644540538,6.58285249277935,5.68176088083568,1.66201543179568,7.21823467865584,5.60891026247388,1.78970802183199,7.8923664684526,5.53819702452154,1.93614228932941,8.55976115552284,5.49235678653204,2.12039404498266,9.17453759413629,5.27004320068272,2.1690895446101,9.68851051357708,5.04967900840515,2.04861854761279
4.34909617967545,7.17546325109872,1.37928991172115,4.51357920817828,7.0009645591544,1.36854216656841,4.46477620204944,6.84714789334506,1.24801913121751,4.07763731770938,6.7153406965271,1.05923280852343,3.65058239184591,6.60123480139342,1.25806632282552,3.35699896475218,6.26578523540427,1.15058986024645,3.47945732718566,6.19523324253292,1.20214716174704,4.54916556050778,6.80788815277262,1.58997565374596,4.82083807738689,6.7468182198447,1.57014462072996,5.0927911786236,6.631480313442,1.59730568207618,5.29363802846463,6.16946716783381,1.39474308084968,5.62315127732203,5.92134549933608,1.61958354471414,5.63225456709767,5.55612616380519,1.59994322847459,5.89464462227674,5.63484646415705,1.62394437806329,1.92147428363545,6.9774642977724,1.37061220558753,3.95604822303942,5.91971700350744,1.31309899377676,4.48805688894125,5.67549181288461,1.43442503399807,5.06617818041258,5.52111459912281,1.56774203434535,6.57842173157238,5.68446738056121,1.66352155130191,7.21426244590492,5.60959899373458,1.79296595619096,7.88830790902892,5.54019214204521,1.93592277691034,8.5483065204997,5.49601462030617,2.12299306951811,9.16097689488995,5.26956361642422,2.16760958990505,9.67671010071006,5.03871121569047,2.05072934795781
4.34998206346282,7.17902090617274,1.37817699463485,4.51080415993288,6.99821701376416,1.36485280937989,4.45507322318448,6.84488552271496,1.24218292450847,4.05186354578478,6.70890268773575,1.05293159750605,3.64406393988186,6.60109779315449,1.25626211784323,3.35098725416265,6.2662984667158,1.14880499752784,3.47255798709973,6.19650219357786,1.19926145430009,4.55303852222638,6.81487410369881,1.5824215322857,4.82278861353255,6.74822557609758,1.5678996100805,5.09464368938053,6.63228350475129,1.59605990026684,5.2869082044626,6.17123708093206,1.39245688419591,5.61709381974351,5.92735628960168,1.61629424276529,5.62187810024269,5.55775652214972,1.59916134602612,5.88290798472146,5.63344203885832,1.6244235636107,1.916204220604,6.97929049055761,1.36931062786406,3.94715940641297,5.92161070683402,1.31248643299473,4.48098615796456,5.6778871177492,1.43156048786837,5.05506929148712,5.52356431539359,1.56331984611749,6.55858213600293,5.68679844289071,1.65697118634955,7.19682231374231,5.61583286874592,1.78575804987507,7.86945786761913,5.54225946475336,1.93373995888568,8.53085862802964,5.50131435665229,2.12066732428464,9.14806152541806,5.271685284113,2.16559981711498,9.6663275746252,5.03144067857608,2.05319471868373
4.34862835565604,7.18054505798849,1.37589505300779,4.50845843682583,6.99241109197216,1.36382161724666,4.44898498939374,6.84310088510855,1.2405961180113,4.0335074225211,6.69465082048571,1.04928811116408,3.63879058883008,6.59927069696701,1.256397695237,3.34920559835835,6.26339468727636,1.14873288573537,3.47248806546757,6.20376038004013,1.19285389776662,4.54556039336644,6.80812350647121,1.57188495408211,4.82057781570934,6.74659029010332,1.56356904853894,5.0935556282575,6.635741258017,1.59674653602782,5.28256389084444,6.17502257225296,1.38868705791009,5.60865911660901,5.92341371708101,1.61723488454024,5.61207875728777,5.55610168628792,1.60007752497897,5.87620177057835,5.63289837900951,1.62503043548052,1.90958227526898,6.98297212629829,1.36661828142102,3.94346278937511,5.92015551330187,1.31447113555481,4.47215253743705,5.67810636907438,1.43099031589459,5.04835722642833,5.52151977617148,1.56438243701859,6.55020413321741,5.68611148710836,1.65860521776483,7.19367244495492,5.61576100860856,1.78915257858225,7.87100857357978,5.54294980512715,1.9325960052622,8.53834794260876,5.49863743693734,2.12366907523539,9.14386005170193,5.26698823060781,2.1658063703398,9.65657330422052,5.02534839609466,2.05502295791348
4.34622546814189,7.1801673336036,1.37847684024046,4.50249189302315,6.98974732733239,1.36138025024605,4.43392730268251,6.8374906998666,1.22192753946386,4.02335194160267,6.69081965793638,1.0420478527125,3.63295311002849,6.59947011935306,1.25232113555937,3.33626953388008,6.26503953376854,1.14913700130251,3.4631908013527,6.20828140317167,1.19140179308871,4.54038005977012,6.80246313813418,1.56358190605738,4.81718523052,6.74604967439786,1.5605257169547,5.09204568040809,6.63631614418768,1.59792013240507,5.27708265819401,6.17231314697394,1.38681454909199,5.60365302078644,5.92224554818803,1.61623200461001,5.6038105022746,5.56011127651651,1.60704390557166,5.86423539407832,5.63112396520274,1.62280458941683,1.90263849929729,6.99014165313209,1.36061605180678,3.93054880826993,5.92611533785136,1.31357265741733,4.46265219039529,5.68299119794543,1.42862373373809,5.03861276741733,5.5264417045964,1.57240163064316,6.54452599703157,5.68686889072085,1.65802358693834,7.18891767016567,5.61712697160645,1.78797554080675,7.87039157878156,5.54589636006586,1.93231673392998,8.5290896544265,5.5001775504034,2.12190078885454,9.13165222012823,5.26682327551639,2.16708849672992,9.64838462907305,5.01541696780507,2.06042352444776
4.34999395546133,7.17595713271115,1.37600777973691,4.49439953458971,6.98724535021625,1.35647000916176,4.40175906409331,6.82590241546862,1.22167230734891,4.01166924088213,6.68728946703353,1.03126885692988,3.6218939620435,6.60266544842665,1.25348887337221,3.32755549462839,6.2692102319687,1.14920950774514,3.45360540368434,6.21127818727351,1.19117068796152,4.53908128290848,6.80256384039091,1.56335115542189,4.81686751935247,6.74737475128514,1.56032462954204,5.09059667262804,6.63846070365731,1.59736802366752,5.27007669031931,6.17264203550927,1.38360768786875,5.59412852163465,5.92141571625012,1.61040936358335,5.60082598267337,5.55742696273328,1.60402426939042,5.85875906620756,5.62843353956693,1.61976513718778,1.89148763568316,6.99624928323331,1.35617668728894,3.92771142505496,5.93148447664915,1.3154885146014,4.44849112799224,5.68773133140496,1.43276576478231,5.03181695507001,5.52407343665339,1.57359449894519,6.54640711211626,5.68617877826518,1.65860336511791,7.1918793076768,5.61535116797733,1.78906808385465,7.87598223271423,5.54515140524903,1.9344055489555,8.53270870192871,5.49886445048198,2.12253192551968,9.12977520661931,5.26136237198381,2.16983543186693,9.63853147055294,5.00971604753529,2.0644879785826
4.34366935048337,7.18099330121844,1.37886194258237,4.48747152912873,6.98127256183731,1.34815899657401,4.38469016543913,6.82737582961712,1.213296821329,3.99815186250566,6.67928713669398,1.02616106235489,3.61384681753399,6.6045235821558,1.25235440539448,3.31965208523447,6.27413826164699,1.14901129681518,3.44720918578784,6.21640466370607,1.19220961219511,4.54022700791587,6.80305330628737,1.56968317077285,4.82007002527853,6.74837283304079,1.56175457796534,5.09112697909578,6.63859597115627,1.59615809461402,5.25864389412695,6.18535226874365,1.37417793433606,5.57794149960177,5.92444976253195,1.60747985415463,5.58555646680506,5.55692245894993,1.59947291016417,5.84303851780746,5.62773211301884,1.61720684767109,1.87862786917476,6.99847471378489,1.34908031621815,3.9203041366642,5.93384410626417,1.31719360299329,4.44459712617173,5.69400868856946,1.43372942921229,5.01520201010818,5.52635718103123,1.57153878238563,6.52448304561115,5.68264605229969,1.66033027750113,7.18308416059823,5.61380416356468,1.78745654899773,7.8683478140784,5.54274125747414,1.93252673964699,8.51760019935069,5.50158268886683,2.12105608090915,9.1192144644196,5.25955303644919,2.16770659366169,9.62796398244976,5.00751224464123,2.06725336997446
4.34645495582597,7.17658172040156,1.37951566997724,4.47602017892148,6.97541566833409,1.34091210860044,4.35636578653931,6.82790411268622,1.19236506525553,3.98046527728314,6.67430048384634,1.0142805562776,3.59862484485069,6.61017190569257,1.25141945247707,3.30977404664883,6.28537490954313,1.14986664010492,3.43796688994992,6.21657352747409,1.19813183686658,4.545696344569,6.80625825469723,1.57941650475119,4.82604578769099,6.74964030024655,1.56501432301417,5.0932582158849,6.63771478919605,1.5941086684809,5.24530055035797,6.18706895766001,1.37181907154363,5.56527649423573,5.92760287866477,1.6049865090243,5.57012717408467,5.56090551000692,1.59635198062363,5.83015701886807,5.63059448610162,1.61509461490774,1.85974260772287,6.99857411537463,1.33412355703124,3.91024047065878,5.94440368468695,1.31985683961523,4.43302482603243,5.70266733361299,1.43397882068617,4.99597993898766,5.53673889750353,1.5704851025852,6.52733071749766,5.68036872267429,1.66138838518339,7.19726833795073,5.60880208594322,1.78997892903334,7.8746598644631,5.5416237772269,1.93500265707381,8.49620584391088,5.50537659407015,2.1205948568111,9.10959251912604,5.25466634203523,2.16885505670359,9.61237182629285,5.00467177897628,2.07173980432014
4.33980252963537,7.17271867565881,1.37929890837622,4.4662374910148,6.97199740502908,1.3351049333265,4.34698204674241,6.83191544512015,1.18748747075787,3.96137292399901,6.67788531485097,1.0118578266375,3.58013022088689,6.62064903868434,1.26039114433458,3.29493656197188,6.29602920342862,1.15475530714625,3.4253087582441,6.2306422753838,1.19949232183278,4.54524503983518,6.80635746113731,1.58487970494059,4.82738500768643,6.75084485852602,1.56490478133435,5.09332604534286,6.63877142609098,1.59633716568333,5.22781481035784,6.18932087853748,1.37025566928727,5.55122301126939,5.93010693243998,1.6078239821832,5.55444204606717,5.56151458826832,1.59696733712542,5.81553034537482,5.62791326727251,1.61545144636439,1.8318492219496,6.98469792201325,1.31310920041408,3.8923495886438,5.9598973827734,1.32205526348795,4.40816955178023,5.72512355560752,1.42869269024339,4.9703780609981,5.53509615945303,1.56574553546258,6.52248674335358,5.67803928729206,1.66155741859933,7.17863884427619,5.60746794929237,1.78953761313035,7.86082728656092,5.54067675235078,1.93443741249392,8.49376694543051,5.50518627443131,2.12151664394489,9.1036013622348,5.25108686729677,2.1698785672577,9.5976983317228,5.00370560681255,2.07505998610208
4.33616810102953,7.17630909624025,1.37881746869068,4.44779984419079,6.9751875012016,1.33232872180747,4.32779268770711,6.82770545919983,1.17552343430231,3.92716978134068,6.66369432020444,1.01920702433516,3.55593775568068,6.63017117461466,1.26245876325245,3.2790277507836,6.30673791851552,1.1623160502483,3.40513339380198,6.24105773906383,1.20245641909171,4.53821892960137,6.8133626569372,1.58669451548683,4.82476073612538,6.75398260978524,1.56686484572534,5.09248382354832,6.64134381543955,1.59676769377475,5.21618729475338,6.20192467371461,1.39047094376838,5.53930841988321,5.9377417379356,1.61942937458764,5.53165061476284,5.56502123248082,1.59870900291809,5.79348964184957,5.62858790500065,1.61439553268247,1.80160461919725,6.96558258392822,1.29466858553345,3.8738938695777,5.98163090338445,1.32546290321349,4.38174741078843,5.74214639569751,1.43495631415058,4.94793962568251,5.55164577371439,1.56179902952117,6.54196994265581,5.67671021982578,1.65847452341525,7.16160454252338,5.60673009194085,1.78592909859008,7.84899558472182,5.53952698937048,1.93214301845754,8.47627148238707,5.5069669142835,2.12045559056733,9.07354753799325,5.2713870617833,2.1596492288189,9.58481407776353,5.00086348950945,2.07752825583977
4.33694369388027,7.18352218936488,1.3734716446253,4.44285240479436,6.98106208788887,1.32108362587881,4.30360374320737,6.84306877602749,1.16386180917923,3.90039739990465,6.67987987743532,1.01562229013757,3.52857784842924,6.6418943189399,1.25970223421187,3.25636727435208,6.31435262818234,1.16091544191535,3.38221640459173,6.24784771307204,1.19950278103078,4.52537738309224,6.82037313635521,1.58676549951407,4.82101876780261,6.75636739200113,1.5673417164895,5.08865608967339,6.64627827350737,1.59849609719292,5.20335650694444,6.20775745085322,1.39565071045653,5.52666155798422,5.94044211590677,1.61985425573815,5.51840314539523,5.57131111972506,1.60459679508813,5.78471679950513,5.6345571002789,1.62450081140481,1.77437418176812,6.95215085344361,1.27543077448848,3.85368876490376,5.99761529022762,1.33235636745875,4.36479922429599,5.75739184781807,1.42561003116914,4.92917182101777,5.56458436020903,1.56742925467727,6.51429945389563,5.68153570695476,1.65677525878678,7.13137356531838,5.60955509621966,1.78521867993014,7.84421638368134,5.54020152817164,1.93121662007803,8.44881903024003,5.51394205841604,2.11700376613837,9.06028444837636,5.26768150667098,2.16149296757644,9.56910507320342,5.00258793544405,2.07978192938013
4.34207586716938,7.18080316018127,1.37725054447584,4.41876299581667,6.97419197127747,1.27789688201039,4.26528937290764,6.85829886855752,1.15271419548774,3.8678197972967,6.68954299075742,1.00614062809111,3.50067725721536,6.65060208331802,1.26237697632105,3.22571272872248,6.3189071846822,1.15974829597447,3.35847297718407,6.2550836489731,1.20191494090078,4.51767052011554,6.82318345193661,1.58624240789324,4.81908975485044,6.75599994391175,1.56836237039146,5.08534540125754,6.64640507521777,1.60204022220959,5.19089700527592,6.21021809155604,1.40067915694548,5.50928506681565,5.94593345416105,1.62577407139917,5.49998606582441,5.58091770107538,1.61213830475857,5.76719845748544,5.64011429910558,1.63055567638526,1.7467559233977,6.94381785848204,1.24920339609953,3.82636629224945,6.01433052844193,1.33105351106568,4.33962995049333,5.78010523040252,1.43935708037066,4.9147696562044,5.5900926348704,1.56592566165773,6.47280774732001,5.68353759245345,1.64627171994698,7.10084845066074,5.60966849815111,1.77888383955634,7.79910552536031,5.54003394044409,1.92296589743699,8.4495164113923,5.51210920758601,2.11774772632455,9.05269541405841,5.26262813674708,2.16404601027576,9.55585954717632,5.00191920703992,2.08442775502271
4.35867150560716,7.18182564222776,1.38136372124576,4.37939307807664,6.98974951202826,1.26973679418715,4.22343362878521,6.87077084908572,1.15123015316392,3.83570538416674,6.68738035410246,1.00431116628172,3.47990618751168,6.65005243703583,1.2591278602295,3.21217259318733,6.31474961289415,1.15514905617659,3.34213248285167,6.26408816451926,1.19843505457263,4.51102701313029,6.82462609724082,1.58586616982356,4.81589402671134,6.75577914498192,1.56808557370952,5.08548480446401,6.64444661697066,1.60259344694944,5.18198779840026,6.20649577755746,1.40058368055096,5.49132639372786,5.94570233264502,1.63083248429439,5.48194090139192,5.58821048296014,1.62548851513992,5.74409009633479,5.64510055264595,1.63840516087145,1.72105506332872,6.92340866925375,1.24204253661746,3.80645515437464,6.02325990356366,1.32828975777773,4.3223759181386,5.79426327344394,1.44239639923892,4.90324100066707,5.60234462218136,1.57300511946956,6.47852136722322,5.68717310938331,1.65804270944032,7.10003476341678,5.60847141532342,1.78357585846471,7.76796890365792,5.54516110831829,1.92295199690683,8.43538870996324,5.51317152208808,2.12196413094988,9.03309294161783,5.26308329942476,2.16184675776467,9.54087796276924,4.99869395915217,2.08792949035061
4.37778777767919,7.1753698938629,1.38469085438131,4.35150364485194,7.00091325116449,1.24188692231997,4.19185707047914,6.8998284312659,1.1264019294925,3.80511190272224,6.68775433338645,0.991230256085687,3.45758473295385,6.65351644979009,1.25442977487623,3.19515975947415,6.31699186106469,1.15435748254004,3.32395227633188,6.27059346237384,1.19569019592406,4.50965955301624,6.82170239915715,1.58772818926135,4.81659660691362,6.75523182318812,1.56710486816805,5.0852495679034,6.64322197560009,1.59897834620206,5.17492682579582,6.20435519197971,1.39960135957118,5.47836898253353,5.94758143620856,1.63686549861811,5.46727427117736,5.59443053768636,1.63084956230879,5.72921841072336,5.65339244014408,1.64027614714051,1.69610811249526,6.90586329348892,1.22415220474139,3.79536333521892,6.02916928599569,1.32911442372353,4.31932348902321,5.80090392812309,1.4517830695184,4.8961264113196,5.59666550672399,1.58616418730128,6.451365276836,5.6870961947783,1.6686455482682,7.0913028968633,5.60729430589871,1.78851908858419,7.76699604169309,5.54673623038085,1.92680282983444,8.43218242936724,5.50764888777309,2.11318523221706,9.00840794748224,5.26211982804395,2.15876960917403,9.51897837236328,4.98654413472749,2.08464010150006
4.37998690568262,7.17031176071169,1.3816869172188,4.32915296688593,7.01760033425168,1.22221251159034,4.16174113790982,6.91568648209201,1.09077070023187,3.77085591553361,6.67968594313645,0.990689619524985,3.43266432930805,6.65584862957251,1.25090749204325,3.17711642954792,6.31968806159951,1.14888458467728,3.31084845366905,6.26965483581355,1.19441225083876,4.51008490277108,6.81737941811472,1.58720208722866,4.81930799051436,6.75647090682747,1.56931940430915,5.08535090356033,6.64117925601673,1.59993411692619,5.16208235267246,6.19719729718734,1.40478586752475,5.46529457623769,5.95372809997338,1.63930157005379,5.44556530356043,5.59777805861073,1.62749880734837,5.7129332659508,5.65294801308087,1.64725582772056,1.67376507692365,6.87833714162673,1.20955601479435,3.78329299010265,6.02974144465336,1.32833427768375,4.30627690062331,5.80800315378735,1.45222398367866,4.87744340910879,5.60548991289194,1.5870049001003,6.45316043128404,5.69125032780031,1.67136086648894,7.06959984902006,5.6131880604104,1.79480040812187,7.75687058777676,5.54986408903412,1.93292165531275,8.41570847450136,5.51102082179695,2.11455079506598,8.99150075759308,5.2642912960747,2.15826391450395,9.50169048091118,4.97748749118832,2.07917398129829
4.3841566772554,7.20244648618344,1.35855790221094,4.30424278781049,7.04898047461877,1.19903930249952,4.12161360010988,6.92954591920599,1.07635527833241,3.73194437905997,6.6954870702304,1.00074920229929,3.41151072240569,6.65473361242396,1.24388363398187,3.16392285509419,6.31784765975454,1.14499030483041,3.29628396994399,6.2691870922877,1.1917716564595,4.50544835530365,6.81860951625198,1.58043323720834,4.81822539545864,6.75794355833561,1.56920156813661,5.08123833190801,6.64294739805033,1.60037609502274,5.1531064875298,6.19986569616282,1.40922819188,5.45361141166382,5.95152937299414,1.64585729038244,5.43339345793162,5.59794897735963,1.63369103490901,5.6989721859399,5.65195129367299,1.65300877850436,1.64911842935152,6.85400441045553,1.19191873294016,3.77139859828618,6.03314699664949,1.32689873283269,4.29096107183011,5.81755068932933,1.4545154912263,4.85979176750057,5.60970744420262,1.59163479862848,6.4271600722985,5.69195535018967,1.67775125604872,7.04916234581612,5.61726467328725,1.7985813647159,7.73945501391089,5.55127041690011,1.93413115178155,8.40284518886277,5.51503409832278,2.11488211635859,8.9824093823384,5.2601583049259,2.15978839977097,9.48231492250994,4.97426756395478,2.08056381459775
4.37664092809087,7.2358376391777,1.3405543918735,4.28007483744123,7.05914316443065,1.16863061825919,4.08989798828288,6.95090151126373,1.06592590430751,3.71425391775105,6.70391749865683,0.991932146925554,3.38979380244673,6.65664808803064,1.24129610379504,3.15002059604973,6.31407272539312,1.14442407734559,3.28136635133595,6.26847974821384,1.18987891650299,4.50296024379884,6.82170835677223,1.57745828580071,4.81560354051864,6.75980537408139,1.56894666208758,5.08038662661304,6.6425748735934,1.60353208008013,5.14560548365146,6.19919536777672,1.41187224308395,5.45151624063495,5.95610231564423,1.64396932559729,5.42468313918057,5.59638686365129,1.63887601479744,5.68998264348809,5.65142225436381,1.66157066945913,1.62931328416078,6.83112083619993,1.18263847998984,3.76551958597341,6.03411105614767,1.33175519880994,4.2802177654894,5.8174054364497,1.46072406562898,4.851122648637,5.61372586983082,1.59582600896651,6.40533066615789,5.69137617820186,1.67470571235755,7.04106252636174,5.61689071688744,1.80069363380604,7.73552078587517,5.55290134116033,1.93550685205702,8.3892856683246,5.51772571965377,2.11557524962392,8.96579047688018,5.26369258201863,2.15761739877677,9.46895129820633,4.96591268248412,2.08969676812176
4.36304184289297,7.24960359517573,1.32827948658316,4.24709225352235,7.09821906615477,1.14772671908293,4.05650861282965,6.98278032135544,1.05613089758625,3.68585420937615,6.70245380363206,0.984734975579661,3.36813373555021,6.65010006051084,1.23736939982698,3.13469973950993,6.30511561954797,1.14683859170508,3.26632036271446,6.26585996331149,1.18904666923874,4.49935065093489,6.82356045436456,1.57893848238757,4.81287542244725,6.76223528037655,1.57189657037767,5.07985675629457,6.64114892238725,1.6034270578002,5.14488282683761,6.19281318888326,1.40756530779531,5.44614207768328,5.95538659673927,1.64320195614207,5.42008024001661,5.5999234276135,1.63920497801746,5.68017498539975,5.64711791000299,1.65582633775536,1.61506492296293,6.81103712919531,1.17008423529705,3.75526612246741,6.03514913193246,1.33370555124712,4.26545143060809,5.81998675736996,1.4530161690651,4.84061463332179,5.62275811420193,1.59621945110605,6.4041283924772,5.69339761111964,1.67390966877325,7.03788567650273,5.61873687465929,1.79644483160757,7.72757473327107,5.55116188263419,1.92997932484663,8.38310252100579,5.51802805607989,2.11472238133853,8.94911274810571,5.27409898123564,2.14949633918012,9.45582084604696,4.95884634384177,2.10001359212723
4.35849010891176,7.25351243225012,1.32063031600129,4.22010091107897,7.13836194700383,1.13971967361864,4.02163402972688,6.98907771661076,1.06272298472397,3.67110042669591,6.69748193178805,0.985894006182825,3.35195910911471,6.64605464667594,1.23552901660649,3.11735026539602,6.29712782412847,1.14563701485141,3.24989712453593,6.2616162197477,1.18504979142294,4.49751635679347,6.82394904832529,1.57864878578686,4.81485840246556,6.76257184349551,1.57146389253736,5.07974410581709,6.63866334822183,1.60137865417304,5.1395027637633,6.19041661570395,1.40741242087224,5.43985352840602,5.95735858044363,1.64381926671049,5.41748477962948,5.60409582494337,1.64512656701555,5.6741365521231,5.64948475270857,1.65562875274694,1.60217218151703,6.79226216964656,1.16470202879453,3.73912891101243,6.03571395580617,1.33370448253965,4.25909324257542,5.82454254113455,1.45300579938032,4.83226560253897,5.62868675036018,1.59671912279628,6.39877325622556,5.69510325125636,1.67344204906382,7.03118046393106,5.62092528884619,1.79450030195673,7.72715272475554,5.55234649494608,1.93162107263965,8.38015862357666,5.51663948677666,2.11709744286811,8.95570341332158,5.25717493282661,2.15928462812569,9.44274470721677,4.94634395977498,2.11357298789756
4.33770756924449,7.29688796867723,1.26207695923935,4.18607640158716,7.16220975126306,1.08438193975035,3.99021572373214,7.00127825265451,1.04017119521685,3.65871867502191,6.68204253406507,0.995593530959243,3.34044726358623,6.63695144920167,1.23027292856248,3.10794700768632,6.28357776079301,1.145783656167,3.23820872134107,6.25326702040568,1.1854743678221,4.50004739869466,6.82361599209588,1.57779065683216,4.81566711725059,6.75842600440019,1.56596006365362,5.08132037494299,6.63518808973127,1.59736531130938,5.13332932045394,6.18644644000121,1.40270888109052,5.4335761087959,5.95688171316598,1.64174757502901,5.41334941676934,5.60277322414218,1.64844052023791,5.67137163245153,5.64899416985702,1.6555035693871,1.58637035861945,6.77246703541829,1.15126738428238,3.73090740894027,6.03457795226266,1.3339822327928,4.25500998880227,5.82715161579037,1.45454192171732,4.82379648363719,5.6279856761543,1.60010536141492,6.40429445018637,5.69310131964459,1.6745991394036,7.043610281975,5.61842752972378,1.79651766569626,7.73636347632309,5.55261636081893,1.93321030137187,8.37552478805834,5.51585586810904,2.11645110650644,8.9349472235687,5.26742874348711,2.15053554651936,9.43022465958841,4.93410243185255,2.12700745313253
4.281712439403,7.37402043111551,1.1632708999953,4.13524082565449,7.19659766219013,1.03434568459406,3.95829188455233,7.01850293603524,1.01858855236351,3.63147233761874,6.6709724574074,0.980752732434039,3.32201395449036,6.62925434938196,1.22755893372497,3.10435574818176,6.2749251192938,1.14764563596765,3.22634686568547,6.24523681048381,1.185011441483,4.49237288090473,6.82447304499284,1.5749750609082,4.81658052725037,6.75798098357558,1.56610680209992,5.08162555334058,6.63472580474791,1.59828444286572,5.13006098987093,6.18537056786191,1.39905980887289,5.43075187971364,5.95728450406878,1.63793896624646,5.40966240452178,5.60406669583759,1.65069051925466,5.66522681850387,5.65050694417194,1.65573992271193,1.57208805334287,6.75000163386667,1.14166127188505,3.72466515028385,6.03761676648547,1.32329495808278,4.24283028757559,5.82766527946501,1.45670672683654,4.8136426563644,5.63513912795238,1.59745458838646,6.39354937339315,5.69483725592352,1.67219970075475,7.02575969045128,5.62049249412276,1.79383647758708,7.72243256931775,5.55358487042525,1.93139778398251,8.38762608742688,5.51245152692329,2.11873064638584,8.93230248166376,5.26382515622101,2.15347567768048,9.41759923854586,4.92394149859304,2.13859569625382
4.22546201467569,7.43342003889682,1.08215485264406,4.09752149806183,7.26491822844328,0.981024795871564,3.92918756084346,7.04828813094184,0.968311896745952,3.60864662030493,6.67735788085325,0.956241410667685,3.30928422384491,6.62242722050045,1.21982589178039,3.09048958527363,6.26271919087114,1.14586561042759,3.2131483285298,6.23588704059438,1.18928285042176,4.49525136854998,6.8229608234899,1.57391361974207,4.81730710519638,6.7577437380014,1.56544868318485,5.08117908187722,6.63416634876312,1.59745048226435,5.1221405268485,6.19147174267829,1.39377320212748,5.42485309278909,5.958949550793,1.63679060210386,5.40019379736819,5.60615268732538,1.65281750003237,5.65423269838261,5.64986714783046,1.65503210627587,1.55901031123334,6.72837385431547,1.12831354445217,3.70923249430946,6.03294485010708,1.3249368435867,4.22843220633831,5.83170948390783,1.4557340372664,4.79718733578443,5.64189633753386,1.59630908509693,6.38178292145141,5.69738199889627,1.66908078095143,7.01510465852201,5.62352346191787,1.78689726934041,7.7220602398623,5.5556612608753,1.92626298020768,8.38252816958993,5.51402664243095,2.11788517729988,8.91980653544018,5.26221353357411,2.15533827124637,9.40572925830257,4.90723829251655,2.15248620436885
4.1728098438038,7.46657585334196,0.974706079772913,4.03009827263609,7.28241825335771,0.907602696432835,3.87516162814381,7.06386979947503,0.919972629628319,3.59014115759614,6.66622953855479,0.919558809700291,3.29166419327214,6.61254926990992,1.20467051217517,3.07000208996634,6.25360084648843,1.13823401521752,3.20226251376455,6.22712191472154,1.17795997991079,4.49514728643232,6.82334908320521,1.57018371465264,4.81796665622226,6.75523813059946,1.56318570358087,5.08097092352137,6.63449206315395,1.59606735220573,5.1155388705745,6.19183681603796,1.39050830979145,5.42114682453318,5.96530735630535,1.6427608110205,5.39403388297141,5.60884835336446,1.65272736856084,5.64849191787215,5.65114246101,1.65325420231025,1.54854866035015,6.7057994755596,1.11879820324527,3.69830479812134,6.03453501950102,1.3183863509779,4.21913238252984,5.8346520341368,1.4516257383571,4.78985021950913,5.64679789984059,1.59315931109579,6.37658103353162,5.69832358360862,1.66529371371228,7.02344445560691,5.62368581079784,1.78604375142298,7.72181618698079,5.55565779527175,1.92391578543573,8.3737746566578,5.51264123290962,2.11179153145675,8.88913200651809,5.26655138406351,2.14805750403408,9.38809683806345,4.88957665783527,2.16556914782027
4.11323849895799,7.4712078355823,0.877601692576914,3.98149171363408,7.32463395576914,0.822623905713547,3.83234123718027,7.08110044563775,0.874048106325533,3.56545275364811,6.66206370813372,0.900144460483434,3.27838763907472,6.60149158047785,1.18775332729381,3.06272588755548,6.25182027683886,1.1348547446204,3.19322051098524,6.2215766012075,1.17318518716189,4.4914103581746,6.82584942731971,1.56672260087876,4.8157667216331,6.75483481572002,1.56190703404689,5.0784181244048,6.63608603831122,1.59510549313224,5.10399381148526,6.19657452149873,1.38917695229213,5.41140603847216,5.96850186729571,1.64202036184226,5.38565734796484,5.61421595234872,1.65092150511248,5.64243287748446,5.65155112808285,1.65431144672912,1.53476175250166,6.68662422764521,1.10766988052945,3.69130988149238,6.03435612397779,1.31425379286309,4.21154479428167,5.83717083567977,1.44904407772576,4.78307271065443,5.65545285001402,1.58810711981811,6.37325960518586,5.69920910670147,1.66540031657357,7.01115467767534,5.62443360914179,1.78248103611388,7.70508591748585,5.56030367767526,1.92186798659466,8.3711460378264,5.51218110662158,2.11391662253781,8.89072903156359,5.25398992362595,2.15560001978432,9.36552362941105,4.87497563027553,2.17924803116839
4.04558284920123,7.51072216455627,0.795490334289687,3.90311222278157,7.34310478838628,0.775373899923102,3.76973723787581,7.09540856440483,0.828000109027017,3.54229332644574,6.65974328475774,0.877118715778444,3.26669967185117,6.59840877669697,1.18005783211473,3.05452634338524,6.23799799568769,1.13217390597726,3.1888417818665,6.20800115245481,1.16486166047963,4.49472916906065,6.82755529963103,1.56915258910108,4.81448913531897,6.75567716752743,1.56307644577494,5.07686455570006,6.63828379567654,1.59630761848576,5.10234905640417,6.20044008886955,1.38888389167213,5.39778323011736,5.97259984292144,1.64151969917556,5.37354628645976,5.61641365128209,1.65044917813204,5.63402021035117,5.6538134942741,1.65401031674733,1.52288291755928,6.66931453237652,1.09587670223168,3.68420173998229,6.03848356924841,1.3071306422063,4.191969053445,5.84848087602654,1.45220353626228,4.76897712529778,5.66306085256264,1.58418772268491,6.37233677973314,5.6978767072252,1.66328693496882,6.98790256530894,5.62827922404024,1.78081786148499,7.69801806051474,5.56460520737163,1.91853460311951,8.36198814840448,5.51483415125941,2.1136561811715,8.92387888293901,5.21730199798428,2.18038053245457,9.3480680701029,4.85494421769245,2.19999478869964
3.96509096892739,7.51735329209387,0.702009804888395,3.828569740712,7.35341288231707,0.708585653069899,3.71867022537886,7.09991740714341,0.783727621047495,3.51721798671042,6.64546817699989,0.850817728122543,3.25251215521525,6.59411017078855,1.17072714599271,3.04641822545747,6.23051812463387,1.12469526010289,3.1814990916308,6.20268969458166,1.15369613856935,4.49204794612929,6.82865069432654,1.57054474758506,4.81156538326687,6.7563857385037,1.56463232416846,5.07508741028909,6.63787306384032,1.59483047523717,5.09601730222131,6.20315252560105,1.38810007902194,5.39210404537591,5.9749023169533,1.64140369049283,5.36389251491819,5.62614566654835,1.64540894023025,5.62600373821669,5.6560309864854,1.65158420586791,1.5084287493607,6.64783387197804,1.08399705783332,3.67286793155455,6.03600885622771,1.30166500460346,4.18190430341763,5.85425082392235,1.44552146256981,4.754954545278,5.67181453771981,1.58758156501038,6.37021073245524,5.70024784769361,1.66272138880924,7.01588084380655,5.62934846778032,1.77665188275815,7.70715544971331,5.56569673220408,1.91361450100972,8.37279636041902,5.50811889672496,2.11567679040918,8.91541337375865,5.21216161083138,2.1917057514984,9.33247077372465,4.8409096726898,2.22319730177621
3.88890689117414,7.51784050189524,0.590470271370656,3.73963092081357,7.33578027776772,0.614938475544977,3.6435436567986,7.08056035217514,0.69407451562663,3.49235798500854,6.66042282770404,0.839164535617808,3.23540177183556,6.59133358328954,1.17644434162239,3.03823118771684,6.22541939025314,1.12631278413096,3.1712247537158,6.1976142139373,1.1546061438467,4.49737082052796,6.82907075195002,1.57130224921553,4.81262647787596,6.75515210836483,1.56285725668984,5.07409446275437,6.63969072233531,1.59363608428157,5.09522888119221,6.20179831331706,1.38233652294382,5.38660382916015,5.97662368000702,1.63825339260761,5.3573630595829,5.62841879026777,1.64397242793238,5.62608165343425,5.6605588953037,1.65843548256312,1.5003248483084,6.6344503084127,1.06961601444874,3.66948938736075,6.03778916575091,1.2966071937153,4.18391448139778,5.85558887029466,1.44298609594074,4.76546589014891,5.67088337260564,1.5810416717083,6.36425356874133,5.695024379608,1.65492000102585,6.96755893518053,5.63000219685514,1.77415373075636,7.69090646323756,5.56546430327963,1.91428651486316,8.34834606023785,5.51585745520395,2.11399526694776,8.89606727422689,5.21802470895284,2.19355644395263,9.31419567770134,4.82237220210107,2.23450851737906
3.78975867756863,7.52977999059273,0.513212940083793,3.63857742863922,7.32959386913717,0.575387854656293,3.58200695324659,7.08824406681894,0.664652849837312,3.46830549182957,6.67417936144278,0.828610008061379,3.22494848917441,6.5822282610333,1.16555150766976,3.02437012119911,6.22098912621712,1.11946213692349,3.16684772295309,6.19060918041262,1.15063376650708,4.49659350387784,6.83018929800313,1.57125655865502,4.81147093280059,6.75550393425163,1.56175295208006,5.07315360840389,6.63992172052989,1.59234585487913,5.09332028705422,6.20438871524698,1.37816242364897,5.38011351127204,5.97746433055655,1.63829185919425,5.34825725696462,5.62787802095997,1.64635337930738,5.61611332502283,5.6603203577924,1.6560719481657,1.48703690746605,6.61339391153974,1.05715867441225,3.66731340388701,6.03521034381086,1.29446958655347,4.18240450555773,5.8584863084378,1.43902904161574,4.76270862435318,5.66923382285391,1.59349973496666,6.35642662602626,5.69377647227398,1.65590163506994,6.98357466211628,5.633098887847,1.77136891849143,7.69289523436588,5.56515022840312,1.91520859699692,8.35308863958926,5.51298034525533,2.11366450210099,8.90703194747863,5.19604271635814,2.21596376466059,9.30248947338193,4.81932068467691,2.24943611975809
3.71309008031959,7.52074673722302,0.45398566896863,3.56291198776114,7.32804387487449,0.527235670326184,3.51053470015508,7.08960497675473,0.652434137842088,3.42783512889418,6.68185410217083,0.807608335169604,3.2034076145298,6.58719025045856,1.17007273738259,3.01509179628309,6.21009946422026,1.1169706902808,3.1556210941688,6.18886216229261,1.15112061542565,4.4982239507398,6.82956977315498,1.57163782414695,4.8114857614821,6.75327707191958,1.56324131051781,5.07323340096696,6.63871864302661,1.59242929558408,5.09107648858811,6.20877230063485,1.38056164655291,5.37920461234727,5.9729538566503,1.63003304857388,5.34326798748709,5.63040966647728,1.64689238892967,5.6116284048422,5.66001119633846,1.65913601735103,1.47980350337182,6.59622769826702,1.04566084197656,3.66172098051917,6.0328750196868,1.29151898614321,4.180292660256,5.85501915859818,1.44178208368365,4.76215528345407,5.6751267057891,1.5925089117005,6.33941248332407,5.69677625595441,1.65620091638123,6.95436358919993,5.62854714694982,1.77600034752732,7.66943948641701,5.56565323022605,1.91703251356444,8.34660170550678,5.51581651087091,2.11302128790407,8.90145553908625,5.19196850026365,2.22557142956136,9.28325026448775,4.80581761711429,2.2733239105941
3.60854246848855,7.55075162394097,0.422764635380099,3.48718765207839,7.33468257790603,0.487820446356982,3.46806466561546,7.10834993593546,0.619615313699633,3.39503730673076,6.68309240658287,0.785370549610977,3.17919963510193,6.57722744005602,1.14095806948433,2.99941919845449,6.20230220547567,1.10649752837137,3.13699131606901,6.18781246626432,1.14761360260755,4.49836742877636,6.82894823375115,1.57092604093503,4.81302554077998,6.75395652226084,1.56428139719747,5.07334156324028,6.63957040435313,1.59173748151189,5.09086442890464,6.20642493016263,1.38223335198021,5.37213073725084,5.97326987042189,1.63164422135094,5.3343589105945,5.63077044717426,1.64835812868475,5.60235923095251,5.65663289461959,1.65277913910842,1.47079252744458,6.58233522575016,1.02864969552573,3.6524422060422,6.03572928335273,1.29058226610501,4.1678474942496,5.85788916609061,1.43849835707499,4.7510347833696,5.67589960337335,1.59013766392795,6.32357631353253,5.69618119783922,1.65569661585019,6.91924084691244,5.63338399087977,1.77118383606677,7.61571741034638,5.56815869851556,1.90877284955896,8.33295494637721,5.51754034432131,2.11409568599384,8.89441193400233,5.19148752448841,2.23117905397771,9.26677772475509,4.79798520379009,2.30383582577008
3.52544525693948,7.57294869794378,0.418195375055645,3.41394423401169,7.35229927667995,0.491810498816065,3.38753450560711,7.11364690335581,0.602226561796085,3.37583487396933,6.70142529796717,0.772857784726632,3.17039366821852,6.57662389299303,1.14501980423536,2.99218686065782,6.19935767682089,1.11205859844831,3.13059334091752,6.18495596140166,1.1515784736296,4.49907151822802,6.82741050307192,1.57086104572193,4.81190522562233,6.75281885662142,1.5642278062255,5.07263902814448,6.64002940224353,1.5928264359091,5.08804793742753,6.20760055595445,1.37745199360272,5.36685852175916,5.97462011064518,1.63278795463194,5.3308940555255,5.63140101840444,1.64655356310858,5.59444822294515,5.65904251787493,1.65309283917673,1.46234251728063,6.56772168315601,1.0118919862208,3.64946927574677,6.03154642322633,1.28991847632782,4.16559684155825,5.85949342048153,1.43705974674245,4.74411184896224,5.67337507619731,1.57677427360511,6.3202600776596,5.69433954605623,1.65750614785013,6.91259595714478,5.63289849305702,1.77344916238396,7.60754450605826,5.56862452537165,1.92277351019872,8.31610975221864,5.52517204229721,2.11218649296086,8.89532475013253,5.18054139890635,2.24550710971007,9.24707912525444,4.78591448045243,2.33541384949605
3.42775762643953,7.55822057796703,0.374793481364247,3.32795975482362,7.32945152754101,0.45419585290447,3.32561411522853,7.12335190035957,0.583464998709761,3.34243225125023,6.71066799521713,0.778981556727566,3.1530971444089,6.5771548553164,1.1407713502233,2.98746131549845,6.19338315745028,1.11110086006656,3.12161866707605,6.17923918351225,1.14610536979631,4.49876108052698,6.82836506350494,1.57205621172392,4.81206053865804,6.75315693285239,1.56484745009619,5.07339607959037,6.6395726245233,1.59287109173739,5.08438793812759,6.20468650023509,1.37738158499667,5.36310599532164,5.97491387568553,1.63297709435622,5.32539992374251,5.63198356614116,1.64914647489971,5.59509176369768,5.6645023063519,1.65708286712688,1.45490470144076,6.5547995190365,1.00345413401268,3.64613417372708,6.02991328137241,1.28692467752703,4.16719042834425,5.86038716176634,1.43552780819793,4.74067215551559,5.67339768608968,1.57923626703514,6.31340679670774,5.69229150309399,1.65900346573836,6.89172788422064,5.63506969488963,1.77071449134171,7.54628005140364,5.57268292309756,1.90360690050522,8.28776296268518,5.53119365001119,2.10895483602339,8.88036541926073,5.18829212033139,2.24889230549493,9.22903544631172,4.77520738267842,2.36094154342858
3.33860019153623,7.58989183706435,0.359037709660255,3.25788703992262,7.35178509072428,0.44221094043044,3.26225206712091,7.12554503079066,0.542563676365975,3.31626994421688,6.71639971303298,0.767664837286116,3.14688827046741,6.57970879723214,1.14970481575055,2.98138489839997,6.18285017207413,1.10080449128643,3.11398543059604,6.17166234777252,1.13716331611763,4.50066087745194,6.82760787666655,1.5715459349526,4.80933026791571,6.7526675713218,1.5629784619315,5.07143625766486,6.64027235815138,1.5935012872681,5.08107289052954,6.20664101887838,1.37558350131967,5.3620076184194,5.98362379292579,1.63075730168053,5.31659558935931,5.63384392350773,1.65127252211957,5.58658377607,5.66789889828781,1.65619965831505,1.44644279662651,6.54306521013337,0.99330226937949,3.6380750076512,6.0312664849104,1.28119826887915,4.16012026286185,5.862899412331,1.43274181583947,4.73005663920582,5.67841972762904,1.57863686723582,6.31026111619156,5.69157591880063,1.66188675835575,6.89150152666734,5.63425853699702,1.77138698290288,7.55068484777196,5.5717681295995,1.90636003944264,8.30933683053045,5.52457777244372,2.11230345723928,8.87216689964009,5.17844312043652,2.2590219295812,9.21046792008954,4.76713208834316,2.38464022457746
3.23135818091815,7.601018484369,0.363497260996597,3.17353988630917,7.33822282894182,0.41027100860999,3.20044511366684,7.11412246716124,0.518601148208031,3.28998982665579,6.72584556037719,0.752407817989012,3.12409706000838,6.56719257527561,1.11740333502795,2.96938790041294,6.17495761040457,1.09704833664743,3.10949959923761,6.16521557979642,1.14231444486389,4.49934620844144,6.82870398928667,1.571026052138,4.81069160025515,6.75252959245562,1.56431382615806,5.07278864718388,6.6381607745161,1.59341808084679,5.07887089304104,6.20729321095968,1.37415615830947,5.35632973084694,5.9825630338971,1.63041938594463,5.31031715075809,5.63400014021457,1.65315969514136,5.58123074254979,5.66717303427059,1.65812226033921,1.43842992077587,6.53318129313481,0.982977907235663,3.63072237553188,6.03107616869257,1.27981342822142,4.15611274609027,5.86572950129028,1.43243906888411,4.72175575189687,5.68388693721442,1.57613801297495,6.30602615272106,5.68887599472619,1.6645881444031,6.89022669386103,5.63485085595955,1.77011930584562,7.56712650115127,5.57490402383401,1.90392449712851,8.29668279746503,5.52793757944579,2.11015096421486,8.86076063698303,5.17891227220309,2.26247538660118,9.18639279045369,4.75803061734783,2.41194759037306
3.12707127948033,7.57047418410466,0.329034554336355,3.09208798111372,7.31024022750968,0.399668024670795,3.13022259825451,7.12817173784671,0.535345873209891,3.26283748219429,6.7290129062628,0.760365426176829,3.10935622046559,6.56523075586004,1.11369663595452,2.96471652346052,6.17440167196756,1.09928752605628,3.10727738574415,6.17508359426908,1.14037802462345,4.49832765769946,6.82866938194406,1.56963304424409,4.80916303845442,6.75308036952824,1.56316865339186,5.07136251282378,6.63883112770204,1.59460761877878,5.07502764957742,6.20807701478895,1.37278100294977,5.35343936675106,5.9822896472068,1.63073676686274,5.30591195915834,5.63429633830005,1.65503146730341,5.5776749385013,5.66807528012189,1.66023986651972,1.42830789516227,6.52342973274333,0.980367350882167,3.62579257528679,6.03281921002697,1.28136326082489,4.1488574480374,5.86481962338755,1.43282122196432,4.71637249739724,5.68420174047203,1.57795666231258,6.2859273859831,5.68648384900555,1.67087601665287,6.89649547142128,5.63657469452471,1.77140544667688,7.54764245637071,5.5757114077346,1.90782103135295,8.28833676104453,5.53188253123214,2.10901025692968,8.82306392556487,5.22144716666975,2.23637739834411,9.16109510571249,4.75004956412603,2.43314467784236
3.03033138689295,7.58189293987939,0.334376626188588,2.99064944173274,7.31739418050337,0.394913225252635,3.06824399139789,7.12349222184202,0.53148716664273,3.22403510164475,6.73106976126143,0.758035665736121,3.09140376693582,6.56741273647863,1.1185094986486,2.95936813233405,6.16870929686469,1.09838271786536,3.1042578359623,6.16803409616949,1.13533322314455,4.49642485939983,6.82929435916872,1.5652943005669,4.80779721797892,6.7537981087703,1.56223749717722,5.07074990655329,6.63847846238189,1.59374371738008,5.0723133585941,6.21118024358269,1.37490214237257,5.34901964379177,5.98141232952989,1.63209069965934,5.30147993496676,5.63568694917669,1.65660726264427,5.57261372067447,5.66895660460051,1.66191720653973,1.41894930296786,6.50695134152,0.969262471417874,3.61825315700298,6.03429706847538,1.2787978762067,4.14457730238606,5.86222642760661,1.42497912114625,4.7112415342114,5.68629301698205,1.57670029940914,6.2786128085396,5.68510970197289,1.66974842191911,6.86748826851537,5.63936342778701,1.77109316652613,7.54092219635275,5.57774994587456,1.90457346917942,8.28551635817333,5.53440765787175,2.10813195443127,8.81769582384192,5.22031905803227,2.24106262070744,9.14081236658545,4.74210064660746,2.44913301729368
2.91779455619952,7.54892043549706,0.313768806844591,2.9170741404721,7.29376349334347,0.395835187437353,3.00176460938146,7.11706645563667,0.529769034686409,3.19374042680992,6.76857360283339,0.730728219574453,3.08620425333335,6.55973634624102,1.11429164871831,2.965199796304,6.15934899957605,1.09462832123075,3.11232766986204,6.1632319829504,1.14027687814729,4.49634906097685,6.82955380150807,1.56703420952242,4.80716126209208,6.75477938173637,1.562654688436,5.06943688608824,6.63874950081236,1.59455253451676,5.0693694276138,6.21443130695254,1.3760195489538,5.34596725715672,5.98160562441327,1.63539888725671,5.30146360924044,5.63190205570915,1.65486234329263,5.56686617217388,5.66733341241027,1.66508664309142,1.41403453571727,6.50280457970289,0.959439844417069,3.62249618518745,6.03123442641977,1.28192905802272,4.14355767320996,5.87006743957938,1.42951156767788,4.70664849539466,5.68790786014073,1.5779590131585,6.27104769040156,5.68629676164694,1.67122430054608,6.88942771326769,5.63714306066173,1.7731841747509,7.56594345759764,5.57779980764807,1.90319954005113,8.30217938297422,5.52384069836243,2.1114739507363,8.82518858661925,5.19676005452525,2.25593370792212,9.12101568369525,4.74013290352722,2.46784374164998
2.80265052506469,7.53136870116276,0.326067658474116,2.84345384518395,7.27976505596885,0.390427090449349,2.93860956672087,7.10447042021848,0.520988325025215,3.15926661493706,6.75444476844865,0.742161325708523,3.07640360356538,6.5516960565332,1.11812805536745,2.977787292303,6.1661872694197,1.10290065752291,3.11390447665412,6.15858909722144,1.14528825410448,4.497071145545,6.83059934323005,1.56825020494176,4.80733675657463,6.75616299291547,1.56335316854455,5.0686381562077,6.64087358612959,1.59587297141678,5.06651000743055,6.21569953006734,1.37203913499755,5.33921865377986,5.9828581902413,1.63580499994639,5.29267922374367,5.63352862090095,1.65617131205564,5.557377552946,5.66697446494946,1.66535553115169,1.40371366730766,6.49258386052805,0.956341228371067,3.62051655600376,6.02773689079907,1.28464690206175,4.13899851965516,5.87214881183534,1.43041012355196,4.70008536493128,5.6890252953545,1.57905240030735,6.2718975513796,5.68670891465095,1.6711708671548,6.87759822836059,5.63895959331981,1.76872946447179,7.55934622868036,5.58273575210561,1.89962707963195,8.31032919241651,5.52231148952646,2.11642988133392,8.81660195180629,5.19518035951211,2.26281134507953,9.10008505216133,4.73355489619805,2.4856879846786
2.73228512032268,7.53337082045003,0.340930148302022,2.76289192819471,7.24855402796905,0.411342293794811,2.88152515821965,7.09039275070281,0.528676674048128,3.12288962289758,6.75291956700766,0.73646373648278,3.0634295048953,6.54738515049062,1.12116833615047,2.97049359120099,6.15985254120529,1.10178823061417,3.11124494965093,6.15388173233806,1.14490397318898,4.49891203346629,6.82935593763718,1.56848529510182,4.80885685013765,6.75498386105147,1.56536318091908,5.06884602643097,6.63960204084198,1.59769488166804,5.06379788470743,6.2215882575525,1.37457398933519,5.33520379183417,5.98202997915528,1.6373015805766,5.28886630078884,5.63450466885603,1.65652725443009,5.55333404214784,5.66510184708443,1.66503683185743,1.3937885656018,6.48194168745862,0.95556852312575,3.61539482542919,6.02994375095846,1.28201800859898,4.13567563321558,5.870906774757,1.42003089570387,4.69428648852016,5.69333681103786,1.57823745489108,6.27115659794878,5.688678038942,1.673257959443,6.88908303995105,5.63824394837002,1.77397558847604,7.56786534767008,5.5804729827637,1.90358385787377,8.30729736039746,5.52012801087717,2.11567089658339,8.80596318913936,5.19139921402887,2.26734220724719,9.08693174233177,4.72724179159456,2.49821206409494
2.61603952014736,7.51165002530412,0.356203819224371,2.67873779676276,7.24462683911202,0.420915769402191,2.81407859267231,7.09411457602999,0.538061771809576,3.08595565608631,6.77714261947754,0.710736264833503,3.05455550385179,6.55130591086234,1.12241642428011,2.96411313647112,6.1572400768623,1.09906693537728,3.10636046962953,6.15105601146413,1.1439005459637,4.49903360413849,6.83043864324574,1.56839634375382,4.80987298143939,6.75448584224093,1.56448581029582,5.06982575655777,6.63883940606576,1.59602770351378,5.06026407305039,6.22238910540375,1.36823139374017,5.32583877405118,5.9842360486085,1.63681882766079,5.28256514532452,5.63946628762573,1.6529139054081,5.54324670895244,5.66655754644614,1.66352602132218,1.38550700824802,6.47487954451308,0.957970588029126,3.60568423033142,6.02872744874778,1.28317215272977,4.12419718988189,5.87812979179832,1.41742510719159,4.68543539983264,5.71013111981097,1.56832671510771,6.25388700209819,5.68800654198718,1.66686393108924,6.84344575511941,5.64072163324923,1.77077476842865,7.55446557528362,5.58346528872155,1.90104666393642,8.28020864562107,5.53104787545959,2.10916231510243,8.79487761578032,5.19763567229982,2.2665481537341,9.06684314471382,4.73362751864703,2.51845601861598
2.53628803126446,7.50154097617489,0.365327136497262,2.60322509940662,7.22707459571614,0.433745123412445,2.75182689405676,7.08532855065871,0.541702916654536,3.03587556751361,6.78773026061948,0.71331667583271,3.04612763998257,6.5497815113593,1.12004151926081,2.95880649655947,6.13921579303294,1.10769352751914,3.10074564226926,6.14823616159694,1.14816256239077,4.50044468494682,6.8300486502296,1.56961525690592,4.81037978262413,6.75500750358229,1.56559331750019,5.06946945063977,6.63985234766631,1.59750750924793,5.05752399391967,6.22621725943444,1.37308805340537,5.32130818773189,5.98596418206275,1.63852943809979,5.27482764925979,5.64446852800928,1.6565138437136,5.53724753889689,5.66515090965052,1.66263677855562,1.37596185554757,6.46563565664137,0.964697863139953,3.6017321711212,6.02555163085682,1.28391566646963,4.11574268766629,5.8771679987501,1.41879191717426,4.67680198678591,5.71252751977671,1.56859329589894,6.2473982296784,5.68589701711726,1.66998410448557,6.84984819467019,5.64059392164814,1.77549926721954,7.55950562662406,5.58229907429814,1.90460583355885,8.26794418783165,5.52585688876845,2.10129325491509,8.78738858805946,5.19500777459573,2.27384451614334,9.05422680293819,4.73690680069247,2.53313972163079
2.44938895611495,7.45282123991972,0.391940128924987,2.52764147094567,7.20502404918185,0.435728652680415,2.71085994342272,7.05758169753297,0.555426547179587,3.00493338657659,6.78955621305937,0.735517921037224,3.0322977175731,6.55357315682023,1.12324273128536,2.95040748895937,6.14093241700426,1.10878642945048,3.10135618371528,6.14705073435155,1.14881460165116,4.49858371228111,6.82821925582965,1.56735707981616,4.80868849012831,6.75410533411963,1.56562483477549,5.06948542705655,6.63827233830498,1.59817311760976,5.0534872738908,6.22633763539659,1.36621871818832,5.31896716837863,5.98782645006351,1.63777012868171,5.26691141160987,5.64140851963911,1.6594370189163,5.53123514820511,5.6605764923272,1.66599465852567,1.36639597520084,6.46006675113248,0.967471456272097,3.59485910601314,6.02936257117264,1.28185128560818,4.11327318162183,5.88988048078789,1.41153528671958,4.66986904594664,5.71630441365424,1.56539742331972,6.23613229623779,5.6847868126052,1.67109835249735,6.84333887098144,5.64212113509256,1.77445828412043,7.55179110013179,5.58333997306866,1.90616746523065,8.25568111655662,5.52930871629129,2.09845045586407,8.77644730542605,5.19477247074034,2.28025595723759,9.04718115215677,4.73908540892663,2.54920202814336
2.36851620831784,7.42218146154941,0.407332672207483,2.47476964245015,7.18894987328393,0.458327216558928,2.64144988549357,7.05479088250979,0.564614152353949,2.9800624429912,6.79230494762998,0.721594734987461,3.01411516864871,6.56052724173824,1.11823623882599,2.93250587596526,6.14033624300226,1.10699990902317,3.07951233263177,6.1482771977667,1.14436356132072,4.49853213271758,6.83010928205629,1.56987359450918,4.80923955087522,6.75423689492216,1.56446816373509,5.06993776433885,6.63825970949227,1.59701165623259,5.04982328924275,6.23083663103353,1.36609132809763,5.3113603519865,5.98958757283356,1.6374829020027,5.25749401533756,5.64269223505775,1.65837583634586,5.52178036356812,5.66124050293227,1.66531915312288,1.35379000136596,6.45130330527212,0.975998131890299,3.58202502137849,6.03266801036756,1.27991464899288,4.09875542030965,5.88406956234291,1.4164061533914,4.65802165456256,5.72105092213829,1.56013254214853,6.2389440645383,5.68083475330199,1.67152393307983,6.84889364070813,5.6413885247563,1.77806308873117,7.53793808453808,5.58404460760244,1.91188588094498,8.26115654718282,5.52737850989907,2.09970070702769,8.77437543847014,5.18627873676623,2.28765397580048,9.03806616669168,4.74090225461936,2.55946932786634
2.29509053888844,7.40496243111857,0.432313272698015,2.40622127284969,7.16467407444535,0.4801609271291,2.60001624078151,7.04502230533596,0.568071559784297,2.94876632799441,6.79397519804299,0.729592420042548,3.00315503309792,6.56090939049724,1.12195041067127,2.91902072529298,6.14082414186731,1.10964251723354,3.06726035183676,6.14543680639147,1.14835702670069,4.49739160220898,6.82976713351293,1.56952239588604,4.80884012733549,6.75583837711766,1.56678333410918,5.06926447681213,6.64019367852636,1.59945096405342,5.04800575522231,6.23085021058062,1.36812823365455,5.30840884162516,5.99002206336135,1.64019644968038,5.25372963010978,5.64099817859163,1.66117511382891,5.5208070426944,5.662180416643,1.66579864268811,1.3453823221296,6.4402457803679,0.988684597636479,3.57430382117368,6.03165428536861,1.28103323282056,4.0956090837252,5.88761665224424,1.41704466547089,4.65439857968876,5.72151721680848,1.5601151586102,6.23596478364105,5.6797474366985,1.67294330913793,6.84361004148571,5.64124595435704,1.77800842888007,7.55681371629383,5.58447887811182,1.91339196364831,8.26537001900266,5.52338440264404,2.100974257574,8.76387634286816,5.18426805823682,2.29280523056502,9.03456466775196,4.74776082069818,2.57740699482228
2.22707796843904,7.35345293692506,0.456193551440525,2.36444834542357,7.14436190771929,0.509875023498779,2.55725239776464,7.02385551764665,0.587987926749934,2.91399480771548,6.79732182417714,0.743943374500165,2.98584322968665,6.56172389045974,1.12933833976571,2.91530301522463,6.14138786355252,1.11268933380501,3.06384823515934,6.14382079538861,1.15298372172659,4.49789997827341,6.82869077444751,1.57010004376362,4.80951751346081,6.75476967110889,1.56703221129473,5.07043727703554,6.63743143449989,1.59642096087098,5.05044920340597,6.23097774563027,1.36831744289889,5.30516385807636,5.98900435872641,1.64136808520244,5.24802460438369,5.63951972033218,1.66326255415595,5.51467371351544,5.66547428039864,1.66339455850545,1.33510964628502,6.43153669585871,0.999904449143401,3.57362656644143,6.03421394066407,1.28186946670754,4.09526130147752,5.88643768990716,1.42161634463805,4.64861634047511,5.7180679585198,1.562155663113,6.22603716879133,5.67881799865609,1.6745758409646,6.83898453693426,5.64108318534379,1.78128521597324,7.52785899445377,5.58433085269544,1.91549588398787,8.2507179110416,5.52809152976641,2.09720493437835,8.76527275115011,5.18361180889259,2.29942833911713,9.02581009791121,4.75332663481004,2.59681839013437
2.16701610088669,7.32309205074602,0.468781248618475,2.32470983750553,7.13322558142316,0.512013732254113,2.51059485905693,7.02716076242564,0.599824236396526,2.86953282933558,6.80773588846403,0.762176173918943,2.969482694405,6.55950159542707,1.13871978068162,2.91251816047478,6.13282080903837,1.12659104921854,3.06421042113727,6.13941801251278,1.1611107509172,4.49818200295901,6.82952098697964,1.56968577254899,4.81074816733315,6.75541797794688,1.56634019524871,5.07098520835824,6.6391905667308,1.59578247262635,5.04743261491745,6.23233928659609,1.36850897470635,5.30018860074681,5.99123117943339,1.64072679826798,5.24007177979477,5.63887839963011,1.65862724503055,5.50809276356811,5.66496476079841,1.66313118914767,1.3256576817827,6.42479284900024,1.01261979397438,3.57249315041848,6.03444117107669,1.28503580789631,4.09112999441174,5.88950617314934,1.42202423734653,4.64392031914376,5.72261825497124,1.5595725195413,6.22647131903865,5.67765008236563,1.67789941528535,6.84347662455255,5.64111446949103,1.78465494337386,7.47403386181359,5.59001891001063,1.8912982949302,8.25345573280782,5.52722024214986,2.09920940425728,8.76983851973194,5.18665413316249,2.30347333075178,9.01666381285536,4.76275444647746,2.61798740700649
2.12202352044427,7.305903587952,0.484743525272972,2.27285116402921,7.10821489731194,0.532340649914528,2.47191362011743,7.01595384617354,0.627218958942547,2.83764405115077,6.81819021501258,0.775435651943388,2.95367158392834,6.56105677145933,1.14972391009302,2.90396674045704,6.13239126369246,1.1300296443039,3.05445955870744,6.13872360698264,1.16305511359064,4.49730078445256,6.83007802235615,1.5706761028625,4.80852872327698,6.75637517564235,1.56746277972801,5.06994095300549,6.64074902233314,1.59663471763723,5.04270865089852,6.24305305879035,1.38725086637648,5.29541806649472,5.99393647122633,1.6407938293052,5.23090896820684,5.64506746430731,1.65404110469594,5.50245584399896,5.66674581490867,1.66235653797423,1.31730126469603,6.41702795323013,1.02402725435642,3.56573185161703,6.04056254539387,1.28601501752833,4.08380820636139,5.89768051623081,1.41736013874441,4.63824632741021,5.72710618917632,1.55784397015361,6.22998243056594,5.6796560670882,1.67431303893439,6.83600953780559,5.64114905780156,1.77854964244393,7.48938499070442,5.5893628599296,1.88931762307644,8.25554564533638,5.52512911632744,2.10042031279075,8.76757777141377,5.18878801889663,2.31016628443919,9.00722209394282,4.77347178627255,2.63603364338489
2.07999822240544,7.29121408231054,0.529399681045031,2.2314148978413,7.08938702576036,0.551710768933589,2.43778588496728,7.00821550714599,0.646707391802221,2.8205501454553,6.82452363653395,0.793407106202817,2.94483939959821,6.56070775940498,1.15864503700653,2.894685989567,6.13060004993791,1.13854647083529,3.04900757113657,6.14104478524903,1.16659020202748,4.49845675009473,6.83035346890519,1.57145069804506,4.81069089665291,6.75546296630685,1.56740556043642,5.0709028769776,6.6404728680221,1.5954099841359,5.03908575310639,6.24150717837811,1.38612710697188,5.28870360078344,5.99501612553145,1.64546490234994,5.22323913108736,5.64622590881743,1.65319304953417,5.49506321143814,5.66778995059694,1.66098519563243,1.3069577702317,6.41110221119038,1.03445521684375,3.55912679442044,6.04012756783683,1.2908688940905,4.07328522268947,5.90651740050612,1.42172319916944,4.62506412072985,5.73278585885364,1.56492692806015,6.23446424208072,5.6791735442495,1.67564154284814,6.8380921229886,5.63941193718151,1.78250038123642,7.52924598443229,5.58673152708309,1.91179211422844,8.23387987074357,5.53296963902631,2.10307127654539,8.76363051888095,5.18993820598174,2.31970893048667,9.00196987370278,4.78053209805355,2.6483238366784
2.0239696084497,7.25743777086402,0.541259721213358,2.20073439646532,7.07597619729678,0.572627885623952,2.41452551337316,6.99881945252898,0.674581563364667,2.7959764899799,6.82970560947993,0.806545064661036,2.93173693211359,6.55938146433026,1.15595212901249,2.88480770807308,6.12929130826937,1.14126709182008,3.0353216744286,6.13557071031511,1.1731102503194,4.49789842060395,6.83212093256203,1.57074374455866,4.81112081646041,6.75704068557157,1.56994434530519,5.07091453700424,6.64237533826302,1.59660859763847,5.03631947127724,6.24322107798982,1.38616612691734,5.28300299836348,5.99770645174772,1.64550207894372,5.21694984135867,5.64616996130939,1.65275624028545,5.48878720512123,5.66711035095073,1.66223196735791,1.29807994073084,6.4062014616616,1.04478425657026,3.54968352339075,6.04190454806842,1.29340357808321,4.06416659279683,5.90645506830722,1.42283526235276,4.62403155239719,5.72387878933449,1.57063377205624,6.23099966625494,5.67850017283393,1.6773113411484,6.84579567662604,5.64096847421055,1.78639605153944,7.48920627431551,5.59360745120118,1.89052658973283,8.2597893409571,5.52473971174535,2.10343412648907,8.75558750625119,5.1862279639651,2.32028469721602,8.99025470082648,4.78738575113088,2.66179416056791
1.9820621806382,7.2294900086025,0.557134544545457,2.18193460782795,7.05691879387388,0.590698460878618,2.38922429323896,6.99461807845721,0.697903924812236,2.77722343546041,6.8344308459058,0.813917178105202,2.916140442613,6.56588773146378,1.15832095718844,2.86977102385325,6.12995883566131,1.13896852226835,3.01920723862599,6.13693633991248,1.17088920830457,4.49614377920479,6.83325672967728,1.57179980405956,4.81100400667085,6.75681139262279,1.56982746234682,5.07039835650562,6.6433197190431,1.59656437705816,5.03377759688302,6.24480638938435,1.38378649991844,5.28063645460399,5.99917487803916,1.64631389722958,5.21512403176129,5.64826906645432,1.65137739238475,5.48578958455644,5.66844320367891,1.6619183187337,1.29117852593399,6.40512226392973,1.05445785240995,3.53952136149686,6.04698508368663,1.28852055615207,4.06060613481483,5.90839811176243,1.42214046365104,4.62279390655179,5.7268206399521,1.56976923887441,6.23979504704201,5.67932423673504,1.67589794089029,6.84669468363404,5.64042688433433,1.78829803400533,7.48765031807691,5.59185826582783,1.89507974758003,8.23750199355073,5.52999051939396,2.10416790261773,8.74774410214294,5.186295388305,2.32017727684266,8.9893743925756,4.79671116202966,2.66959010855102
1.96086586378607,7.20071995989713,0.563188476640755,2.16792879798089,7.05265319176098,0.613887366265958,2.37836624214368,6.99594068855306,0.729477246212086,2.75686928839443,6.84462128497621,0.832087886962013,2.90516485509404,6.56974810371396,1.16537696067769,2.86512919469176,6.13131196959708,1.14404643562102,3.01301830161729,6.13935454683316,1.17519264964388,4.49955695479512,6.83265774581716,1.57170224894924,4.81217612217666,6.75644368200356,1.57026744851273,5.07100053412471,6.64369147603762,1.59562724586818,5.03016776056465,6.24449763951687,1.38061292138538,5.28050065027889,6.00611250832432,1.66018237542913,5.20533524588371,5.64902592358702,1.65533404975516,5.47976552204897,5.66788267578738,1.66225315562151,1.28865686333577,6.40963660905114,1.0623496026388,3.53667118459854,6.04502558315184,1.29142768012737,4.05843106177874,5.91148062026313,1.42142265537856,4.61793163687817,5.72774356091792,1.56948493100628,6.23301321251486,5.67974464416405,1.6745680130307,6.84363331181445,5.63941769182643,1.78749900427463,7.48146562996294,5.5932249630855,1.89251696661884,8.25416403910469,5.52408264909676,2.10334398140633,8.74426405717504,5.18945567261222,2.31922092247669,8.9912868298471,4.79968737929036,2.66578783008958
1.9209331279475,7.17134029561045,0.573402065237102,2.14066744227089,7.04469859255152,0.627775324204998,2.34405853594568,6.99393640471404,0.728713939999991,2.73412842104226,6.84398502305042,0.843517052695672,2.89296866638847,6.5727938312243,1.16792319821699,2.86241676483185,6.1337047809762,1.14805739647743,3.00598303196595,6.14057333034917,1.17567689345247,4.49902889579197,6.83249134280885,1.57129484242566,4.81280985082614,6.75693626691879,1.56948050211847,5.07200550413681,6.64288596875437,1.59382159956373,5.02904745285729,6.24548699376853,1.37822998041733,5.27476362047509,6.00007387574544,1.6489113425708,5.20470369419879,5.64823899025555,1.65642213323383,5.47698705146755,5.66475562321195,1.66394401126223,1.28085517888183,6.40817923608682,1.07427875490676,3.53310986217754,6.04691689085279,1.28998901291431,4.05750840908566,5.91184921065821,1.42160836896865,4.61540796633123,5.73010816734093,1.56826732023836,6.22180652354069,5.67730782186015,1.67505134556155,6.83072223637411,5.63878042659954,1.78510317637162,7.46417546618897,5.59172063844831,1.89238563773638,8.2483046393493,5.52654028172012,2.10065421864511,8.73579197306363,5.19249492401501,2.31732845808308,8.99527898230284,4.80196503088984,2.66394838725596
1.89382043293509,7.15115890619563,0.586241351350203,2.11289710350954,7.03958314434569,0.658797915041852,2.32613672709037,6.98239350474847,0.730608984576326,2.72249757548272,6.83038097750506,0.842588281969513,2.88467540264296,6.5779617446187,1.18043680032518,2.85820195443415,6.13065739680796,1.15124664411467,3.01156080979849,6.1335278824614,1.175633472198,4.49999316086701,6.83042250052535,1.57305301611948,4.813593222543,6.75615362985142,1.57015898396533,5.07262218519561,6.64231342948948,1.59415370970898,5.0282817070645,6.24356834260424,1.37417050885425,5.27466022503178,6.00566102953191,1.66028651923094,5.1989211720981,5.6486572452519,1.65458851266682,5.47314753526649,5.66500272482291,1.664378744726,1.27333215994614,6.40357082146347,1.08679833360543,3.52849982442812,6.04698334974803,1.2920318420371,4.04801794673019,5.90733212921435,1.42734589399286,4.61243007750537,5.73037250272946,1.56776565718723,6.22094604822093,5.67617866383519,1.67671691332108,6.84644545200056,5.6395994700705,1.78988739031007,7.49315033057975,5.58970336549419,1.9010673753691,8.22826947148161,5.52613712187066,2.10390931487534,8.73308231841669,5.18535169173216,2.32215130695043,8.99739611020149,4.80419908959439,2.66267745994656
1.85888451047186,7.12285912439575,0.606790104894281,2.07597363812174,7.03541493923437,0.679897152610166,2.30172571633676,6.97360827961869,0.756779947321584,2.69931215967082,6.8411451161074,0.853319278805061,2.8695363427548,6.58345247431775,1.1887373222201,2.85035105895378,6.12995621710059,1.15190548106384,3.00089577279866,6.13497698835395,1.17685848904216,4.49879704967068,6.83092916875869,1.57271165900576,4.81327315659206,6.75565226020178,1.570123412511,5.07314418161824,6.64229809921722,1.59398867983188,5.02747123775418,6.24304480205744,1.37100660267313,5.27285577732401,6.00345068865406,1.66103713336006,5.19696169652902,5.64769118718679,1.65671046259648,5.46956032311148,5.66291754169648,1.66672405688044,1.26742238266867,6.39860706492533,1.09205393145633,3.52074211459217,6.05132782180873,1.28895277294821,4.0431706432913,5.91171304398744,1.42643104368929,4.60561738793519,5.73137521721007,1.56180218952917,6.21788126252805,5.67411792397308,1.67689806213329,6.84283691314773,5.63704517191095,1.7927972540662,7.48614272874462,5.59095235529651,1.89999637463948,8.22947292627241,5.524859241685,2.10482629764714,8.7299690513717,5.18688561315314,2.3222360900255,8.99880667424949,4.80678123847662,2.6624443479439
1.82553147095193,7.11097264283294,0.608437021357287,2.05175788317953,7.02712142117542,0.68977047328492,2.29044810843166,6.97616147952111,0.764162891500134,2.69012285300221,6.84593229339631,0.870849769570834,2.86424611427953,6.57905051496455,1.20147935670985,2.85280798604876,6.12759047615092,1.15633167850683,3.00428305719691,6.13180706330873,1.18062574016418,4.49972910477199,6.83055971008902,1.57352775196119,4.81411189027743,6.75513232593237,1.57062445463225,5.07295305644428,6.64075622711633,1.59323127560609,5.02554750591247,6.2371345856209,1.35811946505495,5.27015555448902,6.00269538171636,1.66178454140286,5.19644366944166,5.64538214743333,1.65141322823419,5.4661089227235,5.66269526297044,1.66800642366337,1.25801779955853,6.39512286483591,1.09993463116936,3.52228551953637,6.04756452434831,1.29522143974495,4.04451093118988,5.91096509741984,1.4295204992214,4.60343007537033,5.73262226643293,1.56219442058323,6.22089378017206,5.67043775741433,1.67739379659033,6.85165688781648,5.63398673666347,1.79241553225467,7.49634065691917,5.58936416986708,1.8975324396041,8.24814466604152,5.51370667867244,2.10938521710752,8.72606265309905,5.18285631767987,2.32608482683308,9.00091893438409,4.808287635791,2.66046934525469
1.8023512960139,7.11269509087787,0.602199928832547,2.03027104311087,7.03810211649621,0.691273649886632,2.27348961978506,6.98471213898777,0.786925228504634,2.66973309574987,6.85680433650519,0.898512562349453,2.85347802678386,6.57953536622041,1.20902808963831,2.8464838002293,6.12583182075121,1.15788966891535,2.99904333940986,6.13059581113497,1.18362704020085,4.50150728751907,6.82894374245118,1.57469499584104,4.81458377986864,6.7554472913235,1.57009541966534,5.07330383109026,6.64108584894022,1.59187555449572,5.02400243204744,6.24283357311488,1.36426316878661,5.26457175415765,6.00360314362385,1.66116917549338,5.19116583617908,5.64517042727683,1.65235551190933,5.45968054224637,5.66310511238576,1.66799047764188,1.25045028743134,6.39556837510761,1.10565914115537,3.5146625839532,6.04814132842047,1.29727619868462,4.04664054839625,5.91258889174337,1.43105380517731,4.60726190863936,5.73432043481817,1.56849051336468,6.2170467052818,5.66939326952311,1.67795702957062,6.86243762998748,5.62858681217168,1.79520420849137,7.49340930126682,5.58527605515201,1.90208154847969,8.23407903988418,5.51747834473115,2.10824292790766,8.72142378034492,5.18077215727805,2.32815079696273,9.0031157845634,4.80938102021877,2.65978252981492
1.77863880047754,7.08580456498926,0.620595388544133,2.01867768167157,7.03545628522672,0.704480492758569,2.26352110377776,6.98689298229176,0.801064721555078,2.65832060901216,6.86453454817343,0.911027047625373,2.84313538215313,6.58233326167409,1.21360083840883,2.83716394668272,6.12596749274056,1.15746130944594,2.98839311711689,6.13096461777161,1.18606546343549,4.49942294698497,6.83129119892576,1.57483163160227,4.81519523902409,6.75653485461928,1.5716776806703,5.07410407636948,6.6420098148285,1.59320000522126,5.02209455574672,6.24362571906567,1.36347512164396,5.25770399639556,6.00409706113153,1.66090536899025,5.18849746070982,5.64397636476117,1.65100798243989,5.45293847251704,5.66287697243085,1.67015944245838,1.24199487360731,6.39407288976656,1.11122384709047,3.50528629674604,6.05106448332589,1.29542201586696,4.03911629602095,5.91597323137459,1.42977274431434,4.59625573534626,5.73833997773661,1.56183032468719,6.20223514428236,5.67031835390701,1.6778775264809,6.88974196168198,5.62620316843664,1.81094459090277,7.60804641702872,5.57731690647198,1.95371837047719,8.23474751077642,5.51621603304006,2.10907060857454,8.72055857573873,5.1751304702119,2.33341914922771,9.00693718180684,4.81227327562516,2.65937340647715
1.76053332616558,7.07803815393048,0.631496783790771,2.00258530791213,7.04009569704434,0.713985314733315,2.24997454739665,6.99343574652958,0.817069995126755,2.63983747601987,6.85806779843228,0.926774511161716,2.83538534238449,6.57841738727512,1.21002144623544,2.83221119480457,6.12544489276874,1.16180544666914,2.98144453873551,6.13100866372336,1.19095163089096,4.50146136711503,6.83188266611704,1.57563642185364,4.81555645909358,6.75596514973089,1.5707575927109,5.07404635804406,6.64073250179399,1.59288742030275,5.01827199264581,6.2417579534993,1.36272797310026,5.25394778296466,6.00204575211177,1.66336895603432,5.1830487478439,5.641698601222,1.65316554773546,5.44805776607351,5.66256094338749,1.66997841899439,1.23757863600281,6.39380256006535,1.11628639026197,3.49910624518281,6.04923454548355,1.29738465539084,4.03506342941653,5.91725140061659,1.43136024895896,4.59056461037557,5.73556326502717,1.5636195391268,6.21277788275361,5.66729597388589,1.68107618359367,6.84739038108768,5.62577578838972,1.80260441332388,7.60496391381966,5.57839657875916,1.96201781416509,8.22826141495626,5.51594087427689,2.10984573630794,8.71838822964264,5.17094220295834,2.33703860562098,9.00940073038644,4.81505119241188,2.65837567017748
1.7413671009955,7.07995412677479,0.63767278239573,1.99639326998648,7.05287788759412,0.737342480492973,2.2313880010168,6.99750152434163,0.824827207533106,2.6232070350964,6.85952076973908,0.943483124848892,2.82182608779323,6.57856467108231,1.21199347697126,2.82688914166604,6.1249679227737,1.1645002405865,2.97480025830206,6.13021277561852,1.19332195568568,4.49891846093502,6.8323140591695,1.57519996817007,4.81519845294683,6.7553868894353,1.57044589083621,5.07427245401989,6.64084202490714,1.59360099078938,5.0118518286259,6.24105639182156,1.35727336953701,5.24579148428839,6.00231602558076,1.6636479641668,5.17467573193399,5.64157348286462,1.65373582880381,5.44673064119168,5.66440516474826,1.6700425616716,1.23301942863749,6.39325132213411,1.12101487577339,3.5010537278674,6.05273563074441,1.30669178923785,4.02946257761592,5.91682977802135,1.4336975444181,4.58325355048754,5.737535756573,1.56566196700208,6.19306567642441,5.66877500588754,1.67973423006769,6.79621373559509,5.62717108194374,1.78643331939783,7.46035318898517,5.5850025107254,1.90548679172144,8.2142118886827,5.51745464855128,2.11064665655738,8.70789878450381,5.18800492836245,2.32575355596326,9.0122332943102,4.8179617860454,2.65627682045475
1.73039845963665,7.08267349094911,0.635396100076077,1.98882976612691,7.06018562122014,0.745330136104918,2.21634749506784,7.00394872010059,0.835832348616346,2.61473460029888,6.86654301879269,0.951107280275733,2.81437609569762,6.58027417517599,1.2150802406577,2.82489872853247,6.12351897756214,1.16780682384665,2.97093770461567,6.13073335900009,1.19689922025723,4.49703984228244,6.83166344136423,1.574063616109,4.81484020253382,6.75449585490647,1.56940281473222,5.07498585467328,6.63983475188346,1.59334873671124,5.0072153662801,6.24405548517475,1.3578322539231,5.23992469192344,6.00959830876889,1.65985666022516,5.16959907665357,5.64282052824025,1.65359708426464,5.44366392170427,5.66610901371284,1.66956421004044,1.22797581412141,6.39335598599931,1.12443954610477,3.49660933720736,6.0572064034182,1.30665949467746,4.0276683174157,5.92468402391074,1.42928205627562,4.57883215333709,5.74243817740036,1.56355612960293,6.19506170478082,5.67930807889241,1.6727040979511,6.81753988507266,5.62460252232518,1.80133239998744,7.46281058630177,5.58325548528641,1.90870441286038,8.19509438578333,5.51952985439455,2.10756509083619,8.70133087868988,5.19152608930131,2.32412227093873,9.0144973985385,4.82195650908803,2.65464926836771
1.73114383666122,7.0952772818987,0.639368735243212,1.98042097248927,7.06706448614584,0.761809930622923,2.17642292209002,7.01879414137792,0.836665562012247,2.60405376388944,6.8738109768833,0.96881868986968,2.80555485850234,6.58530565439757,1.22206870106511,2.81739327584084,6.12399991238025,1.17083562791052,2.96351702915673,6.13179640639184,1.19883494563266,4.4956176628697,6.83198478294862,1.57403163482055,4.81378207066432,6.75614544421888,1.57112483799479,5.07472776049184,6.64015782089757,1.59394911068637,5.01383525387431,6.2508786557668,1.35440789067933,5.23601848909994,6.00947300521731,1.66318769719387,5.16657203237279,5.64516876644613,1.653359756898,5.4404105794219,5.66757851029968,1.66999274197313,1.22256088890219,6.39427963010144,1.12976539970867,3.48773603399433,6.06055096672778,1.30767541488556,4.02094066441868,5.92077054405841,1.43282299960806,4.57584820819474,5.74416437249579,1.56515553759013,6.19470976181344,5.66849965381124,1.6814761312581,6.80111485759035,5.62234631829537,1.78958465807031,7.39509840503497,5.58674863242983,1.90853613278285,8.1956415789562,5.51417537391854,2.11167148782683,8.69810750071099,5.18426317719371,2.33017277965798,9.0165086951619,4.82547999120587,2.6512241848985
1.72033082182797,7.10280191464853,0.645890594865671,1.97036708265239,7.07647080184094,0.773910443667234,2.15852052338886,7.02570184747393,0.85085584236968,2.59405484329483,6.87742787218377,0.979800834046243,2.79733701719602,6.58737132791214,1.22766003193918,2.81258705147666,6.12478580284319,1.17419133403279,2.95975789653409,6.13214190746425,1.20196833625047,4.49495245397513,6.83086272323068,1.57334385075143,4.81305212973096,6.75494309415669,1.56892919333944,5.07447397314081,6.6393487356419,1.59345264730723,5.00942848644464,6.25298888294534,1.35493313192988,5.23265476683965,6.00833328354126,1.66382496137402,5.16184659501526,5.64467829685846,1.65561615855837,5.43236560738391,5.6671363876459,1.67194281372204,1.21578730527796,6.39525461320153,1.13204826906114,3.48362198317082,6.06033909609446,1.3098900693366,4.01942731057607,5.92340521338447,1.43287025451136,4.57191397400459,5.7450067965107,1.56611528863322,6.1856700385998,5.66606404330548,1.68128225222903,6.8153022287661,5.62347033202072,1.80221573689443,7.39332731606991,5.58421442947496,1.9105740390777,8.1879730299549,5.5098355529305,2.11043919680134,8.69370469669913,5.17540364722114,2.33811148731374,9.01968759401095,4.82885842751093,2.64941733839148
1.71112807508016,7.11551439865078,0.662476002530402,1.96068592292199,7.08563152694249,0.784772351207914,2.1560341400533,7.03153894726668,0.867966264025679,2.59107134094166,6.87968367785132,0.98714120107421,2.78865347381798,6.58902209941679,1.23242048440907,2.80840877537715,6.12273617872595,1.17681746617057,2.9540043289277,6.13178320762981,1.20381314395659,4.49465863887706,6.82953826843529,1.57487547823937,4.8138319301881,6.75449151607338,1.57074913965077,5.07612379225647,6.63967852752424,1.59548706323014,5.00819202902523,6.25495735278969,1.35543680066671,5.22803181939622,6.00827633368642,1.66683837590362,5.15674030261057,5.64527886902318,1.65622573640734,5.42619565862834,5.66776061217083,1.67253275104812,1.20877524288262,6.39752314552795,1.1344398214665,3.47785998042503,6.06354961013057,1.30946696133261,4.01680201268592,5.92529350545348,1.43348061696703,4.57238133293466,5.75045082118294,1.56358516647884,6.18106630152733,5.6648766199676,1.68350347613483,6.77604225172528,5.62390228647188,1.78729108178815,7.38850018479577,5.58190881573075,1.91219952056028,8.18507162892923,5.50681729235486,2.11543245890269,8.69300899237403,5.17066073932331,2.34100012138232,9.02154054128513,4.83127914521502,2.64797842461988
1.69639214430201,7.14156807612303,0.694526934866621,1.94665015250697,7.09872657500282,0.798035214461742,2.14524466937387,7.03594264235492,0.881439482764963,2.57160373167443,6.89246860441848,0.99995268792792,2.78411882448124,6.59018189113058,1.23472339048375,2.81001847033374,6.12253488326743,1.18254339931714,2.95659420590403,6.13086503441855,1.2112955902251,4.49205212655997,6.82907679343638,1.57346462490911,4.81144016776287,6.75343567273425,1.56931765694595,5.07612286311932,6.63645631524348,1.59310998273714,5.00519302213134,6.25671571635964,1.35484194522462,5.22236623822715,6.00828671635856,1.66575363313358,5.15540222921683,5.64813602244354,1.654502335627,5.41884085330388,5.66870434219029,1.67313789766648,1.2020408296781,6.39925447955173,1.13681497261501,3.47534333250406,6.0614545217924,1.31361759572111,4.01421427415162,5.92471810301954,1.43482778161096,4.56521345690219,5.74931666221327,1.56553267613981,6.15552556980277,5.67513433694408,1.67738802678204,6.77005181050331,5.62295906244128,1.79190061901003,7.39061525699475,5.58048732767838,1.91363939966863,8.17860349834006,5.50645948388802,2.11539381649292,8.68768812051518,5.17270769141415,2.34150178969307,9.02231570509225,4.83366052317947,2.64584391096051
1.68596758990141,7.14877250959565,0.710348606764915,1.91440771950214,7.11783686352871,0.810005780435556,2.1460517221923,7.04609645734742,0.909383259054932,2.55573510671244,6.8866995773032,0.993363910871695,2.77707687349541,6.5887898023362,1.24280786590261,2.81055057418542,6.12363948074155,1.1870938016287,2.95624538739365,6.13217214151166,1.21521396558765,4.49306825232859,6.8297753996688,1.57452179867923,4.81125289225828,6.7530086995553,1.5695668001716,5.07757464149048,6.63450013173947,1.59432803393781,5.00334866880152,6.25637069439837,1.3538485209891,5.21669861730479,6.0054868118571,1.66554789181458,5.14729277407375,5.65127308276556,1.65348792187806,5.4102267267101,5.66882293470896,1.67319239725077,1.19576387030746,6.40273282033231,1.14216435392116,3.47851158243046,6.06421320967014,1.31579108212762,4.01452169127734,5.9285515396018,1.43467890099145,4.55844373809411,5.75514632137794,1.56387703191223,6.15204511846858,5.67351801331647,1.67819232334423,6.75869933053597,5.61957066076925,1.78964908690462,7.37836139061553,5.57662963065232,1.91618283633915,8.17639222685819,5.4989079551073,2.12066030040857,8.68695497106014,5.1720825939971,2.34433355040928,9.02312062302821,4.83495258847276,2.64376527584054
1.68454603669822,7.16549482155209,0.751819303505197,1.90258316450933,7.1239082221696,0.821522141955468,2.1120534928975,7.05396837071971,0.916084099262749,2.54740823825102,6.89024855340146,1.01107337843796,2.76839217049251,6.59024722197922,1.25115584068871,2.80790770983993,6.12297855734704,1.1922296765417,2.95359769310835,6.13070329737199,1.2201759940149,4.49503157788318,6.82895411884515,1.57518226729851,4.81149930016449,6.75309503717408,1.57037960041629,5.07903493072665,6.63578755422429,1.59430066091364,5.00164051837957,6.25684380151776,1.35485253487372,5.2146330359062,6.00494387547963,1.66650228901652,5.14284985640989,5.65102022627165,1.65621150631485,5.40515613061593,5.66611605411318,1.67365387096962,1.19050148332558,6.39995293061469,1.1478578202237,3.47605765486169,6.06169568209593,1.31949218619083,4.01291171923884,5.92800584258751,1.43601563667287,4.55413520146815,5.75212963662625,1.56809870740876,6.10997494224696,5.67550374985163,1.66934132122138,6.767371246385,5.61392295013873,1.78544693048325,7.37701610792282,5.57333888212526,1.91700580581164,8.18004330835017,5.49537539234975,2.11984146026864,8.67671878033961,5.17060350869844,2.34009773283501,9.02465674158035,4.83531276290161,2.64037353803295
1.70231139910546,7.16008692203168,0.764990012813932,1.93630965207753,7.13125917665624,0.868936018136727,2.250090401679,7.03742853606691,0.987595246120104,2.53623643944677,6.89478025453687,1.03983734791819,2.76238808476898,6.58962652817347,1.25697146369626,2.80056650929366,6.12332464094469,1.19480395593615,2.94554414381788,6.13046708703345,1.22398887669349,4.49203603219839,6.82817649673438,1.57496648284781,4.81126256331292,6.75176141613147,1.57057419005903,5.07885015151871,6.63504578757581,1.59678857301484,5.00263131790545,6.26006074605731,1.35555175346003,5.21407257716043,6.00320689938797,1.66624309148314,5.14194427020433,5.64945356099254,1.65867860608456,5.40173397440546,5.66611554545104,1.6786408346544,1.18611431896469,6.39948530617613,1.1523435884267,3.47110290217783,6.06327716273875,1.32039864445693,4.01191800891088,5.92684088089416,1.43808118580336,4.55681112049156,5.74855507590219,1.57004210330607,6.12565020747308,5.66952188834873,1.68130639896452,6.75931703460498,5.61512191122562,1.79618870660466,7.44699637449149,5.57035865582382,1.91841111047723,8.19236543720117,5.48974140782682,2.12732620567486,8.68204529736309,5.17265225297296,2.34766880543452,9.02472301261842,4.83581863233364,2.63786396401277
1.68270582946588,7.17931972121117,0.792603644740649,1.91922959770776,7.14312895503171,0.886284383054971,2.10469962936787,7.06306257656699,0.947641908072603,2.52713769124518,6.89965410822469,1.05379342757343,2.74242753037214,6.58891489146043,1.26647638399237,2.78242752464587,6.11988768704186,1.19171185671241,2.93043046466056,6.13485648687033,1.22365569474595,4.49447732630129,6.82922513906313,1.57761871938106,4.81334293683178,6.75213582828712,1.5703684152079,5.08029828230333,6.63488463691597,1.59390066806708,5.00310602257076,6.25841445179064,1.3506125451701,5.21200067578625,6.00359991563075,1.66418076263646,5.13830954507193,5.65024745333017,1.65891256996845,5.40148600815084,5.6648123415137,1.6778082671287,1.18009556070957,6.40176881586304,1.15958204936839,3.46197551787023,6.06515578939796,1.32053000895772,4.005215021509,5.93228485336763,1.42845692320011,4.54754014004015,5.75621459787713,1.56694048259876,6.12868660245331,5.66986665381994,1.68093328003876,6.74552413962907,5.61383247923566,1.79151819706461,7.38711865726319,5.56901394466743,1.92351926404402,8.17753002553794,5.49309366717334,2.1230613536495,8.67292994256051,5.1728613311939,2.34128080052135,9.0253892918617,4.83705778728015,2.63432757742124
1.64535996764894,7.20953164902858,0.824600873685633,1.87599064876089,7.17279507540784,0.907612075825478,2.08054801730229,7.11862377594428,1.03491711320488,2.5224982167206,6.90549927605747,1.06536508692187,2.73831483391022,6.58769781805352,1.27159285452094,2.77476736761211,6.11964300486093,1.1940452067817,2.92309528439981,6.13459767550422,1.22547164147683,4.49378390163169,6.83104980445245,1.57821668649205,4.81331231629119,6.75345320863894,1.57138638641229,5.07896565343107,6.63594800651207,1.5960926694406,5.00258939113743,6.2576442612493,1.35047834539054,5.20772561825297,6.00327318099262,1.66399141379127,5.1346470076989,5.65039204938885,1.65989697171533,5.39755911491148,5.66487306612034,1.67789357445667,1.17467098130616,6.40086507450289,1.16457313174107,3.45398271315568,6.06647683670636,1.32169160238242,3.99733820683129,5.94191064687456,1.42353325516691,4.54684394095435,5.76621977041324,1.56127353841366,6.10241341341897,5.67195180083086,1.67465748259309,6.7531945562338,5.61300635176138,1.7972018527104,7.38368985621488,5.56903200272694,1.92312200703429,8.12771435593016,5.50043400794905,2.1106186500405,8.67714000762845,5.17407840693486,2.34877424486825,9.02797625609233,4.84092896735061,2.63007344969496
1.61925718170683,7.23098766798655,0.852790168037384,1.86869558512918,7.20009169249426,0.95665839502323,2.05319121570672,7.12032945400902,1.03789313931847,2.50775062668083,6.90955501785501,1.06820624745515,2.73037433721025,6.58678455289266,1.27510091591628,2.76360814774854,6.12231972790882,1.19356387227262,2.90973717624159,6.13602141169755,1.2250675458989,4.49460767422174,6.83253288796863,1.57919295401706,4.81231228396036,6.75446250897488,1.57240885665861,5.07800536745203,6.63636254352926,1.59712467288518,5.00193010958623,6.26065797491404,1.35082245838927,5.20413386161108,6.00367773530427,1.66541570266133,5.12993508044618,5.65274755391638,1.6594710340587,5.39389980974858,5.66350788144428,1.67836652550606,1.17052431349502,6.39955550254414,1.16953304629521,3.4455546555388,6.06728847224047,1.32192899765933,3.99074979331038,5.94197562054774,1.42375305914103,4.53761362062226,5.76810867206086,1.5610424367645,6.11834944786989,5.66998812236614,1.68145947483729,6.74351982154107,5.61370465970212,1.7938725229207,7.38898205368805,5.56795476599677,1.92173842160905,8.11695320204833,5.50242090709015,2.10979359042718,8.66694975484202,5.17720257565642,2.3399800054485,9.02842428832889,4.84241434826349,2.6278015999508
1.61334615432432,7.26315009601328,0.900698817318874,1.86757800082263,7.21154563136103,0.982539023838098,2.06540730020718,7.12520883081554,1.06429997861604,2.50546850802672,6.90665269453449,1.07179153624374,2.7266093562834,6.58794291509003,1.27961857624229,2.75747453653028,6.12122251119976,1.19651668945203,2.90534494437172,6.13474347276491,1.22812436084881,4.49464493479142,6.83383577098125,1.58029357977771,4.81289008409022,6.75452891489426,1.57087917360333,5.07906298057446,6.63556790205786,1.59504840219831,5.00312640672343,6.25928069859086,1.35139129456985,5.2038153068904,6.00261279396635,1.66369426325154,5.12789248919779,5.65140859533741,1.65518466771122,5.38930419077366,5.66446608846307,1.6764955932162,1.16542942655206,6.40040360895374,1.17787059082785,3.44893371934204,6.07101782675299,1.32136481948679,3.99217182541269,5.94297851271457,1.4251282665384,4.53937266997963,5.76581419702061,1.56309349518853,6.09499648395973,5.67249050798306,1.67466248286434,6.74556409230979,5.61454628371245,1.79805303940818,7.38295500481245,5.56890732682881,1.92328138815805,8.14614730809283,5.49899268011195,2.11803205281989,8.66121102927519,5.19079465646441,2.3316838393782,9.02651149289951,4.84551805180303,2.62590051416862
1.61867425914465,7.30674977486713,0.964825241577023,1.85960945557977,7.2274988806718,1.02882897454251,2.06885623049345,7.1356769621794,1.09014583092196,2.4947128453767,6.9057051105249,1.08161205959335,2.72424202825326,6.59154095542674,1.28479146592132,2.7522551761122,6.1205589182372,1.19932829806246,2.90377104984127,6.13365673827938,1.23110384509868,4.4949546067379,6.83390157169736,1.57944711102809,4.81391689520178,6.75415168251862,1.57011501576487,5.07864282921394,6.63421476124487,1.59339231545983,5.00428298133067,6.2606679872705,1.34738101847056,5.20096556104122,6.0023062198391,1.66144197956145,5.12463815440338,5.65088513138046,1.65545698548106,5.38625646469181,5.66440102158818,1.67604924445488,1.16198237425613,6.40120339255188,1.18518921265493,3.44596749855411,6.07016061471558,1.32340787999466,3.99081728335785,5.9414449492564,1.42745635896368,4.53939634070431,5.76806633555978,1.56006193982534,6.11878834188368,5.6693417244558,1.68355272969919,6.75469384131351,5.6152580581118,1.79991114720267,7.41737082499569,5.56673967638384,1.92289663538647,8.10400178972052,5.50698893961903,2.10657916152628,8.66215573523893,5.19042576383702,2.33165331937464,9.02373114544254,4.84790328493295,2.62376183047065
1.60171952040738,7.33741997506964,1.00375360853667,1.85873992202829,7.23494124446343,1.04805555604239,2.07690382265164,7.13946930565718,1.11939972505762,2.50362842254017,6.90026334194071,1.08370330501794,2.71832277968183,6.58685929445874,1.29200033079029,2.75359045963702,6.11843412429416,1.20328837320607,2.90325036719427,6.13182036630394,1.23707807919862,4.49508284054792,6.83429528554681,1.58016906209334,4.81382184515009,6.75379838899985,1.57024771218233,5.08041553170592,6.6346358087731,1.59505981842164,5.00393672709297,6.26286917736721,1.34764979437544,5.20009677402612,6.0028256431752,1.66222057777815,5.12120200352452,5.65117130951058,1.65520961347856,5.38241094825065,5.66401730417199,1.67550495764562,1.1567301698327,6.40286372342755,1.19330934491573,3.44513955303595,6.07025198021143,1.32453765403125,3.9934818389831,5.94383076635255,1.4270532757524,4.53442706504408,5.76991957967683,1.55984298604373,6.12143299018302,5.6703403801044,1.68423079875345,6.74624689633747,5.61622864542396,1.79829718591134,7.37965887708792,5.57247942527006,1.92086910807805,8.08932804548594,5.51216256226022,2.103638424825,8.65992498623518,5.19390525591609,2.33129818969297,9.0209033001538,4.84903924152429,2.6236353869382
1.57838047841031,7.38105873315827,1.06043675185391,1.8503032456283,7.25736286669571,1.08422292951738,2.0715271604372,7.15282523632764,1.13451281576294,2.48958313797669,6.9085838802222,1.09257914934335,2.70580083417481,6.59088381442993,1.30029278440316,2.74562072472202,6.11929517602674,1.20547022542026,2.89416920319687,6.13168878032352,1.23846433073571,4.49681598944313,6.83614249755673,1.58226577338265,4.81555731302163,6.75490609098532,1.57276890323692,5.0823395542096,6.63542730567123,1.59503241685692,5.00533841892786,6.26343796836893,1.34065336615472,5.19536408645942,6.0041485232119,1.65661421485465,5.11447840073044,5.65322973601518,1.65284563265384,5.37528128400975,5.66587120951392,1.6721093337656,1.15203565236831,6.40136035373823,1.20055443605758,3.43220247441969,6.07220960101612,1.32518731771849,3.98457763841304,5.94298371512496,1.42822530226358,4.52548327535381,5.77145334698247,1.55952608955412,6.09360799792039,5.67525990018979,1.67164805266212,6.74038826334358,5.6158415612729,1.79483450673987,7.38726510190376,5.57279910232274,1.9210756014108,8.09427139777626,5.50957337631706,2.10543430875097,8.65756484663235,5.18302714995841,2.33919495534392,9.01951557847345,4.85211920313457,2.62215644348891
1.56134258947872,7.39014959348649,1.09235199814363,1.83309090967675,7.26512554371417,1.11508567223489,2.06854562770539,7.16234070468238,1.15029370785371,2.48520659954195,6.91377837844771,1.1095542201281,2.70617355372024,6.57844586868306,1.28904483295508,2.73860952599307,6.1206734162525,1.20924032779203,2.88917425718413,6.13225737555291,1.24288218322957,4.49718244933891,6.83584952857114,1.58368341139456,4.81600618059679,6.75358472886039,1.57317124593562,5.08138539817433,6.63354065008204,1.59535240518619,4.99987623506784,6.26610658092438,1.3380745662873,5.1916553997281,6.00295372607337,1.65447631110376,5.10904353640444,5.65191777030838,1.65264757963224,5.36931916508047,5.66533143829666,1.67114058629328,1.14542566321186,6.40065145022874,1.20989057481627,3.43535149819452,6.07231927844345,1.32639323936665,3.98874049924437,5.94570126300716,1.42923305610693,4.52875512110438,5.77214324350455,1.56080424808946,6.12281286841494,5.67016547137348,1.68155644710544,6.75854083960043,5.61496394304583,1.79734716036923,7.41808416478686,5.56684488830192,1.92444754937276,8.09051328959338,5.50946863665147,2.10569263674914,8.65519617790366,5.18939886328674,2.33688923549015,9.01939636392098,4.85435660367143,2.61798585022219
1.57418560150617,7.40549727114946,1.1532592042361,1.85526169199249,7.27179123392691,1.17237057669974,2.10662345678401,7.16197707971658,1.18756238345968,2.49629667116444,6.91845945748772,1.11042864871377,2.70326633085109,6.58131495139855,1.29188565468066,2.73031331534656,6.1230378576113,1.20962404866224,2.88023135409048,6.13573954458475,1.24292217456314,4.49715412155639,6.83599851179081,1.58411864863506,4.81690412680241,6.75410660425081,1.57416081871033,5.0824569439246,6.63394746066287,1.59422577260099,5.00296515411307,6.26885839901355,1.33523068745785,5.18841349464997,6.0038414592873,1.6535316643385,5.10588711928934,5.65245367390466,1.65225662164079,5.36436142357335,5.66478412870695,1.66930923487745,1.14367139522783,6.39983452065861,1.21926732998268,3.43018970599602,6.07258657705166,1.3271027768963,3.98128986687808,5.94362178802877,1.43097824760397,4.52728753750135,5.77039017714096,1.55974881352399,6.118837393123,5.66895229541024,1.68188285661665,6.75136911381601,5.61492960447987,1.79589878225837,7.41458914381074,5.56506732534484,1.92442998833407,8.09119892812952,5.50827256959314,2.10651175314403,8.65211804913087,5.19007689669214,2.33832478085375,9.01914351204392,4.85619270495655,2.61362852049896
1.55651201243033,7.42984341310745,1.19503327882311,1.79724072044032,7.31441084457549,1.21291233169472,2.01967024068228,7.20880662411469,1.22176355584713,2.48875688392745,6.92066899816075,1.12471384851244,2.7033880290596,6.58392185740248,1.30307879306694,2.72701804232818,6.12279487812917,1.21741444830344,2.87694359812203,6.13570098382887,1.24689841283628,4.49680947894655,6.83472865419675,1.58426981286557,4.81829950804885,6.75365641511262,1.57492434135046,5.08368355303263,6.63328037818744,1.59616160035613,5.00545901448177,6.27066681074155,1.33479256807965,5.18896051028517,6.00222656625866,1.65097956778946,5.10275185391721,5.65811015145552,1.65842499353034,5.36191164094994,5.66284083517596,1.66928853490533,1.13732892819875,6.4001281735689,1.22660521877242,3.42852711908645,6.07135120761916,1.3305977746724,3.98097269164655,5.94188896744615,1.4332416498774,4.52585312133178,5.77325315608125,1.55627238596204,6.11190293491971,5.66742022146114,1.68195016397715,6.74422337460535,5.61369722891561,1.79235537937065,7.41692838912709,5.56307500106361,1.92568617389923,8.10096591645842,5.50103464797549,2.10857276541312,8.64875115119258,5.18963413973537,2.34037398690262,9.01968308469101,4.85877609867356,2.61084668723995
1.56950440076981,7.42561162176576,1.18806684538558,1.81075383318462,7.3278500533352,1.23153142147235,2.03570364557504,7.21596425591429,1.23127223054587,2.47480065086495,6.93124699849572,1.13281772583401,2.69965410811421,6.58860593105879,1.30827763523666,2.71789029487296,6.1235447106041,1.21882477783063,2.87525402029341,6.13475167463648,1.24058825598082,4.49717018767007,6.8348316678871,1.58371227284518,4.81777852189375,6.75306862948721,1.57319234533154,5.08327742732438,6.63249537746739,1.59375340048989,5.00370404903988,6.27342784608296,1.33540701098782,5.18550415540421,6.00257332921945,1.65084894607523,5.10293305820875,5.65246206409449,1.64981943039348,5.35785308767577,5.66332183948589,1.66664887278269,1.13047877397205,6.40149593193652,1.23518102672248,3.42226452843186,6.07358290031741,1.33115287361387,3.97898205197354,5.94118067444682,1.4348627757011,4.52562085314232,5.77068336179303,1.55716756329339,6.10836011694628,5.66791467810637,1.68287975337698,6.73832848474729,5.61058287893549,1.79358721485727,7.41490673921727,5.5603207370139,1.92744451340619,8.09733366067779,5.50066424152068,2.11086560182854,8.64642065494528,5.18909843853647,2.34261276807404,9.01798965491913,4.86085273041378,2.6066044939231
1.56986104711916,7.42605136497566,1.18804664478001,1.81089260071496,7.32823516543306,1.23233351116194,2.03680717204005,7.21710458664883,1.23555135166912,2.47082327922805,6.94160778540166,1.15502343566088,2.69234594198913,6.5883906312209,1.31914692358931,2.71197354866151,6.12220913825365,1.22301337351097,2.86696471731804,6.13387086638965,1.24594405650064,4.49543071338995,6.83334112489677,1.58211799123539,4.81503183493918,6.75254968608739,1.57261952219631,5.08308158676437,6.63198255521364,1.59370606027115,4.99931311815904,6.27103450081939,1.33409017853033,5.18265891553164,6.00119257014662,1.64851496885166,5.0955807971636,5.65630155159277,1.64692350029928,5.35275182806926,5.66244061159792,1.66579646351395,1.12481816495042,6.40099632961993,1.24239310124627,3.41256000957825,6.07223136474927,1.33312963743387,3.9743813944599,5.94257181967192,1.43448685214493,4.51747798274332,5.77273517673356,1.55574382223198,6.09815686014126,5.66895039165372,1.67036299713202,6.75171130598252,5.608542711915,1.79722732714252,7.43271065281633,5.55856166083795,1.93552810943863,8.08828793913273,5.5036201477597,2.1088621309652,8.64192822882841,5.19415471387751,2.34020308288876,9.01655254032319,4.8647477063861,2.60293350915889
1.5641877611669,7.43286418275482,1.19405226428269,1.80547842666154,7.32835582111935,1.22923760029322,2.03264201359246,7.21675730407536,1.23262837573821,2.45371898055045,6.94450248378241,1.14305751689342,2.68349214663537,6.58875743051254,1.31764994023269,2.70502598450082,6.12212632463091,1.22161532500266,2.8590734598196,6.13594666206961,1.24630581487182,4.49537281285583,6.83327842382512,1.58277349229212,4.81534192898818,6.75356208662072,1.57330182196148,5.0827445711553,6.63314559712691,1.59389755021768,4.99848389707257,6.27288764506985,1.32990366286001,5.17786780710474,6.00111118020704,1.64617128997115,5.08771472541117,5.66088297753503,1.65291563869327,5.34489745861508,5.66260294295568,1.6633343413667,1.11912720566956,6.40406755856109,1.24875472909678,3.40413540015526,6.07233764576427,1.33328605336354,3.97033807704519,5.94143590397076,1.43445603951722,4.51529444560744,5.77308599110357,1.55642388515837,6.09637602905448,5.66841900188256,1.67081702417491,6.75826428581363,5.60923346210612,1.8027429303094,7.41140475299266,5.56123771314665,1.93610285872777,8.06473149233264,5.50962702848743,2.10554167131967,8.63784495063506,5.1982651229838,2.3385696708263,9.01746598050652,4.86670171425463,2.59906598960781
1.56526398172617,7.43224817138869,1.19432707336338,1.80640707610808,7.32762748062974,1.22911884185729,2.03396212799497,7.21765379967199,1.23508770612615,2.44827673861813,6.94487957061926,1.14218246702336,2.68015794873462,6.58270828708246,1.31546612205969,2.69702046180693,6.12181258668889,1.22471270955609,2.85611302407295,6.13504550808316,1.24839026158116,4.49436139425764,6.83236660161934,1.57959032878438,4.81406555844408,6.75243866290483,1.57145143192209,5.08126131002473,6.63248857048063,1.59305303609663,4.99397539218537,6.27223129795255,1.32713426850564,5.17273527727166,6.0010348251725,1.64464621138111,5.08440843651932,5.66116029404426,1.65247476581476,5.34229075529231,5.66271075883572,1.66417684787098,1.11334413744109,6.40885331176861,1.25695808706504,3.40274565550315,6.07124207206198,1.33364890833326,3.97098163996371,5.94342825378974,1.43230053537224,4.51327643507999,5.77507171589388,1.55587453548311,6.08636898397288,5.66923092584271,1.66612273650099,6.72110197578485,5.61094345089644,1.7859607188098,7.37706625858814,5.56395781794209,1.92134645780444,8.0531775487332,5.51159323667613,2.10419688679492,8.63589256344833,5.20409290945356,2.33688328250925,9.01635646450669,4.86792406347393,2.59512760239906
1.5660780059502,7.43338886292667,1.19286378122318,1.80707349753453,7.32812114002487,1.23055749408277,2.0316430209617,7.22195299134003,1.23904983371381,2.44527196683301,6.94776536545303,1.14124004865286,2.67273133973262,6.58354993865118,1.31654469192761,2.6904213870305,6.1206334698204,1.22795674799867,2.84822179539296,6.13361032086545,1.24872899836599,4.49311798373322,6.83386252457563,1.57890027843548,4.81410861709587,6.75444669228084,1.57309438847279,5.08170755858812,6.63382257647551,1.59314853731938,4.99589273535266,6.27406736752339,1.32759795585742,5.17035523755031,6.00329780134544,1.64380133273388,5.08261686045457,5.65798415676893,1.64611388561229,5.33736792974036,5.66405236790552,1.66408411467625,1.10830821360493,6.41043223858533,1.25940321078837,3.39515507751324,6.07123657729986,1.33328345269657,3.96217913941307,5.94275026509179,1.43143537757762,4.50928450743765,5.7762359164971,1.55634055863578,6.09101761619025,5.66905204481749,1.67047999085938,6.74335556142014,5.60784297497602,1.79541374029314,7.39425252944709,5.5622318605069,1.93218061269874,8.02916003390057,5.52019030203575,2.09965202118825,8.60845746615707,5.24072512542192,2.31338846796367,9.01509793139653,4.87126995496508,2.59217863173061
1.56697769549273,7.43394949347344,1.19415995864865,1.8093716819188,7.32851203343635,1.2306913404418,2.03189085654497,7.22273944584425,1.2397209223771,2.4407801707928,6.94429754816479,1.13485589752042,2.66810520282305,6.58735416816543,1.32930489657601,2.68290826766113,6.11959534001839,1.22694573251337,2.84165249802719,6.13467936161607,1.24864690153179,4.49293765018117,6.8341250027055,1.57878887347363,4.81385791394994,6.75251231668204,1.57049611798752,5.08135848787988,6.63377599810614,1.59212116062049,4.99342713260932,6.27531461269132,1.32321107990582,5.1673444702921,6.00403623487456,1.643158817555,5.07913057266345,5.66099347443938,1.64738521022642,5.33626483402325,5.6668573769363,1.66418577075718,1.10477357625947,6.41299828229344,1.26608545968615,3.38755368807091,6.07055800828922,1.33375379207989,3.96048909000937,5.94475712603476,1.43118754657335,4.5100783272998,5.77761907018784,1.55626631831053,6.08500019848324,5.66798697303988,1.67222419514572,6.73967410711092,5.61057345150252,1.79523377454035,7.37660064666471,5.5642658665233,1.92983647643039,8.01930078650954,5.52319292040989,2.10101561604638,8.60615282539212,5.24587049288504,2.31213340756793,9.01403897451233,4.87367674996544,2.58881490446166
1.56870791291034,7.43294603862705,1.19324584428619,1.81019630125926,7.32669619427096,1.23085339608236,2.03116451788417,7.22339867456172,1.23971721520314,2.41934863286494,6.96410513586406,1.15673928572209,2.65579516878894,6.59089777688102,1.3264746986697,2.67644140590622,6.11763124585561,1.22970486511519,2.83534908048663,6.13430634703867,1.25163729736539,4.49232326686139,6.83344782934435,1.57999121434148,4.81329723651757,6.75264896740593,1.57145346168401,5.08234402895581,6.63399497357423,1.59308411771547,4.99393459935859,6.27795072834394,1.32560220543143,5.16569373472991,6.0032768989806,1.6442999107131,5.07672426922528,5.65989197925338,1.64791306987508,5.33361479877864,5.66661430371024,1.66551223078141,1.10163446426114,6.41358455607258,1.26879385988285,3.3834669894362,6.07173995610357,1.33347892189743,3.9535222496066,5.94682692139614,1.43105729283417,4.50178347889244,5.76823986702246,1.56297870435168,6.08391136633637,5.66810976328027,1.67262064380894,6.73405948963147,5.61068300180069,1.79664555899879,7.37437228094187,5.56287915733967,1.92986896054911,8.02828623976246,5.52155770079876,2.10209650539609,8.60929232151634,5.24120971732069,2.3162002918529,9.01355126702117,4.87706515128706,2.58667390116382
1.56845658559036,7.43139490536615,1.19200561759918,1.81148061972143,7.32703213248911,1.23042784457241,2.03112509624624,7.22432515989353,1.23843620678185,2.42063901715472,6.96154778378383,1.15253511916009,2.65071324973849,6.58947401314714,1.32234655286226,2.67172946481199,6.11754254372921,1.23038299193431,2.83195871848119,6.13568249940633,1.25200533320266,4.49244804504634,6.8332827581563,1.58027278583963,4.81404107857214,6.75467330775949,1.57160854301728,5.08248968264057,6.63474214282146,1.59238032829061,4.99326899129291,6.27741274387891,1.32465850131917,5.16230498753588,6.00381311481513,1.64449547343577,5.07328859529628,5.66036012127075,1.64884224636861,5.32959517026146,5.66902347453516,1.66537453030785,1.09894379972235,6.41692092979004,1.26895990885954,3.38067224261536,6.07249419089669,1.33404750075999,3.9522618331685,5.94557337875985,1.4334033658842,4.50352891959829,5.76658830722672,1.56453300097085,6.082757459141,5.6680250338031,1.67317672772555,6.73301820052974,5.60998808856013,1.79697270725754,7.296468848498,5.56489262533977,1.93525444285142,8.01954113428384,5.52099449310829,2.10220192872353,8.59982486281077,5.24450643312957,2.31308382919271,9.01371248840059,4.87971714074298,2.5832314887014
1.56848759390755,7.43029273494422,1.18950988207878,1.81138591196441,7.32649790425924,1.22975732708236,2.03130270003941,7.22435563136473,1.23854107579328,2.4218115012342,6.96073239197623,1.14827117890345,2.64616837611544,6.58614757420759,1.32267458137206,2.66790977728041,6.11507370097377,1.23276067507813,2.82886144245631,6.13355148174068,1.25494144673264,4.49431711189584,6.83389234199314,1.58138018483649,4.81373881083606,6.75343692809761,1.57304041194354,5.08320229826214,6.63422066045908,1.5946318453176,4.99195190612425,6.27976488874428,1.32357749557871,5.15867335482004,6.00568353992986,1.64447740203668,5.07079625131329,5.66149665054547,1.65014809776724,5.32786396152655,5.66960127911426,1.66667672627208,1.09549304483547,6.41416978959835,1.27052734675396,3.37897974839986,6.07108983570289,1.33365732084757,3.95152390987491,5.94730728523548,1.4335862166456,4.50452199537379,5.77089728365379,1.56308598889922,6.08762340957708,5.66757733706725,1.6742742830279,6.73830005676051,5.61031544131322,1.80360358414729,7.32124057066052,5.56286775217004,1.94509384262717,8.02760935838172,5.51879069180443,2.10390540477759,8.60611907591392,5.2410463516378,2.31870608235866,9.01253930977254,4.88177192257322,2.58022667806765
1.56729706161605,7.43069916114468,1.18921330278338,1.80984268362306,7.32732128545546,1.23021137754342,2.03002779838521,7.22502942444605,1.23629415195477,2.42062572588996,6.96180394867439,1.14836307722605,2.63763675888926,6.58312505890339,1.32228823694766,2.6566608693824,6.11372559074568,1.2282334862632,2.81912109565554,6.13342361393517,1.25637085007123,4.49638457302415,6.83429418385841,1.58217899848657,4.81417599368267,6.75287105273378,1.57189246657955,5.0826679573856,6.63408802689628,1.59498022474803,4.99305644901471,6.28039659149354,1.32195827329151,5.15595448606281,6.00567923433135,1.64416084474876,5.06783245693699,5.66330354873145,1.64942287114323,5.32702840463192,5.67133071589861,1.66692594617039,1.08945373081336,6.41163592847459,1.27112971567044,3.37665240691236,6.0710154178713,1.3337041688155,3.94849648763118,5.94838135555361,1.43300475871222,4.50348911751602,5.77248798112906,1.56153191247569,6.0797210005751,5.66854859639438,1.67408395532562,6.74428972283116,5.60868775005618,1.80277364065511,7.39877488083424,5.55810599692357,1.93535848376276,8.01786100807399,5.51857288182927,2.10345994058805,8.61359842245307,5.2105595510753,2.33458545227269,9.01260251694788,4.88632013341406,2.57538439861598
1.56634821607001,7.42962619821998,1.18520796546208,1.80975994820089,7.32756073022793,1.22794491100075,2.02959318053999,7.22584785997161,1.23448558277241,2.42378035631226,6.96230223699267,1.14067025012528,2.63087607354149,6.58864214410821,1.31644639430007,2.6546372659644,6.11314330144072,1.22987545748276,2.81640014076444,6.13390354402986,1.25724513777847,4.49600975066697,6.8326449907117,1.58211404676036,4.8140395470629,6.75164864988702,1.57152380771363,5.08275983233577,6.63415703512262,1.59374011522212,4.98915721569939,6.2808039466363,1.31180788631414,5.15109449065262,6.00800404335468,1.6448540522281,5.06188906640619,5.66535834201464,1.65021763475011,5.32278113012136,5.67248141951283,1.66812639457537,1.08260367778503,6.4116544318833,1.27140553288814,3.37167742722736,6.07017001162857,1.3317003291766,3.93980914758985,5.949131508892,1.43251783724583,4.49538957048646,5.77659524351131,1.56003886529037,6.07583606164655,5.66743764362926,1.67290242648479,6.72996986192555,5.6088387460193,1.79739377721179,7.360455629308,5.56012913774431,1.93472840910466,8.02132322094146,5.5173302048486,2.10348794141103,8.6123909055322,5.2116483669376,2.33500603866962,9.01117973994014,4.8899632241685,2.57190711096004
1.56613134178815,7.42877065637811,1.18444747677513,1.80914517495747,7.32707300066157,1.22586633672965,2.02894316917267,7.2262342998499,1.23144867801887,2.42706886574333,6.96552258416526,1.14371194250122,2.62383260645801,6.58689607653831,1.31728414456562,2.64875109875281,6.11138996413726,1.23108102591502,2.81105868737752,6.13359668316376,1.25915533042743,4.49533214619914,6.8338157849113,1.5819811564075,4.8133118910849,6.75344504416213,1.57064478872348,5.08256019788662,6.6355117713224,1.5921062085827,4.9864106355749,6.28097231862907,1.31162063993603,5.14806209593541,6.00890589478484,1.64401158503568,5.0577713565762,5.6674334577488,1.64883820512366,5.31851716837635,5.67342114995605,1.66724482526415,1.08118422098015,6.41201351208264,1.26626849207851,3.36479406055609,6.07302813409984,1.32775729235957,3.92999226333466,5.95386853646626,1.42968073562581,4.48761630352259,5.78028500386848,1.55503667560241,6.0614246084919,5.66628431574022,1.67219574095979,6.70600090059562,5.60839929256919,1.80975282191936,7.36572848327387,5.55851753255389,1.93596058934303,8.03621672362847,5.50849624844534,2.10621335397942,8.60524196979918,5.21163257308642,2.33448044856058,9.00983717004447,4.89242925122015,2.56814941431244
1.56634905241504,7.42887085983498,1.18297185717869,1.80777199997476,7.32754041111049,1.22263444665198,2.02672040941487,7.22708959255826,1.22909111391357,2.4264856779591,6.96978493983229,1.14478111699844,2.61992629373435,6.58894240154174,1.31362690172589,2.64288880087001,6.11194201533285,1.22720977863148,2.80414765960975,6.13472855786646,1.25702864264313,4.49401720242995,6.83446359748253,1.58305717988919,4.81334884852587,6.75344346006856,1.57041892776582,5.08141176604094,6.6372916369832,1.59266984123449,4.98524103687746,6.28425601673935,1.30722307669933,5.14235228471806,6.01156049986031,1.64504150686923,5.05061221419404,5.67036610581155,1.64833840815442,5.31220127957451,5.67392864489704,1.66742182812313,1.07993321840193,6.40840071030218,1.26698479405569,3.3583797250974,6.07594176437135,1.32376683410745,3.92067549630774,5.96312690127045,1.43162831701335,4.48176629358641,5.78387716756731,1.55359735106503,6.06027059220593,5.66667090030921,1.67232611184266,6.67237022700074,5.61086953211741,1.79583984938112,7.29129621565197,5.56214409014699,1.93213588963,8.0023246491808,5.51677513231475,2.10277906573227,8.59264329865652,5.23872784962325,2.31966489915215,9.00734985034423,4.89590197648019,2.56636030738673
1.56484332162021,7.42892059494773,1.18563567358484,1.80535550880081,7.32789589261494,1.22275607880687,2.02574582222553,7.22899644239167,1.22869066036204,2.42591728652476,6.97349123543711,1.14256783095021,2.61285445660218,6.59228749628492,1.31612093744371,2.63564330922285,6.11241486705944,1.2254540867038,2.79653752175356,6.13492372705369,1.25497023719792,4.49347532293736,6.83644125542629,1.5841398316274,4.81255355215468,6.75472297630654,1.57178059938077,5.08082049297499,6.63815625746108,1.59401745558973,4.98181105231635,6.28628374279476,1.30949182434867,5.13877975760116,6.01514095781152,1.64473599465354,5.0454497613571,5.67233025611216,1.64864587628124,5.30728340338926,5.67612614956103,1.66859360634838,1.0741872184179,6.40875701977247,1.2641549115635,3.35858459536547,6.08058755707118,1.32851936724022,3.91678160118025,5.96865936839535,1.4263359006577,4.47671859507219,5.79132546920616,1.54900472611579,6.05178827225727,5.6650188575345,1.67414442856153,6.67007184494439,5.61078256281833,1.80084799352822,7.34978961892661,5.55785370956976,1.93235805782604,8.02231910031166,5.50968796189825,2.10567661141407,8.60293520013136,5.21433375210938,2.33607766705735,9.00619127399066,4.89842100664926,2.56507315972267
1.5647755325787,7.43023219004193,1.18508324874919,1.80386057312243,7.32939759504355,1.22229663888365,2.02527852283533,7.229211836817,1.2275304028524,2.42320168268275,6.97601495571713,1.14302516695588,2.60545591679589,6.5904407456701,1.3149854632974,2.63104370276982,6.11322870045009,1.22556807387949,2.79262573501099,6.13606450007708,1.25483463363054,4.49170617263421,6.83641683723838,1.582831142661,4.81201552652462,6.75519879277039,1.5713271667673,5.08084648209977,6.63967681188976,1.59231013688678,4.98120042399019,6.28741988043476,1.30642232309909,5.13525780191224,6.0198226696267,1.64719616840007,5.04273350252254,5.67628886059352,1.64768310033087,5.30652735744705,5.68527229322321,1.66320669868822,1.06871214998471,6.4077360516315,1.26226637783289,3.3485508742107,6.07973823334233,1.32066819180078,3.91651770443079,5.97029638752731,1.42635047065198,4.47672022867658,5.79551287469412,1.54798105091904,6.04218280546614,5.65966587803923,1.67801501121104,6.66141396925731,5.61093246787666,1.79891109381743,7.33742758970297,5.55710261326627,1.93151971741137,8.01312627695527,5.51401656095639,2.10376027948474,8.60177492394654,5.2100523339025,2.33897016742293,9.00392046266126,4.89907736365363,2.56064662783918
1.56444554358059,7.43101664535694,1.18773140845689,1.8037842433759,7.32906491313001,1.22203062042985,2.02506172597246,7.23099371054299,1.22592738985106,2.42143731112663,6.97549772238955,1.13670553298803,2.60101225637287,6.59141834717,1.31054963872381,2.62618066635732,6.11514990001171,1.22510519214345,2.78552682150398,6.13740887027644,1.25314871463541,4.49277997238455,6.8368939041331,1.58445609228018,4.81122337842016,6.75538781255342,1.56992315778265,5.08058694943472,6.64179963883486,1.59248548487596,4.9803255601338,6.2893073403624,1.30411962446358,5.13224510844175,6.02096437345214,1.64767166347799,5.03957145485649,5.67542995664411,1.64926401109718,5.30301661836337,5.68611357918333,1.66427174232804,1.06336153077977,6.40486748910503,1.26069162802631,3.35134555594421,6.08272212940163,1.32838132981004,3.91284345901985,5.97098300940654,1.4261687443588,4.47417230281518,5.78968669656556,1.55239465182787,6.05034917446135,5.66453783886975,1.67311468425508,6.67561100219743,5.61059214617904,1.80352832478862,7.34203696689685,5.55882454430438,1.93476415442486,8.00466888177172,5.50896125449649,2.0969172582878,8.60091572338269,5.2098438902718,2.33994260996114,9.00191798872391,4.90242744345338,2.55952516726765
1.56557367606978,7.43045718992923,1.18772809513755,1.80452881906661,7.32912162969899,1.22143728946548,2.02392471677649,7.23155522995261,1.22470093248087,2.41809028325941,6.97490494086938,1.13336745511253,2.59765229100141,6.58947856476005,1.31037470163315,2.62458701152467,6.11370133277641,1.22696424782995,2.78431965264685,6.13561180269991,1.25580070746986,4.49208294341944,6.83677824299192,1.58634868942634,4.81066611539328,6.75442045856367,1.57031990405678,5.08191573710911,6.64078157185561,1.58952979943413,4.97378378059796,6.29555224116613,1.30312152615788,5.12557721218857,6.02265146403472,1.64756700341315,5.0297699126628,5.6777540332389,1.64887869754834,5.29462218514851,5.6855911838874,1.66583593150441,1.05781646134814,6.4012797119934,1.25962245923046,3.34551857858615,6.08263023890901,1.32979608214476,3.90948107096763,5.97494679669635,1.42402707184192,4.46663359733703,5.79949274343302,1.54753231251716,6.02518103840477,5.66202095456031,1.67162391439047,6.62452240100138,5.6171201978647,1.79430410197185,7.30232549282771,5.55474895824413,1.93356487016975,8.01371645856134,5.5136334910518,2.10695839245406,8.5848557847439,5.23964839080103,2.32299505402456,9.00003997893017,4.90640920624312,2.55763100266928
1.56543968794361,7.43016950946077,1.18563316577064,1.8035019366252,7.32900100847927,1.22173487428799,2.02389602107794,7.23194431207364,1.22338767502312,2.41738759774494,6.97585537337071,1.12781707643194,2.59661731413578,6.59096785634158,1.31020867698176,2.62312398847533,6.11717766183641,1.22649305733261,2.78084400919756,6.13883328251384,1.25508200456203,4.4925275256533,6.8352961534119,1.58486528438943,4.80902985479931,6.75468154276866,1.57025087271861,5.08149180882725,6.64294648132782,1.58966052087462,4.97126040773608,6.29482941000449,1.30060259954706,5.1228626166836,6.02594289287694,1.64737152035951,5.0281325840563,5.68212106722543,1.64495581157841,5.29316735751035,5.68841344527935,1.66525219816085,1.05104806023836,6.39750775164452,1.2581060022719,3.34430518131133,6.0847384644217,1.32799927707334,3.90663430176368,5.97871513490882,1.42163833888477,4.4580510163697,5.80614934567699,1.54512586145284,6.02414572624273,5.6613268274977,1.67145090163428,6.63123288771288,5.61547346590644,1.7984191147387,7.31379551566858,5.55617566436871,1.94189203084317,8.02366559928689,5.5083823210281,2.11114971021853,8.59266785767959,5.22379542333149,2.3332179717784,8.9973301444255,4.90916954192676,2.55517138811439
1.56578315783157,7.43008518557493,1.18481920543273,1.80311184048203,7.32855642957336,1.2213044316547,2.02219022547949,7.2319735456719,1.22262107909082,2.41540655334317,6.9748445140296,1.12358584054506,2.59566630668281,6.59080341701949,1.31009927459301,2.62091099377386,6.11718597866053,1.22749049968596,2.77700800599504,6.13987622340307,1.25541586542489,4.49098279582669,6.83404922427,1.58326817748221,4.80779823232117,6.75366920838141,1.56813824036715,5.08076672204934,6.64238152604916,1.58697530468083,4.96620762446292,6.296492252453,1.29519611498355,5.11850194279584,6.02605009850873,1.6450522192551,5.02171726553885,5.68150670637105,1.64666182689991,5.28877811144788,5.68802958590085,1.66572514526673,1.0435759702495,6.39605224383245,1.25849236059581,3.33376516294904,6.08647934741765,1.32653473559182,3.89807778213805,5.9838854938525,1.41702373525762,4.44718525317444,5.80926617464099,1.54095976558239,6.04210730155346,5.6622384745767,1.66655308138975,6.64689416067979,5.61144581806447,1.79682134515279,7.30607133383398,5.55569340544618,1.94033497746502,8.01494899344833,5.50635994785555,2.10983820741042,8.58834773279722,5.22240988444824,2.33379285805177,8.99334569382057,4.91058472028624,2.55290604010828
1.56623097100098,7.43014777098149,1.18401926285598,1.80376735874079,7.32753435048608,1.22030946562456,2.0222099473374,7.23054508113953,1.22016495198062,2.42207628100437,6.96593324123651,1.11175762885931,2.59002987943943,6.58822233374824,1.30816261068812,2.61796229146512,6.11651802151381,1.22850362928558,2.77500298997867,6.13954091693883,1.25658567417021,4.49302756943629,6.83436531759312,1.58484811564703,4.80884066630629,6.75347475992232,1.56770927031534,5.0822088412987,6.64353055044191,1.58968779090287,4.96056887671669,6.29996935962306,1.29410422729255,5.11750224985737,6.03028738207773,1.64071219767807,5.02345353542503,5.68484601631764,1.64432305824362,5.28403221537248,5.68828951885149,1.66477481931942,1.03672859679021,6.39070467184306,1.2616886445931,3.33279949225759,6.08631914583377,1.32853576761297,3.89534614268157,5.98525179752659,1.41679319021646,4.44868620361065,5.8088849560364,1.5404193416769,6.02810769021826,5.6583768643116,1.66645345087703,6.64398394591927,5.61022050728407,1.79856286316283,7.32480115368837,5.55351800128233,1.9365915536524,8.0208479004619,5.50018336581786,2.11483396900925,8.5856772445656,5.22167879771036,2.33561368321837,8.98971840439582,4.91190054912657,2.5513033385623
1.56638076346435,7.42994688370732,1.18540780425568,1.80386461102235,7.32606697595056,1.22167264841844,2.02165137242128,7.23189839293436,1.22004700712972,2.41796916115525,6.96428627341708,1.10728322352894,2.58427258122808,6.58224755840787,1.30526957356121,2.60795426372832,6.10891339531842,1.23697461853111,2.76593351605611,6.13802104448784,1.25881721898289,4.49229540617539,6.83505728990005,1.58511840516369,4.80679449505649,6.7526163319475,1.56665909629382,5.08154087124561,6.64057269815412,1.5873433686182,4.96034748487251,6.29937423768996,1.29115965272335,5.11033481679128,6.03574988491459,1.64596968803047,5.01811828154219,5.68574998839407,1.64492790493815,5.27275879222055,5.6901636332385,1.66355927160364,1.0296541978742,6.38569448462362,1.26425779450804,3.32517472051253,6.08671844623054,1.32779141659912,3.88659720156107,5.99065715732619,1.41536691174382,4.44168371647011,5.81063485595996,1.54114216798069,6.0169630277208,5.65663443927434,1.66677127023646,6.62780251280376,5.60992941905864,1.79420734771974,7.31790614318781,5.55063285720223,1.93697371297281,7.99172742499089,5.49968941478288,2.10467733008235,8.57560168098349,5.22784437021907,2.33214720368417,8.987303911962,4.91301516841836,2.54840605660481
1.56684485009755,7.43003031996799,1.18602235538401,1.80408198323156,7.32488981395615,1.22193229836805,2.02196654529457,7.2313897973345,1.22137104371919,2.41756753413039,6.96362449310326,1.10443532339722,2.57761978101897,6.58079814093455,1.30485688427564,2.60246063487863,6.1057630171012,1.24128171825866,2.7614049091003,6.13364342791479,1.26308685075952,4.49191786295843,6.83395771701479,1.58537150993166,4.80466651204565,6.75421228547495,1.56855302448274,5.08012740298719,6.64412105210063,1.58866599948303,4.95676991972676,6.30125830628781,1.28787992207182,5.10895250472146,6.03865761393602,1.64666397178095,5.0131188073484,5.68863556602661,1.6438911611292,5.26611308459699,5.69050192456382,1.66396972305478,1.02739409837268,6.38329460963993,1.2695197701296,3.32322031813868,6.08594071182042,1.32924677941676,3.8861297428767,5.99237144108942,1.41494663632443,4.43995658301077,5.81246981859696,1.54028269866171,6.01321784686379,5.65728207378772,1.66649328716807,6.63351439156603,5.60757081238262,1.79588872292891,7.32247910083099,5.54959246362195,1.94001534727681,8.0223541066725,5.49278858334037,2.11965488529638,8.57748811453541,5.22677009736879,2.33454605576582,8.98324561303899,4.91323218776511,2.54620618524491
1.56752540645338,7.42936721314443,1.18707351216307,1.80394936703735,7.32279183512595,1.22229749318218,2.02141674236945,7.23175771487415,1.22083918338622,2.4161822420304,6.96127503146118,1.09865850667871,2.57428324368611,6.5810506376022,1.30600127729977,2.60403784267608,6.10343001813341,1.24009281613426,2.75534802474964,6.13644233049286,1.26266021529701,4.49145789176644,6.83457005930449,1.58622913017087,4.80558108480846,6.75276916796933,1.56669323652937,5.08058083413124,6.64172812415456,1.58560443033269,4.95372111080106,6.30349061791785,1.28362921272572,5.10347278697696,6.03903235432011,1.64449528536166,5.00632076693378,5.69182135691103,1.64184314786562,5.25613665561233,5.69021918907997,1.66590352375275,1.01932278562002,6.3804559446045,1.27245614101581,3.31232553853395,6.08665284948101,1.32964278225936,3.87922581487361,5.9958612864136,1.41354129625619,4.43330732711699,5.8194967342673,1.53528632422165,6.01678626845345,5.65676046457694,1.66912207014817,6.64285784630992,5.60415758843982,1.80267523701045,7.31923812002701,5.54873692238713,1.94179715280845,7.98420784053011,5.4953961668901,2.10924906147973,8.57657729179984,5.22299866357009,2.33792208860175,8.97906843150482,4.91014920200626,2.54631885881633
1.56825012624026,7.43015294845776,1.1889998029488,1.80493641242436,7.32240743536911,1.22224163075309,2.0212412057337,7.23168567380117,1.22117631289103,2.41454906226943,6.9623436189585,1.09667638565365,2.56963953560225,6.57948139575907,1.30785964664904,2.59928287612079,6.10236643338611,1.24247538349366,2.75006828071003,6.13604476853029,1.26605609749762,4.48831094495725,6.83037269241205,1.57742135495018,4.80527006989677,6.75519881881404,1.56580299252471,5.08024444749114,6.64187638816109,1.5846462882358,4.95062943019463,6.30439914583328,1.27879125032492,5.09723388289994,6.04139272064579,1.64380976145845,5.00001642981406,5.69380135626001,1.64174798608633,5.25060843131251,5.69197546026385,1.66670416722634,1.00766212841033,6.37192938294015,1.27856356229084,3.30915067201608,6.08941103119827,1.33025219062314,3.87319893704326,6.00778265949622,1.40765084132942,4.42220028283184,5.82483919508873,1.53166012275178,5.98017548466356,5.66429895535188,1.66719913974736,6.63879691422168,5.60294485940565,1.80376642671822,7.31747626285668,5.54885458414015,1.94496670653965,7.99406013443857,5.49086952855247,2.11258538483854,8.56403179348655,5.23346338136987,2.33098902560949,8.97454022529805,4.91127655700706,2.54602604964025
1.56908939530219,7.43002784212686,1.18875223411654,1.8055658996483,7.32113110003454,1.22203092256734,2.02166945584849,7.23346552240993,1.22272600809892,2.41487963679519,6.95677145802458,1.09610358845456,2.56447069290388,6.57865956241372,1.31313786366924,2.59526747631312,6.10163802747634,1.24703230500716,2.74648756292347,6.13762762515371,1.26750474294893,4.48823488869052,6.82993608690785,1.57728497082878,4.80547005602925,6.75533925817397,1.56397845196085,5.07966074084551,6.64202727217104,1.58185626227737,4.94850267617236,6.30730647960471,1.27527761456555,5.09191779505363,6.04335453414426,1.64220690998085,4.99467084737542,5.69602044136247,1.64265071397195,5.24480565742155,5.69298966573216,1.66611866136344,1.00011597457643,6.3693885411296,1.28230271842854,3.30750320687583,6.09150647232092,1.33081106642789,3.87201264947948,6.00959504524021,1.40706831654204,4.42075894284748,5.82895148363666,1.53144219804303,5.9793631719984,5.66554851166447,1.66676376256474,6.61922108111308,5.60314894219327,1.7934639973294,7.30637833453385,5.54788116862782,1.93834941848114,7.97274633870594,5.49451803226866,2.10879640907983,8.56347890826816,5.23158344607952,2.33314728581905,8.96715090837509,4.9161293572796,2.55143040663357
1.57336676565854,7.42711652305484,1.18730990903796,1.80707719340941,7.31979499291893,1.22215588489645,2.02095450407969,7.23371506588957,1.22394869109581,2.41052225984527,6.95463006901517,1.09304484012303,2.55450764105753,6.57576909558889,1.31830783002892,2.58264692067174,6.10171835983794,1.24877652069495,2.73343364991148,6.13932155766292,1.26794789317097,4.48991175585414,6.83047611009917,1.57855352009716,4.80757607798476,6.75461684838681,1.56348018519153,5.08206074860581,6.63963534608084,1.57765865203332,4.94535009959263,6.31019451940793,1.2709917112623,5.08321618365996,6.04883887953327,1.64212980391862,4.98654620084253,5.69927131683427,1.64352748256092,5.2394281730876,5.69487543197472,1.66571036971806,0.991684203711327,6.36890763750175,1.28879297312004,3.30029754302594,6.09559444800924,1.33027177874699,3.86081730112102,6.0094348707758,1.39928839096072,4.41399824845464,5.83461030707802,1.52986050577379,5.96786001291659,5.6658200870932,1.66860090524638,6.60800640422251,5.60267146861194,1.79488081464272,7.30160386985789,5.54633716092659,1.93933013734425,7.9590503685084,5.49688324112029,2.10767885987966,8.55855062528096,5.23205566034232,2.33248756234345,8.96103316077823,4.91521923119921,2.5488211538042
1.5732980606496,7.42681443892732,1.18768563752698,1.80817225119059,7.3194710727574,1.22234496917375,2.0205353348204,7.23405351341081,1.2231394963578,2.4075562593795,6.9498348083121,1.08714568742646,2.54658689014034,6.5737116672316,1.31814700980021,2.56876896309146,6.1015183248376,1.24978466895865,2.71952855345991,6.13657100785041,1.26815803968048,4.49330448851652,6.83576775024455,1.58788522405034,4.80883338437152,6.75491514951403,1.56370469072001,5.08331518380332,6.63740596017702,1.57674986800262,4.94182100892917,6.31240918574082,1.26787773974987,5.0766425469941,6.05324522958297,1.6406038375857,4.9792802398302,5.70242840056327,1.64384253535666,5.23068128546268,5.69611868518887,1.66490508121071,0.982065937839417,6.36238691213085,1.29536150667392,3.28532799633293,6.09911828033945,1.32885548663093,3.85480870096066,6.01510764691226,1.39677484016834,4.40754084683328,5.84349588906977,1.52709146815385,5.9665200219757,5.6566861529506,1.66487360386305,6.60095217488643,5.60273090745419,1.79637117846376,7.30891151402248,5.54655456890704,1.94015099993615,7.95957862104102,5.49246679588612,2.10804771353198,8.56069537752346,5.22506002734058,2.33593995279009,8.95391885993855,4.91415244920851,2.54763752684894
1.57278081379972,7.4267315993784,1.18723068000445,1.80815615200028,7.31831364569636,1.22291882912793,2.02123392851237,7.23374377080768,1.22200899422408,2.40714676289127,6.94692189545054,1.08130330129743,2.53944177152041,6.57353607137881,1.32237265686057,2.55511670200095,6.10080242224744,1.25357709267853,2.70417930531023,6.1345713334471,1.27319704603997,4.49415492713424,6.83611666567976,1.58795066712339,4.80637248254247,6.75607791527701,1.56281971703733,5.08150254362843,6.63598573806779,1.5739858604965,4.93366081849902,6.31985020872943,1.27083587592375,5.06985644279478,6.05343857214213,1.63802987398707,4.96839243631475,5.70290333770816,1.63645822914451,5.22249798430796,5.69932779565802,1.66276036233361,0.971361727244027,6.35674058385285,1.29844884869677,3.26822152349331,6.10208491488041,1.3240785983972,3.84674370559801,6.01633976495694,1.39688551856606,4.40254116301158,5.84864791979943,1.52611433207138,5.93483249811344,5.66589069013563,1.66743115764662,6.5807657544177,5.60245123577859,1.79898895963565,7.29518745773558,5.54521904982304,1.94132533651096,7.95027334669322,5.49238970098976,2.10813713685218,8.53807193832087,5.23107487555812,2.33050958910511,8.94586375722886,4.91347436614574,2.54353505426024
1.57300431142681,7.42600508699068,1.18671192517841,1.80833221038393,7.31714753546946,1.22157053244221,2.02136744104086,7.23423345965626,1.22234063727763,2.40063088489623,6.94356782125769,1.07992444958114,2.52679198699343,6.5735975917229,1.32756771970705,2.53761631921438,6.1025862518738,1.25990151000671,2.69922356758996,6.13233828075839,1.27544027630971,4.49554630941675,6.83594046228945,1.58790769947362,4.8035096738276,6.75686999274006,1.56234009484257,5.07933199886519,6.63735517874215,1.57551706803242,4.93851381432578,6.31708700230662,1.26617781830115,5.06721917507564,6.05225378706257,1.63779584172421,4.96378302592507,5.70724947440751,1.63428095767448,5.21576720804678,5.69938817299644,1.66184832013977,0.964717986297055,6.35124290620956,1.30724072995502,3.25044385070806,6.10652604357746,1.32416806731148,3.84151886163887,6.02161064289483,1.39457885044102,4.39656507305207,5.85627685307212,1.52261284046491,5.96301984590002,5.65497197315953,1.66546855263479,6.59568639651332,5.6044724589937,1.79779828951663,7.29222746742844,5.54496912051121,1.94120499582973,7.94811341605246,5.49245354458306,2.10746031358092,8.53040198568224,5.23500938540099,2.32711407262777,8.93610836511328,4.9134982279777,2.5402652775443
1.5754532732706,7.42559372957413,1.19029658145127,1.81048659583387,7.31455087855861,1.22121951913378,2.02264299903181,7.23434582117378,1.22216090864431,2.39779749026442,6.94072212051085,1.07803242328344,2.52507479964383,6.57683458515474,1.32912144404593,2.53811363890175,6.09940474404495,1.2625763019681,2.68768679421027,6.12706809771078,1.28267219110789,4.4949004421171,6.83469324038396,1.586045605052,4.80109251589271,6.75581610315929,1.55957501270145,5.07477431722712,6.6382877763777,1.57454203746748,4.930886799854,6.32562942538808,1.2684292360409,5.05888290399898,6.05237155260503,1.63933192002141,4.95518571794344,5.71117153468809,1.63419138287043,5.20746052876603,5.70216799907736,1.66336422053798,0.955151676866126,6.34544367728609,1.31270149787634,3.24499500940483,6.10423267573534,1.32852668320068,3.83331573270287,6.02057922864899,1.39926325004026,4.39640412310726,5.85814592271694,1.52368935808162,5.92691777204539,5.66812170962878,1.67160157190681,6.56555294671206,5.60358883832451,1.80045115164221,7.26351326169048,5.54495244007662,1.94110732045285,7.93324855374904,5.49597246412613,2.10820177139363,8.52420272552063,5.23840037178874,2.32668782890788,8.92973061914753,4.91350436512545,2.53611366918221
1.57644149368358,7.42652310370943,1.19069893982074,1.80918519235523,7.31192191470226,1.21871651460573,2.02177152868056,7.23289309533424,1.22392384149381,2.3939203606125,6.94032832619734,1.07720272612666,2.52392396630164,6.57585309431071,1.33496283918428,2.53545663708332,6.10300565347308,1.26929773374255,2.68022767374664,6.1294659144302,1.28277204379678,4.49375446072838,6.8340330188018,1.5853606183911,4.7992787170294,6.75757533263436,1.56039586200627,5.0724589747604,6.63968464075252,1.5789484344309,4.93022021277571,6.32908670909237,1.26663258654893,5.0539559518541,6.05464004679682,1.64226036739708,4.94667380353175,5.71533948594654,1.63476910777924,5.19902518701001,5.70399712749366,1.66290537860402,0.946571037188736,6.33920144829136,1.32257638974762,3.23877691737854,6.10671957386048,1.32884955832929,3.82720142097815,6.02156767490961,1.40227578975565,4.39319204944284,5.85851965997338,1.52543421263903,5.93024714876027,5.66539161314937,1.67506786551222,6.56335967095322,5.60481004637368,1.80382212022374,7.25945558084372,5.54489393156256,1.94516638852405,7.9189875494074,5.49566422024247,2.107130450987,8.5064674972894,5.25271558335252,2.3194308449282,8.9242192152922,4.91732191396154,2.53103158846233
1.58110584426581,7.42996324995396,1.19918412030792,1.81411603842717,7.31227155153437,1.22250882351833,2.02239146542401,7.23140887787897,1.22554354898372,2.39348613735612,6.937693082824,1.07896817345439,2.51940723717421,6.57172503581109,1.34091007627026,2.53145527913437,6.10166727889658,1.2733939487024,2.6748705884009,6.12659195446018,1.2872899866441,4.49450076902834,6.83472983650685,1.58740269757937,4.79774984548857,6.7575014125341,1.55883098308747,5.07092254743811,6.64015392415854,1.57764578274065,4.92593424093111,6.32743615819379,1.26744356656312,5.05154108318488,6.05805568731351,1.64395127306327,4.94201260781141,5.71790324417251,1.63626379733699,5.19457899233786,5.70493545307309,1.66394174741751,0.938033365456342,6.33421892659017,1.3327471295474,3.23199130315927,6.10625211296424,1.32875316129442,3.82168627994251,6.02624997526564,1.40169275426777,4.38771001262383,5.86316552709392,1.525513852512,5.92784953472038,5.66401960199343,1.6794527005087,6.55754084004868,5.60448701533429,1.80800411071773,7.26025778087424,5.54306263012903,1.9520914063062,7.91537534917366,5.49571767757944,2.10974879248188,8.49320209066278,5.25627240759138,2.30992029726994,8.91927466800073,4.9171341474505,2.52907886307647
1.57972837411447,7.43094890988344,1.19922658889541,1.81346539483843,7.31114216008226,1.2227801454461,2.02165657363396,7.23079800864216,1.22809712112632,2.39444361638582,6.93588740412775,1.08043645868074,2.51308282610579,6.56806447779104,1.34478479150967,2.52404118108536,6.09990330259495,1.27746082037603,2.66519230448888,6.12524362424065,1.28952164143634,4.49452059198071,6.83492494954095,1.58648483359547,4.79823182239766,6.75699819253527,1.55718696008103,5.07162412478645,6.63919639798965,1.57827654489886,4.92290097374737,6.32687809192863,1.26455167217256,5.04445829352916,6.06174291543398,1.64685477155215,4.93574847098864,5.72446744784848,1.63466942109028,5.18601712737876,5.70791910255668,1.66325532463207,0.929574516353591,6.32916430969275,1.34237273721811,3.22644518715048,6.10843501474139,1.32927598732721,3.81757920488721,6.02874899491259,1.4027217404684,4.38436521124397,5.8671123359901,1.52442784827021,5.92255598761258,5.66676351363412,1.68023029327714,6.55470852709241,5.60456795046758,1.80822172134224,7.25048891701516,5.5433048727562,1.95024846829288,7.90321262869901,5.49664852425589,2.1082472226893,8.48965913504449,5.25645250558706,2.31267798666885,8.91344852918168,4.91720837119403,2.52699850225997
1.5797718002791,7.43036790134972,1.19888453292545,1.81503646700476,7.30995270876886,1.22328161093145,2.02310962575973,7.22859084173784,1.22958689904939,2.39459546394286,6.93053232214357,1.07823417783673,2.50565933629022,6.56547027123155,1.3496497344068,2.51086764185369,6.09767453662296,1.27377445596567,2.65879124229608,6.12522473679407,1.29153839361512,4.48999344273278,6.83165502665609,1.57999190284553,4.79738506862642,6.75687540373927,1.55789583902675,5.07078527974199,6.63826746528834,1.57825248460324,4.92034412114436,6.33058743815151,1.26343635957004,5.04232887225781,6.05917962969769,1.64331502815351,4.92822086174057,5.72726283277507,1.63563137169459,5.1776525468345,5.71078266562651,1.66513614504332,0.923356048659786,6.32587833207087,1.35013004447882,3.22281851793107,6.11051378410008,1.33134772752109,3.81361788411928,6.0302139397349,1.40545004287009,4.38186324695278,5.86557412494716,1.52716403240012,5.91699103468172,5.6688948602582,1.68640513730697,6.55699351269959,5.60547647797147,1.81055906082314,7.25439893770503,5.54678641775473,1.94998830351576,7.90683370871953,5.49434508858234,2.10878511491532,8.48560287859446,5.2544604230675,2.31534757110565,8.90747113430498,4.91783233990419,2.5241590613484
1.58014705686863,7.42890118077347,1.19924943660282,1.81591683815173,7.30939035333412,1.22337401065377,2.02331294946439,7.22770438312647,1.23163512833189,2.39223418268007,6.92385214923377,1.07718511726899,2.50114314804364,6.5617909739954,1.35132097532941,2.50331535601189,6.09693422165888,1.27551966973401,2.65549235592809,6.12484904733922,1.29541523058205,4.48921553873258,6.83175496134234,1.57895798541959,4.79641883167586,6.75681668965815,1.55595290304958,5.07095114779405,6.63654590138475,1.57623460617687,4.91933408627367,6.33261126718686,1.25996981016486,5.04054439564565,6.05818965589512,1.64227325504052,4.92503645819721,5.72737780756286,1.63685639134332,5.17422395261784,5.70954303647877,1.66475849763466,0.918262228083505,6.32442051934691,1.3572650003627,3.21473291928796,6.110564220809,1.33416695119179,3.80695823302142,6.03236330237173,1.40864672568291,4.37818760740938,5.86839977257849,1.52844156707704,5.91546444005943,5.66774288511511,1.68677117232095,6.55406183598705,5.60539214341843,1.81079072691223,7.25198668440077,5.54681475936378,1.94882428726745,7.91129332993034,5.49186711451074,2.10999342041757,8.49156545590424,5.24717452140239,2.32074616170465,8.90007750514198,4.92031990499804,2.52032048326738
1.58182560326447,7.42817323736806,1.19942385698053,1.81632240107573,7.30855119870752,1.22263793390527,2.02188776585197,7.22788278339486,1.23385662657033,2.38957897921434,6.92023024216631,1.07665822490343,2.49650310232372,6.56269327397949,1.35531319796643,2.49592535357346,6.09721667397733,1.27747108427857,2.64859900606712,6.12416739209751,1.2970028247409,4.4879452582792,6.83121337526486,1.57722796006285,4.79524415247428,6.75656675224814,1.55498966447144,5.07064813946629,6.63625364159062,1.57607453848313,4.91830742369958,6.33512764938739,1.26140464342396,5.03653437649976,6.05988921750034,1.6438616517662,4.92103043324055,5.72932461484738,1.63726409353491,5.17037281306402,5.71047460982706,1.66625932027519,0.912436326517153,6.32625631556488,1.36018926129992,3.20878401948256,6.1083853539792,1.33714507686575,3.80383799046961,6.03723000079096,1.40983151140121,4.37173169586743,5.87339597922627,1.52849568026877,5.90933152956034,5.67073148354178,1.69040443065013,6.54241605464544,5.60776128790313,1.81103950061481,7.22726535088018,5.5478166646603,1.94948794438035,7.90226191969064,5.4925350772858,2.11170742360601,8.49127393106386,5.24823265692906,2.32146511695114,8.89445891721931,4.92228305158559,2.5155965204616
1.58020267700705,7.42848033101918,1.19882689516407,1.81593559721061,7.30923182434862,1.2220070605029,2.0214236197958,7.22929168278899,1.23512876639349,2.38650920488435,6.91684115406719,1.07409354724421,2.49242931027802,6.5622349857738,1.35928526492338,2.4898596841432,6.09411817912629,1.28177416560445,2.64175433931965,6.12084380776462,1.30094634161424,4.48819778848745,6.83084267132151,1.57691080107487,4.79626415734575,6.75372747298042,1.5525730799699,5.07521152071101,6.63122243009285,1.57164821616954,4.91776003203646,6.33429359366465,1.26055635297488,5.02846903177389,6.06410091421109,1.64518833791778,4.91117376137748,5.73348621175185,1.63629155474301,5.16350874701892,5.71167007384597,1.66714827289427,0.910324664872964,6.32958820228422,1.36429035272006,3.20197894173868,6.10872655696345,1.33853467960379,3.7975049562886,6.04069074629189,1.41010634619001,4.36656108348956,5.87571321919804,1.5320279033939,5.90806088686504,5.67155152776503,1.68976307008168,6.54137377971958,5.61067143921346,1.80940817753657,7.22778636941014,5.5489565071777,1.94863224567406,7.89944340257888,5.49100302860535,2.11329712544954,8.49112452123364,5.245611457526,2.32454704091957,8.88746136961251,4.92224578462833,2.51284613792447
1.57953108590631,7.42920636282849,1.19662262179045,1.81414711570703,7.30918039974007,1.22158699207654,2.01948874337037,7.22817109662391,1.23868135974423,2.38373900513183,6.91639591234233,1.07496299694212,2.48575651727513,6.5633069223974,1.36425621603864,2.48355165780523,6.09349286339782,1.28625190800051,2.63398958739438,6.12091928550178,1.30401444028389,4.48675361153138,6.83073506435585,1.57433805399815,4.79521712735477,6.75317502377343,1.55187972944526,5.07885829051648,6.62898710060264,1.57154432313903,4.91673526534705,6.33618720781595,1.26095744160931,5.02101998345491,6.06699500215636,1.6473113171293,4.90160548535348,5.73732207574068,1.63508953608145,5.15383170916981,5.71325229590285,1.66724570794506,0.903718713835012,6.3288384918645,1.36772129073637,3.1982317841332,6.10965075419508,1.34107529351343,3.78906451038882,6.04522230045976,1.40756273266258,4.3580351296565,5.88554433284073,1.52942837360488,5.89219365635904,5.67106045090271,1.68975410202403,6.51813423896076,5.60565674432414,1.8114552729242,7.22723552530818,5.55010443547462,1.9511747420814,7.88392724783077,5.48916147083297,2.1029985694802,8.4905374203538,5.24776497497571,2.32488133737408,8.87890575780514,4.9215051246342,2.50976483822842
1.57950619626493,7.42931150055531,1.19718131859917,1.8140794452668,7.30854580772896,1.22141567844816,2.01895215756108,7.22867792331708,1.23943983790325,2.37876523487937,6.91549783883836,1.07495419891295,2.47701329614882,6.56465272640487,1.36964096782813,2.47347582304368,6.09439320692502,1.28747918936434,2.62315810898468,6.12175728672195,1.30374377685118,4.48989067840858,6.83625629430491,1.58649761578149,4.79598885347502,6.75276001706823,1.55236776618159,5.07917778952805,6.62797728650092,1.57206932805309,4.91775513374061,6.33898271809134,1.26115616739089,5.01771279581395,6.06847990851797,1.64711259190703,4.89807094947742,5.73859887327964,1.63562240796516,5.14738568765928,5.71520058162729,1.66806460676813,0.897557179720089,6.32856018610698,1.37067431023233,3.1899668323565,6.10985695794685,1.34271371537404,3.78229114244327,6.04684103534575,1.41030365221308,4.35329181126964,5.88547232334783,1.53048210857496,5.88459231637038,5.6718642893495,1.69518795470905,6.51571334818823,5.60588018323728,1.81196828664556,7.20794086260543,5.54951769180486,1.95535314618968,7.88180510035647,5.48992475314674,2.10350257828888,8.48120239535895,5.24863580060489,2.32136869804585,8.87253231754447,4.9195991521512,2.50606167664325
1.57986470899271,7.42994178739254,1.19634246564351,1.81393558482107,7.30832188411071,1.22172561286188,2.01905833562927,7.22965530989913,1.24067581065488,2.37679541647058,6.9113146331865,1.07362116532165,2.47337099559944,6.56489107367783,1.37216729826029,2.4735566497579,6.09613842061273,1.29204944154131,2.62273316554679,6.12547705311625,1.30724555423932,4.49137352994286,6.83520303545166,1.58604755645103,4.79780808326308,6.75221729733973,1.55059143653116,5.07905518394945,6.62698059646659,1.5691391309388,4.91416557485743,6.34130920412429,1.2632235985334,5.01087307402622,6.06839837747901,1.6450073896031,4.88943603163666,5.74071142709777,1.63675888317705,5.1387561920935,5.71234479046376,1.67100523623006,0.891608077395861,6.33121518684149,1.37485203324457,3.18368475515803,6.11141669257284,1.34378867729141,3.77187960855666,6.05136187581442,1.41033384660747,4.34621370693274,5.89104592043242,1.53090292552097,5.87696223049962,5.67622425485756,1.69190587505835,6.52239564335203,5.60719154113955,1.81245346314634,7.23153596467962,5.5526182896858,1.95276583934055,7.88462382696455,5.48633916344037,2.10449119316671,8.47544430373836,5.2451639465181,2.32281216860939,8.86616910769262,4.91810388969956,2.50465179927657
1.57940028100505,7.43065448969581,1.19612266285164,1.81396191424735,7.30790451637312,1.22226367294924,2.01813794816978,7.22862521558406,1.24155759852597,2.3739078827238,6.91172769523988,1.07408079382141,2.45900086089317,6.56177274814529,1.37838106667334,2.46440371282661,6.09671847728643,1.29513205340265,2.61246854947733,6.12532176624545,1.31008671670297,4.48973737532106,6.83574998663479,1.58473243169509,4.79757785150132,6.75238355478365,1.55098253440536,5.07914656862397,6.62628600779017,1.56946364423125,4.91180777878387,6.34409152832673,1.26542539163563,5.00706853476427,6.07025266865754,1.64533692270263,4.88528974369937,5.745868640994,1.63605629402425,5.13940436987505,5.70791301181088,1.66549589847499,0.885851760209224,6.3326087117943,1.37650427384757,3.180154825708,6.11427628900466,1.34619211863309,3.76879378338025,6.05473626088192,1.41322304321962,4.34060445081479,5.8959475653689,1.53073674465451,5.86262648369622,5.67643971598114,1.70131238942264,6.50156095312648,5.61075030078311,1.81420758075396,7.21448721908353,5.55276821786915,1.95241275463552,7.87752278226912,5.48821719796363,2.10593787983782,8.47112581867672,5.24724670220297,2.32241769784852,8.85872227932002,4.91531373458033,2.50256639146682
1.57967783590494,7.43084764700951,1.19702896841973,1.81323900581737,7.3075503860735,1.22293365568663,2.01746527970108,7.22928795933073,1.24460028906421,2.37304089248001,6.9092580125198,1.07400528988339,2.457120606585,6.5588294961256,1.38083098857715,2.45767550006136,6.09625244667667,1.29796031751921,2.6039657065737,6.12638771316565,1.31137459419852,4.49104883195259,6.83493674609763,1.58536759990159,4.79815724157692,6.75042137102098,1.55055562679005,5.08036014221188,6.62398425293501,1.56902673058337,4.91172153287728,6.34578775073414,1.26745095773836,5.00393931821256,6.07167048949598,1.64324136253626,4.88418432657499,5.74800119137865,1.63922004217211,5.1342153999482,5.70971232496808,1.66629944779593,0.883324536347117,6.33317375611575,1.3829862233392,3.17191484624019,6.1130774688172,1.34869965750864,3.76051098598865,6.05855725104398,1.41316315546384,4.33128484396809,5.90329447169198,1.53715944071999,5.86523358442722,5.67548935777891,1.70557476432099,6.50366110456089,5.60891945636694,1.82084451658568,7.20394152768326,5.55113236541222,1.95950818966176,7.87464260212527,5.4913786664748,2.10454789878316,8.46752736149809,5.24646823739143,2.32443119125529,8.85207350861292,4.91470615384012,2.50096185304411
1.58029371423279,7.43103991700387,1.19697428267723,1.81477707343914,7.30681844148021,1.22297748311694,2.01751587300873,7.22765236922085,1.24517683174922,2.37019271555291,6.90566211435495,1.07358087299477,2.45161853951759,6.55859280313963,1.38329923640236,2.44963423667608,6.09617286856254,1.2999175316417,2.59645795080442,6.12634276012773,1.31338565825494,4.49091968719353,6.83515744402834,1.58719531332673,4.79914693641879,6.75070694548145,1.55056452493069,5.08126629696978,6.62412275692477,1.56977049254843,4.90945449312422,6.34830830552352,1.26642192362828,4.99949212210687,6.07441754151417,1.64618027063567,4.87794810627782,5.74741249893183,1.64256333267161,5.13161716012363,5.71364425408078,1.66822361347351,0.877569190891344,6.33430385707137,1.38502599492974,3.16475885653024,6.11665184047664,1.34845020623649,3.75626426971772,6.06292409091937,1.41149121433195,4.32713378729601,5.90703333634352,1.53883338370787,5.84442675805973,5.67454420048687,1.70945121379227,6.49368488944824,5.61100846616209,1.82424668503851,7.20465964598127,5.55047917998331,1.96575395528854,7.87024615893874,5.49068131044465,2.10505654276318,8.45897730136229,5.24655186880975,2.32251616792473,8.84381268787758,4.91147408462632,2.49895113560577
1.58043071448745,7.42931546396477,1.197102244026,1.81547912039333,7.30663440358916,1.22283192805634,2.01797015577656,7.22724624428652,1.24523890733467,2.36836775627531,6.9041929287764,1.07375918591752,2.44801194719243,6.55180121367056,1.37674670827422,2.44370405569776,6.09332381139866,1.30436881863896,2.58834982722722,6.12439246716637,1.31715839865951,4.4931458163343,6.83438473275678,1.58625695152745,4.8003684954472,6.7484144506145,1.54864167348679,5.08245801965855,6.62100818942556,1.56579785965136,4.90668015946048,6.35109500861562,1.2632647004498,4.99367248741664,6.07675040834633,1.64341424099331,4.87165185947936,5.74938577112479,1.64326257505332,5.12306837102635,5.71689578924016,1.6708166838812,0.871605860601738,6.3330594072539,1.3861795804625,3.1723671659958,6.11162068602904,1.34559783689684,3.75390332531696,6.06401191973246,1.41327184832066,4.32252402281184,5.92029495286373,1.53143288039314,5.83870518281157,5.67391900201033,1.70896659806998,6.49761182231676,5.61115671631428,1.82958776948044,7.19802507925772,5.55196154890351,1.96437616331655,7.8590498193607,5.49475953943358,2.10342881133117,8.45276000598441,5.24774318886218,2.32044929858248,8.83596070177804,4.90931496041405,2.49783485279663
1.58183240861033,7.43006145361677,1.19810670879934,1.8154760985746,7.30651054401148,1.22245027948845,2.0175320053993,7.22647628570247,1.24405604822567,2.3665447382217,6.90080781048894,1.07592347950607,2.44598606154439,6.55122342731291,1.37848177328041,2.4401176252185,6.09227089575812,1.30768424306808,2.58537274017365,6.12280625188259,1.32002471376854,4.49046469656175,6.83453275118651,1.5851378319721,4.79729361748755,6.749418643512,1.54884761472929,5.07704099461527,6.62528683473228,1.57163063811292,4.90170553752347,6.35033248254694,1.26088470840914,4.99200519690365,6.0773438638985,1.64341628867205,4.86865028980833,5.75116911090581,1.64515299005238,5.12153861236962,5.71823985949125,1.67460252918768,0.865329597269197,6.33145350507258,1.38843297803266,3.16265427847189,6.11162397120136,1.34835841955138,3.75100349824714,6.07121418944598,1.40922902538731,4.32072682255945,5.92169860331594,1.53403448591098,5.8282302850061,5.66940908506621,1.70942930415293,6.46675783704139,5.61092989451166,1.83180931365122,7.17493293255531,5.55583064330888,1.96099116027057,7.8546875504028,5.49423202806042,2.10287117345672,8.44327480981707,5.25076229003561,2.31493422042953,8.82891641943209,4.9023320708078,2.4997474910885
1.58139582628667,7.43088513244672,1.1974385805557,1.81450880587616,7.3081921067444,1.22271799502343,2.0156937057292,7.2276464861673,1.24534877528984,2.36377050267774,6.8983839387847,1.07546057312768,2.44386794224421,6.5506687589385,1.38155812417781,2.43703079564509,6.09382887230586,1.30951406047398,2.58028499558424,6.12531669446227,1.32073552127359,4.48884096001381,6.83563534358511,1.58396602393001,4.79756091163029,6.74930793401807,1.54693299828392,5.07828239511942,6.62316233480729,1.57085758593346,4.90357565344506,6.35241343456971,1.25919768535481,4.9895704349518,6.07599143260622,1.64408684066018,4.86433095821303,5.75041523323966,1.64629132896902,5.11990965517151,5.71889743294626,1.67628337184386,0.861403777422004,6.33122134045439,1.38830299530013,3.15813109012774,6.11299810880554,1.34995984965024,3.75016933429282,6.07027805985968,1.41153574651851,4.318259958446,5.92161413648112,1.53577429030324,5.83079565110467,5.66703751777827,1.70888688374517,6.48367478894019,5.61623914743822,1.82872061812668,7.19124535488443,5.55171674327067,1.96369832803032,7.87041058781802,5.49270035743126,2.10914624881657,8.44015882119154,5.25409942920768,2.31277715079511,8.82223777324988,4.90013223572689,2.49709337768283
1.58218584883753,7.43038844391396,1.19817715347935,1.81477559310918,7.30835529206158,1.22227221126161,2.01575941766395,7.22716732605648,1.24393226342803,2.36258707258632,6.8971286868135,1.07471728706765,2.44194811593489,6.5529598209845,1.38482027366662,2.43111206607634,6.09086967007412,1.31197183395185,2.57418469774618,6.12260086355092,1.32315762877917,4.48945901506776,6.83391178901417,1.58030481739385,4.79753557101253,6.74902987546644,1.54675344470845,5.07906384531282,6.62195227608567,1.56938779413845,4.90369261869798,6.35437452747639,1.25639598483558,4.98702564621723,6.07830701965521,1.64680140453822,4.86020078196236,5.75288914305555,1.64686348705647,5.11294412573874,5.72073477251135,1.67757579379261,0.858224529733376,6.33162806656225,1.38885979897577,3.15776719161627,6.11501624065471,1.35062493584497,3.749389587841,6.07405697872709,1.41150375591139,4.31613968222273,5.92525617182208,1.53574457261707,5.81946440968761,5.66589799706722,1.70672025750987,6.47216854326918,5.61619145241208,1.82815216472634,7.15713203386632,5.55541024818018,1.95326890952357,7.8478060591782,5.49508370030904,2.10170520313016,8.4368363014371,5.2522315327847,2.31265898238109,8.8156140306633,4.89711549909759,2.4936925097759
1.58101417039472,7.43169987253252,1.19836245760506,1.81296709632318,7.30993055187177,1.22301959392377,2.01406822828197,7.22792458043191,1.24540811243454,2.36221919030688,6.89683870161021,1.0764493628888,2.43984722589144,6.55213951442521,1.38543216442718,2.42854809248715,6.09320230014134,1.31203407274136,2.57059567330624,6.12579683433114,1.32295289146682,4.48733240934408,6.8334157334088,1.57865397853883,4.79429156343484,6.75031155057789,1.54596184286507,5.07654160503336,6.62470087578227,1.57084469676582,4.90321849218692,6.35565898390796,1.25551303820022,4.98586622776826,6.07823982694588,1.64536497290563,4.85886748185008,5.75420483769529,1.64640134767615,5.11135399839122,5.72165484512358,1.68066865435714,0.855373858188247,6.33084851193726,1.38968097529252,3.15065818772786,6.11530779230873,1.3520733364196,3.74743850312449,6.07620537570803,1.41328138986611,4.3146796367645,5.92818003717595,1.53573985679876,5.83902850586997,5.66410683566007,1.70360677496931,6.47840762012219,5.6171529576504,1.82876722672363,7.16287433244596,5.55710582459206,1.96058302438263,7.84737077482694,5.4947812977108,2.10272749196153,8.4361920255597,5.2512476803525,2.31313104748975,8.81124806329652,4.8948393002684,2.49015233804998
1.57942366320812,7.43174493699118,1.19798094446373,1.81308652555765,7.31174762789482,1.22147151918218,2.01335162487599,7.22874867206382,1.24576443061837,2.35955167741882,6.89406094500325,1.07657229982364,2.43702402874534,6.55162982376224,1.38561948215722,2.42515074655987,6.09301417021995,1.31372902460534,2.56766484975765,6.12475557092756,1.32412872130352,4.4884259283482,6.83502877728089,1.58200481411687,4.79788475580304,6.75103325550337,1.54882778208698,5.07746424445844,6.62259808642334,1.5694247899967,4.90441677836626,6.35406859619449,1.25672542547676,4.98609504430054,6.07755657792507,1.64666496213401,4.85996187604274,5.75513697374952,1.64703675007982,5.11073863907874,5.72401959296427,1.68479361699232,0.852925906039833,6.33104170524149,1.39112281728206,3.14873044667499,6.11798827757782,1.35168082796425,3.74579958595897,6.07613289941636,1.41418562133896,4.31385411773619,5.92653621214944,1.53698362345882,5.80870262497528,5.66820617450567,1.70895915605196,6.43859647099721,5.616706331662,1.82910743239837,7.16953076303455,5.55522809262194,1.9631960268985,7.82509452901757,5.4991577192401,2.09543067466578,8.4300518104322,5.25287931552546,2.31280741241115,8.80734843632075,4.89184346982477,2.48963087032431
1.58063510727192,7.43236647445233,1.1971842676415,1.81329262382324,7.31182452347632,1.22047907109477,2.0147762670324,7.22714861044783,1.24573516358075,2.36032278866597,6.89251864381526,1.07654954255411,2.43782597816998,6.54868945063922,1.38778641012919,2.42748964675685,6.09054214958915,1.31608066808424,2.56952541409884,6.12170729427439,1.3269044975608,4.48805425426592,6.83503216580474,1.582730307981,4.79769378353824,6.75146660572128,1.54934402038173,5.07685833883124,6.62405646130929,1.5700575914326,4.90428518183541,6.35363928989621,1.25745940701324,4.98836036463446,6.07778096793275,1.64752315043292,4.86306660296024,5.75613254849208,1.64712543467684,5.11691439162476,5.72634188617026,1.68915779696812,0.85146290128502,6.33099750584722,1.39163739371899,3.1542448624299,6.11661311839333,1.35474327255601,3.747450619573,6.07850566776407,1.41483023065255,4.31486823915768,5.92976175061383,1.53838469203166,5.81334762836237,5.67222935573418,1.71449527691628,6.45867934322496,5.62389334682746,1.82818525532595,7.17174604767993,5.55331003530814,1.95451622380901,7.83088798490095,5.49960744521815,2.09559790809508,8.42515697189778,5.25410701132313,2.31317817929634,8.8026989934247,4.8867271614229,2.48620141223412
1.57975021493069,7.43163893695288,1.19713958897183,1.81266494703175,7.3122896713317,1.22161525130552,2.01340216349276,7.22906515357117,1.24587285938572,2.35582769255131,6.89474415517401,1.07902974274113,2.43610196241394,6.55046611133451,1.38964948276215,2.42575726257187,6.09170334941097,1.31581035104163,2.56720774372048,6.1231428371701,1.32715044912883,4.48767610383028,6.83448019981986,1.58068471802136,4.79615233778022,6.75079325224287,1.54728156802592,5.07698234654187,6.62427930382234,1.57190844704858,4.90427631802491,6.35752019853876,1.25536935934196,4.98501825468641,6.08036015519421,1.64747351281794,4.85819221114051,5.7566822865218,1.64696546360829,5.1138744293461,5.73023080528431,1.69491551724138,0.850065392626646,6.32988918997823,1.39352426428056,3.14855209386139,6.11794042217476,1.35339144457296,3.74479045828245,6.07815531886574,1.41470123528461,4.31067199043397,5.93239058016962,1.53497094615869,5.80816669110429,5.67295627863195,1.71462657044203,6.44898600964946,5.62470611671676,1.82399119410521,7.145675530467,5.55974217158403,1.94967294989475,7.82155646417707,5.49807455855917,2.09564749158103,8.42550692902072,5.25521234095317,2.31235577735454,8.79656754283848,4.87965590895557,2.4808913084927
1.57998548406397,7.4326910579851,1.19773011176891,1.81319206534867,7.31141588454663,1.22239740308059,2.01435747097236,7.22840676205769,1.2465405475007,2.35590440759149,6.89447717587832,1.0783754536383,2.43553393423891,6.54981665396473,1.39068441108509,2.42612718687279,6.09209532033405,1.31669876057147,2.56687590772202,6.12385782323755,1.32769701969232,4.48759349731304,6.83429842307976,1.58234074762039,4.79675230127799,6.75063612326483,1.547934591813,5.078647964494,6.62478152592204,1.57182846500853,4.90533154939363,6.35715209129596,1.25745105138561,4.98450015055922,6.0787423186568,1.64698351818129,4.85664653853863,5.75615435999562,1.64729294778003,5.11247940054265,5.7308026453902,1.69780368966868,0.849793128216663,6.331394666293,1.39298438590115,3.14660619102464,6.11754706122318,1.3528390610544,3.74086834825859,6.07850586975453,1.41493763380995,4.30721636383029,5.93180199518491,1.53585278068025,5.80206851036153,5.6730357806739,1.71739678317509,6.43096214316558,5.6205238098958,1.83121799983174,7.14490955775829,5.55920950104199,1.95206232028229,7.82166740180861,5.49933221804551,2.09745194949583,8.42077728505804,5.25843524422846,2.31192789773505,8.78948352929629,4.87484590530302,2.47851346919293
1.58076607963903,7.4317543752468,1.19767062268657,1.81298898916465,7.3110595979318,1.22237726726233,2.01450487780295,7.22830306884387,1.2467125767097,2.35465165973328,6.8939888861801,1.07829584341913,2.43270126886965,6.54737320165875,1.39092772575455,2.42434692030267,6.08733859614154,1.31971134825036,2.56574034477131,6.11896375151484,1.33070359535834,4.48796575850941,6.8342949764674,1.58243107925996,4.79787756270621,6.75016389063209,1.549022734548,5.0815756064685,6.6231392590615,1.57185412930685,4.90735325798023,6.35663215357051,1.25805680900835,4.98248654565688,6.07902136088886,1.64580688792033,4.85244693854657,5.75828641170312,1.64625439992089,5.10868111463492,5.73377694291577,1.69667013209717,0.848650477537023,6.33040981154777,1.39427547732522,3.14908338491635,6.11646372507516,1.35482938943867,3.74258955981576,6.0790161481704,1.41496002876432,4.30927670542796,5.93232172965821,1.53489778992537,5.77865466735715,5.67335801213422,1.71086502109333,6.41969020185014,5.6220801577566,1.82585912459588,7.14407129968236,5.55844121161762,1.94950095255087,7.82202070851515,5.497520137726,2.09545983632928,8.41932045032867,5.25679217213047,2.31198851554405,8.78151857256334,4.87093232092452,2.47626554553686
1.58031730069736,7.43242260882297,1.19659838401875,1.81307033952354,7.30962188421765,1.2234366184776,2.01488647131182,7.22819839978245,1.24832316240919,2.35419438105924,6.89340938682493,1.07813559525411,2.42958750363604,6.54525938694511,1.39141517297014,2.42163481196543,6.08750351185847,1.31836168556454,2.56313546091537,6.11961198305388,1.32966924115796,4.48856432176816,6.83421402596654,1.58317895215332,4.79744337075723,6.74965734502538,1.55050063369632,5.08161753158156,6.6214441080602,1.5714353547388,4.9075742022831,6.35448529471553,1.25938474978319,4.98355530971648,6.07720310891371,1.64591844607054,4.85100266099626,5.7584231791045,1.6461037154726,5.10680687015751,5.73160977236545,1.69391067084489,0.847901192561328,6.32814451309383,1.39271391723751,3.1445070101906,6.11561697662167,1.35527998239085,3.73872686150725,6.08066150053687,1.41384348083852,4.30830593335992,5.93430825737688,1.53418602903128,5.79530661957223,5.66804890220081,1.71148743177456,6.431649931138,5.62316754066171,1.83410417568081,7.14677267138631,5.55961294453003,1.95336579450934,7.82440386936372,5.49683649793321,2.09610865751615,8.4177255394985,5.25668438090584,2.31072046604841,8.77511025541542,4.87464867574507,2.47646790088855
1.58041860764381,7.43188454358755,1.19699162507171,1.81330247401962,7.30874817662014,1.22437283888796,2.01547711159342,7.22831301944936,1.2488853223431,2.3518195496599,6.89391797007319,1.07862365248626,2.42841710462135,6.54597860510481,1.39181651981594,2.42121964355165,6.08579093463018,1.31836137821018,2.56225463515158,6.1188526771679,1.32958198967685,4.48746798290873,6.83419283998416,1.58247666632285,4.79726502547904,6.74888371526521,1.54987546920984,5.08341247336412,6.62006794171479,1.56899339570711,4.90638875596156,6.35558266764146,1.25969607824768,4.98145824027264,6.07706537786969,1.64535846666726,4.84611026264944,5.760343136798,1.64597558023408,5.10193680143529,5.73161396891795,1.69405022865467,0.846556106345716,6.32583181178796,1.3906443174021,3.13918537934604,6.11592162088831,1.35351890584269,3.73412222207118,6.07839126459587,1.4156802365521,4.3050804594891,5.93412479349407,1.53325668583221,5.80918601027709,5.67023495602991,1.72591334420989,6.42294181577348,5.61981713871443,1.83428371205121,7.16629894374412,5.55788190591088,1.96547932953075,7.83350228371361,5.49497305452048,2.10140126677131,8.41603284308558,5.25878901581178,2.30874664527322,8.76807081464283,4.87080058431298,2.47179277739296
1.5807275555366,7.43224337638699,1.19781052683104,1.81200464121663,7.30890467397835,1.22471408019401,2.01402152919778,7.22829854362625,1.25048656843526,2.35158781294176,6.89219974729338,1.07947354292187,2.42683889986805,6.54394637412689,1.39150933295168,2.41882217255037,6.08740130801515,1.31562283354425,2.56041584240746,6.11983513665619,1.32754095945079,4.48916959318086,6.83268147625019,1.58213493376083,4.79720206628658,6.74803107203326,1.54859528618512,5.08494907571069,6.61954166713407,1.56743181477596,4.90870098267195,6.35844180910485,1.25820113360559,4.97746539749595,6.07926237909581,1.64428835863464,4.83785006909409,5.76273305790219,1.64707543648735,5.08720825714648,5.73881144671648,1.70057245138554,0.844168360316871,6.32191741592797,1.38769609848028,3.13736135278819,6.11745491316817,1.35300940706255,3.73561397981081,6.08255000541448,1.41361650058292,4.30262141782969,5.93702274352881,1.53042308052835,5.78638501481227,5.66113088167603,1.70225174388086,6.4511071789302,5.61558265656768,1.83189768383008,7.1669896460126,5.55574776171375,1.96483573958578,7.81105290338085,5.50040045804703,2.09307469214209,8.41156251922821,5.26291561653753,2.30226457827246,8.76095039701329,4.86554501034308,2.4624964415886
1.5800995279208,7.43237960257771,1.19768059318804,1.81232025138558,7.30975025807431,1.22525602152143,2.01412968269216,7.22939600717834,1.25053179277246,2.34997299009047,6.8932030610621,1.08083142330173,2.42492423940226,6.54288934107928,1.39017517767888,2.41861077185167,6.08905259994103,1.31402081631282,2.56018420635563,6.12135854094628,1.3260794597355,4.49018378506748,6.83214553054381,1.58227427759073,4.79730516379453,6.74911768680016,1.54741816231412,5.08496279917763,6.62017819858801,1.56611685827544,4.91234640017812,6.35606986127323,1.25319595597621,4.97434500880301,6.08154432791024,1.64626269097549,4.83221169565984,5.76381366761349,1.64542707302053,5.0833188048558,5.74290304123635,1.70187082627669,0.843053065662889,6.31998268397418,1.38422885206962,3.13400003912018,6.11763235876093,1.35355277631609,3.72860235034962,6.08166964400791,1.40642641343627,4.29540166879404,5.93672770966007,1.52731829072188,5.77175306269977,5.66463789350022,1.70752307797187,6.44208225498837,5.61885890235009,1.83531371389327,7.13273738632195,5.555541796594,1.95197291219345,7.8014015643866,5.50354707387816,2.08986388617806,8.40801126565816,5.26665447003514,2.29622424783874,8.7538890474833,4.86058168095495,2.45872249945915
1.58120566514976,7.43322902991912,1.19913810545082,1.81247759469149,7.31101890052235,1.22482150454372,2.01410393522431,7.23024712123378,1.25001626105485,2.34849202463698,6.89087464119786,1.07903318743276,2.42432374759609,6.54068771231021,1.38951662880436,2.418784533935,6.08729930511163,1.31433746974339,2.56087323272417,6.11857187278391,1.32762660819641,4.48977320812129,6.83272259089689,1.58316734667436,4.79760908220935,6.74894093174587,1.54719601037582,5.08606246005489,6.61811555984132,1.56431297387257,4.91036845465234,6.35718635328471,1.25234718493746,4.97065793867506,6.0823267392794,1.64406975074886,4.82756915375319,5.76470261265847,1.64215164815106,5.08208638353354,5.73892616760929,1.69561482139023,0.840474345254747,6.3185740686746,1.38205849089441,3.134096623207,6.11756027734394,1.35320604322215,3.72517748599275,6.08407150859267,1.40621964833861,4.29301400223291,5.93842871274317,1.52428218043434,5.77601339803459,5.66541094033281,1.71303883449789,6.43192872597584,5.61516610077885,1.8332610439255,7.13612255474204,5.5560538679017,1.95016568355459,7.82239694536756,5.4981514172491,2.09958586324033,8.40776645967537,5.26500664822733,2.29551071727076,8.7479304839829,4.85630491430452,2.45123322642131
1.5806719804088,7.43267979436938,1.19963481537638,1.81094375091448,7.31191626635695,1.22543755700241,2.01267414139405,7.23089715431931,1.25131747217639,2.34583986507078,6.89198078447271,1.07999566331698,2.42403097470031,6.53983390419858,1.38701754943825,2.41739277986981,6.08815070604277,1.31143649573133,2.55936175237064,6.11943428340929,1.32471934693929,4.48943846432243,6.83230650162101,1.58145442632262,4.79724319248939,6.74773249152312,1.54562357607981,5.08772043310574,6.61770135173804,1.56389980261077,4.91226224836094,6.35913656630175,1.25644507958278,4.97221147685575,6.08351413771851,1.64411006274721,4.83215808873032,5.77360205953179,1.63657686006732,5.08030707101817,5.7406124962033,1.69811926820127,0.838813940010485,6.3166741431074,1.37893037532622,3.13197997421461,6.1160188671047,1.35414122017919,3.72730682647118,6.08280823866609,1.40620964105816,4.29215232274603,5.93981906264728,1.52377156530219,5.77228339885793,5.6623243514573,1.71451843434497,6.43924037717409,5.61574684489698,1.82927904467977,7.13485513785692,5.55544438369827,1.94967120394306,7.80702932171823,5.5006009002577,2.09216345335177,8.40420461873625,5.26811613252207,2.29287036711981,8.74147065709385,4.8553107623278,2.4437167206757
1.58125325191758,7.43329803517154,1.19979254284008,1.81052264993424,7.31122216233359,1.2244814613,2.01165504762293,7.23158661502595,1.25094476857652,2.34515513620987,6.88964759124991,1.07893872821318,2.42174021282181,6.5385522468763,1.38641686646942,2.41684476989996,6.08702953309576,1.30990745958254,2.55803483779961,6.11864411133165,1.32364576809366,4.48936035583809,6.83289346972988,1.58242050682834,4.79669359284394,6.7479919896016,1.546792797708,5.08568259302799,6.61748382025171,1.56413225816729,4.91538506501744,6.35381479060823,1.24604006688763,4.96961284958349,6.08506292778324,1.64321981275304,4.82745482760857,5.77174416704534,1.63695729851445,5.07829279899831,5.74018950252726,1.69083178227647,0.837368602944372,6.31237050438971,1.37408854628284,3.1328188061714,6.11285635595861,1.35485492631963,3.72332877330406,6.08380569402845,1.40587821858518,4.29205731321736,5.93721165166095,1.51550371778193,5.76695843927219,5.66634697539639,1.71883435305568,6.43827544539016,5.61467088180528,1.83325724789771,7.13471583423769,5.5561604971667,1.94801040396349,7.80486583100532,5.50035581272052,2.09136384508741,8.40416782617393,5.26753306565199,2.29148370288439,8.73598835226937,4.85266421463489,2.43705806422017
1.58158468325876,7.4330557622395,1.20037207208282,1.81142260282967,7.31149394318686,1.22375439652876,2.01138200412095,7.23049314016215,1.25136172516365,2.34243552875598,6.88839971938132,1.08028945489395,2.42111074595414,6.53685127995723,1.38357772076557,2.418400905102,6.08499120189224,1.30883080057475,2.55699145678676,6.1187427760412,1.3214125338624,4.49065349980608,6.8320959707879,1.58196867560652,4.7972305308971,6.74826512922121,1.54621420386107,5.08598335121173,6.61823290946957,1.56395754325623,4.91578699946119,6.35340356525789,1.24503556829323,4.96713614709348,6.0866668039949,1.6443592195118,4.82313434621695,5.77725372741092,1.63590330983633,5.07412745022048,5.74611247087669,1.69536954485053,0.835670211647688,6.30681957391243,1.37153453642526,3.13062194633474,6.11342012732215,1.35445893073499,3.72315981300502,6.08484471144539,1.40323641847651,4.29182680025962,5.93745780387993,1.51484717247616,5.76456927616874,5.66700830454349,1.72199461385891,6.42887582831496,5.61563043512154,1.83088361192533,7.12947858808459,5.55218335921872,1.95007866301642,7.79357331428829,5.506242726527,2.088385108103,8.40074034416417,5.27035028139741,2.28867958270577,8.73073054349795,4.85192937917664,2.43084869177225
1.58210220235222,7.43300126426775,1.20078820334599,1.80998430545827,7.31218075789494,1.22460318766647,2.00907737893831,7.23164855564178,1.25164782114615,2.34008806374452,6.88922702334277,1.08148690212708,2.41963674172008,6.5360966881191,1.38309565619025,2.41706582676719,6.08587534955123,1.30637833605195,2.56027514802275,6.11497748242647,1.32339324216068,4.49074353133741,6.83243504179134,1.58397697021456,4.7989543700904,6.74559746171203,1.54552990029396,5.08751767032856,6.61475190142621,1.5619696319216,4.91913310927293,6.35236516620546,1.24530364673831,4.96715245802146,6.08512097173942,1.63988243524513,4.82520540449487,5.78012615118314,1.63368609132961,5.07360474399963,5.74627471395623,1.6881167019162,0.830421572514912,6.2978602860701,1.36869266677251,3.13522109490123,6.1131781922169,1.35428342881492,3.72910325865559,6.08806656504455,1.4108194945238,4.29200783594383,5.94287271725964,1.50909871383824,5.77100472378366,5.6667265112284,1.72350342234063,6.43490589914314,5.61559695399019,1.83072947466738,7.1267943582304,5.55338720029683,1.95063945475525,7.80169345603918,5.50265012820641,2.09054061958944,8.38470657743748,5.28902751068457,2.27665767385571,8.72640193956624,4.850238664256,2.42150299087104
1.58193200971153,7.43284016746069,1.20129259941936,1.8106412364276,7.31234183097724,1.22528826438825,2.00875378722747,7.22999350284485,1.25032309510924,2.33966046147126,6.88947767840162,1.08456574045392,2.41996039499116,6.53440245997258,1.37997867856974,2.41609812950059,6.08342494564485,1.30540389287926,2.55928551358438,6.1144613828682,1.32121910903428,4.49156351371077,6.83137733397312,1.58220183138241,4.79778189583485,6.74475207136904,1.54268861457435,5.08794818130472,6.61266489190854,1.55833267680457,4.91319663568164,6.35908357005937,1.2499196151816,4.96400839075214,6.08332365872008,1.63721267021684,4.822513435604,5.78120444365763,1.63070125280165,5.06845470076752,5.74803431299638,1.68040897778501,0.828485722116376,6.29184900580506,1.3648723690088,3.13486167831803,6.11350871904968,1.35462104987034,3.72299127502221,6.08616984704631,1.40252960709125,4.28318655487774,5.94247900908482,1.5088957643505,5.7673426142354,5.66614620726845,1.72416211073209,6.42947034601098,5.61693121412989,1.83112841670001,7.12389358208345,5.55277144429265,1.94796666254841,7.80574827357772,5.50060585499352,2.09195537922574,8.39789242775009,5.2718837738694,2.28347839800316,8.72044652621561,4.85014329813846,2.41273395370422
1.58209923441834,7.4336134221287,1.20182921385047,1.80908150799283,7.31197793646134,1.22537415909488,2.0078769561332,7.22787085649351,1.24843112155355,2.33807149547816,6.88671042360693,1.08262039391275,2.41841886768727,6.53077810734928,1.37542405977234,2.415191603771,6.08062416779445,1.3047252010017,2.55879498589367,6.11013395240825,1.3213094855985,4.49186101738943,6.83125808072536,1.58456919312658,4.79970239773355,6.74513087683786,1.5458425852088,5.08745148270754,6.61221309576395,1.55939035131739,4.92605060107748,6.35222605491867,1.24488525677522,4.96431266370703,6.07870581357355,1.63089923490875,4.82329522518481,5.78281303041218,1.62515268638368,5.0642616554443,5.74779784976001,1.67703683513385,0.825663421983757,6.28526377227229,1.36116219135944,3.13415655542024,6.11114154487575,1.35400546568968,3.72983596729829,6.08807282183572,1.40641986172519,4.28620689043717,5.94451691914553,1.50718211617856,5.75733490327904,5.66662917380813,1.73877010028391,6.42540338296647,5.61608642575345,1.83510437751787,7.09499340096643,5.55433386348217,1.95135149295171,7.78616394590714,5.50532402757975,2.09073675798733,8.3786289688881,5.2928074556258,2.26678786686686,8.71509788315872,4.84946665023652,2.40499692300333
1.58281497433889,7.43331426687791,1.20220268260511,1.808846545689,7.31250725678906,1.22471381328309,2.00668686985595,7.22645558401426,1.24818446383086,2.33457956561595,6.88610609498183,1.08328479630469,2.41624311073332,6.52803679433592,1.37306761890851,2.41223865288345,6.07662868224781,1.3034758027363,2.55588152143863,6.10486238231949,1.32167661982761,4.48914122275314,6.83210489562575,1.58353968905121,4.79940461749329,6.745299719161,1.54476311196117,5.08770672409467,6.61072969447942,1.55669016246271,4.92671285496533,6.35014117045862,1.24625824631569,4.96470912554573,6.07682557664831,1.6303462771395,4.82543307187111,5.78504588393725,1.62120622738132,5.06441052829367,5.75032788044487,1.6719057882616,0.824094854857525,6.27832882592,1.35605982252288,3.13749631167713,6.10781007993748,1.35482434026107,3.72585615740796,6.09119274148176,1.4047370956525,4.27910109020203,5.94538034291824,1.50597824329471,5.75579541332156,5.6663101757463,1.74041236485381,6.42011179877739,5.61617523467825,1.83476965176763,7.08521220599975,5.5582575840546,1.95007043990317,7.77425063887821,5.50537025891975,2.09250666690794,8.35880001958218,5.30407379998263,2.25498200607019,8.70715274289834,4.84498589352931,2.39510145613987
1.58264962103832,7.43369476424747,1.20177206118353,1.80771704031246,7.31279080205075,1.2245152451425,2.00534159511906,7.22565304317995,1.24682568296122,2.33352439073145,6.88474318374717,1.08394724370059,2.41768800817881,6.52411281862498,1.36857432802084,2.41207694699134,6.07197657467156,1.30421982840921,2.55546096830518,6.10160228972068,1.32310624817227,4.48927207079439,6.83178982688376,1.58486812572483,4.80091904076403,6.74321080114396,1.54482990194524,5.08950554184461,6.6086577609849,1.55434258339441,4.929580050886,6.34821332678074,1.24090055009849,4.96257807218444,6.08069711909745,1.63279883004273,4.81967783066088,5.78978730927084,1.62324161637328,5.05777899560078,5.75302744619154,1.67082848871208,0.82143410436773,6.27303081951029,1.35317589648771,3.13120232127569,6.10895586158879,1.35091857387232,3.72368404938374,6.08698188862803,1.39652454440835,4.27807402476313,5.95000076507422,1.50453729240977,5.75365725822744,5.6586381563557,1.73569797691218,6.38478920139336,5.61813284056198,1.8326330731714,7.07621846093473,5.55717786217065,1.95141885831789,7.77252849254831,5.50591828634661,2.09256884183845,8.35975946866448,5.29902021324603,2.25331824619631,8.69662647800869,4.83794667658234,2.38287305765987
1.58295658629013,7.43394184256512,1.20252666753444,1.80651811158228,7.31418875731917,1.22544568856582,2.0038697439419,7.22550561736816,1.2480961508496,2.32842430214187,6.88329966511078,1.08340832396312,2.41512316377272,6.52068572694076,1.36591279513226,2.41086533135591,6.06788452433785,1.30305340300687,2.5550782224267,6.09864052350215,1.32290204629764,4.48890697031771,6.83306493236759,1.5844869029865,4.79943289069401,6.74374661918497,1.54389382942561,5.08761341298664,6.6071205344007,1.54992339546302,4.92769547128259,6.3466088325122,1.22860030615923,4.95953444714,6.08180130105874,1.63211506145355,4.815384253806,5.79182347029176,1.61896979270005,5.05382385846862,5.75085809763225,1.66800522952621,0.821456526688698,6.26965632449803,1.3527859505541,3.13013684569538,6.10868576206145,1.35023396971094,3.71931211496871,6.09060005965445,1.39799960348176,4.275248684339,5.95177227399952,1.50162605407681,5.74313684858305,5.66443518865595,1.74186483786131,6.40760272667491,5.61605026873093,1.83373360915891,7.06105366742643,5.55979404111836,1.94637324035541,7.77091302662343,5.50764306985591,2.0921348528932,8.35524918920117,5.29885884199888,2.25208835940409,8.68990164013134,4.83272286202744,2.3745223976994
1.58100412149501,7.43341964623493,1.20242015669551,1.80405508566411,7.31466522736688,1.22642092201765,2.00187448808926,7.22674184319722,1.24789949117598,2.32659499709811,6.88077046632059,1.0797928743031,2.41312208821045,6.51967167379965,1.36066550900669,2.40907837585712,6.06536685559097,1.30054268177256,2.5524101662437,6.09714745259958,1.32106350260951,4.49000499387571,6.83290333926048,1.58643744589396,4.8000007174435,6.7431530507161,1.54389706121633,5.08719356029262,6.60702602274325,1.54946804827063,4.92850892568784,6.34531429770448,1.22387159047629,4.95728892528886,6.08094430386132,1.63117075626268,4.8125118019979,5.79499945952852,1.61840473844199,5.04399897957955,5.7506791178561,1.67072471952381,0.816860677799305,6.26337003983899,1.34706939567954,3.12615972276164,6.10800239641654,1.34868226317958,3.71480050321709,6.09427738758091,1.39442388449518,4.27081010073753,5.95406505999581,1.50076050612086,5.7389141899984,5.6643604815637,1.74263465808462,6.385298003525,5.61461607219669,1.83440742053612,7.06323298233947,5.55902007280879,1.94864913680789,7.77297696838325,5.50771743946372,2.09118349049291,8.35185217012723,5.29501482021428,2.25487563771257,8.68204034858133,4.83006419799087,2.36635324534502
1.58105306619727,7.43368360738113,1.20319416042302,1.80432998752857,7.31513689607165,1.22496726567992,2.00153655201348,7.22605135103923,1.24608724012943,2.32344327836317,6.878987924822,1.07609506861318,2.40836145550081,6.51569454054785,1.35605726190977,2.40686987471912,6.06388637027095,1.29796335939561,2.55011422839948,6.09527084319123,1.3207886377813,4.48997353127232,6.83280881804163,1.58666646069492,4.79916405726878,6.74332415961698,1.54344938632722,5.0882508603046,6.6042858590162,1.54583844099243,4.927246633522,6.34281387541223,1.21695405961771,4.95180884851685,6.08416431080732,1.62912792383173,4.80460236070722,5.7952636393807,1.61170876919654,5.03824520487298,5.75386750627226,1.67194269059223,0.812822444582367,6.2588681253392,1.34453741017662,3.11994603691705,6.11018409132327,1.34775993165954,3.70717968570806,6.09670760591635,1.39263099957978,4.26225733262984,5.95687138277407,1.49819025121523,5.73436596923652,5.66364357656891,1.74259846337916,6.3878618106189,5.61623599771727,1.83730735035468,7.07204148934419,5.55789455372971,1.95741025001743,7.75587566174173,5.51155783629927,2.09071134714188,8.34700689839454,5.29856713368862,2.25110165285949,8.67202109919598,4.82583205392098,2.36344707730812
1.58203718918803,7.43344672629422,1.20351903206182,1.80421987760867,7.31578396177379,1.22494742455276,2.00047248251728,7.22623099597574,1.24519320685375,2.31934786530885,6.87822045579842,1.07565887779965,2.4051338614747,6.51423084120798,1.35226881477515,2.40355617253503,6.06259058178862,1.29623394598281,2.54614241996706,6.09458089508886,1.31911521308089,4.49063074749803,6.83422746989603,1.58794877691321,4.79898307238541,6.74424586356885,1.54324803890286,5.08609467032465,6.60613199675594,1.54696945617615,4.92697818860709,6.3416810286238,1.2143557668328,4.94889967476585,6.08751623813932,1.63109908078489,4.80027116672294,5.79631814792642,1.61111173871166,5.03701389975897,5.75217758481943,1.66637031114797,0.808899145600853,6.25236675096034,1.33982161448214,3.10953475180956,6.11340960750181,1.34155894711344,3.70325404941234,6.09796587751087,1.38964188530564,4.26030977568056,5.96159250675381,1.49281976100429,5.7259937146576,5.6639878228335,1.73708274524063,6.38103123992236,5.61632026584305,1.83493191544005,7.05901804431594,5.55846087390384,1.95088388752721,7.7578435349635,5.50941407510112,2.09095983909303,8.34188741701795,5.29965048609444,2.24903378147845,8.6611319576329,4.82543426171058,2.35588684209859
1.58156755380716,7.43351786441243,1.20339035597473,1.80409657005679,7.31675437650379,1.22433495645554,2.00039034605905,7.22557576324166,1.2439533764727,2.31668371828057,6.8748992958677,1.07550560290317,2.4011031244209,6.51185044510026,1.35251794268029,2.40312719341911,6.05962642944,1.29590872053678,2.54556767016256,6.09224417413177,1.31914600554014,4.49103547280433,6.83268480158734,1.58529467261129,4.79937638097488,6.74410459171237,1.54179492714387,5.08784215885574,6.60632075370762,1.54639963155036,4.92687340982532,6.33557443887513,1.20370286124547,4.9467134966648,6.08644652701134,1.62590633024016,4.79639520403511,5.79558490014498,1.60918004356133,5.03174616041035,5.748869938827,1.6620689501437,0.804958742233257,6.24491924189809,1.33777576843409,3.10751306053289,6.11204010349002,1.34171357976128,3.70661865761143,6.09532822851804,1.38916570373677,4.26197691063319,5.95870504634088,1.49107185475941,5.72514463480701,5.66176292693397,1.7366188325025,6.375186561087,5.61642177744417,1.83510740503146,7.03032688952025,5.56260158268074,1.95174743174673,7.73156621376302,5.51325551096532,2.08952346490661,8.33742275432452,5.30443397175485,2.2427075880105,8.65265407238406,4.82289650972877,2.34055105669873
1.58173095568872,7.43416800146804,1.20429377984768,1.80415495832582,7.31658373337801,1.22562832665456,2.00052577842202,7.22488232413689,1.2445870010711,2.31326321050546,6.87199037098075,1.07237255054383,2.39147407722855,6.50890918610438,1.35224890333247,2.39514990203586,6.0568366217922,1.29705737263878,2.53785873463383,6.09062031615687,1.31891513849987,4.49050225611133,6.83255638498518,1.58605253394861,4.7985251204889,6.74427673208681,1.54156659281703,5.08691505194073,6.60639093429891,1.54644186808882,4.92699242401973,6.33572133642771,1.20065203639825,4.94065315032069,6.08651154670833,1.62333742864406,4.79306749388956,5.79410996652898,1.60900816938662,5.02795766705456,5.74891025951284,1.65822665602732,0.801220751152367,6.23991236610309,1.33613367688687,3.10110919716746,6.11166981050235,1.34313833639968,3.70241617427892,6.0952246352302,1.39006125763847,4.26193808393141,5.95586098899314,1.49367570099248,5.72311412423133,5.66113536582327,1.73495525055621,6.38027892769146,5.61654068838239,1.83609219521542,7.04286507468411,5.56336648631173,1.95187641327345,7.74507666364118,5.51405378027222,2.09193953492689,8.34218279320168,5.29813443152626,2.23802755127155,8.64568765510182,4.82131410765544,2.32669971352852
1.58257156348443,7.43430075959646,1.20397996122542,1.80364226367757,7.31664477653717,1.22560842528459,2.00040510372733,7.22329160354643,1.24443526204562,2.31229037520156,6.86657822970381,1.06957070892683,2.3866816663423,6.50516523961674,1.35032259819148,2.39343322156995,6.05413326311812,1.29581221989941,2.54125216411297,6.08570629974738,1.31396396143303,4.49133535640386,6.83192968494239,1.5869254646291,4.80030400240512,6.74257517834495,1.54004749452861,5.08624048179246,6.60376486200532,1.54247693534904,4.92184568588767,6.33471564657407,1.19623228524127,4.93420910468861,6.08540149876147,1.61834929468428,4.78088532302541,5.79993134886781,1.60310767707023,5.02676421593373,5.75038048621804,1.65337509062904,0.796112076005155,6.2315504869307,1.3374727605504,3.10046220277069,6.11197338881559,1.34132344501745,3.6937318241333,6.09883145487282,1.38570855360105,4.25551745695188,5.96112700458607,1.48982742091035,5.7165125059037,5.65923975899834,1.73659870837671,6.36345173708764,5.61930250945313,1.83418668198824,7.03658668150416,5.56082135898497,1.95249194430772,7.7402614545274,5.51431036175501,2.09150349623771,8.33733853776443,5.29754650784387,2.23794678457344,8.64174148518252,4.82022633494974,2.3158445114992
1.58308707486158,7.43409651306494,1.20472601296706,1.8051172567964,7.31613138980419,1.22645178204065,2.00091621507871,7.22166237937187,1.24365150435205,2.31744681404149,6.86669598776796,1.07818187499803,2.38154526387614,6.49970262951898,1.34959416961867,2.38898800821157,6.05110849286209,1.29607248731458,2.53812825038268,6.08250306559725,1.31511188169722,4.48884637982961,6.83176877099074,1.58590349243693,4.79640728283044,6.74400837695508,1.54051622934406,5.08596742872472,6.6033296625072,1.53995239025217,4.91515073903519,6.34086311299791,1.19933399654102,4.92595595837753,6.0879936233026,1.61713327882889,4.77241525172203,5.79441443295308,1.59408357600277,5.0083966544462,5.75440421521353,1.65379906899876,0.793960233566695,6.22592952587616,1.33876821143214,3.08995417743752,6.11061322726755,1.34171220337264,3.68423161827275,6.09948670251187,1.38439401567695,4.24396686868367,5.96658613139767,1.49465688560695,5.72025442874194,5.66399368282506,1.73090800450411,6.36933290207766,5.61514191375298,1.83590568749969,7.03154887516014,5.5621139099043,1.95013314272432,7.73453701152379,5.51431425870087,2.09145949200418,8.33209683523939,5.29715419846271,2.23673132702345,8.63596916465233,4.82046934470896,2.30649302450144
1.58406562430269,7.43382568823435,1.20408365963393,1.80439627999806,7.31433607658148,1.22620379714294,2.00016671727759,7.22136208571934,1.24249018544561,2.31286829666527,6.86658511639608,1.0764958279632,2.37487757001366,6.49738041824339,1.34986072181907,2.38615669343386,6.05006383844029,1.29774762546194,2.53413975747316,6.08184899254115,1.31568528368408,4.48902802246926,6.83092372917836,1.58638810974568,4.79584120235632,6.74296257494116,1.5397198249424,5.08390658698737,6.60125026208309,1.53828736123346,4.9172068759047,6.34434997122122,1.19718758712586,4.92147859823748,6.09248266665472,1.62258537828686,4.76794492569466,5.79564478103053,1.59430543005002,5.00473570772212,5.75868044508784,1.65679566753772,0.788515066669224,6.22035655629434,1.34008303603771,3.08434423177203,6.10977119273662,1.34210774625689,3.67626867028431,6.09954396053617,1.3829195818791,4.23697132187017,5.96110569270325,1.48545901328446,5.71071303450717,5.66050261432242,1.73305758704783,6.37152160681088,5.61402036268785,1.83555076671458,7.03298214222027,5.56307137229065,1.9490128130394,7.73943870119378,5.51345554137832,2.09329332250598,8.33012933358561,5.29493928945186,2.23586534294307,8.62587998743473,4.82065949464903,2.29491881282261
1.58470124734271,7.43408935124846,1.20507996717438,1.8045280960035,7.31512370447151,1.22707676177289,1.99939330715396,7.22133818588707,1.24370324002424,2.30992657881477,6.86442420954739,1.07572460845447,2.3706202644261,6.49558743509406,1.34854742505494,2.37997002517526,6.0477134705749,1.29809781837447,2.5288591714642,6.08018566825989,1.31597538517077,4.49138270916887,6.83071936847667,1.5874618710602,4.79655119407532,6.74310411707115,1.53973690440014,5.08392690935635,6.60225775904926,1.53775072804751,4.914436479367,6.35104410702002,1.2035619375577,4.9140949341414,6.09360427847094,1.62327038023689,4.76024007164279,5.80124532893147,1.5938390123825,4.99961902875112,5.76166259114212,1.65296789234591,0.781464520284618,6.21474807360248,1.34274592392392,3.07767742212229,6.11210816085665,1.33738678296433,3.67101233764763,6.10239592375895,1.37801342853195,4.23331230796227,5.9683260432263,1.47931360027875,5.7046756794482,5.66028152812965,1.73296238865333,6.36912955241698,5.61310170886536,1.8350049027716,7.03215842228747,5.56350945014643,1.94722009852799,7.7423503598064,5.5111832958512,2.0943745197922,8.32611922381632,5.29447147350918,2.2334049549427,8.6180977797715,4.81945918808776,2.27697140451711
1.58506314524495,7.43422176543515,1.20436869975555,1.80453914130942,7.31490366116947,1.22618257044312,1.99854923053124,7.2204669350833,1.24249500601259,2.29916178614529,6.8674611529403,1.07724240303335,2.36641617233086,6.49589017862794,1.34825524989034,2.37907959168203,6.04899541623686,1.2979157874208,2.52707557912555,6.08162921950077,1.31513610887231,4.49226464627014,6.83085291451243,1.5887950882752,4.79986363372343,6.74220233985898,1.5409279546799,5.08376479737746,6.60273379479867,1.53922476295486,4.91741850521366,6.35344058656179,1.20684990585158,4.9126220520932,6.09228909473752,1.62148153472679,4.75606703546482,5.80106985289725,1.59384384744007,4.99814041477662,5.76456590978639,1.652071242555,0.773633641667491,6.21384035604462,1.34851945132022,3.07701297890729,6.11129151873449,1.3367642248347,3.66730071504828,6.10456552317332,1.37662656448912,4.23413505661153,5.96567267861149,1.47642240280889,5.70455572141628,5.6577655744552,1.73358665904101,6.36117697103422,5.61204300228084,1.83607645263317,7.02559180106507,5.56081120395713,1.94927612367426,7.73605125653128,5.51141329622427,2.09564640729843,8.31685193521927,5.29758273158679,2.23139144230109,8.61084929721693,4.82370392548125,2.26871151677556
1.5842384870296,7.4339227761198,1.20479167743726,1.804951475238,7.31592612778244,1.22573345531153,1.99745756061852,7.2209420482184,1.24334989493911,2.29450395759852,6.86485172597999,1.07645612188577,2.36148075946518,6.49447964180358,1.34446793489934,2.36997429348241,6.04885730548615,1.29673500191671,2.51854593631828,6.08172119092917,1.31296700518552,4.49342711058433,6.83049162342645,1.59061587524124,4.80104353428699,6.7423559938615,1.54179251487254,5.08256330850044,6.60340834865895,1.54050336862256,4.91639249838523,6.35654046369285,1.20876301500955,4.90278266117359,6.09516739761619,1.62589465496982,4.74882736000213,5.80025407236425,1.59146442575467,4.9889988334197,5.76862317874771,1.65212323388107,0.766606598669887,6.21240064266672,1.35488550447076,3.07154527915014,6.11181474537137,1.33455064700534,3.65690664868098,6.10779349063799,1.37622311501426,4.2168205226438,5.96297422625209,1.49514853856869,5.69934310794711,5.65660395410759,1.73356013344187,6.3555438862026,5.61116468780138,1.83590412296886,7.00539610693422,5.56378207966757,1.9457147170197,7.71999532753925,5.51688748401962,2.09453507326779,8.30536046494695,5.30288610487481,2.22514952665572,8.60171100469993,4.82805566419678,2.25773648750473
1.58381688427871,7.4348158752328,1.2045075520934,1.80378044210678,7.3176891718455,1.22450196160177,1.99555641776029,7.22161265349574,1.24274482748319,2.28782546753276,6.86535988969427,1.07413950611048,2.34969470029748,6.4873232079066,1.34821600843706,2.35073287687311,6.04937061539816,1.29881019647719,2.50898733311658,6.08039932615694,1.31260654323052,4.49561432119202,6.82746841000393,1.58585656585847,4.80166229717203,6.74372748243561,1.54220582063327,5.08004203791925,6.6044784426934,1.54229987148634,4.9187856558017,6.36243100111353,1.21359952253611,4.90068012115977,6.09594790029964,1.62788330399294,4.75313020798628,5.79894214969186,1.59986018197679,4.99251177756105,5.76120812698446,1.66125612746324,0.75780395451003,6.20894580127173,1.36175369516314,3.06403302169345,6.11084837186331,1.33565282897369,3.64764702044418,6.11072814186385,1.37385669756191,4.20831961791463,5.97080994482035,1.49124787218652,5.69455100499872,5.65700720153684,1.73559493365695,6.35518798485058,5.61186506511935,1.83666237997456,7.00141072436947,5.56409857981829,1.94688264079108,7.71100395878632,5.5191062716564,2.0944505858733,8.2980783019088,5.30437522758103,2.22021919579921,8.59152295923618,4.83588708658964,2.24511996067353
1.58342715545475,7.43602940067123,1.2067019953741,1.80278822828457,7.31916287386948,1.22383521946995,1.99289229320164,7.22176329284288,1.24274479125287,2.28897158301732,6.85758789474332,1.06955959453035,2.34177216751567,6.4863379736512,1.34776702548593,2.33973698298204,6.04829912623281,1.29876785823744,2.49891497068376,6.07890611195174,1.31299584400227,4.48991177665189,6.83242536979976,1.59088786003994,4.798948091809,6.74510497111894,1.54208746286946,5.0783217197427,6.60734722167024,1.54334216667578,4.90698137896154,6.36763336429065,1.21383738546711,4.89204021096985,6.09767726867458,1.62686891564903,4.75168984006715,5.79735081567746,1.59787256946977,4.98813889735995,5.76033736317757,1.66345174971927,0.749913384308542,6.20697243172581,1.36648242226473,3.05194234199121,6.11108262614654,1.33482892576104,3.64034476259256,6.11418640897059,1.37093956622253,4.20243893006158,5.96699726189089,1.47595545921987,5.66929512347023,5.65794313884671,1.73590830884284,6.35647662786697,5.60781572374771,1.84032812055572,7.0057027372618,5.56464480581784,1.94711331849641,7.71192897954207,5.52118302843122,2.095921135113,8.28829164605339,5.30573583766763,2.21923550307136,8.58250950379941,4.84016334853846,2.23010894023163
1.58384425281049,7.43764915138437,1.20842385233708,1.80223677347518,7.32030969779742,1.22362114633701,1.98992337348638,7.22222460383482,1.24305549199839,2.2832588806902,6.85752821283406,1.06951727713672,2.34285842065395,6.4828323002107,1.35354487933559,2.33217737693892,6.04437326382989,1.29381965983254,2.48681970339707,6.07870967049072,1.30954763438131,4.48939997820009,6.83219098146651,1.59003189260429,4.79769920572367,6.74531128887285,1.54132154715871,5.07590080435607,6.6065962491762,1.54222917285434,4.89788867665982,6.37551416212186,1.21445119241842,4.88162266039539,6.10492714409684,1.6279952407773,4.73926374563793,5.80524734230135,1.60108031456033,4.97829011264331,5.76324495435343,1.66317398193305,0.741852843952873,6.20568330391179,1.37169761492563,3.04171964119799,6.11342392664611,1.3343837011216,3.62921107172859,6.11957585551857,1.36932554556782,4.1959625983697,5.97695961978156,1.47474960977424,5.66516048623015,5.65880845519073,1.73668393018992,6.34507321415727,5.60562257018804,1.84598396715928,7.00482448855308,5.56023051873108,1.95651860703016,7.69691163113532,5.52225166921817,2.09824419163805,8.28348126062782,5.30642937470675,2.21537169873477,8.57184120747602,4.84450303580455,2.21998893393837
1.58187046642233,7.43811255736332,1.20819324080828,1.80021649534308,7.32134220283234,1.22223169507895,1.98787354137415,7.22266471619307,1.24150834138359,2.27820044959709,6.85363392716428,1.06427044019052,2.33552856179434,6.48067339074757,1.35038456969299,2.32394628462538,6.04313760302456,1.29475936901257,2.47806508967927,6.08065518332151,1.3109447903268,4.48815505244268,6.83327599720204,1.58988732270369,4.79793152076276,6.74626320425143,1.5410180683584,5.07506198762547,6.60725098981666,1.54279866459434,4.89602644804276,6.3822227142213,1.21872288643825,4.87063475073481,6.11136995605948,1.63235931948305,4.72825598914431,5.80761972147837,1.60362249215678,4.96714097519103,5.76477161742583,1.66107585336203,0.736033531362629,6.20809772395825,1.37551191028273,3.03620317468031,6.11289573494218,1.33752554696343,3.62344586108445,6.12762786392391,1.36577438815953,4.18886203117271,5.97966342800617,1.47123913025698,5.66667149279385,5.65727455260722,1.73692657266555,6.34811811403443,5.60388607161709,1.84580982766721,6.9865636386105,5.5628904889436,1.95150941862582,7.69228960762707,5.52407670210588,2.09748074026638,8.25830442277474,5.32776297340229,2.20182165801539,8.55783738660697,4.84125495586363,2.21485655566745
1.58140452132436,7.43854029525682,1.20729751809394,1.798239860496,7.32113666302184,1.22079148673499,1.98481682118846,7.22114931035616,1.24012082210183,2.27139790949137,6.85391866610846,1.05987035210849,2.32604631534696,6.48202842218626,1.34878742097263,2.31759715971197,6.04111095506275,1.29885228559009,2.47100074687539,6.07882006199995,1.31482496783124,4.48738412744274,6.83275007754909,1.58998549929276,4.79512495583776,6.74440440014554,1.54088074474682,5.07240926610834,6.60821197585057,1.54402276413072,4.89575299193144,6.38387989273348,1.22568230520898,4.86549439873846,6.110907395394,1.63149102513737,4.72212600273305,5.80811211279395,1.60552980191147,4.96666976773747,5.7654272045687,1.66232506659523,0.727855741367198,6.20818844925507,1.38013561064379,3.02934241092086,6.11315306721078,1.33817526804979,3.61673294719595,6.12742154087559,1.36688279516977,4.18591335172261,5.97905721629407,1.46835406857511,5.66356496396416,5.65573923475573,1.73555856140477,6.34448300823794,5.60427461892999,1.84345445069059,6.98204752620061,5.56195456801839,1.94863815460605,7.66520414370634,5.52457291838585,2.09161711197834,8.2506719189806,5.32241400959332,2.19670962979961,8.54531456139807,4.84434714238483,2.20855829932941
1.58087168654943,7.43913749846902,1.20665432698834,1.79756977991581,7.3207357133741,1.22119859184547,1.98341375831855,7.22098481203923,1.23947391735916,2.2667192836171,6.8517445852651,1.0592494499625,2.31905161380672,6.47795693220047,1.35338566335778,2.31069021128272,6.03769256274677,1.30488142061661,2.46012401757515,6.07618395654111,1.31957035009076,4.4865483244424,6.83312112211639,1.58900196048562,4.79441005830776,6.74450778796068,1.54216809056022,5.07113394219829,6.6088469803734,1.5460736452885,4.89845872481779,6.38751432647252,1.22781317241991,4.85995943337337,6.11075355258018,1.62618077266177,4.71415231724998,5.8116865502482,1.60204859462143,4.95295060534726,5.76564989626475,1.65956430419509,0.719088875336484,6.21010503231957,1.38872111577669,3.01527506540717,6.11757299429062,1.33595623473081,3.60987015793585,6.1294809275541,1.36397114347569,4.17550694337748,5.98643994317169,1.47774991885748,5.6585628563457,5.65460116762165,1.73500614581212,6.32590745735533,5.6023608289926,1.84734813503523,6.95927684892797,5.56628782230883,1.9494988939112,7.6586416730696,5.52705190415838,2.0904940426121,8.24578534628626,5.32219658333245,2.19790872592457,8.53902291048717,4.84701092500247,2.203165054508
1.58006673779435,7.43913232964749,1.20591134076731,1.79677660230723,7.32006410622832,1.22071979678834,1.98250703557083,7.22085030565489,1.23940421457726,2.2614166482761,6.85857558607898,1.05113705880684,2.30400094815043,6.47755562524043,1.35735193982955,2.30274242476767,6.03803277688176,1.31035314918996,2.45287882040519,6.07521092660158,1.32523282393622,4.48613771034362,6.83136403069251,1.5871148035299,4.79252483972349,6.74273505122638,1.54348134788284,5.06923037796012,6.6093933555208,1.54735181027356,4.89815739752027,6.38650762266866,1.21958960641963,4.84990044615942,6.11181776868968,1.62596194394821,4.69820555469567,5.81774664795996,1.59903109303712,4.93818692807082,5.76634181465662,1.65554180920876,0.708782416030925,6.2106578100013,1.39737253468202,3.01018917929261,6.11878040710606,1.33839936475378,3.60513541355912,6.1320036849643,1.36225361772961,4.17573113366388,5.98268399771756,1.45888166055723,5.63005491815784,5.65408437514079,1.73047716478984,6.31127032920649,5.59991982164274,1.84691105002925,6.94389811715467,5.56580063778845,1.94578998502679,7.61324042929964,5.53094689383623,2.07701962591288,8.22545263907266,5.33202709225563,2.19507966062744,8.53279345200537,4.85320286407627,2.19413446942741
1.58049768170198,7.43979655151813,1.20668800651736,1.79550701869403,7.3213295596564,1.22129122159044,1.97915336930988,7.22199216193266,1.23936352847465,2.24411279499689,6.85084696340177,1.07160354060458,2.28814173229978,6.47546865199617,1.36380906638215,2.28589515792628,6.04070215521885,1.31335671428147,2.43318346702873,6.07600043578378,1.32730449552941,4.48585640129343,6.83200204730901,1.58771176664742,4.79071663666107,6.74283975874396,1.54413891695721,5.06764510869096,6.6174445972893,1.56013829381317,4.8902883640338,6.38975131248307,1.2153569637774,4.84027244051231,6.11385681827624,1.62352823420366,4.68812994209415,5.82276348426572,1.59506082973448,4.93519742380964,5.76925735944057,1.6511425181644,0.698456019720956,6.20905707116893,1.40867067976615,2.99660029077989,6.12059610203166,1.33890897534582,3.59627499779197,6.12977414037918,1.35478254977169,4.164761678266,5.99503771318033,1.45117978703074,5.62070782313769,5.65385136712028,1.72729517412646,6.31793661643072,5.5960037641006,1.84792535554849,6.950147439505,5.56425614774903,1.94534088947794,7.61801261276748,5.52859461204829,2.07884492539064,8.21905404021208,5.3329677887486,2.19229931156627,8.5284437344841,4.85407271004847,2.17900685034752
1.58045382871844,7.43998609100926,1.20578963010972,1.79544400451915,7.32278158590655,1.22349556486599,1.97767880272114,7.22201273074179,1.24176653558769,2.23600366781573,6.8456180745203,1.07397356706821,2.27564130034493,6.4780585223857,1.37258971733736,2.27531067231173,6.03882438421431,1.31938728153138,2.41437333560849,6.06907220008083,1.3361251339327,4.48556225397278,6.83148023041081,1.5868416277901,4.78856927213697,6.74130707646147,1.54375807042384,5.06653172231942,6.61711421124534,1.56145838915218,4.88375244697112,6.39478908673713,1.20946261166262,4.83103089117054,6.1138723259806,1.62172422817541,4.67686575099004,5.82417794361731,1.59135687074907,4.92328405580962,5.76721094525284,1.65138685944233,0.687438681416538,6.20496190806795,1.41716176936258,2.98930977694525,6.12801266356367,1.33245620666494,3.57967799486014,6.12924754942576,1.35025839304769,4.15110760838433,6.00089004043068,1.4495436305825,5.60960235444861,5.65122857717137,1.72597165703757,6.30655124748179,5.59527429335892,1.84711680662673,6.94708524337696,5.56240651444741,1.94582780734832,7.61257441380141,5.53000123521303,2.07975254309238,8.21342948016453,5.33225069662232,2.19068747963452,8.52103209000562,4.85938196365487,2.16972775906839
1.58044223505,7.43943884648867,1.20532053296341,1.79477011621711,7.32293641095293,1.22436783670643,1.97436563043064,7.22152646252509,1.24543873578582,2.23868517284329,6.8337949574027,1.07314933662056,2.26213419738273,6.47980527891912,1.38424335991538,2.2551383239048,6.03495159796701,1.32753396528619,2.40225431873481,6.06866579349465,1.3344780731942,4.4862591070855,6.82824033627157,1.58596249443284,4.78804309544547,6.73997037871171,1.54430599393324,5.06374142432734,6.61967031778761,1.56159842138608,4.88068333149748,6.40026852506391,1.206360889458,4.82580998475332,6.11032841941812,1.61997133564444,4.67092109409977,5.82434523671711,1.59344404915935,4.90708072578408,5.76633753432333,1.64538299910674,0.671539558263693,6.19729826082127,1.43599716294078,2.97256863777298,6.13165784418025,1.32988321866694,3.56527663454849,6.13031889795154,1.34955238006096,4.14448232392241,6.00818394353623,1.45061161502563,5.59873209203885,5.6518140129527,1.72368837634217,6.27457467784401,5.59387232167697,1.8468217886573,6.93842882135868,5.56321203055186,1.94441501385861,7.60335544210289,5.53020668973889,2.08358535336681,8.20788760536382,5.33386323324642,2.18835277013831,8.51431261650683,4.86809632439733,2.16797301934661
1.57892321277284,7.43901629499817,1.20337509972154,1.79468614429481,7.322963100715,1.22226072255478,1.97374223118667,7.22063848940961,1.24335575304817,2.23320757856563,6.83034188825725,1.07436671673842,2.25393231195326,6.4787523380696,1.38446713024777,2.24242776250308,6.03063674029752,1.33630953663625,2.39178676414936,6.06516755570917,1.34276041222764,4.48726353174367,6.82886761967334,1.58580689658637,4.7879134473558,6.73977429458433,1.54345435742835,5.06123842932861,6.62049930560497,1.56201643610021,4.8739259837764,6.40056937336807,1.20456024467222,4.81757169751184,6.1079314549256,1.61383994832838,4.66311313841714,5.82591784103802,1.59033309155175,4.89523914565694,5.76770775435003,1.64090175475541,0.662362677490394,6.19235850836628,1.45260187331222,2.95741545779453,6.13299347186047,1.32690569679298,3.55594047381559,6.13201326904613,1.35112093043578,4.13013923373627,6.00576011320514,1.44794131208974,5.57785627929227,5.64490042539482,1.72561118579498,6.26889687267182,5.59414900008027,1.8472660386304,6.92469708582733,5.56225242157403,1.94237208676228,7.59545631412033,5.52661668124131,2.07981393417117,8.19581456925109,5.33714291300709,2.18734336276894,8.50353530518118,4.87475883070182,2.1682262422475
1.57678394377035,7.43872227274199,1.20076120608116,1.79354659709852,7.32348528378336,1.22233919102945,1.97293968209939,7.22096293714941,1.24351793961947,2.22956089374109,6.82623031200994,1.07420541770909,2.24638858981284,6.47621849965645,1.38851899516205,2.23813201650552,6.03141858194754,1.34038757134554,2.38195646072006,6.06359301438071,1.34789123361308,4.48690119174041,6.82868808110616,1.58783566811127,4.78756044841102,6.74148693574901,1.54341307077973,5.05811036682299,6.62356658149118,1.56371992304615,4.87096717251186,6.40633946023845,1.21184631931713,4.81545695134825,6.10564825351076,1.61068600950693,4.66355285241217,5.8270298881426,1.58893360198535,4.89402872393793,5.77044500499588,1.63574143683524,0.651497257811454,6.19262211027913,1.46619888153064,2.94695872362324,6.13588050463418,1.32525862817408,3.5544042956193,6.12950748402626,1.35172001280872,4.12268652858755,6.00045386297151,1.44681029876787,5.5781394693653,5.64309769085674,1.72341072935684,6.30944791892574,5.59301132788256,1.83761438209182,6.92856469217,5.56146918552306,1.93713084427756,7.59544884229892,5.53010199024319,2.08397192174003,8.18923598657677,5.33670964698412,2.18596555470953,8.49352860815746,4.88031905173931,2.16524815234271
1.57297130180166,7.43841481811999,1.19708642043361,1.79220421938998,7.32406823619815,1.22076915074397,1.97218020284602,7.23399127213853,1.23661762230053,2.22411517248013,6.82411678717456,1.07549151636569,2.23724013135131,6.47709116066824,1.39404475820478,2.22336015200981,6.03241485558314,1.3464112535346,2.36935015864296,6.06496812037899,1.35274392663889,4.48442586338299,6.82962079087317,1.58801475468002,4.78471220613197,6.74368664101224,1.54450281658076,5.05601871248404,6.6268073321513,1.56504021083687,4.86789848186032,6.41035485358008,1.21358484860957,4.81245308067252,6.1023503426709,1.60856582939344,4.66153329393917,5.82538322789412,1.58798396759057,4.88949016448656,5.76738043705966,1.63374782879557,0.641898012360764,6.18869525145806,1.47946210339767,2.92753864051235,6.13787388782389,1.32418579955308,3.53386972524207,6.13459879991323,1.34899203872887,4.11905400792156,6.00217097620194,1.44554401011994,5.5704856256505,5.63848417318407,1.72226511749165,6.26224985196966,5.58889043551404,1.84331593138017,6.92061098236744,5.55886393459676,1.93746499754432,7.58727267860963,5.52775251160088,2.07897741573074,8.1819685323112,5.33771442854461,2.18792511725285,8.48490002967676,4.88465700079952,2.16468713040873
1.57316873915239,7.43193130060624,1.19939117599768,1.79401485443459,7.32200852820925,1.21799984830277,1.97243377543442,7.23298677470287,1.23845963337426,2.22198619836541,6.82074760881355,1.07555879408614,2.22749714552351,6.47836963148883,1.40411949289537,2.20755418678623,6.03150993893346,1.3594232442485,2.36112523235622,6.06630593251558,1.35811115288925,4.48357595933104,6.83112085793233,1.58919992744953,4.7848683733002,6.7433844547283,1.54358270610617,5.05759009364747,6.62319588049739,1.56217809091362,4.86441748674438,6.40797332631174,1.20985017163977,4.80778801578994,6.10296996972044,1.60783232152088,4.65041596003271,5.82961446306793,1.58275719235614,4.88102118834812,5.76588546082312,1.63316215563767,0.633040244738145,6.18719053333649,1.49050993610867,2.91601270916573,6.14396157770934,1.33389228300655,3.52357138385128,6.14065564037945,1.35185235531793,4.11301099800296,5.9846826780231,1.411509842852,5.55537930002175,5.63695163401051,1.71805817079724,6.24025360309263,5.58805932701824,1.82636891484254,6.89759022351847,5.56165688844181,1.9301823254257,7.56914931602572,5.53154895583322,2.07505721118757,8.1690487858634,5.34178853605258,2.18747606258684,8.47489686502407,4.88879581655592,2.16215766868911
1.57548134152601,7.43108645272168,1.19664490882587,1.79592606742311,7.31983058525998,1.21582793241023,1.97344592488151,7.22799578579413,1.2411925843981,2.21865626278252,6.81419009566102,1.07660760928603,2.21940773181622,6.47652323460378,1.40969361855393,2.19736873248498,6.03175473791112,1.36474579377464,2.34958782513281,6.07045050167757,1.36409350830977,4.4814069131768,6.82980872766521,1.58916336592446,4.78581222198612,6.74227142837036,1.54343497051214,5.05919340859691,6.6227799335043,1.56119357265476,4.85918438919448,6.40856484827293,1.2095985308599,4.8093494344073,6.10161076610877,1.60741267522093,4.64653634773433,5.82887548439435,1.58415624450234,4.87426161711188,5.76304027445336,1.63358925886919,0.625281412618335,6.19130231125787,1.49889399444402,2.91012026590379,6.14777317376013,1.33402359148395,3.5140246440723,6.14084669815371,1.35081711529404,4.10831838109539,5.97318840173809,1.39647721220794,5.55523858597791,5.63379354770529,1.71764675213491,6.23309855389781,5.5861492887587,1.83163280509803,6.87021913974097,5.55573925791171,1.93534427374586,7.56608756896896,5.53332934848161,2.07616195015248,8.15934149904924,5.34679487816243,2.18559148604679,8.46488465000723,4.89535507019679,2.15922831304718
1.57801304238861,7.43046044849533,1.19747884397409,1.79877732478533,7.31839955772396,1.21531146718005,1.97577213452798,7.22648796506942,1.24080918784355,2.21372039036443,6.81488126739835,1.08074163195397,2.21275920046925,6.47814776084276,1.4137236574875,2.18409347166424,6.03636399425115,1.36697195908625,2.33338508522781,6.07466645071503,1.36711624511408,4.48187124800964,6.82962971756209,1.59009894350039,4.78853392174294,6.74299706805259,1.5445509597169,5.06077963389305,6.62287782832141,1.56344573568555,4.85804655380897,6.4072508824072,1.21107409213567,4.80714487805014,6.09973155255165,1.60690923223041,4.64340590879484,5.82906317876892,1.58450940947279,4.86164570496392,5.76453509668567,1.63583214266461,0.614401686468211,6.19202512137491,1.51765924423577,2.89938438348134,6.14865366991937,1.33925532426262,3.50466028116896,6.14538228436765,1.35387912418383,4.11183991360842,5.96397061603962,1.3875057710371,5.54370577088411,5.63388828909572,1.71324703886591,6.20181070106572,5.58257768301455,1.82781182879338,6.85733842219118,5.55433896083563,1.93177336864612,7.56374298781191,5.53426733126472,2.07642115847186,8.15029641676621,5.35182092287724,2.18381595162613,8.4541433583937,4.9002044328178,2.15493932124217
1.57876934517257,7.43003823736186,1.19700106923586,1.80087445239969,7.31630578920523,1.21506791611796,1.97579964393523,7.22101219658757,1.2406763111801,2.21530585984635,6.80719180234296,1.09159885787833,2.21000297618155,6.4801371757496,1.42047864983044,2.17158749589205,6.0390552618815,1.37262066749418,2.32527554959697,6.07761756856459,1.36915506341137,4.48215286984296,6.83031288392601,1.590478778221,4.79056278696036,6.74287418275202,1.54876055954995,5.06581193585883,6.61366684388502,1.55257616306511,4.8560854313209,6.40565021769643,1.21384079894858,4.80346986846179,6.09669703491714,1.60247325471165,4.63425478953469,5.82864926752957,1.58473965019618,4.84999360533235,5.76250323932042,1.63637343483823,0.609022815371906,6.19269709595083,1.53845237183385,2.9019185445596,6.14595389028443,1.34030337128424,3.50907622074951,6.13993379100717,1.34743522591183,4.10911618404372,5.96837372656342,1.3889113552473,5.51925636670589,5.64081021845503,1.70988352612356,6.20422192918945,5.58069315173587,1.8326273908166,6.85745905730206,5.55677110983366,1.93402902055081,7.54985228741376,5.53473957442582,2.07702563651196,8.1213145197043,5.36662441772028,2.17445750573218,8.44558535782066,4.90387979139546,2.14812675721159
1.58063298965452,7.43088741381974,1.19822840861682,1.80421461635486,7.31451701013894,1.21561166129584,1.97773786211511,7.21850241048516,1.24118242148364,2.21353514306655,6.80438364127176,1.09678493996813,2.20515447604744,6.47972569805267,1.42638396137241,2.16187621622975,6.0400888536945,1.37747212849489,2.31349417410344,6.07912877945859,1.37398736324032,4.48229380120284,6.82714768054992,1.58853743763628,4.78962369653663,6.74175078113859,1.54697330815825,5.0630890506385,6.62020152765094,1.56205089679121,4.85200934695772,6.40312790537336,1.21152644384908,4.79784262195278,6.09796540540983,1.60109925011361,4.62642249732748,5.83046237415606,1.58551060396313,4.84370462783866,5.76205065684839,1.63561296925583,0.60100177222972,6.1935580050143,1.55446283832303,2.89594866945429,6.14397893719401,1.34283132090533,3.51121855734462,6.13602413876509,1.3441706309587,4.09957826169552,5.97724160952159,1.40190117268286,5.48207800157939,5.64226912834723,1.71051108494185,6.1821509447005,5.58144231611855,1.82884408969552,6.84427203149277,5.55633408162099,1.93169584886519,7.53762184146418,5.53725787081255,2.07865985252256,8.11002657875513,5.372381509416,2.17138921630973,8.43837875373293,4.90765909192613,2.14623316233515
1.58124637482557,7.42992678897752,1.19638420415834,1.80394130723224,7.31490777964924,1.21690886736888,1.97734308251575,7.21581298676061,1.23925708010845,2.21225637515399,6.8061726153724,1.09602792619438,2.1979267484835,6.48277768170319,1.42648188696114,2.15283882788708,6.04020763613842,1.38396129719259,2.30076921484535,6.07917097096434,1.37882650167871,4.48233332376065,6.82683242833521,1.58737649014168,4.79014881939271,6.74399447818468,1.54712440276939,5.06313316601521,6.6192386336901,1.56097193628327,4.84979648892125,6.40422101441719,1.21416025032382,4.79227178803596,6.09820850541049,1.59659327508223,4.62258702865262,5.82998296319778,1.58725363756228,4.84038837049654,5.76140732123788,1.63447905456596,0.593623823474731,6.1952931756099,1.56921159979469,2.89291780110739,6.14321118060183,1.34648532367856,3.50856682219077,6.13869334396691,1.34446852499177,4.0929479667293,5.98508304564843,1.42161803948294,5.48374365297778,5.64090299733103,1.71160964395799,6.18685191223954,5.57733835434889,1.83475115067416,6.83424885068818,5.5578105832389,1.93749477128088,7.51391647986815,5.54044918786154,2.08026617035796,8.10718960695758,5.3689886604556,2.17267594590749,8.43034119566464,4.91151795664112,2.14405351443192
1.57846303175843,7.42526884926227,1.18562715530765,1.80366688602345,7.31720311844453,1.21814833111229,1.97695595699743,7.21328931587184,1.23707110178507,2.20710994307707,6.8024886229277,1.09211943517173,2.19682356152368,6.48135475174044,1.42668734015323,2.14626661481046,6.03941270250188,1.39042388019347,2.29416976618168,6.07972593513802,1.38329112459857,4.48163764303482,6.8274556597317,1.59006704525449,4.78984110845228,6.74374291209726,1.54964765245034,5.06083785937078,6.61946417619951,1.56215816870234,4.84304516193157,6.4067214794826,1.21664150159289,4.78681648528459,6.09747997338593,1.59683962763716,4.62171154064892,5.82599870385626,1.58965072927326,4.83558218505934,5.75921212835666,1.63575808620047,0.586779189638482,6.19912371986054,1.58405435198189,2.89139485857375,6.14593295520677,1.35131382559809,3.50554562920717,6.14200909013096,1.35029756432491,4.09217297549546,5.99564493935254,1.43542539584859,5.47554587699685,5.63926126819161,1.71162303568447,6.12270583596985,5.5830111255896,1.81078700460042,6.81913158357557,5.55747959826694,1.93420899637271,7.51442736775239,5.54219895404048,2.08194125033986,8.10321271316601,5.36698735552051,2.1744133183944,8.4215163449493,4.91519809907368,2.14286484040052
1.57362488529816,7.42727684610526,1.18605149002585,1.79748484730014,7.31983828640237,1.21844079320479,1.97288555843562,7.21165326512146,1.23406952254398,2.19921623453594,6.80163566731833,1.09520271264893,2.18700324771716,6.47622767216812,1.43082310226381,2.13308035121043,6.03914694904845,1.3975632692687,2.28077081305195,6.081305749067,1.39440922635305,4.47967043554018,6.82722414316174,1.58901666540796,4.78872496264411,6.74215691683434,1.55090663808314,5.05991919943162,6.61762400315402,1.56150260719553,4.83671894818536,6.40456085283981,1.22157008568688,4.78030252251914,6.09734394333607,1.59846556132706,4.62159729710076,5.82747610854025,1.58904395330641,4.83167335767931,5.76011437589322,1.63552921668495,0.578958490240751,6.2039179455726,1.59997687656772,2.88734512840254,6.15139910772016,1.35455081417293,3.50597243095576,6.14880608170376,1.35920644620529,4.09533366580506,5.99878381062944,1.4510349456748,5.45622265666445,5.64291678079513,1.70887233790333,6.09142865943241,5.588308253767,1.80504770130782,6.80850946505023,5.55650869808552,1.93288590635477,7.49007094727088,5.54092685206537,2.08328238579499,8.08941992608889,5.37211747527669,2.17397435464616,8.4135162536395,4.91572875046869,2.13949535499909
1.57712881784621,7.43392282324628,1.19759428002798,1.79366086969809,7.32286396689088,1.22032324726017,1.97101526337021,7.21023080668073,1.23223796619865,2.19424993088599,6.8001222323245,1.09500600408743,2.18067212537344,6.47617898487263,1.43103151549937,2.12503547765593,6.04032772270167,1.40637111690632,2.2734215275998,6.08324074114624,1.4006142937579,4.47697731208828,6.82685152704707,1.58670914293133,4.78631926693146,6.74268223172639,1.55167044419661,5.05907746755124,6.6160481017902,1.5610708311915,4.83297222721895,6.40444246143435,1.21807204911663,4.77270922911222,6.10107176207721,1.59685789619273,4.60988528834629,5.82913149402287,1.58994231100177,4.82715362006868,5.76287768887255,1.63485094938223,0.571859269626761,6.20803873883547,1.61061981690586,2.88480451428909,6.15609096880369,1.35832983684679,3.49879362131533,6.15002975072038,1.36071776630417,4.08371220037265,6.00569291265322,1.45374668978212,5.43121572704921,5.64157780396916,1.70921364319996,6.09027768151926,5.58246994702516,1.8117913609312,6.80461389341765,5.55806760308004,1.93347317544756,7.47804605967525,5.54417745171958,2.08435935469523,8.08768834634749,5.36976281523107,2.17302837772191,8.40542327067057,4.91663053274714,2.14003146997676
1.57761143763875,7.43716736669115,1.20378694627435,1.7939361213797,7.32420040036985,1.22325348064405,1.97084862847702,7.2069555312821,1.23375792264365,2.19211010295754,6.79643912916323,1.09421112171087,2.17609777811866,6.47593020175874,1.43245850665761,2.11885849786116,6.04158388389821,1.41263701716679,2.2668767708985,6.08537719412875,1.40546282574145,4.47351961016404,6.82765869152809,1.58665159325719,4.78470867598779,6.74334054177104,1.55169248728399,5.05697294995981,6.61533496919976,1.56028701172254,4.82900901435103,6.40662210480714,1.22061064135217,4.76485383029482,6.10332456756547,1.59779176547365,4.60215219725012,5.82979957222759,1.59115375408738,4.8194398883259,5.76255088086846,1.63634367937258,0.567484969459867,6.21645442845914,1.62122074448393,2.88940505391552,6.158231811319,1.36170592930499,3.487217292463,6.15128021615285,1.35715403623346,4.07185055534948,6.01104436017577,1.45126103839957,5.42860679233072,5.64041229341754,1.71007709398817,6.04363145044149,5.59078927349656,1.79117009773666,6.75340951083938,5.56140641689067,1.90790588572069,7.48087356497121,5.54603644086698,2.0841275985257,8.07453690707028,5.37110350640149,2.1708922320414,8.39947121363814,4.91873375988047,2.13016727885167
1.57617999728956,7.43792600586985,1.20414460832932,1.79277545784099,7.32506554024206,1.22347614717782,1.96908719937015,7.20991663744481,1.23541599764323,2.18725228456634,6.7978052119235,1.09239353984888,2.17001635102602,6.47444819739435,1.44443897678058,2.11254002768145,6.04183739040148,1.41534573786173,2.26075168537425,6.08599295078555,1.40542877722819,4.47212359062095,6.83080639804093,1.5872185296692,4.7841054267296,6.74480662603359,1.55349642030049,5.05691606687934,6.61560305718381,1.56087755581968,4.82705049874893,6.40864664655471,1.22191913122445,4.75715098101137,6.10407271412699,1.59840215684705,4.58493025028927,5.83682362266685,1.5960750044557,4.80707584637714,5.76318907385829,1.638597382166,0.562461379134464,6.22287538171611,1.63412319259838,2.88632636145506,6.15680871027195,1.36197381282911,3.48575280107809,6.15245123471388,1.35853103175133,4.06870500730901,6.01522234318037,1.45140545275667,5.41214377955401,5.64116184429319,1.71459505549167,6.07795743757823,5.58060123073896,1.81751202566324,6.74389485100549,5.56147706636746,1.91201925107408,7.47834509239688,5.54882784192012,2.08254541453036,8.06919891027204,5.37246415939566,2.16690312085787,8.39043800527879,4.9221965582857,2.1277687104317
1.57631108748977,7.43807629537425,1.20348487710586,1.79278522147344,7.32540808249743,1.22349357837032,1.96727465834817,7.20998512940955,1.23536970850301,2.18140748840557,6.79687515620471,1.09298392523709,2.16508017838821,6.4742238370202,1.44116679353829,2.10822183068311,6.04155324361696,1.41484926331748,2.25592097161563,6.08528474352441,1.40511354179588,4.47011120158086,6.83066299123847,1.58578864941011,4.78188162853325,6.7457974045886,1.55398099598442,5.05630091787454,6.61561179279972,1.56053186672491,4.82716774637905,6.40826720007022,1.22328394505234,4.7514485155511,6.10662574845404,1.60047618032082,4.57873931217027,5.83857209678351,1.59639507683724,4.80088926608768,5.76603556178056,1.64098746515604,0.559028376471157,6.22724449604427,1.64515788084833,2.88141090128996,6.15513108809927,1.36060458131346,3.48225851171056,6.15571575509339,1.35576373213393,4.06484355456439,6.01828227153033,1.44850304858369,5.40600584072678,5.64162616456765,1.7169441839676,6.01232155578021,5.59057940967372,1.7967102995583,6.75348598180272,5.56057813485701,1.91694885032344,7.48561878588704,5.54740694535128,2.08480462413948,8.06476653015549,5.37390618044595,2.16794681966334,8.38529984736379,4.9253506129665,2.12750316208892
1.57825260179513,7.43732453093486,1.20354495728779,1.7935411100874,7.32506765435847,1.22422739456002,1.96723818421745,7.2100454974009,1.23590971454498,2.179867952054,6.79577358247117,1.09202297127201,2.16236894274425,6.47323077151713,1.4412465330451,2.10403730290829,6.0444052665779,1.41446403664398,2.25281507344013,6.08870538807926,1.40243056527701,4.47174016664814,6.83044955167154,1.5860595579647,4.782942519255,6.74444881905542,1.55417645623505,5.05747524561082,6.61371836104499,1.56127485065328,4.8277448589367,6.408108971819,1.22652593053234,4.74866134517083,6.10849646595312,1.59884298589766,4.5713616916979,5.842158971523,1.594604959913,4.79866688645253,5.76779158899498,1.64180380421898,0.557123797366807,6.22752550830651,1.65070669175766,2.87897102643685,6.15456666022423,1.35772680806453,3.47438867351539,6.15849692579152,1.35089235358825,4.05292315124585,6.02672795155738,1.45174419353378,5.40506539847927,5.64208443104837,1.72118558874746,6.00936010300757,5.59380449135968,1.80706915190212,6.71721210321021,5.55668442317754,1.9228071569886,7.44787995310199,5.5478949524637,2.07479404440178,8.05741268880661,5.37733669444411,2.16657828546127,8.37951179869452,4.92794560760823,2.12673268867115
1.57749954056067,7.4370155369383,1.20373388810961,1.7936848949903,7.32482538464108,1.22370041458083,1.96772130199872,7.21058781834614,1.2343879360034,2.1794079666763,6.79572025188943,1.0907567913179,2.1595633941966,6.47376125503313,1.43955197916279,2.10120933919676,6.04422810255853,1.41455894918844,2.24988100776008,6.0859522773939,1.40418139714573,4.47161275992427,6.82996999309862,1.58590343586171,4.78388056995139,6.74516796185183,1.55543126743136,5.05819900646282,6.61628823089755,1.56596104753785,4.83002807184264,6.4086337473338,1.22826605694855,4.74546190527168,6.10886387417454,1.59884821898539,4.56562923878884,5.84189290635223,1.59134990584931,4.79347061208705,5.76810719301013,1.64163451910435,0.55597934186277,6.22807799909527,1.65188743196808,2.87138565944571,6.15890609050198,1.35210617501909,3.47312728623266,6.16209036592628,1.35001501396484,4.04558218900197,6.02861488477632,1.4440744800442,5.39992181258934,5.64242074798323,1.7210258064894,6.00125237111094,5.59528438948451,1.80501546576909,6.74732991352425,5.56072494139308,1.92219083338821,7.46657363778894,5.54667355356253,2.07757425511163,8.05581445881591,5.37569449525698,2.16734898405604,8.37401551295949,4.92855406423722,2.12542753379109
1.57844773674014,7.43729375481065,1.20431352938071,1.79458938560189,7.3249394495204,1.22344065445873,1.96770432933379,7.21104905298446,1.23417282491739,2.1789015104641,6.79675280134528,1.09140891374237,2.15893323263042,6.47319359185759,1.43705619278702,2.10224583363178,6.04327446294778,1.41372226562321,2.25072396991968,6.08839434555083,1.39998480195076,4.47354324764726,6.82956783396903,1.58665212543835,4.78557939000346,6.74646922560712,1.55481503196951,5.06117778576378,6.61571982051732,1.56544438453989,4.83312478522768,6.40836054714416,1.22641389216751,4.74274534580976,6.108766760712,1.59511355623019,4.5604301141915,5.84057408435674,1.58512527108598,4.79075746009944,5.76881916606327,1.63909712855589,0.555764027468478,6.22771369404702,1.65090776255115,2.87182559470876,6.15617630306786,1.34972022673141,3.46907836839053,6.16433449607625,1.34615824427345,4.04518313445856,6.02679026321418,1.43980838699862,5.39433203096755,5.6405340752689,1.72134061452514,6.00081770432027,5.5919679624313,1.80351425088209,6.74480755494962,5.56027054558513,1.92161286573214,7.46207621183739,5.54678913280581,2.07573624489257,8.05436614974174,5.37734605364156,2.16680195355895,8.372051989629,4.93043752012627,2.12249873033176
1.57919154900493,7.43770299119208,1.20434601564982,1.79519836284961,7.32393278405079,1.22361963862081,1.96877910157306,7.21031920400249,1.23474377088286,2.17822812226173,6.79713099928369,1.08994132470971,2.15691909054797,6.47373132541587,1.43726642629322,2.09812681163351,6.04273563360494,1.41320364415003,2.24698962587875,6.08385291528706,1.40216619939664,4.47646775965037,6.82917172660348,1.5866422285143,4.78909298036298,6.74656787378667,1.55379314226952,5.06374676236757,6.6145318329593,1.56449996824264,4.8374555350715,6.40993268782222,1.22258788574198,4.7426676938425,6.10754136336591,1.59069334403468,4.55545502074784,5.84009340695795,1.57808422302405,4.78782400491602,5.76657074289244,1.63532381729165,0.554991861892103,6.22864011395767,1.64790096795979,2.86472082318396,6.15736475818557,1.3488249877425,3.46032033401758,6.16772242385249,1.3452633495958,4.0336779090352,6.02779798664385,1.43471163568763,5.40114136004605,5.63860915361663,1.71794449627105,6.0045254939116,5.5909727899408,1.80048482265855,6.74689349833009,5.55932273452042,1.92149468323462,7.46571653610822,5.54716970997214,2.07710787117194,8.05514885848715,5.37785360229113,2.1661282990683,8.37280109396182,4.93368818431155,2.12033882934555
1.57989565045952,7.43687144765355,1.20336758624399,1.79557420530738,7.32378343524738,1.22304821972411,1.96864567992995,7.21104604894427,1.23526013912824,2.17727558091162,6.800058856644,1.09222095122814,2.15709704241789,6.47621173987422,1.43585400412454,2.10081720219904,6.04429983805246,1.41086270550231,2.24877379323225,6.08822829607061,1.39754822728558,4.47769946517806,6.82867734613963,1.5879781532874,4.7912310986803,6.74502203296759,1.55358742306736,5.06408143060951,6.61630520487826,1.56569683688143,4.84051636474191,6.4100882724552,1.22219366070484,4.74155461744195,6.10513845924687,1.58725790345921,4.55390605635871,5.83826089625839,1.57255738753441,4.78375074272781,5.76716214013951,1.62858759797594,0.554650214325551,6.22917771331261,1.64334826174686,2.86574211160566,6.15874965755387,1.34714534052726,3.45966958968068,6.17032330298945,1.34226179040317,4.0363666159015,6.02764492103941,1.43111482517582,5.40050230276812,5.63634664539454,1.71060128320269,6.00924305673303,5.58748405740817,1.79867135100215,6.74164898555243,5.55912828277022,1.91782331338048,7.45970034616652,5.54696244676638,2.07422481036345,8.05546318254387,5.38023443043768,2.16544032571397,8.37475616991293,4.93908553510981,2.11678552957308
1.57926107788624,7.437831135128,1.20377566645673,1.79628264458283,7.32370475433815,1.22408886140154,1.97077900279645,7.21089535389535,1.23489674473329,2.17929324770176,6.79906796725736,1.08841827227866,2.15661425301008,6.47666157511309,1.43607836081796,2.09935772146746,6.04538511643491,1.40974063043572,2.24799871456071,6.08592290174024,1.39901621532262,4.47803426339029,6.8285655690386,1.58875625783926,4.79443245415829,6.7458154504308,1.55514445809706,5.06629201314255,6.61112736184783,1.5546649984455,4.84303474045639,6.41063070432497,1.21883271907016,4.73993640096929,6.10387285038984,1.58014329562734,4.54565765209879,5.83958167135323,1.56614512425556,4.77888182161374,5.7643119406307,1.62341249021776,0.554648397050322,6.23372610347344,1.63842270217001,2.86369969167244,6.15947319713173,1.34672680191693,3.46107616577904,6.17860627208466,1.33467732132932,4.03692469765148,6.03809518980755,1.41485189612437,5.410652189091,5.63394759387528,1.70489497548109,6.02180188510801,5.58886912435669,1.79556577246316,6.73308301696115,5.55999398871399,1.90810807014317,7.45992049644572,5.5462692266942,2.07475322860805,8.05405237564218,5.38457554570573,2.16220697720003,8.37505080664497,4.93798618817802,2.11653536840583
1.5798541387903,7.43847960996764,1.2041842606731,1.79646809944935,7.32352372410932,1.22399499832912,1.97044874051192,7.21182785135061,1.23472903740554,2.17955783545409,6.79914184313624,1.08847699917321,2.15848586866323,6.47659115049439,1.43474907427753,2.10060102167881,6.04698245112445,1.40858637037553,2.24815613428205,6.08695604766665,1.39874566130077,4.4774468141335,6.82765864954881,1.5875127636638,4.79508942379101,6.74573355583024,1.55459657963711,5.06546526527313,6.6129225285549,1.55604902869207,4.84416175959173,6.41290129918632,1.2198479028392,4.73855675015083,6.10050581565328,1.57137497233351,4.54912564810855,5.83571531956674,1.55985332086288,4.77755860108685,5.76513542063847,1.61836202075879,0.552498758910594,6.23472528101882,1.63928136399948,2.86491129616656,6.16117858442019,1.34586235505694,3.4586399813407,6.1806112015252,1.33183413376183,4.03002214851664,6.04930251982468,1.40215636628275,5.41322219094443,5.62990895122842,1.69942049188116,6.03201068843226,5.58544706325488,1.79216616085795,6.73253151609474,5.56084073471075,1.90215289884867,7.44704453692944,5.55032716897022,2.0721743966474,8.04957940145257,5.38908776868152,2.15958174576614,8.37716331795959,4.94435532159823,2.11407073360332
1.58028498857919,7.43790559506148,1.20491110547025,1.79751727419626,7.32355424074116,1.22569905233633,1.97317214875696,7.21325790480009,1.23333278958012,2.17843054679816,6.79822122089983,1.08821463180305,2.15762672556461,6.47794915647418,1.43417582754432,2.10052637898856,6.04739383473308,1.40810711323634,2.24784504597061,6.08788863717683,1.39711136096789,4.47656250384038,6.82523779583966,1.58571386278106,4.79352804833452,6.7457369695164,1.55564455691538,5.06648804568296,6.61568561090417,1.55409324573655,4.84348877801683,6.41408961253171,1.21461089983615,4.73616365425275,6.0966899114509,1.56384450233036,4.5408588207424,5.83641352741033,1.55556740554763,4.77478973501177,5.76230913354819,1.61195010250962,0.547298141221901,6.23624492575402,1.64114972456436,2.85746751323204,6.15999629934027,1.34276441023773,3.45924819609534,6.18162133092247,1.3254354434895,4.03072881424888,6.04795754339832,1.39870338375307,5.41420234117169,5.62918640181199,1.6937578012533,6.03631340233786,5.58412741152004,1.78691067167032,6.71738248375462,5.56488784993897,1.89136057014882,7.44502413456744,5.55080417514936,2.06912958513429,8.04172500748139,5.39155324717866,2.160000869691,8.37849917191273,4.95018740484309,2.11494415216901
1.57925097397193,7.43826997717746,1.20457166234604,1.79800282029025,7.32463774118562,1.22546701777483,1.97267875025171,7.21571151011923,1.23460151517613,2.17815489973519,6.79930053012353,1.08587043916874,2.15529141518275,6.48037836476721,1.4344972532822,2.09610412970011,6.0500941548418,1.40744810880142,2.24289966047412,6.09100970500982,1.39670426840565,4.47418296741416,6.82619242677658,1.58343307636154,4.7922229477649,6.74792737197539,1.55549789567795,5.06605072554185,6.61975356372727,1.55584964817091,4.84416135436794,6.41619550076876,1.21408454968921,4.73392035142299,6.09539799979842,1.55594324646041,4.54279158959242,5.83461639065411,1.54976585989527,4.77163048128336,5.76364139568573,1.60384905869513,0.544690273210823,6.23961916375363,1.64429099618105,2.8535823884686,6.16102267538188,1.34004674458262,3.45752669594585,6.18058155886715,1.31957695676562,4.024373263716,6.04943075913129,1.39208077940718,5.42836003770864,5.62318593614759,1.6917203203643,6.0854010594887,5.582672198197,1.80352723586121,6.74326502627769,5.56224025591015,1.89656219092568,7.44573312613928,5.55202893191713,2.06639082208804,8.03682756964571,5.39589900444592,2.15895154036574,8.37837330984735,4.955159880511,2.11581974352181
1.57955188832404,7.4376243915404,1.20485300092477,1.79745410920578,7.32495255993483,1.22600114063024,1.97074071050911,7.21269682846268,1.23485270763438,2.17703139442443,6.79922908718587,1.08361208314375,2.15097678741872,6.48113961380585,1.4324951697327,2.09413157169454,6.05192355108133,1.40638233224862,2.24111526040126,6.09086387992658,1.39428392272074,4.4745437294584,6.82470661154506,1.58242671289842,4.79166975480216,6.74837606048274,1.55448229541295,5.06608761107303,6.62150973973722,1.55533505913516,4.84643604449612,6.41907493140891,1.21017164115091,4.73187396516918,6.09538050458278,1.55003007114175,4.54146122517727,5.83584075210266,1.54359450205328,4.77092019302525,5.76612805181197,1.59635855929495,0.542429962370923,6.24154060087236,1.64768248002571,2.85018258785305,6.16242121007047,1.33719360683952,3.45500562817988,6.1803723391197,1.31431336369716,4.02123055423199,6.04773776055069,1.38713497216862,5.41073431809079,5.62638490939922,1.68393229458352,6.00269908036197,5.59024609754894,1.78305283929994,6.70740771202926,5.55676865353822,1.90026087919008,7.43002914767187,5.55166743429832,2.06573803303904,8.01897707660534,5.40694739308568,2.15629971126224,8.37762037610432,4.96032866874085,2.11776875790224
1.57981606252653,7.43791234768076,1.20495031700318,1.79846329674543,7.32619036207083,1.22664492492479,1.97174599414603,7.2137197183556,1.23393411608574,2.17490086611707,6.80013295666651,1.08109627610741,2.1525916606633,6.48425083133959,1.43098446021899,2.09506958018491,6.05291623331387,1.40593426621734,2.24256818978518,6.09306312408181,1.39334330541998,4.47433691531891,6.82451274737523,1.58048178383754,4.79193045861152,6.74913520930996,1.55295477075577,5.06645764448914,6.62350761027115,1.55419318454288,4.8476284941696,6.42414578626183,1.20971912414085,4.7303963416948,6.09610465636144,1.54170213253835,4.53850636086603,5.83766798355457,1.53682960949477,4.76987823199885,5.76513697634223,1.59131358737179,0.539506930181018,6.24293269442406,1.65276289503543,2.85431833427008,6.16205170259219,1.3363745065753,3.4533156355104,6.18214222140084,1.31024717910868,4.01844840249018,6.05184526777132,1.38067336791965,5.42059330314286,5.62615976306571,1.68547987575439,6.06758937335839,5.58358518779931,1.79342916514922,6.69331930597771,5.55881674684888,1.89329196168508,7.43092867447782,5.553523377038,2.06404110573045,8.01848026127369,5.40990742365203,2.1542582084268,8.3768847888186,4.96696409910025,2.11670225592747
1.57905437915692,7.43748356016315,1.20413711310977,1.79807313511865,7.3261395170902,1.22538507210164,1.97128708963898,7.21362806890137,1.23410070345164,2.17183746290549,6.80245833319726,1.08297495782019,2.14912020213039,6.48619443995689,1.43050221937372,2.09242023683715,6.05333565392365,1.40521787796207,2.24074203538931,6.09511000932728,1.39225689631724,4.47472319076899,6.82494357790793,1.58172333357297,4.79254768186604,6.74909253838159,1.55337687252436,5.06659135456954,6.62399625202482,1.55342336083926,4.84866084456844,6.42434831996106,1.2114138460272,4.73067081823977,6.09857438327207,1.54473856959344,4.5340155968943,5.8413513083622,1.53045858933989,4.7625841482127,5.76666884116415,1.58303908217514,0.54084760172242,6.24622319298022,1.65532724379373,2.85639344224556,6.1638235656212,1.33209381801005,3.45330215970802,6.18449530001594,1.3045326013991,4.01521131329711,6.05380165460862,1.37726737684415,5.40428960751661,5.6261280477285,1.67820463354401,6.03288581857774,5.58236521252729,1.78622294867496,6.68775274407138,5.55831433702092,1.88949815774067,7.42491308846779,5.55321601158776,2.06598113172967,8.01289732767094,5.41595790597828,2.15260910976147,8.37702362986097,4.97562035981901,2.11378237140508
1.57795710820496,7.43831501690537,1.20431553317588,1.79822213005665,7.3268921035762,1.22513088429021,1.97103377744891,7.21533946068124,1.23272743318639,2.16968687553609,6.80419523987849,1.08013620659091,2.14797009255198,6.48730528493823,1.42905534810117,2.09282344996844,6.05327835412482,1.40579456324455,2.24053051281089,6.09445976598123,1.39329810505156,4.47469672787541,6.82456625174301,1.58241028920685,4.79285863902692,6.7501813188454,1.55334164091753,5.06799850025719,6.62471722470324,1.55116334064237,4.85003639000769,6.42725603619392,1.21197324663639,4.7268916539675,6.1012179795966,1.53785164266903,4.52470962149234,5.8438077389211,1.52468224701426,4.75709799184763,5.76535979019571,1.5790793121867,0.538059001562581,6.24477117300127,1.66268696823002,2.85745826931681,6.16228227487383,1.33118126567971,3.45222693229067,6.18848357486644,1.30248574335778,4.01293740200924,6.05512836959115,1.37342580657515,5.40908408767901,5.62524343394771,1.67532158126047,6.01006047256334,5.58449174513135,1.77347906903303,6.6792109959889,5.55832445369934,1.8817968356255,7.42462304261549,5.55392659943065,2.06652676167618,8.00804907144866,5.41981082629933,2.14970371179555,8.37659721203293,4.98348540177858,2.11299976595427
1.57764289574045,7.43869190426186,1.20414606658811,1.79747610534116,7.32734479985316,1.2257390933798,1.97028722439713,7.21666305859687,1.23283096651105,2.17264075321377,6.82997621371636,1.06376371425102,2.14739632942072,6.48887375273053,1.42727215946977,2.0958806936861,6.05454189802224,1.4039896022085,2.24386547270055,6.09544195242798,1.39151354082476,4.47498218772605,6.82510274469866,1.5815372479153,4.79268988777506,6.75522845639977,1.56099615147019,5.06784043144644,6.62644257069609,1.55188438232991,4.85124681916419,6.43058829743311,1.21592856187131,4.72737547277721,6.09850321325469,1.53289794394719,4.52782624750226,5.84347564597788,1.52076038657339,4.75538425272549,5.76674819136059,1.5727462955115,0.535583083970922,6.24463271373108,1.66897455098083,2.85841102953421,6.16278152329211,1.32803114207088,3.45739967767036,6.19237427391797,1.29744563593634,4.0197582497188,6.05434247681243,1.36995073171014,5.40262328901223,5.62515000301967,1.6726450860039,6.00622307846801,5.5831475813641,1.77221020509022,6.67804634669758,5.55773269342093,1.88014911936248,7.42501621157572,5.55460621188945,2.06658167516734,8.00435130863958,5.42123234496795,2.14945765475566,8.37653291698306,4.99191868682109,2.1120698756586
1.57706115536727,7.43843965170495,1.20312983705274,1.79655822187082,7.32583624241733,1.22529521465562,1.96961377714394,7.21494979137142,1.23311050104272,2.17095655482838,6.83075897921233,1.06345873317351,2.14499465618593,6.48993315269283,1.4288120842981,2.09236016266979,6.05353892821347,1.40500686224668,2.23911031343673,6.09499715989802,1.39254455823236,4.47544826088598,6.82493971257254,1.58153319038355,4.79502249483145,6.7562050962909,1.56063793933731,5.07033729627046,6.6268492508208,1.55095690608841,4.85361404095609,6.43544125427368,1.21500244764315,4.71908228750238,6.10311703483163,1.52894754887616,4.51850656821957,5.84759168086173,1.51413393720389,4.74327306119386,5.77349182788242,1.5689736315937,0.533803024487799,6.24451497827898,1.67240343125603,2.85530583502941,6.16526491611622,1.32520265692396,3.45369082013204,6.19181266425786,1.2937174176237,4.00851046399399,6.05611262240586,1.36651842967234,5.40773568419902,5.63081821808588,1.66600940006434,6.02667961606725,5.58547343898773,1.76523047463071,6.69090903759982,5.56468529456406,1.86886371726955,7.41652615917075,5.55497253673953,2.06759181893191,8.00109882169532,5.4256411917637,2.14927108450946,8.37729916599164,4.99852806588745,2.11054812951823
1.57780307740322,7.4382524395251,1.20279723380067,1.79675484482557,7.32562771738301,1.22559837754124,1.9693680872989,7.21455127873317,1.23219561870585,2.16880222364904,6.83105545594473,1.06235661277679,2.14155783870353,6.48918240483852,1.42882721656692,2.08919680946675,6.05440203193151,1.4043207366898,2.23640418116035,6.09632774596043,1.39118310810943,4.47603481266963,6.82484271014673,1.58103388568826,4.79609675165448,6.7568462001434,1.5606515723706,5.07033360410108,6.62699071211034,1.5499861658163,4.85307706835194,6.43348633241054,1.2088752692226,4.71884582284509,6.10612003445604,1.52334471481125,4.51736114964478,5.84877994622541,1.51168477356445,4.73957319972554,5.76859061249291,1.56799984838685,0.531129019321642,6.24296678244477,1.67849646041803,2.85444766451299,6.17157750140408,1.31908910346673,3.45045430257039,6.19269257339844,1.2908973478672,4.00759701501629,6.05620464286817,1.36672813136326,5.40529147144699,5.62318630990986,1.66757441701122,6.0261608607836,5.58377151704402,1.76488604625182,6.67772010174051,5.55626657430668,1.87752429974686,7.41410165352744,5.55618272195692,2.06594252312043,8.00102902807464,5.42866167304479,2.1502087129606,8.37676271610214,4.99992927656827,2.11404713980014
1.57740554482444,7.43848997115912,1.20233408449057,1.79659616135597,7.32610220463137,1.22512787956841,1.96913648561364,7.21485562828666,1.23149438490796,2.16647414106752,6.83156669549714,1.0601837306397,2.13973572801628,6.49131043668304,1.42838532346557,2.08650100035199,6.05302337472364,1.40428351898776,2.23399504138029,6.09458862330764,1.39136607108635,4.47620285285534,6.82557355663128,1.58059210647394,4.79634992764438,6.75851218453288,1.56004987618043,5.07054791922912,6.62818018698073,1.54968892759042,4.85287912661274,6.43594479253433,1.21068470904153,4.71905794323493,6.10611747202535,1.51988943476079,4.51697100354933,5.8497404224284,1.50790277310495,4.73921156072868,5.76894430955786,1.56499367440485,0.529736293962222,6.24100203583654,1.6814002155337,2.85274423704327,6.17101477633071,1.31825030188071,3.44798321183331,6.1986704867142,1.28761239603614,4.01050694717437,6.05516636748411,1.36310956876031,5.40703122536779,5.63064442748326,1.65736015521365,6.06179390455782,5.58567311006346,1.76154075623811,6.70889236132921,5.56100287734905,1.86601842724265,7.42130374806285,5.55461311042982,2.06682484799275,7.99964188319945,5.43152567538985,2.1504032545786,8.37852739867139,5.00483840080208,2.11323925968513
1.578592581968,7.43866165683459,1.20334360753622,1.79811390616609,7.32519967492302,1.2258371179353,1.96997938473465,7.214185837245,1.23148959389857,2.1656189576049,6.83091030494373,1.05865805595126,2.13366730239703,6.48978920905178,1.42925594344298,2.0798519219291,6.05336252637181,1.40432348661183,2.22860962779772,6.09551382564016,1.39102758420717,4.47635043000357,6.82470502436261,1.58058879186097,4.79603741612631,6.75934727446411,1.55892175912038,5.07091554340973,6.62889668453266,1.54795920971288,4.85314698343673,6.43755043208722,1.20719750484505,4.7180460862849,6.10624858428914,1.5165515433166,4.51742870695694,5.85214656184708,1.50493020618123,4.7385902922978,5.77100877972432,1.56036720000781,0.527695547430163,6.23995897741199,1.68485549859685,2.84304069116342,6.17108063156976,1.31882575310612,3.44712669256819,6.19591142999048,1.28812128779147,4.01004406464802,6.0544478481784,1.36232279663154,5.40598693839506,5.63063424001128,1.6546773402358,6.06280232048001,5.58848147974826,1.75851210108766,6.70620175024118,5.56070305769159,1.86183623189354,7.40863816004325,5.55737699652038,2.06433839881612,7.99633734049506,5.43452550911844,2.15079143673802,8.38060964987172,5.01186493166955,2.11338379918716
1.57831959557991,7.43803287884698,1.20409685700758,1.79757717858811,7.32646445759889,1.22569784179291,1.96989614784913,7.21586784101389,1.23029208128308,2.16519660615671,6.83194072999092,1.05586525146285,2.13441337027857,6.49199297284336,1.42930930805359,2.07743530837699,6.05438666516531,1.40505099890553,2.22583873755228,6.09583607878471,1.39137656972064,4.47707480930133,6.82546561358685,1.58184831420916,4.79584748362072,6.75864118864628,1.55970441810216,5.07236277220263,6.62860304991659,1.54450111404911,4.85377781683262,6.44111030406219,1.20511203749619,4.71673494349962,6.11319453007784,1.51895195434162,4.51039033092122,5.85741032139277,1.50103126706981,4.72979421567958,5.77122241081975,1.55654352165893,0.524520143179935,6.24011392213701,1.6861020130662,2.83505266773653,6.17232733215621,1.31698154839262,3.44478946810909,6.19558800244,1.28088297361272,4.00780660260006,6.05598823271327,1.36091670866287,5.39876487064207,5.63151069159414,1.65045780759437,6.03347902012814,5.58863317816502,1.7539015353777,6.65336771990109,5.5604755452449,1.86082694495673,7.40508258449027,5.55710357144443,2.06625642873162,8.0015359123183,5.4320356169817,2.15172815820951,8.3831279171387,5.01801317789272,2.11619798900661
1.57834470854981,7.43792970312781,1.20368074652219,1.79906365074736,7.32655870958524,1.22606097481267,1.97014341188795,7.21613669794265,1.22992691933192,2.16404588873771,6.83075736953291,1.05343041430827,2.13138135549722,6.49221308123893,1.42851190167075,2.07505215555061,6.05448931437814,1.40482841097997,2.22373881715468,6.09599229547142,1.39089981288364,4.4759549595356,6.82548967066874,1.58197833139135,4.79576475008209,6.75921378963439,1.55956707507262,5.07257516985752,6.628181801093,1.54328033125146,4.85505067793981,6.44414004595727,1.20461258870914,4.71506896102993,6.11277507508116,1.51673470362322,4.50792308050334,5.85983725449214,1.49899474691232,4.72657467807225,5.77310704066237,1.55335964679781,0.521989395256608,6.24109052361076,1.68791425278352,2.82976912119343,6.17149603475579,1.31768953818706,3.44290985917327,6.19764601870139,1.27936162560415,4.00802835169988,6.05896321410972,1.35914807644577,5.40120367180825,5.63193150961537,1.64719336372563,6.09443220372052,5.59645613601174,1.74544637708569,6.65597351312583,5.56031685994532,1.85790153357077,7.40123934087547,5.55871793192314,2.06524185514667,7.97173696147177,5.44229482872944,2.15724266287832,8.38377192426984,5.0220664830608,2.11943389659758
1.57802431362909,7.4375605714018,1.20392953296965,1.79842031301833,7.32708712636904,1.22514421175148,1.97000880182972,7.21694782893281,1.22818602116588,2.16165752962837,6.83261315373179,1.05039673375533,2.12961481520825,6.49364880649044,1.42748890801212,2.07391887593359,6.0557222990519,1.40442698787325,2.2233454143827,6.09681694628198,1.38991932889787,4.47542949751236,6.82623908231825,1.58195270932843,4.79599397370081,6.75868004289508,1.56051011647445,5.0736552322167,6.62825885380966,1.54236759768777,4.85661789031408,6.44358464184737,1.20300423638545,4.71159410629118,6.11879077012713,1.51490105360674,4.50136442869137,5.86584349659323,1.49704216255303,4.71902904275387,5.77804010810267,1.54962027581268,0.518140159617992,6.24296486329511,1.68973029031201,2.82942830001893,6.17406943351557,1.315723663303,3.44121987906784,6.20027008266184,1.27710563984196,4.00836895589989,6.06261708044302,1.35843488247556,5.39505923858633,5.63290479791148,1.64832879428868,6.10485052014211,5.59634907809897,1.74702438764971,6.67055013678676,5.55791309744822,1.86435243633949,7.39640107865089,5.5583383580854,2.06583063846069,7.96681144401392,5.44640458100936,2.15597161713681,8.3841188575741,5.02319206068087,2.12332764145756
1.57784809651669,7.43717182165808,1.2035591952548,1.79797769960257,7.32681826510564,1.22557137238647,1.96885414506485,7.21851967056845,1.22800417130363,2.15494038826596,6.83835271350837,1.04256096606135,2.12574718427624,6.49354938970527,1.42637272119222,2.06436239788354,6.05829052040375,1.40627072653895,2.21494024072597,6.09820163336226,1.38807047748286,4.47613956734203,6.82647223652977,1.58247609362807,4.7956782483239,6.75866602621433,1.55903197452176,5.07248229306334,6.62700385264361,1.54229173528913,4.85640168843585,6.44269410622366,1.19888407308455,4.70991904777734,6.12120019407347,1.51612055782852,4.49837614961925,5.87145475329193,1.49501084218359,4.70907628620519,5.78575783016748,1.5489972365165,0.514832153797955,6.24492016400204,1.69140544321822,2.82003026590773,6.1766169304303,1.3109831998593,3.43010057235649,6.20222423800979,1.28096955662584,4.00385258834682,6.06690211596381,1.35627631538615,5.35864324496531,5.63738408834005,1.65095513177257,5.99243229215733,5.5906718105788,1.75565328514969,6.6280208443828,5.56277301810112,1.86055870369135,7.39387132235365,5.55521222966569,2.0661820872964,7.98488378242162,5.43555162003544,2.15448173291735,8.37976016178176,5.02636868327417,2.12528645040399
1.57655039672041,7.4370076370142,1.20272092264508,1.79667205351684,7.32663522547344,1.22504853600501,1.96875262463414,7.21864119326579,1.22664227488384,2.15499036566343,6.83833979287514,1.03951136693256,2.12748583219658,6.49655767843445,1.43385056303822,2.05990602767774,6.05888830771153,1.4074923572537,2.20954246557908,6.09854671762073,1.38682342301761,4.47605741720543,6.8261346406838,1.5817814434859,4.795600979783,6.75867527987022,1.55991738501003,5.07272467829843,6.62651545254988,1.54238997263953,4.85614668687709,6.44089216690237,1.20029738025995,4.70544459645952,6.1224047000875,1.51848097346472,4.49437877500668,5.87347337044232,1.49532821169139,4.70604918676465,5.78729007125738,1.54975584738046,0.511676088415255,6.24579455823392,1.69264544736667,2.81983754314629,6.17993743467333,1.30699584849313,3.43373439355308,6.21175227199845,1.26976781669454,4.00195529509708,6.06764682142204,1.35638980659283,5.36359825085892,5.63637398511027,1.65542986514982,5.98206479571039,5.586752832309,1.76294493849851,6.62105830154037,5.5609723411162,1.86468721367106,7.38250461567389,5.55537227880656,2.06866817819954,7.97831659300075,5.43571722464891,2.15567153990766,8.37766307899829,5.03146664422127,2.12134821039872
1.57619167930962,7.43751142739661,1.20239545946058,1.79627608664457,7.3257406642211,1.22485634282268,1.9677101010833,7.21722996479062,1.22721854483942,2.1503365491755,6.83903414323363,1.04036181727743,2.12101152707554,6.49398036442912,1.43186157049417,2.06460465359021,6.05988357593738,1.40648857154213,2.2057054819649,6.10096420458541,1.38410570610904,4.47505318495122,6.82387415490348,1.58141832655503,4.7947221401198,6.75797226932619,1.55888372924639,5.0712196373245,6.62500105471126,1.54312603250024,4.85366098512537,6.43524975637664,1.19713879381657,4.69994376788921,6.12326500673243,1.52087710873594,4.48693156283917,5.87721572968649,1.49673467762288,4.69831473010506,5.79183274709796,1.55159415774163,0.507188076495886,6.24681802909785,1.69480679336672,2.8136273898415,6.18274674315869,1.30373096264384,3.41960753062176,6.20871965671703,1.26895462390434,3.99253862653216,6.06998270952786,1.35602104817678,5.34391686196026,5.64096510652039,1.65792581640066,5.96720033359325,5.58792241716644,1.76327862260166,6.63699783096607,5.56318464230625,1.86510339960558,7.39904377640353,5.55319229591528,2.06941242508057,7.95842222644987,5.4388417024438,2.15417560682747,8.37510728724409,5.0367963209123,2.11814209015921
1.57636187252472,7.43738225571229,1.20159560311699,1.79512047686846,7.32544199460236,1.22596876935847,1.96694864536451,7.21582629453485,1.22672357584933,2.14877223708048,6.83502653463682,1.03756324302637,2.11869515519124,6.49407892881912,1.4324907261218,2.06120149957136,6.06192049727879,1.4068294473414,2.19934268571189,6.10432898218044,1.38231735020079,4.47452900883157,6.82547475217955,1.58092558440107,4.79469088095294,6.75860905573745,1.55801224868623,5.07088184356684,6.62466359286788,1.54478255622708,4.85291599538199,6.43566110891162,1.19471409253015,4.69646292050921,6.12486701824981,1.52228939214051,4.47810251296087,5.88247106043646,1.50010923107211,4.69444365048967,5.79111481662107,1.55613127397041,0.503497146919203,6.24754335280683,1.69633693644803,2.80650878202456,6.18441503891262,1.30045962926838,3.41128527587137,6.20944227606158,1.26896872509767,3.98669810208129,6.07331089491652,1.35238608455164,5.34505695477194,5.63284319420457,1.66764785254023,5.96816027674365,5.59009327521507,1.76714730594014,6.63548475281721,5.56015161750565,1.86945305265691,7.3904657205147,5.55306882735806,2.07119711008522,7.97407598886861,5.43575783720809,2.15265329992612,8.37429697269779,5.04068066229804,2.11867695837968
1.57695492939319,7.4373668871296,1.20167155465728,1.79495597548887,7.3246360058662,1.22562582370178,1.96584851696095,7.21647015441339,1.22701281299589,2.14676743064041,6.83376047028839,1.03249243156943,2.11699186314945,6.49566676816972,1.42938491177436,2.05423277667469,6.064974716929,1.4057515761409,2.19102732029316,6.10620358553216,1.3812296754269,4.47601047051303,6.82629991882884,1.58536845059884,4.79482756441687,6.75736462906297,1.56006715765435,5.07036098714594,6.62260188006382,1.54625001461365,4.85050023165226,6.43430635870191,1.19790348044132,4.69116761939739,6.12790268197387,1.52303651697563,4.47192639306744,5.88571861901934,1.49963461223459,4.68853088946421,5.79364963286152,1.5571097431609,0.499797166400418,6.24758074645502,1.69852841824119,2.79980037485878,6.18563533833332,1.29773222611663,3.40808954430601,6.21180144386775,1.26534185210452,3.98546303940665,6.07529271104304,1.35120541074629,5.34124176398434,5.63205510448963,1.66870855915581,5.96705765602108,5.58959670151182,1.77038471567213,6.62407217249236,5.56402693034019,1.86757566791151,7.39760654975876,5.55255162336558,2.07232452230346,7.95386167891018,5.43909539137387,2.1530148895997,8.37142760514933,5.0452725310615,2.11987627233256
1.57775312253512,7.43729913405424,1.20201104649203,1.79487719821036,7.3252481419157,1.22629433653237,1.9647451495372,7.21654693161456,1.2275143336847,2.15072089708527,6.83118146611581,1.0285209103495,2.11018831881289,6.49459992535571,1.4289233559407,2.04970112973905,6.06326365632616,1.40573923140578,2.18464083368869,6.10530606198001,1.38125047277345,4.47585428972587,6.82510757042144,1.58475974191925,4.79574272968613,6.75631611996366,1.56019888803864,5.07098127499631,6.62208726797794,1.54582705539245,4.85158572598817,6.44034473571181,1.19855765541409,4.6855152059234,6.13058215161279,1.52468426560053,4.46579340499436,5.88379162650123,1.50182245062292,4.67908113796689,5.7946060079692,1.55993685120694,0.496809053491132,6.2483535650831,1.70296367585875,2.7897022261688,6.18596355045146,1.29429862549887,3.40115119870502,6.21004338817638,1.26451314905743,3.98060730008301,6.07283242226833,1.35220156213966,5.32069330939551,5.63593537913325,1.67238066518506,5.95503364398888,5.59322104141078,1.77206161686946,6.61539141034523,5.56223609222239,1.86724004167876,7.38761188039635,5.54977718308349,2.07910698035911,7.96548737782069,5.43650121268468,2.15471199621286,8.36860516755085,5.0499906430468,2.12242704690426
1.5779171421428,7.43592240521344,1.20193740849428,1.79460687436548,7.3232064137036,1.22633551249303,1.96484023609379,7.21460959743559,1.22784306158042,2.14849591570687,6.83079252148124,1.02676095855521,2.10478694129699,6.49215172927686,1.42745177339128,2.04104199476003,6.06501432030914,1.40639388944409,2.177088919092,6.1077184070339,1.38110157561953,4.47657752263661,6.82458761256877,1.58502343699985,4.79631903343863,6.75569957930548,1.56029908938806,5.07166913719985,6.62171559293077,1.54510196769476,4.85267663943552,6.43986429090552,1.19674759485351,4.68160393581509,6.13147765743006,1.52367590666097,4.46364102440529,5.88873520577514,1.49992074872926,4.67699200258958,5.79773791231147,1.5594402166982,0.493346510956103,6.2505842461872,1.70937917290561,2.78576930473933,6.18260075926088,1.29485809124393,3.39547551890547,6.2101670114006,1.26307249989767,3.96236607624634,6.07860146340639,1.34696384127536,5.30057445830905,5.64486206542837,1.67056977101183,5.94652835839611,5.5921351826266,1.77537087534149,6.60995620192593,5.56263381306979,1.8727190120629,7.3787217294247,5.55125957194071,2.08026855846843,7.96386291387495,5.43592487596832,2.15354650486748,8.36668972741202,5.05387698436864,2.12253517675052
1.5782112989443,7.43680344124034,1.2026943442672,1.79355168393213,7.3239633493944,1.2265507462631,1.96420957100355,7.21524392566662,1.22696239193964,2.14803099197745,6.83015918021965,1.02161040911454,2.09769363669925,6.48820745348616,1.4271067522171,2.0332999173306,6.06097184119812,1.40384697513264,2.17729001188062,6.10703537791466,1.3816263407331,4.47920932458509,6.82518118149308,1.58690050175623,4.79849797259809,6.75421075443139,1.56154791427465,5.07173996459133,6.61970298376975,1.54386514845236,4.85424977678576,6.44111346087314,1.19577653146861,4.66709246137901,6.13681653910749,1.5264628811798,4.45471348174238,5.89066041860163,1.49794090497226,4.665854709072,5.80082234826966,1.55731817236399,0.489293786799447,6.25395845142183,1.7166059604535,2.77836382727496,6.18101144332713,1.29287510082859,3.38762495990185,6.21217508515033,1.25972640365229,3.95491411911543,6.08418852011183,1.34954295679234,5.29958578342086,5.64706030702294,1.67123984771932,5.94569048033386,5.5930556609932,1.77675818564143,6.61242302182796,5.56210655112933,1.87356529647794,7.37865364627232,5.55231796338505,2.07997597381306,7.94787044588209,5.43968475544744,2.15094938244604,8.36321260410297,5.06030794339829,2.12164876982956
1.57934874949229,7.43701883704747,1.20409928061975,1.79311890517511,7.32494480720314,1.22741046312811,1.96444674093208,7.21655222652245,1.22795590574772,2.14351115455774,6.83173933517982,1.02057804295185,2.09132796353992,6.48783096055105,1.42678283523197,2.02508841971282,6.06356382951452,1.40222863215479,2.16754799757209,6.10911265730348,1.38031253803065,4.47946748587692,6.82507444970131,1.5864789704801,4.79823526949046,6.75353851548336,1.56134448035869,5.07159634658586,6.62103741601849,1.54341913588781,4.85232098346736,6.44191825183434,1.19064051547219,4.66600918483706,6.13708122006501,1.52497308705172,4.45036895064503,5.89173851138279,1.49599683006468,4.66103908456496,5.8011421305114,1.55584752133248,0.485858099410692,6.25709185419086,1.72364308000506,2.77977777149851,6.18543692722922,1.28779286843497,3.38779896333961,6.21398676915128,1.26126786158931,3.94923045654632,6.08491013662253,1.34732659866874,5.30680444700967,5.64172682091198,1.67372635369157,5.95124601901316,5.59286632581246,1.77481258305867,6.60831257825691,5.56271713130857,1.87107337819837,7.37979718947232,5.55143973890153,2.08238354822131,7.94545399249557,5.44083670662779,2.14921853157211,8.36183975298479,5.06457475981823,2.12182944135781
1.57887857383482,7.43646304339538,1.20467488501583,1.79218835068546,7.32510289954928,1.22700232172062,1.96425150655272,7.21778780340752,1.22688261812857,2.13984434541024,6.83500760201351,1.01814789136611,2.08777717167817,6.48822370899478,1.42312659277627,2.01449785857887,6.06731560361547,1.39850274452274,2.16217617765102,6.11187971188662,1.37646872976243,4.47837193578446,6.82624722450756,1.58743530615446,4.79740394701119,6.75341240889983,1.56177579869528,5.07116469115519,6.61978039399548,1.54190360856762,4.85370448864304,6.4423013153353,1.18809005449264,4.66108705596142,6.14026171455364,1.52120124868242,4.44213730080045,5.89407853822696,1.49260766569295,4.65329554159913,5.80254872725777,1.55307533863993,0.481878571866352,6.26170516822042,1.72898550624742,2.77212374120571,6.1825810045702,1.28729845596272,3.37395213339546,6.21222148185305,1.25974238161397,3.93521705865264,6.09028296347046,1.33941437727619,5.27679209855608,5.64749535200187,1.65698960213651,5.9334480515406,5.59156399769299,1.77432087654837,6.59590818435862,5.56413273350811,1.8693054682094,7.37463023605228,5.55280383903876,2.08326822041639,7.94325296950777,5.44241997419661,2.14803776644883,8.35858799644113,5.06972358960633,2.12263164828919
1.57850768327997,7.43622414286395,1.20269666502102,1.79132477311637,7.32619177455432,1.22608856003984,1.96370398046408,7.21991472845034,1.22596013459202,2.13458920756181,6.83754561352148,1.01533301225068,2.08058552391182,6.48770970372309,1.42040283950825,2.00782667578699,6.06827346025405,1.39741417242549,2.15373206288963,6.11518079102374,1.37313516428919,4.47645372699516,6.82756854447472,1.58892126144602,4.79596894818427,6.75338065562338,1.56083350209679,5.07131143043476,6.61978647530595,1.53966398006865,4.85254871318394,6.44331640109182,1.18666034673186,4.65023815388977,6.14573733356719,1.51881906045016,4.43321553245133,5.89675954266001,1.48463098579669,4.64161057208654,5.80337706629738,1.54083089423592,0.480271416422125,6.26264383085483,1.73393732081286,2.76769564119514,6.18610520587949,1.28230144919129,3.36708590823748,6.21454314988481,1.25675306711768,3.92577648226759,6.09530483731125,1.33380325586236,5.2723710590607,5.64950578010602,1.6608699232341,5.91601221738737,5.59288392628968,1.77272536447926,6.58116972424884,5.56373768490284,1.87102657018068,7.35771530755718,5.55426625977824,2.08494925145558,7.95416526184287,5.43930661548621,2.15046366847169,8.35576989459741,5.07637965497456,2.12096589361701
1.57921707360255,7.43703392611438,1.20417763738725,1.79244879843119,7.32618997371926,1.22506877601756,1.96467843435804,7.2198848409814,1.2249588451504,2.13434573922064,6.83552367357049,1.01217572300243,2.07663721484111,6.48848956553906,1.41475927210121,1.9981877842884,6.06955670590188,1.39818079399699,2.14370509238156,6.11683274219756,1.37093699672864,4.4742473941479,6.82777575979279,1.58833815060918,4.795248959515,6.75377187158765,1.56097951503214,5.07162298693866,6.6205145208793,1.53867733029407,4.85088170688879,6.44324759196413,1.18705596207514,4.6428697153126,6.14967047338587,1.51498839010174,4.42754916637266,5.89769147736573,1.48145838149668,4.63439820438823,5.80308704180263,1.53906217458382,0.476474256673419,6.26476819354444,1.73629790479442,2.76494483594456,6.18439462832223,1.28157328231248,3.36027897749791,6.21771929674319,1.25365060734175,3.91829663574859,6.10202907824147,1.31284796083911,5.27562220285754,5.64721162895354,1.66081136395637,5.92575915064304,5.59103871374412,1.77304211451213,6.59075752570828,5.56386822391072,1.86951096768039,7.36584709716032,5.55532698860562,2.08467354679144,7.94362597951449,5.44069186363172,2.14599409332387,8.35446671858997,5.08275442689933,2.12013028664702
1.57917590951157,7.43522150185362,1.20389339441543,1.79198088373785,7.3271527505467,1.22439755451721,1.96460111809705,7.22173136410323,1.22476760128489,2.1304146567567,6.83914546319983,1.01327816211394,2.06989252578731,6.48900904945403,1.40879412276237,1.99064925009534,6.07337109609913,1.39487524928073,2.13647811168467,6.12151539293052,1.36648250018377,4.47527877598676,6.82789588193917,1.58838859556494,4.79522357897112,6.75271280249803,1.56065340769062,5.07125254365884,6.6211774967662,1.53651504197135,4.8507036691681,6.4436558576994,1.18252440733376,4.64168949283557,6.1520985333114,1.51314030541382,4.42259648254679,5.89885793772489,1.47839502179067,4.63033172616138,5.80534488977249,1.53516558460627,0.473038563037752,6.26612667757682,1.73786115620647,2.75829878165752,6.18618478453731,1.27902135370084,3.35082745475205,6.22623625503978,1.24361987127299,3.91429568807182,6.10630849571508,1.30768678479194,5.27125990339215,5.6476760972377,1.65846259282436,5.91424003767959,5.59194701860932,1.77232803845459,6.57895898948443,5.56132752900652,1.87085832929323,7.33816354183866,5.55805716682598,2.08584844861272,7.93370664190277,5.44610292398975,2.14498400459944,8.35402261416356,5.08877654285527,2.11952051248554
1.5789802470772,7.43498578125028,1.20354882874877,1.7923295621404,7.32550453910961,1.22399963291345,1.9664215955905,7.22083375016762,1.22361572489024,2.13027894106519,6.83894254831639,1.01140874507069,2.06691349035446,6.48959260725782,1.40374517188647,1.98833697373909,6.07546325612841,1.39245376006866,2.13317114606221,6.12386746244935,1.36306138378031,4.47629496228829,6.8295379318892,1.58989897544853,4.7957209598581,6.75304103036086,1.56160033407966,5.07170237426144,6.62276762206196,1.53763106188073,4.85445433967024,6.44602734887565,1.18008906220157,4.63679222797341,6.1571147451687,1.50799422662895,4.41756218674301,5.90072924849741,1.47525414796978,4.62361200762889,5.8078809395447,1.53179606551591,0.46979424088159,6.2644866005416,1.74081637963803,2.75836566945856,6.18863319599547,1.27442596685772,3.34930349317555,6.22572877085866,1.24012076743939,3.90380862055383,6.10874406053588,1.30527676029067,5.27024012384755,5.64674276386497,1.65756927733396,5.94107026624729,5.59357219456825,1.76809109289397,6.59110288255907,5.5638815241112,1.86733109709867,7.35779192849887,5.55529046779699,2.08585090331659,7.93508303672215,5.44523597786316,2.1460379997124,8.35440287894824,5.09517602488386,2.1187234600551
1.57977759509904,7.43492209696525,1.20352390996215,1.79348910641828,7.32570849415269,1.2246328388767,1.96682690038351,7.22143710805662,1.22424011987232,2.12740135213795,6.83967570001318,1.0127072370631,2.06056989052566,6.48919303117825,1.39992867918427,1.98513610310275,6.0753500851315,1.39107784173966,2.13004232997028,6.12503621210471,1.36061503648428,4.46829966451041,6.82355598950804,1.57460530074483,4.7972201416546,6.75259757212425,1.56100731780731,5.07318472543192,6.61985383435899,1.53463323205482,4.85356344426994,6.44637298510392,1.1831571141708,4.63425134864681,6.15759209535152,1.50465472249011,4.41452724324862,5.90107910695749,1.47216800855064,4.62116963877101,5.80913134279462,1.53063457584493,0.467650423285899,6.26446112858706,1.7430056495534,2.75524181032937,6.18896502862578,1.27168981217687,3.35166712029819,6.2272649309163,1.2371240049339,3.91073291512526,6.1088747390577,1.30307635317693,5.27354947399056,5.64665321430713,1.65728122110236,5.94111153037546,5.59142767571035,1.76929115812139,6.5932753183446,5.56440632979319,1.86677449261231,7.34255737906476,5.55697895423649,2.08872595711358,7.93428704850622,5.44606716445628,2.14460480492886,8.35502197835903,5.10048970529251,2.11969557838926
1.57938230279509,7.4344396180607,1.20288299614889,1.79359342069709,7.32464921266071,1.22407678120635,1.96743931083618,7.21986910405074,1.22331166481797,2.12779106922086,6.83867609785333,1.01049781803989,2.05617002808487,6.48657469513475,1.39579200196443,1.98058478163841,6.07535975106935,1.38993326730459,2.12428990572797,6.12439603710029,1.35964429638363,4.46889171160102,6.82337672569084,1.57499443463631,4.79666077038762,6.75262306044954,1.56211905257232,5.07281203586062,6.62100498719201,1.5384407995665,4.85290581538204,6.44576525765589,1.18522469412051,4.63083941935871,6.16026847643644,1.50283426214668,4.41092941791499,5.90517705266696,1.46811557512976,4.61772996229841,5.81261120475794,1.52783591766177,0.462167771455932,6.2585044173769,1.75027896791493,2.75615381064437,6.19438668842529,1.27845418346624,3.34678111319162,6.23134999228177,1.23043748599168,3.90301785639769,6.11410066381377,1.29964958589308,5.27289115382465,5.64502953159899,1.65682721375909,5.95284519113874,5.59275288433636,1.76977232445244,6.59258577735445,5.56305208911946,1.8693828230697,7.3551128374619,5.55558955667104,2.09055152179699,7.93287923442375,5.44573840013961,2.14575777115141,8.3552130061928,5.10532013270198,2.12095269174938
1.58040231730993,7.43450963656925,1.2033853498635,1.79366293187395,7.32515536088247,1.2235969373324,1.96829525691684,7.2214324143823,1.22129382595832,2.12523832874252,6.84171827876796,1.00823375578007,2.05264036244642,6.48685308067742,1.39230105551398,1.97846642671949,6.07468803851079,1.38718822945953,2.12173185575625,6.12274079544621,1.35726134943075,4.48008446671076,6.82880006313835,1.59061687391389,4.79918032043325,6.75227764862023,1.56264502962587,5.07420578508,6.61951813139447,1.53743505962578,4.85567861470349,6.44564372239115,1.18437192817969,4.61919255799664,6.1586703357295,1.50351229256809,4.40597402156085,5.90772006363916,1.46664343883812,4.61166400165189,5.81557739395749,1.52608832001195,0.459979421454641,6.25777174554302,1.75314249420515,2.75238928421875,6.19643095397695,1.27445292385349,3.34455993447781,6.22969913539674,1.22766381197102,3.90058782750827,6.11772054878588,1.29676553038232,5.27381127018633,5.64476225380611,1.6576264369553,5.95705914323197,5.59231455920343,1.76877245290504,6.59790470271146,5.5627513162741,1.86806194129049,7.35619320662926,5.55413926212728,2.08976963550288,7.93035661553957,5.44737792520279,2.14483324264087,8.35541634580033,5.10902075182041,2.12153401937968
1.58225666056386,7.43402109436006,1.20402954095448,1.79497153789632,7.32462268230821,1.2243289814549,1.969454918208,7.2202411641848,1.22063185314434,2.12426530432278,6.84045839036123,1.0050267963057,2.05301396055147,6.48757444396251,1.38709769483985,1.97569575386865,6.07467490079582,1.38550728395293,2.11863681130695,6.12174809994436,1.35531833934534,4.47119674287818,6.8227669144663,1.57515709291289,4.79891814417959,6.75148829479585,1.56185574730746,5.07455923202201,6.62052847863223,1.53823521975215,4.85804116079235,6.44582874803349,1.18342209107644,4.61628742451274,6.15993746003484,1.50120192139009,4.40110534436011,5.90870908651572,1.4624732389222,4.60565384756891,5.81757779056126,1.52334169369659,0.45794957296164,6.25676600373138,1.75573478262255,2.74912977814793,6.19670909646282,1.27126372649922,3.33983396742001,6.23175585858977,1.22386790873844,3.89435508198077,6.11943778294516,1.29510617618997,5.2809237617792,5.64000339544113,1.66056488113148,5.95954647467183,5.59210289575223,1.76770073080652,6.59431354199891,5.56344238058218,1.86937434651158,7.35811577169446,5.55381171358496,2.0910186571796,7.92837525681828,5.44769493420745,2.14287964056115,8.35491306337411,5.11226300133859,2.12147881908838
1.58078664303804,7.43351122518087,1.20250189283386,1.79377858544865,7.32470817965232,1.22346703219747,1.96885280948225,7.22084900214922,1.21851579452405,2.12267389463805,6.84092564155679,1.00137516065888,2.04892531161704,6.48789230315107,1.3832630681279,1.97040748052108,6.07696014286784,1.38186470626585,2.11698720451635,6.12493091700835,1.35686647788556,4.4815611682576,6.82880213808315,1.59042219904315,4.79965105329371,6.75135459369908,1.56328833820546,5.07354087044553,6.61913809040387,1.53878078923909,4.85573530421882,6.44514401245208,1.18388301323944,4.61141553261402,6.15904470136786,1.49915688424431,4.39524475203056,5.91203116066776,1.45959701982697,4.60246700427909,5.81911080551678,1.52055773785923,0.455655640118967,6.25714638802062,1.75766796442355,2.73889169096313,6.19794202215149,1.26941949408811,3.33456596189476,6.23387927610849,1.22090006156115,3.89042640248639,6.12278807366005,1.29232753067146,5.26472553670698,5.64637108397382,1.6568496911365,5.95812746588509,5.59359458260102,1.76333892594244,6.58788241159093,5.5613603951553,1.86898821127026,7.35922708938176,5.55213230567047,2.09235679547122,7.92685481289918,5.447521501489,2.14225284744612,8.35513632847502,5.11435220817878,2.12052188093252
1.58135345650039,7.43367406179563,1.20325280637631,1.7943167793165,7.32450691781597,1.22353022685005,1.96876567320243,7.22061048448886,1.21872993451763,2.1210157369501,6.83980377944461,0.99999457727694,2.04578532077782,6.48740874312489,1.38094929638908,1.96747052617279,6.07763022852151,1.37892244677094,2.11332253847234,6.12475441464405,1.35405708800528,4.48164782657369,6.8281089200189,1.58870057180178,4.80042371978313,6.75115914089825,1.56116098705458,5.07357650938202,6.61916159703011,1.53810064181731,4.85539859210418,6.44432792489479,1.1815021297005,4.60692521875073,6.16129640926146,1.49630042052416,4.39249038388324,5.91281088398581,1.45735497569936,4.59295828739898,5.81904800591879,1.51977467572582,0.453976888712416,6.25583921654968,1.75926106517963,2.73877513561743,6.19594219692439,1.26758118465861,3.33311060326289,6.23360438267784,1.21884847881065,3.88773938616853,6.12404505683353,1.29144211377236,5.24852936970681,5.64760985743764,1.65677294030817,5.9520768572015,5.59356620687183,1.76193059444937,6.58371565473157,5.55909578768431,1.87351490457651,7.33267018611126,5.5523098617392,2.07763064894993,7.92402794930623,5.44532872103202,2.14203272644053,8.35372418479678,5.11703847764242,2.12020446226229
1.58109457884269,7.43363267402503,1.20362454147059,1.7939866787023,7.32545876285719,1.22271409693229,1.96862238765057,7.22144119631944,1.21717176773645,2.12070225740328,6.83736507821513,0.995710686266399,2.04279996043824,6.49376248784971,1.37481867035119,1.96315060835607,6.07829896605171,1.37753576477145,2.10813012720089,6.1249270091486,1.35140261978459,4.47947539699027,6.82851468419143,1.58857660122535,4.80006402745623,6.75135608279147,1.5627368243209,5.07312577160572,6.61862016173792,1.53880450729171,4.85688686548547,6.44484785546734,1.1845458616011,4.60495587054991,6.16082551228287,1.49508672896565,4.38995985308349,5.91138689576617,1.45624736056953,4.59417287976756,5.82033253957915,1.51793549257673,0.451861373619566,6.25549592594183,1.75959024846472,2.73617422983889,6.1950582727747,1.26644471593097,3.33022010645568,6.23516543841161,1.21573473157798,3.88537187399932,6.12319826763065,1.29122445749322,5.24423851585852,5.64696344305035,1.65818255767146,5.84721895785858,5.59298317944217,1.77010530633404,6.58029215979729,5.55816301619308,1.8735261028773,7.28419481380004,5.5635476305778,2.09414827497232,7.90808013694811,5.45593469145806,2.13643764178629,8.35321617131159,5.12107881211614,2.11989893786833
1.58007689332769,7.43368465315249,1.20246755282522,1.79425503499279,7.32423294292026,1.22335235949076,1.96852555060967,7.22043362862313,1.21679138086299,2.12260466529261,6.83637858782132,0.997924896677943,2.04190091762376,6.49395743043573,1.37127706396191,1.96171856463758,6.07851899530558,1.37638335365779,2.10623284215911,6.12424832086074,1.35054088087991,4.48052259483707,6.82844367638444,1.58839030793378,4.80025550805936,6.75114548501308,1.56169509064697,5.07311161030193,6.61811879106631,1.53729707018954,4.85465909056674,6.44369355971924,1.18278644040786,4.60158971075407,6.16120746463538,1.49305585026881,4.38692021266021,5.91417180851138,1.4536026072657,4.59151379078747,5.82315089430677,1.51517876714636,0.44967300587755,6.25740647376677,1.75785445168911,2.73458147343068,6.19615286955304,1.26373901391954,3.33204581927116,6.23869990369247,1.21152338786483,3.8893432321053,6.12486408673522,1.28871318197293,5.23613359049193,5.64806153451486,1.65793778345389,5.95475688724329,5.595321628513,1.76531781315696,6.58033037583522,5.56259385462546,1.8774997364286,7.17037349832778,5.56234926884886,2.08403959989481,7.90333311675533,5.45644922171776,2.13604890962358,8.3529788832277,5.12533993111445,2.11920773241793
1.58080046108099,7.43259118375718,1.20098494586051,1.79491453562567,7.32435149523129,1.22217192639978,1.96864655473177,7.22142479948739,1.21592922647257,2.12374306239766,6.83669913366689,0.995087857740436,2.04092211220973,6.49629549928433,1.36894322250525,1.95996653083252,6.07929038836369,1.37414705986821,2.10416178581523,6.12501150187006,1.34801819638524,4.48082217221493,6.82906746046351,1.58920756663751,4.80114554474957,6.75176187761029,1.56043290415976,5.07337126151266,6.61884587244866,1.53870947033704,4.8541904567087,6.44555308301063,1.18215467654597,4.5981396594292,6.16319442030671,1.49292499318307,4.38344307268971,5.91528497625869,1.44863456888785,4.58651436913143,5.82240990608199,1.5165527532549,0.448577077029149,6.25638743178838,1.75771289881089,2.73834516254419,6.19737976661167,1.26198235340943,3.33433179879986,6.23951194769228,1.20983145277389,3.88719987328395,6.12348100881504,1.290287213233,5.24114437363125,5.64868858437731,1.65871624967512,5.93795140199289,5.5947111207683,1.76774003018407,6.5647124109098,5.56446079325097,1.87793214196732,7.29564051808074,5.55390351751399,2.08212349463037,7.90233507811551,5.4602654730741,2.13094069467183,8.35234699208257,5.12923553027926,2.11705217183898
1.58055210774444,7.4320273546201,1.20122576420199,1.79437871565052,7.32472153097406,1.22212694080862,1.96798616353063,7.22214995485402,1.21563221491543,2.12261662394955,6.83763251690182,0.993294737553218,2.04546743137522,6.49727679294352,1.36579384672823,1.95839339616365,6.08108815945677,1.37327789717571,2.10219657387641,6.12691817013106,1.34623815379459,4.47929784876288,6.82989027838646,1.58864382144873,4.80050443654275,6.7511475252312,1.56081474412814,5.07350079604014,6.6186836063919,1.53858182240375,4.85552171152833,6.4457226600734,1.18441999744989,4.59821041895078,6.16302406765434,1.49221446185519,4.38215782255751,5.91555438508862,1.44858801150959,4.58825102962034,5.82528007338827,1.51455493110181,0.447104798157254,6.25622336220224,1.7569907476013,2.73173028500936,6.19822206603597,1.26013731456836,3.33394404729296,6.24124490153748,1.20760707146685,3.89039279350597,6.12653901725675,1.28632867454904,5.23258816659746,5.64864129515855,1.66123144570183,5.82911594415499,5.59153836219381,1.77297396385881,6.47406125325679,5.55714218590419,1.88642343382246,7.25981629107153,5.56140992017444,2.08209233337307,7.90183508859926,5.46195796382562,2.1299142881112,8.35228705015554,5.13296981447901,2.1138954917142
1.58141514463845,7.43214799179258,1.20152171023221,1.79553457955188,7.32449879200735,1.22186341213959,1.96851749085328,7.22121304875646,1.21592183011465,2.12107049464469,6.83604373179314,0.994540316732322,2.03735850099816,6.49829546415575,1.36342086387313,1.95806361419644,6.08267445720862,1.37262150026752,2.10078096136799,6.12828257453398,1.34470171607667,4.48121089285122,6.83001737777734,1.58810425641907,4.8019867838243,6.75181004444914,1.56024756217479,5.07392106396387,6.61891148840487,1.53868424878846,4.85523605753764,6.4448200599621,1.18340537141548,4.59682983139266,6.16307981137262,1.49262504456538,4.38227151482469,5.91672482642166,1.44748912524109,4.58400366965656,5.82454754076768,1.5160627736962,0.44630230946333,6.25692514450421,1.75698476061951,2.73640323595007,6.19982613237977,1.25789798548123,3.33690998153377,6.2444370072753,1.20403592368915,3.89179597540288,6.12589971036813,1.28708071665317,5.22904709254935,5.64898451089139,1.66088153034005,5.83084799258409,5.59118113340691,1.77731200777932,6.47799235985965,5.55541736595383,1.88954989983388,7.28969502403282,5.56405282024026,2.1008087673376,7.89939004186951,5.46435211094011,2.12645121259112,8.3521577452184,5.13638266985163,2.11154401489513
1.58186044113419,7.43200312749584,1.20095505966525,1.79569174673443,7.32423377191915,1.22139987322784,1.96867583971749,7.22171100962217,1.21635188791878,2.12062677081236,6.83527852496004,0.99468186533248,2.04200065632194,6.499080864013,1.36260553857391,1.95686780183906,6.08392161104475,1.37128326039677,2.10006274845252,6.1297971038666,1.34331422822119,4.48083275927706,6.8298301259101,1.58808623908447,4.8014259805247,6.7495728476916,1.56218335893542,5.07455884268774,6.61811642411077,1.53920335079815,4.85565789207714,6.44655703704995,1.18164355161008,4.5969976592611,6.1645715350944,1.4925321504679,4.3823794911962,5.91882143672418,1.44734506859517,4.58447801159174,5.8261003494641,1.51540802383063,0.445684197052463,6.2566946126653,1.75671152122818,2.73659660193084,6.19945472082755,1.25749318755609,3.3367256255177,6.24248435676124,1.20607138971241,3.89399098514222,6.12637055535704,1.28606079811508,5.20830157411018,5.64241684698695,1.66056313586468,5.83210604566823,5.59105116702797,1.78233519308187,6.4836609839276,5.55460059587508,1.89343834174094,7.28787757425048,5.56559220728457,2.10230368978182,7.89507478057086,5.4651355379007,2.12531869121955,8.3523349047013,5.13916665371466,2.10765675663835
1.58262486963988,7.43161859608199,1.20082727224965,1.79522397799881,7.32409510911418,1.22180680702721,1.96817204788234,7.22238391016564,1.21510520747641,2.1201702772922,6.8365047650184,0.995099629962476,2.03484089763487,6.49910992758532,1.3607909659458,1.95754004790767,6.08547126295204,1.36924422274048,2.10109187794855,6.13179146344068,1.34103773716971,4.48087231057967,6.83007684358185,1.58855427340463,4.80249896312261,6.75010042746776,1.5603300619218,5.07495368936266,6.61757315099802,1.53926166935421,4.85539513423673,6.446287833567,1.18403483804523,4.59414916127962,6.1629810042186,1.49354925577061,4.38136620644173,5.91701442745329,1.4477847781574,4.58104875472131,5.82534564079324,1.5158798056265,0.444496856260173,6.2565431985086,1.75667958395468,2.73836730717638,6.20014462859283,1.25524871820918,3.33706179091012,6.24314205968113,1.20469460000941,3.89179011343966,6.12638920051932,1.28484482934685,5.23474247879676,5.64587604152593,1.65861072098681,5.82917956605758,5.59203146907185,1.78278491821357,6.47465279093517,5.55475353355164,1.89338795137202,7.25680253387628,5.56202463768915,2.084147544699,7.89352539525802,5.46442849725019,2.12356167983895,8.35395113210586,5.13782786276453,2.09637411144294
1.58286794476735,7.43069129746161,1.19946422132774,1.7946596002121,7.32351250578249,1.22088989388677,1.96766626786188,7.22272357839621,1.21460452808421,2.1201274096956,6.83831408262006,0.992594649422362,2.04029825361591,6.50062049062976,1.35928890123576,1.95630759189778,6.08606742309293,1.36807733868069,2.09976407454929,6.13282497152676,1.34018188751336,4.48079029152132,6.82916715475579,1.5882411601548,4.80230688563341,6.74873538262803,1.56064914201935,5.07473246090075,6.61768244779978,1.54062084027862,4.85583568606678,6.44377158895906,1.18163512106375,4.59118874969127,6.16484948425451,1.49314501725546,4.37827954213056,5.91869854809206,1.44617677939424,4.57305756255328,5.82573347426413,1.51625203041604,0.443169090233291,6.25596404279434,1.75778678428275,2.73942616580797,6.19941832521223,1.2545829345996,3.3392571958745,6.24286780971521,1.2039435176334,3.89376902745718,6.1249374431392,1.28582449376302,5.2323342237724,5.64544598857104,1.65852372772865,5.8250641890731,5.59021821315501,1.7847697634152,6.48995419937932,5.55089131576812,1.89497842732314,7.25405093980806,5.56215212597147,2.08576895795165,7.89333110687416,5.4634440535556,2.12169398524715,8.35233164246826,5.14060603465557,2.08883710183291
1.58229088543891,7.43153697999748,1.19984968275324,1.79399634150424,7.32409424425255,1.22108596531644,1.96687725622571,7.22309554602704,1.21488137168872,2.11930037808756,6.83699665686613,0.993523903041872,2.03867782474301,6.50074976992784,1.35763167330357,1.95490062098461,6.0870441923667,1.36692600627475,2.09759738067892,6.13419708882922,1.33875371000204,4.47035999040776,6.8243912139895,1.57330042206671,4.80309932566277,6.74920344444528,1.56135229680606,5.07508199256544,6.61671321986094,1.54051142127296,4.85722856903358,6.44598974012235,1.18181908868284,4.58837049054702,6.16651385748176,1.49314905612416,4.37533704509408,5.92015288658062,1.44561661176563,4.57179783479408,5.82676326927849,1.51921386996834,0.441436492140144,6.25607629495541,1.75711626323046,2.7350235142437,6.20095539718372,1.25358804198019,3.33629686411482,6.24500439791631,1.20255728157301,3.89244989719755,6.12870653611988,1.28296552338166,5.20821610816096,5.64258315503406,1.66335150046841,5.83071559569358,5.59047156549907,1.78511986942039,6.48046199031875,5.55580078213326,1.89809769123374,7.25856852309209,5.56193412706694,2.0879456694196,7.89415355800256,5.46271049756345,2.12186612040326,8.35133609394393,5.14301354679826,2.08202104188258
1.58274710176094,7.43126967217616,1.19978337265634,1.79426563024178,7.32394089305616,1.22070104972198,1.96726387728654,7.22363685101453,1.21416791223903,2.11887742119064,6.83836106451917,0.991435247254077,2.03545809069071,6.50037039120595,1.35756861265315,1.94930362564101,6.08720836783552,1.3666800307107,2.09149814384813,6.1336642135914,1.33888216596755,4.4797128445586,6.82881911530532,1.58692483126264,4.80263316421944,6.74819491935556,1.56036560494044,5.07511752659143,6.61758653088225,1.54146832374455,4.85694744517126,6.44358275743043,1.18276684215261,4.58420730227262,6.16779432077733,1.49259737580584,4.37112741013335,5.92098322366188,1.44512107235248,4.56728861392075,5.82937930782176,1.51709449665774,0.439407909133485,6.2558655211854,1.75890461891909,2.72933738183923,6.20218022318633,1.25280939407394,3.33335199472322,6.2456069697436,1.20074293690365,3.88713023364945,6.12812774952223,1.2828621452771,5.22862919848709,5.64601038464951,1.66211254182194,5.83766707325008,5.58903950724696,1.78742691133308,6.52036182233698,5.55398816313562,1.89283023798232,7.22332764550891,5.56151421441141,2.06958451101428,7.89417035968476,5.4625359832772,2.12131021774876,8.35059930012602,5.14733403546933,2.07556995387592
1.58171855779203,7.43072644503984,1.19915292116088,1.79353351943596,7.32451502086609,1.22052949313563,1.96715677777682,7.22408515268835,1.21433001777861,2.11839949296666,6.83775091115818,0.989917399511812,2.0363948984215,6.50452129147785,1.35499803342011,1.94723652882902,6.08846870937103,1.36744528652509,2.08998301648964,6.1346657448697,1.33901329284389,4.47950119710673,6.82904571990845,1.58685550732871,4.80240052973451,6.74919248349172,1.55953796802344,5.07428959296842,6.6177843533444,1.54022739246033,4.8557971672656,6.44284589250612,1.18017932770516,4.58334688005552,6.16846431623595,1.49295784687122,4.36946244966559,5.92141298615648,1.44531349694058,4.56425516324653,5.83008572536686,1.51652366879042,0.440555612517393,6.25327411387187,1.76020123357646,2.72893049414029,6.20285208624874,1.25145446575107,3.33385407414304,6.24818836890274,1.1990312059727,3.88988154480374,6.12981804530704,1.28221269317201,5.22657897896972,5.64671591449593,1.66239796055276,5.8350497150269,5.58843349172265,1.79106551756055,6.51768918638915,5.5556109398528,1.89482382233392,7.22009593342064,5.56199839058932,2.06919001489833,7.88856860159718,5.46470981981382,2.1205874690843,8.35138724644871,5.15325614869667,2.06646153464596
1.58210788586555,7.43182766573652,1.2001529497123,1.79391697685193,7.32535530391287,1.22024695340896,1.96706882343065,7.2254773185538,1.21439580637221,2.11761132019534,6.83875468407413,0.989722685430244,2.03455647044481,6.5051202797506,1.35552211324529,1.94450388913231,6.08861880559262,1.36810074702345,2.0862532527209,6.13461187183685,1.33942888749067,4.47789696584405,6.83035969115479,1.58693295011341,4.80275744253472,6.7512900302737,1.5595227915984,5.07460343097251,6.6181894519864,1.53902186638459,4.85521124928047,6.44398538851798,1.18135457945389,4.58235534790256,6.16959241459813,1.49114277828301,4.36706671826345,5.9253053087678,1.44318979413255,4.56243766361617,5.83282943477434,1.51449399798217,0.438470211173753,6.25260121125804,1.7618698095733,2.72312630671357,6.20467511321364,1.25174526578916,3.33208023819976,6.25101257816921,1.19761454984147,3.88833866817482,6.13270718897991,1.28001994640881,5.21213315214248,5.64265670930939,1.6673365036366,5.83339651101554,5.58738373722785,1.79221237196637,6.5161338701504,5.55511003515409,1.89492377084764,7.22181944827611,5.56264492528732,2.07046879547829,7.88680412353653,5.46507289170911,2.12001587116415,8.34909696119488,5.15092480276202,2.0635882246813
1.58246521930289,7.43145187251415,1.20038952166314,1.79341362267101,7.32567269887093,1.2196708146997,1.96675689857095,7.22570187889504,1.21367587570418,2.1169284230399,6.84017238618593,0.989641828023823,2.03326143835073,6.50752395344606,1.35472309040054,1.94432116195764,6.08978504361584,1.36746762816976,2.08729759527432,6.13644620577287,1.33936281534869,4.47823228381903,6.83093699707127,1.58723761296757,4.80359662472522,6.75064207803663,1.56015973535628,5.07418513036912,6.61764912230528,1.53971047856748,4.85291510773533,6.44552247562384,1.184614996686,4.57949338237744,6.17281331285788,1.49461501086012,4.36459225415682,5.92599075973689,1.44323445746618,4.55799887757729,5.83385503149458,1.51483728186391,0.43656817599512,6.25284337818707,1.76265534651296,2.72300700551226,6.20340824874084,1.25295426835471,3.3301655445009,6.24909438144803,1.19881834767857,3.88532037429618,6.13207990848878,1.28129163240789,5.20452253902545,5.64363892989591,1.66959614902963,5.82687663767993,5.58922714384733,1.79391262568754,6.51211366177617,5.55441868768256,1.89614425964307,7.21996278476843,5.56150029898321,2.07091502185742,7.87268820360508,5.46865191469215,2.12094875017841,8.34904835232081,5.15481776010228,2.05632356896714
1.58222703341184,7.43080342600735,1.2008114609177,1.79361775616753,7.32564987461954,1.21977786089365,1.96742296590368,7.22652734453016,1.21380345047957,2.11700317454979,6.84210455985938,0.989568130399561,2.02946241220121,6.50844990002298,1.35597670077097,1.94021546715484,6.090118501284,1.36854105227396,2.08086936720494,6.13017671989339,1.34567406385981,4.47820755005985,6.83006742958462,1.58728093315794,4.80152633848309,6.7506932917616,1.56089164666939,5.07421440941587,6.61954587834755,1.54096316300764,4.85397958277836,6.44386808967361,1.18054777258257,4.57990366908802,6.17300863620127,1.49263916525239,4.36468899893266,5.92800161374161,1.44191749045682,4.55851353087994,5.83054398849244,1.51796765490395,0.435728695366364,6.2530733176896,1.76263533156167,2.7220484480066,6.2068614981468,1.25160147540473,3.33103853793921,6.2485621146588,1.19036786773189,3.88453553553421,6.1340160279024,1.27992694102925,5.21124811450785,5.64412642473309,1.66952693620862,5.8334143005907,5.58611698076982,1.79569748212605,6.49547847683824,5.55200749984358,1.90051428175967,7.2224377213189,5.56223791058272,2.07199591968287,7.87733867332654,5.46716008996516,2.1181315799838,8.35007704037489,5.15819181320959,2.04859466656404
1.58450201582972,7.43035656252973,1.20115590874719,1.79497682432247,7.3253490774297,1.21962143847735,1.96758618042594,7.22682412074088,1.2145958702994,2.11849838119138,6.84154287653047,0.988813870371153,2.02941480556019,6.5097284621053,1.35371479660278,1.9394923130191,6.0904415312771,1.36844502124695,2.08276517582914,6.12819011705021,1.34441533478751,4.47805251994169,6.82962743480938,1.58752243373435,4.80205350692629,6.75088276862377,1.56105405913523,5.07423298684694,6.61863996676327,1.54133653801708,4.85521453249647,6.44358419242379,1.18283761044765,4.57903157051396,6.17289581661727,1.49388645254777,4.36381334266624,5.92718751465003,1.4429302070323,4.55622801027211,5.83079812101507,1.5176444675402,0.434679090977487,6.25310136544189,1.76409823657841,2.71956453260173,6.20830026712847,1.25064201236426,3.33130571778458,6.25099852522861,1.18975698049463,3.88377469543263,6.13292018768382,1.28102241834857,5.2081889317549,5.6432200619853,1.67236743163927,5.83424563907872,5.58643376943105,1.79605758614731,6.5152230636149,5.55307782796082,1.89931001806536,7.216429360525,5.56118046812995,2.07345548405511,7.86808006209975,5.46920790094203,2.12001391058421,8.35041650689337,5.16287579530929,2.04195805273293
1.58398767419501,7.43054626150092,1.20076321910866,1.7948245351485,7.32482203330552,1.2201961379672,1.96757704107433,7.22587287560268,1.21574282411845,2.11689848097755,6.84188131135477,0.989520624064054,2.02834617280133,6.50917045381959,1.35713131750491,1.93681017183454,6.09153026050205,1.36863390432503,2.0808975455273,6.12951477527887,1.34446537250855,4.47867881587712,6.82970354363519,1.58748619537907,4.80363901612849,6.75069885089788,1.56220877669115,5.07465483252972,6.61763815881962,1.53958800789513,4.85394164497915,6.44185972103019,1.18055558447055,4.57766106254066,6.17334971922561,1.49346646874653,4.36266170244844,5.92835349389262,1.44264665704619,4.55531422521824,5.83214914416989,1.51687372640479,0.433940121722891,6.25328883109201,1.76349280747779,2.72270607785281,6.20744536558728,1.25166841672661,3.33142055004937,6.24950405789166,1.19045348194531,3.88527676394767,6.13509422432017,1.27945697699626,5.20056834432204,5.64275405024728,1.67127083692959,5.81800684565388,5.5852049355312,1.79760942802694,6.48812638659345,5.55311876528708,1.9023562029648,7.22039323985794,5.55920562126695,2.07606854362144,7.86841663165091,5.46685293940675,2.11752652887605,8.34998169365497,5.16663873146286,2.03529392904095
1.58400278033192,7.43030283434448,1.20018813981769,1.79500544081862,7.32494223683121,1.21994689578208,1.96789582893953,7.22703313412925,1.2152849352574,2.11759549991858,6.84056058714996,0.987815949998472,2.02789849226803,6.50958701934687,1.35565779620457,1.93510451661122,6.09273624603352,1.36865546992479,2.07836575163221,6.13007192440349,1.3445139736783,4.47990304108308,6.8289280645258,1.58714015343343,4.80484244777398,6.74953615697842,1.56048703936492,5.07544715554986,6.61774437620155,1.54045838491008,4.85538896170208,6.44259223653136,1.18279632866782,4.57799302249042,6.17472415288702,1.49193291035233,4.36290099868652,5.92893044671545,1.44084750874289,4.55370621755876,5.83224704244955,1.51557817718492,0.432038206457234,6.24883090635749,1.76043524953092,2.71783129698831,6.20822890971193,1.25103391216125,3.33237094908048,6.25001526114818,1.18912425493267,3.88461600358593,6.13404250772535,1.27965998772944,5.19835960177091,5.64427137560385,1.67109782625566,5.81679508367905,5.58514215587944,1.79777549468477,6.4717383581862,5.55293520200151,1.90149531570406,7.1902018681584,5.56031963898747,2.07632104639465,7.8651949911069,5.46818797671198,2.11725812496214,8.34916783756891,5.16904957412897,2.02995961209027
1.58423871827103,7.429664684455,1.20118459256656,1.79523670169457,7.32413867066424,1.22068466574123,1.96803552704822,7.22680930772487,1.21559038286182,2.11690550345336,6.84289356114285,0.988960080266217,2.02807749690537,6.51056273892788,1.35586206442484,1.93593638885244,6.09462291767699,1.36963155546047,2.07939901912603,6.13251773913006,1.34501056908535,4.47929588162535,6.8285913470262,1.58706207953841,4.80347862924163,6.74930457847892,1.56271224782992,5.07508876576466,6.61705761901003,1.54144398055327,4.85500614522487,6.44320734680189,1.18163881393036,4.58547348702735,6.16962741507956,1.48699874233573,4.36137606302109,5.92811833967585,1.4420568978389,4.55282464707213,5.83185398036169,1.51705872823415,0.431424545130233,6.25184464997716,1.76671807700672,2.72110131092584,6.20820007323785,1.25156912450697,3.32952053978588,6.25420532546457,1.19548816228183,3.88478349710284,6.1330914639199,1.28019981771285,5.19909795423218,5.64228543980154,1.67487219773178,5.82819397986355,5.58238259636301,1.80156404507303,6.50555828013811,5.5514703962139,1.90216387740364,7.22349666074543,5.55896069569445,2.07648059332825,7.86752779689951,5.46565208932057,2.11528629770695,8.3465850345493,5.17398287015698,2.02260292468464
1.58288329426826,7.42975732818678,1.20206018386403,1.79470679032514,7.32344104013852,1.22150988798801,1.96788974260117,7.22705944061686,1.21637301322806,2.11697199871311,6.84185701197975,0.988402259013203,2.02838755794769,6.51130460905314,1.35653993014425,1.93427268924539,6.09470431359892,1.37039916904241,2.07669940582144,6.13194510487184,1.3460409365789,4.48097514160452,6.82910237818487,1.58692215803101,4.80507017875568,6.74962960594708,1.56280756150534,5.07545915341331,6.61516481678703,1.54262429688586,4.85611012075464,6.44186480191261,1.18459178825269,4.58419062149326,6.16967406712531,1.4870978843252,4.36039243501587,5.92728274385298,1.44276721299417,4.55217193343222,5.83299634221589,1.51722921324609,0.430300871776936,6.25071433806102,1.7679630628407,2.72120328144449,6.20964384344317,1.25130802189831,3.33211639408815,6.25207809287492,1.18926158245057,3.88237017529624,6.13475047685804,1.27895715924651,5.19521512173177,5.6427429822602,1.67551790113712,5.825638456532,5.58063936916924,1.80398018053846,6.50649174805061,5.55204284844314,1.90433233826765,7.2265748340769,5.56012624944092,2.08007029700233,7.86925614011878,5.4624246907836,2.11364441677181,8.34498628321587,5.17866215891742,2.01805771298243
1.5844628889878,7.4303372684633,1.20120219162181,1.7955553226652,7.32305108942919,1.22164960344445,1.96743221555086,7.22684003501503,1.21617363201263,2.11813300464229,6.84169235030847,0.986349905401975,2.0264113026135,6.5114502727524,1.35542148092335,1.93087505085516,6.09511761940726,1.3701149896322,2.07385745356571,6.13237513948405,1.34578083768812,4.48088024632168,6.82947546452953,1.58778033050771,4.80506347077631,6.74875109972705,1.5631225444548,5.07591465870289,6.61576729828355,1.54283107702397,4.85501848944975,6.44356474479023,1.1848211069821,4.58097144392138,6.17076248805404,1.48745393070819,4.35788268784799,5.93085671025896,1.44120724576431,4.54998787113355,5.83508936273392,1.51647461330411,0.429415504089876,6.25245234705038,1.7670724194567,2.71450613781202,6.20878736671862,1.25122279696353,3.32922419282487,6.25414198516014,1.18554511882789,3.88129830173262,6.13681956250489,1.27716600957231,5.19347418066512,5.64372643695748,1.67721308884465,5.82629051450391,5.58421377583174,1.80198776973433,6.50072519449325,5.55136122336125,1.90457489701298,7.22712438096915,5.55842453736815,2.0810501566043,7.86614286825206,5.46279582310725,2.11285563737975,8.34204099238418,5.17963360685286,2.01164568006051
1.5827442269617,7.43045508428094,1.20194401610008,1.79553446772039,7.32283029359262,1.22175866152871,1.96818140120489,7.22625025909545,1.2165168516761,2.11718891177934,6.84172544514163,0.986842772975603,2.02520667834704,6.51227886465123,1.35526019069461,1.9304700130218,6.0970403083477,1.36870078730787,2.07341386339133,6.13412608766781,1.34475701718054,4.47925166633702,6.8278161848684,1.58754031682361,4.8047731293423,6.74818453455643,1.56262146287778,5.07469402521065,6.6150628691722,1.54355810901395,4.8542338700202,6.44230295963844,1.18553438672871,4.57861793637776,6.17038324112484,1.48703622789708,4.35485200869591,5.93050875424236,1.44259421908386,4.54586697730322,5.83413477724286,1.517008172057,0.426686702100361,6.24843699320067,1.76284241902095,2.71248655138419,6.20936088356864,1.2518105483188,3.32903593368026,6.25473187484559,1.18705564039968,3.88077844224473,6.13527217030289,1.27741116011617,5.1932796151439,5.64791665566457,1.68647736611265,5.81597391752728,5.58197308042484,1.80510184173024,6.49361560383235,5.54979215747478,1.90513946967389,7.21490324326752,5.55860129492139,2.08166595970688,7.86046213666488,5.46490802942666,2.11444433860857,8.33768129597402,5.18000210066504,2.00390185016595
1.58366854839192,7.42972800583563,1.20124212256821,1.79577599958171,7.32306281886557,1.22050531129529,1.96829985536072,7.22788647118248,1.21558147020415,2.11805495694912,6.84282762236389,0.985979584216689,2.02296905210725,6.5137237992702,1.35529902522061,1.93004889438675,6.09691633002924,1.36926753107958,2.07284274558066,6.13436416553227,1.34480323778597,4.48015901014444,6.8286625010337,1.58851902320675,4.80516321988991,6.74758925952377,1.56189585824949,5.07584146803306,6.61528192591876,1.54319719341464,4.85553890754849,6.44364033949699,1.18369883423813,4.57778688727261,6.17143183818825,1.4868421370033,4.35498261500159,5.93297186145688,1.4420107426585,4.54650780034494,5.83624797289046,1.51696897085149,0.425933968173173,6.24851145772548,1.76340442088902,2.71520015521392,6.21096944415833,1.25053163027492,3.32895060195372,6.25669700997977,1.1850276489279,3.88443464368614,6.13675936020965,1.27769419481979,5.18960762484172,5.64936687282971,1.68874832124961,5.79775073269648,5.58780874958956,1.80883752843642,6.47444394275333,5.5500672085824,1.91053742881439,7.21528148680352,5.55924896671096,2.08432588485811,7.8570487715056,5.46425144952185,2.11404612152868,8.33347240606597,5.18010942927499,1.9965600286441
1.58279274085377,7.43105482777403,1.20300467963773,1.79581112749266,7.32358016338045,1.2201396956728,1.9686059505929,7.22728125933395,1.21482004867954,2.11621509598265,6.84289491258527,0.986800127124045,2.02165532885039,6.51469586057877,1.35342458695186,1.928469016559,6.09823824347102,1.36835982145678,2.07061665185166,6.13641699483984,1.3434162629356,4.47953317004073,6.82760297266267,1.58873806539564,4.80599682785377,6.74764019711851,1.56283643228867,5.07633245504756,6.61472158284792,1.54204097144946,4.85320555600247,6.44646062933192,1.18800211899121,4.57579517142524,6.17380933698554,1.48674200610922,4.35201185315652,5.93372215048462,1.44223038231039,4.54397150690579,5.83809719525382,1.51666225752105,0.424158839228286,6.24848257543922,1.76476330564324,2.70954474902011,6.21335181206162,1.24711250785639,3.32277780685056,6.25823585663546,1.18300369653985,3.87889017790393,6.13686774731324,1.27680987862437,5.18846652665831,5.64994281022178,1.69066300628952,5.79947252996397,5.58734649875862,1.8102439852891,6.49906183833237,5.55159011701905,1.90750089238699,7.22178846813331,5.56053411170824,2.08630426801,7.85716511430236,5.46219646613346,2.11027548349627,8.33056612460215,5.17735768325733,1.98763813872796
1.58390723485847,7.43111238947768,1.20351238019008,1.79546356039625,7.3236745549858,1.22051075558886,1.96656628534227,7.229774027519,1.21609028504514,2.11549763686584,6.84338579456003,0.986178953228071,2.01671654072167,6.50686517089587,1.36001301445253,1.9269686905726,6.09899895963244,1.36788680078082,2.06949973347054,6.13678394713607,1.34291732063087,4.46803244124433,6.82325964249367,1.57313711206071,4.80636066766557,6.74849172923804,1.5626512736248,5.0753739828079,6.61479959905669,1.54341367616301,4.85193053518295,6.4443716390571,1.18667792211655,4.57526288290224,6.1739773569956,1.4854292833531,4.35291611250023,5.93467400227882,1.44117686590156,4.54586524416174,5.83944236753687,1.51602580667616,0.422763486784143,6.24757543261531,1.76525769625594,2.70907178152817,6.21366491924655,1.24797005686411,3.32406179879503,6.2597769021393,1.1827738359543,3.88183178260794,6.13737649533145,1.27641369772878,5.17915220359696,5.6515861713826,1.68974118051652,5.7902097479344,5.59016698600098,1.81154527434853,6.48793897940293,5.55443015048933,1.90632465915402,7.21896869959169,5.56022200566202,2.08707682126443,7.85340028740656,5.45982788954756,2.11003827021163,8.32604028430218,5.17749784869603,1.98299828177169
1.58221624755461,7.43140723452316,1.20232825868033,1.79409363766661,7.32595014606134,1.22017229816916,1.9659579514638,7.23102417796308,1.21620211805264,2.11404029002082,6.84414578019708,0.986779168631055,2.01946401469997,6.51709266642381,1.35451860040445,1.92710867262531,6.09938911061782,1.36674164369836,2.06971863808937,6.13677263965563,1.34226692322575,4.46745355723191,6.82383876987282,1.5735856065679,4.8058783597028,6.74919111888128,1.56345763451795,5.07510429187862,6.6150488333813,1.54371651674047,4.85191083411368,6.44467340483014,1.18497022836173,4.57504188119476,6.17404890840137,1.48511771800418,4.35324496423476,5.93437774340207,1.44260073058584,4.54500974555807,5.83985210899742,1.51586557343116,0.420468893611171,6.24844584497644,1.7647915503644,2.712504331732,6.21466500668817,1.24770429983734,3.32621717685584,6.26080983470502,1.18199052111672,3.88383680984581,6.13783125119548,1.27524229856394,5.18397460048474,5.64690954892878,1.68214971071979,5.81550228405001,5.5880853857755,1.81634000427326,6.50125468792615,5.55379004303774,1.91189859480195,7.22024097903259,5.56271618431135,2.08731244791912,7.84960542527424,5.45902058927972,2.11053767222537,8.3212410304842,5.17566027125583,1.97973545736598
1.58282374499276,7.43044544820239,1.20161696266101,1.79499272076806,7.3246854970167,1.21837554723414,1.96702306456028,7.22977187747151,1.21360933370595,2.11909091628155,6.86389806374277,0.969864824414002,2.01391989223288,6.50861711652618,1.35790351565256,1.9228311638135,6.09967016599363,1.36553979469245,2.06658707830419,6.13794578248096,1.3404176742518,4.47785976358412,6.82856417051819,1.58892309511899,4.80541393006338,6.74805692551289,1.5635760845725,5.07481193332392,6.6151038641368,1.54322162293794,4.85294518643735,6.44469333121162,1.1852575520829,4.5734080378482,6.17616730458638,1.48406796838164,4.35106679334885,5.93406586757508,1.44253960665789,4.5437485086501,5.84064214428364,1.51543496214797,0.418024694600396,6.2473195465733,1.76514206543905,2.71801203706107,6.22373000956185,1.24087843612094,3.32042423696645,6.25990139510771,1.18110099293484,3.88118567296352,6.13366930527921,1.27742287646608,5.18302002640656,5.65211065587685,1.69131697738294,5.79798911571826,5.58949106133921,1.81528446875764,6.49469484230426,5.55111021868711,1.91208171580656,7.21450633400125,5.56094117626635,2.09033078478586,7.66826024472108,5.52437679616576,2.12577695761228,8.31591617614888,5.17416359740822,1.97595285222779
1.58183275406497,7.43091907086741,1.20211142496001,1.79535580488185,7.32372188239874,1.21805554621999,1.96725034954907,7.22911665120165,1.21411606628224,2.11826887560195,6.86275152938261,0.969858182698843,2.01528521118802,6.51791654060968,1.35096974787745,1.92401132230903,6.10211467442684,1.36357100133499,2.06626364165976,6.13919021745482,1.33902416940599,4.47711296407016,6.82840858875606,1.58824748164619,4.80575477773231,6.74826025708682,1.56259765588,5.0755743887319,6.61374500390461,1.54344074897053,4.85257185951383,6.44373880410572,1.18592232314913,4.57287668695057,6.17681967261967,1.48276604542118,4.34916571312346,5.93510402720861,1.4404316043281,4.54254366012064,5.8402258783556,1.5149243441827,0.418829221592533,6.2474492831314,1.76935585389734,2.72011104667954,6.22464069708874,1.23894857958884,3.32451982326582,6.26030587406082,1.18050153776504,3.88421083913674,6.13626448634208,1.27449106312517,5.18475500806105,5.65125565619963,1.69121547026764,5.82166515098843,5.58777410819037,1.81361752182824,6.50346321352554,5.55139265515705,1.91128722023823,7.21897559971676,5.5628337041474,2.09070459122476,7.83658869032954,5.45627278021457,2.10810599856574,8.30950405373553,5.17099217101404,1.97133261703056
1.58191483720726,7.43123249997731,1.20157358657672,1.79485631620236,7.32437040417193,1.2175409469011,1.9661960558428,7.2299657041205,1.21523126932284,2.11794712172259,6.86379178773155,0.968567982849963,2.01469347975924,6.52026544483802,1.3488842915703,1.92207417390301,6.10180352070938,1.36290785144964,2.06445796514988,6.13930932422117,1.33834378400951,4.47720758128819,6.8294275484731,1.58785569532582,4.80606430229686,6.748512948845,1.56310779701623,5.07511257333486,6.61431334276151,1.54363797060809,4.85351305488814,6.44190001920063,1.1854520645899,4.57095602165901,6.17704213370957,1.48142743457854,4.34757919107405,5.93501810141298,1.44067044561021,4.53922243748778,5.84258028025632,1.51377883078074,0.417224783614075,6.24599735565376,1.76890917084095,2.71737471491929,6.22316270306483,1.23891506236155,3.32119742969361,6.25882482667103,1.18069998260256,3.88025522563433,6.13574262794853,1.27323520419189,5.17321282116434,5.65290086570876,1.69004996297514,5.79566706473969,5.5907056157082,1.81316249049273,6.50054526215203,5.55309674231057,1.91134950919455,7.22010753568536,5.56213834660513,2.09159989568133,7.83051067996813,5.45993340369763,2.11539378107974,8.3016308823997,5.16683857854561,1.96694442175682
1.58192573375027,7.43103712674428,1.20258647760852,1.79492273039234,7.3232953280476,1.21797885385694,1.96646842088853,7.22893467570456,1.21396077918263,2.11720137742127,6.86554067664896,0.968117205853501,2.01052281197432,6.51133124017206,1.35629991354493,1.92015256950709,6.10145951695626,1.36306044290382,2.06229944863978,6.1388302619364,1.33840653157892,4.47670452142667,6.82850233476007,1.58721530659522,4.80534750016845,6.74714573398354,1.56150387822615,5.07607080038339,6.61245333960542,1.54299446056103,4.85435848738341,6.44285421794034,1.18555001739369,4.57011984317485,6.17826706300555,1.4804048762344,4.34548898881837,5.93446661933701,1.44043892886921,4.53807888039609,5.84272127074975,1.51420686748962,0.415344851467427,6.2452983271162,1.7704913365471,2.71826619372959,6.22394135468642,1.23729523083534,3.32078055619036,6.25929289867962,1.17989560615923,3.88165145699016,6.13527558125546,1.27356965380323,5.18299649323977,5.6513999036041,1.69350344486293,5.82340044416336,5.58795151343878,1.81517594085184,6.4923967512801,5.5548440425196,1.90869036911398,7.21944778710946,5.56273537508261,2.09305891440367,7.65708901991775,5.51946361918331,2.12352973193637,8.29595410482706,5.16197833398177,1.96051412335364
1.58258572478193,7.43041254250807,1.20226943500244,1.79615136093069,7.32254888072722,1.21795923850535,1.96625352780544,7.22889246704239,1.21457957520021,2.11809343834037,6.86268525559863,0.965889797382833,2.0110078211206,6.52084008784738,1.34988947942354,1.91757932620049,6.10230734433678,1.36231017254431,2.0599642123627,6.14027885071996,1.336806652501,4.47802313313556,6.82814012418109,1.58808988094658,4.8068374950716,6.74867793297544,1.56295013683259,5.0757448355239,6.6125993337328,1.544670330195,4.85546362339763,6.44162698289198,1.18433637815707,4.56984906145996,6.17758770806998,1.4813645031604,4.34332173597839,5.9341029857701,1.44047458547632,4.5366144218017,5.84154582702494,1.51544230624943,0.41450577138634,6.24578514336159,1.77040697130576,2.71438381093252,6.21922470760414,1.23151630141487,3.31473752655222,6.25981620306239,1.17737815127234,3.87473659467794,6.13603687261513,1.27250173766481,5.17435918781013,5.65497065878589,1.69097057635306,5.8256902174745,5.58754736268244,1.81834155298385,6.50138698634742,5.55333104152188,1.91352569011933,7.21791319463631,5.56305028556343,2.09453975107285,7.65158685926022,5.51763425159335,2.12376929732727,8.28890248158572,5.15655967839597,1.95380967214961
1.5831182354119,7.43088418642051,1.20168970208974,1.79723079973162,7.32158452629567,1.21743010878251,1.96715620323979,7.22884840098447,1.2139913627156,2.11806494706039,6.86343132425402,0.966280619978646,2.00725703845447,6.51030431030231,1.35591826206251,1.91543492182177,6.10074485652119,1.36277727014947,2.0573441790698,6.13882051077205,1.3382486473036,4.47800682813456,6.82838115209043,1.58744885027549,4.80784770671847,6.74882397095401,1.56466471371394,5.07567189585924,6.61302462936586,1.54436193595413,4.85642007601486,6.44144449321881,1.18500976364814,4.56913713778911,6.17800479852855,1.48030193321271,4.34341327327112,5.93426959588834,1.43998765548133,4.5351543424598,5.84205478400137,1.51587765407302,0.412555918171609,6.24672466149572,1.7703060662131,2.71153770045623,6.21975784637148,1.23655063996124,3.31505372967922,6.25822693619406,1.17747932490967,3.87298243998144,6.13280369223171,1.27431141321586,5.17036504055672,5.6565212507712,1.69307979855984,5.79690168494011,5.59224687437407,1.81639702517842,6.48382287237323,5.5553080669097,1.91055180951291,7.21541716616765,5.56244885645824,2.09435915100898,7.65084958621499,5.51396945677292,2.12426557144561,8.2848744675884,5.15221899395177,1.94673680823945
1.58210495667094,7.43018011074293,1.20167458524789,1.79652855799936,7.32205654767455,1.21700167831123,1.96664091768242,7.22993862993202,1.21474004293919,2.11831099785074,6.86319143451679,0.965921493574641,2.00498170300337,6.51112258558143,1.3571738943206,1.91358635469182,6.10099644044212,1.36232163754646,2.05500864976179,6.13884935152454,1.33765816591379,4.4787433665016,6.82863760428614,1.58809763193652,4.80751096931224,6.74799569028112,1.56402306529484,5.07526518211253,6.61136891598571,1.54502823196246,4.85576670105563,6.43894959845587,1.1880012305985,4.56768043674052,6.17793658591798,1.48076818098139,4.3417653791309,5.93553778850161,1.43946721867609,4.53390270792495,5.84431610087044,1.51519429220002,0.410704383038748,6.24500416769421,1.77086199930968,2.70951225403504,6.22113165574737,1.23479091640588,3.31232286869094,6.25797261143715,1.17812438610527,3.87344864910731,6.13694212874798,1.27083050613244,5.17182587982594,5.65744217959076,1.69324803677686,5.81147108446717,5.59134950916443,1.81855209992277,6.48324407702377,5.55512551932908,1.91096933433771,7.21061574080244,5.56294000766867,2.09576346738259,7.79939306570291,5.45334253542716,2.11135448692591,8.27856897274678,5.14866461500944,1.94060632552824
1.58276087879606,7.42922554828047,1.20051515852217,1.79757329591276,7.32168471799896,1.21561117759259,1.96728119983849,7.22941417619297,1.21302809137934,2.11821249649277,6.86335853550047,0.961474183734383,2.0042860589259,6.51122243309011,1.3543907783691,1.91454609783969,6.10136870624979,1.36048690412921,2.0562790994036,6.14063427697111,1.33611529585702,4.47929934870818,6.82808304834674,1.58696643855434,4.80744739462246,6.74865586517306,1.56372250081447,5.07608916405147,6.61250691477537,1.54512515886612,4.85701941509877,6.43857854879563,1.1872308131776,4.5669630602782,6.17880418372055,1.48093884664773,4.340916867311,5.93556625099571,1.43962208472651,4.53422511855203,5.84338558791459,1.5158764146913,0.409234056221766,6.24450792196727,1.77058768476733,2.70920053616556,6.21545035426947,1.22827103459225,3.31054150181448,6.2560005615408,1.17757312905693,3.87071763925415,6.13512236994999,1.27194783710031,5.17309618964224,5.6587321838244,1.69328204159369,5.80485861244898,5.59286204814549,1.81763590172461,6.45544009300403,5.56091887427559,1.90651654399088,7.19157762722808,5.56791387939173,2.094293452109,7.78501120325671,5.45317936936041,2.10967210665208,8.2709955688897,5.1463707178737,1.92914325148813
1.58252162437218,7.42945089244301,1.20058531213269,1.79877222243785,7.32121835994634,1.21632931610882,1.96751706490956,7.22817704974941,1.21408670811906,2.11642750221962,6.86202523610985,0.964759144614802,2.00176618279232,6.51261050438719,1.35543267297779,1.91464497771825,6.1002713196499,1.36000606873955,2.05511623517618,6.13896544862253,1.33671834575074,4.47941190294184,6.83003071937768,1.58699618349056,4.80872777300565,6.74924521441426,1.56387934106661,5.07639339621987,6.61190697535988,1.54405532452645,4.85703917972687,6.4379334593324,1.18746023561576,4.56342814606081,6.18022424167502,1.48095252074664,4.33603371482393,5.93631408183343,1.43900332307537,4.53032620937311,5.8463058929303,1.51476742444862,0.405941388618225,6.24486049392161,1.77115617969469,2.70245834176559,6.21654993992792,1.22660521042399,3.30735479543213,6.25673691064266,1.17783344170735,3.86755936879191,6.1354208030214,1.27140459213735,5.17061947776908,5.66075383932947,1.69269580084516,5.81652678166137,5.59411909549253,1.81915023991603,6.48193884618876,5.55707911027448,1.90813736690685,7.18608466732912,5.55937838000402,2.07811569712861,7.78726654245869,5.45181443888672,2.10775251606326,8.26668824709474,5.14669338936065,1.9249592085701
1.58259044717557,7.42915948024253,1.20077737181409,1.79820674211744,7.32134942978998,1.21613191914391,1.96745504209571,7.22862207707661,1.21318856841877,2.11448908313382,6.86411629392835,0.962835192715999,1.9975809980121,6.5119308275248,1.35552978385666,1.91245550820206,6.10052027982425,1.36024603904313,2.05488207348343,6.1400777806009,1.33617216844995,4.47934205540187,6.82914910543429,1.58666623327289,4.80839477775669,6.7487622330371,1.56477734273584,5.07577337323317,6.61132748468638,1.5432929246467,4.85399301548105,6.43896705131393,1.18987793169441,4.56166342888796,6.18458217121477,1.48053510497181,4.33475122384925,5.93935868340963,1.43822902610128,4.52931258350831,5.84915035135826,1.51388410793592,0.402120354314891,6.2431609107276,1.7711021310473,2.70366994346893,6.21485942648915,1.22763389683462,3.30781352721555,6.25519623931393,1.17971371392641,3.86853178871491,6.13668945107107,1.27144180301758,5.1533257757039,5.66995658682759,1.69056793743564,5.81382827040834,5.59392681451473,1.82090842965342,6.47935845519774,5.55842530319886,1.91037621776804,7.18675491533414,5.55956420776422,2.07960362383419,7.78490618678928,5.45011551990583,2.10314977981923,8.25860138312463,5.13986895135302,1.919094834053
1.58259059697731,7.4289847561427,1.20181986299467,1.79817258814166,7.32103683492453,1.21601221583655,1.96708481873092,7.22867538170521,1.21301860326546,2.11450211028829,6.86184675204127,0.960571158410782,1.99461983870758,6.51234443222488,1.35512607218388,1.91811266922357,6.10173447502799,1.35934734271554,2.04991420070478,6.14068881488141,1.33589485876936,4.47787409302772,6.82994752599447,1.58487929865793,4.80570840519378,6.74949741503884,1.56136680039192,5.07453729558389,6.611882938733,1.54424052542879,4.85352178780834,6.43709811398564,1.18807178828301,4.55996965940799,6.18319402242344,1.48011017074944,4.33226674186938,5.93928116963303,1.4385512941796,4.52695527263177,5.85035432777155,1.51339490306915,0.399110358517962,6.24200332505477,1.77099966493513,2.69741157725405,6.21095490919589,1.23002491431392,3.30377823849885,6.25198118198339,1.18281603221345,3.86816192826868,6.13580006518044,1.27267011366589,5.14472317171139,5.67172489068917,1.68818450848047,5.78349020776022,5.60014620533635,1.81889575668415,6.47182504156417,5.55873647231237,1.91208670521189,7.15872170238341,5.56241839218823,2.08205989203159,7.78293131984391,5.44689522585503,2.0994120696995,8.25197359198181,5.13789685845406,1.90990697120838
1.58220030404284,7.42878607099631,1.20092829867303,1.79876724195052,7.32065329131954,1.21468314025084,1.96694905439551,7.22758120368764,1.21120146800582,2.11304388973328,6.86176878706324,0.960844898857693,1.99403780933307,6.514502611893,1.35838482032251,1.90756640400759,6.10155198759611,1.3589448715577,2.05031422477415,6.14183273452209,1.33573339337457,4.47836214267108,6.82966989274478,1.58643549148233,4.80692889367493,6.74947231593881,1.56228093948483,5.07423122485083,6.61331850354097,1.54428826217392,4.85383300705969,6.43880195847122,1.18962609681965,4.5594637017546,6.18460878368995,1.48104448067526,4.33267691622417,5.94087394023659,1.4394379287344,4.52753431323263,5.85158920107801,1.51362379020544,0.396740545249321,6.24267998294563,1.7713038607305,2.70237749632298,6.21026311786954,1.22921252306161,3.30414763119082,6.24880375733691,1.18591890121094,3.87067372416071,6.13584412063008,1.27478113358427,5.14585538439553,5.67354163969055,1.68961129166091,5.78869278476167,5.60032819893569,1.82032677823963,6.47091311954027,5.55952544837794,1.91419761795311,7.15725406197593,5.56148054504732,2.08170815511324,7.77539487450775,5.446427711135,2.09605958470222,8.24646744426032,5.13683773551262,1.89961367401752
1.58297834403548,7.42914701019856,1.20072313637933,1.7996511582923,7.31996334561766,1.21471785718414,1.96710173698139,7.22690394129935,1.21192660805375,2.11392985631756,6.86183910489238,0.962743067502518,1.99063547475965,6.51426510942472,1.36049089959543,1.91359820680061,6.10059054997062,1.35559925152081,2.04771479008824,6.14132602104924,1.33620516633303,4.47690127211143,6.830555435532,1.58592422008026,4.8065170841381,6.75040902343517,1.56369920877003,5.07473324290781,6.61254397116775,1.5445736938488,4.85307160231323,6.43704723740158,1.19202743501647,4.5563950624662,6.18808545128996,1.48085651644058,4.32749046435755,5.94316383240101,1.43786763159775,4.52362817194367,5.85382613953634,1.51280462172093,0.394644353457688,6.24355263563726,1.77274328550016,2.69278079026369,6.21093110111746,1.23034423052513,3.29489068114133,6.24795218663265,1.18783432166919,3.86387098984894,6.13227772798011,1.27741657307437,5.14162909497125,5.67562884109018,1.69000919995816,5.78143909085665,5.60215007307784,1.81839627755752,6.4493694105637,5.55938122424877,1.91571644847431,7.15892925828573,5.56197013722546,2.08209923302364,7.7763856869784,5.444499833822,2.09502105949189,8.24179655058906,5.13477313311264,1.89167105711118
1.58319356911158,7.43025233440385,1.20093551235818,1.79895543364971,7.32069342277512,1.21550218280774,1.96775182864853,7.22727434950575,1.21270504537789,2.11296596680391,6.86002359690827,0.96154158103955,1.98852173147943,6.5146377909315,1.36150601409866,1.91163165060029,6.10039033968725,1.3563770810164,2.04716137045265,6.14131961944629,1.33702748505588,4.47793254021498,6.83072886456316,1.58645965254098,4.80641031546577,6.74971914915721,1.56359765043465,5.07454197898211,6.61317137979112,1.54605400212979,4.85366865209209,6.43825312612203,1.19189914471706,4.55611157818379,6.18771722931933,1.4819308863178,4.32965949118839,5.94418089275386,1.43979035830609,4.52517020409508,5.8548840664863,1.51429344053534,0.392296672118338,6.24196918343258,1.77465031586881,2.69492447285671,6.20705498564236,1.23256148968308,3.30075108268239,6.24463940617944,1.18965032846444,3.87211556489139,6.13422721173154,1.27731688876173,5.15003687887644,5.67048291869449,1.69391730026053,5.78922392077547,5.60373884464427,1.82124235938697,6.47193997830509,5.56409441574016,1.91577015609118,7.17611485048366,5.56346025201312,2.08062900849421,7.7777841626765,5.44262313859898,2.09208158473198,8.23711749492923,5.13482242201114,1.88462177233017
1.58491417905465,7.42965275435046,1.20233911720727,1.80067796895561,7.31936647544646,1.21466895202997,1.96841521754458,7.2261327586143,1.21137750752572,2.11529569523842,6.86199314653713,0.962683901811905,1.98677256531034,6.51415520920942,1.36168699325194,1.90729470574209,6.09823940935827,1.35745424227147,2.04433466539004,6.13803463877127,1.33887622293485,4.48035093279493,6.82981787784525,1.58673649059918,4.80818193478212,6.75074185970807,1.56569787116387,5.07502236824963,6.61231566578043,1.54674573433886,4.85308052646647,6.43902730372111,1.19480742639976,4.55426818613439,6.18901303650804,1.4833788603482,4.32639869497969,5.94427252506992,1.4410870959693,4.52309718206588,5.85592383780728,1.51551078745474,0.39014646852166,6.24184229109047,1.77605043517274,2.69122351699691,6.20862838345807,1.23463620547412,3.29966716181162,6.24339577196797,1.19211834294531,3.86870916709353,6.13235145196133,1.28061226937251,5.13871620328393,5.67826270135811,1.68936778146597,5.80526840096777,5.6028482947787,1.82233803489487,6.46766951690246,5.56689483993424,1.91491470854168,7.18082189953974,5.56272433946623,2.08127479793032,7.77841525173317,5.43860072933629,2.08934863823399,8.23471260742926,5.12847221830717,1.87077277969061
1.58766989089083,7.43423223744764,1.19895213837445,1.8008027153038,7.3195760329506,1.21495184765921,1.9679706152342,7.2275802343099,1.21110712942554,2.11224364179589,6.8635415347124,0.963588661518388,1.98465664094143,6.51398204948479,1.36423358502785,1.90137355913728,6.09797203330671,1.35718205468516,2.03638626902251,6.13805858059458,1.33828749394818,4.47983342009175,6.82939832685865,1.58651513103751,4.80788517090654,6.74972918483081,1.56444012523042,5.07543444788864,6.61148379026567,1.54595554993034,4.85033315831779,6.43747392444022,1.19434422010211,4.55295989445151,6.18949605662971,1.48415383972057,4.32696651460612,5.94666735087203,1.44174769068685,4.5240969278232,5.85087746874153,1.52055765172116,0.387523920299335,6.24327392103854,1.77851720757785,2.685508693978,6.20443207016392,1.23611724117542,3.29520176271098,6.24041215773214,1.19465182979841,3.86815037872308,6.13196984925112,1.28134252416144,5.13890905974757,5.67946071111557,1.69080619155567,5.78786290597104,5.6057595967685,1.82245873068309,6.45373591263165,5.56302945246786,1.92053148254715,7.1737348274676,5.5645407580274,2.08184054086034,7.77592305466698,5.43668086623504,2.08814163774396,8.22904840021345,5.13239581870327,1.86932521816692
1.58829357096586,7.43420890776728,1.19932885428967,1.80275469649296,7.31925811336567,1.21531108094267,1.96951563166314,7.22708731046604,1.21025565415223,2.1118667256745,6.86332647984133,0.963965037839551,1.98231195854337,6.51416472296244,1.36326292857997,1.89542795842596,6.0972495033044,1.35700254744476,2.03913171389423,6.13907649171963,1.3381791002391,4.46892855145716,6.82613383162255,1.57173332319704,4.80734806963899,6.75086461257356,1.56555636030913,5.07490484574642,6.6118920392388,1.54751538830663,4.85109606285931,6.43443014781021,1.1938132100468,4.55033311060674,6.19078907342323,1.48476034519129,4.32421366373122,5.94790060594541,1.44197541140578,4.5209127987029,5.85021320383188,1.5224641022228,0.38294145073687,6.23851370359184,1.77603974027949,2.67539157238939,6.20390599255584,1.23754979360235,3.28787307572445,6.23967630920529,1.19692665814237,3.86468607074206,6.13028396677304,1.2839154244399,5.14004266165729,5.67956870796699,1.69180748331096,5.78638295423302,5.6063633220685,1.82486306501603,6.45148079602506,5.56322867590962,1.92187808492199,7.1740824134535,5.56518750785134,2.08187826577912,7.77547846035019,5.43460343864855,2.08251000331033,8.22217109200241,5.13200777638069,1.86106740280795
1.58734469311722,7.43457643580356,1.19891181131053,1.80123570929818,7.31936846778272,1.21399821557593,1.96694265577789,7.22713902215982,1.209935814877,2.10917165583915,6.86532836859596,0.964768064062487,1.97904388183148,6.51560769057346,1.36427889805167,1.89144069495608,6.09952534536252,1.35569457105795,2.03402534226687,6.14086662852344,1.33561528052002,4.47936941944505,6.83058651959203,1.58631682777652,4.80732106354457,6.75182196771685,1.56305609213339,5.07462584047967,6.61162159001905,1.54632616329291,4.84945349864861,6.4333749624353,1.19459363040232,4.54740059549493,6.19250119694485,1.4850194340741,4.32143493648197,5.94780515514853,1.44202604538793,4.51799230928541,5.85156394014243,1.52106779575921,0.380494585853778,6.23831989265471,1.77419483372078,2.6683482242068,6.20274940960737,1.23867876230119,3.28497188972249,6.23828414155539,1.1973202258918,3.86041294619594,6.13143613267249,1.28228261424258,5.13685411335742,5.68129448838328,1.68853693869215,5.81337296841564,5.60359978021745,1.82660298708507,6.45554444927804,5.56790515371274,1.91901570209508,7.17435527564493,5.56529794833277,2.08186513497875,7.77230058462017,5.43476884688924,2.07923011872753,8.21384979707391,5.13247180961228,1.85320528149908
1.58595281754428,7.43026473534849,1.20337637504755,1.80135042040919,7.32056079400833,1.21365053469741,1.96766969933608,7.227200686653,1.20955605597141,2.10720069749698,6.86573436098841,0.967206038317627,1.97449694671235,6.51502674250628,1.36355894781481,1.88421442217289,6.09786099223493,1.3554055095785,2.02637963280903,6.1385696803641,1.3348686992778,4.47895249394087,6.8310122682217,1.58536189718142,4.80677143047547,6.75175330283082,1.56175525440256,5.07337083905628,6.61252428774539,1.54595728951027,4.84801863295533,6.43466624453874,1.19492871358831,4.54454741000572,6.19518344085154,1.48495577815077,4.31923766579141,5.94979206464653,1.43993207131867,4.51346576752941,5.85443907570676,1.51987351256311,0.376085940159589,6.23694613843997,1.77556017321501,2.66317541252903,6.19823942976376,1.24082124656228,3.27899971247044,6.23711514062898,1.19777147005307,3.84462547751809,6.12981200623132,1.28260877616543,5.13703066035543,5.68261527051118,1.68629692971755,5.81285126691474,5.60344761523268,1.82504769933279,6.49262650643683,5.56589370335082,1.93855313177983,7.17272784014521,5.56658307552089,2.08220830711719,7.77042247544494,5.43511959691493,2.07589888270637,8.20571784100514,5.13093284726232,1.84359957447776
1.58794986674107,7.43397560859147,1.19995263149889,1.80006507390073,7.31980482018344,1.21193456074341,1.96612324769589,7.22626272862412,1.2075808086545,2.10499549945543,6.86820577320108,0.966917512292687,1.97256054927589,6.51819628864471,1.35850833886164,1.88123647961539,6.10034929488624,1.35321208894818,2.02372345743792,6.14048571828543,1.3328045802163,4.47840700604794,6.83072536988125,1.58402449489555,4.80646166063832,6.75122310510655,1.56219335476293,5.07331432570861,6.61217064301423,1.54452880178389,4.8488885530466,6.43456877633704,1.19341971167982,4.54187826854098,6.19742379911404,1.4839740497526,4.3174618192207,5.95038944883399,1.43991302778547,4.51237374868139,5.85545195501943,1.51996019173993,0.371512167494375,6.23568580378869,1.77742148962517,2.65460276839771,6.19475408671792,1.23960302579014,3.27723513667539,6.23404297825005,1.19969272041574,3.84334353031285,6.13092578335117,1.28016841367426,5.12872855237824,5.6830632892077,1.68039294295153,5.7872884633856,5.61112073497395,1.8229063678965,6.45135660190092,5.56561798451158,1.92256258888659,7.16634539988902,5.56739406688666,2.08177340609441,7.76914713170274,5.43479161883051,2.07349510451302,8.20131063086636,5.13160781016351,1.83598815497173
1.58433246951911,7.43025222915628,1.20116959109519,1.79829624507225,7.3215238341589,1.21111102287081,1.96486409267437,7.22828333959707,1.2079993149366,2.10190250331921,6.8711458872143,0.968829050614785,1.96683312829358,6.51844572345497,1.35667419235214,1.87403228476656,6.10368291311296,1.3490044340323,2.01747280402254,6.14092614709697,1.32976970462411,4.47885182531848,6.83152171517636,1.58420457134293,4.80652102824557,6.75308098470429,1.56240580227137,5.07244009710073,6.61298361526713,1.54281635948529,4.8460114179311,6.43388249303913,1.18978063282783,4.53874405213124,6.19841536826237,1.48286228805179,4.31685631232136,5.94740235225852,1.43958004976879,4.51011644977262,5.85691418400719,1.52003900441692,0.366944768366863,6.23377756406869,1.77796571005885,2.65171632189314,6.19277227353173,1.2383362190641,3.27233154901725,6.23519049913885,1.20039422871031,3.83904473120097,6.1298868041118,1.28131550760878,5.12768858783356,5.6868954227459,1.68413386456276,5.79037549843044,5.61232978146905,1.82307066553642,6.44664352078608,5.56685397450643,1.92142733653183,7.16737810723123,5.5679057682808,2.07916662186752,7.76655690634273,5.43265904758708,2.07266589833653,8.19712694949893,5.13144913620995,1.83051647952762
1.58448308507814,7.43062189907376,1.20217589389369,1.79784706793834,7.32144624485449,1.20996371918221,1.96346466627558,7.22665330897538,1.20972983897411,2.09893658888854,6.87204068353246,0.970196205272016,1.96167465628395,6.51587866999062,1.35626449504204,1.86960677738279,6.1031985652302,1.34786280842152,2.01322913128236,6.13882271420318,1.32965189412874,4.47745159690271,6.83319975146142,1.58554088424321,4.80519328455545,6.75274132077998,1.56116969601849,5.07124057285561,6.61426634610796,1.54190490350818,4.8455525634085,6.43535015218874,1.19159586287677,4.53483781618361,6.20172615915949,1.48627625606452,4.31394008052882,5.94971094672904,1.43910561186553,4.50516122101008,5.85952296783352,1.51837840729489,0.36188182142751,6.23424592271301,1.77795559968317,2.65489885453395,6.19435102593205,1.23399292833483,3.26658232631777,6.23077255693613,1.20333658387238,3.83432642069373,6.12953833431544,1.28160412201545,5.12205303525394,5.68678655677322,1.67793675022124,5.78352302188527,5.6126645041165,1.82188023042993,6.48863890840121,5.56517061101459,1.93732657346196,7.15791435464872,5.56740154710692,2.07241212610877,7.56966267636658,5.47272659405515,2.06374898110812,8.19604278386041,5.12893106388055,1.82009163721872
1.58504839503447,7.43147798496874,1.20232844722511,1.79750002606953,7.32215569736493,1.20849063765112,1.96304765933021,7.22686408469789,1.20850716430387,2.08814466940601,6.85061001025646,0.987558374555413,1.95376018832279,6.5144778419136,1.35692416211582,1.86065668392786,6.10397171873636,1.34713423210088,2.00367485243868,6.1401536954575,1.32805423216555,4.47872013955384,6.83250054363166,1.58560087450011,4.80655998552889,6.75379514883255,1.56164761247695,5.07078697020104,6.61328171377723,1.54154880789008,4.84410355430175,6.43506732874287,1.19267142486614,4.53178062086358,6.20154717200411,1.48632530446568,4.31161234310257,5.94812336550296,1.43992038622795,4.5015465533094,5.85881780722132,1.51882428060943,0.357770672351306,6.23415907457358,1.77860905769334,2.64295890079033,6.1914446429977,1.22894608493442,3.25955723093726,6.23246366898916,1.20182066662663,3.82772841855649,6.12990463850891,1.28073076177613,5.12465963314933,5.68830626487579,1.67802186609217,5.77759938546885,5.61196288557634,1.82183946029606,6.43220680335677,5.5705587270506,1.92136320958774,7.15668443081192,5.56815492513262,2.07133617416833,7.56508209171468,5.47035768905044,2.06119238230973,8.1908896624043,5.1305401965761,1.8147527288049
1.58450999650798,7.43191581222047,1.20356068122054,1.79676642273299,7.32142041335073,1.2090514378047,1.96234836424206,7.22776942151378,1.21007012620353,2.08557403840444,6.85189895637123,0.991488606058545,1.95110336970291,6.51401872781784,1.35676673297592,1.85287613465172,6.10025007754725,1.34644859179736,1.99921430864753,6.14105285950899,1.32679573553945,4.47947333333507,6.8326298349349,1.58682808920836,4.80696837181558,6.75542397456661,1.56166040170877,5.06984549335595,6.61327850648676,1.54196012214007,4.84196846708007,6.43607889791348,1.19407027486029,4.52794086800708,6.20471014420094,1.48411706387284,4.3063603415977,5.9481089486776,1.43941371152137,4.49866173747219,5.8599484014814,1.51815359797956,0.354160547563522,6.23466969503079,1.7766530781717,2.63931521277507,6.19018895283102,1.23239678715506,3.25782172150725,6.23337696831998,1.20112618894131,3.82735953321942,6.12941559116828,1.282085038171,5.12611918353312,5.68794963644978,1.67610151107395,5.78527711237534,5.61418344421055,1.82188592189139,6.48267922457659,5.56649043097768,1.93775801409471,7.08930182749839,5.57012952743917,2.07739980241614,7.55836900202116,5.47014712441003,2.06034494561981,8.18616488998604,5.13349502976207,1.81115620234416
1.58548961946365,7.43077239881846,1.20107770000342,1.79646892700398,7.32154490095807,1.20597449621133,1.96200356975858,7.22858104986484,1.20859630318695,2.08451569736684,6.85222852256185,0.990228760173896,1.94670565134071,6.5156544911687,1.34969269039064,1.84574755554382,6.10103836451136,1.34327924430651,1.99330693852964,6.14131084092641,1.32512348942445,4.47845487326827,6.83330135515677,1.58580722219477,4.80740582066594,6.75521470092007,1.56160555131668,5.07083163079309,6.61247421941158,1.54197023913322,4.84067021007624,6.43937510785507,1.19626952514609,4.52358938130068,6.2056965741655,1.481907398147,4.30152401864056,5.94935350537629,1.4371359691556,4.49335343392103,5.86062583277021,1.5180660027706,0.348607421302174,6.23200059868166,1.77746751892586,2.63232134410737,6.19316944976817,1.23417417338353,3.25261454494695,6.23154646685389,1.2011678690621,3.82258845303665,6.1312040588857,1.28091188645637,5.11921018626783,5.69010622341028,1.673620966292,5.77657811655737,5.61314963670916,1.82036133109993,6.41825529828371,5.57628710700572,1.91970408091329,7.09286825503329,5.57177819210922,2.07450654872056,7.55597683136431,5.47035246162937,2.0618823068818,8.18035193786453,5.13573545197698,1.80769817658006
1.58557865570247,7.43032320905846,1.20011787631044,1.79529525453796,7.32183857722283,1.20713436884329,1.95923579519119,7.22996673286095,1.21108395523956,2.078755454387,6.85164454841239,0.99475878899402,1.94228209596891,6.51670401309206,1.34953475773244,1.83814648553097,6.09958721169679,1.34148373288354,1.98580664585149,6.14066872943671,1.32504234751325,4.48034744456347,6.83178518868252,1.5865317821809,4.80801623061226,6.75474172816232,1.56233531589888,5.06976049593485,6.61283687655361,1.54227425446001,4.83961357446905,6.43815292303359,1.19641098487724,4.52149831410627,6.20653266321886,1.48030254512363,4.30355385705217,5.95137872112885,1.43630901362219,4.49372245231474,5.86442869987505,1.51640891832559,0.341481193482157,6.23700584912928,1.77930182654055,2.63034593239854,6.1902330506211,1.23685560251699,3.24784694712742,6.22808569621938,1.20581145703894,3.82381644889478,6.13050794667297,1.28172069546197,5.11654147250825,5.69092012394995,1.67161561379728,5.77345463451816,5.61492459068342,1.81771476115166,6.46151555217291,5.57224431795843,1.93538369138262,7.08578788393576,5.57209581063741,2.0747590129096,7.55398911203042,5.47225896924063,2.06054721550605,8.1732179205695,5.13856634950766,1.80663307163198
1.58782416411494,7.4352262725037,1.20251225708041,1.79363222184677,7.3217101530585,1.20647164609763,1.95555839721724,7.23347516935034,1.21550175903177,2.07552951421591,6.85329620698206,0.995366022898074,1.9382595973316,6.51771004071715,1.34471866969059,1.8352923926104,6.0989968050927,1.34041696922888,1.98330314843164,6.14116270491397,1.32491975368654,4.48030591574721,6.83094256639063,1.5872450133665,4.80841001134642,6.75439910350707,1.56202636046212,5.06990389283041,6.61118596308605,1.54087487736467,4.83730939731478,6.43967949452264,1.19906404202464,4.51092214054258,6.20937684276642,1.47969711570824,4.29083095813648,5.95435490464771,1.43506069660376,4.4877854494573,5.86119840587833,1.51030365993919,0.333587635948102,6.23699930493438,1.77570616331988,2.62527794622154,6.18809377799475,1.23554332621618,3.23586510379853,6.22940872060916,1.2050811257561,3.80482435971816,6.13735171466745,1.28311850442103,5.11494582384592,5.69195475740071,1.6686078498224,5.7685462657989,5.61575369805573,1.81366134123597,6.41061230822069,5.57582571383578,1.91471621403508,7.08191268183309,5.57341906658726,2.07650113911003,7.54924877710643,5.47165124376708,2.06173243476045,8.16690712443773,5.14124313485557,1.80386454221862
1.5872483989845,7.43511736103679,1.20199537878895,1.79313465437719,7.32123548592718,1.20782180518023,1.95425203548247,7.23270212854934,1.21709378560985,2.07312492257368,6.85149301427819,0.996175757407874,1.93047773428087,6.51855613547045,1.34118018941064,1.82666278788016,6.10248147905665,1.33781804751304,1.97534517409064,6.14367440902523,1.32360284814421,4.47874140412361,6.83144334763243,1.5867894454735,4.80671245344877,6.75603322467679,1.56188810185247,5.06757907021237,6.61223327634056,1.54288470769957,4.83538466751149,6.44058284920824,1.1968445485196,4.50551160417939,6.21198270071546,1.47452690151684,4.28654863737346,5.95676820530803,1.43253942491378,4.48189868400728,5.86471871589188,1.5037259736147,0.323966545633008,6.23315266083353,1.77259148357619,2.61853736458866,6.18903261282445,1.23504652744782,3.22564911873067,6.22515717404792,1.20837767706118,3.79476034556499,6.13565698294425,1.27839531677198,5.11120735281535,5.69308637433659,1.66697164375276,5.7650476001487,5.61624051259138,1.81769052492694,6.41004368813507,5.57455789177584,1.91641976071938,7.04398074651498,5.57385021322299,2.08213364710813,7.54791349084339,5.47012366658889,2.05764297262187,8.15791319454836,5.14291337300582,1.80001321439401
1.58601299426645,7.4357223749098,1.20344110586869,1.79239729673968,7.32032809632129,1.20824667280102,1.95342251298443,7.23156194826287,1.21737496033493,2.06636523624211,6.85054556798302,0.995974660011833,1.91890102352628,6.51663893745757,1.34199114965001,1.81675857140436,6.10135081373256,1.33960833894719,1.96731695547485,6.14399720132803,1.32813900113919,4.47719302954516,6.83077845522722,1.58587678643876,4.80179369691928,6.75404049955583,1.56103182185713,5.0651697306159,6.61173587806105,1.54237788506676,4.83302106810837,6.44132395453343,1.19126219921521,4.4938417579403,6.21456054237218,1.47064455364456,4.27382429938442,5.95760043766267,1.42829128227381,4.46826645921445,5.86741023709369,1.49883194055623,0.314029268909037,6.2420487148057,1.76191611326938,2.60624310171331,6.18715451223887,1.23654682660535,3.21127563127166,6.23330281996577,1.21357659960243,3.78015994190149,6.14372527862358,1.27091614093028,5.10009138014024,5.6951999829264,1.65456923282903,5.76755410997142,5.62020676827123,1.79830559888744,6.4207412627683,5.57314750856428,1.91247063578586,7.15216939403133,5.57106674099474,2.07502537600309,7.55180510833255,5.47090351278843,2.05547135603618,8.14754666146413,5.14638983663553,1.795241383464
1.58510986723327,7.43725919882719,1.20326451479203,1.79132541853201,7.322256424364,1.20895565150473,1.9510084623559,7.23248542162523,1.21926399050685,2.05997340896331,6.84700108425763,0.996049067105172,1.9096146566446,6.51707524926286,1.34000621110606,1.80013277180736,6.10312356629218,1.34449008432436,1.9532253834006,6.14001108538528,1.32963681825982,4.47601487509222,6.83176422571794,1.58709288180074,4.80029024666027,6.75405874661098,1.56090975380295,5.06309128889303,6.61008379766148,1.54294827545546,4.83097209890362,6.44359839197206,1.1897106986569,4.47764903212464,6.21983756370799,1.46744044421598,4.25936254897026,5.95763438969958,1.42616205752453,4.45089536418964,5.87503206889054,1.49565023386232,0.29901722038257,6.24809933514537,1.7582645909274,2.58875325983957,6.18149299359359,1.24086617320294,3.19596444039648,6.23011754601251,1.21766831589752,3.76607910559689,6.14114818842286,1.26605417090763,5.09737928061024,5.69718691378155,1.65299556848685,5.74857540644609,5.6196985901644,1.79894324608876,6.45623667117208,5.57857199682194,1.93506253832548,7.07606439321378,5.57257849333231,2.08094044662926,7.5403407514941,5.468295571491,2.05315075341017,8.13889245957375,5.14932497109328,1.79272402327406
1.58310756190745,7.43853769793453,1.20265444826605,1.78798230199051,7.32489684016826,1.21145812443505,1.95249672044947,7.22980310615376,1.22621079989273,2.04914802378615,6.84250453928022,1.00301456707045,1.89943250490179,6.51124380995516,1.34646775719368,1.79301914772466,6.109576085555,1.35223144128851,1.94555907919716,6.14304691512065,1.33677204298476,4.47431851201335,6.83208055625618,1.58616104253366,4.79791990436537,6.75356374419031,1.55945165526937,5.06091682472477,6.61155428161171,1.53975081929369,4.82483109186448,6.44453555673542,1.1915016537846,4.46351370259091,6.22289206231646,1.46610622725669,4.25127297164035,5.96266141112821,1.42268071936496,4.43902549396487,5.88262356032548,1.49095735716662,0.278689503929168,6.25377422366307,1.73441768482002,2.57513394434602,6.17666867482599,1.24195452275929,3.1808386425805,6.2251089408613,1.226795562856,3.74734802071169,6.14210434196086,1.27017205173648,5.09452127075063,5.70253903006002,1.65571666264872,5.76712906485082,5.62879772066687,1.78925599660255,6.41393519317131,5.58097019072327,1.90509782122166,7.02346529515958,5.58096412228334,2.07786069981815,7.53616155825604,5.46884542156348,2.05507330208648,8.12811516830135,5.15317550899339,1.79113708486225
1.58168913934186,7.43836145899314,1.20240249356118,1.78668921181303,7.32429215124251,1.21283970510484,1.95091573984192,7.22735459020185,1.22755224804885,2.04113962396464,6.84180332361863,0.999689533560375,1.88109731793796,6.51700585092627,1.35244076325985,1.76597185164035,6.10907423588676,1.36105981001415,1.92786684710901,6.14177521609087,1.34899073725193,4.47258628533239,6.83045467964753,1.58418167917472,4.79321877719016,6.75316971005646,1.55759852970719,5.0559090442988,6.61153921823223,1.53892894966102,4.81498419968241,6.45335337149442,1.18995203708996,4.44853174276798,6.22811654962605,1.46205759755771,4.22647715219778,5.96970993938619,1.41930268256803,4.42671363038028,5.8894541082523,1.48762924679425,0.254384572998952,6.26731188343575,1.70465289402515,2.54908777502966,6.1823005870541,1.26587853217382,3.15357723298545,6.21882929585683,1.22845382579989,3.7256590367751,6.1430254066277,1.27815383688441,5.08867417249989,5.7063489514599,1.64836650953442,5.7036864351498,5.63396612909746,1.78439650166756,6.3918401854176,5.58154137344792,1.90403188831233,7.02757544951975,5.58586572510255,2.07662344170839,7.52474699649834,5.46546244682216,2.05113155605139,8.11380580123449,5.15325151337653,1.78792287075385
1.58545527244842,7.43745450369078,1.20392116684091,1.78632305197222,7.32732069695331,1.21470073391626,1.94733234273738,7.23113072978758,1.23473633232234,2.03099769487999,6.84191459038501,1.00698243933502,1.86422199953966,6.52147715440005,1.35822373526286,1.75294113280612,6.11692782059277,1.36203483994747,1.89987506065462,6.14382810464903,1.35899918503474,4.47206798354435,6.83213248680007,1.58287351978793,4.79296779254062,6.75734275126165,1.5547306907171,5.05256777532852,6.61118689677055,1.53128841252872,4.80429297573688,6.45818219478454,1.19133813142818,4.43495443836231,6.23139776294461,1.46336888877346,4.214413644076,5.9752641042867,1.41943233218373,4.41343393423834,5.88972735251593,1.47917477899381,0.227642986115394,6.28927875580676,1.66900832223117,2.5177631670788,6.18929193741567,1.28648067258578,3.11569913844177,6.21342228506298,1.24543214470811,3.70056703537558,6.14200325018456,1.28711367400919,5.08733393196102,5.71020672078416,1.6439994080774,5.75121950639557,5.63400093101032,1.78821766019433,6.41883869871041,5.58819892434644,1.89772127179264,7.13475568993092,5.57935922747388,2.07296370006515,7.50727060796419,5.47727198353589,2.05936766912189,8.1041166166591,5.15463652007127,1.78554257587042
1.5865095583894,7.4381736246262,1.20573819017625,1.78645545486472,7.32735772415449,1.21543404962952,1.94346274419527,7.23323064956671,1.23776950386003,2.02114913844876,6.8429972075407,1.01059581901647,1.84932382944742,6.52269148695821,1.36386784054925,1.73739696471483,6.1156867068798,1.35800186191252,1.88614060535759,6.14112296102688,1.35618562936712,4.47281296574373,6.8335920395824,1.58191672009525,4.79175574957874,6.75745724012211,1.55178670860752,5.05005145199959,6.6084521529833,1.52660815547536,4.79757303728531,6.46473705385715,1.19855298706457,4.42206244576656,6.24012959899826,1.47015330723258,4.19179095989527,5.98115455164503,1.41621052123928,4.39550225977198,5.89892606926868,1.48202390937332,0.209794949634211,6.31474052742664,1.63309022138403,2.49104141433003,6.18370138719427,1.2962295039994,3.09383181289396,6.21342457786061,1.25508143692732,3.68138428368414,6.14492351344744,1.29258610408105,5.06039902563317,5.71474213848513,1.64396120852282,5.7137752129307,5.63437692288232,1.78339637402354,6.38645911157779,5.58883481938397,1.89561338501872,7.04872368507676,5.58854590839085,2.07493078317143,7.47992632753258,5.48561048852778,2.05580176629145,8.09385703819536,5.1579275134122,1.78892286871752
1.58528139854074,7.4384370531301,1.20535009111152,1.78482272452378,7.32938993938086,1.21717146106918,1.9416119790142,7.23427518644579,1.23721820678496,2.01383318837937,6.8467137042916,1.00934533736162,1.83733945556635,6.52672364307983,1.36360996420307,1.7237725689669,6.1172000673875,1.35462057662019,1.87056988243175,6.14300698774086,1.35505654604348,4.47381900312798,6.83342379985841,1.58269767643756,4.79171095822728,6.75656373480162,1.55468862113913,5.04746018844238,6.60873393700379,1.52809219797821,4.79283280474812,6.46678472992055,1.1986071065319,4.41256087956116,6.24507955479149,1.47188577350244,4.18345373732113,5.98475460527381,1.42039963321685,4.3864724835366,5.9055615879912,1.48651052242351,0.193321674967056,6.3283905710966,1.60182891324339,2.48065647055139,6.1824686654083,1.29732101873684,3.08088594143756,6.21511951641264,1.25829575834659,3.67313257172779,6.14787437769,1.29890637781559,5.0211233612655,5.72413707241733,1.63272571858875,5.69437572739864,5.64029603979793,1.78563758696533,6.38514875104747,5.59115720765357,1.89948530904592,7.0375618004949,5.58683333336893,2.06577659950939,7.46109286996314,5.48453969490244,2.05087366512242,8.08506209632032,5.16378892977012,1.78375184481403
1.58593157685787,7.4365198183101,1.20489813412485,1.78646713042042,7.32830544139845,1.21793188825953,1.94372902976599,7.23459075718525,1.23711641283231,2.01436554076089,6.8479608797409,1.01154406143407,1.83844032852787,6.53114424922136,1.35906370151863,1.71147391406144,6.11728207197598,1.35272836231279,1.85848571186989,6.14715565566495,1.35332674039423,4.47428549238825,6.83214059231999,1.58103986756109,4.7911771352253,6.75487383098719,1.55340931459375,5.0454706262239,6.60682423816101,1.52594941113519,4.78814539794229,6.46825744279004,1.20020147573136,4.40391804606697,6.24908529054391,1.47372673029179,4.18060728951897,5.99259696753915,1.41982763576352,4.38285132225684,5.91317907768252,1.48594686840268,0.181667253180176,6.3441871881042,1.5805754072704,2.46535744743273,6.17766650908222,1.2977772954476,3.07268129912687,6.21423851642432,1.25979232484721,3.66939423055676,6.15214452250631,1.30944654231405,5.02479536761615,5.72657867116156,1.63545964564159,5.69960689990675,5.64436906974769,1.78321825519657,6.39474912938264,5.59323117503245,1.90869630139496,7.05673925590832,5.58704030683429,2.06717449630822,7.48105465967059,5.47352871309295,2.05026676830372,8.0758802199216,5.1654464967502,1.77601113424347
1.58400736156291,7.43479332923923,1.20501764996597,1.78650662189294,7.32751378899176,1.21517076115042,1.94291368442484,7.2372211750746,1.23325628879043,2.01480177588313,6.85017752711858,1.00866920578673,1.83482130565381,6.53673441131351,1.35418355919017,1.70678778070521,6.12243351096209,1.34771077564533,1.85314924921883,6.15054187545508,1.34851173343558,4.47437333415582,6.83134309870031,1.58161277672373,4.7903601376573,6.75245638045337,1.55431279885514,5.04367712427109,6.60557799779857,1.52409023803021,4.77736414138869,6.46122410257148,1.20521754683128,4.39660998920978,6.25032360640056,1.47264647426163,4.1748824121127,5.98835528392227,1.42632771152917,4.37563640561728,5.91003519539177,1.49004530552954,0.171589387482528,6.36324787344511,1.55750951224344,2.46037045577092,6.17742341376839,1.29624810433391,3.06594680898368,6.21578416031009,1.25933408645742,3.66136082046214,6.15267034213604,1.31077690530805,5.015583264312,5.73052215946678,1.63799968695512,5.67018343505296,5.64577254642597,1.78212523369663,6.37477614056988,5.59598058740521,1.90540432779578,7.02432207635108,5.58969074178302,2.0636894424264,7.44736806731303,5.48461043825147,2.04463208827411,8.06780887255409,5.16635257633847,1.76855475322485
1.58304762278212,7.43493580615024,1.20578267505646,1.78818803532518,7.32750528434804,1.21443978583662,1.94897658788454,7.24272170137541,1.23033276934184,2.01867345896758,6.85293412176165,1.01068650036188,1.83451414198169,6.54556290881933,1.347722995903,1.70379428839245,6.13102029974134,1.34033710261022,1.8497064246473,6.15821996108159,1.34544675496776,4.47452486234,6.83080152584368,1.58184890927765,4.79146088584212,6.7522813826262,1.55382331910011,5.04352347951629,6.60663361324096,1.52631525184201,4.77751086926916,6.46209882751367,1.20998198768963,4.39546104516637,6.24736257948359,1.46607527675397,4.16950085742622,5.98940448707996,1.42608398917034,4.36983371123118,5.91045155094263,1.49112495034129,0.162841643073859,6.37820873429981,1.53744034564549,2.45192830864516,6.18010395236854,1.30059577238439,3.05758439606273,6.21851712245863,1.26705813418521,3.65307606994765,6.15366650152838,1.31042259117234,5.0112237787297,5.7311314352168,1.63844695310514,5.68172265480625,5.64679248620815,1.78308724349367,6.37732935310434,5.59665168160094,1.90450935947892,6.99393891136754,5.59619799224417,2.06261643158961,7.60981985571446,5.45451282013811,2.0461713510623,8.06537892761391,5.16331075141286,1.75945196424119
1.58095461385216,7.42670374524079,1.19528636164545,1.78906907702443,7.32736443634335,1.21505866976792,1.94986621590112,7.24269408921739,1.22879588315413,2.01907298346708,6.8539145595408,1.01260963039415,1.83095197749584,6.54697329058562,1.34434225594391,1.69811405968649,6.13500345888698,1.33590550504588,1.8403826664305,6.15954668000743,1.34544856332433,4.47582440211303,6.82971859098676,1.58156791296393,4.7922435127659,6.75290296072229,1.5528221131662,5.04108507779467,6.60481520290902,1.52649519679559,4.77365919245409,6.46277631005555,1.20974838885577,4.38728212110018,6.24844052912081,1.46711593240881,4.16056702602878,5.99190836037659,1.42582351340616,4.36294830023472,5.91120155188578,1.49279124377607,0.157926340817323,6.39094024684576,1.51584317655332,2.44805853363386,6.17815611384415,1.30385742070296,3.05318079820417,6.21664130667388,1.27102541133986,3.6444945964577,6.15415312380911,1.31190180027457,4.98632172546608,5.73782488744966,1.6332460719428,5.66386514851166,5.646335916154,1.78310018204826,6.36981415548056,5.59375234514194,1.90471559877043,7.0173832498546,5.59182919729111,2.0617586292513,7.43363225252541,5.48565629826948,2.04509730832797,8.06189999994863,5.16744975666778,1.76316916422674
1.58134209481935,7.43279855469953,1.20685310451568,1.79153515808004,7.3267275613587,1.21401802087965,1.95355888048363,7.24414205403429,1.22783251444507,2.02138973949805,6.85591461096036,1.01111577981017,1.82455166436632,6.55230514771774,1.33626214535357,1.69218377911547,6.14350970898773,1.32603344972804,1.83502017156866,6.16200477729526,1.33465683546824,4.47769069900595,6.83049761654283,1.58222805101224,4.79338370534147,6.75178935781492,1.55373817002769,5.03882519034167,6.60360139083604,1.52305973513193,4.77109635058906,6.46133529442171,1.21123161296593,4.38444760361534,6.25608389288253,1.46337122510491,4.15814832377235,5.99065677928495,1.42713019116906,4.35608786702891,5.91201238975483,1.49274910641875,0.149193461821642,6.40120825560791,1.49550781137672,2.43899519909246,6.17787300205682,1.30504034647446,3.04727065266177,6.22109134512378,1.27143628043744,3.64267820244359,6.14883696991672,1.31710144510555,4.97463227790343,5.73624518911908,1.63252707858986,5.67214864088877,5.64665270474259,1.78023273308244,6.37256730389349,5.59506886751468,1.90271366578262,7.03175729718756,5.58660825695239,2.06543160374526,7.4368185977595,5.48434217692617,2.04774554453737,8.0588621231764,5.17360765872328,1.76427462808456
1.58221875931507,7.4300154299666,1.20636573456985,1.79487566911841,7.3267667030266,1.21274472722892,1.95800065581168,7.24283535512637,1.22328159146508,2.0202893904759,6.85616737689283,1.01438086669299,1.81290954595951,6.55980548755786,1.33096180970396,1.67420513470632,6.16007183248074,1.32786193859963,1.81842719076843,6.17309997509218,1.33188288853723,4.47818665746456,6.83142082754577,1.58175559053206,4.79231648491171,6.75069101461435,1.55401647244709,5.03584623967358,6.59432671366675,1.5256827164877,4.7628538922927,6.46322655420175,1.21405961335075,4.37762925510892,6.25684273007201,1.46294243569264,4.15406227455177,5.99058781088766,1.42961127450875,4.35423210431084,5.91500491959178,1.49069503945407,0.139496582179102,6.40908836048525,1.47802825519878,2.43018746299462,6.18363759786907,1.31489558764435,3.03385968128071,6.22185411928684,1.27512652116957,3.62651266751813,6.15442316940555,1.31713704442571,4.97133967706303,5.73814395952348,1.6313380542062,5.6578208969583,5.64689045129911,1.77380572588111,6.37211976173552,5.59760905596113,1.90318604065934,7.0384955560753,5.58566876247534,2.06663931399043,7.43435862989719,5.48712443555848,2.04580924795161,8.0533698345518,5.18045078101015,1.76393484620422
1.57784368910441,7.42402394303822,1.19435785222587,1.79670725503885,7.32623242249565,1.21038675616821,1.96056210809451,7.24280125258824,1.22299996903692,2.01287048980294,6.84911594537273,1.01828655534593,1.79515774676533,6.56616632737398,1.32189134405524,1.65343177294712,6.1680483592088,1.32417372541104,1.80096804480145,6.18279018156832,1.32941776007835,4.47843867097421,6.8313584825928,1.58128139048329,4.79381668553515,6.74997803966963,1.55440531623048,5.03308614783559,6.59035756846342,1.52145239962373,4.75239562803982,6.46468726411204,1.21539638826368,4.36185665526125,6.26243818867203,1.46142275808125,4.13560884519587,5.99432933831903,1.42804958153931,4.33843710253549,5.92115012714263,1.48985251257274,0.123478413164017,6.41828002120639,1.45366756269743,2.41709280309314,6.18743549315856,1.31248700216683,3.01406105846986,6.22556740636163,1.27804872947666,3.61068786311328,6.15770097013089,1.32145870478032,4.9647661187468,5.74176156203248,1.62970371267914,5.665045917432,5.64811891387198,1.78374582707586,6.36839897292099,5.59786859243094,1.90487917380102,7.01656336061083,5.59361707911721,2.06458656384734,7.59717247872906,5.45973889206067,2.04665499130084,8.04602695486715,5.18522710966993,1.76282487361104
1.57542658015155,7.42373624692943,1.19442894427689,1.79675680313897,7.32805474734066,1.21076437921969,1.96074301011319,7.24377206870572,1.22214138844648,2.01057876009845,6.83881828569181,1.00806480549646,1.78780913474581,6.57260523740827,1.31348024483424,1.64021733046052,6.17583991102589,1.31644567449402,1.79296524482964,6.18703561031055,1.32269323129041,4.47861263240888,6.83063423406866,1.57982070405109,4.7933839563061,6.74927171631467,1.55487075777981,5.0302554144548,6.5922934545482,1.52040577357346,4.74241217772938,6.46821347898586,1.21733365936513,4.35066051083921,6.26909396224702,1.4595950578291,4.12132960443055,6.00187232044724,1.42423444434915,4.32729452848517,5.92822157617636,1.48461122791153,0.106235872309729,6.4208083890239,1.42565172869073,2.41351414513719,6.19199674731876,1.30673418244446,3.00257026858371,6.21949235574166,1.27769531451914,3.59947550986673,6.15266206869861,1.31522864788626,4.95344755592177,5.74978773600955,1.62939487394148,5.64727106276624,5.65152328055116,1.77226487511262,6.35699141117574,5.6013253571014,1.90585332177633,7.01132112557576,5.59687019077467,2.06444137795669,7.41716469399405,5.49082093110077,2.04384537707319,8.03464049442051,5.18881328272078,1.76262771513673
1.57797635373052,7.42884505560316,1.20395664279016,1.79686552925457,7.32705119754237,1.21073040786474,1.96018614380773,7.24286369966419,1.22223912792476,2.01624598046245,6.83799809717159,1.01531487204235,1.77537855937234,6.58016996687443,1.30948840443999,1.62504135635577,6.1847887607231,1.3050495984753,1.77431886314141,6.18862506027301,1.31501457327736,4.47913029746154,6.8309801244774,1.57811808060567,4.79300300701363,6.74959037278285,1.55536469833835,5.02798565016438,6.59275886111631,1.51940935567118,4.73494960211064,6.47126805710795,1.2189316539312,4.3425207060906,6.26871148328449,1.46153362537983,4.11481266972348,6.00532116436937,1.4268675610279,4.32200931735163,5.93426938711957,1.48548703442186,0.0905296901035328,6.42026577344391,1.39003693948089,2.39612646163195,6.1936183848159,1.30764753573814,2.99058652126849,6.21833702789599,1.28325691215284,3.59213756006586,6.15875020897926,1.32073523236091,4.94950263048546,5.75277555245698,1.62923867086211,5.64204984949431,5.65778821872288,1.76874913146332,6.35400235144852,5.60400140051303,1.90781759300952,7.00116204463744,5.59330069920888,2.05764443760548,7.41660325263204,5.49149386403455,2.042342468462,8.02490297878355,5.1942070759629,1.76222778349868
1.57325398009323,7.42407165815872,1.19325655063932,1.79579790599289,7.32662898907309,1.21214308920201,1.96063256924657,7.24215123329611,1.22260277009595,2.01568506604285,6.83853849091695,1.01653363986209,1.7661446128109,6.5829737005072,1.30456957379651,1.60481439342611,6.18089768708403,1.29330356724189,1.75460491621687,6.19536373647261,1.31095254270253,4.48003054615522,6.83163454328063,1.57620493560576,4.79305249049724,6.74943641621281,1.55416289159517,5.0234918600245,6.59170323826341,1.51879079192348,4.72872371149661,6.47678095528657,1.22237654641744,4.32752847033676,6.27386718097769,1.46257531920863,4.09414459596732,6.00754329964164,1.43431929729008,4.30559938336924,5.94002484215667,1.484717945113,0.0822453231745969,6.41962578168515,1.34926779633045,2.37474037801044,6.19572750777182,1.30302217651535,2.97324229559728,6.2182234565467,1.28642019647778,3.57251124834568,6.15643440326856,1.32350101022552,4.93328970792551,5.76065309536779,1.62565148497837,5.59566675497428,5.66335563053706,1.74870707698783,6.356971462435,5.61123920180843,1.91368124443865,6.99926149756386,5.59756773904441,2.05772370568956,7.40623843248266,5.49508763921994,2.04197440915846,8.01437338880206,5.19687692306887,1.75930394543354
1.5750412096837,7.4236888133803,1.19381275427159,1.79792598327028,7.32387965745565,1.21057158902349,1.96195595480248,7.24040070407615,1.22165605076752,2.0125924734448,6.82328692788429,0.987988311229658,1.76347446515242,6.58260000771629,1.30295770716573,1.59520008139096,6.17760532439506,1.26992541578572,1.73974860271902,6.19459102072819,1.2916495945117,4.48120830552211,6.83279073222628,1.57637442173901,4.7932548613225,6.74732051683849,1.55492920124671,5.01885543195567,6.59001502187554,1.51563113081841,4.72148482227941,6.48198068171612,1.22576600701437,4.31770335821293,6.28228660012122,1.46592325422644,4.08631061929424,6.01096918752524,1.42974205645218,4.29886327479605,5.9477130875585,1.4836354200416,0.0712428423522533,6.42989693225369,1.32255855319773,2.34313046614809,6.19185419054645,1.29762192370114,2.95293909206351,6.21377993225281,1.28944576536128,3.5551999597619,6.15787559372589,1.32407049473133,4.90359638632933,5.77501973578771,1.61932653680686,5.57951503282727,5.67495461630593,1.75741039322685,6.15685639652262,5.64154166246917,1.84295787299414,6.98636665151001,5.59900772488139,2.05684015269451,7.39597724002996,5.49607637341297,2.03948458044581,8.00645545619339,5.20040449806768,1.75925617097714
1.57296248511954,7.42389012471836,1.19293480715561,1.79763542015026,7.32261659269725,1.21021793460119,1.96273854455217,7.24011152208608,1.22135102756703,2.01591883740775,6.83461753896074,1.00763107916805,1.76162954009924,6.58061604268944,1.29026066773372,1.58781395843061,6.16950040847201,1.24107779639542,1.73305902819017,6.185511811704,1.27482237261395,4.48234837085847,6.83380117619432,1.57516146208313,4.79245191019801,6.74771575736206,1.55827677169693,5.01295214442264,6.5882734684713,1.51704201823749,4.71315832329382,6.48412263233617,1.23040359112212,4.30664024435042,6.28650602259576,1.46844567677862,4.07504880411062,6.01649592081727,1.4284884903514,4.28929446900728,5.95066979305341,1.48338896153158,0.0592913205682723,6.43371466058252,1.28679219698734,2.334845134556,6.19009847725505,1.2944244053573,2.94410744848304,6.21350902615468,1.28970612284716,3.53992796480331,6.16164109876363,1.32536263061463,4.88381890792538,5.7793419321883,1.61913029547307,5.54284388053019,5.6788588288332,1.74649327016976,6.13595725280549,5.64276320512075,1.84347367946514,6.94526395979249,5.60205322462447,2.05947852145984,7.37761257625583,5.49777703365895,2.04002014357995,7.99875656269808,5.20412721028388,1.75996293269233
1.5704210194158,7.42389005401167,1.19091546216716,1.79659358916682,7.32143768709439,1.20843072497231,1.96499765710264,7.24011666739913,1.21984129568281,2.01914850969607,6.83897648737024,1.01269775558795,1.76387275947436,6.57487740656501,1.26762670130056,1.58626642313888,6.16852587888982,1.22482508429358,1.73236765564645,6.18014880161099,1.25491980309377,4.48186567896248,6.8364202725925,1.57425266128449,4.79239860403763,6.74868979822836,1.55778881257358,5.01151872845723,6.58681142268784,1.51267707930656,4.70366424265633,6.484370786396,1.23372825342758,4.29398338458466,6.2927584977588,1.47260774930789,4.05699924924539,6.01974934230701,1.42686184878664,4.27739184944879,5.95115584848285,1.48329700325277,0.0539807024684732,6.43346660742141,1.25303202702553,2.32428977676964,6.18715173164696,1.28480431914689,2.92834604628465,6.20966360856074,1.29286168151505,3.52108455165816,6.16371405475036,1.3280875191927,4.87549480837334,5.78431113170402,1.61556833295473,5.5199116884931,5.68727147046111,1.74612192687457,6.12192090035721,5.64338057907869,1.84540799851554,6.92709146024678,5.60703612902866,2.05940933123614,7.35523753574482,5.50556707760131,2.04344244009783,7.99321779770157,5.20698328191554,1.76215282157239
1.56924761236456,7.42392347327788,1.18893327906234,1.7950893593298,7.32181212479835,1.20713842599792,1.96382752046803,7.2424865060489,1.22013032043382,2.00950013468207,6.82561935112698,0.975887894734591,1.76701993170719,6.57397818132907,1.253873932708,1.58572977598856,6.17355970624778,1.20149505872252,1.73961720434034,6.18046864534308,1.23319930255752,4.48281040067534,6.83802279617142,1.57393128263808,4.79492350984227,6.74705255569864,1.55744395599092,5.00892964132069,6.58163248655376,1.50828274829158,4.69392157403666,6.48662964824993,1.2331413940561,4.2832503014849,6.29514873789397,1.4751751721131,4.04634525322569,6.02126526351507,1.42878164599299,4.26539137412183,5.95467917126673,1.48130714870717,0.0519761254811136,6.44626877907845,1.21520416641656,2.32367300549965,6.18544069043749,1.27700299411809,2.92363678424277,6.21574623729665,1.28712062887813,3.5051601142722,6.17306444662525,1.32242197211938,4.86345300773859,5.78829583033096,1.61159969173611,5.51311367420006,5.68853494233776,1.74960300169133,6.11923347060599,5.64594727534648,1.8437098143782,6.93683805290118,5.60943032244157,2.05817109013522,7.52134160731472,5.47432486930615,2.04728745523677,7.98767394928126,5.21079632397173,1.7618317036971
1.56861331484432,7.4237478863554,1.18866377205776,1.79460266058347,7.32302546544889,1.20785303404185,1.96384564979668,7.24429886710112,1.22096926757409,2.01289384428313,6.8294209284064,0.973375379974934,1.76353310457451,6.58268703612922,1.23843908392725,1.5865893625707,6.18066049437831,1.17918738339819,1.73374612360114,6.18671183990035,1.21507171492926,4.48458166354213,6.83695099178616,1.57309972415752,4.79613451643706,6.7458011762674,1.5584116298874,5.00617945057926,6.58083138639778,1.50623467845891,4.69272678924877,6.49159755688915,1.24069594859165,4.27527111978491,6.29723567379398,1.4740874814548,4.04079862056501,6.02640410123028,1.42859448289009,4.2586388110514,5.95855659755044,1.48132141580929,0.0460206473014663,6.45160861767634,1.17908127124903,2.32095507752786,6.18575302707921,1.27010536395015,2.91588020032669,6.21301209367948,1.2859368739546,3.49367848241436,6.17077193698394,1.32128852202713,4.86194593046948,5.78948896960987,1.61299692271627,5.51109269762833,5.69004384285841,1.74801029345514,6.11650369078144,5.64566830474005,1.84487279455486,6.93119202392598,5.61128363722163,2.0601296856408,7.51165721706849,5.47818667476817,2.04787234674597,7.98149309948698,5.21427423250024,1.76174519535876
1.56711443311233,7.42344147820653,1.1891749411078,1.79351012374276,7.32332752785079,1.20881786088191,1.96494419778178,7.24478606402237,1.2206969339612,2.01192069533219,6.83491319205713,0.969468464781101,1.75476324946847,6.5942033372571,1.23361319581534,1.58178856998448,6.18804578561542,1.15960945885024,1.72676086057296,6.19295571358266,1.19816045090198,4.48528861493686,6.83825731950151,1.57163228942085,4.79744508752438,6.74701031770085,1.55721048207006,5.00355372285451,6.5777356238293,1.50616951136417,4.68713458021733,6.49232678943661,1.23924714064658,4.26948365168058,6.30330351476954,1.47710865736408,4.0346800022486,6.0271012147384,1.42811323915427,4.25252592418019,5.96139827277206,1.48112101080039,0.0371851520471864,6.45190798783567,1.14232324329818,2.31214094941137,6.18776058497881,1.25902709340269,2.90413560000385,6.21081259301009,1.28458162833788,3.49502941679321,6.16750459841038,1.32055949503243,4.85327424351678,5.79144167678939,1.61236512621767,5.5192157571719,5.69018858069576,1.75120986684043,6.12853774995416,5.64732906946541,1.84889926677499,6.93444670522606,5.61207069696705,2.05886053897649,7.34602864089571,5.50932766019875,2.04176309463612,7.97699129487166,5.21842559610035,1.76472398790206
1.56782279890709,7.42944666370596,1.20086535955272,1.79299122852333,7.32459816623314,1.20941749460737,1.96650591064607,7.24612000806438,1.2215866838769,2.01170747311847,6.84083972412974,0.967006772913046,1.74549275533765,6.59956615886451,1.21805626884804,1.57530904287031,6.19095876483274,1.13489464606732,1.71801299731235,6.20016882542128,1.17707333002557,4.48585981321678,6.83773747942567,1.57158043708159,4.79869168249291,6.74836622655964,1.55748585127193,5.00226399329387,6.57743298224049,1.50533669979729,4.67737193504904,6.49268682146028,1.23972360347115,4.26058359760037,6.3053296748593,1.47605490764626,4.02678016017381,6.0265750267338,1.4242456640322,4.24564195010107,5.96383482220084,1.48082014344601,0.0339851319217925,6.45997197262523,1.10048473990543,2.30366004216577,6.18995054868227,1.26343712097341,2.88938748975985,6.21195940996479,1.28130351273395,3.47715620013633,6.16837915286875,1.3185956440119,4.85149435710498,5.79327736960625,1.61570511340233,5.51825772487424,5.69189100852483,1.75036879016379,6.27816402741938,5.6259225704689,1.90340077048534,6.93560299915996,5.61123288433497,2.05839792905629,7.51226022063075,5.47985519181985,2.04899789314531,7.97353429511852,5.22222341410774,1.76552548055355
1.56667083981302,7.42924962141645,1.2014187112112,1.79163743735697,7.32477659283034,1.20783455940685,1.96888843839939,7.245337220031,1.21675296997666,2.01734549087841,6.84283870855447,0.955417170518641,1.74675340747564,6.60054941514,1.19819017407124,1.57215258204988,6.1846557439793,1.12440783017336,1.7087789599136,6.19757110907642,1.16534273703667,4.48498763802307,6.83753717018812,1.57132622450476,4.79963548966665,6.74787192154886,1.55692292078451,4.99878024887902,6.5758975165025,1.50299786737803,4.66819564464126,6.47831016335662,1.24896457253327,4.24919511148312,6.30774409358288,1.47678277978465,4.01652620732812,6.02381833172185,1.42435611288002,4.23690777167558,5.96436863422941,1.48170572836948,0.0312800591756887,6.46700647249614,1.06821746057883,2.29653012801811,6.19057505280122,1.25191885239957,2.88222929270949,6.20890336948696,1.28088681124977,3.46498522004877,6.16720352115076,1.31589270281628,4.83938203601521,5.79673992603957,1.61112453403335,5.51167136956726,5.6932304401647,1.74717626757514,6.11566014012901,5.64667217797609,1.84712099245747,6.93024121414194,5.61332753476107,2.05900462755034,7.33070650055757,5.51403492422302,2.04422877196305,7.97202570196795,5.2241234190211,1.76466403334991
1.56654388622394,7.42957285816866,1.20296267223182,1.79174468470802,7.32496256150971,1.2060990680708,1.97117093421176,7.24615888470365,1.21675801065299,2.01807596372765,6.83969467256188,0.94500731537075,1.74377990681824,6.60792982368162,1.18619873376995,1.56549223462203,6.19321843198666,1.11353762326297,1.70872629267681,6.20021594246801,1.1519681626363,4.48531283940356,6.8374206313096,1.57033408201588,4.80017674926192,6.74880602510345,1.55532507250253,4.99594610105207,6.57617771907533,1.49958308040888,4.658248653242,6.48068862919383,1.25370679195545,4.23988170975498,6.31195849613018,1.47799185616264,4.00700422736196,6.02511669264375,1.42375378758817,4.23005109094766,5.96090861345195,1.48454051884482,0.0280500723000301,6.4763911379612,1.02858260189745,2.29750647872753,6.18852945298242,1.24061119947213,2.88122521076476,6.20705974469253,1.27624515039238,3.45506706045077,6.16518821205469,1.31565292508191,4.82548217229295,5.80014890512219,1.61159280093163,5.50949247933462,5.69339853576982,1.74756398270793,6.11048268157672,5.64818990505587,1.8473711719578,6.91702587740816,5.61231289160105,2.04793679885882,7.32511082276822,5.51741898114166,2.04218705516917,7.96584648582251,5.22727904182609,1.76431842886422
1.56546899556476,7.43111298375707,1.20373654070493,1.79372384285057,7.32859889964372,1.20285397475985,1.97093716494137,7.24804605582998,1.21344989257539,2.02024805649256,6.84518508155752,0.94322319348428,1.74585791743083,6.61615037663607,1.18665703640322,1.56119702314793,6.19883846451674,1.09926352952795,1.70085320029288,6.20720704315532,1.14070526203777,4.48634977445601,6.83752626555909,1.56914048898825,4.79893970103907,6.74792878447201,1.5543017373005,4.99276996652693,6.57545716056608,1.49767344684593,4.65228413619313,6.48016852250103,1.25240197698585,4.23170407915281,6.31234595253308,1.47636130786157,3.99766323163162,6.026628499673,1.42018792515131,4.22222574789459,5.96251202290201,1.48084036663283,0.0282749191209229,6.48500360869227,1.00060374878067,2.29131046935357,6.18401239771745,1.23318640579196,2.87248230743847,6.20335331374882,1.27283549221765,3.45648766170628,6.16445998530143,1.30730695220262,4.81694432811323,5.80257581033712,1.6113135482792,5.50836417140465,5.69348086382131,1.74559955797592,6.10594048336798,5.64887638164981,1.84666304794314,6.91152498606609,5.61798887075337,2.04611464953997,7.47977244964861,5.49277950768221,2.04144269274657,7.95943064949059,5.23066857883838,1.76429074123242
1.56865320608712,7.4295058787872,1.20511687982418,1.79502054041091,7.3286722409162,1.20390536792765,1.97049113144045,7.2508820130078,1.21334951059671,2.02210873005503,6.8640917415739,0.938415734901439,1.74544701586814,6.62282469144394,1.17556916902207,1.55498721169476,6.20602404633137,1.08170572978628,1.70786173109656,6.21156544322579,1.12565049645815,4.48761378131558,6.8365809269226,1.56811948045282,4.7999063786335,6.74819124218551,1.55443829986754,4.99005296175619,6.57468172095909,1.49383448916918,4.63051301000798,6.48437042686344,1.25453012472739,4.22469758511737,6.31434219448109,1.4748185961767,3.98939639495348,6.02849311587836,1.41901076294818,4.21421227532141,5.96333562136445,1.47847984868381,0.0250622145421127,6.49728745687904,0.960587968665453,2.29097573377261,6.18765281971523,1.22003078650888,2.86590258093897,6.20104097788054,1.27013143545223,3.43672841429101,6.1596146491274,1.310740698286,4.80661896614023,5.80319369428477,1.61131255002188,5.51450982547656,5.69382819080593,1.74719727429681,6.22581552148938,5.6317763100759,1.88570413785403,6.90053526931879,5.61681028164649,2.04518500114878,7.4750112129651,5.49039988750517,2.03250939094004,7.95500104378005,5.23592681195657,1.76672312333564
1.56865830367281,7.43094035410471,1.2063828968409,1.79555643764813,7.32826913959319,1.20408206251682,1.9713260829743,7.25313766633648,1.21351469199541,2.02790277261187,6.87781735808086,0.93909109810908,1.74640082642771,6.62352338783142,1.16081810899732,1.55318121008733,6.21104598766304,1.06801862421845,1.70118061483738,6.20703753280668,1.11331238681436,4.48843311142856,6.83812274274109,1.56827198432127,4.79887389533092,6.7483768989393,1.55514902135708,4.98935475900256,6.57518299995175,1.49425637245022,4.62780745531596,6.48568780670269,1.25723496879403,4.21749048054157,6.3185104624099,1.4743575674803,3.98222776092807,6.0291561923485,1.41895612880574,4.20855802469348,5.96423237344211,1.47991816981283,0.0224468333319701,6.5022756680585,0.919088742553078,2.28944831094531,6.18640932526077,1.21247852538586,2.85761270355939,6.19601044476167,1.27113037742534,3.42967242700578,6.15401828941805,1.31296922335146,4.79975828359025,5.8063726614092,1.6117503194958,5.48874212942039,5.69586143051722,1.74068969357286,6.09924187998317,5.65056871647953,1.84113110270166,6.90099846656868,5.61739714822644,2.04714881157397,7.47190748725793,5.49376577467997,2.03261596674001,7.95135887512519,5.24044843790939,1.76991397251558
1.56979250419366,7.4308973629491,1.20835607924517,1.79708876448326,7.32717848531077,1.20427265415321,1.97330079560669,7.25528829300499,1.21331404209572,2.02689778989065,6.88439404754777,0.937530445220743,1.74094348809462,6.6261298703008,1.14875332712441,1.54455335664945,6.21558854844966,1.04690445387782,1.69447409984523,6.20937489413344,1.10055189534702,4.49053370133587,6.83877595193844,1.5684241627566,4.79950729836343,6.75124935971484,1.55395697152661,4.98671589618974,6.57328997985152,1.4918155153561,4.62137811448629,6.48773767847578,1.26143171609679,4.20997849523324,6.32206080810228,1.4748649588218,3.97523498324455,6.03182123916125,1.41884322629487,4.20203829636504,5.96613152018152,1.47897520097947,0.0211323811238141,6.51029454704317,0.888606028609104,2.28623157376672,6.18173305939319,1.20807691414382,2.84915410267812,6.19521981322656,1.26916225519385,3.42633259732386,6.15189987570405,1.31421561957613,4.79685833953532,5.80707402322981,1.60972497301415,5.49175255227837,5.69493432027979,1.74336753261726,6.11124326967444,5.65120400388946,1.84544212514005,6.89786204986863,5.61727545340251,2.04600374526975,7.47223406631185,5.49556875182614,2.03365898834585,7.94847493992958,5.245419314073,1.77385456066018
1.56977124358243,7.4308393710679,1.20759067139912,1.79840926979203,7.32668121845509,1.20487112500152,1.97561442666342,7.25578130671864,1.21464482434261,2.02745409371119,6.89082646488218,0.936238137293259,1.73541505314823,6.63220401871661,1.13536082904641,1.53839186274269,6.22433543620062,1.02523828808188,1.68700068758382,6.21654539345336,1.0807125184833,4.4914226949878,6.83948483029466,1.56882041194847,4.80055928175005,6.75467921818247,1.55188788814299,4.98548441050423,6.57594626353238,1.49349355571506,4.61614624387931,6.49096375216009,1.26805936856686,4.20693026362352,6.32600876357257,1.47718941133009,3.97601491474431,6.03412926870972,1.42086382525015,4.20147495407915,5.96890827018345,1.47988513664971,0.0229188711259998,6.51975866047639,0.857080160246851,2.27767282508642,6.18376980082525,1.19909179464392,2.83913675152247,6.19699181842134,1.26428444956292,3.41770757056923,6.15185663638024,1.31429879236151,4.79800928840936,5.80982313562693,1.61163594372316,5.49307949656191,5.69291441980401,1.74482317292015,6.11951379386924,5.65409571465104,1.84840839749384,6.89207412951391,5.61852241977563,2.04647154785342,7.46226819517686,5.50104915673215,2.03111994958347,7.94513334756482,5.24925190711784,1.77704256780707
1.56970470871937,7.43020866304849,1.2077032055761,1.79909224693721,7.32693423107188,1.20653390391529,1.97853678900087,7.25578512613914,1.21193845711158,2.02729219132179,6.89641087970821,0.923830755965083,1.73558834430457,6.63983270567145,1.1173875810119,1.5300807424873,6.22068745785412,1.01229960786929,1.68095262848706,6.22338484344515,1.06328817052267,4.49503809536118,6.83748133457432,1.5675002711484,4.80561271899954,6.75471243430712,1.55193904845732,4.98636033634395,6.57280663837047,1.49058164584941,4.61108016659834,6.49084452740258,1.27004725828283,4.19890837822313,6.32701589003042,1.47865353071284,3.96678379939581,6.03469858434429,1.4205211768565,4.19464181327573,5.97097014686884,1.47941791888999,0.0240805274473758,6.52810390589894,0.826859916443476,2.26931978169248,6.18928653610285,1.18915839111835,2.83051101002632,6.19540955764643,1.26051190610717,3.4052386552951,6.14991244755375,1.31627731095904,4.78999988102675,5.81129414595225,1.61059746873154,5.49257462027375,5.69288878884905,1.74711186876704,6.12013573734809,5.65616280477127,1.85206251550873,6.89263455844489,5.62002404683061,2.04747027375131,7.45925384322326,5.50287669673332,2.03169407949758,7.94202056662559,5.25424356667728,1.77833416323032
1.56920832449641,7.42993637375363,1.20832136364877,1.79974488094733,7.3262551214567,1.20811613211771,1.98032844235107,7.25418622491737,1.21088140073854,2.02729466863522,6.90187893291835,0.92265971437609,1.73173288813394,6.64561942647104,1.10239967416886,1.52817975486688,6.22185647159258,0.995586235056568,1.67707783936294,6.22797175199517,1.0511631602975,4.48666609759361,6.84298422357479,1.57641613431916,4.80489049590155,6.75359921871577,1.55651667317322,4.98130347693613,6.57396331469101,1.49202039069353,4.60491317091447,6.49545386480275,1.27011380670379,4.19232462306297,6.32690875543657,1.4788044271651,3.96262265284722,6.03315591914316,1.4236367660008,4.19092251753132,5.97180834508327,1.48165709237842,0.0204802929778311,6.53985299595401,0.794659394223147,2.26668920051984,6.19388964899813,1.18154714189397,2.83005348649725,6.19692159372797,1.25302620259058,3.39891359438429,6.14906764309538,1.31778645448441,4.79280406027532,5.81174662725374,1.61386125837895,5.5070042551053,5.6929693337141,1.74908102882075,6.23828322833799,5.63955558404537,1.88682188357063,6.89102780282336,5.62160012964084,2.04830463564381,7.46155063033433,5.50286670973886,2.03032848415974,7.93920048457393,5.2586975227871,1.78165618739002
1.56967405319098,7.42972319789523,1.20810580180087,1.80063987773148,7.32565104198775,1.20619732179339,1.98149519250965,7.25468742330863,1.20819299512331,2.02451732441537,6.89699594173854,0.907723466017675,1.73336824593651,6.65567536879118,1.09167456785162,1.5286243540674,6.22679691809982,0.983346225540181,1.67685841732479,6.23335145991763,1.0401907940911,4.4872310654822,6.84353311994816,1.57647309828253,4.80295563916182,6.7525417527833,1.55937043202136,4.98165370546757,6.57086490220132,1.48849734769303,4.60504713706398,6.48756379567006,1.26256065959579,4.18607045207022,6.33290322474138,1.47803453970775,3.95255726326292,6.03311361606589,1.42428762701782,4.18746279653416,5.97652118645368,1.4798211784443,0.0230786752713665,6.55806608846861,0.766824901491116,2.25787759534577,6.19032668706784,1.18134566312469,2.81913394342435,6.19500090199387,1.25181380594537,3.39084524413716,6.14945963428503,1.31684253654102,4.79385814531763,5.81369234591107,1.6127963918534,5.50979754833738,5.69828968984705,1.75029251682512,6.24442558851637,5.63953048136575,1.89069540878461,6.87956489599742,5.62313673421955,2.04723097814771,7.44172465490356,5.50704127574577,2.03137751135848,7.93849635550641,5.26262010015886,1.78647565139816
1.56953025121865,7.42943607627895,1.20773318550616,1.80094027759061,7.32455904511152,1.20628385061473,1.98394316994006,7.25300973047355,1.20650583411561,2.02702367132269,6.90239165402666,0.903091392622782,1.7298681999651,6.66589912254897,1.08606914410229,1.5317839537718,6.23554246968255,0.97398678916008,1.67942015762558,6.23221661284473,1.03223862832572,4.48665872128066,6.8450506125422,1.57433747373853,4.80583344674766,6.75454059750511,1.56004487524913,4.97825625565264,6.57153489160571,1.48586191799418,4.59750291050475,6.4878901048538,1.26411870721462,4.18016071971781,6.3328870663899,1.47933815773985,3.94778963555264,6.03387615302478,1.42503117251094,4.17708276830258,5.97739638727433,1.47698827044086,0.0169852373274794,6.56610593406842,0.749391866120524,2.25370908654413,6.19544143739076,1.17441862034462,2.8168645919616,6.1966291841087,1.25045199776677,3.39019324860632,6.14966083875375,1.31546953634807,4.79135441453921,5.81827311225123,1.61887403756177,5.48917522240684,5.70388929275862,1.74937117247986,6.22420019084558,5.64048013114078,1.89119675819958,6.87683979192629,5.62499379305768,2.04699348142344,7.4363441679917,5.50787755788391,2.03378675758392,7.93764924648128,5.26764035060245,1.79423839545155
1.57049684418646,7.43028777998453,1.21055439156418,1.80089376723214,7.3247127612252,1.207374674831,1.98451728828942,7.25413448511246,1.20456339155525,2.03026795156431,6.90622812197988,0.897883523684705,1.72001487984321,6.66734414567541,1.07887018726836,1.5216112015029,6.24366225847593,0.959551573216931,1.66298254249737,6.23824624608426,1.01845871860511,4.48685032752051,6.84471172636913,1.57429583935102,4.80835172070126,6.75504377488481,1.55756312098189,4.97250714102797,6.57866699004854,1.49254963064666,4.59138339399868,6.4867858625476,1.26665135619775,4.17570677349476,6.33299607762467,1.48140218782763,3.94581777411857,6.03315022103019,1.42636167535238,4.17193431342183,5.97817017240908,1.47958964109295,0.0148531953728181,6.57450212221332,0.726003081461341,2.24499507702092,6.19825287995196,1.1690197700127,2.80922833258765,6.19840568601815,1.2472524937009,3.3879191235402,6.15225992413953,1.31456862715849,4.79155034299855,5.82067351392048,1.61912489954457,5.49934503148332,5.70215217993509,1.74990578930372,6.2425493391579,5.64103737349126,1.89362128891528,6.85279910534483,5.62767687778811,2.04892926286622,7.44167327488008,5.50820419054924,2.03256867143035,7.93864872957709,5.26834535910724,1.79522678085699
1.57001949570884,7.4299941633914,1.20870205478934,1.80128778277233,7.32427468120366,1.2076214545783,1.9860919559341,7.25285779683299,1.20450013033136,2.03175367094369,6.9119479714891,0.902337200606997,1.71681181274289,6.67637172955375,1.0747308735753,1.51733560133821,6.2560623865933,0.950244262563623,1.65508884270847,6.24818079477251,1.01152422995064,4.48743635382093,6.84625455018677,1.57250352441346,4.808720269181,6.75548767384593,1.55863616285382,4.96865042102193,6.57740012617014,1.48842719030282,4.5843975936693,6.48906566288865,1.26918842280198,4.16774965862511,6.33432411333227,1.48061281789911,3.94173059172451,6.0356488350872,1.42543845626223,4.1659180329881,5.98239400982442,1.47799101033903,0.0142155846824256,6.58231135044265,0.705104501384926,2.23577568534283,6.20064446333741,1.16584625341576,2.80102557516878,6.19905433321418,1.24616768040812,3.38102880672804,6.15442484337503,1.31198612044154,4.78940988338017,5.82066342434962,1.6184296246085,5.49944871624342,5.70675578791864,1.74535161869836,6.24634643668694,5.64109244904427,1.89311845176935,6.87760126859949,5.62624242670666,2.04971336877524,7.44475247092226,5.51042157916611,2.03334511837213,7.93969326387575,5.27371984823029,1.80591837338962
1.56738165754934,7.43108521070189,1.20748417671928,1.80132162161746,7.32486313221915,1.20917946695305,1.98571589037358,7.25285479771043,1.2084697869208,2.03571727851336,6.91856479361926,0.911195709399447,1.72153411965164,6.68054930221988,1.07287374879367,1.52137188071653,6.26577350629521,0.946763744402724,1.65880010411164,6.25596943093634,1.00780057762903,4.48698240793347,6.84804630487637,1.5720006263283,4.80795356120104,6.75703590349236,1.55919229653405,4.96235493599301,6.57838381233865,1.48632799126822,4.5792113596922,6.49308235704826,1.27004126383,4.16500053551353,6.33984618392368,1.48041934764287,3.9341291849785,6.03751049147653,1.42568593950659,4.16071356120632,5.98276865402648,1.47870497799917,0.0149610721125785,6.59739073701519,0.684858818906388,2.23116605387921,6.20490427529394,1.16332135758729,2.7999657173179,6.19978777241773,1.24710410643263,3.37906778439382,6.15143814717875,1.31178035434395,4.79119421283163,5.82156674558353,1.61823070072879,5.48616963189881,5.7093694422458,1.74639258396469,6.24171037924824,5.64206726054006,1.89265640254097,6.85332048625625,5.62944692518263,2.04905359228462,7.44089737211071,5.51259434103023,2.03592824147134,7.94204095358427,5.28083881494592,1.81919025481904
1.5673945762422,7.43061980070013,1.20897002861842,1.80049001129948,7.32507245880523,1.21227249302212,1.98670223963044,7.2509542474883,1.20986543670495,2.0338695645796,6.92006506485702,0.905424603050088,1.71938488602757,6.68659024806001,1.06648524008768,1.51306292493174,6.27525977017569,0.937528561847142,1.66133104773962,6.25825001807404,0.99572190398323,4.4917069929623,6.8477515882839,1.57030178571663,4.81085765344025,6.75834192543865,1.55919200199215,4.95908681138726,6.57677067577194,1.48372199445339,4.57273479550643,6.49076286934234,1.27243782250596,4.15327667201479,6.34090402153757,1.48387720660741,3.92638740578909,6.03582413724986,1.42190385190034,4.15293781168119,5.98531361680388,1.47702424677037,0.0112513487348069,6.60632580281715,0.670645591682301,2.22851817636434,6.20758618630505,1.16098224138989,2.79415594028689,6.20009290306025,1.24486656014616,3.37127741709764,6.15155027111695,1.31172857321566,4.76740828637447,5.82450966872594,1.61804124605492,5.48582078939355,5.70984071643735,1.74891548962228,6.22986688222006,5.64236026574562,1.89032352069871,6.8549690004839,5.63062343704664,2.04876626202296,7.4359788472698,5.51417438278922,2.03975449882417,7.9427684169797,5.28680186846294,1.83306056589633
1.56734850440113,7.43046108645345,1.2067800190097,1.80158540339992,7.32553439846381,1.21264404969763,1.98809787512361,7.25216159383975,1.21137665420277,2.03566384173921,6.92512718507212,0.907527365371789,1.72325534095677,6.69310600445509,1.06217348014246,1.50903469953659,6.27496908500549,0.938244444773475,1.66036837900619,6.26524263141374,0.989990846154378,4.49273633040651,6.84747987724959,1.57002727926107,4.81141689322223,6.75721792142963,1.56091335593087,4.95574030682844,6.57620629095224,1.48286290243763,4.57004171708165,6.49145771518434,1.27411010321406,4.15355328989526,6.34294143637634,1.48457000311504,3.92099431573864,6.03696405190871,1.42147327976162,4.14745256038943,5.98730263913147,1.47715187218905,0.0108092268380501,6.61511150957064,0.654584748407146,2.22749398559082,6.21371036917632,1.15675298045143,2.78876518347623,6.20309748190968,1.24456724175904,3.3629338497391,6.15034738363733,1.3118493455501,4.76922764191037,5.8248490977514,1.62105626390253,5.5072631028873,5.70943329764235,1.75214941061383,6.23192721471267,5.64368757119855,1.88891285290148,6.87528463985652,5.62652824612377,2.04731674625854,7.43864923088612,5.51936522049623,2.04254749408657,7.94539044789332,5.28703846734718,1.83876365614434
1.568900968705,7.43010062360319,1.20661537708503,1.80306406914396,7.32428822111586,1.21410579440627,1.99030438461414,7.24860887805798,1.21271573043157,2.03335872032146,6.92387102965423,0.904062585425353,1.71966238370339,6.69739031122524,1.05738931486347,1.50221873493784,6.27780481438806,0.924804017589966,1.65308205520873,6.26848980214573,0.982314071640044,4.49502812741511,6.84810534306079,1.56764863139473,4.81260421853789,6.75613474169741,1.56083994519382,4.94958953484689,6.57576483308965,1.4811284101164,4.56042807101826,6.4841046655344,1.28124461220361,4.14162970960899,6.3449909650375,1.48516859803063,3.91396304987105,6.03872274093503,1.42255993578959,4.1439027216406,5.9877862803805,1.47969782826965,0.0146244781142688,6.63240741049949,0.63636537231537,2.21518769117432,6.21908458211348,1.14825665183793,2.77949333625596,6.20434633641316,1.24315597757121,3.35542834261829,6.15002409587596,1.31333499338009,4.74225748683254,5.83346376057019,1.61597128170946,5.47370021997526,5.70946704104657,1.74870678636437,6.12275886959753,5.66072395105451,1.85615574170574,6.87608531724942,5.62654480423839,2.0466310198732,7.45075276914653,5.52403884627676,2.04614506690397,7.94766372330449,5.29261660215678,1.85115599911834
1.56934632176614,7.42994493553144,1.20776476832374,1.80507496218675,7.32328709139421,1.21517994709539,1.99302108495222,7.24657814716057,1.21374942361473,2.0338540706692,6.92415262393575,0.903550488052439,1.71988755366691,6.70336968712691,1.05527666051931,1.50265817957185,6.28858844321894,0.918162306110683,1.654600077464,6.27881585647224,0.975917589358978,4.49724740688951,6.84870401180338,1.5673958989277,4.81370925478195,6.75388886297104,1.56256748788058,4.9459779597972,6.57454202225042,1.48094395992018,4.5563501067502,6.48552632690918,1.28287232360789,4.14332891632357,6.3436025497396,1.48723666175074,3.91222967989875,6.0383131002237,1.42513990517425,4.13988072518277,5.98843467160767,1.4816638202102,0.016658425773846,6.64576656835223,0.624789305895994,2.2176555640642,6.21957019231191,1.14882790797732,2.77877643196602,6.20464183218161,1.24446503508663,3.35706856603259,6.1452791872602,1.31874767049909,4.7604062210827,5.82813525008209,1.6203653911291,5.50696265484116,5.71083648006974,1.74887609621301,6.23649172515933,5.642727450078,1.88977326178036,6.8783236720165,5.6235475294602,2.04901087720472,7.44058758199736,5.52185187713359,2.04915706201051,7.95062253794605,5.29824359923782,1.86408711486579
1.57057359010065,7.43102534144103,1.20730918407305,1.80497865207791,7.32294662799112,1.21522041464469,1.99321674557642,7.24537279293205,1.21372851946028,2.03092466650043,6.92385512566222,0.90575437411288,1.71703665387078,6.70792873505113,1.05114947483702,1.49264159520178,6.29741581688737,0.912765975831831,1.64056325715939,6.28180964855781,0.973493161265627,4.49848747296393,6.84760769966467,1.56611014587854,4.81407869414115,6.75392569034455,1.56429558345758,4.9425944311456,6.57263190206383,1.4816751109216,4.55088252091254,6.48390438687573,1.28523517470313,4.13867274614808,6.34344777795696,1.48689879422573,3.90624005878797,6.03920017590112,1.42603256166199,4.13497252212805,5.99046792683523,1.4811482899875,0.0135202943724503,6.65557863331509,0.616657977858565,2.20473607500971,6.21864069711327,1.1483487618332,2.77190290194461,6.20701403224046,1.2429886470723,3.33906486549021,6.15570807337941,1.32034111846641,4.75623669490641,5.83033848248336,1.6203767163982,5.47570378999876,5.71105682955746,1.74865455562791,6.12520792222182,5.66099368695838,1.85808274541175,6.88634601507303,5.62334458356972,2.0493433610849,7.44584991823793,5.51959117079069,2.05005332040441,7.95345421114659,5.30726742644422,1.87631816114962
1.57166323080738,7.42990936418716,1.2069310817012,1.80554543051753,7.32242283734211,1.21584191699188,1.99357054267112,7.24471147155288,1.21528780464374,2.03225417227569,6.93014999464947,0.90399999302626,1.71376346308657,6.71285731030281,1.04982116545619,1.49040118360272,6.30324747988038,0.912567625939558,1.63654133688662,6.28525706410251,0.973192606991893,4.49704975862964,6.84803661781373,1.56569820904041,4.81098916844943,6.75273417510712,1.56373758930876,4.93803890919015,6.57191184041891,1.47798083142054,4.54742312163754,6.48490776804845,1.28201941198606,4.13343523506152,6.34302772096379,1.48953729841903,3.90324279630702,6.04141720075588,1.4251784610154,4.13267448495127,5.99350059200116,1.48044628129929,0.00957483777279029,6.66440614095958,0.60944082419626,2.19628999069417,6.22453071918591,1.13899606738881,2.76252257538901,6.20813204169352,1.2417862010887,3.33812218934842,6.15229550675187,1.32275671996815,4.73641112187304,5.83574273654353,1.61652187646338,5.45668151213263,5.71359294813877,1.7478459037922,6.11401401085951,5.65808812587601,1.85867201813958,6.87285477954346,5.62325542036676,2.04779789510719,7.45580169531086,5.52271989863322,2.05292738749811,7.95563204585776,5.31492462810344,1.8852715664737
1.57236186546067,7.42996817190693,1.20735607981834,1.8073900840069,7.32320929492204,1.2144135614727,1.99502037541321,7.2405113765663,1.21809626704603,2.03122997256963,6.93280252358473,0.906202279675389,1.71180969768709,6.71603792079742,1.05220226125258,1.48264762993104,6.30697066138167,0.913059059213503,1.63014962792052,6.28527727636494,0.974175170292465,4.49914671058997,6.84916190909316,1.56523962284837,4.81041151559882,6.7526140304912,1.5625602397544,4.93310051850911,6.57148823401682,1.47347421787752,4.5432792468078,6.48480702904902,1.28161472650567,4.12477050053915,6.34564770127972,1.48755187268717,3.893608864929,6.04266554832291,1.42134340925904,4.12501506229811,5.99640291477676,1.47774187310556,0.00187678083090064,6.6702002723128,0.603430132206754,2.18771134148966,6.23190103129151,1.1323645739103,2.75567143208357,6.21457460508775,1.23929988906286,3.32531723471067,6.15843027863768,1.31628007883014,4.73155897502571,5.83716230842863,1.61352907057218,5.45039403656278,5.71471698143757,1.74559983152369,6.10801572322512,5.65859873615618,1.85783220926034,6.86983848047598,5.62496860244304,2.0472176125819,7.45114795104833,5.52348889406077,2.0548422173601,7.95745046323004,5.3254989770095,1.89704858709977
1.57219460589289,7.42899937345047,1.20735373102629,1.80737391356589,7.32258858439009,1.21281339024088,1.99554532729559,7.24054751022085,1.2175436863961,2.0275522736927,6.9274425806514,0.891100112728733,1.7014054644379,6.71727492383804,1.0434070822025,1.47032784354548,6.31696384931913,0.906390697757642,1.61607416004816,6.29017348364644,0.970751023592475,4.50118962476039,6.84958236528509,1.56506725739888,4.8111326441572,6.75286379939839,1.56244867208312,4.92785890181026,6.56847141783033,1.46890743974963,4.54076312431556,6.48468216400348,1.28379751909791,4.12022589016939,6.34702785906003,1.48775751105411,3.88836866703113,6.04327404191965,1.42174855477547,4.11536848048014,5.99834017575124,1.47546237640072,-0.00304810438645527,6.68210914312632,0.597553619884693,2.17197781263334,6.23026113282556,1.12862654025481,2.74462112045009,6.21409708569426,1.23882952982747,3.32500074730896,6.16520883371324,1.32400175384006,4.70538222505275,5.8407989478398,1.61003946656213,5.44913840923812,5.71593156121332,1.7443693327793,6.09674103009847,5.65781424077439,1.85336322756785,6.87333918617382,5.62394369561354,2.04526319307124,7.45122653857339,5.52769801305879,2.05850503749148,7.95939975348766,5.33749827736241,1.90974670583456
1.5722996671009,7.43015232854338,1.20897420577294,1.80692274630841,7.32205647696698,1.21297633387816,1.9950573655608,7.23977082848558,1.21775054132523,2.02590908905583,6.93292756018575,0.890383063629234,1.69546888546596,6.72309201711,1.04260159505963,1.46303300058483,6.32587688302804,0.906210329091358,1.61037153976428,6.2972574159859,0.972405383573088,4.50279006263802,6.85116590560045,1.5651055231409,4.81122187705688,6.75421752383166,1.56286771127875,4.922620342294,6.56759668667809,1.46785215355474,4.53433018180286,6.48746254236756,1.28174509686425,4.11358412988214,6.35215571882375,1.48325508296278,3.88218323468213,6.04745070494925,1.42060693582723,4.10935407514441,6.0004008614776,1.47502776485573,-0.00887621088362662,6.68892108468444,0.597161853400452,2.16426309040448,6.23381765523659,1.12736574778781,2.73469232256367,6.21388183284836,1.23923380247375,3.31611180107314,6.16505738941591,1.32088720050883,4.7181338536852,5.84010197478063,1.60951853586585,5.4541024711859,5.71297057935895,1.74511507011485,6.12510458183049,5.65202365654385,1.86091151482602,6.87640809581105,5.62063702455862,2.04662294974524,7.44503079810548,5.52838433103509,2.06364404147317,7.96309606645644,5.3433697887487,1.91414124989882
1.57187917263534,7.43191989419517,1.21302151382464,1.80600151139806,7.32076451212792,1.21442511291483,1.99445227993935,7.23948544660253,1.21983388598233,2.02366975318733,6.92685318863787,0.898154163320566,1.6911207305058,6.72809142694669,1.0388967649338,1.45528586868916,6.3311809316867,0.908014627945925,1.59848803820044,6.30698378527553,0.976910286320243,4.50357373254773,6.8521365795737,1.56406260513027,4.81296420247941,6.75345675052628,1.56291046444402,4.92076002383986,6.56314579473664,1.4630414227447,4.52850869262075,6.48768669621661,1.27977727985155,4.10414094787663,6.35414618590263,1.48337090796137,3.8712172457596,6.048196879741,1.42176162338066,4.1001860118812,6.00288268467311,1.47283655733009,-0.0161319818239918,6.69841836742822,0.602410623065757,2.15701298059283,6.23466018026425,1.12846374253419,2.73053779191747,6.21394244591232,1.24221449416263,3.31306376377979,6.16104713678254,1.31630090527019,4.70354442004236,5.83899693220991,1.6067422248985,5.4723982523495,5.71619305466088,1.74224399306389,6.13972613359568,5.64932036123546,1.86235234971134,6.8788456733088,5.62106802102685,2.04711518787171,7.4564176776698,5.53120602803758,2.06316826418282,7.96463604951049,5.35430543687333,1.92178998127757
1.57230210007916,7.4337616480783,1.21744005805406,1.80674362835974,7.32122671470464,1.2155317011194,1.99565312267672,7.23830032279486,1.22149831638933,2.02259534281815,6.9284587776229,0.899062287310081,1.68849811366392,6.73237161428676,1.04047441143651,1.4490528386702,6.33967933548986,0.910297946508954,1.5935656046537,6.31488751381213,0.979411160588368,4.50071220959179,6.85231172526792,1.56387879643434,4.80994738855636,6.75490580483035,1.56004316205893,4.91675302873473,6.56443855739329,1.46134447305658,4.52398165110553,6.48524332894642,1.27957543047091,4.10158194627448,6.35065844036949,1.48257857147962,3.86878193580243,6.04944657668351,1.42299503392024,4.09642113193223,6.0038543128512,1.47318346187432,-0.0239442397827864,6.70996375638648,0.612829295080183,2.15249256285452,6.24110157929102,1.12796264188074,2.72941377286828,6.21519208053501,1.24340960056644,3.31282343590813,6.1637117776821,1.32311933995986,4.70143481523282,5.84043187904671,1.60546585541818,5.44692354864042,5.71565093871063,1.74367511008103,6.12847553654931,5.65066964728314,1.86141490717653,6.8696499766892,5.62211646527038,2.04728528975303,7.45840063028283,5.53069397946048,2.06438612751631,7.96494662915318,5.36326339417201,1.93422817036939
1.57414239433521,7.4341184053161,1.22036302806614,1.80828226981373,7.32185981463372,1.21689083775062,1.99451492612376,7.23996845630261,1.22325518958976,2.01994785603865,6.92826650008942,0.903575996998423,1.68568856228394,6.73601744111842,1.04242045070117,1.43624189563027,6.33650329004282,0.914623498160245,1.59096115587626,6.32161477261265,0.981733608531503,4.4985930902884,6.85212717881494,1.56359575072705,4.80901926301128,6.75358487677569,1.55913010166705,4.91877127652419,6.56027830490785,1.46123087056516,4.51930712189508,6.48751800249512,1.28294228018791,4.09401150017068,6.35112036274529,1.48375844753693,3.86460308559876,6.05004161801137,1.42302277053327,4.09875589045625,5.99843374824937,1.48400193138681,-0.029741815770015,6.71592439230623,0.621728587238661,2.15147327348186,6.24313359944863,1.13181202214765,2.72662776341028,6.21643886254239,1.24418250244694,3.31020470038082,6.1583348205902,1.31920153712751,4.68947883659112,5.84296689579854,1.60125293267915,5.43387961248241,5.7156809068924,1.73902395919759,6.09173271579218,5.65467515847115,1.85448887184266,6.85553231593241,5.6247577543167,2.04755296430243,7.45383368494631,5.53280407855902,2.06840865462215,7.9655006053228,5.37331661914313,1.94225303541625
1.57695128654298,7.43412933791595,1.22062856139491,1.81086416214964,7.32076506880667,1.21576989944878,1.99323781336484,7.23999272774522,1.22463975014688,2.01274201467233,6.93092916353409,0.906687987105039,1.67911797520514,6.73876354515565,1.04622003284488,1.42828028609933,6.34119679863347,0.91771219773953,1.58402708611684,6.32822716734855,0.988179638237881,4.49850348785109,6.85105744822675,1.5647224318978,4.80991032026836,6.75198569319307,1.55636495758436,4.91689389340054,6.55930234046859,1.45516743690691,4.50758055867892,6.48772521392774,1.29511307246133,4.08845744522446,6.35387571768089,1.48353348521645,3.86015758817615,6.05309880405315,1.42483046007593,4.09199992769162,6.00174609043569,1.48157677897189,-0.0365364728532501,6.72237717042686,0.636090254271988,2.14914550125236,6.2524479941643,1.14060908544177,2.72080705989946,6.21865587238395,1.24394042396775,3.30634609584361,6.15994164075264,1.31866533021368,4.69038765204794,5.84168658573586,1.59965186160349,5.43752679538348,5.71420605370477,1.74285487260629,6.11885271087561,5.64734995062509,1.85916868682536,6.836929471745,5.62668451133759,2.04021618851191,7.45311344157447,5.53571488050333,2.07190034711526,7.96669229367644,5.38537600823356,1.9508144186555
1.57862612100682,7.4331231647588,1.22142846632153,1.81152916008694,7.32017146381052,1.21531253938923,1.99279816849941,7.23955074267226,1.22264395724434,2.00559184847027,6.9267873044764,0.903245153241836,1.67331889083239,6.74275309175246,1.04989812662396,1.42391961562702,6.34704540564468,0.922197480241059,1.57770103191185,6.33249459241608,0.993800996855207,4.49606519439274,6.84998078002617,1.56451596567501,4.80913236046301,6.7521775890288,1.554749166965,4.91314480241166,6.55843266643462,1.4543168694799,4.500085931555,6.48657723851588,1.29180843886427,4.08021109715867,6.35612238213199,1.48385706016543,3.8499907480536,6.05351780544638,1.42216148327708,4.08345762101691,6.00243708451141,1.48038674981317,-0.0436149948512364,6.72540969137295,0.647497946237788,2.14193402148569,6.25503928857237,1.14212128313686,2.71100015475094,6.21629442952444,1.24794627667436,3.29890816401967,6.15981366316489,1.31971371318364,4.6778077274374,5.84264159847264,1.59606814305927,5.43777113131361,5.71409897590958,1.73786725158522,6.12356875136028,5.64528473366421,1.85854846883666,6.85344789631611,5.61936423548516,2.04573791065871,7.45605502982675,5.5340676348991,2.07385772709037,7.96653348551741,5.39504403845411,1.95763130876769
1.57948396641284,7.43333320012272,1.22024629597977,1.81251136188829,7.3213969629005,1.21495522534519,1.99176754844877,7.23989355765671,1.22123164274847,1.99848587081852,6.92488046482771,0.900673154932383,1.66241915733307,6.7462274548701,1.05525151512271,1.40770911657157,6.3522287733636,0.928923254788657,1.56657346479729,6.33596664152149,1.00232416319305,4.50076500550779,6.84616927187147,1.56069845383444,4.8071727150391,6.75337302461023,1.55309941616052,4.9103389256068,6.55935314543033,1.45406377519964,4.49347237143802,6.48527089595996,1.29126162172174,4.07317090215992,6.3555537839422,1.48275539310815,3.84428864312054,6.05262444986348,1.42066500974369,4.07707297095957,6.0015055169486,1.47793700918226,-0.0545897231948346,6.72991185971382,0.662469888258888,2.12677701421556,6.25750504057835,1.14244319470964,2.7020219085356,6.21641539683117,1.25077429838765,3.29765097622786,6.1543707311184,1.31610709342616,4.67606328186003,5.840974119634,1.59372703498032,5.435319408983,5.71309858649151,1.73846768192665,6.11619056096017,5.64399564774639,1.85608148197259,6.84783158132223,5.62211071715823,2.04250686800133,7.45896219939745,5.53462483890165,2.07740577485261,7.96680958715905,5.40534957830133,1.96218643882163
1.58003731834478,7.43309837754685,1.22127897298845,1.81266092643521,7.3233661089679,1.21536735385666,1.99068270010965,7.24145967130555,1.22357027352388,1.99383799709462,6.92362898184479,0.901653965024304,1.66278697759656,6.74515177570681,1.05373321836033,1.40171476641657,6.3582587450213,0.937765106136714,1.56215958366789,6.34012232832211,1.00747774218198,4.48909425840292,6.8279602010754,1.57311567239147,4.8000098262781,6.76120879448345,1.56137609668535,4.90636289712513,6.56034633643686,1.4529615463867,4.48888875895645,6.48627823213068,1.29082903424014,4.07089562847344,6.35793809846891,1.48244145777503,3.8419347145915,6.05347668260544,1.41856050683945,4.07427578575043,6.00387720060814,1.47654645524405,-0.0636359760752594,6.73227376553144,0.677681327592918,2.1231250604739,6.25885271020323,1.14751034195534,2.69417963968015,6.21680803657829,1.25394890650453,3.29076513656111,6.15328308520246,1.31965269888336,4.67447486476632,5.84256361112445,1.59410783083747,5.43459221065197,5.71228462934569,1.73974960636115,6.12892205971599,5.64027384471925,1.85784193416029,6.84957562750742,5.62156233667654,2.04401642932769,7.45552621981068,5.53899734544808,2.08048184618904,7.96722854838221,5.41654995109202,1.96583939344519
1.57955206516245,7.43338384205349,1.22103400900809,1.81250280601195,7.32469223750496,1.2166052577985,1.98855165617957,7.24285914432975,1.22433097984708,1.98342461348559,6.9250571835438,0.903698706243059,1.65402459356929,6.74883959188488,1.05629702118078,1.39419925053786,6.36256365204123,0.942991721585324,1.55494373298882,6.34351316644734,1.00990254678144,4.48897977567432,6.82712193940869,1.57229043252182,4.80515517517212,6.75434518387003,1.55080568682161,4.90261508191207,6.55947694275186,1.45151293436994,4.4844429154383,6.48627671569039,1.28717257970432,4.06520960374153,6.3589313395268,1.478059512343,3.83587094935418,6.0546832604309,1.41807115219791,4.06760970188994,6.00640115890346,1.47365212012581,-0.0688083946873672,6.73486675741954,0.69481846864344,2.11868553900684,6.26455183046923,1.14834132377901,2.68853797301567,6.22079753765385,1.25464031115724,3.27486217611162,6.15568413639743,1.32405992390095,4.66931708716094,5.84217590351027,1.59046742686461,5.41771708044419,5.71482421217118,1.72943673807579,6.13980950916672,5.63978735000087,1.85428072295516,6.85284114742945,5.62059148738755,2.0455716596166,7.46153776568943,5.54060082321585,2.08254076079394,7.96779280619645,5.42756842013378,1.96839109399766
1.58014357226419,7.43211201132347,1.22020443748621,1.8127303340441,7.32503085771379,1.21692665430157,1.98794494531475,7.24313211530353,1.22184145448939,1.97883851859849,6.92398874555832,0.89952579577584,1.64614261105183,6.74997603191576,1.05935648524837,1.38631299185107,6.36638542518283,0.946268510356685,1.5452192383562,6.34551192188959,1.0119893806496,4.48820424852497,6.82953637817985,1.57239770670668,4.79748025647772,6.76159634869594,1.55926121461202,4.90008260262352,6.56079269946076,1.45038470514187,4.48117978168282,6.48926410614623,1.28556638522614,4.06145465763454,6.35887104619932,1.47798579027579,3.82944968406584,6.05083448220403,1.42317278107248,4.06124781764203,6.00638203352806,1.47485066349349,-0.0745307562843296,6.73914680490062,0.709224639470373,2.11531852724361,6.26855885404745,1.1484381461881,2.68737030833342,6.22161642438811,1.25564494185265,3.27604300537728,6.14912639759164,1.3301058871859,4.66116087965282,5.84402016724435,1.58958525746626,5.40539658509757,5.71639328215225,1.72956927841496,6.11863939677964,5.63921757747312,1.85619257162081,6.84208578256461,5.62018278710176,2.04656579295461,7.45725917570676,5.54089096899055,2.08346235679513,7.96743649253633,5.43908150764964,1.9696918072973
1.57915884376816,7.4324390285859,1.21900465841429,1.8121281771609,7.32691486623461,1.21787611919453,1.98495348176335,7.24566188080025,1.22022316395945,1.97141041776507,6.92570059107383,0.898273460031269,1.63901776503123,6.75299831567297,1.06180486280533,1.38199518841249,6.36637254412624,0.939079702649911,1.5306568891579,6.35092121487808,1.00331950719008,4.48693172813708,6.82903648455911,1.57243680986291,4.79629384379157,6.76130312014083,1.56088455696919,4.8970267625245,6.56257631999688,1.44999379466427,4.47628043691736,6.49253467378278,1.28546192619099,4.05728638575413,6.36045414620777,1.47735834180409,3.82327116794019,6.05476034136469,1.42020019941187,4.05760716091021,6.01114964787576,1.47157939969812,-0.0835891771808142,6.74313032317168,0.727008483762078,2.11155768308973,6.27323186054449,1.15041598993662,2.67952954521658,6.22666681657624,1.2491575368847,3.26811586766219,6.15310349604373,1.3294160606328,4.64487019484313,5.84587583114728,1.58721191763257,5.39775513196411,5.71670174652643,1.72710471694315,6.09178797719411,5.6458850227733,1.84751028532531,6.84597774522913,5.62102333128483,2.04665645767008,7.4607941943044,5.54362137202709,2.0819247537591,7.96639357291245,5.45077816053715,1.9700136716611
1.57799056495121,7.43214969429738,1.21792814915363,1.81264814510568,7.32496359311278,1.22015884859389,1.98241654734328,7.24711873515592,1.22096884976477,1.96368210603263,6.92672788094061,0.899074093312788,1.63191489339559,6.75446747014666,1.06310993234203,1.37689754408942,6.37023956703338,0.944269254580272,1.52289902995017,6.35374611247949,1.00770561735114,4.48665378558605,6.82864280576664,1.5705177873948,4.7957292487965,6.76063201167069,1.55856558725318,4.89535026908625,6.56201440625555,1.44704341002686,4.47303454483687,6.49358018836298,1.28608373083059,4.05257136213012,6.36194536913819,1.47586345439974,3.81660350003214,6.05692042850581,1.41687260505971,4.05112805354512,6.01283289507045,1.46975228868665,-0.0923537830161228,6.7391979448644,0.742089725211564,2.10170610518644,6.27424056100241,1.15355406501843,2.66591763576934,6.22562602410491,1.25158633081183,3.25847808132509,6.1533699862534,1.32931775430858,4.62418416352492,5.85057459565892,1.58041064904032,5.40529492671343,5.71661590367427,1.72866523304962,6.11533423937135,5.63929773575803,1.85396691807067,6.83635351655261,5.62014538444903,2.04582928674966,7.45682871540419,5.54354341567568,2.08414442374438,7.9643057906465,5.46142006641179,1.96933283233456
1.57947545806688,7.43103166300595,1.2184790037484,1.81358287744711,7.32454992244062,1.22011901171199,1.98268983012755,7.24662434444518,1.21909787782801,1.95619076330036,6.92559088389701,0.897841009972514,1.63025227205657,6.75678293731178,1.06548592817206,1.37529923211175,6.37412697054042,0.949796004893373,1.52172564218921,6.3562610914613,1.0118306735848,4.48766246052776,6.82963687095453,1.56697157399095,4.79888583857986,6.75626097008934,1.55333691589438,4.89403482026155,6.56548516957805,1.44899397913388,4.47220766061014,6.49434097628638,1.28145450094844,4.04301794089259,6.36690766311363,1.47255796415773,3.81263954589525,6.05887088736608,1.41435961405409,4.0445256754518,6.01401148819866,1.46799607218557,-0.102182638872518,6.73746599821033,0.760163152963972,2.09286363384056,6.27456956354785,1.15350940587709,2.66062763230407,6.22399653036591,1.25482587486161,3.2563417265496,6.1553496678233,1.32967027782711,4.64288982488429,5.84745012291415,1.58545806241805,5.375628911644,5.71420983707717,1.73014280086734,6.10977823578896,5.63965003668202,1.85568480241661,6.83690548309971,5.61921376311641,2.05002237459257,7.4572672983514,5.5444276149999,2.07985028553343,7.9628932885543,5.47024102998932,1.96638656028296
1.57936061245021,7.43162375831006,1.21759726565968,1.81281183679865,7.3265630888793,1.21813421320702,1.98094130186435,7.24852439194834,1.21682351583825,1.94899258731839,6.92642554005392,0.894466156510192,1.62708910795284,6.75750102257008,1.06648532600846,1.37345619165216,6.37623826742984,0.953173250921171,1.51854544562481,6.35847538474753,1.01568201382945,4.48738289993992,6.83082873624746,1.56593759265345,4.79942304333192,6.75362858189166,1.55058185795091,4.88266212649248,6.56003600240833,1.45004010134814,4.46461938066678,6.49342410523989,1.27918424176177,4.03809284485099,6.36845004244848,1.46869030096009,3.80812096547858,6.06001510014983,1.41342704628099,4.04019978334763,6.01635734940628,1.4658410446368,-0.112522474710779,6.73093218839894,0.773997705131454,2.08649530242129,6.27452857235029,1.15551111297477,2.65657132509676,6.22481652806615,1.2555467905418,3.24727509763152,6.155709871257,1.32903889959583,4.64028947907067,5.84913797127508,1.58263037873061,5.36093683814286,5.71369615737147,1.73092782218883,6.08186910739466,5.64046885912739,1.85496776685624,6.81338697904322,5.6191060037474,2.05136218561401,7.44732065939442,5.54476737799367,2.08047330341615,7.95976467120421,5.48026079501781,1.96175256948794
1.58043920478546,7.43162413713557,1.21590264460764,1.81397443815917,7.32657675003265,1.21811575648928,1.98062431391777,7.24732048569599,1.21741203284725,1.93886036242491,6.92717927707826,0.89529555279643,1.6203655971934,6.7587168122785,1.06674485912501,1.36948669583721,6.3777622577963,0.95384860556862,1.5135108918365,6.35961519335594,1.01646610962353,4.48686459139035,6.82937436317425,1.56604045111962,4.80056868185735,6.75077216109417,1.55584322115402,4.87850869403947,6.56038614649738,1.45331319572032,4.4634444316512,6.49568400533848,1.27829916069762,4.03754966295178,6.37008915080996,1.46505459629277,3.80925434969821,6.06226412753634,1.41143117089512,4.0411543492373,6.01830500661888,1.46433765600121,-0.120341886095896,6.72968061135183,0.780456275878282,2.08229058599096,6.27305354451148,1.15819804727086,2.65339175359875,6.22135661073177,1.25885441984547,3.24559445656954,6.15624035751225,1.32880378824369,4.64474661833103,5.84857251448966,1.58313461389612,5.3595630700277,5.71437025996724,1.73254904583439,6.07872915182419,5.64090889126212,1.85003830664712,6.80352465356459,5.61762649986504,2.05153814161157,7.44424271339563,5.54312962460051,2.0797903785329,7.95744150796687,5.48709473988462,1.95966929371333
1.57875026310427,7.43138046706852,1.21501070660959,1.81369193208456,7.32687905697433,1.21799705335109,1.97874382967698,7.24675040782116,1.21830253577789,1.93397254929647,6.92782176514971,0.894850148287823,1.61633511436051,6.76560820888559,1.07512559137868,1.36378235693146,6.37781462216741,0.952682533374025,1.50587591190373,6.35913647910144,1.01535319096489,4.48584478254082,6.82983756063141,1.56315130186548,4.79680147224415,6.75086489464844,1.55618144708623,4.87674876825018,6.55997285755036,1.45272124360394,4.45762690193468,6.49642605845218,1.27783834672191,4.03291075782814,6.36924165667412,1.46687508534944,3.80590726938749,6.06357038757114,1.41426774957706,4.03690594496572,6.01898065193687,1.46529005724524,-0.128323765944445,6.72755122849895,0.781453481639555,2.07840911921554,6.27336998536146,1.15788402963356,2.6526937557973,6.22675374739538,1.25504231848929,3.24263394296076,6.15859163469874,1.32947358284803,4.64339413553819,5.84910840805859,1.58161493575585,5.36462084370737,5.71381620096129,1.73169962023218,6.07998766805451,5.64137750340086,1.85282183039108,6.80070085578988,5.61633457095973,2.05293899195473,7.44218750460537,5.54284067234314,2.07836112949589,7.95140419917915,5.49835966219865,1.95898017702749
1.57938384243602,7.43122279900862,1.21425579700008,1.81449794769243,7.32607106626625,1.21833836543407,1.97835227518032,7.24456084362706,1.21653930593968,1.92481908119167,6.92784980709454,0.891224372533915,1.60784735008308,6.76479599402226,1.06987062026114,1.35903683658988,6.37702083964298,0.949787188492744,1.5011714690199,6.35984543211393,1.01279586757018,4.48704966399563,6.8298235211766,1.5627072918696,4.7974732734696,6.75147185839286,1.55678670594717,4.87190130382528,6.56210134334451,1.45042011108674,4.4537767205861,6.49780322558649,1.27351327783812,4.02728590237444,6.369537308446,1.46616229876995,3.80126610364441,6.06604329256897,1.41186832150068,4.03228681431395,6.02101087254227,1.46279993685672,-0.137766518637861,6.71901900787464,0.785574700346666,2.07457223460916,6.2744672572804,1.15479251972603,2.64425836624524,6.22417347148799,1.25407034059618,3.23795897958802,6.16298690173835,1.32414050975389,4.6493095559254,5.84708488863202,1.57635871294743,5.35614915417489,5.7143232195231,1.72586760170562,6.07236376184486,5.64030947114577,1.84876807735456,6.79214717876161,5.61474868535399,2.05461623853357,7.40598321652212,5.54361640876876,2.08040597917826,7.94516271075305,5.50615944089581,1.95523092955174
1.57895909761325,7.43135473097227,1.2140417452879,1.81393653693043,7.32663241906733,1.21790686141116,1.97676019976798,7.24335230751189,1.21566736180231,1.92619728413444,6.91828824170762,0.8921860940073,1.60031935573782,6.76340337044559,1.06586626221357,1.3489751817058,6.37381114797257,0.949562642155926,1.49006033955106,6.35705620275293,1.01193131728354,4.4869587965136,6.83171106943826,1.56077288073868,4.79392087819262,6.75243758549635,1.55625054093768,4.8683901051042,6.56092651569082,1.44896982208205,4.45095333306302,6.50061566972143,1.2696206293804,4.02312944137162,6.37149278892903,1.46308637258547,3.79332264915673,6.06730713175345,1.40937315459743,4.02668919405797,6.02142282484083,1.46164560584377,-0.144222159570023,6.71693621069891,0.78693682504955,2.06802201322035,6.27333686417631,1.15332824670375,2.64499982537096,6.22661382163897,1.24996034217475,3.23457288773412,6.1619739247513,1.32534095251091,4.63307616299271,5.84979495781004,1.5748354497279,5.35775689584131,5.71405802592227,1.72679805714694,6.06490086537655,5.64083816285168,1.85070616230622,6.77423571996393,5.61343835741375,2.04673867871171,7.4017954139968,5.54414304411922,2.07823560317693,7.93511766488193,5.51323270314237,1.95226714246292
1.57974892358504,7.43037131671406,1.21472902131506,1.81127055739113,7.32823462074227,1.21706924371786,1.97480400394865,7.24081074095922,1.21674500791839,1.91605165759527,6.92068477263087,0.892911691428513,1.59476932128192,6.76506757566507,1.06252339435205,1.33934085353997,6.37389194001525,0.949142264563979,1.47904607284803,6.35662687196507,1.01091264943429,4.48697312884011,6.83353903666758,1.55942848846411,4.79430416376116,6.75529875408264,1.55496879845235,4.86877975960972,6.56656010190408,1.44491678468147,4.44414748005094,6.50203240619138,1.26876199945554,4.02026470714057,6.37269298435848,1.46259152900261,3.7913836015887,6.06930620135334,1.40974492233711,4.02277323484839,6.02471491981727,1.46082830274145,-0.14962377596109,6.71212428792697,0.786143058744037,2.05958659275894,6.27295746420344,1.15232406541137,2.6373973047579,6.22288878505942,1.25235525309653,3.23016946792572,6.16051509508391,1.3267023518478,4.62410596838901,5.85409786824618,1.57364455292736,5.35637982606498,5.71754352304867,1.72399652723059,6.03658992301262,5.64725410491973,1.84350851313513,6.78752705211289,5.61740406520115,2.05593733820901,7.40309933093775,5.5469120505455,2.07607577037463,7.92837148495278,5.52091224737905,1.94854799033674
1.57816633657945,7.42909625183028,1.21507944802057,1.81044412684863,7.3281004374365,1.21794961342943,1.97256973364641,7.23889594963524,1.21769630437387,1.9129810552154,6.91599154729582,0.893748900318988,1.5872959689286,6.76446001902731,1.06057277822509,1.33374461542843,6.37312186808624,0.94552040601604,1.47323369770188,6.3555461218981,1.00872750348314,4.48533301661345,6.83632498460619,1.5560154001037,4.79161944227427,6.7568785011229,1.55367484417976,4.86311690681506,6.56784335941504,1.44560760116754,4.44189799662945,6.49599402191368,1.26485919124348,4.01415784786015,6.37351134460805,1.46255260712719,3.78289738697111,6.07086131619509,1.40724333175008,4.01488959039036,6.02705757477413,1.45853131830162,-0.157519215271054,6.71021628582881,0.780895962899572,2.05262929211642,6.27236982289074,1.15117607142181,2.63038183825464,6.2207233260789,1.25231226757963,3.22198223494123,6.16129095986683,1.32393934078885,4.62097708505876,5.85654641930609,1.57348577103908,5.34307029572252,5.71924860694323,1.72287812593253,6.01278163926706,5.65176375355527,1.83912820627942,6.77937305888262,5.62219801695739,2.05516185056805,7.39934944328253,5.54946889746072,2.07542761983127,7.92266382291403,5.52649692828945,1.94359577142493
1.57763828864246,7.42994751248868,1.21634478855416,1.8086827550319,7.32857432185044,1.21738007723819,1.97161837831856,7.24040400962508,1.21766358900793,1.90907390463235,6.91672455102591,0.891655389782673,1.58160785573037,6.76323648001293,1.05787138789936,1.3261569636749,6.37389474189352,0.942872564801808,1.47089930731872,6.35703555727908,1.00454309277146,4.48519944376359,6.838111005561,1.554388125071,4.79105932225481,6.75760445874782,1.55178081212652,4.85872083618698,6.56807965893363,1.44382699158539,4.43639366176372,6.49573960144082,1.26034889554738,4.01011514543188,6.37168344760967,1.45873301382071,3.77791951359852,6.0699870641219,1.40767892503186,4.01119736486543,6.02703736168305,1.45943574572646,-0.165171715285812,6.70730850739196,0.777658448814723,2.04537216703682,6.27358127251178,1.14674189526238,2.62643041636538,6.22107902612726,1.25159325985564,3.22389452036731,6.15368106977067,1.32526103187001,4.61763903748098,5.86036468259161,1.57290530456878,5.35469171080304,5.72156902376012,1.72238497813066,6.03847389742811,5.64906576198615,1.84561559709878,6.75780965142398,5.61746230359857,2.04312866445071,7.3927404446887,5.5508888460976,2.07381416367727,7.91519506876702,5.53031329753155,1.93886745524148
1.57752376707249,7.43053381216831,1.21453848117488,1.80776190855467,7.32996310679692,1.2164824021698,1.9706427260277,7.2404105258325,1.2166066330531,1.90548137451967,6.91679017690395,0.889432026356734,1.5741232027907,6.76295089165715,1.05500320988237,1.31902335629687,6.38187075412065,0.934799969086513,1.45987919696625,6.35753857578776,1.00054251916005,4.48646656105764,6.84369574669095,1.55027516637055,4.7906318444397,6.76073826213404,1.54886221035134,4.85042141161554,6.5684041918516,1.43645034534512,4.42490820705919,6.49646901262006,1.25660665204278,3.99675876603968,6.37136701744827,1.46003087350868,3.76388377903605,6.06625235757699,1.39821777833276,3.99977349064508,6.02852893366323,1.45565045439947,-0.171469709154877,6.7087904423595,0.77091201249317,2.03324347965606,6.27157663275887,1.1424651096603,2.60875668750385,6.22182450706938,1.25241090670975,3.20367191012104,6.15858947022636,1.3268387629442,4.61520344866505,5.86201333861837,1.57400811702507,5.32058464197868,5.72724905236976,1.72386127255235,6.03021753911773,5.65209393150233,1.84658365991205,6.74301907194666,5.62309221156539,2.04369668054461,7.36367811255538,5.55493529841166,2.07101926571675,7.90540918764351,5.53513760119368,1.936545685775
1.57678770205109,7.43096201825486,1.21502082664178,1.80788048614361,7.32943158714807,1.21714983373986,1.97064661590075,7.23893795795369,1.21769810168862,1.90123703532389,6.91951960878206,0.888954595631531,1.5660393463454,6.76372140474031,1.05001704917503,1.31109686994683,6.38314933188077,0.931209957850062,1.4502769715916,6.35809538504562,0.997280180717597,4.48713407715261,6.84719617253425,1.54807515908875,4.79119275242288,6.75996523670271,1.54847394556657,4.84051332752197,6.56763069677924,1.43152653619487,4.41083365645034,6.49458834012027,1.25783031818569,3.98769449332918,6.37422499515932,1.45544348218886,3.7585575829248,6.06609600076804,1.39608842083344,3.99455134566413,6.0286479797361,1.45409303411391,-0.178459993440004,6.70821290389392,0.766211026118142,2.02629570800413,6.26993828919032,1.13869270388472,2.6020624100404,6.22035470938919,1.25088940032443,3.19411859525495,6.15661536866413,1.32402221928147,4.61268642346496,5.86413954536315,1.57377610467381,5.33448216990575,5.73056520038804,1.7172396521121,6.00714991134938,5.65599540175507,1.83902937614876,6.73932803407081,5.62380314862382,2.04395052282382,7.36745214235802,5.55681727780153,2.06730381453966,7.89778569836227,5.54004251992495,1.93257273715076
1.57674822133612,7.43210643326004,1.21386598098318,1.8077100579093,7.32931652315238,1.21689168551397,1.97067946115923,7.23832687538841,1.21697065283945,1.89214230208683,6.92418155479483,0.879570626994622,1.56146679907482,6.76337255042714,1.04691836785193,1.30459081510359,6.38510479002993,0.929874269985638,1.44267738780056,6.35794072657621,0.997181742788335,4.48671515166664,6.84940056678602,1.54611777150453,4.79039785352727,6.76158616913114,1.54753878451552,4.8348465761595,6.56874844013033,1.42559853793311,4.40377785699426,6.49269145632865,1.25539655524511,3.98273443632851,6.37356765178171,1.45045684786425,3.75243359353585,6.06792954872602,1.3944417469262,3.98494162190415,6.03229381123551,1.45109284106809,-0.1858092488892,6.70550411679273,0.760345780632824,2.02327229183489,6.27028548933384,1.14348699712621,2.59593077476678,6.2256457857351,1.24463934993388,3.18986357918278,6.16157973887827,1.32980753827848,4.59533152328469,5.87034176447834,1.57442317936887,5.31109131947068,5.73266773302637,1.71773686554039,6.00595654239588,5.65659333624688,1.83857320807643,6.7348902598701,5.62515478381025,2.04251986288122,7.37615644115671,5.55821791427599,2.06344165094596,7.89390177199297,5.5474953480158,1.92556871534351
1.57578020918213,7.4317989435182,1.21387266400554,1.80646798116025,7.33084427033853,1.21690892127878,1.97010255357453,7.23993395721284,1.21648918781684,1.88915379139539,6.92488044218005,0.879567494157461,1.55800568174396,6.76109271731355,1.04715461211097,1.30013604371304,6.38829799835017,0.936197883657439,1.43873111030777,6.35680099588343,0.994376534359916,4.48594087369029,6.85195839752031,1.54349189591633,4.79056273422015,6.76380094224644,1.54593242731176,4.82765873308557,6.5672890370407,1.42001065561879,4.3963402671638,6.49500562384574,1.25243874103542,3.97429375010105,6.37678712963411,1.44905611568527,3.74808387215569,6.0716866236997,1.39181640959104,3.97864864231789,6.03536980260236,1.44728602483267,-0.191740773365678,6.70310130147651,0.754457018325779,2.01844684319401,6.27069180879614,1.14369021556584,2.59711613797631,6.21508118945128,1.25098016150667,3.18922540945098,6.1631688786031,1.32601336491875,4.58314606083237,5.874542957462,1.57095307033753,5.29327673821215,5.73406754982306,1.72045559859047,5.97422138907352,5.66006202988449,1.8397800979238,6.72237795541768,5.62767980777709,2.04010107434557,7.35673744522284,5.55948868687397,2.06236845086132,7.88518128455086,5.55411562811693,1.91858001412197
1.57692229839542,7.43072780458013,1.21307914074492,1.8073070127893,7.33075573055994,1.21887148642258,1.9701672796289,7.24061120729189,1.21824549537792,1.89035106471575,6.92734400013555,0.880089974654894,1.55433692930006,6.76243535084194,1.04369051705942,1.29744082265818,6.39082713913317,0.935028846224059,1.43542235714449,6.35824307869695,0.993861673754586,4.48667115177333,6.8508241558218,1.54264440902912,4.79117137286352,6.76141545732659,1.54407470351515,4.82054663113943,6.56384843219594,1.41554031037642,4.38781833091257,6.49632619139948,1.25512855376745,3.97011210656975,6.37322918826291,1.44825504499402,3.74265469992467,6.07151315378248,1.39342578389928,3.97281905148906,6.03585233776593,1.44856812572836,-0.198968919553905,6.70433099938586,0.752756353072765,2.01553738651262,6.27197177444674,1.14314914294565,2.58857182736558,6.2203295258787,1.24521031666364,3.18161336716198,6.16287295956852,1.32391049300242,4.58354384306914,5.87342560974768,1.56939585077679,5.29633293431187,5.73397058050259,1.7243751962385,5.99293106869006,5.65758803507132,1.84767248163485,6.71450277328503,5.6281526277296,2.04124526308408,7.35129046216656,5.55883613434798,2.06021699863152,7.87827600681366,5.5586724769467,1.91378235527927
1.57601805674283,7.43133557530216,1.21316906790437,1.8076357325436,7.3298620586949,1.21952361548003,1.96973398062487,7.23890305069065,1.21824054597919,1.88808066179617,6.92695020232333,0.876780380572571,1.54978518221395,6.76222443916701,1.04152898357726,1.29133860312783,6.3919893512649,0.934014565489754,1.43102748016227,6.3598082300823,0.992256156110852,4.49404571451737,6.86200563085822,1.53285647442896,4.79075871463743,6.76176382168678,1.54484983504931,4.81560718963561,6.56338415998223,1.41200705517189,4.38495405100589,6.50132968796873,1.26259928411726,3.96237916450631,6.37439827535047,1.44820682240724,3.73524791911262,6.07001055307527,1.3939478860879,3.96608812868625,6.03649767958012,1.44532354730054,-0.20505392623742,6.70604637383018,0.754050770725237,2.01732895283267,6.27417037682138,1.14251204142016,2.58438228344252,6.21910320300342,1.24564503464726,3.17672251023606,6.16174049515126,1.32456100676875,4.56133859669691,5.87426255305482,1.56866419210806,5.28781804647729,5.73662048583183,1.71896926275265,5.9859039526537,5.65821604377081,1.8451260565155,6.69565074074845,5.62875768027261,2.0342136213494,7.34616989552594,5.56007615376718,2.05848334061739,7.8731135614411,5.56537475977341,1.90608188839673
1.57556512489301,7.43084599509008,1.21418352282422,1.80806313437666,7.3274480802999,1.22211833500426,1.96968216579167,7.23585526073631,1.2193075684071,1.88423990066754,6.92856291066198,0.874450046062544,1.54549852453809,6.76240058191161,1.04336168703445,1.28636351904419,6.39153886920784,0.935744753690681,1.42876149752927,6.36148360046935,0.994175599970844,4.49306494469051,6.86120569837196,1.53339147443776,4.79006877330037,6.76038944495229,1.54724962664052,4.81046687915947,6.56045053096821,1.41091124113424,4.37168020445753,6.49704163025478,1.26395401075619,3.95342454257531,6.37155413858018,1.44820570898597,3.72875886724278,6.07057242515261,1.39608399871227,3.96061529866787,6.03572838890444,1.44642735095973,-0.210097777583342,6.70598768751455,0.751432574477963,2.00821022007375,6.2714602914534,1.1440281257106,2.57895049767135,6.21637468105004,1.24702024296519,3.17258394523327,6.16307332883539,1.32219391758663,4.56709176974014,5.87257103985663,1.56973406185495,5.29246985587621,5.73561206883603,1.72195948889225,5.99054415580511,5.65768385688378,1.84623952381444,6.69280852169668,5.62663546252449,2.03514784074305,7.33731818553827,5.55986108851583,2.05764054503615,7.86748152541702,5.57023603240984,1.89865085784218
1.57826481160769,7.42991015279014,1.21399973601329,1.80948589959253,7.32665657511264,1.2224679065497,1.97061793516319,7.23511778793854,1.21861354341068,1.88017250560233,6.92849279614962,0.874616219599601,1.53719809047568,6.76480615088357,1.04564021822819,1.27644381042262,6.38863610906605,0.938610048311943,1.42339566402051,6.3657552234753,0.991793075315725,4.49610983127793,6.8599497032709,1.5342045588189,4.79033633992073,6.75896634101153,1.54786723740417,4.80369119201353,6.55923226098718,1.40867987441626,4.36754930350209,6.49707419994234,1.26031003168826,3.9468721713644,6.37397967950635,1.45501800320672,3.72411656645155,6.07569672895205,1.40458021190057,3.95363408181035,6.02986996288994,1.45049697025822,-0.216608888961472,6.7060815297823,0.751719959037575,2.000986968864,6.2752048316524,1.13978866950703,2.57277035670891,6.21598867882293,1.24689777796877,3.16756386037319,6.16015731681441,1.32454616028703,4.55254531084227,5.87154818427961,1.57040644263027,5.26281088033393,5.73584472247773,1.72011318785827,5.98546936761932,5.65867764298611,1.84664726032789,6.68556825565421,5.62725250277311,2.0360862604996,7.32799772218611,5.56421894772147,2.05635373391313,7.86214145412606,5.57878883451693,1.88927872266119
1.57751135476122,7.43105389386028,1.21377203221856,1.8109043014863,7.32711395351178,1.22252929578712,1.97075612968516,7.23987455160388,1.22706595057438,1.87615900569276,6.93455559925058,0.879644546994957,1.53539012583711,6.76600808607743,1.04464446233488,1.2726101231359,6.39032837808266,0.93814275081193,1.42070991587062,6.36754742558633,0.993066632227747,4.49738027827668,6.86226455489246,1.53072225422987,4.78788278992219,6.76095532624057,1.54751438780157,4.80137245910971,6.55792100497943,1.4098092691001,4.36094588677845,6.49590662040442,1.26195834591952,3.9389763671894,6.37304998919035,1.45450639459534,3.71862075427999,6.07685693436529,1.40449497561891,3.95570017758089,6.03208929802571,1.45655545349379,-0.222397393584001,6.70490017845586,0.754002657176518,1.99837787347748,6.27474215472375,1.14071972376827,2.56869245066403,6.21607793239519,1.24669455917127,3.16751792032578,6.14913427768362,1.31806857125727,4.54925905745213,5.87181916104903,1.56943354793169,5.28868527337319,5.73646759548037,1.72489653291805,5.98440000538917,5.65932706129048,1.84796366458284,6.6751895610029,5.62983340079593,2.03544469363756,7.32311822574188,5.56464020117563,2.05455107706521,7.85542778025085,5.58801972928091,1.88152724781458
1.57865094512062,7.43087954874615,1.21260788188609,1.81152919285514,7.3268932817336,1.22185293228447,1.97274301118761,7.23460659717,1.21707218579238,1.87421846778129,6.93888087381417,0.878637893470424,1.53319096965644,6.76699415670342,1.04177250376947,1.26816656299049,6.38935386535971,0.939869993629967,1.41738593175092,6.3670195459769,0.995937253479583,4.50014067566101,6.86388202581908,1.52811212378114,4.78830980821149,6.76050174432336,1.54650457202839,4.79746518120908,6.55556450778574,1.40742642774839,4.35050487625177,6.49253369862769,1.26013671176529,3.93111960149902,6.37283960111913,1.45522863255571,3.71319480930431,6.07591916010199,1.40469402581383,3.94918159897068,6.03207464865908,1.455512402626,-0.228402280141724,6.70706527823223,0.755453313250353,1.99853843116698,6.2767768281603,1.14091944887214,2.56546332924214,6.21492089411125,1.24726617576051,3.16109234482563,6.14479963627514,1.32012013844072,4.54754591280791,5.87440339382094,1.56766423327311,5.28437069020649,5.73653510684439,1.72254175331291,5.98630438042309,5.66138666831656,1.84969973564241,6.67573364123669,5.63057741121045,2.03714549470081,7.29141960765745,5.5655367884151,2.05711680807385,7.85002861864154,5.59818856504516,1.87309280355536
1.57794066256115,7.43333570687675,1.2125230312424,1.81199481593627,7.32898660053736,1.22195669435593,1.97379471432166,7.23512850824779,1.21584273018723,1.87279642905201,6.9418371464146,0.877336933336839,1.52871200212087,6.77029675220736,1.04051620480931,1.25962786474222,6.39435247379024,0.935165075081846,1.40572462601566,6.37169562964536,0.987827953793192,4.49783119944863,6.8639314169394,1.52652497476491,4.7858204940483,6.7618256696342,1.54716636314598,4.79443711297897,6.55323643699623,1.40694363541906,4.34439636703095,6.48870538184828,1.25797283991665,3.92208652061144,6.37290652413098,1.45269568095,3.70585189437197,6.07596067771075,1.40500120645687,3.94149660283491,6.03166907620036,1.45490528337949,-0.234006991849954,6.70891577600174,0.759639376465526,1.98728434533667,6.27813167328434,1.14176569773203,2.56167549588076,6.21471010071833,1.24787775977366,3.15285983630254,6.1430666357223,1.32099823759055,4.53920005770828,5.87733958990084,1.56567996348312,5.26896376202064,5.73749435489199,1.72189658108194,5.96317003044519,5.66124221719312,1.84978001540145,6.68564485710825,5.63304700978376,2.03743461362613,7.31757603080451,5.56802642847016,2.04914455998737,7.84322115849454,5.60764144671587,1.86399480092114
1.57802777763952,7.43277602869394,1.21131541292587,1.81149778475221,7.3306843382664,1.22090143633649,1.97261064368154,7.23714741734736,1.21598260162373,1.8682918399381,6.93911662239423,0.879679413943886,1.52431116054367,6.77265443807836,1.03933996479193,1.25442100267335,6.39816350449152,0.934992921769828,1.39851652945103,6.37362642792558,0.990480017764783,4.50099821509365,6.8670548226286,1.52386885325071,4.78392660425759,6.7618242266368,1.54608270538738,4.78913362857191,6.55483685405183,1.40460043233413,4.34115622311987,6.48810333105882,1.25585011789099,3.91576724886757,6.37015591476437,1.45167439145929,3.70299151839849,6.0750156412723,1.40581395470393,3.93632034237172,6.0310567881396,1.45451421329289,-0.237716971889067,6.71440966163483,0.761188461117085,1.98249056892106,6.27863220012438,1.1439540838755,2.55802182397331,6.21554160022327,1.24717297342047,3.1471445756484,6.14071839523402,1.32405565982689,4.5352016840815,5.87814315114884,1.56469589974602,5.28893637482031,5.74072268804994,1.71929988367393,5.9693462160603,5.66457061759501,1.84207814533356,6.68080191630778,5.63071295348918,2.0391650081713,7.3081142326972,5.56793168615031,2.04965180509331,7.83287473892614,5.61399921725939,1.86031293395453
1.57783953640485,7.4330193031675,1.21031608524286,1.81131808724372,7.33206312363788,1.22019466372219,1.97236163239553,7.23722669364509,1.21580391855363,1.86631127487043,6.93935375367495,0.879246137795891,1.52269443794365,6.77673369992203,1.04011864865016,1.2535361535409,6.40038116845202,0.936440263252617,1.39680844214772,6.37465169754024,0.992702730546464,4.50222085946846,6.86789045688556,1.52238578968549,4.77337896931656,6.75971027917456,1.54093549915957,4.78299636703027,6.55509769217853,1.40636771774043,4.33681844092968,6.4914244197979,1.25398957378574,3.9102655450675,6.36927845537704,1.44814139880637,3.69232808828552,6.06609702154839,1.40947371046189,3.93140613463302,6.03186357593572,1.45387243126207,-0.243503874536931,6.71804413076392,0.762129242713259,1.97778614908192,6.27887000017352,1.14453164777716,2.55376809845898,6.21070443464645,1.25135509067119,3.14430813651387,6.1374932676084,1.32515463328583,4.52838389150849,5.87904257343985,1.56239344484209,5.25655226293229,5.74244537709786,1.71880474697613,5.93891216854395,5.66532407195297,1.84056800813475,6.6557616097217,5.63125767959899,2.04165069877099,7.30038379195479,5.56731244540364,2.0477430033572,7.82407027816463,5.62173448408883,1.85023880942992
1.57876899449215,7.43264950212814,1.20925000602755,1.81333206805966,7.33248452319963,1.2197816141737,1.97376757526733,7.23770049592679,1.21476951774089,1.86020759779732,6.94049760817694,0.878939489371877,1.51581301173548,6.78037420629308,1.0391059911899,1.24719382112307,6.39886656977091,0.92852554807502,1.38674051857698,6.37738878821223,0.990164268051946,4.50286321698066,6.86837044989678,1.52212279685108,4.772079234284,6.75900770814919,1.53857364103428,4.77805188098766,6.556012451257,1.40300671542286,4.32810079919074,6.48711101229986,1.24951973450875,3.90199405450509,6.36901106144642,1.44659078838239,3.68512897150088,6.0660407872968,1.40804923432127,3.92581624473196,6.03026923455914,1.45415502242768,-0.24999070547616,6.72613085236754,0.766758009134829,1.97101858979612,6.27918711181618,1.13837422234372,2.54723158503939,6.21266678338431,1.24843937018155,3.13278736269889,6.13470228912755,1.32640316909776,4.5285323014871,5.87693081558457,1.56184160423223,5.28628693615926,5.74343760339135,1.71806387032909,5.96777601849615,5.6625676316585,1.83897637935329,6.68381558686005,5.63320268750465,2.04108593061758,7.30010940960042,5.56899135724712,2.04705289091314,7.81596416879393,5.63104055739712,1.84125222144761
1.57647609555405,7.43398645797671,1.21005534439586,1.81064674880682,7.33342450862674,1.22088104581385,1.97127837023,7.2381309881138,1.21607455287082,1.85665322475676,6.93857793003424,0.875562295476763,1.51240222404259,6.7821873989218,1.04128386799474,1.24311362296092,6.40612975852143,0.937600548859011,1.38502737265368,6.3799392712686,0.993610288060913,4.49601239919671,6.86588612255069,1.52389761554385,4.77618931344305,6.75871984382506,1.54397719158608,4.77231450381022,6.54972045596282,1.40481205329766,4.32520269893474,6.48415905756958,1.25173636001543,3.89647839001816,6.3640839836883,1.44736449526309,3.68221522831008,6.06504270569681,1.40746769245953,3.92206507885258,6.02855533802684,1.45503065305549,-0.254819216194705,6.733261133515,0.77029013791384,1.96604890322675,6.27900009379685,1.14092413836034,2.54027545819375,6.20920181254932,1.25109555787849,3.1265622796294,6.13327711253253,1.32719045673012,4.51441304833227,5.88157570501939,1.55783116274186,5.26110542442623,5.74230112452702,1.72074791119311,5.93460837274914,5.66474407757878,1.83926742851554,6.63903351499135,5.62966158084859,2.02965804570657,7.267766073628,5.57404353237876,2.04699015428442,7.80732353805051,5.63023953578776,1.83917923684731
1.57604326288369,7.43433029847864,1.21054460276409,1.81079587951229,7.33394115843927,1.22108065220335,1.9716893819315,7.23896117356132,1.21724314171682,1.85610160443119,6.93893340392631,0.87778965311259,1.5119782254089,6.77859029384834,1.04726690423642,1.23990575816755,6.40375323563759,0.933194015740728,1.38054711378592,6.38150621376205,0.994442352781256,4.49149443364038,6.85998367547868,1.52742568220967,4.76550906653843,6.75597491151085,1.54200763271032,4.77133918385439,6.5450721002617,1.40497677036417,4.3176327393606,6.48180443934738,1.25193002113433,3.89211032044109,6.36081435804046,1.44488526363367,3.6789349767878,6.06380485960203,1.40764262148372,3.91675076887967,6.02810109188587,1.45315468350688,-0.260486129546024,6.7375936167303,0.774011345077743,1.96174679997883,6.28272831938363,1.14811647196567,2.54015484186695,6.20748100678243,1.25237807177031,3.12706622318225,6.13072794977401,1.32880233402499,4.51175017151601,5.87941149414722,1.55773865760424,5.25135109470619,5.7420102629501,1.72149260922584,5.93556401785172,5.66445785099763,1.83850231552318,6.63898367903164,5.63062807457965,2.0286960985174,7.26065883753062,5.57700000217723,2.04716533394789,7.80037073044034,5.63910685184409,1.83119293023334
1.57646358229395,7.43368650918236,1.21091695062272,1.81232457494926,7.33364792996483,1.22212897587658,1.97237652015339,7.23861261128865,1.21672897113538,1.84918354424944,6.94095405251641,0.881483651746458,1.50804351383231,6.78245807908237,1.04791824382888,1.23766145714657,6.40829529954301,0.932720466380437,1.37782235852286,6.38462717934395,0.995593567524329,4.49498790094786,6.86417410364799,1.52478000292821,4.76611141952138,6.75644858738699,1.54113863548793,4.76360811778728,6.54492341326974,1.40075312965285,4.31047981741511,6.48263648228227,1.25021128371815,3.88583456675774,6.35690971453027,1.44411751709335,3.67139690193026,6.05934453558698,1.40976882012071,3.90929052340335,6.02384330869943,1.45448057737955,-0.266029040688037,6.74200337325266,0.776910661713368,1.96324755601645,6.28054034519215,1.14493612036596,2.53789449709506,6.20559244331049,1.25453432078858,3.12211231311251,6.13001303697817,1.33052438353503,4.5030669499485,5.87976690467798,1.55829685568203,5.18476798719178,5.74862563388997,1.71962696678003,5.92181729340307,5.66418993978668,1.83988770514653,6.63366811005832,5.63044719812802,2.0310731936934,7.2594684994055,5.57817224510306,2.0443145953485,7.79104950224858,5.64495741186146,1.8241156511408
1.57692905398386,7.43415764661685,1.21101674995995,1.81177073327649,7.33384318646199,1.22285046849321,1.97154904712883,7.23798494825175,1.21851098734991,1.84723134846805,6.93955746419038,0.883803331149828,1.5040467251016,6.78306949047269,1.04826755999783,1.23017543817387,6.4138245516228,0.932397995096771,1.37095348818788,6.38818332810404,0.994779161923433,4.49830105116636,6.86667774389911,1.52307183839081,4.76630929523151,6.75614463971159,1.54040807284415,4.76212389912012,6.54436601451732,1.39655905166204,4.30369257464163,6.48209186965058,1.24384059605799,3.88131280660946,6.35363645138524,1.43955409048282,3.66725735634447,6.05896558112242,1.40862916280287,3.9037969400164,6.02296654948128,1.45215581396742,-0.271500541488425,6.74841956589955,0.779203113459512,1.95916906306694,6.27868923001018,1.14775182003,2.53691538656495,6.20578057535733,1.25414626712227,3.11907589495424,6.12121954513356,1.3368168070526,4.499570972044,5.87906247222281,1.55745494734063,5.18653761250726,5.7462300830993,1.72273409996727,5.90257196552461,5.66531497766246,1.84319534964698,6.63378590456886,5.63070127878621,2.03269794598467,7.25761437845914,5.58018986769119,2.04093979212538,7.78198681142697,5.65063836000661,1.8190250579901
1.57703399491577,7.43387098760755,1.21050184024821,1.81234748850807,7.33246725547243,1.22305281439651,1.97144928932007,7.2352653391565,1.21870753121337,1.84080135741745,6.94281266132428,0.886455646322937,1.49843277204852,6.78378401019785,1.04979117305281,1.22427485351534,6.41471195289668,0.933426141788944,1.36326655458004,6.38866078004109,0.995431300980564,4.50112176004986,6.86781521072674,1.52441622682002,4.76275345770178,6.7555470263781,1.53862634502069,4.75272913465144,6.54274893784216,1.39035616011597,4.29509069979617,6.48415392122496,1.24179679396293,3.87382500814661,6.35376565997108,1.4399177965226,3.65985233262798,6.05642491783742,1.40683916138018,3.8959802946456,6.02140673021204,1.45007273264464,-0.277463285973276,6.74574788741096,0.782742602161675,1.95290606888355,6.27833357856168,1.14735153445482,2.52900261941131,6.20579973204221,1.24833213982553,3.11302167864555,6.12815944291114,1.33069776388079,4.49293598231756,5.87948323069513,1.55669994132744,5.1844105213168,5.74714350465968,1.72349897109028,5.89502134257515,5.66650794751686,1.84583075193843,6.62124288535312,5.62931573787985,2.03345182922933,7.24973774859969,5.58071412574638,2.03998504617064,7.77569521255307,5.6561239141658,1.80900927595045
1.57757397097114,7.43254122044005,1.20971638522079,1.81330367532576,7.33189863749782,1.22328035234778,1.97111331328972,7.23519380364126,1.21810241580423,1.83869640660834,6.94375867265393,0.885111642245144,1.49573319926936,6.78609853629473,1.04768162571858,1.22033764852415,6.41437761595944,0.934299737407689,1.36029988589187,6.38896655483371,0.996034756046397,4.50401194541886,6.86795111474294,1.52428353138402,4.76691409746728,6.75554349452956,1.54325007804817,4.74672475005246,6.54225018301802,1.38779820601272,4.28998476974163,6.48560666985317,1.23690763938429,3.86507665622372,6.3514062562454,1.44018804413094,3.65250130061113,6.05341695691814,1.40431835521928,3.88845543750387,6.01961481965386,1.4491143964864,-0.282580100692236,6.7491062843873,0.781929891408994,1.94206852065007,6.27982109495893,1.14611005313502,2.51237781479275,6.19804028996175,1.25231030247473,3.10929592144163,6.11655725190041,1.33722383217311,4.49248409631104,5.87890772487285,1.55638355143264,5.1426428764486,5.75346209307015,1.71333760093607,5.91810006066353,5.66713157056812,1.83863557576054,6.63593378292728,5.62933365086184,2.03320254483072,7.24310051448412,5.58346219944737,2.03743079791295,7.76665015379842,5.65931216674421,1.8018578997785
1.57718445266923,7.43261673350174,1.20918451429488,1.81295820746753,7.33224161623363,1.22364481654312,1.9699277058051,7.2344345921977,1.2186961534364,1.83619922857404,6.94388583048798,0.885289420677955,1.49425858958393,6.7856459886334,1.04853812839863,1.22008128009597,6.41973740968243,0.933241695869689,1.35936157575055,6.39367497096717,0.995768786940166,4.50370714987211,6.86834322670032,1.52454062968798,4.76532517880964,6.75361664884803,1.54077623277432,4.73614923714747,6.53965016050737,1.37967686318095,4.28124245333839,6.48933047487212,1.23174696620143,3.85522795618852,6.35286861646205,1.43944388752642,3.64671157904447,6.05142827119995,1.40596097579549,3.88369528318432,6.02012182842281,1.45375597196098,-0.287545459817202,6.75332507454601,0.78171098184915,1.93745184348645,6.26989968851258,1.15408466874856,2.50677678608999,6.19172202646228,1.25670993974817,3.10450055347744,6.11170115374067,1.33931298568969,4.48925494014646,5.87722017911274,1.55653942465786,5.17156419966239,5.74746314141471,1.71913857467393,5.86736115492686,5.6665945972865,1.84493002302152,6.6124089595201,5.62945704687333,2.03505789084605,7.21793829594956,5.58284416551998,2.03955209402846,7.75888364800602,5.66319474705835,1.79898491911946
1.57773887910028,7.43278277914904,1.20879720684472,1.81319632923967,7.33271444985173,1.22266257356574,1.96903273784303,7.23414439212972,1.21786337289438,1.83309951772889,6.94551498307495,0.886135553619635,1.48931128168151,6.78780326860954,1.04781487167609,1.21781558216787,6.41714847261068,0.935458004137168,1.35594466821045,6.39141232626824,0.999545878034826,4.50704872632916,6.87188720239658,1.52274859455976,4.76037106334818,6.75212941784359,1.54004622151884,4.72582193777191,6.53662864197884,1.37355324950854,4.26488006752159,6.49041610908951,1.21700005720234,3.84713160762457,6.35183421509557,1.43622006444558,3.63904893381972,6.05260943969712,1.40162083515115,3.87629632358472,6.02109223547563,1.45115661751904,-0.292217551626294,6.75617402297624,0.781477920956562,1.93486671166867,6.27023737444413,1.15499918362392,2.50282564191862,6.18952771262324,1.25709059599273,3.09965055458505,6.10924105666588,1.3401995644212,4.48204400945938,5.87945925142824,1.5534089044515,5.15711647656914,5.74906311154072,1.71285550235643,5.85651000593413,5.66817740159387,1.84070892474562,6.61186504321278,5.62741979329664,2.03725778097578,7.2098126857614,5.58281512517933,2.03825405211794,7.75229131653796,5.66583429943597,1.7925903539963
1.57703089242317,7.43298875714963,1.2079185488349,1.81296134364651,7.33361716938172,1.22205151231699,1.96715421427463,7.23558824150772,1.21931086873516,1.82929503651637,6.94756220169038,0.887718176104507,1.48683331069001,6.78828631133175,1.04753057918079,1.21227820703923,6.41805720782776,0.935908795313997,1.35247004109617,6.39219202211981,0.999122842457051,4.51154822125964,6.86858328471048,1.52617435395842,4.75611190256869,6.74553673026922,1.53982813612325,4.71476102509382,6.53645909217707,1.36730831442193,4.25643403929255,6.49222927071589,1.21088289584643,3.83768992866996,6.34855760610101,1.43707844858378,3.63039659052167,6.05148150043782,1.40283953570051,3.871537816789,6.01662157698053,1.44940104940254,-0.29506474203288,6.75874461474368,0.784243874624024,1.92471255975158,6.26826536885613,1.15681840434459,2.4940992387592,6.1871792823747,1.25766799444677,3.09122285837323,6.10985489750531,1.34108271044826,4.47571230396215,5.87919597645545,1.55179056576807,5.13221043722534,5.75246535489033,1.71096920793676,5.83486497106764,5.674129513957,1.83838284822067,6.60309251030999,5.62857484270472,2.03654498709931,7.20995374323665,5.58548848950582,2.03645180458482,7.74177622198807,5.66786662268739,1.78929546281466
1.57561078699917,7.43365086543958,1.20872894976507,1.8119019108386,7.33449253449434,1.22162814784898,1.96670805483711,7.2354385833014,1.21778387588515,1.82588801986976,6.94774277085364,0.882071962985615,1.48291146843171,6.78786384648576,1.0447967725713,1.20531192133125,6.42218893762122,0.932091339125962,1.34345598241655,6.39445251920338,0.99677091254336,4.50819927492127,6.86871629740035,1.52930078568713,4.75341824828132,6.74349060058978,1.53712610983649,4.7001427155193,6.53576621289934,1.35486921541131,4.23442456378367,6.49192823332289,1.20832299114163,3.82767712399453,6.35439932240839,1.43418840420433,3.62234153434323,6.05348948591868,1.40134046081336,3.86248988526194,6.01701189398535,1.44925911527664,-0.300388777618109,6.76242352084107,0.785215867011446,1.91634243686804,6.26592995169123,1.15625704141238,2.48612026869602,6.18650313418133,1.25664032309888,3.0867336217906,6.10938690706798,1.34105625661719,4.47113443765367,5.87966949884727,1.55008912713796,5.13207965852092,5.75314175403944,1.70907487988649,5.82713777789854,5.67588979065127,1.8355220941145,6.58153544283341,5.63780939578922,2.03057132995286,7.20663635582642,5.58552431127165,2.03476148292434,7.73528278558468,5.67163614766308,1.78527689618801
1.5758036571519,7.43382565973616,1.20792330417928,1.81193190366712,7.33503366579681,1.22126513228191,1.96609204064864,7.23464761314401,1.21789734752383,1.82214973312242,6.94999452559707,0.884762279358669,1.47413700250546,6.795209023504,1.04903472378745,1.20358593418533,6.42577823507604,0.931103250317995,1.34208359730509,6.39801221397609,0.996485031938372,4.51319507560521,6.87552977796597,1.52379926768149,4.75312107059313,6.74242488440099,1.53272053060206,4.68753076660224,6.5361760931052,1.35143608856762,4.22869060231439,6.4928854816203,1.20412951633474,3.81826586374008,6.36008874496164,1.43844162315248,3.61437083790814,6.05325624488023,1.40187127212597,3.85327632294488,6.01957800600023,1.44903579281837,-0.305673942110305,6.76453664703165,0.783996241681727,1.91217719370102,6.26816085444055,1.15497806619581,2.48237891061908,6.18501624433163,1.25725782179766,3.07697698623647,6.11073632343289,1.33984787816699,4.45976380791642,5.8827566133396,1.54567110087574,5.14811485357856,5.74864102005192,1.7097775217429,5.82743384334379,5.67813878332632,1.8384058170365,6.57763854650684,5.6391532382085,2.03128819876877,7.2067508686719,5.58714533821272,2.03108920167367,7.72908267199468,5.67551310883048,1.78247123592252
1.57703887017049,7.43271329286608,1.20739010705353,1.81098542770563,7.33314831348998,1.2204948576493,1.96486741565361,7.23236552759051,1.21794238041503,1.81866139550047,6.95216566771607,0.887749380708644,1.46918303751189,6.79580315036534,1.04847878948657,1.19595378735779,6.42689995947368,0.930422511518125,1.33414252436093,6.40037858031153,0.994669557387941,4.51505854047956,6.87962829694559,1.5221326325916,4.75089743544546,6.73988559135773,1.52907746709289,4.67803755957792,6.53570735531409,1.34679938692089,4.22298779994406,6.49289194490063,1.20212334438956,3.8133115136454,6.35848266617685,1.43662086153659,3.60906060543724,6.05311285384656,1.40240434377655,3.84476215745701,6.01842543965804,1.44890014885648,-0.311420436227128,6.76698560959118,0.781318706806343,1.90460690214523,6.26894690372723,1.15307173968032,2.47536980263463,6.18253013106622,1.25729872798839,3.07326046103429,6.11298152750612,1.33730576484645,4.45003502367064,5.88589178409653,1.54479363943936,5.12155539881892,5.75545036644321,1.70460005381695,5.81680256029326,5.67630970247835,1.83813968202716,6.54263897977708,5.64168521797676,2.02235114281835,7.20276599560383,5.58925484648958,2.03226287673216,7.72308009741448,5.67743283609838,1.77841574777825
1.57605840972792,7.43356321457138,1.20791176415703,1.81175171992209,7.33391326654633,1.22049105920583,1.96486374182099,7.23195848511305,1.2155675585135,1.81501632596543,6.95228350232323,0.886782999385461,1.46633961673118,6.79840650723488,1.04930295962246,1.1942522806555,6.42877400448063,0.929886449306337,1.33905934463099,6.402417824841,0.994593381778145,4.51915910038173,6.88224631283803,1.52029835294205,4.74972871466537,6.73862233032814,1.52754793355621,4.66939669341589,6.53823997592621,1.34886032290016,4.21352223120999,6.49247191555752,1.19712709410495,3.80725238061001,6.35697492397287,1.43532552274922,3.60265417466489,6.05177435134802,1.40385944302942,3.8392372940051,6.01836500573998,1.448872925333,-0.316602155609019,6.76753315279549,0.778348215102226,1.90016284282096,6.26963255224056,1.15326053125994,2.4716193423525,6.1776571019761,1.2603043183959,3.06918349485989,6.10819533619544,1.34012901555917,4.45572093499152,5.88457382758913,1.54748041909978,5.12137776089925,5.75545758542869,1.70413649390793,5.81218864556959,5.67660748197747,1.83708635849924,6.52795563097864,5.64243528065966,2.0217662303436,7.1808512461867,5.58796660561757,2.02916203694638,7.71864804816588,5.68092204800724,1.77452284852113
1.57767348053939,7.43300391188076,1.20781917674687,1.81337786099052,7.33276277282639,1.22129855966236,1.96435281413489,7.23088088819915,1.2161235331247,1.80955251747185,6.95399035159807,0.890335274119716,1.46074738794411,6.797539603779,1.04923829140998,1.18647435246225,6.42708128567681,0.932113349960706,1.32998419471312,6.39963734280347,0.997123554280352,4.52271127568995,6.88651634675373,1.51768972209801,4.74476644957588,6.7393076720378,1.52346431198317,4.66495428448793,6.54482748789631,1.35333519861501,4.20016774705209,6.48294000457144,1.19664087119037,3.79805254960444,6.35833214726849,1.44048998970256,3.59548013937652,6.05148477002193,1.40398349131648,3.82735948543072,6.01993261037227,1.44766620615888,-0.321474061423185,6.76953695391252,0.778347039402487,1.89171033402409,6.26679188748206,1.1540066350567,2.4594718446963,6.17866336296323,1.26715976951547,3.05688668906678,6.10706216357716,1.33926390742214,4.4524059645946,5.88750778863303,1.54711402756667,5.14255649069041,5.75151980759194,1.70606039170067,5.81872772614191,5.67784573882917,1.8403596616009,6.52843900633185,5.64172248954989,2.02113906570683,7.17547104071522,5.58968366039907,2.02907585922142,7.71208735238385,5.6837864307285,1.77064296969144
1.57748205327755,7.43224950353074,1.20764035432807,1.81288459093066,7.33226899413033,1.22159093498744,1.96363051504299,7.23015652213306,1.21742616076405,1.80656721181361,6.95459079731468,0.890933493563611,1.45777331496543,6.79885876721071,1.04808221154893,1.18530688524366,6.42935160600556,0.928386231387878,1.32527387442078,6.40249698265903,0.994116965663416,4.52072018007743,6.88747293457144,1.51641291659215,4.73927847639942,6.74034625770106,1.52333545425383,4.65551649179766,6.54940808414153,1.35478516279183,4.19275392463133,6.48436068292069,1.19511414380355,3.79193285186397,6.35665891536814,1.43850366331809,3.59009903469246,6.05047152704602,1.40532468137899,3.82238392847744,6.01789741712707,1.44964346764049,-0.325801851763993,6.76918153585437,0.776881022936491,1.88051567775388,6.26742522059848,1.15210766144914,2.44865659272453,6.17281023069626,1.2702461337529,3.04889192510773,6.09955416075248,1.34283222553541,4.44201359010926,5.88459724135725,1.5514326033426,5.11670121720827,5.75622489905471,1.70477090944141,5.81122316323079,5.6774673936162,1.84082477703664,6.5212569275643,5.6424195498672,2.02230356341683,7.17743381290228,5.59255601596421,2.02702160909771,7.70625806845887,5.68197460983189,1.7690915116765
1.57770166636646,7.43353099023199,1.20755691053804,1.81294254726187,7.33223792637562,1.22114631748,1.96210630978987,7.22903558477253,1.2163976308492,1.80554879898393,6.95467706594087,0.88749717708085,1.45429339501079,6.80035559473155,1.04649183407402,1.18359755000795,6.43463348087313,0.925538674532651,1.32498078685325,6.40501177010441,0.992775791516576,4.60493748538588,7.04147782981378,1.40656472818124,4.73340360091555,6.74622057629623,1.52623316184832,4.64621489985273,6.5473847457483,1.33962832353783,4.1869550247904,6.48866843201953,1.19082857915278,3.78365985851896,6.35686239260248,1.43961069426733,3.58775394651238,6.04885973272019,1.40534073139845,3.81568589788303,6.01829319021589,1.44876319041912,-0.330926387570028,6.76819093198166,0.775173241039314,1.87695758574521,6.26973373287557,1.15132966495794,2.44393759412179,6.1726072087401,1.26973406523239,3.04126496643883,6.09269769046725,1.34585856789813,4.43068474563321,5.88814185926008,1.54999210692898,5.10266694140389,5.76188885862358,1.70454420051949,5.81441465824178,5.67863978538073,1.84233343650802,6.52272373802474,5.6441966471445,2.02281689167555,7.17731541563756,5.59513127285593,2.02538016930939,7.70185453410687,5.68316575646571,1.76840723609135
1.57628909286648,7.43383342924858,1.20703907371817,1.81118778791002,7.33216243921786,1.2197441417718,1.9580112049778,7.23139022603335,1.21801554790383,1.80146622957984,6.95493240691977,0.885926750565079,1.44707017231703,6.80152742548916,1.04436135315674,1.17610473324918,6.43625244986966,0.92407556694469,1.31656676435103,6.40649382878139,0.991380209003251,4.51933770562208,6.89119495243392,1.5168625944938,4.72671901625267,6.74459123170875,1.52529847221043,4.63843837698118,6.55034549378092,1.33322743793528,4.17823030042383,6.49329664445148,1.1858358553284,3.7784788148923,6.35835085293991,1.43809251465217,3.5830113092746,6.0501415144924,1.40628570666735,3.81160296359302,6.02032984986496,1.44695151334825,-0.335696783002532,6.76717882393289,0.775257456402371,1.87519651188027,6.26982951252293,1.15031133450956,2.43877556506031,6.16948750108871,1.27100870078921,3.03149617696184,6.09491509836486,1.35462441841675,4.43045450071209,5.8891864364741,1.55164700391461,5.09667510448381,5.76308772182975,1.70736512168787,5.80661048784511,5.67979544219031,1.84080321086496,6.5236545920218,5.64419950620118,2.02336459584238,7.1677475057794,5.59452689720215,2.02623973784961,7.69333976699678,5.68391477673208,1.76953776436432
1.57586115279455,7.43399471480676,1.20685198235328,1.8108203580211,7.33346931953195,1.21923739850138,1.95688478171151,7.23141044362513,1.2154614142869,1.79723083298088,6.95574908769644,0.883851195691244,1.44096902993951,6.8034772171454,1.04475385974596,1.16941561443472,6.44030557101992,0.922733910585553,1.30652457416915,6.40838411720395,0.985648569030554,4.59809009638995,7.04068517243026,1.40978421960205,4.72581052111531,6.74280744168164,1.52242855249044,4.63066156677876,6.55457270806664,1.33010642640255,4.16851405265399,6.49833564577707,1.18354007637165,3.77056550669116,6.36118136068041,1.43636170706243,3.57944574330143,6.05151672069958,1.40880433362385,3.80328697507685,6.02068438399693,1.44602127625519,-0.341627361042197,6.76504734423667,0.776545325495826,1.86727173785717,6.26984372668479,1.15069781098969,2.42963724501453,6.16963255083186,1.27108607530327,3.02274442615146,6.09372972456997,1.35449898665487,4.42160718339146,5.89094955366233,1.54737044025996,5.12142088626441,5.75770357924171,1.70920750879847,5.81931248703509,5.6794422745231,1.8450572207698,6.53059902919232,5.64283178145151,2.02410612639559,7.17095851157143,5.5978949865459,2.02310818514978,7.68591605235357,5.68780623984698,1.77123704251755
1.57322722620647,7.43359672078333,1.20644684523061,1.80987929768544,7.33349005908867,1.2186791128081,1.95566028313501,7.23106772484468,1.2158768285956,1.79424279187325,6.95786214641155,0.884683964657106,1.43645917580524,6.80394667167402,1.04486421941089,1.16666562924051,6.44147387563224,0.924212860361388,1.30422658828235,6.40898771608635,0.993036465975142,4.5981323616148,7.04191552642218,1.40932029322807,4.72177150783513,6.74445032468361,1.51626341696688,4.61895048894378,6.56398826144298,1.32499224214813,4.15873635880677,6.50447614485924,1.17473892741517,3.76566125880455,6.36155418593622,1.43419740040461,3.57580777671657,6.05128796028,1.40859220868904,3.80183588687472,6.02250931821553,1.44333874868784,-0.34646757506754,6.76731299392202,0.773029779196819,1.86892669731361,6.27052087997925,1.15276967038207,2.43377343528006,6.17188621531259,1.2702889258235,3.02113504565449,6.09058947483174,1.35563130721681,4.4269772644723,5.89080518267113,1.54862719374629,5.12533803381261,5.75762619437266,1.70889259641251,5.79330659934513,5.68059770654601,1.84264763192378,6.5202476552004,5.6460415116543,2.0211871695962,7.15505345522945,5.59547132468005,2.02479950746844,7.67755438612972,5.69318788577013,1.7699733117203
1.5722180859725,7.43349030561065,1.2068420589241,1.80839192467669,7.33361121254954,1.21821792786178,1.95404598651293,7.22976482373132,1.21269486917726,1.79010413668819,6.95840483681881,0.883406052877249,1.42989560583314,6.80609521860148,1.04391859836563,1.16123778398061,6.44366489235196,0.924291532713483,1.29846435438073,6.41078087252553,0.989196456433511,4.59562375776752,7.04165349243762,1.40915244867124,4.71737531919087,6.74963031465333,1.50634316403964,4.61249008766064,6.56588381200872,1.31771702055537,4.14123877408129,6.50401060783674,1.16492325680985,3.7575893153989,6.35896837613668,1.4322999317559,3.56826804460246,6.04909639091769,1.41086722467107,3.79385757537078,6.02084272466523,1.44487735614409,-0.349998150885983,6.76485710319422,0.771889660704498,1.86037458693629,6.27027378418988,1.15961690899627,2.4168869598209,6.17050058698938,1.27111296602105,3.0111313503088,6.08635911810196,1.35838538313799,4.41104461149845,5.89488523058288,1.54268948325896,5.13615431543286,5.75823509818722,1.70950607258434,5.79167881079869,5.68306892884632,1.84358523400187,6.51987075708468,5.6471390307132,2.02325103190466,7.13067399001539,5.59252906611701,2.02868446788635,7.6701229012383,5.69607559446914,1.76816106145925
1.57177384708014,7.43360613729735,1.20695443742497,1.80674672530113,7.3322773149395,1.21963883117859,1.95236270778069,7.22900089259952,1.21336554560539,1.78740041687353,6.95843410534422,0.883610296128971,1.42494412260311,6.80708532404692,1.04632017718178,1.16011100938062,6.44644854508285,0.931144466648719,1.29292535480525,6.41248610116948,0.988928993018787,4.59583560485806,7.04129455933505,1.41049578320673,4.71250369656501,6.74592358153311,1.50399446458863,4.60388272288879,6.56894300884133,1.31479336174195,4.13132151707337,6.50831977769339,1.15536946954943,3.75371306332939,6.36460444553326,1.42731426660025,3.56177970448853,6.05013793609514,1.40985789924958,3.78814028737936,6.02185750864419,1.44244840064552,-0.35543321000096,6.76663724939201,0.772431911538949,1.85855455402374,6.27234101320478,1.15693649348615,2.41288205793914,6.17061327654398,1.27073514229441,3.00270883326301,6.07832520438101,1.36374655000485,4.41507965300336,5.89196721194539,1.55072505919176,5.11628462222983,5.76032886380596,1.70803762019754,5.80807099460141,5.68422451307344,1.84132780910275,6.51322650889006,5.65007246429004,2.0238419519099,7.13439422548104,5.59906143414118,2.0293085118113,7.6651222766957,5.70185288686535,1.76576213807677
1.57242189032847,7.43318530499427,1.20725796370132,1.80665973540485,7.33239645805843,1.22026163114269,1.95088321349594,7.22863824392895,1.21154115996502,1.77842638401351,6.95659161166959,0.886994425851316,1.4186928031063,6.80668596415634,1.04613056806609,1.14678781295876,6.44122903254241,0.934102178956438,1.28658908932987,6.41528626617226,0.987856534681216,4.52015944626021,6.89236455997634,1.5158911646798,4.70681779547366,6.7438551399538,1.49864212843985,4.58000439100564,6.57036862796004,1.31392916965021,4.11575560884798,6.51421281654155,1.15077860136543,3.74705972441219,6.36702150894208,1.42872507076893,3.55605462056411,6.04955258510483,1.41149441958593,3.78332693832315,6.02180739891376,1.44448914757033,-0.359807890353202,6.7665494824109,0.772892884977944,1.84670137344531,6.27175251435035,1.15832441021317,2.40362410271167,6.17564322592166,1.26546718675714,2.9892585039701,6.08664497028222,1.35661323754617,4.41887860581486,5.89299461933168,1.55321528534821,5.10334563871228,5.76735154406002,1.70771968774746,5.77984016838789,5.69038725086311,1.84199611450223,6.50907751145458,5.64966375213182,2.02672224747887,7.12955684779922,5.59787600706415,2.02942090380665,7.6579588419795,5.70427802982512,1.76209024652456
1.57248424551254,7.43301862173055,1.20827452618074,1.80717930630428,7.33042101514008,1.22172065800603,1.95056045774335,7.22537067403132,1.20878638835429,1.77262955919035,6.95938305335367,0.885027580877996,1.41440993124366,6.81020677290925,1.04403547425566,1.14452627494859,6.44475473252702,0.930847541093641,1.28325723079281,6.41827477153042,0.986526290667275,4.52448540073493,6.89200805466239,1.51735584536958,4.71528091337367,6.72943446751978,1.48340392816768,4.56689111089469,6.57188884894738,1.30035301823067,4.10296061355642,6.51477657606922,1.13806686370559,3.7415571015729,6.36455448722893,1.42919434925837,3.55348673504702,6.04880117974996,1.41540445777023,3.77891316367295,6.02183806086625,1.44943273069053,-0.363762434614711,6.76684350699594,0.77088846628964,1.84409333868602,6.26880477981986,1.16102736224617,2.39775072858229,6.16868046076911,1.26813246082003,2.98614202908233,6.08479759380316,1.3589343665615,4.40015741306068,5.89685168087676,1.55120151150465,5.12554374121893,5.76144015209454,1.71322232622586,5.78514532627089,5.69027836774607,1.84640542699911,6.51188446639943,5.64904179891173,2.02862095223428,7.12464938762001,5.59770743909438,2.02770510353757,7.65180542282266,5.70915462919833,1.75656725814852
1.57211838545218,7.43246343185278,1.2087874341601,1.80734091475296,7.32959927630427,1.22204137148878,1.95037937098803,7.2261667915845,1.21110628030014,1.77406701278703,6.95540577881066,0.879459144554064,1.41113680545922,6.81098441567609,1.042674687402,1.14118060519818,6.44709588717353,0.93029196526261,1.27994229877587,6.42152863727606,0.985882602928193,4.53079945961605,6.8977312723075,1.51425321989632,4.70918727507834,6.71683130977723,1.44995143331684,4.54528708921322,6.57783932179273,1.27853989408906,4.077309434604,6.52434472323096,1.11773912926604,3.72804258762089,6.35609958590547,1.43804431514976,3.54819225469305,6.04811403386205,1.41716329909145,3.7750058121438,6.02035837612654,1.44787476079377,-0.366849415216189,6.76920855693474,0.769521967903853,1.83930511488611,6.27279234396582,1.159831779148,2.39669364712586,6.17283245053885,1.26558266783041,2.98277529192486,6.08445975326082,1.35898912112755,4.38535241287176,5.90199080974411,1.55024907676226,5.09609445327825,5.77016072269854,1.70708757316373,5.7827099913047,5.69457538059325,1.84661566505644,6.51212575120467,5.65110748952407,2.02740129710843,7.12100059530824,5.6024465425551,2.02520259034212,7.64801274458041,5.71235225629089,1.75083968732011
1.57250204804463,7.4327250177633,1.20807952826633,1.806754661972,7.32879272314116,1.22314988137761,1.95020460640791,7.22435771387397,1.20995535991402,1.77153610430464,6.95684909906387,0.878422011563433,1.40871240744191,6.81050992608592,1.04266490155792,1.1389611571863,6.44911794976555,0.930725687903987,1.2769531216815,6.42258225348124,0.985412100467871,4.53412204446956,6.9101310357364,1.5083149569171,4.69874204724357,6.70590073424908,1.4105758603705,4.52363370797701,6.58836802358107,1.26541224999262,4.05098270965819,6.52597727307649,1.10593925571957,3.72720823665864,6.3675993808768,1.43269147148029,3.54531190643328,6.04725182972735,1.42073021045422,3.77495401595887,6.01854013763137,1.44947900708892,-0.371641991650086,6.77181775896292,0.771556853901871,1.83541597465892,6.27187661620988,1.15970830627873,2.39038851314278,6.17046076169605,1.26769622478638,2.9787544541404,6.08486687278617,1.3606946522353,4.3929346951287,5.90074863320249,1.55433964864485,5.11757475013408,5.76533826856257,1.71279670531989,5.79641018138027,5.69287810607494,1.85233311130306,6.5048165111906,5.6500028254158,2.03026183871461,7.11879705566445,5.60286822658317,2.02200889040542,7.63755756875402,5.71121174225985,1.74743645840827
1.57257992020095,7.43231322244573,1.20914963507566,1.80735302513645,7.32855497916028,1.22363125723882,1.94986682980446,7.22377181327045,1.20816151908615,1.76862923029501,6.9577634254743,0.87870636798977,1.40080115807754,6.8104297368682,1.0348834078918,1.13243821521627,6.45115724594526,0.928584404378385,1.26981765714726,6.423609412383,0.984505882057286,4.54133193602018,6.93598122371868,1.49179408108904,4.68851816345783,6.72604650792628,1.42860473294726,4.51352699548711,6.58706802720466,1.25356135360845,4.03446104090836,6.52304401691832,1.09645223393717,3.71950040411525,6.3671674105731,1.43176842675276,3.53908291139908,6.04635853940353,1.42340908724768,3.76770593929127,6.01910099196149,1.44843214260033,-0.377490280867309,6.77160247997022,0.77222891317893,1.82045967781035,6.27330979420888,1.15933876503206,2.38315858077354,6.16649136014616,1.27125690802421,2.97649262883936,6.07558344716075,1.35666199157749,4.3906580692293,5.90129871955261,1.55264503289467,5.08264113118754,5.7719024919612,1.70505861190754,5.78974915991952,5.69549315923943,1.85389555584059,6.49015853007552,5.64421969719621,2.02387597318526,7.10083423041334,5.60145292050097,2.02354569472571,7.6311535013256,5.7130933532102,1.75132106562801
1.57283994328752,7.43341859975947,1.20826069489818,1.80748685865437,7.32877920122617,1.22451021227711,1.9491156106339,7.22243909701061,1.20704499020587,1.76427667557154,6.96004769877624,0.876968931357772,1.40011913755778,6.81040614202567,1.03364013910231,1.13348175919918,6.45574241567294,0.92843174326838,1.27001246377687,6.42719698651946,0.984744860749143,4.54829992633565,6.94917361660975,1.48676198046822,4.67560904334704,6.73489930500191,1.42196517928612,4.49847866999868,6.59902988722969,1.24581079802101,4.02123455291282,6.52838116475296,1.09250334753066,3.71027053470812,6.36420509171075,1.43501885946745,3.53279370020501,6.04717634212887,1.42369848069888,3.76528382309167,6.01929020258043,1.45274852498951,-0.381009302478869,6.76992527695993,0.774809601514844,1.81219004844518,6.27433081043222,1.16031782451318,2.38070034010507,6.16483130076638,1.27311930133765,2.97386412171736,6.07772403756352,1.35780411211385,4.37086731160561,5.9075559264271,1.55094507308366,5.07545200041388,5.77402212525331,1.70551383122791,5.77764632852904,5.69705750832752,1.85177004043946,6.4850879571408,5.64445184086726,2.02482942820278,7.0953417264598,5.59855655248496,2.02160187969007,7.62374984315879,5.71394877668278,1.75114459767033
1.57187971054812,7.43333378674161,1.20852503958449,1.80647725560016,7.32933803855114,1.22427264542353,1.94716515593078,7.22184371378618,1.20643971769781,1.75981829920202,6.96295676883462,0.879133301126938,1.39361201621732,6.81142909745991,1.03654660550687,1.12724885425113,6.45583372239291,0.928831060583556,1.2639236713327,6.42642542239919,0.986863569433351,4.54186630517233,6.94796773107989,1.49271124816324,4.65933086899638,6.74529941756882,1.4500356831957,4.47836560192117,6.60590173921115,1.2438211485717,4.00583582715889,6.53045824250653,1.0833520673108,3.70506742391971,6.36824511219196,1.42980836495815,3.52650175860145,6.04927175227448,1.42553587639616,3.75917100660291,6.01548325898637,1.44502616391051,-0.385920907385131,6.77096346549119,0.776616167178281,1.80355185843464,6.27126712352859,1.16286018647433,2.3764530816939,6.16367977062185,1.27509180486941,2.96814626020261,6.07966040479639,1.36023668960782,4.3853439662039,5.90657257936109,1.55342992861279,5.08170336678316,5.77683099931805,1.70811787286438,5.77273787980018,5.6983435526717,1.84638311315884,6.49089310916632,5.64411661892011,2.02708120310525,7.07977845645642,5.59791605217261,2.01991865214546,7.61767597998383,5.71928250480629,1.74861055285665
1.57244128846418,7.43357871571057,1.2083423866148,1.80689518198459,7.32982297007138,1.22389261989563,1.94660125104604,7.22046104565495,1.2042128962694,1.75618804868297,6.96949692051383,0.87549685549762,1.39078082051669,6.81566610928853,1.03524481804839,1.12167019844147,6.46149410867222,0.924828895368889,1.25562852172536,6.42959441073053,0.979644585670418,4.52878134598975,6.93897223931648,1.50551819299146,4.65015673126189,6.73502297305538,1.44393189347288,4.46213031483831,6.60814340739277,1.23233557489669,3.98468299494684,6.52951885130746,1.07841471876989,3.69141283211533,6.36648119593407,1.42718480252688,3.51344300066462,6.04739724690589,1.4204455591206,3.748799919399,6.01751115317773,1.44656825725424,-0.391855424383608,6.77338721735866,0.775423424278542,1.79476472151138,6.27420888761617,1.16128199415338,2.3640360088933,6.15981185816102,1.26994571858775,2.95293487590488,6.08179280727443,1.36160483256508,4.36513314693544,5.91456048955534,1.55277412614366,5.05437097407057,5.78172008955709,1.69873517578759,5.8132542180406,5.69832266146739,1.85988245660738,6.49894718045602,5.64253666891327,2.02854662554632,7.09776649502053,5.59914792716178,2.00998105637955,7.61076044067571,5.72046458394747,1.74039174925951
1.57260834247252,7.43426300847357,1.20755041090705,1.80733873378597,7.33012360778984,1.22411822286862,1.94583452291389,7.21942696145901,1.20355567990811,1.75411742675504,6.97288834554745,0.878713779393136,1.38823840565899,6.82062679903844,1.03842684564271,1.11986867334093,6.46653886831461,0.923285718855729,1.25436008132307,6.43266598837275,0.97931875203801,4.5442390818434,6.92140698296464,1.51731454630502,4.64731142935455,6.72810416396552,1.43039128305941,4.45172281565711,6.61164972502718,1.21675851333396,3.95905964550724,6.52138399864527,1.071367666126,3.68204158800788,6.36624610747329,1.42709196609624,3.50745644894237,6.05392379814581,1.41911344970837,3.74399825146109,6.01958099769621,1.44821724855257,-0.397091380517213,6.77691556219846,0.774060804614571,1.79650857379118,6.27747173995644,1.1613099217712,2.36199669581957,6.16024047343613,1.27112993942548,2.94565019030178,6.08468664081102,1.36168741140931,4.37471552884551,5.91363279313963,1.55791780181704,5.05716863733724,5.78732897749748,1.71932351579951,5.71436358444196,5.70223884820145,1.85095334626753,6.47862818459556,5.64481269543458,2.02706754086963,7.07216474400145,5.59771285197737,2.00916879234106,7.60293295196245,5.72633291247903,1.73427247432403
1.57186185430961,7.43435302256799,1.20853233593191,1.80707102426355,7.33183602796834,1.22263166399028,1.9440340621272,7.2194849087831,1.20157970690654,1.74819455471419,6.97630928224064,0.879167679990723,1.38228519859196,6.82035155517631,1.0429765281742,1.11532956292939,6.46637295805103,0.924193806720799,1.24928487846592,6.43241279476179,0.981034662734102,4.56711814144451,6.8994532235184,1.52698641448807,4.63566743567186,6.69543752005724,1.37472059459569,4.42161230938852,6.59756340735807,1.18910426843496,3.93664066597347,6.5047047600225,1.05179785133892,3.67563534889129,6.3674765100198,1.42391237349291,3.49984762806013,6.05622070945687,1.4221090180965,3.73891060748329,6.01818774428899,1.44137671210793,-0.402793977303144,6.77613009908714,0.775547385164256,1.79178483616656,6.2769715234467,1.16263663262879,2.35387043238982,6.16224552937736,1.27083848547722,2.93583857098571,6.07193970336447,1.37241505718146,4.34783991037473,5.92694136059298,1.56288646920792,5.08424437492648,5.78820854225271,1.73358339996953,5.7801640003844,5.70302004885492,1.85682807836246,6.48241521048434,5.64578738309206,2.02739158129019,7.07022528540301,5.60178853311851,2.00601844197645,7.59705435667927,5.73358119959432,1.72690706384243
1.57107114246836,7.43447829924244,1.20780085656658,1.80723505912434,7.33500766880172,1.2207484706548,1.94272774788374,7.21834049731865,1.20055211894322,1.74518259800159,6.98002999029649,0.881638885196047,1.37715426717548,6.82410686665053,1.04193536461992,1.10893285296139,6.46459925632544,0.916150211700988,1.24283548313568,6.43401969891652,0.98015025387477,4.58032850538199,6.90199021853592,1.51997856273464,4.6244928700278,6.68792401007035,1.3643837251918,4.39113352880704,6.5840294779489,1.15804733314544,3.9092627709059,6.49545608239164,1.04238779145789,3.66994971091233,6.36261264268547,1.42370798710082,3.49119245729329,6.0559713046416,1.42489809566145,3.72878712755073,6.01470432968093,1.43474918057476,-0.40791291595219,6.77913236236918,0.772657361235881,1.79282014608787,6.27607128033998,1.16349477470516,2.34504635691718,6.15640131800679,1.27737002820945,2.92750879475113,6.07065556070537,1.37524184252965,4.36322702933655,5.91347562199453,1.54856504111389,5.04785522928121,5.79524800486353,1.70885190818599,5.73017993572874,5.70722630207501,1.86655916545179,6.40355134181815,5.66324514255425,2.02194958445078,7.04986124642845,5.60185539354137,2.00791758036364,7.58994121711368,5.73552022521985,1.72125975915698
1.57091460286631,7.43469197739407,1.2069764368989,1.80526029242646,7.33170835701889,1.2235775528827,1.94003955520601,7.21838192635988,1.20192671662022,1.74109456211033,6.98201104417705,0.880103178464111,1.37129557590887,6.82617951148266,1.04232876948987,1.10368236184072,6.46607605611867,0.917575795913562,1.23800284149559,6.43599604059791,0.980844806899276,4.58542575201006,6.9035003174949,1.51878342560277,4.60634742421841,6.69525559037255,1.34850928198219,4.37212029992032,6.57206809369959,1.13574028469679,3.8797147456437,6.49024500121805,1.04417963262933,3.65354762520432,6.3599971440574,1.42427165402172,3.48403161793322,6.05576007650279,1.42964338251478,3.72470566650139,6.0139195627535,1.43099092667109,-0.41465260704539,6.78061073381991,0.772678646170088,1.78767628809684,6.28143544877931,1.16036558910814,2.33850200345068,6.15718111495773,1.2781718679674,2.92021087514517,6.06910475981807,1.37653061384724,4.37446006467654,5.8974503977811,1.52637111931087,5.02737937359215,5.78964761903879,1.70241447614635,5.70984276576836,5.71037572413362,1.8552892235309,6.41336146705779,5.66385394998154,2.02095445298173,7.05251077489942,5.60496457967294,2.00308398468883,7.58285031230466,5.73267825608308,1.71677641320186
1.57087585696767,7.43502827903338,1.20726870700626,1.80487826557943,7.33114987277694,1.2239526085347,1.93852623550923,7.21747763766069,1.20174019421051,1.73737028007037,6.98805521506787,0.887198257907844,1.36596713907981,6.82884805744273,1.04189463242843,1.09759913048072,6.4687105731322,0.918112314473837,1.23105060731723,6.4378858975755,0.982068097420124,4.57484654002743,6.87242638464522,1.53858608654311,4.59062989953361,6.68848301734721,1.34111477796598,4.35848299540603,6.57366419816405,1.13290811352366,3.84553015781241,6.49016901842748,1.04425703211841,3.64325183907839,6.356777702044,1.42251404750641,3.47709763663908,6.05513130198889,1.43307761254427,3.72035281364395,6.01721355582529,1.44329517623438,-0.422506270014098,6.77688110904115,0.774657987798272,1.78149609645916,6.28212805432513,1.16225092489709,2.33349045939165,6.15682428651315,1.2795964857237,2.91578707762105,6.06933429850144,1.37572298840938,4.37398690058237,5.89316185958097,1.53085868299103,5.08813005542247,5.78552146744024,1.73289966583339,5.74513535051124,5.70795769334668,1.86783305196386,6.40762996474304,5.66455848809522,2.02177273324061,7.04104799691857,5.60420937883981,2.00317698348191,7.57716099496096,5.72962266505418,1.71721755596525
1.57207775703194,7.4348383894624,1.20659721240066,1.80566225719685,7.33246112612761,1.22325666643581,1.93612496415547,7.21553737805907,1.19820922818957,1.7294455923406,6.99022487817694,0.88490690770085,1.35932704772778,6.83217084890391,1.04061045814382,1.09267876519607,6.46967361971273,0.917273586087498,1.22532581206933,6.43944808821378,0.981746297234117,4.58758756304378,6.90337837708334,1.51259661055831,4.57695262138115,6.69631472667567,1.31862234122127,4.34092938059498,6.5799218852465,1.12406334410117,3.82334247415047,6.49242512223486,1.04234355060649,3.63566410633166,6.35707792409194,1.41999118852522,3.47241245217986,6.05456572059369,1.43501266246183,3.71407297838453,6.01963054234436,1.4461231046022,-0.428904005906661,6.77894988980628,0.77157980130091,1.77820003374284,6.28139084356084,1.16179870476905,2.32690077865124,6.15348399799284,1.28057804532606,2.91124839056918,6.06772434503294,1.375699298065,4.3584003690569,5.90427728302037,1.53856038665298,5.10669873885079,5.78425234567163,1.73555482121967,5.79595881659075,5.70592330384705,1.86364843879828,6.41067409266775,5.66568170300023,2.02122364331906,7.03752466317941,5.60536336188578,2.00236314401749,7.57135290874819,5.72696636858352,1.72455684118584
1.57244170004297,7.43507045443475,1.20703373835595,1.80565843515799,7.3335583046604,1.22342195996092,1.93522489673653,7.21473650718803,1.19711257224505,1.72390215876368,6.99072216973782,0.885232021877582,1.35238248912901,6.83425219552829,1.04140485526982,1.0842728815758,6.47328068967747,0.917643820063281,1.21754114383076,6.44066230506569,0.983001541641708,4.59637279494218,6.92290553066261,1.50920557000005,4.5675475641068,6.69880767227258,1.28166943955882,4.32278733865153,6.58400854017397,1.11258363324384,3.80258225110993,6.49813832174467,1.03707490434175,3.63221757110408,6.35747836046333,1.41973742746084,3.47018430331386,6.05449975930791,1.43634430291007,3.71211753667481,6.01857796889391,1.447045097213,-0.434918451231858,6.78331195039488,0.771058989864716,1.76859818823736,6.27931556566682,1.16258427763143,2.31932380233956,6.14994165717235,1.28105348401745,2.90453273239043,6.06298023947758,1.37734212440085,4.3706996078754,5.90477721048569,1.53794939964061,5.09050855892622,5.78636536738918,1.7385109630272,5.78172320768084,5.70793982539813,1.86255310127262,6.40198815179574,5.66507312332556,2.02239495497704,7.03253951714194,5.60556489839255,1.9967957830686,7.56565805093997,5.73062596373364,1.72442034404499
1.5736285737355,7.43623171427816,1.20754666821642,1.80622529531301,7.33243442586355,1.22428683756681,1.93333305423351,7.21249520813317,1.19499259410778,1.72000236631502,6.99625150523907,0.891278063645574,1.35167688550438,6.830833566346,1.04543870340456,1.08000115755704,6.47323161076246,0.919692584427493,1.2146821703847,6.44055684363208,0.985566249278548,4.59590372426052,6.93022771032341,1.51349425140406,4.53633260099562,6.70895285749602,1.27690192448848,4.29569161272428,6.57842483161091,1.0908525613636,3.78157229775641,6.50018649871525,1.03494203507712,3.62243830150314,6.35901028047408,1.4233450719878,3.46042348192808,6.05589455138537,1.4350076583928,3.7000306878133,6.0244535239699,1.45156770188885,-0.439335704781934,6.78666286128986,0.773694658298776,1.76777992911107,6.2786848188836,1.16288229366307,2.31691952258315,6.14887478326721,1.28210539725474,2.89418603890747,6.0676420206578,1.3764984187002,4.37300099300163,5.91748846714021,1.56272941836982,5.09904456845377,5.78894847371223,1.74117720885535,5.76583054186623,5.70815235365031,1.85825750973664,6.3918820078843,5.66317036580437,2.02300345305808,7.01874039119861,5.60278177384424,2.00043212234176,7.5590929658197,5.73641762016956,1.72318264379863
1.57357095353206,7.43518584610234,1.2084320781369,1.80572630955768,7.33181460429224,1.22512962912528,1.93096818897673,7.21276754614455,1.19434434082929,1.71390277109971,6.99541049722565,0.893058515477736,1.34416638886043,6.83433308039915,1.05062674453235,1.07607404868387,6.47182420493917,0.921789777005527,1.20889493400322,6.43922199505902,0.989104979227918,4.61672590938903,6.93236696387847,1.51822805601912,4.51889658305983,6.72340346538002,1.26627185455289,4.25910354232603,6.59396564180997,1.082647542862,3.75977984799145,6.49550680696978,1.02005487998809,3.60920217715228,6.35897857156531,1.42341539146256,3.45036643747106,6.05170496397357,1.42266969804093,3.69355659896286,6.02981507418397,1.45328338544472,-0.443342912588665,6.79107506547477,0.775230982329359,1.75827960651196,6.27757307996044,1.16408411782818,2.29369009742269,6.15106459403749,1.28969368473914,2.88475248555,6.06510825131294,1.37656117125052,4.37534681322078,5.92860265081086,1.5830950330254,5.10995697010144,5.78941239650936,1.74401871325604,5.77061901496384,5.7074007238651,1.86197788145114,6.37833214002868,5.6664179514244,2.02253206539168,7.00177530234394,5.60529541789439,1.9987809043858,7.5524979299343,5.74090907720561,1.72205048849871
1.57371459901613,7.4353998570677,1.20836092607403,1.80529556602754,7.33115502206195,1.22536938531038,1.92851202317425,7.21137130173481,1.1946701862454,1.70957272148959,6.9972072310292,0.893460058808977,1.33922766559183,6.83725215640798,1.05054304303849,1.07020070926069,6.47256550092947,0.923018139163185,1.20311545761499,6.43891489012196,0.990188571059775,4.66735956253535,6.88885780432013,1.44371865988875,4.49438609695536,6.73049249347376,1.21430106185764,4.23523969666718,6.60167729368924,1.06160616940007,3.72733165516552,6.49566664617031,1.03858042296151,3.59670172326063,6.35270306194945,1.42829928867983,3.44339379961474,6.05044419501677,1.42468470795466,3.69162116995332,6.03037057412072,1.46024245325296,-0.450641875977711,6.79295074069964,0.778225722067105,1.75072621656821,6.27893944295404,1.16347714864671,2.28853646376362,6.14777210124632,1.29134047322764,2.88179478959288,6.06291566115856,1.37939871993596,4.34750320341736,5.9308566474125,1.57146211901083,5.04264713379485,5.8006584639877,1.72729818742546,5.75185230360989,5.70919043945253,1.85805196949446,6.37064979003777,5.66782065311189,2.02187591688947,6.99513002847589,5.60692915175687,1.99749329495095,7.54496686695746,5.74484340385797,1.72088982892289
1.57405556245483,7.43567959686229,1.20820246287876,1.80526862146158,7.33191939476013,1.22541139668691,1.92737411997925,7.21256221225126,1.19521529407059,1.70580218407328,6.99949385573247,0.894039725503822,1.33525078983294,6.83948836193767,1.05176431836209,1.06900315349694,6.47447333811264,0.923910487185907,1.2009917478409,6.44127891164207,0.991736759430797,4.70008159062973,6.83261602765553,1.34060961683504,4.46805868147415,6.73837411324818,1.12979499592431,4.20160693633593,6.61433452213981,1.02506604338923,3.68734597723955,6.48604997109673,1.03681378173888,3.58890239943346,6.35132565087848,1.43319153757556,3.43956497989543,6.04477556324785,1.42306476795562,3.69623453051741,6.02961792315375,1.46149981974479,-0.45772620128091,6.79340738918226,0.780081474515149,1.74323517674857,6.28061366539649,1.16366803256292,2.28269119269838,6.1494772714301,1.29212487010433,2.87268351935741,6.05824576586394,1.38608318558075,4.33020090291187,5.93141603223767,1.55620989134007,5.09694830210566,5.79801255895818,1.74569912662081,5.76133047474338,5.71095798824536,1.8637079200114,6.37790252083674,5.66940611375012,2.02302780543459,6.98955542774906,5.60973797029169,1.99741817967756,7.53816003299294,5.74982440043021,1.72020491043672
1.57344673943543,7.43660590633266,1.20733690202795,1.80469067031128,7.33293377110984,1.22422611975072,1.92549483786718,7.21330179696699,1.19494679768516,1.70198176518061,7.00225159036533,0.897935964658372,1.33132014745448,6.84094107927633,1.05288516451599,1.06196267916847,6.47624058360092,0.92499895876388,1.20064923968284,6.44513487008233,0.990833030261763,4.68963828497552,6.84299034788707,1.26751100594089,4.42661224230152,6.73945442225537,1.01726157111887,4.14778652315808,6.6208816426954,0.970921821830735,3.65704457047045,6.47339350113768,1.01779370934876,3.57803832721917,6.34986147137954,1.43598788236682,3.43091481607994,6.04378529418085,1.42421574148872,3.68845858317315,6.03054252721305,1.46893666637727,-0.46466459220437,6.79911819794816,0.778138470673482,1.73340471031898,6.27904390741169,1.16545474494797,2.27392797510948,6.14527369239846,1.29479012789544,2.86355746616076,6.05877348004882,1.38686266650549,4.33534809014629,5.94562770729386,1.5816781240942,5.03464690272741,5.80479965602253,1.72131636097758,5.74711698836699,5.71110973899022,1.85655209416873,6.3754991963488,5.67085327814994,2.01810966942969,6.9904272072269,5.61104462700205,1.99376930480889,7.53270125720784,5.75000810603171,1.71884026431135
1.57256838159119,7.43666295704586,1.20747416098184,1.80410161958021,7.33346401255765,1.22376403135475,1.92259420920074,7.21202585626591,1.19350385834725,1.69758327563263,7.00416505900895,0.901059875616252,1.32555933861895,6.84442985984083,1.0538466181226,1.0580990415739,6.47967860137473,0.925542617392313,1.19652768920624,6.44827843123624,0.990955755984594,4.61309924159383,6.72862565059419,0.950564823940307,4.36087751463348,6.72451599605791,0.908039695699449,4.10895611351125,6.62249824671086,0.899966949519582,3.61324171044617,6.49101403794697,1.03977475189516,3.56455397051956,6.35314990938978,1.43691930765238,3.43148341415377,6.04123590086175,1.42750650283398,3.68399724015603,6.03199623187831,1.47304305673871,-0.47157873651062,6.80184586693326,0.777885403535826,1.72528818231654,6.27970527427429,1.16513036957036,2.26910570804376,6.14455493859072,1.29543203122067,2.85729950419688,6.05570981067275,1.3906057685405,4.34944193410107,5.95518678630264,1.60331746653786,5.03946967812471,5.80657975492798,1.72223191184054,5.74345697689545,5.71469864078029,1.85589525854476,6.3660445963663,5.66820244612944,2.0215136286739,6.97153793107064,5.60523783820968,1.99472232523922,7.5259820022318,5.74785135817195,1.7189031270175
1.57255804548564,7.43866224578264,1.20764833421044,1.80494304607341,7.33488107012796,1.22103772666439,1.92129757944498,7.20965259077108,1.19225313282418,1.69215381194871,7.0051700196555,0.904036180743398,1.32041680883555,6.84710629251942,1.05618068591915,1.05518434207693,6.47909813155293,0.927716065720562,1.19317906004083,6.44853077125426,0.993169745659592,4.59672771387442,6.78469327752284,0.882664429767625,4.31354300551386,6.76085022204376,0.847440407131428,4.04925949397014,6.6152983348576,0.841787154749964,3.5710251383332,6.48917971800586,1.02426058064395,3.55028922212965,6.34693656332871,1.43759265017522,3.42426748897377,6.04089324953173,1.43156593010808,3.67457346866498,6.038847987172,1.47050229837871,-0.477304382863578,6.80224058216325,0.77847028876062,1.71812460350923,6.28423588818282,1.16243289354072,2.26449749519157,6.14482025816375,1.29595400950608,2.85058894411971,6.05455749792234,1.39115207181688,4.32285769313051,5.94704555822145,1.57273678972681,5.01231859309936,5.81025776881168,1.71025088497866,5.68547394755859,5.71926568020793,1.85312184172998,6.36048952968914,5.66748263212028,2.0210048359782,6.97233251347258,5.60338950844537,1.99226685676089,7.51941834263178,5.74487810054667,1.71950045289087
1.57457105220976,7.43769919274746,1.2072115900405,1.80543814339595,7.3351141367914,1.22027383663498,1.91882873349387,7.20834828847275,1.19137054367123,1.68888885004842,7.00841023583511,0.903404639840132,1.31746537389914,6.85269606586217,1.0562373709454,1.04946294844233,6.48174790577265,0.926021847719321,1.18525367653177,6.44932325822456,0.992381734531611,4.49050884684496,6.78899739369544,0.796970784975576,4.25611219983316,6.78522781271646,0.769667226307067,3.99802939453027,6.63304603113909,0.81896518907005,3.53936146675375,6.50117070702254,1.0166350948028,3.53703417091057,6.3438927829913,1.43635939432003,3.41381703916139,6.03809140005042,1.43811696157474,3.66997720961047,6.03461533202463,1.47220271345899,-0.482817038692073,6.8060141714522,0.779079161755385,1.70776081763345,6.28782733959444,1.16517348840272,2.25780262771591,6.15072495388958,1.29054706586393,2.84067510111725,6.05323142300324,1.39065465162764,4.31582267907559,5.93963715993561,1.55010573043521,4.98107750876333,5.81578343045491,1.70244058581047,5.7322815621638,5.71505957245122,1.85311306356532,6.35868274610215,5.66857136136864,2.021908560551,6.97355688548063,5.60559120572542,1.99267619071236,7.51434433009516,5.74182131448814,1.72001714438929
1.57548570530305,7.43734161914323,1.2078116560431,1.80537358881217,7.33513846740223,1.2201138800783,1.91759150057532,7.20618188368828,1.18905262320995,1.68489843274857,7.01049908795551,0.905318955386447,1.30922860151791,6.85366444169919,1.05616720623452,1.03946436222272,6.48872582902961,0.922823626157416,1.17075058287345,6.45185311739639,0.987403527803934,4.45009657725052,6.80356960611581,0.763467701350098,4.18671113739782,6.79956390733197,0.725176241502315,3.95454838387258,6.65538287597718,0.804973975711045,3.50567119060567,6.50336056623343,1.03786205094065,3.53282666735104,6.33902988410498,1.43361965345897,3.40039349698053,6.03970854328284,1.44270959932652,3.65221128101678,6.0388060557863,1.46567480975707,-0.48908288068093,6.80584446927379,0.782623912536344,1.69357665604477,6.29090503537284,1.16294798229799,2.2419974590793,6.14844730940062,1.28795875631407,2.83221338247467,6.04505016021742,1.38146120217806,4.30598611634871,5.9547366547859,1.5649830146439,4.97842005916445,5.81927789704036,1.70451091710517,5.72493852940439,5.71656870055884,1.8528219671244,6.35679218337968,5.66796809498588,2.02177345953733,6.9723648799735,5.60740790177417,1.99278626335174,7.50847321422771,5.7441115340223,1.7189823197945
1.57597594634369,7.4363426859413,1.20822911744638,1.80558888968845,7.33600793394566,1.21924686648512,1.91518480563305,7.20616011676929,1.18856822256715,1.67880984414599,7.01360075218539,0.905249365080513,1.30530459483145,6.85512546101191,1.05638316208041,1.04048811298178,6.48981970152359,0.923939980481204,1.17008052443366,6.4535199963643,0.987644839724222,4.35767720632678,6.82208625407995,0.712228440469747,4.13799802239851,6.83357294757859,0.689861823512182,3.91566660759203,6.66838472430942,0.78210523610357,3.47364870136584,6.47691080689353,1.02826583077916,3.5163771981186,6.34144682293771,1.43688303186046,3.38315399561683,6.03711183423123,1.43497593049749,3.64906625568875,6.04631453686221,1.48102051048892,-0.493911916449745,6.80658856130825,0.788052440366922,1.69286134474855,6.28961247733197,1.1627953697776,2.23821508364674,6.14627474097357,1.28760168320719,2.82114716664324,6.04764683151165,1.3774233600786,4.28746059028123,5.95902751317527,1.56302164428233,4.97771248941378,5.81919122615053,1.70350207028995,5.7202034261953,5.71654054162972,1.84581700578336,6.34932196359542,5.66694946254927,2.02386323793437,6.94893530937187,5.60262665947072,1.99675640752439,7.49974681297431,5.74522441686051,1.72213988514915
1.57749148975168,7.43712980579456,1.20820521004726,1.80586355213262,7.33514420931704,1.21936117344646,1.91350553187241,7.20424006093642,1.18960595688707,1.67220563882447,7.01449248336902,0.905885464322078,1.29756897572198,6.85608855044854,1.05736774777346,1.03715418934976,6.49322227637635,0.931312539671308,1.16337565408417,6.45535053546995,0.988635611300105,4.31997266307815,6.86722676408749,0.685256601242669,4.11366692793929,6.84664254694991,0.650225383289569,3.86854647767186,6.67651669903815,0.757271760254623,3.43290961816374,6.4749624639747,1.02959309653496,3.49880272906361,6.34808644887958,1.43459373496995,3.36793044198216,6.04299422949255,1.43865640391293,3.63661589163171,6.04723629521951,1.47493772948361,-0.500237624838927,6.80902647933973,0.79214711765573,1.6817927552834,6.2947401528121,1.16021382886788,2.22891004567994,6.14564058063273,1.28567102554256,2.81081988681624,6.04594650083071,1.37706873353489,4.28466665662564,5.96434567741731,1.56296745519955,4.97481789079096,5.81974193321393,1.70371852401593,5.66439798608362,5.7225080228385,1.82618340753955,6.34992920713513,5.66642531376759,2.02191277920282,6.95483718182378,5.60163036168845,1.99279502696657,7.48919997378114,5.74428801524581,1.72437466709837
1.57963612995711,7.43715465259255,1.20827430571404,1.80670389178814,7.33592033282503,1.22015194582666,1.91120396986675,7.20291178709414,1.18992910061154,1.66815009630252,7.0172873382844,0.908515513173411,1.2919153217469,6.85884030550166,1.05950260411439,1.03037443763614,6.49287395230124,0.925648233876477,1.16074606362683,6.45563228090839,0.990170430617264,4.22495821626727,6.90095735929917,0.61880927699227,4.00532984418298,6.8845497016791,0.63294084727442,3.81873849924608,6.69421451271576,0.736194734266672,3.40772431130963,6.4679666181117,1.03008179592494,3.49094274902929,6.338464016625,1.4295327893363,3.35863362950834,6.0395020671167,1.43776864133774,3.63661898942425,6.04439542551855,1.4741786822452,-0.506206687666228,6.81296903554252,0.794607219836316,1.6773423889244,6.29400620468294,1.1592047721952,2.22314316340567,6.13836929019543,1.27777046013605,2.80572250167665,6.05296756743907,1.3701546654591,4.28729965156907,5.96395634743291,1.55929372896623,4.97310380787757,5.82144668178036,1.7000014698968,5.68785142049011,5.71914006930084,1.8258638939159,6.34185265235094,5.66503035074005,2.01634990806803,6.9488137128276,5.60199028000477,1.99095505435168,7.47917627751336,5.742210134752,1.72495516303917
1.58136501123159,7.4355970826703,1.20831205614942,1.80820377536555,7.33597164441485,1.22063915589717,1.91056083340874,7.20210910415423,1.188572849164,1.66349503185616,7.01801232647571,0.907837960375162,1.28541611236067,6.86122669733394,1.05895156530377,1.02713217036109,6.49717572166272,0.930600334642262,1.15354732970411,6.46053974239138,0.988387810999921,4.16629300119918,6.92923813996651,0.62626580595422,3.94140919910761,6.89487675849889,0.604663717705628,3.7515810531725,6.67979278037507,0.722052244057742,3.36329092113154,6.45007441889685,1.03612000009651,3.47121202247584,6.33683492101062,1.4263032908227,3.34947033023029,6.03224721196505,1.43354205508392,3.62367309800181,6.0319260245551,1.45959891276377,-0.51251242027732,6.81750278302554,0.796161711488311,1.66604403147198,6.29276644601446,1.157493269287,2.2091678292514,6.13324927052131,1.27996858186866,2.79027263417685,6.0447011707953,1.37492577594611,4.28432585863273,5.96334568309484,1.55755563939084,4.96875201412815,5.82175589935911,1.70131689976875,5.63315112712393,5.72459711674196,1.8261377674805,6.3299376164225,5.6640945319541,2.0160359887213,6.93493659440606,5.59886799333051,1.99193457236449,7.4715338765771,5.73697538770647,1.71730130156915
1.58160617850818,7.43685722948298,1.20724465549385,1.80828076141777,7.33710113593436,1.22052393211184,1.90914856749441,7.20090255714395,1.18520917692346,1.65695414579225,7.01395791561003,0.911987442781798,1.27806497450958,6.86244896193115,1.0603744938126,1.02137318069232,6.49934143552326,0.932182097872063,1.14886996544064,6.46310055013189,0.989246482548141,4.07039034584612,6.95414322700601,0.578379534438394,3.85470360218804,6.90596764423664,0.581064056555044,3.67824131710271,6.68875493640748,0.713088417533001,3.33711259944166,6.45573206313756,1.04034918498267,3.4541691942255,6.33625352953839,1.42436620365989,3.34078810921511,6.02671551044322,1.42935175970985,3.61542402803506,6.03565800824683,1.46477083843428,-0.518779687625189,6.821757131229,0.798054803284845,1.65787444131481,6.29269157940478,1.15723189137745,2.20435060953161,6.13410838909414,1.27913273215821,2.78454444920033,6.04054460819625,1.37726109095746,4.27661949467531,5.96447459420359,1.55140757972655,4.96245570823483,5.82437971856949,1.69774713798426,5.62634754830998,5.73021255243144,1.8205220922093,6.33361351996366,5.66338213079806,2.01690109789695,6.94012499895732,5.60475932214684,1.98765946649034,7.46299086852033,5.73346643445645,1.71505644677086
1.58199216297662,7.43786458024155,1.20707385715393,1.80778100337816,7.33675111965345,1.2199589473883,1.90650396318455,7.19918205327398,1.18349778804292,1.6522746681855,7.01533553474567,0.912316095219442,1.2676128950936,6.85887381754738,1.05834455082532,1.00757795443979,6.49933230836207,0.929354917861739,1.13631517869637,6.46342305203987,0.988010515636216,4.01395415322652,6.96311202768493,0.53835186315721,3.77092155474169,6.92592144055434,0.553465086267955,3.61285737229207,6.70489660703036,0.708501130645062,3.29958859396616,6.43971265720904,1.04255366537501,3.44581650786456,6.33387439153641,1.41733914660554,3.33866388357114,6.02511516446174,1.42728971585126,3.61742623164221,6.03401439428946,1.45814046864418,-0.52603892828941,6.82401601691081,0.800111557183766,1.64424284575058,6.29148240352653,1.15512702716311,2.19539131123029,6.13378946918841,1.27937259325634,2.77820068720945,6.03926328480428,1.37679163250271,4.28015807162119,5.96539995448867,1.54760966659122,4.96947332112585,5.82318909885545,1.69922821933989,5.64241090604241,5.72941620185405,1.82360121734509,6.3238035408796,5.6638588751507,2.01642895200128,6.93653188176317,5.60811766857071,1.98671567961501,7.45572210047861,5.72842071174513,1.71460712441906
1.58224284613984,7.43826660487298,1.20584835395468,1.80753437413702,7.33768582920656,1.21952795321341,1.90333439872652,7.19759003539227,1.18354973235095,1.64040532545352,7.01791221912037,0.912859465629766,1.26174820007523,6.85984031321824,1.05863834712152,0.996532219259367,6.49923500491717,0.929804206594761,1.12877367027109,6.46639888062928,0.988045993014451,3.92375152728701,7.01459622655327,0.481743888347639,3.69893244979668,6.9525312434576,0.537558527582049,3.54577564972276,6.71063031074229,0.700709136634629,3.26332068971973,6.4354260285889,1.05108283000371,3.42451776133007,6.33722637101417,1.41625190838217,3.3312861230253,6.03262266933902,1.42484365907505,3.60590016722797,6.03901924046028,1.46049031249432,-0.531852895401229,6.8253311472491,0.803294800118451,1.63497590820793,6.2928510188756,1.15450525087391,2.1852466557197,6.13287298671709,1.27955064345407,2.76919754099548,6.03906863596313,1.37737466256834,4.27902657590556,5.96467087135079,1.5452664062864,4.97719116082132,5.82137802818478,1.69900710180367,5.64331935953932,5.72850877185936,1.82634095430254,6.32337395568124,5.66547973746586,2.01596942636101,6.92996299750802,5.61018642944817,1.98469856674384,7.44894886403952,5.72497001577845,1.71091967025353
1.58346485855006,7.439784353396,1.20543579443035,1.80807730175713,7.33654912914311,1.22032885967771,1.8995527202636,7.19553143506034,1.18378444667606,1.63797560098547,7.01929949513286,0.916153264261273,1.25720659910371,6.86153775295127,1.05756812992048,0.992972007689829,6.50268464746896,0.92794739881818,1.1245299632093,6.46929477591911,0.981722616845694,3.86568491937948,7.04395956646153,0.480948555505342,3.6083259465117,6.998589487797,0.549719017165428,3.47698290087604,6.72599628123501,0.712901989038726,3.24616191280088,6.43098467291578,1.0554158374713,3.41071691167829,6.33511435091546,1.41842169619848,3.32579776858935,6.02324860434778,1.41427056422701,3.60155748517106,6.03400654089118,1.4505237503246,-0.538608635549932,6.83069217084994,0.802182668375459,1.63087177500745,6.29337068471204,1.15467066020732,2.18008409547278,6.13035948036578,1.28211429680121,2.76270593634358,6.03616182654995,1.37919009435892,4.27577686684239,5.96711074106601,1.54521528421727,4.94870517413165,5.83091859776946,1.6947067316884,5.60401023319373,5.7361412977718,1.82250120227298,6.31225807338985,5.66346842233764,2.02077079827822,6.90828137679992,5.609546805332,1.98556445548254,7.44026989522312,5.717916715147,1.70953582832516
1.58492004145822,7.43967607856881,1.20605572544686,1.80718515657539,7.33785263089702,1.21988899705666,1.89744887149003,7.1961248460767,1.17815658619248,1.63261686352296,7.02141108816582,0.914084662792735,1.25239047510497,6.86529288515376,1.057619077266,0.98991460303998,6.50505664489328,0.927681012964944,1.12033557549572,6.47226958896706,0.982889637537222,3.72789787199829,7.12591285164203,0.457502648556468,3.53130489581197,7.00547969880152,0.514359382486375,3.41969791945325,6.72991633348728,0.720764906526723,3.21697811556027,6.42831017879549,1.05733808302344,3.39862175202573,6.34235770498452,1.43135598235718,3.32590800268074,6.03485632045655,1.43957210650983,3.59035180356469,6.04115110719923,1.45678721406867,-0.544651232120006,6.83589568829644,0.802033654783555,1.6256243813761,6.29154376243948,1.15474390749263,2.17577270378051,6.12596285571797,1.28462714944502,2.76455863686727,6.03079744930693,1.38463769053668,4.25661382693025,5.96882974435436,1.54670735965156,4.95170183106654,5.83014979586594,1.69646251032131,5.62143438987839,5.73339543132933,1.83013356188758,6.27835957122898,5.67322075153873,2.01757560084052,6.90091149199143,5.61125976062313,1.98335928367678,7.43314460529726,5.72152503087531,1.70331019556041
1.58412031935006,7.44164455549489,1.20556196885732,1.80591352466482,7.33742418942574,1.21883616391488,1.8955206242412,7.19548608035394,1.1768742021872,1.62797772750744,7.02666938060814,0.915972403075097,1.24559536386512,6.86781456482002,1.05896421153481,0.983792311272432,6.50662305737935,0.927894074377867,1.11462822927922,6.47415662965482,0.983293114004052,3.6479889523665,7.15651414825191,0.425037040861239,3.450838938399,7.03599085834489,0.51311515812695,3.37573379699373,6.74222044982312,0.701366263807065,3.18772809142985,6.41830559197183,1.04973581538629,3.3829083158868,6.3410868650063,1.42932754987201,3.30995439797709,6.03633608336896,1.43589357145895,3.57551940928804,6.04488003761397,1.45250421217922,-0.552160437343929,6.83729947020756,0.804523832171655,1.62285446846628,6.29089315276985,1.1532083261959,2.16603233500892,6.12730592241114,1.28421391551998,2.74425922008469,6.03731909037787,1.38832517384019,4.25001287083832,5.97315916354165,1.54242150258681,4.94173523808085,5.83055833040323,1.69435695318183,5.59713687959446,5.73822162785206,1.82778943843047,6.27844291306976,5.67368202670488,2.01769632802165,6.89374478360713,5.60439409780602,1.97628731820539,7.42436131661504,5.71644394026868,1.70181784946189
1.58594058453561,7.44239113614451,1.20692817610199,1.80585777468047,7.33709520078361,1.21936777467092,1.89394342373137,7.19419899454098,1.17547031814398,1.62611645157801,7.02975513883569,0.91414902010991,1.24057753156923,6.87094039977217,1.05920285329548,0.97989627331057,6.5087748966893,0.93013445285892,1.11170162950055,6.47451511329039,0.98554183473348,3.52966635262483,7.20179286097844,0.432126233975519,3.34451116429113,7.03537628767013,0.529855093808665,3.29984484602648,6.75761414735302,0.730900633405946,3.15574325821492,6.42364357597243,1.06170463457116,3.36995661301616,6.34259186780071,1.42893374507315,3.3017600706935,6.03838032917644,1.43745625590629,3.57241114782589,6.0447318176877,1.452563899631,-0.558084519713501,6.84154741017939,0.80309919751034,1.62122022516585,6.29078359955349,1.15380349735649,2.15862291584489,6.12997441232854,1.28464646884971,2.73984988997274,6.02958599944266,1.39251732454929,4.24056045347383,5.97667262038216,1.53985699351635,4.88615917466654,5.84398683748226,1.67230959760282,5.59281877551874,5.74052222171115,1.82416390378055,6.2372399825562,5.68110883886436,2.01261630817073,6.88611541806363,5.6071621293767,1.97781497924476,7.41845119836507,5.71214553024194,1.7016496119811
1.58657538889008,7.44411035638279,1.20717676098618,1.80566042640236,7.33664106943625,1.22066216267767,1.89133561254163,7.19230213404012,1.17519106979535,1.62006739272737,7.03380970402797,0.91376345160401,1.23663957067021,6.87347249913141,1.05941050184626,0.975307187845417,6.51189942629067,0.930076179490334,1.10694597972002,6.47704551017598,0.984622393628146,3.44623533690689,7.24334951423542,0.439033356188053,3.25240495026033,7.04795674967516,0.521099444532369,3.23839868164987,6.74515424374786,0.722720056346113,3.13392488237029,6.41285554107347,1.03199700040752,3.35738583731848,6.33958525747411,1.42322862852393,3.28487057887825,6.03567565654436,1.43023076742322,3.56851036533376,6.04603485559632,1.45695704771609,-0.563980991094786,6.84384569563795,0.804765910271665,1.61705651225245,6.28969723495227,1.1558345605893,2.15278670250915,6.12503625174088,1.28861570996026,2.73673769535025,6.02145130972625,1.38405749615184,4.23913169378224,5.98056481574952,1.53953106853585,4.8819470604061,5.84461638113951,1.67088494620949,5.58512026697159,5.74073243079333,1.82760449328092,6.22837188945544,5.68328060297359,2.01474531209723,6.86835953965015,5.60854883248557,1.98158830510299,7.41102100031441,5.70898246243041,1.69789888104741
1.58849057647925,7.44424939080563,1.20527849100358,1.80689931254569,7.33665838992554,1.21991930314584,1.88873521436098,7.19054896142047,1.17511451045918,1.61802018849638,7.03635075649022,0.915249896847384,1.23298569892129,6.86768380233582,1.04681084827801,0.966778177521267,6.51015517312296,0.925689382483442,1.10043767665923,6.47619949447396,0.985820158998728,3.28766392814584,7.29207562958152,0.375420467443971,3.1545257538891,7.04740919526611,0.56386954947875,3.18553598773577,6.77833282911719,0.716609946134358,3.11508913008209,6.40744183503717,1.02151597647522,3.33992338303148,6.34353299709247,1.42616611052603,3.27968974599737,6.03810526466835,1.43842955019948,3.56462787213095,6.05208873230184,1.46334230398215,-0.567650646082062,6.84888385709711,0.803656603819234,1.61128655770415,6.28820361994708,1.1576003724016,2.14464321941111,6.12550248057343,1.29272679542592,2.72260922269,6.02685818501534,1.39252867126553,4.24552592863979,5.98206436441915,1.54090046464279,4.87551842097078,5.84658759591186,1.67237742186975,5.55130086909837,5.74283283689738,1.82964396830802,6.22619310189903,5.68470912676436,2.01397370050219,6.85481958914178,5.60922232593157,1.98152823465225,7.40340812380935,5.70537961579716,1.69623008087463
1.59060207378368,7.44456504688042,1.20572806361956,1.80886403297972,7.33602857609243,1.22010200501746,1.88788642495915,7.19017059721917,1.17524118074586,1.61552181682793,7.04032512934556,0.915929755952253,1.23116446936763,6.87869125348431,1.05685559858873,0.96931826492974,6.50969418135249,0.927714552377445,1.10316671287667,6.4768934352086,0.985847622794481,3.18244852843848,7.32387312086219,0.421821830687861,3.05585708947012,7.0790415491693,0.588461768856897,3.11874208134241,6.79895127555004,0.760901470800456,3.12907553348199,6.42767870010006,1.10501873700499,3.33258642843461,6.34862617588233,1.43157846918969,3.28366675320152,6.0371917876492,1.4418071353824,3.56568690738694,6.05577910581603,1.46666796225911,-0.571755317825242,6.85361106702838,0.805147446558374,1.61185746109889,6.29139585745439,1.15801205383264,2.14194304345198,6.12480670548598,1.2961113079376,2.72966815091866,6.02710150514327,1.40807532764807,4.23003406787763,5.98721652191301,1.53946853424139,4.87754903601093,5.85169433299388,1.68207852514722,5.56809866436503,5.74163617651382,1.82308049426297,6.2234174544409,5.68339444086615,2.01256902730958,6.85352190554309,5.61081772179336,1.97955706735488,7.39551967942437,5.70197359805476,1.69541760636312
1.59145263828416,7.44456606658005,1.20560256935418,1.80920434778779,7.33625359967871,1.22190038408779,1.88446944699921,7.18955243116874,1.17724184435534,1.61085501783262,7.04107203174184,0.916080389818696,1.22759769251117,6.87283344225162,1.04681258577028,0.963857611697162,6.51436925640583,0.925527146297463,1.09620175701925,6.48025866856189,0.984290774932289,3.04601005183182,7.33650693875562,0.466288997617616,2.96902988652092,7.07694350406298,0.617097167207222,3.07027534510638,6.8023447948603,0.791698249532354,3.11860594837448,6.42977841504264,1.10443622679117,3.32845750840847,6.34906852741192,1.43065793485313,3.2885024820588,6.03368759684439,1.4422662358774,3.56347317697444,6.05587486994895,1.46933095888368,-0.575081788941359,6.85873026273839,0.803138076701924,1.60004806564291,6.29007946710255,1.15862427643464,2.13183130557008,6.12540610452632,1.29328787372975,2.72972702099059,6.02185683075219,1.40756360196714,4.22314083899824,5.99286807536797,1.53931849645273,4.8611227437655,5.85445187181421,1.67804917354105,5.56954127025423,5.7440384885648,1.82819182323971,6.23104004037576,5.68230920471499,2.01728204240971,6.82662236664504,5.59807860537497,1.98400958637954,7.38701446069131,5.69927234419139,1.69225577498905
1.58678382227965,7.43861489011174,1.21016466179848,1.80999291326121,7.33610773228316,1.22311318993602,1.88069835073936,7.18814664789557,1.18009383812616,1.60646735302568,7.04070620123246,0.91579031586467,1.22050088321574,6.8765388154313,1.0476781952476,0.955567820479872,6.51556428088569,0.925718199742404,1.08696269968993,6.48124642954797,0.98450642933325,2.9049993090736,7.35078355617859,0.493994284646045,2.88077330299817,7.0769771186617,0.657310319676356,3.01757997063675,6.83020813812932,0.801155582285182,3.09805156974953,6.42078241616475,1.10425180998607,3.33234266949864,6.34681213098839,1.42991829901094,3.29728011755641,6.03350144913195,1.44273200024713,3.56413509421434,6.05982070429496,1.46849239697557,-0.578163433265072,6.86407908009142,0.802387050985298,1.59001226789594,6.29257459792275,1.15575670057174,2.12628066201367,6.12266471159356,1.29279258530318,2.73096888118229,6.02728098783729,1.42099887911311,4.22274931788956,5.99757383953088,1.54139696118571,4.85746825541838,5.85748391774058,1.68063317036391,5.49713982279801,5.75519099062053,1.8080696419723,6.22555462252486,5.68399623280611,2.01311494977046,6.82165056256805,5.60268926809725,1.98723108937124,7.38073713024993,5.69568816889504,1.68650871760202
1.58602408954584,7.43908677736011,1.2097972016066,1.80981131943311,7.33781301133798,1.22340342786617,1.87963378529387,7.18931302782982,1.17788576157075,1.6063585008747,7.04289013703785,0.918554050134761,1.21623842370438,6.87913155597602,1.04967873656715,0.949288903909125,6.51734145031177,0.925901530750266,1.0816564926813,6.48188461834452,0.985054188219545,2.79047075249317,7.32821294103015,0.500030768348502,2.80485281292756,7.05390028162116,0.675879007404657,2.95987474621776,6.826748167914,0.826618615451948,3.07615578225097,6.42620707371285,1.10516797367715,3.31716920842143,6.3511062904437,1.43029146174413,3.27686572267927,6.03903019886169,1.44088221268548,3.55400584663319,6.06486610925209,1.46830624227893,-0.58073132226709,6.86980883449612,0.805573192029572,1.58439713791159,6.29685166557655,1.15463063796934,2.11596917512495,6.12729743678328,1.29556834385267,2.71476275216866,6.02508443682327,1.43238305534787,4.21019795691548,6.0063226519908,1.54085449306963,4.85760794772685,5.86043015872432,1.68239233753708,5.51497394443478,5.75178466684836,1.81378863307594,6.21060965822548,5.68433505080049,2.01308644996494,6.81389506928963,5.60021215501189,1.98444570117745,7.37202218319805,5.69390914978207,1.68363445723332
1.58554043155831,7.43884551403672,1.20968950795016,1.80893595039184,7.33999932814619,1.22181026531956,1.87845039170686,7.19157963530058,1.17882489928654,1.60442981545276,7.0448301284892,0.918224599345702,1.21221493253008,6.88245672410007,1.05033652748367,0.945021423916504,6.52037475551765,0.926416206746147,1.0774940434192,6.48442612341376,0.985181214235612,2.67725239168919,7.29204374318973,0.534357579185303,2.74028439830835,7.0225606950138,0.726756194436463,2.90897431933004,6.81289608688536,0.847732058036999,3.05479021814111,6.42814468346472,1.11281260608587,3.30793926776164,6.35662869070855,1.43552680418833,3.27180617513705,6.03897146459936,1.4401324686916,3.54573736178793,6.0696090281722,1.47227523564466,-0.587921465147277,6.8673358488099,0.804253575242303,1.57405416798926,6.29890361633643,1.15398744775571,2.10300585439259,6.13057180880793,1.2966228436948,2.70048306467883,6.02631881475576,1.43108356617678,4.21085953497935,6.0112186880605,1.54253753215384,4.85380975690108,5.86531335942212,1.68479852838601,5.51379986606071,5.75544603774966,1.81461106169023,6.21546422510036,5.68405101279691,2.01171496836106,6.8252640036776,5.60211258033929,1.97962025798341,7.36436055372114,5.69092902677585,1.68365462752088
1.58548340983638,7.43870198797386,1.20955210034342,1.80738348719128,7.3399082757651,1.22229715133314,1.87887075643314,7.19025579193474,1.18115086095082,1.60109641707884,7.04894519423071,0.922157259868663,1.20565019133174,6.88893965704321,1.05175250648942,0.938321549713312,6.52469369326015,0.925388281648729,1.07055111160367,6.4878460512795,0.983839208802134,2.56648115334149,7.2599466989019,0.568630170077166,2.6696556540839,7.01719453835186,0.757356194531864,2.86615651230605,6.82069347820367,0.861598211643836,3.03145996360905,6.43469561221268,1.12083194320089,3.3030015493161,6.36157732219798,1.44288373107125,3.27229861160633,6.03949502462921,1.44246237438109,3.54255776200077,6.06885376950359,1.47146555972847,-0.592675714017108,6.8676694174002,0.80535698791298,1.5646016523016,6.30130157608803,1.15347226545904,2.0877103952833,6.13834248007043,1.29973158871891,2.69482768633527,6.04021722234078,1.45640803160388,4.19909232445753,6.01765067900783,1.54475316482917,4.85233290784334,5.86972676525092,1.68543313358988,5.49571513631708,5.76293932832309,1.80991897360639,6.21697752583951,5.68682157947849,2.00955653527146,6.8253970524886,5.60771266620097,1.97605296988216,7.35823164451918,5.68913242388885,1.68217302537754
1.58662928444412,7.44034018209375,1.20849685411055,1.80694613964542,7.3400593038269,1.22532660689742,1.88421025750329,7.19314096746346,1.18657422812404,1.59870362581451,7.04906964213784,0.9180668344671,1.20431863658848,6.89287182852092,1.05674176655602,0.938374617177683,6.53046575767619,0.924897538342584,1.07196882423515,6.49382305716253,0.982899603448414,2.48104511922344,7.24587534920316,0.602453361202751,2.61331784241283,7.00930336010585,0.787351292255633,2.84217424313832,6.81531598561511,0.899543970178342,3.01454077126529,6.43865112586655,1.13194362429685,3.29847281967439,6.36362184087374,1.44693636371694,3.27773517827213,6.03841861128485,1.44669610510116,3.54594342020657,6.06916499993291,1.47985982024711,-0.594612961654225,6.87076945152415,0.80530827695065,1.55765295151178,6.30650565939246,1.15200751380839,2.07992613673083,6.13649270902051,1.29674102937595,2.69355489580421,6.0372664741611,1.45292219687217,4.20790582130697,6.01921626511361,1.54812019996267,4.84735189632388,5.87332145869386,1.68445877077043,5.51787844699508,5.75923492781724,1.81671690672554,6.20872074532005,5.68898160488664,2.00748761879116,6.81840604703782,5.60710791438843,1.97507154318376,7.35186729430828,5.68636294889298,1.68093314692054
1.58637550256451,7.43871326433968,1.21046795019441,1.80646431126448,7.33814358845747,1.22736514294283,1.88269236229582,7.19307638887391,1.18733916492968,1.59587608669675,7.05164066039524,0.921930996255331,1.20427676074572,6.88666173404576,1.0606232572651,0.934910521600873,6.53058086007707,0.927402417140026,1.06956716017457,6.49290022076125,0.985353438279511,2.38611804603927,7.21745429258856,0.642400080297913,2.5380774584858,6.97500868950719,0.810967886747635,2.81160633173601,6.8136659307989,0.932760433832473,2.99487584176926,6.46136557159863,1.15589119862078,3.29060188605643,6.36884146733963,1.45355718799347,3.27276657926357,6.03968845348706,1.44829157955591,3.54194580432231,6.07448792373229,1.4810708615066,-0.601910885028303,6.87337385002009,0.807427643071836,1.55374154959158,6.30884896005863,1.15341499889458,2.07885050671971,6.14331630335542,1.2983400419173,2.69738270394267,6.03802500658813,1.45053838877648,4.19728483296548,6.02816233297142,1.54680707871177,4.84484750881353,5.87583513885307,1.68723444082343,5.49524284970376,5.76228096218351,1.81675560958332,6.18823532841155,5.68626545967316,1.9987190228476,6.80160844301278,5.598123602938,1.97923221344771,7.3445390719546,5.68315402305833,1.67759679725428
1.58540572795671,7.43912971166003,1.2119118682803,1.80418711921187,7.3414450869065,1.22531543636416,1.88366582393027,7.19634349682302,1.18790098265755,1.59413668714885,7.05285166406408,0.923625209015871,1.20208910005101,6.88918378970532,1.06376518718924,0.931697254255522,6.53171469111556,0.928934679820293,1.06715742275365,6.49424325136656,0.988038062674117,2.32442464541212,7.18486484278273,0.699282094728372,2.49318685850917,6.95444612873474,0.850573513743769,2.75088279411067,6.80866932589666,0.95358766734895,2.98085229121938,6.46447001130181,1.16719392239974,3.29376713079345,6.37046322733591,1.45555766876763,3.27726552533195,6.04055168740184,1.45042047828835,3.54086873675487,6.07562996745637,1.48218993698308,-0.603445781410025,6.877012082933,0.808853687847203,1.55620838957612,6.30889580583168,1.1575441825471,2.07604810571229,6.14549602541271,1.30782663873523,2.69974528622775,6.03247751678764,1.43842821130251,4.19861714453216,6.02878472647075,1.5469033091652,4.84380860933925,5.87679964746613,1.68906534301508,5.48499066184014,5.76679596465288,1.81551419236511,6.18041764076649,5.6886840741979,1.99989167772887,6.79597845293018,5.59914820371029,1.98046135842659,7.33951090473379,5.67685177871291,1.6789986935682
1.58366556088955,7.4381694281147,1.21246721070419,1.80525318563554,7.34132239450641,1.22754618229556,1.87796043050326,7.21090477916697,1.18603985488237,1.59148318836402,7.05513375077597,0.925273993554596,1.20012993614557,6.89515944442245,1.06148021082179,0.929109076008849,6.53537504343798,0.928614013546137,1.06881122331311,6.49959792434982,0.985769778520226,2.24200281498504,7.1246723728641,0.776503969817487,2.45117866702551,6.96896161407226,0.898406823959778,2.71810408013526,6.81292757924641,0.957051726469579,2.95492317564467,6.48410868829061,1.16782161544343,3.28448271246291,6.36760169673889,1.45400723942689,3.26848791682106,6.03980379240933,1.44913438053064,3.53126999127984,6.07509298253467,1.4790279026108,-0.610722967307032,6.87615793401858,0.810366565072931,1.55196827941139,6.31246747187232,1.15585905483517,2.08683821636948,6.15484476461895,1.32780174495346,2.69710063244838,6.01682843612922,1.42703284550351,4.19307042730401,6.03791374320761,1.54462903661735,4.82018705304796,5.883648886919,1.68745077962091,5.44670205108731,5.76943569252052,1.81713544517506,6.13635206427282,5.69565408918036,1.99836144321933,6.77373456172916,5.59507648447716,1.9832498543409,7.33382563642541,5.66870466152729,1.67957815374623
1.58460048749433,7.4386898021223,1.21251131212451,1.80489100642927,7.34349846149252,1.22762588941414,1.88735387993369,7.2172564750809,1.18212177099246,1.58874986132366,7.05629493194937,0.925434215786165,1.19737720165664,6.89723048194127,1.06355384378368,0.927813930621912,6.53649593650671,0.931124589197211,1.06827410205456,6.5011833691586,0.987061445846824,2.21522262163623,7.11906196275803,0.814636799321336,2.41661609675506,6.95828743832062,0.931520849943343,2.68927369366454,6.8161714570956,0.98691323973854,2.94616666806538,6.48750036382908,1.17727702142902,3.27770021957736,6.37159036906428,1.45427003797051,3.26135098481381,6.04076952763046,1.44527183882498,3.52319980969143,6.07779073919253,1.47694079136572,-0.613906397625528,6.87615038373748,0.811691945884909,1.55215603095082,6.31576572140625,1.15423695401812,2.09303782161331,6.14263211486467,1.31757991321911,2.69827878768774,6.00648038785458,1.41503603824784,4.18717392947586,6.04041131648829,1.5443947085678,4.81107946987888,5.88909364593886,1.68494509686599,5.44111580161822,5.77063490059366,1.81519534204404,6.11253994751496,5.70463864295777,1.99507616266706,6.7613888498351,5.59355716290308,1.98370719739845,7.32971012774446,5.66138628659587,1.6803186944226
1.58361890365496,7.43753534805376,1.21458439778095,1.8001134596213,7.34017489686376,1.22823084471655,1.88824017358037,7.21270560186437,1.18209867957537,1.58427566387745,7.06161659861217,0.930147810432044,1.19021575595199,6.89902664173845,1.06086706972179,0.921552511165773,6.53679436207799,0.931533412560658,1.06074147573731,6.50179659815146,0.987657253070321,2.14817425977036,7.05193644674944,0.879454738692291,2.37431709853664,6.94792622062628,0.970299407080228,2.66283016357313,6.82260991261594,1.01664527385399,2.94139483133182,6.49263368115896,1.17213101432217,3.27870789434437,6.37286145356255,1.46421430756912,3.26315987922448,6.04469539477252,1.45232463074955,3.52225807040129,6.08094838276558,1.47951020185519,-0.617525730779991,6.87750797719087,0.814033590240812,1.54810283095565,6.31551020945901,1.15676079510194,2.08898086897351,6.14240399478785,1.31537393493183,2.69824318449408,6.00388831790625,1.41294154952145,4.18518330172705,6.04307817088626,1.54301797600415,4.80907475240947,5.88938499942766,1.68479415723752,5.44051799780526,5.7700709144325,1.81587131857258,6.12751803931078,5.6972009736954,1.99828704505166,6.76297649391852,5.59258946728125,1.98289813564504,7.32249957736776,5.65456613886256,1.681159080323
1.59005419540233,7.44185756163786,1.21117336977793,1.79741450688843,7.34310379382449,1.22669335634997,1.8925528133259,7.21369204179348,1.18502634201303,1.58466450364772,7.06226883962544,0.928375114010854,1.18942784397252,6.90287574374625,1.06188650221365,0.918680033117304,6.5393540100932,0.932611980831938,1.05798405044185,6.5034687342621,0.987685579593291,2.10091231301015,7.03545450340583,0.888787032649399,2.34586818438523,6.94274696228049,0.99757635617891,2.63376749190409,6.84286113073799,1.05900421937262,2.93177097035566,6.50299100557025,1.1808857247364,3.27958466238642,6.3772435576266,1.46368312608784,3.26511867906438,6.04749496402828,1.45174966242636,3.51878884012935,6.08465973167866,1.47503002720293,-0.6217081430927,6.87616316083085,0.815792701841103,1.55410232865431,6.31399834949845,1.15983587942497,2.0987113926249,6.13894395258862,1.31464030939767,2.69952353437514,6.00307031354551,1.41025287681165,4.18238347253728,6.04336008545011,1.54225854894557,4.80783446765173,5.89132250236133,1.68371818518418,5.44710174814696,5.77304083852665,1.8087024380476,6.1543787230594,5.68905583725005,2.00002829494239,6.76512591877406,5.59222484284329,1.98193051100564,7.31605972445529,5.64490461202251,1.68506658714273
1.58857980139449,7.44167547850915,1.20927954728571,1.79696759524864,7.3399484120595,1.22618226373378,1.89103669535989,7.20797730580145,1.185796153511,1.5851026838082,7.06517856242261,0.928683635960983,1.18614617049695,6.90497552161845,1.06165778912277,0.915865529207685,6.54236423410564,0.933257729862617,1.05255800269613,6.50584854220439,0.987968789336317,2.05986745801527,7.01428983772533,0.921625953106343,2.30106356449695,6.93004018930068,1.00413220002582,2.60761827309475,6.84261231224494,1.08386772911972,2.93106757677463,6.51227352528464,1.19786340087758,3.28107327817649,6.378266466115,1.46053806967319,3.26494208569754,6.0440064805308,1.44581355686051,3.51599474214046,6.08441899947472,1.47075559612671,-0.626505864504024,6.87714953727222,0.820031128888359,1.55170764320921,6.31590827742282,1.16158701078243,2.0933490639027,6.13881377688829,1.3185292947136,2.70204113554154,6.00015596541172,1.41273824046699,4.18902227412376,6.04277543018663,1.54046338800911,4.82756135561076,5.89036924457033,1.68309698942178,5.45363442530353,5.77342631530838,1.8092970895162,6.16066094563429,5.68833838124529,2.00226991139398,6.76396294401476,5.58872199163494,1.98124283503152,7.31122173291353,5.63534337158357,1.69064815373722
1.5915977354187,7.4440995792209,1.20804660882324,1.79874945154718,7.33860482089994,1.22544424175449,1.89139659863854,7.20603610517496,1.18741474453112,1.58494288285525,7.07100002211808,0.928551239617461,1.18547597726489,6.9091679535367,1.06295507221274,0.916358390037521,6.54434180088973,0.934380510047192,1.0520762411541,6.50906503217523,0.98912452562442,2.02373753188854,6.99390404243693,0.980019952980766,2.27220984265465,6.93237376378067,1.02977349043068,2.59190641553978,6.83641021728358,1.10808724900269,2.92834804752781,6.51483688543961,1.19960278993883,3.28324538004261,6.38203477971979,1.45534384426251,3.26264009146865,6.0440089245716,1.44179721693349,3.51132361782425,6.08500006087593,1.46808568523306,-0.630309199815109,6.87949931283745,0.826016372528797,1.55010636995069,6.32101565285399,1.1639086046132,2.09009616809298,6.13697007653621,1.31358083968273,2.6998786961511,6.00222579350913,1.41108923848797,4.1794208635987,6.04450970406705,1.53837085545204,4.80017390438276,5.89462649880839,1.67975874309304,5.42388995627957,5.7748056776176,1.8096533607936,6.12756840520701,5.6986681778564,1.99847745234246,6.75329995712725,5.58776194092761,1.98518210025341,7.3059769428806,5.62293363748012,1.6966524949298
1.5877595889951,7.44541501489117,1.20713922789546,1.79627364129941,7.3357818070737,1.22334598952486,1.88987676933999,7.20648335638941,1.18833038242185,1.5860008287576,7.07715738200402,0.933207965273654,1.18274636048362,6.91196828828213,1.066966460645,0.911024912822027,6.54600904236894,0.936769720435903,1.04832582679241,6.51119880810085,0.989223330905676,1.99886417482853,6.98412090400811,1.00103864899937,2.25786000528771,6.91400364637043,1.04012392741353,2.57814608168699,6.84972262026331,1.14007369257982,2.91193629322061,6.51690331689947,1.2093754703638,3.27579779765414,6.38623808377456,1.45357820257081,3.25035107046766,6.04428182782912,1.43546702225975,3.4983612807785,6.0834746332758,1.46487003036213,-0.634104484330215,6.88141052160823,0.828177296393172,1.54106865899447,6.3236723222951,1.16256012409826,2.07346108609027,6.14046130738634,1.31421784583414,2.67714053118204,6.01225608369001,1.41757266049755,4.17177455307232,6.04638650489519,1.53397257747888,4.79206670575893,5.89714886690074,1.67545831725896,5.41774129495859,5.77644401896277,1.80812422940636,6.11274399654654,5.69799685429056,1.99187171464088,6.74453062561224,5.58516721921807,1.98624222195368,7.29970704432628,5.60975519413041,1.70355954018011
1.57967107593583,7.43434460191902,1.21281738946568,1.79846678442174,7.33392355341974,1.22329879233682,1.88830929926662,7.20597274234982,1.18726331028766,1.58570827803175,7.08088115176521,0.934131305716035,1.18111582241877,6.91494145418284,1.06718605995444,0.911630215420564,6.54976304368514,0.938584624823742,1.04847610233222,6.51438006095422,0.991041673570041,1.97069632487526,6.95618133473353,1.04721302247893,2.23548741441263,6.92250650514612,1.08192843251435,2.56569633519557,6.86050811561593,1.16243441420963,2.8973235635287,6.53470626687936,1.21055445079281,3.26054912633585,6.38840642771475,1.4490848109729,3.24316027430015,6.0483366438923,1.43764109858692,3.48554725694749,6.08474791212232,1.46376371040794,-0.637504465041239,6.8826972228537,0.832194666208147,1.53060542582504,6.32825828585264,1.16674915639717,2.06214313277727,6.14004361286785,1.31849624350625,2.67466724587751,6.01504746214904,1.41457376480949,4.16846822945001,6.04939248206728,1.53353019265229,4.7957627093753,5.89455066250904,1.67879495650671,5.42365440991551,5.77574825784086,1.8100150867089,6.11560767585322,5.69642562710902,1.99255133875525,6.74264880536225,5.58546286202862,1.98523574987901,7.29540361965792,5.59829895997747,1.70805468115097
1.58127083622427,7.4350058830388,1.21119716962029,1.79474265097374,7.33684924823956,1.2210551917084,1.88514373018954,7.20522265499334,1.1864108292159,1.58365298960011,7.08416806583208,0.932632238552261,1.17936865462617,6.92102928174776,1.06784776725038,0.910186162323121,6.5554491188598,0.937271943828846,1.04890633116194,6.52060886157455,0.989315234854478,1.95133872628203,6.95022961374905,1.07268670219727,2.22251038503693,6.92442402600177,1.09791040833698,2.54551810673117,6.86653067340351,1.18198444749308,2.87425828073407,6.54403113487855,1.2246751572384,3.24535992340325,6.38927438035024,1.45108509176295,3.23460067369172,6.04616169600549,1.43680568446451,3.47846482915112,6.08192921427217,1.46301107850359,-0.641124371652616,6.88860039031795,0.834861843211336,1.52394249600153,6.33082091184884,1.16747422985785,2.05675838953504,6.14218781291214,1.3095965475983,2.67207987949908,6.01645906284689,1.41384850432457,4.1729836209058,6.04847872568607,1.53183296997504,4.80142158406536,5.89419972462246,1.67856523582995,5.42286928326556,5.77625832099087,1.81221901574908,6.10984496395954,5.69832712074558,1.99242960874829,6.73820065069197,5.57992233439754,1.97907775569727,7.29040417374846,5.5942939880814,1.70944424365892
1.58135025456655,7.43208510757754,1.21260001477573,1.79485251361517,7.33497125046145,1.22098769559428,1.88016205320761,7.20257138025919,1.18608199868284,1.58010740004394,7.08356519958139,0.931840943412,1.174023134948,6.92124598191905,1.0654612398507,0.902835175278004,6.55871964847368,0.938581445909709,1.04216311999419,6.5242578859785,0.989918839546991,1.93200651406448,6.9620751965947,1.0926971632115,2.20811146087471,6.93678002043435,1.14202631123493,2.54193480812286,6.87227914874598,1.21984294650584,2.87507352239047,6.55258319903347,1.23636652675663,3.24746152576538,6.38916653958105,1.45050103341235,3.23166389214275,6.05076017568899,1.4389851165677,3.48245233000264,6.08652618587824,1.45891206575038,-0.645301013986529,6.89182166953281,0.837743800101753,1.5219344201441,6.3284566439992,1.16911802294463,2.0512064228852,6.13847247842053,1.30523104348602,2.66568665824485,6.01303901007312,1.40928838903685,4.17227734987095,6.05078365516032,1.53159373618002,4.79997915229964,5.89558247888632,1.67539183449533,5.41732788673805,5.77889988705458,1.80867694597462,6.10036774933935,5.7002279528302,1.99156930061484,6.72858922036662,5.57831597187526,1.98124079668521,7.28530044089945,5.58475528636736,1.71516859785057
1.58177897047957,7.42987681262456,1.21316544770982,1.79122867671798,7.33161338537175,1.22264850986934,1.87629043197024,7.20097213852991,1.1864083904714,1.57351894802119,7.08552382295537,0.9341513300131,1.16747164251523,6.92335097714615,1.06434347732565,0.897227754529107,6.56134407005645,0.9393869409109,1.03421298080617,6.52704557878518,0.98882625262293,1.92708079707052,6.96816960622087,1.13566281277363,2.20542612190053,6.94497492760413,1.16797360590654,2.53164000415638,6.87870763243688,1.23924849490618,2.87217590476005,6.56528432854157,1.24599778553652,3.23753307494875,6.39225702764426,1.45135582961705,3.22773017225729,6.05168903162396,1.43735438911488,3.47815181182809,6.08730534965121,1.4557460978068,-0.649391778735687,6.89422587253704,0.840210330049893,1.51650014672748,6.32677307642954,1.16483813222176,2.05032912713886,6.1352672771642,1.29294071494312,2.66379703723131,6.01486822276784,1.40838371419406,4.16658534127266,6.05287671661027,1.53058064421583,4.7983988683219,5.89664728421442,1.67477897740469,5.44737510787147,5.77780075970302,1.80896368586817,6.11117770782424,5.69638544573971,1.99422672219831,6.73764974997604,5.57464011634281,1.97769989674642,7.28157618986778,5.5728053880027,1.72227897182231
1.58257122556493,7.42772814252001,1.21168605605692,1.78983266211638,7.33078166618064,1.22571048533966,1.8742179458016,7.19930691662607,1.18821713081949,1.57173802264814,7.08874982158291,0.940689286753934,1.16181603598803,6.92643011785646,1.06524053773252,0.891284438244863,6.56219112895291,0.941102710624567,1.02720182289628,6.5257803618655,0.986873255940239,1.92565420478857,6.96412046850177,1.14635484048255,2.19487699600893,6.95240113013033,1.18105898244854,2.49363196498021,6.89009442155325,1.24526953701992,2.87267278821698,6.57794544225431,1.26383824924557,3.23259688144907,6.3920952286267,1.45570113098639,3.22218162809018,6.05195163369292,1.43765913353894,3.47400687551965,6.08644764839839,1.45603619847678,-0.652433280302448,6.89910191660151,0.84011644288791,1.51082768126381,6.32760743797375,1.16281909542812,2.04208484766037,6.13356151945741,1.28883271815752,2.65609189014734,6.01670428699389,1.40469877706039,4.15786395066061,6.05382822639862,1.53053805974053,4.78433684030132,5.90035821074252,1.67223204737061,5.44054663634192,5.78019853355643,1.80706810023763,6.10427342850139,5.69672282783921,1.99215116908522,6.73365453989703,5.57285940347902,1.98001474901614,7.27943905557847,5.56440499999376,1.72571394829909
1.59362723915207,7.43464251573279,1.20618181694072,1.78956630050902,7.32724848645968,1.22647201513745,1.87133490419812,7.18856115724901,1.17908957955784,1.56598942062371,7.09097792577855,0.940103800393965,1.15718639559703,6.92804445212968,1.06531190058054,0.887286246074405,6.56807844141794,0.939356939914428,1.02296745668487,6.53139640551672,0.984768401087072,1.91831169931385,6.96911073889947,1.16672500581942,2.18854039084948,6.95631597107253,1.19880454038828,2.48227386318873,6.90017763691069,1.26334342083587,2.86326764870547,6.5820999295872,1.27585226158192,3.22221979038704,6.39339913145204,1.46104977636756,3.21428886443229,6.04943411322355,1.43553971647136,3.46813513551017,6.0872481915687,1.4559769681943,-0.656289913702328,6.89993984648216,0.84164923832869,1.50301346983375,6.32993518862029,1.16667596881874,2.0384685534044,6.1306096120554,1.29168692426595,2.64751657814662,6.00746306322249,1.39655813269689,4.15718454139212,6.05504910120798,1.53057611022489,4.777362422272,5.90083775594803,1.66953570145828,5.42114424545733,5.78104615959456,1.80947536367605,6.10274316115475,5.69878861516309,1.99195634537988,6.73008160057825,5.56745001526727,1.98060289628818,7.27696332738489,5.55557616949742,1.73159419107409
1.59562636882263,7.43460738366098,1.2056187212623,1.78881316945797,7.32641238752338,1.226547263916,1.86990727928113,7.18758648303351,1.17936383548672,1.56422334134121,7.09053027837002,0.936937291003127,1.15218618891765,6.9319453768465,1.06591106060858,0.884218434300879,6.57194635811352,0.94122323282539,1.01803262278383,6.53617934412079,0.985668510437496,1.91509303044827,6.98684932335598,1.19701912077289,2.17524928125799,6.98142374265851,1.24175508201359,2.46017421129479,6.92390132946615,1.29708273613279,2.86294263569961,6.59286234020394,1.2847582252549,3.21759740470034,6.39835804638825,1.47265818045916,3.21107831474951,6.04948615953725,1.43713205665397,3.46421990497934,6.08771540250508,1.45719806251374,-0.659855084655082,6.90381106958598,0.84363810878745,1.50794086150073,6.33027583439588,1.16830329722059,2.03767404536355,6.13182330110604,1.29834443914192,2.64026957561303,6.00797487542776,1.39634123741416,4.15536899529405,6.05663268548385,1.53023713269654,4.76383241153195,5.9084628454707,1.66614037729978,5.41802938932155,5.78172191420326,1.81272121745493,6.09261156746251,5.6982069216119,1.99274464200544,6.72278758107975,5.56263896258659,1.981155308989,7.2742025469782,5.54403890543918,1.73858307115886
1.60097614153546,7.43645691973345,1.20485571868402,1.7912882359767,7.32602951498583,1.22832580750933,1.86684609306506,7.19056351997984,1.18488383658925,1.56613815511711,7.0913769818663,0.93819796356649,1.14917489697259,6.93154339459382,1.06778201237308,0.878291058774369,6.57156051199917,0.943793937046584,1.01106665745113,6.53497040096945,0.988076587331708,1.8941772731784,6.99954972586887,1.21964118669452,2.16829858284399,7.00138635743972,1.27428998271921,2.45042855981402,6.94165504629979,1.32038927265894,2.85852653320223,6.59264114373145,1.28211774756884,3.21334371747226,6.40176142674493,1.47766414525131,3.20719237909717,6.04927775379229,1.43644894007409,3.45524326081783,6.08691317472918,1.45903304110899,-0.663432915793624,6.90645159145562,0.843791474530219,1.4975419668569,6.33109416887918,1.16238009379539,2.02906315211346,6.13215906418584,1.29979462662461,2.6365691009748,6.00785105540481,1.40001009193792,4.12289225834154,6.06228161944321,1.52082197666356,4.74515508004466,5.91300450111638,1.66319482214984,5.40647801643505,5.78423625797527,1.80821189418901,6.06975935109479,5.70291663899813,1.99164479505852,6.71304436580725,5.55609632443162,1.9844102084391,7.27008446044299,5.53256024813208,1.74468954257303
1.5991037016111,7.43390404112754,1.2059455998279,1.79184915484308,7.3222688624497,1.22843556138347,1.86838256343535,7.1792687063845,1.19207754095062,1.56220488657182,7.0904315303409,0.939366627254636,1.14465384214934,6.93148245876911,1.06632034654897,0.8794761283031,6.57218931609328,0.940291643527963,1.00521185439357,6.53704412968879,0.987682404801286,1.8756247431672,7.00541573307119,1.22141184317556,2.14777608016609,7.01906039031588,1.27575184293108,2.43139323437248,6.95770136176281,1.32656646549685,2.85579948462725,6.60239091784024,1.29701141049687,3.20517277181855,6.40611552609573,1.48523626748958,3.2104887981395,6.051921949325,1.44103671483825,3.45403077220494,6.09078050342682,1.45943971881101,-0.667390903901456,6.90913728508731,0.84582750305206,1.49786166632407,6.32966799006222,1.16396585689542,2.03314167036735,6.12768007753459,1.29920532194139,2.64389399595643,6.00792661065241,1.40608526970174,4.14748372507047,6.05900310146467,1.52433729277877,4.75451506695999,5.91281813763963,1.66419041942524,5.41534097972614,5.78458079505055,1.81200446526532,6.08968123144113,5.70001892628978,1.99216517736778,6.71824895710355,5.55286861320251,1.98696722347593,7.26259917911829,5.51815191182093,1.75396516361487
1.60010686591017,7.43564688278867,1.20846945943606,1.79727624194107,7.32570976041564,1.2282368912732,1.86618708500553,7.19211913768143,1.18761003578273,1.56194744660495,7.09337737465075,0.935847024815509,1.1395039237258,6.93352359560833,1.06576495147814,0.875923102910114,6.56966760134441,0.944401193657275,0.997545106273672,6.54051369807042,0.991161911332448,1.8961916334862,7.02524467468799,1.2536211260158,2.16877869000324,7.03251514681621,1.29763174004406,2.44448136847115,6.96920477924747,1.33672516698791,2.85670230295795,6.61633574118256,1.29798632603676,3.20184067706622,6.4087756049139,1.48815823683684,3.20599006750233,6.05036605674235,1.44091988912432,3.45626223468626,6.0917500559349,1.45875912721895,-0.667634013899525,6.91429430623204,0.845169123263277,1.49613434113102,6.33023247007515,1.16375873111601,2.03233606564875,6.12732043285015,1.3005109689965,2.64193639555767,6.00887603988839,1.40773085303812,4.11434772706606,6.06639353724522,1.51963653951707,4.74076016855587,5.9179595234225,1.6626726444221,5.4036379044533,5.7893135850151,1.80679494100741,6.08615549989893,5.70156456225248,1.99195841073283,6.71346167238125,5.54736164334713,1.98647507775648,7.2590270542777,5.5031085372875,1.76362553064554
1.59194096591818,7.42502596100744,1.21525919570946,1.79838761335985,7.32621308315573,1.22429640154101,1.86828938615792,7.18746098890064,1.17843384212457,1.56105563893194,7.09360313884089,0.934935813615795,1.13816956349956,6.9351477157736,1.06434044207455,0.872098112084795,6.57110303770019,0.945283958378949,0.995068914112623,6.54146608877326,0.992819627251512,1.89786982470901,7.03848631599401,1.28189370598067,2.16848600107489,7.05164059543617,1.32412078559727,2.44282961424454,6.98070635964801,1.3570974605821,2.85309870186785,6.62105267449674,1.29394145967955,3.19536377405819,6.40828339639741,1.48631784933468,3.2012823457047,6.05226115646188,1.44008487941538,3.44841378165532,6.09377010230147,1.45774815432268,-0.6695506831092,6.91998406463936,0.844452784879572,1.49443160819655,6.33211915321164,1.16474850099746,2.03081815441955,6.13091727538786,1.29854551327969,2.63521280758806,6.00456840284437,1.41240240517623,4.11457373919829,6.06790065726408,1.52102151123234,4.74300647843701,5.91827416563854,1.66123143895103,5.41008354826875,5.79143617719018,1.81116645665566,6.07959782281568,5.70112561216771,1.99301202596556,6.70900450160763,5.54497369624586,1.9898665242687,7.25438823019828,5.49065270256282,1.77015632668127
1.60141278582684,7.43569473622086,1.20927242771317,1.79878140991918,7.32660357072471,1.2244541498317,1.86730998669848,7.18730704078864,1.17551568105413,1.55328329950016,7.09576429719974,0.934511358278543,1.1320444561627,6.93856314700925,1.06209773796174,0.868163561858895,6.57358795567912,0.944076755381566,0.990802353616723,6.54437410320163,0.992484585600482,1.8966306158881,7.03921726994033,1.28388512167722,2.16741943559891,7.05106285166507,1.32475853774842,2.44048770596257,6.98336566532102,1.35622124681927,2.85150339525143,6.62372486600287,1.29450812513005,3.19330172404634,6.40699405510531,1.48369011299421,3.19945504798158,6.05364099256623,1.44025591228414,3.4454621135928,6.09372063091259,1.45622731362788,-0.674504894367229,6.92386976244717,0.844495051090895,1.49122495370119,6.33637639487004,1.16354869244953,2.02756974099266,6.13316092075928,1.29715996018547,2.63284905531591,6.00697010138686,1.41050204792092,4.10824005231161,6.07041727265477,1.52138374380342,4.74357194770471,5.91938772704479,1.66106169997924,5.41201028828878,5.79079036437623,1.80833179212559,6.0845710477489,5.69950836334861,1.99308273508118,6.70714589070617,5.53888495839782,1.99246361816684,7.2476867570991,5.47025785596914,1.77811597202289
1.6006003522834,7.43501042309287,1.20925135399087,1.79868833967731,7.32755097952068,1.22375666041644,1.86590150007675,7.18735698736365,1.17675824313607,1.55264700756739,7.09713018055428,0.936332897448732,1.12716048601146,6.93594396327101,1.06450340377521,0.864748123414952,6.57874905052068,0.939632846978631,0.989368885958968,6.54934897912592,0.989630187954849,1.89595817676465,7.04036694733782,1.28239070552074,2.16533710196504,7.05209948908722,1.3236463549435,2.44112285723633,6.98419545815306,1.36029512864402,2.84306217487754,6.62047103798712,1.29039637874742,3.19015567814907,6.40539798487499,1.48401144992734,3.1960629536897,6.05359500573403,1.43908960808374,3.4429864235259,6.09277542370574,1.45351349595701,-0.677916662145316,6.92808907712026,0.84408022662903,1.48995995681206,6.33750402384802,1.16247789856965,2.0269983055039,6.13386270688295,1.29574100494863,2.63034068625165,6.0055628129232,1.41013361946569,4.10921454084116,6.0720241200275,1.5227190956766,4.73987355016748,5.92149944904865,1.66096686818555,5.40705223736152,5.79347920045506,1.80575297698951,6.0821108259503,5.6990993684533,1.99299541604568,6.71082222644871,5.53152409972378,1.99482124890082,7.24305478810482,5.45489902786795,1.78420898679793
1.59940581505889,7.43335436642602,1.20894310216444,1.79992145609298,7.32638149201943,1.22139848164665,1.86461158064789,7.18899447877864,1.17325050837186,1.54995820347638,7.09790728288829,0.931064275370461,1.12293092982618,6.93745321877749,1.06146694806024,0.858213726077344,6.57853614324316,0.940520539528008,0.982026985193359,6.54849216622152,0.989950518465999,1.87425500677152,7.05137922286071,1.28699435027121,2.15630338042463,7.05838736627107,1.32873331410846,2.43584028063221,6.99108834919795,1.36299904026831,2.835465804547,6.62165650412539,1.28940944808122,3.17821013648839,6.40115265588666,1.48177569290651,3.19190855418145,6.05432814882717,1.43642411635845,3.44039486809015,6.09358358238006,1.45153299103718,-0.680476083859725,6.9300120835386,0.844384830325446,1.48325372949296,6.33592640688532,1.16220256098125,2.01938661931774,6.1331516392549,1.29615779293559,2.62438682398015,6.00758912199275,1.40762260771177,4.11173806513725,6.07309799728333,1.52287363708201,4.7378417465347,5.92160913812102,1.66166191085262,5.40917225021342,5.79262787957274,1.80625373495103,6.07424512385675,5.69811931738236,1.98917695506187,6.71106579450287,5.52580234728849,1.9999182071789,7.23994674214353,5.43583828468815,1.79290911696145
1.5996463882372,7.43459828791172,1.20904905679213,1.80086639761643,7.32676642566077,1.21955923954894,1.86343037902036,7.19012250959696,1.1718437932223,1.54707039198162,7.09738001191721,0.931331538435041,1.11922792306791,6.93943475526298,1.06053461383983,0.852042313095691,6.58194133699437,0.937603627140356,0.981093682883939,6.54581387120422,0.98342377676515,1.8679198704276,7.05825916223059,1.29532338367728,2.15219970113324,7.06546367068761,1.33870367507152,2.43449864891613,6.99717549661225,1.36960395225336,2.82954218494617,6.62214671226192,1.28722876957333,3.18244388676876,6.39765152680948,1.4830262735293,3.18712239815925,6.05112083536801,1.43651131017118,3.43489383402727,6.09183642328331,1.45054747059451,-0.682609616726113,6.93543421198988,0.843117807278442,1.4803609288207,6.33726643354448,1.16169362839703,2.01699276637839,6.13466842706509,1.29399012445019,2.62048086412425,6.00655291357448,1.4078310736015,4.10753125272009,6.07317718830635,1.51967194980411,4.7227369965297,5.92610467612241,1.65737358953275,5.39952000725873,5.79566580643363,1.80429108951987,6.06211854787027,5.70050992172529,1.98707079954346,6.70494418089124,5.52314401640326,2.00710403390987,7.23416708052802,5.41817888212122,1.79895272660367
1.60063954215102,7.4352087716704,1.20902562292059,1.80212360353175,7.32659455014464,1.21908219125006,1.85980249286335,7.18889309417673,1.16790235588509,1.53939776370331,7.09837244933748,0.927889987579526,1.11672352394596,6.94159211700235,1.06409182990348,0.844644261988206,6.58328853409198,0.935357482300568,0.97375263577999,6.54588221288511,0.9836365880112,1.86656167977261,7.06538830174802,1.30550768534639,2.15147785791308,7.0709383295472,1.34464720729531,2.43404094629475,6.99928840970645,1.37452528362296,2.82070312827807,6.61705865000199,1.2904815277706,3.17756428281915,6.39600607649784,1.48016028421524,3.1813097644188,6.0511626888586,1.43668236320214,3.4333962913051,6.09164298934386,1.44797607582053,-0.686634836841007,6.93704240338633,0.843875444244117,1.47015569057494,6.33872105933474,1.16311485210153,2.00756786871055,6.13251758205572,1.2951404916458,2.6145446158469,6.00269645765831,1.41089678422078,4.12634159759326,6.06713778589787,1.52280889122942,4.71978155605199,5.92554393608106,1.65671399841063,5.40089217202089,5.79609446736797,1.80465757082964,6.06005985900456,5.69910090021755,1.9890630452238,6.69974318296219,5.51034773127929,2.0068036659531,7.22524095837343,5.39955775060936,1.80383604297931
1.59064991294989,7.42676750947634,1.21508930335819,1.80275569468053,7.32775492800103,1.21799413542646,1.85888481890108,7.18936701921338,1.16615585993963,1.53913195190057,7.10067406446795,0.927951002443001,1.11334906375233,6.94242210065563,1.06513268335731,0.841105542788218,6.58301794265286,0.935638359032911,0.97202935985486,6.54668903088748,0.98300635032423,1.86598702302181,7.06490286905698,1.30003300815774,2.14987753493333,7.06971393847358,1.34193895630198,2.43317868015222,6.99937881692683,1.37462319104587,2.8153747560427,6.61417555045005,1.28376276308707,3.16983404370966,6.39553317753752,1.48042404939152,3.1748263661214,6.04628494663697,1.43785387080205,3.42846413163352,6.08980962788132,1.44874694665865,-0.690327219000183,6.93916154358047,0.843005443747665,1.46517282339566,6.33921801966824,1.16205097127611,1.98789471802899,6.14512082468821,1.29814213586089,2.60694564551687,6.00425963052768,1.40935524701463,4.10414344656766,6.07181183879533,1.52037882837455,4.71362812281107,5.92754508014385,1.65652964008812,5.39740771459658,5.79636666055497,1.80544029790652,6.05702120156339,5.69724665928591,1.98808870208068,6.69513733562545,5.50133716378282,2.00715307982611,7.21543138369087,5.380678277098,1.8056717576119
1.59749390765856,7.43702653703431,1.20992052090044,1.80386710681449,7.3264129271923,1.21757420680243,1.85910602619655,7.19065547701284,1.16392155383982,1.53393666962197,7.10050853101195,0.926728615128253,1.11038734412615,6.94423875566665,1.06511174977455,0.838352210897918,6.5829889079547,0.935999792369945,0.969019325180736,6.54528166191827,0.984167619807099,1.86749885720655,7.07253830437104,1.30237778017332,2.15514303126835,7.07553307706995,1.34713648136396,2.43520364199816,6.99750393415103,1.3753987086588,2.81005200596119,6.60553397918388,1.28329262878124,3.16488568355293,6.39060385182111,1.47752003535456,3.17335185876069,6.04604563960307,1.43820472781074,3.42658669142703,6.08600686336596,1.44956257568587,-0.693216380056491,6.94238165012968,0.840917481058487,1.46484858228728,6.33877549636637,1.16361945894125,1.98624632900316,6.14037854745608,1.30070202711844,2.60475539387954,6.00049768493972,1.41168408259007,4.10178241368348,6.07154127489292,1.52199540087915,4.70647181515207,5.92934399128251,1.65601443405276,5.39502175847536,5.79812776765962,1.8071275785038,6.04706755807517,5.70376034342885,1.98327267382613,6.68281953481397,5.4925113291467,2.00489279668473,7.20543883189948,5.36070634251574,1.80735172270497
1.59631766199559,7.43645363707159,1.21270939373452,1.80377199294852,7.32621571589963,1.21819268766157,1.85624243891205,7.18872602103401,1.16274943814365,1.52826358452328,7.09996372057311,0.926314681160058,1.10520875947095,6.94655776479127,1.06500531114562,0.833106683517567,6.58579435414016,0.933369469311632,0.962759267689231,6.54826078167518,0.981342929683706,1.86618046980045,7.06990855828047,1.302751187288,2.15385267063326,7.07395422137159,1.3465996491471,2.43586370524802,6.99707941162164,1.37567971988266,2.80577442746977,6.60642104384225,1.27741688707496,3.15899822224116,6.39210201706446,1.47895300165448,3.16607124522679,6.04541277113517,1.43753848989429,3.41729549566254,6.08579920018841,1.45052665368037,-0.697521272488676,6.94310504013073,0.840506675637658,1.45500293223665,6.33856077857957,1.16252698044594,1.97937645050616,6.14323325587039,1.29689554814761,2.5967621117858,6.00287488370759,1.41052352138462,4.09686063766227,6.0724968624694,1.52142822273963,4.69955322774873,5.92882529060698,1.65766418805414,5.38975950833009,5.80099298698541,1.80645901920808,6.04560687142419,5.69743247018635,1.98719426251742,6.67304993277141,5.48463062664062,2.00540910252099,7.19314474929808,5.33623469660715,1.81148031392374
1.59577893639803,7.43732987366818,1.2107580889857,1.80435013631116,7.3252710038744,1.21733118453173,1.85615411918341,7.18746382851854,1.16110734938021,1.52914011322361,7.10425604735429,0.925250095773766,1.10226376062979,6.94770608446421,1.06179251873103,0.828715968055743,6.58514005214331,0.932407402566485,0.957136133131526,6.54789843618547,0.980699691434371,1.86607939159262,7.07266314361603,1.29995215113876,2.15293919082007,7.07410553962023,1.34445241570619,2.43299321056129,6.99680349888657,1.37681365094082,2.79996646310133,6.60191029169132,1.27876829854206,3.14775659411254,6.39228673777032,1.47770410515614,3.15844350368483,6.04528599669008,1.43559865999463,3.4102338736672,6.0869046605732,1.45071498529363,-0.701658753294536,6.94524120400319,0.838588818901409,1.4486902230105,6.3382341828027,1.16227251381261,1.97312057127851,6.14251849046038,1.29677479069077,2.5876125930544,5.99926721579609,1.41200335007647,4.09948814370467,6.07204291373992,1.52204867100384,4.70459074716505,5.93065309704225,1.65686535812369,5.39106971073121,5.80320084105974,1.80546610248579,6.03594407060219,5.70055458950898,1.98302109443459,6.66501856808097,5.47612303857849,2.00278788268148,7.18016545296102,5.31433696581592,1.80909938468553
1.5873910847969,7.42885291596,1.21447309144183,1.80397406406437,7.32532566209899,1.21642062289002,1.85565389677497,7.18922485600909,1.15950563722651,1.52328035786322,7.10426537683273,0.919817564192281,1.0962353574849,6.94928626577198,1.06087586426309,0.823462350639978,6.58824080208012,0.930079818999282,0.949195699479576,6.54931509634872,0.978310973774111,1.87274609167761,7.08288925283876,1.31471906184322,2.1615452245095,7.07988646465179,1.35210644286593,2.43789129724862,6.99384613222825,1.37223970903067,2.79178903244229,6.59275532327192,1.27475417484087,3.12793651765011,6.39931388639208,1.47695767277818,3.1488624115048,6.03605565234505,1.43676580774967,3.39775334076815,6.08487848180065,1.4489276531635,-0.707519837383066,6.94824329304534,0.836668043946015,1.44470463466647,6.33945032785258,1.1593932566448,1.97132511155238,6.14377617589524,1.29474302759811,2.57703614494336,6.0001244880132,1.40883559070578,4.0931286212136,6.07150340654725,1.52099341448106,4.70245364686577,5.93178743660236,1.65554181512873,5.38263591831785,5.80482597903913,1.80273484500712,6.02513512430621,5.70393611048048,1.98258755759283,6.64965965028381,5.47026687935591,2.00910862644261,7.16465959008352,5.28940184421564,1.81485060153081
1.5870460515632,7.4297417186553,1.21509501092558,1.80166988058284,7.3258592533084,1.21834931973542,1.85160081296812,7.18659102814955,1.1532100222696,1.51296992312864,7.10429872812655,0.917610759602174,1.08757236245882,6.95122076734072,1.05773968338221,0.814591370156949,6.5905633922255,0.927593461987239,0.940140589862852,6.55284947902033,0.97483422401018,1.88118955622238,7.09039298861444,1.32895851773745,2.17085760547931,7.08042592215268,1.35688531495427,2.44066847945371,6.99185443251813,1.37498974444895,2.78682748630143,6.58564941915812,1.27421139618952,3.12595858561475,6.39668989018437,1.47795124491751,3.14405045681449,6.03309270905778,1.43713221063849,3.39215921107523,6.0796643734381,1.44933495264668,-0.70860234691671,6.94733033802631,0.833309388390168,1.43468765540948,6.33863042403527,1.15882927291195,1.9660725707176,6.14566524493554,1.29296211940266,2.57016679714734,5.9990050984648,1.40808482092233,4.06291003854906,6.07426463290902,1.51961524731532,4.69911896962452,5.9315473383938,1.65590261324155,5.37296459240952,5.80795352338879,1.80392029589983,6.01540674904809,5.7031985582076,1.98165725761553,6.62983027259107,5.4634973787925,2.00876658124052,7.15090620825173,5.26215986484697,1.8244252945493
1.59392804047644,7.43522640154733,1.21119799716414,1.80550020752371,7.32555867991262,1.21470303077332,1.85400580617907,7.18071691271348,1.13872321279793,1.50160774480719,7.09540596416425,0.920357384722701,1.08173456364819,6.95174806215494,1.05580306558789,0.809894699211752,6.59087876434526,0.927802754596498,0.934077376522664,6.55402743228091,0.973944681064891,1.88900770125188,7.11285905229001,1.37854408526158,2.17361304832337,7.08542059667415,1.36801453121615,2.44155793932185,6.99176360860435,1.37698190329318,2.77596833144728,6.58272007447984,1.27102116630813,3.11850240608416,6.39185330923767,1.47417544835619,3.13403124608368,6.0286934054438,1.43541115120617,3.38333463156015,6.07713986609095,1.44878089437308,-0.713935058366189,6.95103058339346,0.827431022260154,1.42984621476609,6.33886645416801,1.15823126226766,1.96261373133975,6.14313428996351,1.2936798698586,2.56447289389084,5.99673577700004,1.4085265960881,4.07952991408678,6.07132525589874,1.51669479399839,4.68310839350646,5.9335856832064,1.65149202334421,5.36603944671275,5.81149880183493,1.79749045894069,6.00541686792292,5.70257572861688,1.98038078276312,6.61499304598365,5.45736707702628,2.00928556166766,7.13008418944784,5.23446538609129,1.82939876608464
1.59121139001403,7.43247380212873,1.21029638359517,1.80524415373856,7.32627246305524,1.21654089454639,1.85045784970179,7.17737843197578,1.13522205974932,1.49485230673464,7.09606588081395,0.91559199010563,1.07495710415738,6.95251060043869,1.05419210709711,0.80500553859347,6.59022006925772,0.925940856599983,0.929394912705765,6.55349982771367,0.972224148276903,1.87651195491498,7.12194471152708,1.38604499575557,2.16209868407944,7.08901366327039,1.36705463768842,2.43733884685323,6.99545268128322,1.38103628130464,2.76443296662195,6.57672175167654,1.27145237628608,3.10714443775278,6.38757791115859,1.46989924564097,3.12129001075928,6.02526942737285,1.43289294264492,3.37276947604479,6.07394630950113,1.4443076977557,-0.72122520510454,6.95321704852903,0.824235879702474,1.42785411900235,6.33807150258898,1.15632215738763,1.95876604130693,6.14199184253749,1.29264405413464,2.55451566700909,5.99381694202163,1.40860122366253,4.05004074255549,6.07158831574449,1.51422380809152,4.67915584922461,5.9339568625198,1.65166413870953,5.35829197416756,5.81478060516803,1.79590473008007,6.0055275743195,5.70029787911283,1.98041003755153,6.60035717792195,5.45000949819566,2.00942486803266,7.10950418361317,5.20805169120477,1.83550930385076
1.58769507504809,7.42763682124796,1.21241446180163,1.80565202694138,7.32556875470338,1.21549527917206,1.84530784320781,7.17304085763649,1.13001810091706,1.49051981304919,7.09432240226233,0.910127147480736,1.07879600776666,6.94886549207322,1.05242699060579,0.798539795777228,6.58671575821816,0.92597760304432,0.924398068603373,6.55102120812143,0.972337226166356,1.87696955176051,7.12359142043257,1.38728209179342,2.16205897549198,7.08959136375837,1.36693801412732,2.43160044662843,7.00316696962654,1.38803286575268,2.73787473866107,6.59980199575531,1.25161730377792,3.09222345729086,6.3813021162803,1.4624408886263,3.10071934891328,6.02238246154298,1.43003344351971,3.36174548066408,6.06927964587573,1.44710893012742,-0.728122212660751,6.9587524319231,0.818166152739891,1.41864432223591,6.33697541774746,1.15451894354998,1.9488099285062,6.14821890854948,1.28429969469911,2.54029081160057,5.99391639707615,1.41196147665822,4.04815306087819,6.06903150220668,1.51308950138377,4.67786769531738,5.93134229315003,1.64947833041554,5.35588114562562,5.81633317909478,1.79588652335221,5.99330477876566,5.70656909407258,1.97780248462599,6.5905089936503,5.43723854535973,2.00615687320483,7.08578503861242,5.18109791511631,1.84592130963125
1.59212042871476,7.43409173542766,1.20783602325254,1.80493310258675,7.32639038427483,1.21499086254472,1.84103436811398,7.17095059535721,1.12619653479571,1.48489246251723,7.09066789533745,0.908672854621822,1.06950032642915,6.9480353146799,1.0488441954281,0.790213302010688,6.59023172729319,0.921606324711232,0.915156927404797,6.5541790804763,0.967439587233752,1.87560717596877,7.1210820763646,1.38972822171429,2.16161041710072,7.09077028574127,1.36540750984027,2.4317766340958,7.00427021910462,1.38657998132589,2.73011426062417,6.59089174283284,1.25392028322603,3.07879197772408,6.37676060760061,1.45863117449687,3.08661280905888,6.01788044391089,1.4257350423303,3.3482981164755,6.06494637364505,1.44560056616435,-0.734686342371345,6.96238501312845,0.817224312384066,1.41254599042737,6.34077907334371,1.14804311315368,1.93923051880253,6.14170997876306,1.28365525121301,2.5262685874486,5.98979937797177,1.4120108988447,4.03979573809487,6.06914062346715,1.50768869288294,4.67631450165765,5.93152982962761,1.64605387262763,5.35119112000312,5.81799316105891,1.79727931796125,5.99103491352654,5.70002099227795,1.98145488192823,6.58162760043891,5.42862293904882,2.01065717624321,7.06897940139513,5.15588182985789,1.86010704289651
1.59067366379501,7.43297208222892,1.20750288373941,1.8039971520494,7.32605963424456,1.21376758830621,1.83451268543206,7.16837027783722,1.12428390774348,1.47752029165905,7.08834948870481,0.907971192173769,1.06380513922712,6.94782789554434,1.04666923873753,0.78547329841436,6.58861857004912,0.921730227254684,0.909974229206813,6.55384288570733,0.967019404126788,1.87200359539224,7.11616633886859,1.39055520199422,2.15757256726502,7.08975854522314,1.36456438618291,2.4277431893254,7.00493387247464,1.38612271176098,2.72231909702267,6.58669378090651,1.2544860799741,3.07535611588658,6.37339206692548,1.46048622938301,3.07946781437246,6.01369085294108,1.42360957088986,3.3450946049519,6.06089082501474,1.4457849802235,-0.741696058371026,6.9672419369398,0.811393282095844,1.40818600086374,6.33898768383755,1.14387590513322,1.93339163641391,6.13500735799728,1.28387211803909,2.51696119123741,5.98360466690251,1.41270944788999,4.03526055411899,6.06968017140348,1.50000631162768,4.65828156948844,5.93464051620578,1.64213364327679,5.34106576583193,5.81616036508891,1.7984723150402,5.98394855549108,5.70457366076183,1.97938042770439,6.55270493795846,5.43381480674189,2.00526350179333,7.04511632366176,5.13517954461525,1.8700658051153
1.58769791849036,7.43215658929103,1.20986087630045,1.80193864990736,7.32633076008489,1.2126493541695,1.82463077035132,7.15378785364338,1.13203728714859,1.46885701883983,7.08775675490337,0.905096031071217,1.05401866381699,6.94946338531654,1.04367830600708,0.777679215037727,6.59193243758707,0.917784036824739,0.908737106425418,6.5527012909599,0.966657049667296,1.87429643900983,7.11719702859369,1.39186323121623,2.15879031478829,7.09055260381148,1.36362428084263,2.42542637988895,7.00451658015647,1.38689994569326,2.71144433686362,6.57489042791967,1.23191549877108,3.06307338648668,6.36577519097582,1.44799658256875,3.06690469709254,6.01030331234757,1.41630712046392,3.33426319286165,6.05758767778345,1.44031724052029,-0.74971636537752,6.9701292378092,0.808575978860814,1.39908550891377,6.33809873992135,1.13986421198,1.92279143100669,6.12976844089993,1.28068459348686,2.5066824098418,5.98833399756611,1.40326285482199,4.02735063673051,6.0681898805468,1.49639927962175,4.65187122479432,5.9334714510489,1.63950188106032,5.33621811501385,5.81523819850329,1.79761869695004,5.97968415704562,5.70294442993494,1.98182480982392,6.5636845639556,5.40704495645388,2.02305510791515,7.01961608591106,5.10203844179018,1.88240278274534
1.58498574370831,7.43410732642772,1.2107538777408,1.80088613182975,7.3275997021339,1.21205784836846,1.81866839958521,7.154550500931,1.13090554483723,1.46557790163671,7.08545709018446,0.904920072654896,1.04650455392408,6.94931014737236,1.04047608882678,0.772954569116803,6.58834629216563,0.918763077011464,0.9029981003232,6.5525775367846,0.964039394862707,1.87384398634657,7.11882337785659,1.38862377375039,2.15550229808953,7.08920776838808,1.36235209230009,2.42284316837253,7.00343039784817,1.38764826881346,2.70441221447111,6.57537609337987,1.24226774511325,3.05349492150447,6.36190896639573,1.44186376086474,3.06301917692115,6.00612227064061,1.41593479261018,3.3344325812718,6.05543483773923,1.44468076129862,-0.756417286990392,6.97306346655839,0.811904661969998,1.39513726176612,6.33578826160645,1.13892374363372,1.91539833490374,6.12708022310247,1.27579469355594,2.49610399862601,5.97889062065756,1.39503143795926,4.02256771752539,6.06426404113822,1.49518677756021,4.65019095083899,5.93187841559135,1.63657662658914,5.32059842041223,5.81767908832973,1.79435455652976,5.97022969550527,5.70528031442431,1.98426628165193,6.54286149378287,5.40479485172292,2.03055226128335,6.99146934287065,5.07230388443739,1.89436872567973
1.58188566282845,7.43615458354645,1.21058948043211,1.7996043806586,7.32818782226984,1.2130302558483,1.81191518710399,7.15493379253362,1.12721282762443,1.45923176361862,7.08643690394239,0.901428241223046,1.03915253764397,6.95055115536932,1.0378132163202,0.76492625677062,6.58869911638861,0.915530989521818,0.895046693639578,6.5542744095872,0.95965194449215,1.87179688727941,7.11768051053729,1.38680901493227,2.15392625252174,7.08944920886328,1.36018537886858,2.42049867637743,7.00357294192264,1.38966646767415,2.69452697724629,6.57262456485787,1.23865120036449,3.0479293034925,6.35706920354052,1.44132584838959,3.04729540815649,6.00266553270386,1.40966478044959,3.32732493508896,6.05461662798116,1.44101337932693,-0.763706873602343,6.97644874298761,0.806818761355696,1.385362720765,6.33432170462528,1.13564719011467,1.90472824972635,6.11838306045607,1.26598084158678,2.48203844585212,5.97168111550865,1.39501189602763,4.02086628478798,6.05979080611646,1.49026626409503,4.6468319676791,5.92697462663829,1.63361076926233,5.31478630222957,5.81693447037392,1.79092091161624,5.96157714410364,5.70477782383517,1.98542249600747,6.51853126115243,5.4043641631617,2.03155219761715,6.96746351592613,5.04954716031532,1.90303686649003
1.57851898777362,7.43870365556733,1.21042605659705,1.79408770389575,7.32885996405874,1.20986875105884,1.80696604847838,7.15561088261837,1.11993866645123,1.45256502934045,7.08688725000924,0.898113706985762,1.03082644868506,6.95110394431736,1.03285476872621,0.757847828592834,6.59023983139383,0.911879029439264,0.886654553928521,6.55590519590424,0.955693433747901,1.87105931005684,7.11883597400793,1.38598873651537,2.15231305007362,7.08975874714647,1.36037533246443,2.41931683939977,7.00142703428466,1.39071052937286,2.68648155294158,6.56979024966392,1.23748660901161,3.04038369575851,6.35293445595249,1.43677917666687,3.03982278650103,5.99868483716046,1.40740592565749,3.31874302233448,6.05314413172597,1.43698247241402,-0.774011206077641,6.98105813978714,0.806981358366628,1.37351424507462,6.33588555056002,1.13208045699959,1.89024391420749,6.11951859042909,1.26030625923951,2.46883211266661,5.96986590561846,1.39004537026365,4.013655095346,6.05669448289015,1.48475375907072,4.64054137306564,5.92852829612005,1.62957135638974,5.30911349687781,5.81878241946722,1.79169727786805,5.94045785226257,5.70685703854715,1.98346358343628,6.49933173007924,5.39646116674045,2.03025821603977,6.94103234009986,5.02427880082078,1.91774629567973
1.57234700228389,7.44009109420451,1.21027932385514,1.78676773408123,7.33713852594893,1.22045572206016,1.79905216371693,7.15747369392697,1.11720943009453,1.44407894760972,7.08753657459605,0.895424889101568,1.02301895920707,6.95190941070309,1.03008549209174,0.751412526700667,6.5939021913471,0.908121449800271,0.880201857390247,6.55639530890156,0.947533256106011,1.86389349739679,7.12659805269605,1.39540771725567,2.15021394356271,7.08517540389479,1.36483189200144,2.41589906991533,7.00268854982916,1.39160532487368,2.67490247412051,6.56920508310637,1.23393996382905,3.02731334960342,6.34857059570197,1.43598863210151,3.02603345351067,5.99526052455288,1.40230261887228,3.30705182927682,6.04905522064719,1.43271300368176,-0.784485665468515,6.98365953282168,0.806887482594159,1.36091174085083,6.33473736537988,1.12965795804774,1.87759220416998,6.116982210852,1.25949490028088,2.45899594695602,5.96875500384879,1.38485974229952,4.01011349574859,6.05577560856646,1.48154496470367,4.63474650358495,5.92573243044417,1.62617818683508,5.29828845660708,5.8195385914191,1.78658492499177,5.93045355691253,5.70753155912305,1.98479628653686,6.48081291437048,5.39244423396837,2.04467889505294,6.91496795727986,5.00679886248397,1.92296440577908
1.56811448245782,7.44036389681619,1.21227807845158,1.78185322222123,7.33477547792047,1.22150106972441,1.79597686764295,7.15710222878567,1.11514009449777,1.44003607549545,7.08800024167706,0.891446512058742,1.01519122503708,6.94967589762294,1.02615212586052,0.739717643007082,6.58948304625994,0.909696551021654,0.874023273463029,6.55705702502572,0.945654969091507,1.86278730944206,7.12391605760991,1.39235324357538,2.14756156954923,7.0841817759793,1.36333376062193,2.41364995058737,7.00272849628727,1.39115174626596,2.66777762419924,6.56771925123609,1.22927062367331,3.01776612029311,6.34238351056106,1.43194882672774,3.01783785266434,5.98896814181288,1.40289541891561,3.28932004632905,6.0429852610694,1.42811980632463,-0.793631603331432,6.98609240098413,0.807257976278949,1.35456369012154,6.33309654083852,1.12755915047902,1.86865786838797,6.11111409944666,1.26030136903678,2.45141964358781,5.9571758430598,1.38889156883291,4.00071475819227,6.0504933136711,1.47991833607592,4.63365455828295,5.92530672067296,1.62477184564659,5.28916304579778,5.82015720827782,1.78629544746422,5.91902112349941,5.7089007561532,1.98494455579202,6.46281909618565,5.39451485880198,2.04011421024461,6.88784635566548,4.98719370933348,1.94300172035115
1.57287985093841,7.4448986455793,1.20775476503485,1.77665801975523,7.33217782392878,1.22126093041136,1.78578559561821,7.15389407243629,1.11496484109176,1.43180926810111,7.08998928627144,0.8972287178802,1.00440144851247,6.94884393108078,1.02455004404694,0.729352386732651,6.58684167499091,0.909307343197916,0.863372387943638,6.55736256746037,0.944926187385502,1.8649144093341,7.12192211755026,1.39028357013235,2.14894057003288,7.08277582384958,1.3631040049428,2.41650275075754,7.01001719269347,1.3861849951983,2.65967186299535,6.56812628906711,1.22340599407612,3.01133170047628,6.33867938961627,1.427108518607,3.01581166265329,5.98965127345651,1.40034012611952,3.27747948912207,6.03856981641772,1.42840839264936,-0.803103609336596,6.98813530541426,0.806640066854615,1.34472069822078,6.33294927032515,1.12404887942864,1.86240499532755,6.11070240776181,1.25742948827292,2.44259497865722,5.95384699786288,1.38865050658698,3.97377754775495,6.04437228939688,1.47402386615985,4.62257337154812,5.92717814828725,1.62231242361844,5.26865838695135,5.82034759462887,1.7850665949274,5.68971311951281,5.7921469700232,1.94631190549519,6.34152617395518,5.5077761783572,1.97075204642112,6.85998404276537,4.96596346133205,1.95639501768805
1.57819786755454,7.45003172639408,1.20568366081292,1.77597039580177,7.33238677939958,1.22217808891794,1.77729277567469,7.15530616296188,1.11030302150341,1.42106476484841,7.08794527468657,0.892558425519528,0.994647485378725,6.94748448766383,1.02532240176943,0.730186893624881,6.58496971516325,0.90820244549695,0.85342142330176,6.55679167554387,0.947002263638163,1.86661292421944,7.12141569240116,1.39221400286875,2.15039111761839,7.08194169221693,1.36242007694902,2.41606474793351,7.01021758902181,1.38490498325714,2.65769588109484,6.56134915407044,1.2111154269794,3.00192589355878,6.33380600891578,1.42676308028384,3.0111610089361,5.98305371851928,1.40048902814586,3.26765198317081,6.03396010655967,1.42619439253318,-0.810846013724516,6.9890655187539,0.805509513718271,1.33659393806097,6.32861096050289,1.12399376017284,1.85332307568971,6.10631290707933,1.2565186986701,2.44128586798833,5.96149900182017,1.38011123451596,3.97207771754081,6.0376900436601,1.47385911294651,4.61933911331463,5.92547649332521,1.62175839673898,5.25951860029697,5.82115387028142,1.7856179380266,5.83260323771955,5.73991292226357,1.9651388242402,6.42939267566967,5.39596795597939,2.04147420045168,6.83853315857359,4.95723130320329,1.9624196547684
1.57826963857203,7.4530121092804,1.20300037452954,1.77252636424337,7.33339136428884,1.21890352932849,1.76864995519277,7.15637176727566,1.10335492622874,1.41078788137631,7.08474329214115,0.887844939228368,0.981528536547432,6.94589008648132,1.02279086375263,0.724778534669698,6.59017888641323,0.902588285382732,0.844489309473948,6.5592299936938,0.944503642552008,1.86640694775828,7.12044222669318,1.38756608783051,2.14927414201629,7.08184027806746,1.36241929140454,2.41604811151739,7.00874168090689,1.38618146613509,2.64844609810289,6.5597646441149,1.20574697443028,2.99128652095769,6.33327253173487,1.42080732778955,3.00014415326815,5.97902247238824,1.39696630552708,3.25118158353802,6.03381387062161,1.42251283953211,-0.818362497823869,6.98964656842823,0.803363276769487,1.32848365760658,6.32856939698212,1.11997870741971,1.8468011445721,6.10748827612377,1.25154759666703,2.42555584685527,5.95029851942652,1.38524062835361,3.9565683489174,6.03433389840841,1.47055467006301,4.60888150190844,5.92538185360617,1.62071530466466,5.24931031687648,5.82322210470085,1.78378025331301,5.83961280494805,5.73479765635339,1.96674507290891,6.39549578476733,5.40618634048123,2.03531441109211,6.8123199043557,4.94130427738168,1.96653627164575
1.57721082779193,7.45317601236785,1.20235204369169,1.76745338736162,7.33005862832801,1.21705248962932,1.75592185174205,7.15336539064164,1.09776951508967,1.40099889921885,7.08404182975482,0.883593045767358,0.971108314105869,6.94468712084351,1.02024441090125,0.717327982448731,6.58805984127534,0.899635437458621,0.839490674117186,6.55539150857731,0.939327711952738,1.86339687753515,7.11414567114731,1.39378801388732,2.15075141296137,7.07886753550776,1.36285541169133,2.4155115170682,7.00745773934137,1.38494905263905,2.63490512060837,6.57606218985051,1.19195337808539,2.98269358739895,6.33189592553507,1.41841795229065,2.98960379893361,5.97851016408773,1.3928159431645,3.24205488789006,6.02911528527827,1.42156730054826,-0.827256499616864,6.99032660057175,0.80127227487761,1.31869909706429,6.32631834521356,1.11902541758435,1.83174903670716,6.11519814031665,1.25739536622131,2.41865446915491,5.95874249567785,1.37659909393163,3.94538639042793,6.03392483449855,1.46687406763046,4.6025650980771,5.9234658676017,1.61908501243101,5.24085079818007,5.82317299565602,1.78084865110281,5.80972360454159,5.74430862591168,1.96417292526848,6.37087507525807,5.42408806210828,2.02896995289301,6.7917443345265,4.92184609892844,1.97668067630045
1.5778539548703,7.45254275422211,1.20329530747524,1.76235648741143,7.32203321962211,1.21832135059227,1.74736867369756,7.14668590183746,1.0960971031835,1.39273973226934,7.08013009071222,0.878113836551191,0.965966232356989,6.94243969007057,1.01785302713371,0.706546035400986,6.5874646576456,0.895163946418414,0.830623760259839,6.55385723847932,0.937098330082581,1.87093371102301,7.11825299953838,1.40446021599918,2.15639694103601,7.0803057891511,1.36470475630428,2.41874327412521,7.00544694407402,1.38472203727105,2.6259021254076,6.57215395318126,1.18836082281292,2.97673182004081,6.32864630644113,1.41315988004902,2.97750302825598,5.97685939165039,1.39698277878703,3.23426919427508,6.02504446597739,1.41762864334081,-0.834431354494847,6.98530331383831,0.797447293155016,1.31018134214503,6.32772149977903,1.11926336701738,1.82840980914067,6.1125508322705,1.25620932563016,2.4089745396774,5.9505125231421,1.38016249038451,3.93986078418512,6.02988668433542,1.46333914066499,4.58712876807135,5.92586189786449,1.61508043129324,5.23807934730004,5.82232274022855,1.77806446169356,5.83597348646345,5.72697627916291,1.96637381787658,6.39616985069417,5.38223321431867,2.05855669132758,6.77342720522102,4.90789267266637,1.98000870509323
1.57876849635721,7.45567854165931,1.19970365384785,1.76017376500997,7.3196635637371,1.21150506560947,1.74166812994932,7.14102485612365,1.08762691040253,1.37738343509024,7.07494741075962,0.869909143497595,0.950689394088341,6.94246619918006,1.01076619668928,0.687096314627299,6.58829991645876,0.88675540653569,0.813460589588981,6.55365166584044,0.930579294400672,1.87035912803358,7.13133958245102,1.39643840852778,2.15595467744817,7.08422853326137,1.36337354869347,2.41838834803126,7.00577139616649,1.38596058502685,2.61729834314947,6.57042836264554,1.18406011726431,2.96325957451492,6.32904433519676,1.41183456794391,2.96758470291115,5.97438790735323,1.39259782722404,3.22653780483494,6.0250579173847,1.41533471859571,-0.845283424879827,6.97966354670484,0.796221549262372,1.29228230667386,6.33000937254013,1.11586686331255,1.81782856032858,6.11789526822921,1.24819437717712,2.38946720727056,5.95666799281493,1.38480547265216,3.94015004832709,6.02676908308686,1.46269364361561,4.59273796958461,5.92093628504837,1.61324417527008,5.23964679580144,5.8223058019858,1.78061441603589,5.85481522354279,5.7144739403632,1.97341113792699,6.38972580113923,5.37039176064231,2.0643799582197,6.7564545565227,4.8975770357503,1.98929308209785
1.57706976097586,7.45308344995815,1.2005496503542,1.7545465866992,7.31701896045675,1.20881210180878,1.73420873671219,7.14263771020181,1.08246497740801,1.36383678306144,7.07488069484055,0.86550209755457,0.941026711358039,6.9443104256671,1.00829218558785,0.675552913515545,6.58833696462585,0.882031927768958,0.802531223819057,6.55427690606604,0.926546613591369,1.86814790242442,7.1291636993898,1.40266267651363,2.15662353357915,7.08455187002342,1.36476263124435,2.4101435006335,7.0001144407747,1.38989268611861,2.60997132027941,6.56661786491905,1.18132505141993,2.95640830433634,6.32623455974108,1.40778229029275,2.96145611252721,5.97041939149031,1.39559169280889,3.22228045566298,6.0209173012282,1.41480272667885,-0.854396236738574,6.97491130569533,0.792493144666093,1.28128897731535,6.32970268260763,1.11207742321213,1.81338915928047,6.12342246572407,1.24041269714935,2.38338232083328,5.95160138044521,1.38752158052819,3.9286475316299,6.02666361662761,1.46273283927458,4.56867889994593,5.9234147995532,1.60911735064336,5.22082729523962,5.82533426803664,1.7756122131235,5.82753129684378,5.72525988410462,1.96807679357881,6.37681181067947,5.36030870864851,2.0702645196548,6.73492304722339,4.88896899593553,2.00077382964386
1.57486616084927,7.45438720554524,1.20878240630723,1.75124255737154,7.30963317890716,1.20228495492201,1.72423211494987,7.13554394462457,1.07370777618326,1.35424715719664,7.0677311132059,0.857372680607895,0.929251542232201,6.94295758419199,1.00515539509019,0.664978479008958,6.58420652945188,0.879599388684068,0.794668125108669,6.55338424922954,0.926518723275413,1.86797791277437,7.13021175282703,1.40478522314276,2.1531869112801,7.08760445542494,1.36355608790929,2.41598744478065,7.00390962575645,1.38589699429247,2.60411028149088,6.56220432519032,1.18026198673826,2.95049056931491,6.323002723338,1.40445404659952,2.95280218585874,5.96661460579956,1.39258264873053,3.21112733970037,6.01752006900171,1.41253237099532,-0.868708487209173,6.96837824852825,0.792329285628883,1.27430868842366,6.33399174242314,1.10379462866618,1.80625627785676,6.12337223524519,1.2359590414468,2.37688712376566,5.94966901158857,1.3864610447426,3.91092339311166,6.02333944676735,1.45585693167613,4.56092065163222,5.92406118406889,1.60606637330718,5.2231301874748,5.82451999266143,1.77201875682119,5.71536837966263,5.76650181179498,1.94614372095396,6.36470745335416,5.35472794023619,2.07431966583115,6.71565719112146,4.87530906237774,2.00762174504962
1.57140466839964,7.4567522622793,1.20892961244334,1.74534225836242,7.28787346864345,1.17477079704407,1.71189259790093,7.12722631930238,1.06419452932354,1.34356023749642,7.04946551309078,0.8482895296839,0.920482484852674,6.94015492050647,0.995663407260289,0.65575456067885,6.57995261702448,0.874726318981287,0.785866528202721,6.55072747844844,0.923788993037303,1.86469463761446,7.12655072085356,1.3928410688504,2.15212184071732,7.08711421564102,1.35944855861415,2.41389129879753,7.00470051906249,1.38686224949401,2.59891317846408,6.55660405844999,1.18036558667744,2.93997818219946,6.32085046922563,1.40168016928327,2.94239961317607,5.96326628240274,1.39087122016615,3.19928506514828,6.01534480690893,1.40830404721008,-0.881014391993527,6.96467791024306,0.787504624940823,1.26679785911031,6.33224665888413,1.10040313342485,1.79475794151315,6.12180792119809,1.23458671629544,2.36513337485359,5.95100358513957,1.38397823084481,3.90931159919783,6.02935328628078,1.45979786064386,4.5541681024423,5.92502749139343,1.60530803249199,5.22016362815455,5.82925689497463,1.77352390513693,5.81330720346303,5.72507110589663,1.96714705817549,6.34127853719992,5.37312817786855,2.07072477959702,6.69093538718826,4.86660700838488,2.02641825395743
1.56549728701508,7.45590425916363,1.20970652403827,1.74094355387618,7.28904112454073,1.16925380142097,1.70868545901107,7.1225311200818,1.05338844530966,1.33405776916817,7.04934422694138,0.845292538745704,0.91159521362655,6.93609352116977,0.988322874181791,0.649503243194148,6.57677840489612,0.872721950690657,0.778031652627203,6.5493817196547,0.922349227449668,1.86072061733021,7.1291454794901,1.38922871660631,2.14955755660651,7.08806180586798,1.35753034453096,2.41182649677286,7.00478767158311,1.3872899903011,2.58695216093229,6.55818146970738,1.17993731583147,2.93258102862901,6.3181348615972,1.39890574805008,2.93492140702098,5.96259694157725,1.38890878507587,3.19022878095376,6.01365246929186,1.40714271059848,-0.892032202210346,6.96066216498836,0.782952830001644,1.26396566805843,6.33095109076897,1.09699772828312,1.79153310553294,6.11938841538932,1.23569119401948,2.35930985193241,5.95494222206277,1.37996375451529,3.91089879119764,6.0264748254885,1.45903771931333,4.55428664028193,5.92332166824467,1.60403465206217,5.20329500240529,5.83046057575794,1.77429266680496,5.70470295821161,5.77056223656668,1.94359344840406,6.30410679612041,5.40345041563985,2.05738490248176,6.66999342763187,4.85833345743119,2.04421026780734
1.55847928633144,7.45169376737815,1.2109493987494,1.73326823520121,7.28436102247179,1.16618986028235,1.70012017970729,7.12725423276473,1.04908036919539,1.32040054116672,7.04587014574493,0.840326593421831,0.901698293091458,6.93585218738979,0.988005089146689,0.636980610402457,6.5755313093049,0.867575743621,0.769447257547871,6.54708319643918,0.919255433908484,1.8585148617765,7.1296220986812,1.38998065308318,2.14769844795664,7.08779668140853,1.35946088546294,2.41148994112635,7.00458903295648,1.38916843671626,2.57992187594909,6.55250974063614,1.17942755443326,2.91929686729277,6.32020013075603,1.40063467009774,2.9219993101262,5.95880724035116,1.38602657842531,3.17860561248324,6.01125689943664,1.40479451882885,-0.903619521389363,6.95202522937231,0.779255733855987,1.26027657688031,6.32820321277401,1.09188286391554,1.77869035030426,6.12004650289882,1.23363228342396,2.35077745385658,5.95509276445094,1.37736725162031,3.90291829019751,6.02633698543723,1.45462619643492,4.52857780847286,5.92770921085942,1.60437012602679,5.20210936524076,5.83349575812322,1.773746580271,5.70982504274932,5.76652117726323,1.94635767399658,6.29366563079289,5.40166877141908,2.06059904979705,6.64601299973396,4.84989696390185,2.0589384838695
1.55038462112567,7.45068290791615,1.21055852825248,1.73074871873765,7.2853825424693,1.16387294341467,1.69273793306795,7.13087499536622,1.0487257873085,1.30636327208198,7.04391118664783,0.838610681928608,0.88781583121476,6.9337868843066,0.984078019679246,0.621017607940331,6.57334281084222,0.8607493030805,0.750352917121125,6.54300291488867,0.915059701752538,1.85991242079884,7.13206545622981,1.38993052679531,2.14782613813047,7.08681594653223,1.35978160937475,2.41144762115658,7.00475629783781,1.38910311354795,2.57804108739744,6.54652622595567,1.18036219013995,2.92090884660678,6.32026326097357,1.40595674791057,2.91161894664834,5.95844257144341,1.38396612212003,3.16664601397788,6.00926630348696,1.40333345749907,-0.920105566489095,6.94015658759952,0.78021928366807,1.24383344387498,6.32840370448475,1.08358883514465,1.7699499949454,6.12236385091802,1.2304156301163,2.34163221282543,5.95702611738591,1.37469287291775,3.87966564657811,6.02607393847653,1.44614689488333,4.49784221810816,5.93407478683106,1.59247393379747,5.17076005304809,5.83286909334551,1.75843138980125,5.69935774074266,5.77013092180404,1.94459812209283,6.27969281323676,5.40200913008819,2.06393076348289,6.62549366896484,4.84132176942194,2.07169832615461
1.55708077269241,7.45572669528766,1.2152200175512,1.72851615262958,7.27998207909498,1.16319200350802,1.68084636618207,7.13098564173025,1.03898394419528,1.29112925831511,7.04177478450742,0.833440100245888,0.877048016878651,6.92973526538827,0.97802796994253,0.613614763575742,6.57249671550565,0.855978815703904,0.74117600594633,6.53987721222984,0.911975099952022,1.86147389680637,7.13303375105308,1.39092540705557,2.14856130522387,7.08685874303581,1.36212473731642,2.40793065031395,7.0022025184518,1.39237154464973,2.57334188104001,6.54092475524919,1.18229487068686,2.91509197969053,6.31576483313269,1.40937869233538,2.90818758653292,5.95564673179189,1.38559562231816,3.1569594560042,6.00756383873088,1.40315406218133,-0.928752660586605,6.93232831711931,0.778699422203221,1.23498091275958,6.32820066930353,1.08374249993868,1.75788066578627,6.12194752544305,1.23307414388035,2.33307451974387,5.95403612953303,1.37613959932476,3.86728846063786,6.02992578067495,1.44826202889437,4.49896887764601,5.93003052177364,1.59502580887802,5.17520188039594,5.83505171929975,1.76515643197956,5.77246408559065,5.73553338930754,1.96644633443016,6.27646703616126,5.3764688605364,2.08575798016429,6.60122372975051,4.83470264793336,2.08179796303373
1.55605800840391,7.45656911679969,1.21588228364178,1.72399846410601,7.27769474282588,1.16006163918717,1.67017316131092,7.13129345997192,1.02875892112024,1.27702620995606,7.03136085471654,0.821001410767971,0.861900829624595,6.9253978156712,0.972252565272532,0.602500190425196,6.57091398630594,0.848845900438853,0.733798665944883,6.53763113852792,0.905248021734169,1.86336615824573,7.13337036807214,1.40054339607203,2.15005193624277,7.08672544386699,1.36657582628387,2.40875839133815,7.00066962394873,1.39176603556639,2.57173950971907,6.54334274000639,1.19017835601993,2.91060741952456,6.31316595968376,1.4081742312509,2.90119574158135,5.95559205972039,1.38564295326394,3.15013160370443,6.00691176882552,1.40380956866841,-0.940273367456305,6.92542701577242,0.772667178362686,1.22114176358054,6.32875996340583,1.0815520017741,1.74708506542451,6.11492349351683,1.22505972318643,2.33094180355767,5.95151982351759,1.36576897961814,3.85811942472849,6.02906813788017,1.4459410795885,4.48403531252363,5.92948847104518,1.58877572530526,5.15444413512193,5.83726032658475,1.75365136400683,5.74641449821531,5.741857035261,1.9625993192579,6.26181425709061,5.36555124026358,2.08870797823834,6.58386287210328,4.82471691417915,2.09092847652357
1.55713779341891,7.45937965764926,1.21421922921243,1.71888963165213,7.27226702171996,1.1566067817505,1.65899478876407,7.13353980358456,1.02112296763566,1.26653383745571,7.02053866812339,0.806034508725899,0.851698242570436,6.91901813854385,0.963912678556104,0.590879501785448,6.56681893643674,0.842204315732442,0.721135847796443,6.53451793639526,0.900456149908152,1.86761853809615,7.14112818805868,1.40196848932022,2.15224741567748,7.08636182460645,1.36692808636381,2.4090474398186,6.99856031619497,1.3916019376821,2.56733212323149,6.54517813074002,1.19065885770428,2.90766348246308,6.3070317007041,1.41037960033932,2.8883497336146,5.95581694659918,1.38353574958585,3.14049769586504,6.00434223441107,1.4037245155235,-0.948898045303701,6.91275313736011,0.767127326302786,1.21076547629787,6.32075053178881,1.0851714406239,1.7383530352862,6.11400108848067,1.2244548661314,2.32401463090975,5.95202275920868,1.36223326731957,3.84654467752773,6.02711941301502,1.44116202561924,4.46504802582686,5.93096143516659,1.58770634789735,5.12410402291575,5.8366828644347,1.75658647869485,5.73834093590538,5.74334679248047,1.96403546220079,6.26400384677594,5.35613409616614,2.09255707895093,6.55837486366543,4.81638958995109,2.10311519787147
1.55800241161854,7.46013933517085,1.20904742074867,1.71434038024605,7.26654468734403,1.14734872459121,1.63382618932385,7.12597013092305,1.01849357207726,1.24829702013124,7.01098216740877,0.791960005666874,0.837422863943766,6.9156926568511,0.955506210464274,0.581499735144686,6.56310867519609,0.842327108026667,0.704131660034024,6.52846989878996,0.895268422300952,1.86647216468776,7.14155057733272,1.40302280423624,2.15405557184036,7.08567274607932,1.36768533209295,2.40964893280191,6.99645242249472,1.39184442601758,2.56245838496935,6.54424470831779,1.18892224393064,2.89669066344833,6.31107002494275,1.40571974046955,2.87779609499765,5.95437686330459,1.38188980691316,3.13197344663078,6.00227879260714,1.40212498909118,-0.963718007177034,6.90315529069456,0.764781055264936,1.19315606929018,6.32435642622926,1.07539223886648,1.72500380012503,6.11318992800441,1.2227899468853,2.31424610070605,5.95325381491516,1.35931769995433,3.83198541823232,6.02169942893953,1.4430755012356,4.45886123775313,5.92939952946697,1.58636073800515,5.11934713881328,5.83561979268884,1.7549359631461,5.73380453778221,5.74141373334352,1.96274343995614,6.249481728786,5.34940330658375,2.09973889468892,6.53778460018125,4.80423067652231,2.11709688967275
1.55635973785935,7.45983147939855,1.20682934348432,1.70810957768528,7.25927183905377,1.13261524800357,1.61760134636164,7.12364844847587,1.00359708174056,1.22542074889279,6.99053385904712,0.784253546026677,0.8269900370218,6.90916161418528,0.951668460211743,0.57217878759801,6.55619450995804,0.840987345557151,0.695065042235223,6.52431315135763,0.892946910753169,1.86273325054304,7.14423599022169,1.39925919251863,2.15252594414249,7.09085220075965,1.36209486427595,2.40889688259252,6.99661483511024,1.39029406010833,2.55922595718774,6.54530619595696,1.18662102923829,2.89047658969627,6.3033644197672,1.40862704583934,2.87176027398037,5.95049525763714,1.38311462473851,3.13298642477288,6.00362232229064,1.3982126113988,-0.97490353716179,6.89361111245915,0.759848728099939,1.18530307499042,6.32351145186177,1.07288322865178,1.71670343305939,6.10950152551308,1.22426856012461,2.30867775170146,5.95475356147199,1.3527232292208,3.83785114372085,6.01628594682537,1.44302535112941,4.47584969503976,5.92689255939407,1.58945213069724,5.1393409992736,5.83738318671385,1.75138341005948,5.73157608495322,5.73557906045882,1.96034527980516,6.24234707418817,5.34046025862746,2.10716268080661,6.52098577489739,4.79503642854725,2.12297765489642
1.55134833633638,7.46234473934391,1.20808586229485,1.69575318801377,7.25360502472698,1.11424811465543,1.5910529263988,7.11941765134565,0.972498926891327,1.20286361925508,6.99174246826381,0.7816432129564,0.820382658122467,6.90647125317418,0.947641547986646,0.559977267657373,6.54709858813892,0.842591185760145,0.685479407422495,6.52119284246387,0.889372020204941,1.85591607365277,7.14594393905331,1.3968441300882,2.15061399870156,7.09186174811861,1.36190889261562,2.40875027786788,6.99481024928081,1.39067472110462,2.5532471079847,6.5449674679996,1.18508432203149,2.87712710207952,6.30204290918817,1.40589307473749,2.85975697249681,5.94795463972988,1.38123798478217,3.12187448754416,5.99985960937628,1.39232853710168,-0.98615392210012,6.88269105389465,0.753954304228984,1.17450821395919,6.32362799185709,1.06940697514308,1.70286154077709,6.11266111260955,1.21936406141281,2.29932640013238,5.94873801500049,1.35265969898105,3.82994402993271,6.00940717735843,1.44375890499753,4.46323418087512,5.92581598230516,1.59102854906828,5.11862841923553,5.83781823903318,1.75893794940317,5.72764907052886,5.7328146687573,1.95899518636875,6.22961891876899,5.33551071844631,2.1118814184685,6.5026369167957,4.78763973708481,2.13529072234376
1.54443944110372,7.46271456509814,1.20791493051193,1.68627307468727,7.25381879068737,1.10580480899507,1.57621221346376,7.12254575029973,0.967518358938471,1.19459227961529,6.98978739471807,0.77685674140186,0.80835526343783,6.9033020884195,0.939186907784804,0.549402284197752,6.54574008086455,0.836794706806647,0.679559476842562,6.51954595123342,0.885947513677671,1.848701027847,7.14660887874848,1.39055682247875,2.15051348930045,7.09101813820058,1.36001018681851,2.41107310068651,6.99293679578067,1.38863133286027,2.54598777150679,6.5449238222185,1.18213120558644,2.86905627575965,6.29359801927415,1.39775007850723,2.85341551613693,5.94694451255509,1.38069362983035,3.11426599514585,5.99776561018544,1.39226098883903,-0.998103152742049,6.87403280706625,0.747816973594854,1.16352050271337,6.3232254436999,1.06625299069341,1.69314192768365,6.11290692568777,1.21711107020826,2.28758795987682,5.94684714206688,1.3540846983764,3.80033364309927,6.00475394706151,1.44522345217461,4.44460613471658,5.92945070552314,1.58966574891717,5.09275458317513,5.84154603973038,1.75770953440885,5.69486803104506,5.74508809857668,1.95050509226694,6.21947560236598,5.32749429797589,2.12099315780699,6.48286971892993,4.7824754141916,2.15115630927183
1.54782124852825,7.46068860181,1.20202448930217,1.68002341165487,7.25698167677068,1.09390396914079,1.56188942362856,7.13064790006234,0.96167941442942,1.17670845494706,6.98582410213922,0.770355901081769,0.794825743703305,6.90014579239506,0.935201688881358,0.542494025162788,6.54324617048872,0.833517422390636,0.671298784840885,6.518450345555,0.882422696638428,1.84190329005921,7.14639316117914,1.38752466823885,2.14900709355059,7.09096944440901,1.35993399815995,2.40980884583319,6.99399076442427,1.3904652816157,2.53611653983029,6.55230342113748,1.18382519533423,2.85499405320258,6.29110407661534,1.39598305978304,2.84099718530825,5.9478208813611,1.37881209987257,3.09915357466531,5.99777596683615,1.38941019901173,-1.00961154755336,6.86734097290573,0.746497441416449,1.1542174395674,6.32392606637834,1.06276528136758,1.68074787332881,6.11765612243953,1.2145134771912,2.26952298360989,5.94924757012201,1.35028932461513,3.79660737248148,6.00521724714074,1.44126957242784,4.45056914585104,5.93032965213856,1.58682107687222,5.09181733620168,5.84242815625945,1.75464830547099,5.68306149955638,5.74696164917483,1.94886077279128,6.21602445817295,5.32515978762412,2.12441417369735,6.46849651010681,4.78314730752094,2.1622811436018
1.54662773267116,7.4548428657465,1.20142571835617,1.66873598159793,7.25553575102313,1.07490152330947,1.54212836076737,7.13608535500049,0.940101537075517,1.15859271301695,6.98447651602131,0.762096485963789,0.77014284843307,6.9022488781108,0.934563363922097,0.526518094185459,6.5386671857957,0.824405490871286,0.65690171017836,6.51461080164169,0.881596860692449,1.84060158960494,7.14456103316842,1.38385296764702,2.14882414969847,7.09168189343682,1.3605424193082,2.40894057027953,6.99578784717694,1.39149313736086,2.52759434205156,6.55002613385116,1.17669684079065,2.84439763278385,6.28909469135631,1.39601680605196,2.83169590043035,5.94832099731563,1.38186144079847,3.08643668760876,5.99558099644068,1.39018701669844,-1.02006240528833,6.86119722741617,0.739454211729068,1.13914272109147,6.32265983057267,1.06061707752202,1.66350988569825,6.11846451415209,1.21357824856068,2.2568900497126,5.94942399729355,1.34958105803433,3.78083220215174,6.00227827331171,1.43445095658544,4.44176199762864,5.9291062463821,1.58008268111203,5.08732394078764,5.84468613528732,1.75128105147765,5.68199935502405,5.74328973686936,1.95175319619304,6.2041101738065,5.32271699196817,2.13488118586022,6.45014658162597,4.78589454834285,2.17718629333965
1.54704368060419,7.45277102848654,1.19759252855608,1.65352166054707,7.24813026828994,1.06455103812074,1.5179635371552,7.14618452803022,0.91556322634497,1.13741110024052,6.97986765601599,0.752516998841106,0.761583911975757,6.89723000751656,0.928360895343179,0.515380653510392,6.54162907724152,0.818117432713422,0.645162065540072,6.51669621832323,0.875985130894963,1.83710665363214,7.13948675865761,1.37606110607658,2.15029871465549,7.08749105203527,1.36363272669804,2.41076617951998,6.99796334972204,1.39524212911448,2.52287962719253,6.55024989732556,1.17377769002317,2.83764098370757,6.28911159189842,1.39325718504835,2.82153643916524,5.94778591429929,1.38301128967341,3.07317214180144,5.99467578912483,1.38889959215596,-1.03293875867584,6.85630388978801,0.732847080170633,1.12806042023558,6.32256844154489,1.05595236906352,1.65573525064583,6.12000687232325,1.2118694268397,2.24325726267378,5.95397594371304,1.35695242951936,3.78124572359178,6.00138190651308,1.43479635888049,4.43410330468596,5.92752333050845,1.57777280922376,5.07944892947112,5.84607355171535,1.74871997700838,5.65344052837703,5.75985309906374,1.9413179084484,6.19173500648041,5.31886733060296,2.13801524852731,6.43063272659922,4.78690201703885,2.19236785750342
1.55046215309865,7.45975222821646,1.18974256893409,1.63758201723735,7.25420616829403,1.04301527148214,1.49058636364492,7.14766479328249,0.901644890994911,1.12012343562016,6.97783641325501,0.745122174928033,0.750463964098738,6.89696056666551,0.926653986647838,0.506997663748705,6.53799223512025,0.816536286886525,0.636656864176773,6.51448517148405,0.874674045709241,1.83319087281486,7.13877742369551,1.37268788214514,2.14663645842702,7.09074933273136,1.35871871382438,2.41123732389964,6.99645733111396,1.39475155694026,2.514953708519,6.54949889428905,1.16734852827284,2.83492037658083,6.29762275002539,1.38677011432406,2.81330770142751,5.95301625931331,1.37742362099838,3.06832138499426,5.99436731146461,1.39166168203421,-1.04103686528861,6.85355222340831,0.727474547852774,1.12243527751665,6.32348180204307,1.05164041263663,1.64714671232053,6.13584839249054,1.20159414291994,2.22237920443539,5.96289808885586,1.3527523069887,3.76794350011523,6.00082858162878,1.42990709430284,4.40634605293265,5.93560534686343,1.57784671010141,5.07214962498675,5.84730622642983,1.74600769883363,5.67090818616301,5.74062043092749,1.95366241447786,6.17721055837406,5.31377626140636,2.14776234756661,6.41632917936245,4.78580407421854,2.20543936673051
1.53992784014495,7.46293747891476,1.18947263612147,1.63059603934662,7.24759333767773,1.02324865796018,1.47563593078911,7.14997136590793,0.878622882864213,1.10282856499632,6.97393421351494,0.731492320662477,0.735949579483645,6.89231297586258,0.922713380053871,0.498129434422253,6.52934716186291,0.819421384342566,0.626870780356101,6.50569975558505,0.877479218502343,1.83246418898417,7.13920762541297,1.37317784831357,2.14740357345728,7.09112818868735,1.36026062056449,2.41108508550032,6.99475272598197,1.39492591447753,2.50743328406443,6.5471686737672,1.16372805664713,2.82332729459161,6.2952335130254,1.38403139068914,2.7967204996683,5.95276998095301,1.37483583213222,3.05793346228049,5.99428488557944,1.38827204027995,-1.0526614201512,6.85117389539187,0.721951016188903,1.11660485199327,6.32179341320891,1.0477713419621,1.63973940774656,6.1312896509542,1.2045745023884,2.21598731739181,5.95646853019457,1.3452261026235,3.75921894361159,5.99968338880495,1.42846178311655,4.40593333436649,5.93139769618661,1.57532093738486,5.0687807856571,5.84644066349811,1.74084262949951,5.68874227991678,5.73330664544223,1.95805812475376,6.16570121669633,5.31287678003462,2.15142782598902,6.39818537985925,4.77804748336432,2.21212119063824
1.54173110724559,7.47460832884948,1.1798916813186,1.59863778344013,7.25427689266958,1.02123460680929,1.45311178763265,7.16060182616238,0.874649535292313,1.08501074172487,6.97094532749447,0.727741149206433,0.724865627711426,6.88844015667199,0.919392220769157,0.490936828456863,6.52402922534997,0.819054041999991,0.619916138096923,6.50315587687939,0.876441921503594,1.83297198984073,7.14277355593954,1.38001159151169,2.14723293386229,7.090250396019,1.35830427792216,2.4116541137373,6.99380623222426,1.39444664031526,2.50194810603263,6.54975040561137,1.15743006838426,2.81380031746504,6.29930189056965,1.384866026589,2.78529230152532,5.94947821172436,1.37359836997013,3.04558048412085,5.99172142720104,1.38853934104719,-1.06571119542782,6.84088348806646,0.71835354303146,1.11550644594212,6.32561784642492,1.05020657878537,1.62997767036789,6.13404864052404,1.20143647367687,2.20189385565999,5.95152194287909,1.3472526463952,3.75178797391462,5.99740868695694,1.42680308436161,4.39616198165227,5.93088554970861,1.57222354966944,5.0572249673042,5.84632856893592,1.73435528189202,5.67669656515713,5.73572073518148,1.96309900815827,6.15588046673286,5.30837328128926,2.15475289603691,6.38367910868015,4.77567459657439,2.23065886422182
1.53504347752426,7.47709105319191,1.17841323657659,1.57646614277436,7.27493400996378,1.02921722557126,1.43228142488175,7.16882799744778,0.868820252893642,1.06475931049011,6.96261912097304,0.718054292806578,0.711045764032557,6.88399695188513,0.917908200228546,0.483583849323092,6.52430606488099,0.823739082986232,0.612586139389268,6.50373986022629,0.871425743789037,1.83690023181963,7.1341634909022,1.38860188462146,2.1470000729145,7.08970328371133,1.35883402259359,2.41133210323652,6.99414473278054,1.39560285954426,2.49358540128709,6.55033450025254,1.15288795954548,2.80577533729803,6.30036450536254,1.38922216112878,2.77595086721923,5.94823858116466,1.37164687306751,3.03401326490593,5.99151470907592,1.38785333817486,-1.07711479551784,6.8336215485695,0.71748574345599,1.10498960076483,6.32323844275071,1.04879267655425,1.62598480529377,6.13461985921703,1.19361598201027,2.19101755351334,5.95653038218072,1.34573650271956,3.74276183659183,5.99735082524571,1.42653028169344,4.40034906506489,5.93058114590958,1.57360889019385,5.06719280631351,5.84501028946323,1.73646178871523,5.69110579762964,5.72737428953515,1.96413407279094,6.15405074538306,5.30322711231934,2.15481194876255,6.37540607921355,4.77556568749093,2.24448692491227
1.52466966564914,7.47469229246603,1.18346244874446,1.5600852962073,7.28603495211507,1.01968694170997,1.40362323430914,7.1799577545108,0.857221161208338,1.04609589881423,6.95499562694252,0.714241015934898,0.703609205936876,6.8842186368734,0.917843204078909,0.474825624678877,6.51793103499569,0.826441514908261,0.603661805383235,6.49728825872032,0.874801718824399,1.83441930250483,7.13265121552346,1.38782337504853,2.14710391272421,7.08956541293464,1.3597607273299,2.41275664486382,6.9926526172287,1.39808168487159,2.48295134156862,6.55610894947007,1.14623780598721,2.79491983184544,6.3020297248045,1.3922659938439,2.76743371011318,5.9462151540932,1.37275001509323,3.02581664766352,5.98919197921077,1.3876332007774,-1.08396922474505,6.82972014136228,0.713573297389433,1.09707331926296,6.32235437466393,1.04880217294092,1.6200381629866,6.13354312054818,1.19458274586918,2.18633536401021,5.95804888794657,1.34569451918456,3.74023864580481,6.00281619730845,1.42793579072606,4.38700874228063,5.9304334771659,1.57761877519149,5.05619601003357,5.84651483244968,1.7369322487999,5.67258991144443,5.73552594049212,1.9634801184147,6.148780573919,5.30137539146333,2.15534545703665,6.36878110883666,4.77572254518699,2.25266674254101
1.54121636305123,7.48470543049772,1.17856535874938,1.54947101600513,7.30025647041727,1.0033037696059,1.3856816995072,7.18467503496783,0.852466275005739,1.02924835668927,6.95188478745752,0.712599249425664,0.691546926168683,6.8810244016693,0.919250435214244,0.468073059128046,6.51734662185782,0.82718687023026,0.596918081913848,6.49691435018953,0.874378058358843,1.83157765209712,7.13319915032104,1.38404625690496,2.14563677978391,7.09082733768146,1.36119345616217,2.41319501522944,6.99334576171589,1.39726236501016,2.48112794404342,6.56003135681337,1.14461388268074,2.7884973202955,6.30155960224339,1.39062374615025,2.75993816673805,5.94504968326882,1.3716378331479,3.01960910511945,5.98797930625681,1.38824526770771,-1.09400713367684,6.82052147008204,0.712380663606403,1.09162509363424,6.32191786585405,1.04873080718243,1.61348193004804,6.13500179961659,1.19470606480123,2.17795438962695,5.96021932378931,1.34209109660653,3.73330138661666,6.00330501966289,1.42798288981236,4.36133639923886,5.93227965090812,1.57633736253376,5.04405878596412,5.85097709168397,1.7388194261431,5.64986206003378,5.74170539090199,1.95914421969562,6.14273872452829,5.30279916759609,2.1561632668698,6.36337834583267,4.77890437488373,2.26224582363279
1.60700994034721,7.4901359757405,1.11620970312514,1.54751615761002,7.30712714630636,0.95204248705975,1.38825116233746,7.19345957785921,0.834995003541593,1.0069549998309,6.95962922342344,0.704498065277257,0.67440048206249,6.87824980466595,0.918595945153006,0.453717483872115,6.5170234827719,0.826791133744446,0.583221715581942,6.49693399532179,0.871877564144231,1.83315377005406,7.1343743345307,1.38410089716871,2.14800924316017,7.0895770798881,1.36199929519336,2.41427782891398,6.9875750051482,1.39107407942336,2.47791759251555,6.5595070864348,1.14356859930891,2.78371925864811,6.30171988179496,1.38961345051015,2.75401501872874,5.94674394489754,1.37105903731188,3.01256259993521,5.98763998357808,1.39001406685586,-1.10402726103121,6.81257260171548,0.715606478454887,1.08289406671597,6.32264372371733,1.0491313071033,1.60564668778244,6.13458712288171,1.1939009605796,2.17234874828818,5.96473052031618,1.33972981226357,3.731397379014,6.00382921011961,1.43003195326315,4.36442285166568,5.93189769065162,1.57818645736179,5.04106306793821,5.85071195045939,1.73929940635914,5.65010830691893,5.74075687994398,1.96047947184437,6.1357943064971,5.30548073014214,2.15632883226373,6.35750268505324,4.77925481013274,2.2714636654788
1.61625576130638,7.46782268719558,1.0898631998768,1.53781415437723,7.32905270581973,0.921800864699645,1.36418698778827,7.20530026546182,0.802583239388816,0.989605495417907,6.93894429697591,0.676291908564997,0.662423065855409,6.87371824611982,0.914072926116011,0.450597920594793,6.5113691371802,0.829750263820139,0.579240842723044,6.49285303201098,0.875341824803114,1.8305479453847,7.1371653631743,1.3821829523083,2.14875288003108,7.09045924469864,1.36269897042646,2.41498947082595,6.98936933317753,1.39087723359188,2.47524811864831,6.56585121232999,1.14164659825323,2.78102701222044,6.30383131118334,1.39145423578459,2.75019375176756,5.94549462485795,1.37364886861593,3.00936096919604,5.98864640594449,1.39152304076584,-1.11212764222512,6.80712517765256,0.714172184448194,1.07782402624815,6.32477880579953,1.04858488933255,1.59627225957216,6.13996516947219,1.19076163174155,2.16299519535098,5.96619170154497,1.34207024396021,3.72425581328378,6.00367828440392,1.43192945441113,4.3568245098141,5.93192507228664,1.57899587202752,5.03402367539516,5.85314080367282,1.73872093393903,5.65019835216748,5.74189979167342,1.96097614183173,6.13351600356696,5.30206813422592,2.15522180343161,6.35380494702772,4.78265782603166,2.27835693501178
1.63646533632322,7.46347358126605,1.0311855371583,1.51955830473505,7.33822638890395,0.856474312448842,1.33411158502164,7.19930885394002,0.757092866382985,0.974082510147152,6.92771468388391,0.664681166663155,0.648564751007947,6.87300141609853,0.910996500550629,0.438813360595824,6.50770426007497,0.829384785375902,0.569974690424863,6.49004261301223,0.873832155218397,1.8273996328755,7.13740639970629,1.3783561599971,2.14903631835885,7.08964215630861,1.36263181836573,2.41700031710288,6.98837116606764,1.39047877485447,2.47598043809922,6.56702988815212,1.13877537646099,2.77882834483898,6.30292888959356,1.39370877044302,2.74787099685066,5.94936369385633,1.37325280081651,3.00668310001613,5.98891821009834,1.39323752354615,-1.1182514324667,6.80227719562969,0.715239164909766,1.06729481296087,6.32075341129067,1.04239459776299,1.58791451693814,6.14444685050569,1.19159043439358,2.15413006843193,5.97299488442119,1.34194743016228,3.7208984491716,6.00643876055189,1.43054550683917,4.35756662041402,5.93360826643148,1.57859411844864,5.03452543460294,5.85373399193117,1.73762388577346,5.64919786586756,5.7390949760687,1.96157967584852,6.12546714526696,5.32408165048407,2.13976738355376,6.3493666403573,4.78898550034361,2.28495483625626
1.65253206107331,7.46200793725842,0.95939968679264,1.50192517611058,7.32918164981871,0.821263513109364,1.3125071025369,7.20129918775219,0.718497222762524,0.957296500927057,6.91442879100452,0.647723759934884,0.631460693093761,6.87241908408588,0.897169665225533,0.426506405793472,6.50492458243495,0.82497115261413,0.559767249685507,6.48271006544232,0.863025386477273,1.82378487806382,7.13404471436498,1.37347180705962,2.14821686997103,7.08919859682569,1.36009621202335,2.41741186642874,6.9883025221389,1.38773340780051,2.46705699399304,6.5750559952352,1.13516878259308,2.76831663817943,6.30612916889965,1.39249695666874,2.73916959162539,5.95211768446793,1.37212475064454,2.99834470229589,5.99082983899642,1.39245139949557,-1.13029208886569,6.79372666356777,0.71752432928658,1.05827594942857,6.32374563638685,1.03695693081117,1.58025287228196,6.15137380005672,1.18708132101691,2.14506431002343,5.98230965233286,1.33689718250176,3.71433701939209,6.00897928868952,1.43068284776881,4.35518519593519,5.93068281723895,1.57625827857239,5.03035816921507,5.85589236971274,1.73942559013426,5.64384280531241,5.73850966182504,1.96193758570807,6.12359665906058,5.32030150843013,2.14089847326653,6.34405131618648,4.7936249518396,2.29643826691104
1.65987862049027,7.45917136167811,0.906930002830837,1.48814361731122,7.32901825514375,0.758879918091818,1.29502804166877,7.20019217083493,0.685765581633135,0.92974713372458,6.90306862819847,0.6412295464418,0.614832445397219,6.86828004991226,0.895377722939406,0.412935364724435,6.49615556352712,0.828894818377055,0.549844045378092,6.48212493970071,0.861872743245574,1.81693768632693,7.14311920306193,1.38201980395612,2.14772885535686,7.08816766710973,1.35607404497422,2.41552377483312,6.98656529444335,1.38554744598331,2.46346588320209,6.57322531936224,1.12948158061037,2.76274706804351,6.30530270866026,1.39248531053598,2.73237120188333,5.95163568219682,1.37154662346101,2.99130377845267,5.99083082382502,1.39356820637072,-1.14125815974379,6.79027067184857,0.720075305461715,1.04772325148983,6.32903900616065,1.03394851068032,1.56798148397899,6.14999836941223,1.19238822427346,2.14094522688307,5.98494415212577,1.33622966660247,3.70367735229175,6.00723747440861,1.43025961400583,4.33720887397989,5.93232070150609,1.57717037643604,5.0071396819727,5.85596947214418,1.73677765951911,5.63529858123073,5.74151873479894,1.95916160534555,6.11923528892466,5.32181305595654,2.13729782359255,6.33664177768429,4.79769149713989,2.3073989132807
1.65004957801824,7.46335004856402,0.850031942850931,1.47099450089109,7.32464386208798,0.688121141296463,1.2668904114685,7.21194161904903,0.647177941476188,0.908614662712331,6.89369073253318,0.628884622000395,0.600980862906774,6.86300249981482,0.888236556026084,0.410980097408827,6.50084672958344,0.822969850711633,0.543344154802772,6.48034509915417,0.862162484857074,1.81470860479319,7.14549023853859,1.38233464240844,2.14832487919866,7.08312066397991,1.3579547848658,2.41726248837988,6.99101361884632,1.39096502913219,2.46061364544708,6.57666022934401,1.12855398990681,2.75539544725895,6.30539415298307,1.39095717422584,2.72311855514648,5.95024473546038,1.37175985387799,2.98440038550684,5.99186497158988,1.39251534583569,-1.15191173120711,6.78427098887303,0.722562124177874,1.05287843754877,6.32565295422375,1.03362723697818,1.56788762092307,6.15387638470777,1.1893378066434,2.13740341745195,5.99147559331261,1.33133950507971,3.68941366712072,6.00710280080126,1.42824185364364,4.32509040798366,5.93340196113646,1.57400395350887,4.99515626471901,5.85791408581548,1.73424328477579,5.63565258014418,5.73818440823391,1.95806243102634,6.1168720296396,5.3153398369185,2.14031471068932,6.32731285510372,4.80230286956222,2.32114218773764
1.62590758568371,7.46061097710606,0.822495769596409,1.4453326272778,7.34697195415409,0.644119367378755,1.23714737879476,7.21252029520964,0.64175569501341,0.893072089314795,6.8889235896711,0.622679379670748,0.587165083835471,6.85908218104491,0.88605296730629,0.401012642937846,6.49494682598965,0.822651428058044,0.532193400613604,6.47678146952756,0.861207047365867,1.81440873038502,7.14660130650302,1.3828168373062,2.14923323918981,7.08269622634849,1.35933492276487,2.41700685064859,6.99265071322149,1.39085058204897,2.45661909440807,6.57975103527592,1.12760039888552,2.75023474814412,6.30798769037103,1.3907904370443,2.71734532094976,5.95320513472813,1.37003916075126,2.97987734926045,5.99460878331277,1.39064099870476,-1.1640252496307,6.78033426548837,0.723631493819914,1.0438028854898,6.32886278885115,1.03464322315756,1.56712176672498,6.1569303259979,1.18685480102705,2.14047790212226,5.99839803726076,1.32954879537771,3.68749743303675,6.00668274201874,1.42914373389234,4.3179458852624,5.93321097376562,1.5754988274139,4.98655282482107,5.85854941674303,1.73152356607736,5.62931592985021,5.7309366362656,1.96287809185247,6.09913647233658,5.3319063295413,2.1339496328351,6.31753758424651,4.80895701195396,2.33340956489798
1.61783996451874,7.47840314372894,0.796625363190137,1.41907070065405,7.36784130657803,0.629548964072235,1.19666651197726,7.21648415717517,0.619866583289802,0.875106167501096,6.88013207965468,0.613747737431413,0.576705431683935,6.85822972565859,0.88621850110629,0.394322008179647,6.49110498325985,0.824845601484272,0.528483088657179,6.47497227774078,0.864794562471429,1.81479834957072,7.14668902643958,1.38445011566975,2.14742310862729,7.08322559190659,1.35996098659557,2.41428968256132,6.99015488477149,1.38474382954467,2.45624676416607,6.57982675028188,1.12568923983466,2.74529759016595,6.30681965888243,1.39143146306811,2.71152625399003,5.95089146485417,1.37149621487502,2.97887462617907,5.98962025858428,1.386220884879,-1.17322743686564,6.77587221240719,0.726093153325025,1.04724125715991,6.32992145713991,1.03433474925823,1.56708693409725,6.15676344617865,1.18697213769825,2.14027227483167,5.98409925059378,1.32917000522765,3.6833944826021,6.00582438432202,1.42992834099776,4.31920409554198,5.93327990933478,1.57576356838118,4.98938184557857,5.85856431553126,1.73348677425628,5.63209097072825,5.731177389892,1.96587705174182,6.097711009607,5.32873279154306,2.13659548814331,6.3058992710146,4.81426938879358,2.34254764725944
1.59673141467567,7.46806398522772,0.709268370334345,1.40334623453682,7.37506828762835,0.603513393832677,1.18923506517499,7.22403116669618,0.585902559475983,0.868752386942728,6.88095677367343,0.608153457123035,0.568894084900739,6.85797727401722,0.89096626581475,0.38961175998022,6.48809434052357,0.825973842231991,0.522179898945912,6.47184513510302,0.866453272655071,1.81524191029384,7.14657284341524,1.38485166051905,2.14735209261276,7.08262243756694,1.35978575528297,2.41453801285316,6.98887432758511,1.38610227694759,2.45626674018766,6.57756049395906,1.12528488443571,2.74369363563265,6.31301308389669,1.38779070925877,2.70866410496767,5.95103107942248,1.37203569603212,2.97906307095594,5.99691924977352,1.38885294716065,-1.18197229490602,6.77291526781968,0.72634561734896,1.0342267330067,6.33269002977911,1.03545341427826,1.55717884836254,6.16045054675992,1.18589969154152,2.13338487568373,5.98344008119957,1.32731958022803,3.67937294370673,6.00566497857066,1.42883646015128,4.30299971296254,5.93745600008313,1.5744896114645,4.97615176130986,5.86093912420821,1.73171231969587,5.62237676697657,5.73351751434465,1.96368924933103,6.08935859760024,5.32205419202319,2.14105014056074,6.29351358847401,4.8149976653587,2.35705750430893
1.54798413411879,7.46322079575799,0.694790871086834,1.36848933030239,7.38983367924752,0.589264368646717,1.16094648774185,7.23684531027069,0.571398232680616,0.849870624627718,6.88254102709972,0.600152495383435,0.557058088311886,6.85909542992909,0.893073095388475,0.38455490718331,6.48753878679275,0.831033139935679,0.511975570694173,6.47059014771589,0.865692373365182,1.81302376184217,7.14271317083373,1.38879758880804,2.14702571758964,7.08623487660766,1.35584244051838,2.41594310363435,6.98771494958592,1.38319420120565,2.45537172834155,6.57389653182237,1.12144079178406,2.73835621057653,6.30391893449912,1.37573409878991,2.69931542473274,5.95096453269781,1.37220753688412,2.97418483627024,5.99287744289949,1.38489565217921,-1.19003502931569,6.77083665187912,0.727729542995855,1.02537295765891,6.33186162237771,1.0362073393055,1.55011032951088,6.16210375720167,1.18622799537047,2.12449139283843,5.98495430874568,1.32271250905725,3.65831215334654,6.00418725754937,1.43088652050281,4.29494427533635,5.93987514382831,1.57608097835064,4.94853249067967,5.86349358911513,1.73290422472283,5.60802167628025,5.75165533610731,1.94964657586385,6.07975777083744,5.32179435290277,2.14582166814531,6.28223358225233,4.8086905993119,2.37715246082455
1.52551330934119,7.50348810094273,0.651890540495122,1.33636413809656,7.42917422312249,0.550013691540836,1.12897468588633,7.25572386983604,0.542763091180713,0.835004718753909,6.88178709022208,0.581942063758962,0.546987520127847,6.85780114014806,0.892750558359066,0.376500012581854,6.48827637254828,0.830308722888232,0.500986442462257,6.4709698381149,0.863244988164917,1.81384813795223,7.14193991512544,1.38994973184569,2.14624330784424,7.08695159581671,1.35748597184446,2.41639513841698,6.98860194955977,1.38500139065899,2.45282825290848,6.57491036759077,1.11753391939389,2.73343877754242,6.30207044724005,1.37782837508539,2.69209530000048,5.94855263550994,1.3733500293522,2.97113210605734,5.99242211132514,1.38721542988334,-1.1986489555451,6.77081688306369,0.728213598073521,1.00730270784479,6.3352538516056,1.02907198968254,1.53874453042407,6.17130211949902,1.18217518868185,2.10347248471339,5.99613767063974,1.33117060770634,3.65009922416265,6.00271178800019,1.4286466449788,4.28783605656191,5.93891580313788,1.57274144460494,4.94708013026533,5.86402544493487,1.73172739575306,5.60036386559916,5.74839846877632,1.94251775650664,6.06881922950665,5.3197470491735,2.14837090293949,6.26919464380118,4.81383525607883,2.39039575621284
1.49843066681565,7.52584540452442,0.616456675801698,1.31380785854548,7.47010431413092,0.522336439852584,1.09085543361514,7.26278449469061,0.512358988848691,0.8194697849665,6.8837704006463,0.573291201472265,0.541836299046527,6.86062143284332,0.889219100223649,0.364733592182171,6.48896092617156,0.824906669602422,0.50001112928,6.46915355680584,0.864743003058141,1.8161681816973,7.14011738008864,1.39011164287324,2.14630840056952,7.08671482853805,1.35846289178502,2.41619557708702,6.98890392848,1.38489800950523,2.44892738436441,6.5807850486124,1.11726882211008,2.72504265150272,6.30275658691779,1.37992923736942,2.68338974975885,5.94964658559987,1.37490406839731,2.95515511944995,5.99051652585583,1.38644293250865,-1.20736109334886,6.76653779632024,0.729793152131661,0.992214506664692,6.33397270853399,1.02432966163355,1.52541681750434,6.17296851369172,1.17767303898828,2.08703536907255,5.99542485376528,1.32479588501867,3.64417069611012,6.00144530324158,1.43119593265522,4.28105054319716,5.93710277252047,1.57167398483356,4.96300348005964,5.86318809128407,1.73089239704419,5.60521022194378,5.73215032969841,1.95173625009793,6.0610290339473,5.31696851211755,2.15044358221668,6.25776420388973,4.80591148378986,2.40573151939482
1.47102138544092,7.53651367748767,0.554167311005481,1.27526295584611,7.47947013257745,0.462864835129021,1.06330051326253,7.28282526086265,0.483978034673725,0.796556469030426,6.88977427379586,0.562993575830142,0.530447817914207,6.8602973887197,0.887752274707484,0.358020757220475,6.48312500751873,0.823026824103218,0.490798672834868,6.46729101531416,0.864931583190372,1.81031613004375,7.13603434038053,1.37932532385156,2.14772664528956,7.08298711852062,1.36162061792283,2.41599305574818,6.9895151751648,1.38553142725451,2.45159746750897,6.58716685562606,1.1258864009137,2.72254865801987,6.30350818827324,1.38131122674253,2.68013620552927,5.95006061379122,1.37353893551454,2.94651182548281,5.99076722913964,1.38738690557376,-1.21788744396045,6.76406223316822,0.732336227064736,0.989748669445458,6.33687052633617,1.01789276064891,1.51830749216023,6.17684104944597,1.17453436736292,2.08742758559782,5.99712337363154,1.32855797651212,3.64817953823448,6.00006019391742,1.43217937672808,4.28111750970411,5.9371430075375,1.57364990442469,4.94077884808556,5.86515438625318,1.73172288299375,5.59655052712016,5.7461799886598,1.94360818967887,6.05451384342053,5.31546627173844,2.15563477242583,6.24105509342932,4.80651294224096,2.41764105534644
1.40693944690107,7.58006205917346,0.515197858124963,1.2131629409704,7.52527788898186,0.442016394131972,1.01497264655225,7.29326218371051,0.449995554008956,0.778558864547991,6.8891126702837,0.560485812968481,0.519424714303324,6.85818994678266,0.889261784914692,0.347751543030429,6.47876221984064,0.820781224992949,0.48372480062708,6.46474527706923,0.863800085146192,1.8133743865739,7.1417537271398,1.38952111208147,2.146160607932,7.08263230979538,1.36096180776531,2.41550078274803,6.98644467876866,1.38456647198805,2.44676796965854,6.58687865962669,1.12435544882818,2.71787793021093,6.3029454862724,1.3811701861565,2.68069036054413,5.95242663231347,1.37189017625885,2.93726259655348,5.99043368373286,1.38769618520016,-1.2289622632781,6.75712122056001,0.736519622534647,0.992215799654737,6.33406770280662,1.01983637792426,1.52041528159201,6.18015170111813,1.1771784017515,2.09364825382241,6.00115374813292,1.32789841473044,3.63531401162492,6.00126781986787,1.43162145168939,4.27656193512285,5.94142881310928,1.57599824733224,4.94373735226048,5.86565089033287,1.7299284123461,5.5885726223452,5.7461486570311,1.94249604069318,6.04312213754867,5.31316306305963,2.15828814686326,6.22990543183771,4.81130397092957,2.4286793104053
1.34650241742736,7.63073657540957,0.443879609051455,1.14910724291251,7.5631562973544,0.37812134872734,0.956223921201091,7.3124067636767,0.416696334472344,0.759473147936296,6.90379831992664,0.54823118477749,0.503773448301582,6.8561791064393,0.872673357457887,0.333239392704954,6.47888741023544,0.820157773764072,0.470589966230844,6.46706778900164,0.863365529174185,1.81075173504973,7.14238135997441,1.38943133786431,2.14570754976205,7.08292328771251,1.3599976221039,2.4148761532713,6.98556068604198,1.38169118135379,2.44043999909914,6.58962254009374,1.12123075247211,2.70619983918272,6.30230980378528,1.38012278233085,2.66764543080638,5.95173788127503,1.37234562302134,2.92410835441032,5.99083552641044,1.38743045475657,-1.239798008683,6.75079923104833,0.744653614116035,0.978988485758481,6.33954899001471,1.02208127870725,1.50561139084797,6.18044813274509,1.16700188688642,2.07760801688929,5.99851109238467,1.31643180966993,3.6306867818837,6.00159910570901,1.43206974196931,4.27199425379718,5.94220212528271,1.57353327932202,4.95948521176962,5.86477388343205,1.7298503988047,5.58980524039968,5.74216000163612,1.94499871079422,6.03600201396905,5.31388862083531,2.16046469875573,6.2184092717294,4.81514614935692,2.43965117785176
1.2732265776668,7.67386766474316,0.400223028159379,1.07384402635791,7.59757797888247,0.344719294172371,0.911806608318,7.3308407501495,0.425460772291235,0.730768586720519,6.91519975640529,0.536575200606363,0.493831665214484,6.84999254455319,0.879375813568104,0.336644270348948,6.47846019546886,0.831407073006896,0.46902323712182,6.46622221640394,0.870754375867632,1.80722600297322,7.14012246758628,1.38032877349643,2.14556467266076,7.08267701801552,1.35951605236696,2.4150105146393,6.98465185489382,1.38003051615358,2.4356964923823,6.58797881356396,1.11398251163588,2.70075410374629,6.30260444868273,1.38055435011156,2.6626277941327,5.95290821160129,1.3727001504754,2.91978956319251,5.98866691158663,1.38909615767241,-1.25261262185252,6.74557226492618,0.75023051241144,0.973589130894089,6.3376610718816,1.0257751487541,1.49577778105819,6.18733583556791,1.16267384802603,2.07235367849654,5.99985321155313,1.31329986164772,3.62500907077959,6.00152697660067,1.43250140241873,4.25761504455638,5.9443543589696,1.57109979752594,4.93748052977424,5.86742968347971,1.72703874685285,5.58354670800217,5.74351621360945,1.94482242903392,6.02806347565659,5.3162075891804,2.16187897987178,6.20352987176123,4.81554644875957,2.44917936005292
1.16000442797168,7.68555354211142,0.327588306198002,0.97568253806413,7.60112186211847,0.311598126231512,0.848910701505183,7.34122141692412,0.407287240103423,0.707173183930017,6.91888629085673,0.541343484468177,0.477714257551676,6.85266991017864,0.88599428791851,0.318096406650985,6.46656557883869,0.835003930064964,0.452778085796178,6.46933846973495,0.868584928116166,1.80775068477128,7.13972959016353,1.37974063794712,2.14471020791714,7.08311697422393,1.36052864637008,2.41547483735085,6.98403594780892,1.37882938052565,2.43285159885076,6.59206892207184,1.11544807369784,2.69256372836002,6.30439150609435,1.38296879682305,2.65186634761855,5.95601197604347,1.37314903115972,2.91451693792936,5.98966739221049,1.39026105537972,-1.26234157185203,6.74145354058374,0.755017042662754,0.963857701650684,6.34520486470551,1.02977880953394,1.48507629561253,6.19048016521435,1.16147210860288,2.05113357642379,6.01007451632191,1.31034897288381,3.61653383779834,6.00172371261729,1.43160908313394,4.257280927293,5.94441162379969,1.57035558919825,4.93733868489325,5.86828522601796,1.72708741949292,5.58194737107996,5.7427194824751,1.94540635946665,6.02174595144434,5.31592568884139,2.16410318357765,6.19312891414451,4.82045103317514,2.45517094340721
1.07594893739268,7.73429574920423,0.298808125613121,0.876768216017643,7.58601094640703,0.339796702810987,0.779473183333166,7.35496395132338,0.414599862256014,0.670098740696401,6.93056182033687,0.544354854987591,0.454621720584988,6.85405217429025,0.885248851821308,0.312514563483238,6.46910829924608,0.831871992056491,0.440514487381029,6.46986495214067,0.871905101152126,1.80889601751453,7.13915333920049,1.37927375220138,2.1455133112973,7.0826362427877,1.36082311325584,2.41605457373013,6.98431250289867,1.37832586506106,2.4293926480879,6.59570969736954,1.11771633227605,2.6848078368978,6.30532125036935,1.38517531369541,2.63847941948107,5.9576000685752,1.37527587503602,2.90679779454079,5.98953629161777,1.39195485421043,-1.27169149002613,6.73605957089305,0.761818252986717,0.951045681026187,6.34523053063555,1.02558058902096,1.47354133743157,6.19545315838609,1.15894764729541,2.03843805154487,6.01028793918557,1.31064917376881,3.61453870824533,6.00126239618824,1.43256843864344,4.24091556693543,5.94578593082455,1.56721740865945,4.92347773941259,5.86786035800213,1.72132668675854,5.58154920970825,5.74200640202178,1.94471062978431,6.01956674792303,5.30689101184755,2.16808144458053,6.1800886024031,4.81963407845546,2.46052555737392
0.989576963241779,7.74936568428992,0.224734697060014,0.809651856679899,7.62493641574299,0.264693015218068,0.726543780051716,7.35635793333199,0.385886396404491,0.642790906427491,6.94109083172055,0.521885458471694,0.437749720581791,6.84866172080309,0.876391853404877,0.291229038168532,6.47412699021926,0.833743560803067,0.422013043345009,6.47252278196073,0.870389694284343,1.80973502243557,7.13851678070737,1.38007335809684,2.14617835626115,7.0822951725665,1.36211648628124,2.41572702924029,6.98311720460985,1.38077674826126,2.43106266912398,6.59676615955501,1.11952531404211,2.68783152526602,6.30782462141815,1.3831869433195,2.63658845355767,5.9563222521494,1.37658154484419,2.90357606510713,5.98865933187771,1.39427201348454,-1.27513586455482,6.7312092298347,0.76534222297534,0.9448856703087,6.34455405833639,1.02538625261995,1.46955082750807,6.19713995424027,1.15634588291461,2.0364918610636,6.01125626566607,1.31069782502654,3.61619956622208,6.00003527780935,1.43422996938871,4.23936844645893,5.94744375160868,1.56851600534136,4.92074678005849,5.86967304600825,1.72164800042911,5.57372471613993,5.74771453568392,1.94557617838435,6.0129769420821,5.30357655806304,2.17128268401237,6.17047580124457,4.82069307895787,2.46491654476996
0.887257433682177,7.78242160346438,0.198633860297931,0.727825403471009,7.57763655706928,0.237901145166148,0.676661059373083,7.37731319715718,0.35588533572847,0.61527436214458,6.94731764883462,0.527292706325179,0.422852055813314,6.848493529434,0.87720326311013,0.271626708483498,6.47440505480048,0.833328795174759,0.40896763447061,6.46597935467836,0.8717663316195,1.80924087701448,7.13708463413276,1.37744216929549,2.14625664201665,7.08200580310582,1.36201657874404,2.4164147019449,6.98161750027574,1.37927706686896,2.42808889301982,6.59558220080188,1.11529287893921,2.68203190486507,6.30871834144737,1.38341009166103,2.62946623955456,5.95563980579514,1.37702639100613,2.89655877593822,5.98814638739204,1.39371430759398,-1.28451297542892,6.72775211466704,0.769690344629097,0.929325084152473,6.34555291047565,1.02649350336783,1.4613297689904,6.19877257799197,1.15569203370356,2.0294813803892,6.0157118374589,1.30757120109026,3.60983964725272,5.9979476340874,1.43602314422305,4.23386968844444,5.94834267254769,1.56939990705827,4.915352233614,5.87057986771476,1.72034270465212,5.57151974233018,5.746611784004,1.94628683736903,6.00846586543536,5.30147987287529,2.17348555061804,6.15576039883988,4.82994686672963,2.47562531430064
0.773873589220753,7.82272839398579,0.155665795140096,0.648658545227098,7.62381466031948,0.213067652966166,0.606299402700846,7.38368419916334,0.344869042435266,0.580562761861979,6.96847964888862,0.522317317939364,0.402306619405011,6.84628760299528,0.871016266591037,0.256150855604901,6.47400439675235,0.836041386614994,0.390190109212031,6.46321371375867,0.873308306029634,1.80996683382945,7.13741000901709,1.37837482255711,2.14668186080725,7.08104804773124,1.36226617714566,2.41706713884624,6.98051904155771,1.37743177820768,2.42402826989389,6.5971930143429,1.11253196326436,2.67201459168878,6.308342117098,1.38229055335851,2.61945547631929,5.95575663934578,1.37665855475378,2.88733457327166,5.9890782002891,1.39286836799247,-1.29061201022377,6.73446569430135,0.7724150459499,0.917877017236312,6.34461852456438,1.02514140915811,1.44820652823186,6.20188404516673,1.15374793672102,2.01293250635792,6.01914745472048,1.30553536738745,3.60775934135314,5.99722559350464,1.4363478871342,4.22802749925498,5.94878211530995,1.57203731023488,4.90694714333076,5.87173459282723,1.72259815277923,5.56095497447201,5.75157484132961,1.94493754924827,6.00636420476149,5.32543807989304,2.159167444407,6.14810645927204,4.83508481201049,2.48180058772809
0.690300424449289,7.82316977259819,0.141036424535941,0.565610426269407,7.62988439335164,0.229295819235203,0.548469405538376,7.40313645987024,0.329431985225522,0.557756585533904,6.97435483846356,0.510493081032448,0.388455724294877,6.8503004493801,0.881560210473682,0.249490428683157,6.46846328803327,0.838802648568043,0.382230332399982,6.45335660039764,0.879025320862864,1.81036821118123,7.13677485171879,1.37736878455433,2.14633817839111,7.0808054070101,1.363333068946,2.41708137434954,6.97948610569258,1.37978269010494,2.42149228863983,6.59677952174208,1.11416416410833,2.67235400390807,6.30682118342413,1.38246650331869,2.61992968017509,5.95529347791103,1.37663727139737,2.88542338074402,5.98816801218804,1.39420167690654,-1.29972771090135,6.72568985494697,0.780313694915921,0.919848164701251,6.34355528206629,1.02431945044579,1.44920805345214,6.20228203401843,1.15413694966066,2.01383488795928,6.019520570301,1.30350601783524,3.60317890346805,5.9963227150313,1.43582723251507,4.2077241841352,5.94910402189983,1.56873293464687,4.87684680628476,5.87459319834132,1.72081963492997,5.54490186210727,5.76239169312354,1.93937434747559,5.99853168299631,5.33452190836439,2.15605146529128,6.13906116525627,4.8421846856087,2.48802086084668
0.600993271623949,7.87777503879349,0.182611903375366,0.488195819131299,7.64901277900265,0.217393487564394,0.490202778394092,7.41643688564221,0.315313644219809,0.526057807609566,6.98051179366105,0.514545091543847,0.36662999286117,6.84713143579627,0.869466698309675,0.236874435404762,6.45073484997059,0.83655867522167,0.368042409017239,6.45024412917409,0.87306322018728,1.81023126991292,7.13730619257678,1.37801466805142,2.14616717360267,7.08000065429962,1.36342147502898,2.41693472073194,6.97890298397859,1.38009766028087,2.41470899687644,6.60076893590703,1.11185471836036,2.66331004567117,6.30974814690402,1.37897685379118,2.61004132693695,5.956845643266,1.37477810994934,2.87376967525373,5.9887594900552,1.39188073638048,-1.31247560867662,6.71908225943516,0.790227115114464,0.908303048550709,6.34695292462091,1.01753156938827,1.4352276930292,6.20920048770527,1.1574615351327,2.00108135801219,6.02630299347053,1.29958918056963,3.60137454727315,5.9955299246549,1.436875535795,4.21062470075986,5.94710642367435,1.5694909795166,4.89174283662595,5.87460912726515,1.71780545347464,5.55266591459502,5.75383972914049,1.94339483107953,5.98902828002167,5.33650273495913,2.15664426762592,6.12991292237757,4.84943043824946,2.49786120503553
0.500685151791031,7.87916055243511,0.170059536119883,0.407174642995668,7.65217001802874,0.21005305064155,0.433010230935114,7.42405159577502,0.303562849952594,0.507191286432587,7.01124430050121,0.483562492929347,0.353203024761391,6.84707740037066,0.877248748490198,0.228140975291539,6.45009611124792,0.842680922103933,0.366391644157477,6.4498039849876,0.881290363061803,1.80967592919211,7.13802224595248,1.37835024018667,2.14670599786556,7.07999180890746,1.36284197858278,2.41742463508057,6.97649752831171,1.37708686835801,2.41225552550512,6.60036211829724,1.10836060214348,2.65790405883996,6.31084881514562,1.37855997990202,2.60147554196275,5.96083716179898,1.37255644760665,2.86772978665699,5.989185238993,1.39122449453625,-1.32459218287296,6.71336528995074,0.797544188860381,0.901015448413663,6.34470916079257,1.01748450230825,1.43663789438558,6.20775893886901,1.14937450956948,2.00103372594305,6.02775634204592,1.29869838156281,3.60078105283322,5.99599881846459,1.43479084527215,4.2087473833431,5.94886776463966,1.56752159505066,4.8884224379106,5.87706156698092,1.71649910937176,5.54610585284416,5.75862415105143,1.9396717389378,5.97875128537541,5.34134272731309,2.15909803154984,6.12354903675489,4.8553629490655,2.5064628428113
0.412721407725985,7.87224117030119,0.158941157054585,0.327568475953416,7.65978701218455,0.189749924565195,0.36450065109622,7.42105742255176,0.289548423000696,0.471057923746679,7.01498767519444,0.487793868151646,0.336725618904448,6.84338766341406,0.872158001062228,0.217216654891094,6.44965871465529,0.842663676426137,0.353405443636084,6.45013326671769,0.874582699291775,1.80826517359837,7.138431280633,1.37777672685398,2.14527528659401,7.0806695307719,1.36316627344784,2.41679423333078,6.97532559623991,1.37644728878986,2.40590365321493,6.60081329113144,1.10314900057126,2.64927560291051,6.31198235469706,1.37730578692165,2.59399655700446,5.95986183902476,1.37280995912445,2.86083812675257,5.99127711433205,1.38963485984812,-1.33952931820483,6.71154753108082,0.802886431506837,0.892283509460023,6.3495105595307,1.01702769888668,1.42524641911817,6.21041282882605,1.14690415517379,1.99584020846002,6.03051411619139,1.29509666392918,3.57791897460123,5.99305565326489,1.4333771757185,4.19778178237513,5.94896549626479,1.56640161520227,4.87087899545753,5.87603609666206,1.71654961246697,5.54251133866148,5.75774043726661,1.93819276212612,5.96531349510291,5.3542546348359,2.15234044299161,6.1162613601688,4.85776215833974,2.50959205297243
0.308083240796886,7.87098468820723,0.126386895827958,0.232147389672485,7.64653436584625,0.172298485324621,0.29675500681428,7.41707576234161,0.295856939406379,0.439705804849652,7.0224022814844,0.486603542658112,0.330486274635132,6.84009564600582,0.874363595968761,0.219557790182986,6.44742256805011,0.845681443066297,0.359495246916258,6.44845340942086,0.88457811440558,1.80826155938948,7.13856575207281,1.37634037930652,2.14469678846171,7.08097281222435,1.36364340637268,2.41564908321275,6.97426247932355,1.37463376446314,2.40190130026358,6.59916344984175,1.10133273694213,2.64114061155053,6.30964325899474,1.37354750845299,2.58301024413002,5.96287342559418,1.36930352911863,2.85037728156469,5.99287363987768,1.3863541954514,-1.35354068214553,6.70436012719291,0.814138272357902,0.896310483829269,6.34854458534967,1.02084181514083,1.42147044537547,6.20111702415291,1.15548708449615,1.98135969694595,6.02310561161733,1.30303054511319,3.57561362026636,5.99529339655239,1.43370076198674,4.19355089527462,5.94933496040199,1.56260698059687,4.85492261970274,5.87927058680663,1.71153806972866,5.53099472943097,5.76113926637322,1.93670850813863,5.95231733106342,5.35928866137995,2.15676945620068,6.10751774390245,4.86615138819645,2.51886305469385
0.208124269562097,7.85977510141855,0.1362602651974,0.147238572015753,7.6224110494046,0.165279283398754,0.227107189820402,7.40507058502845,0.281734349056931,0.403656562360993,7.04275413104612,0.482650584262597,0.323534616733205,6.84288657114261,0.879490632944762,0.221824143760695,6.44188456462331,0.85299272116333,0.363352186119228,6.44386245189845,0.891415686674313,1.81148725109394,7.13747324247712,1.37596323133191,2.14551079931604,7.08030161831573,1.36175267899745,2.41706452984942,6.97391561852926,1.37201184334743,2.39512497772165,6.60263191152748,1.09771073954076,2.63226197605508,6.31059430213614,1.3721324601853,2.57446132699367,5.9609555283274,1.36957257386534,2.84239445247782,5.99151952574336,1.38777842031943,-1.36457888996374,6.70055793859087,0.820497879146607,0.895271969709358,6.34789600589063,1.02391840104,1.41774383832494,6.20197377264081,1.15587572104241,1.97452126726515,6.02934757456835,1.29905372194604,3.5657392689634,5.9967161905259,1.43061591368712,4.19500844534416,5.94797992651636,1.56281181813985,4.85899249513086,5.88211713433124,1.71734213208696,5.51378652108757,5.7515744209651,1.94062883036294,5.94350218562999,5.35627011212083,2.16472728578997,6.0969154049755,4.8712539711282,2.52756110740657
0.0983687802438038,7.8539612275831,0.148885539783799,0.060223266759066,7.60496570754359,0.181430572976543,0.164235622776876,7.40050718443779,0.296527276125158,0.354758724503332,7.05094161519096,0.493912843135934,0.305754661515376,6.83724358057974,0.881857678262731,0.215248916582783,6.43699002875086,0.859197049417174,0.355456904877319,6.44277924146323,0.897972939594136,1.81157732993635,7.1389690228557,1.37786358160399,2.14493091933574,7.08058648158707,1.36332975689082,2.41647931519578,6.97428381638177,1.37155024486976,2.39208787286379,6.6056693484769,1.09465948790495,2.62999137082839,6.31146030942525,1.37379359058054,2.56958072205675,5.96004472484253,1.36948005405011,2.83774245942424,5.98820740276111,1.38852247304199,-1.37573461126754,6.69980243013597,0.829779970389558,0.888703762033928,6.3472825554045,1.02378085059297,1.40841974887249,6.20867816763555,1.15938096935247,1.96921380044773,6.03212558452176,1.29943900423176,3.55561011394489,5.9954574476961,1.43162039186817,4.18487283212032,5.94861009446796,1.56388049228504,4.85095315764178,5.88086455652913,1.7149073569516,5.50377396772178,5.75546044348846,1.93872406325764,5.9338269389267,5.35680967736585,2.16884682572982,6.0866528970752,4.87609074189293,2.53558962009068
-0.0115595737881357,7.8462873263603,0.151257251271045,-0.00633928496314094,7.58041435730139,0.177150463608307,0.106408689065111,7.39289740708194,0.295735463185348,0.323467788524211,7.06090101127136,0.495586413259733,0.295621478364402,6.8336854419472,0.89212213056518,0.211229355079918,6.4353203217234,0.864355050802636,0.351194893128534,6.43943150577227,0.902188683834894,1.81116362428101,7.13918636546214,1.37706930150758,2.14481156850449,7.08037370090241,1.36547186751046,2.41622235727761,6.97396184491756,1.37332280934793,2.39166854427155,6.60689474633725,1.0947425515653,2.61948378272658,6.31479477187728,1.37517247800109,2.55899588899104,5.96030224187435,1.368185981501,2.82868503945956,5.98949287461751,1.38737194499854,-1.38615022861376,6.69581637470092,0.836815994375912,0.879848415635987,6.34989528859709,1.02246257525077,1.40273461998634,6.21235806681384,1.15655607943324,1.95669072883121,6.03303760728347,1.29865762401571,3.55229972449361,5.99621377101431,1.43104174532503,4.17891120408954,5.94991930439145,1.55738742943459,4.8426426508018,5.88314285408664,1.70987396150891,5.48191371804281,5.75890517919698,1.93156117885552,5.9231974123028,5.35609205686681,2.17633566969449,6.0798161543392,4.88242417474469,2.54610001646588
-0.108216486007884,7.82290866497094,0.15212951126438,-0.0838257040698466,7.56079605571375,0.203604692777272,0.02891928869187,7.40274140628775,0.306303400831472,0.300002569134455,7.06057005802358,0.49573508040906,0.281693160269117,6.83306926412935,0.89496269529945,0.200217091942083,6.43266110534914,0.867140562312583,0.341789750350868,6.43695194795723,0.903368365772053,1.8130485543095,7.13895606368127,1.37796853209691,2.14508974739391,7.07818942145825,1.36517543958071,2.41819787197382,6.97419527468279,1.37163986257922,2.37796662858923,6.59821166458278,1.08680979332069,2.61341789253486,6.31535803245449,1.372816785259,2.55362621837282,5.96074693260934,1.36876149256367,2.83257756452234,5.98957093576695,1.38787474042254,-1.39585991123543,6.6894361451419,0.846609727834813,0.871807833030406,6.34894547381666,1.02163932620644,1.395825939157,6.21457272840063,1.15510980711225,1.95096987523879,6.03371459667444,1.29648452580915,3.55215869523401,5.9945242942296,1.43234893584529,4.17404740092427,5.94980933829644,1.56052609424711,4.82326820366523,5.88339047410563,1.71740613865174,5.47669506476549,5.76203510616878,1.93351410031127,5.91891851087625,5.35749914275595,2.18070102381714,6.06973358683623,4.88637894578538,2.55042781101946
-0.198765862825484,7.78490550028294,0.161773631045158,-0.1383414005443,7.51188400200224,0.227315852980347,-0.013773161892666,7.35857478765634,0.319016490373274,0.25828013414184,7.06915161118241,0.509703016959911,0.263312664889279,6.82770055569894,0.897413135100193,0.193504713766991,6.42809681620453,0.871692295746256,0.339413361143248,6.43234537510626,0.90824029613237,1.81245708047291,7.13891239261339,1.37613088415115,2.14512735654386,7.07845368972907,1.36522899565821,2.41768256401075,6.97144840097343,1.36975006755851,2.37665618493915,6.60465994834829,1.08009248887077,2.60688052115445,6.32108149995812,1.36714776001073,2.54599025516392,5.96118805814285,1.36899435817296,2.82436120770654,5.98986062188634,1.38787173800317,-1.4078633341265,6.68172272605439,0.862472610901909,0.863695566346458,6.35026954220079,1.02066889474019,1.39135624163203,6.21331649290795,1.1508308297945,1.94604839345683,6.03762133064386,1.29444022401681,3.54813233337462,5.99480590157392,1.42990678170126,4.16672999089749,5.9489435122465,1.55989579913404,4.81335224280756,5.88404657560002,1.71707038136592,5.47049265164102,5.76318599749066,1.9320783876504,5.91184157950996,5.35863070273457,2.18422663147988,6.06334985180283,4.8911185776654,2.55895359651718
-0.288447746893381,7.74004107640469,0.138371807521385,-0.219393371884829,7.49505172787316,0.211138448949252,-0.0552560930008084,7.34994192701596,0.324797835712377,0.223925665471797,7.07801356332649,0.529948238619297,0.260033402583551,6.83516406302822,0.907797426699633,0.197368413028485,6.42089855657577,0.87893823252191,0.334055152835835,6.42638788912907,0.911277474209089,1.81251619058425,7.13795830821746,1.3766240263404,2.14575169667542,7.07958961616535,1.36536548511427,2.41649709857164,6.97159281709786,1.37160796861168,2.37608464170436,6.6085838478159,1.0811973043443,2.60268141135882,6.3186970684734,1.36908733593486,2.54152046290112,5.96079535690867,1.37081337531803,2.81573988384126,5.98919795412938,1.39037651000145,-1.42035258062625,6.6682926921683,0.874821630248878,0.858088475373011,6.35026041720218,1.02176028363558,1.39048070153484,6.21351147036774,1.15630762788344,1.94514703544607,6.03608707559102,1.29665228267174,3.53063108146995,5.99334229057859,1.4236358686824,4.14757610010909,5.95071943971635,1.56155119649931,4.8124847947955,5.8861011029559,1.71816374985075,5.47491251781012,5.77449607706682,1.92590639774968,5.90850492320605,5.36346373904755,2.18534997465962,6.06016080620916,4.89303669067086,2.56801686150343
-0.378776695060624,7.71230193032698,0.169315514650259,-0.280031039184628,7.47161761179537,0.230289769920232,-0.103161873936884,7.32955971103839,0.351985741480777,0.177139562996847,7.07868001119595,0.547775709893363,0.24625893626468,6.83808456969795,0.905283806225138,0.193581531178402,6.41704216100412,0.883372443025638,0.321636444420096,6.42420548449345,0.912529368159123,1.81193675997418,7.13883506089873,1.37599476674659,2.14207002092986,7.0795606882399,1.3671194932367,2.41757741936418,6.96964668142098,1.37150438929003,2.37555944399485,6.61078237658491,1.08323380615085,2.60180366277181,6.31767294489781,1.36951919190857,2.54458518493197,5.96561363713126,1.36983046333856,2.81468468117249,5.98654444222617,1.39203451386056,-1.42747573775512,6.6677708261005,0.885554991198953,0.847407272898089,6.3501413925177,1.02142501704974,1.38422553084188,6.22342366990465,1.14756704612504,1.94685491673871,6.03969617792117,1.29530727334703,3.50732284306349,5.99083990425292,1.42644981994806,4.1389402135172,5.95144281642222,1.56058132267729,4.80963998315595,5.88408405377421,1.71465926738855,5.46479685123287,5.76108470958549,1.93359530581701,5.89962697408721,5.36799491075013,2.18547213683203,6.05575996763835,4.89665484685414,2.571922875378
-0.436629474396538,7.68723176209187,0.176688665081687,-0.347599841901009,7.45425567411107,0.233888688423816,-0.165141339616315,7.3376795380283,0.346122928598747,0.153079276303485,7.07498211598216,0.548571668148374,0.231513484359078,6.8375758262898,0.909440647520297,0.185530238949923,6.4137888666101,0.884083747732165,0.314582678447057,6.424934153391,0.912833395053618,1.81139145878113,7.13928813778306,1.37667348159717,2.14356148688575,7.07997241057765,1.36653539745157,2.41872543503115,6.96834495905043,1.36978603281075,2.37320223902967,6.6109081580761,1.08231657914822,2.59940565610446,6.31719215577917,1.36913698410826,2.54392211429301,5.96582241812782,1.37226589940421,2.80978942159105,5.98693280307211,1.393716118488,-1.43599570330918,6.66379164477508,0.894831024819528,0.842016875779542,6.35021275468441,1.01982119973583,1.38118072101399,6.22082419201301,1.15152474717543,1.94572765829377,6.04233791189208,1.29373647870683,3.50065859979148,5.99236725376384,1.42516766130227,4.1347539947969,5.95033088965787,1.56029324549679,4.80477801377322,5.88636068339117,1.71604156319202,5.46772251406619,5.77377372857496,1.9303873942569,5.89897289343422,5.36742701617155,2.19015511756086,6.05015477268783,4.90246852417797,2.57773253765477
-0.502403891655746,7.65852522416031,0.202965699042051,-0.40254256607812,7.42856608310868,0.262220493420463,-0.208193438271446,7.31974292107081,0.383010697922779,0.122323040615445,7.08170863959374,0.564482962313663,0.216157495351258,6.83565376708574,0.913377365395045,0.179585575547752,6.40854640949347,0.888299472749567,0.31855325427539,6.41655274645234,0.917577311733124,1.81181234360718,7.13977139414183,1.37575370592427,2.14596404702087,7.07931181790719,1.36684934512908,2.41930518435054,6.96975904741772,1.3685716952536,2.36906316048629,6.61336957419198,1.08106701081223,2.59373703892468,6.31702341816802,1.37004489727992,2.53589115111757,5.97118917046692,1.37590578203531,2.79700784092941,5.99010995740799,1.39452313127537,-1.44470010560655,6.65822670809028,0.901646234975585,0.841914067715084,6.35097337599921,1.02155370941114,1.38207011356458,6.2229091928403,1.15172907774589,1.94164151848199,6.04462566347353,1.29561701652611,3.49531501913744,5.9927237179805,1.42481933849076,4.1329102580981,5.95120653590393,1.55827797386972,4.80076261797814,5.88756549155598,1.71670275507541,5.45230937389246,5.77777566203279,1.92381205076538,5.89418319469129,5.37104476369981,2.18980664274613,6.04589346721222,4.90754520018777,2.58189299427298
-0.573999803539029,7.62341724298335,0.219456503770024,-0.444825634767719,7.41660220492864,0.278825178169792,-0.247688241693032,7.30954631630642,0.387285515913385,0.0872514149107371,7.08066332772492,0.563578341876561,0.191486194862241,6.83010096678517,0.921979341006081,0.162125742643095,6.40587661453517,0.887245438882965,0.309070923344723,6.41453409478911,0.919852385131545,1.81205384302003,7.13952828209201,1.3760397318715,2.14565286501055,7.07851533899024,1.36831820927156,2.41908901970589,6.97086406652289,1.3694231586107,2.36741894072542,6.61234166979044,1.08152202639282,2.58818473824095,6.31688453278231,1.37084528840644,2.53029131369345,5.97286669659341,1.37656484011066,2.78885842566485,5.98923370616189,1.39692824452516,-1.45046751857238,6.65770591306124,0.912792700396424,0.83069433173022,6.35182619989932,1.01990167851701,1.37480954185867,6.22476594842137,1.1522257440644,1.93872664964917,6.05300309769859,1.29213624834391,3.49722015277704,5.99225043250466,1.42578181107782,4.1339890107748,5.94967292591331,1.56178212227019,4.8004390369762,5.88955472315548,1.72007745387277,5.45938870350557,5.7754084322383,1.92977724977305,5.89089752817919,5.36649023943639,2.19474964340879,6.04319649861394,4.91250888681769,2.58482447809341
-0.632822075413159,7.57605545402006,0.201400216690568,-0.481880215504875,7.39666109644812,0.291317093940896,-0.294617616399958,7.30896149935964,0.40669672977809,0.0629089855898855,7.08831060339585,0.570863601192771,0.174914211936339,6.8323701182861,0.932399470177703,0.15175364221363,6.4016100627968,0.887938821069706,0.301672205236483,6.41261385266166,0.919556707804716,1.8109267811482,7.14079111115755,1.37635635425965,2.14497053409071,7.08069053090829,1.36978561197925,2.41962985958287,6.97399876336787,1.36940795727558,2.36496557638616,6.61583606455901,1.0845641075112,2.58325549716954,6.319175107922,1.37078057987355,2.52728673416562,5.97417542829038,1.37778529722747,2.78309443334825,5.99065603529942,1.39862631383653,-1.46412692138368,6.64750800468009,0.936512386022615,0.831961785995407,6.35562168704877,1.0274915358645,1.37293800178315,6.22441976091432,1.15431854316206,1.9402934896386,6.05837083066529,1.29184753965656,3.48776272945626,5.99408318429441,1.42648334589051,4.12999927381998,5.95283339384993,1.56130144138975,4.79665619914869,5.89028607103304,1.71729668302545,5.44808834304536,5.77628793251155,1.92857319208396,5.88769421202294,5.36708246679312,2.19568211156219,6.04401374387004,4.91357072992891,2.5847478579193
-0.679981583040905,7.55541654761291,0.230768877631358,-0.520123061586382,7.37983287360158,0.297930180902281,-0.32482209480268,7.29646676842999,0.41648215445712,0.042310493355577,7.08099137330885,0.590294275805135,0.161154130038192,6.83194235784998,0.944133347489455,0.142730748603798,6.39401409136417,0.895731769103065,0.293488561381301,6.4086675983155,0.923651336173541,1.81169217675096,7.14272823362514,1.37791106178587,2.14618895538293,7.08208826037726,1.37049308831136,2.42052527927638,6.9743158134239,1.3687276110476,2.36098621917676,6.6203734963687,1.08601162795793,2.57789349460096,6.32108485169374,1.37182117176586,2.51959705351283,5.97590178348838,1.37687949642973,2.77736465271564,5.99462330965789,1.39711249398716,-1.47192331004258,6.64228585093614,0.955216408247513,0.819190064436428,6.35714493081693,1.02761017483494,1.36281977517194,6.2298984935823,1.15352720320956,1.93104547892343,6.06458833469138,1.29054819959625,3.4810620314438,5.9951633975208,1.4256398241955,4.12919709221909,5.9524094896211,1.55976537835829,4.80464625321227,5.889479536486,1.7182829538709,5.46002968138716,5.77452781961466,1.93095951250467,5.88596924855261,5.36313886167981,2.19860387086034,6.0454566913976,4.91592237882158,2.58496925409955
-0.732350622798672,7.55452345505211,0.275599631921565,-0.561805623119863,7.36543811798909,0.33399715328803,-0.35064634719857,7.29059394262281,0.440777151419896,0.0138909122271069,7.09351927606384,0.612831772543415,0.142934624446697,6.82978484195905,0.946773341466583,0.130529823106556,6.39108215057576,0.896877111485954,0.282159786787753,6.40443452206646,0.92736519802128,1.81174787421726,7.14218490741488,1.37711284427391,2.14687834372433,7.08135291655616,1.37133256303908,2.42105383936759,6.97443429611952,1.36901800443896,2.35981250115115,6.62277659082201,1.08976405133436,2.57573701675451,6.3231443049204,1.37499234380572,2.51627075985264,5.97834618163863,1.3795076255961,2.77009737061358,5.99639129882388,1.39863751763696,-1.47681794942007,6.63594705674071,0.974357184266123,0.812352078358932,6.36015414101336,1.02551239831889,1.36042629424902,6.2321926116337,1.15403147014147,1.9271790302384,6.06345552724958,1.29315333422307,3.46728446281173,5.99674205921137,1.42551737688409,4.11175162514394,5.95476790321724,1.55878899028548,4.79986170090218,5.88993903190575,1.72016769101591,5.45102786073423,5.7735506589818,1.93062208638154,5.88329902708586,5.36023154083599,2.20226846666514,6.04735808728404,4.91808350520821,2.58256214246305
-0.76342579273703,7.54404325009689,0.286171961032147,-0.58134699296814,7.36372390416426,0.36016845284795,-0.376425346325592,7.28517990110017,0.476904031338358,-0.0173340421022333,7.10241869726678,0.633518831791224,0.135411477054131,6.8200572615596,0.939675406463928,0.117356786035762,6.37922349750173,0.906294952220516,0.270035118330313,6.4027357413833,0.92773815813926,1.81069701709911,7.14274616590632,1.377581743592,2.14757074857804,7.0810380401514,1.37099150176957,2.42176351391897,6.97451621855427,1.36949924537533,2.35925037324492,6.62283816915847,1.08900375239969,2.57433803398885,6.32353970838079,1.37589371147544,2.51577004976531,5.97799540160495,1.38113071237557,2.77208113421646,5.9961845729647,1.40056985291564,-1.48354810283107,6.63010596234868,0.989199569963931,0.80749452623651,6.36030640373429,1.02720021792145,1.36006570856314,6.23181080850223,1.15711550277978,1.92500336952631,6.06309015241622,1.29478484570883,3.4712928069572,5.99803385042939,1.42727257532052,4.1152510968217,5.95835960492243,1.55784107380583,4.79953784104013,5.89185047893961,1.71641412533817,5.44012387987588,5.77625784393757,1.92665200222511,5.87826723166807,5.36129626937194,2.20249789535673,6.04941450059908,4.92100507830377,2.58286991113282
-0.807310722989148,7.52977952331835,0.321509733166045,-0.606900540752474,7.36737805181494,0.377156384146494,-0.40313307242519,7.29008117977762,0.506759360656328,-0.0473155395213352,7.09930238888663,0.659049044417317,0.119648381787604,6.81739763411634,0.948587318062102,0.105784336202983,6.37447866013338,0.907271516827412,0.2570846288014,6.39703016063277,0.929274038493469,1.81121572051551,7.14246637392561,1.37858017352784,2.14801408632363,7.08051104176233,1.3714105870232,2.42146754993564,6.97308431158026,1.36951652729692,2.3546382334902,6.62565180268683,1.08623904559762,2.56712694464816,6.32520266355607,1.37610996346156,2.50457330025619,5.98094755910894,1.37732931987514,2.75981056468125,5.99765346254166,1.39783710782754,-1.49162070451806,6.62575950299335,1.00033361541357,0.798973333744733,6.36097236557145,1.02672112848195,1.34677262829292,6.23017652541348,1.15567072705006,1.91905591227241,6.06228660413911,1.29007322536106,3.46539823062375,5.99709552676061,1.42317916024904,4.11972096087188,5.95895068101883,1.56158141225286,4.79751777509103,5.8913967409389,1.71813262643136,5.43485831451865,5.77664986278098,1.92634951041857,5.87531527024532,5.36286486528651,2.20255332358153,6.05085701581762,4.92170946306253,2.5815757811964
-0.844416972310931,7.5125870460221,0.337560467804104,-0.6397427196247,7.37356796129379,0.40979182826459,-0.423844864347931,7.28875193408586,0.52644207489544,-0.0694531597437909,7.10133836456649,0.665463392159796,0.107762231584262,6.81896236384359,0.959664554855691,0.0939413586757527,6.37032175682199,0.910583101783823,0.247466750274751,6.39142661856996,0.933000086983504,1.81141082802691,7.14187742310257,1.37971682364517,2.14935868268997,7.08017753016879,1.37269321019083,2.42092735147564,6.9720216800134,1.37243868784366,2.35274114786954,6.62590327400852,1.08772230348038,2.56643015166062,6.32305815798407,1.37676200938138,2.50349766563941,5.97963059443873,1.38001336578895,2.75504090863125,5.99709997605723,1.39829349948345,-1.49855813842373,6.6157685577921,1.01234088334978,0.78754775557113,6.36123631701417,1.02726449547451,1.34495927040129,6.23329340541636,1.15392274993124,1.91791232777461,6.06262428852088,1.29027861533134,3.46211165485115,5.99547702148287,1.42423200175735,4.1166196384622,5.95747671883946,1.55992694362221,4.79589153016016,5.89059969083174,1.71956679584701,5.43239033898255,5.7742415820533,1.92655042280778,5.87157712100652,5.35810774996588,2.20526578721357,6.05257709327759,4.92335123320417,2.58097831963075
-0.880252399950623,7.4930633438697,0.346239773629927,-0.670465673209484,7.37403404724244,0.436942761585074,-0.467741138910551,7.28950531939622,0.523517402263862,-0.0880756714841517,7.10644632526754,0.684096305613871,0.0966501547751927,6.82058200656915,0.971844655763493,0.0897988668547192,6.36778865599002,0.914482674104208,0.23896365990671,6.38605534406237,0.937802322018728,1.81151993439489,7.14187101045887,1.38109699344613,2.1492855492605,7.08000749376921,1.37274642569312,2.42097417114365,6.97113067362211,1.37060570362516,2.35107560924037,6.62772523881173,1.08417647450518,2.56092771301945,6.32531510585779,1.37641438806425,2.49593263874168,5.98067673116451,1.37828478864296,2.74933488614851,5.99721110609664,1.39693530448424,-1.50471185881303,6.61015706571352,1.02087990615297,0.781190370577045,6.36150423040816,1.02856305552706,1.33938564666525,6.23520259525318,1.1537756182539,1.91066107757192,6.06454736617236,1.28999406109764,3.46277284480706,5.99576235555888,1.42469311320829,4.12524871983822,5.96212349903805,1.5619035789265,4.79718097331854,5.88989307143406,1.72225357217893,5.42707195980835,5.77437048228098,1.9250709401444,5.8769886688876,5.3552702697226,2.20174266297804,6.05354991857597,4.92467999271431,2.57893479153129
-0.918013462787263,7.4813351402338,0.36240818545354,-0.696363793633213,7.36826536778724,0.455639160831554,-0.492463238558829,7.29112304793381,0.541797341270765,-0.107617170034786,7.09840188013046,0.705250592255324,0.0765597213414368,6.81606993141791,0.972469745167893,0.0821685311794741,6.36789233928338,0.915862919580562,0.231674046896737,6.38663036119143,0.939001864403982,1.81135825184809,7.14283580705249,1.38181305255288,2.14836632417486,7.0857779103682,1.36906305155773,2.42081192135525,6.9720579399545,1.37177135160745,2.35023759908909,6.62806453637271,1.08433188573687,2.55838790440775,6.32553604759538,1.37903117958167,2.49260397931193,5.9802661650356,1.37936973823231,2.74532420938388,5.99623516553095,1.399080313439,-1.51303532275977,6.59867877787772,1.02170775156079,0.776801565804749,6.36197759820224,1.02996348410157,1.33559609504365,6.2358279066914,1.15528330730151,1.90586520443156,6.06629885394265,1.28818916430037,3.4640553929928,5.99947316276848,1.42407435390813,4.11222876695362,5.95973212513666,1.5601870730734,4.69618771751187,5.90086136176499,1.71903073142135,5.3777273683497,5.79557170917797,1.9134004232609,5.87487175544177,5.35285408156685,2.20439236946709,6.05489867803037,4.92590135881227,2.57757945399112
-0.945751528406045,7.47967480123396,0.369372014036288,-0.716544288626345,7.36810688896402,0.468425514370872,-0.507879791730444,7.29303959103707,0.55393140515695,-0.128528822191404,7.09795624035204,0.717952113486869,0.0627223941302826,6.8165408287523,0.977524925360985,0.0753622543660647,6.3671062579015,0.917488545006165,0.223799861422341,6.38505821038838,0.941005569954553,1.81176759112287,7.14250444648529,1.38083952061902,2.14933986147677,7.08646147908463,1.3696485574448,2.42115956424845,6.97301262476507,1.37322205966058,2.35053851930895,6.62934323387374,1.08640343140116,2.55950169170509,6.32555597615053,1.37903299457706,2.49215699446819,5.98086299532203,1.38177290591137,2.74172997488897,5.99536573553384,1.40151410405394,-1.51756809240342,6.59339072267929,1.02995984414853,0.774366902697726,6.36174462650395,1.03063077761768,1.33643048462066,6.23914563182636,1.15556707772262,1.90492933783697,6.07038004407751,1.28787307557048,3.46260520039888,5.99835540980329,1.42611559739579,4.07946737801737,5.95588291940614,1.5630982089454,4.78110969035267,5.89145233143535,1.72026543189369,5.39679235868763,5.77894426123437,1.92314334130809,5.87331617389052,5.3518712544516,2.20409395965201,6.0563244557822,4.92692295386909,2.57659436537815
-0.961453850921812,7.46692821618499,0.388260249249291,-0.730282476527078,7.37527415131383,0.481059893450228,-0.524620577479365,7.29927052101508,0.568195536363788,-0.14448756224548,7.09390252368374,0.735909985462542,0.0534433616259193,6.81631426134172,0.984542044928126,0.0679813160401364,6.36364449638788,0.919582393219565,0.218041826507353,6.38137744568405,0.944300135877939,1.81195533357599,7.14370666014569,1.38040130571562,2.14871900968389,7.08037771382493,1.3748455444402,2.42106604195173,6.97460488314488,1.37374509717702,2.35159531900045,6.63021512947422,1.08526192515432,2.55761965327537,6.32496672919862,1.38210652219927,2.49294318204907,5.9813500538072,1.38480518576739,2.74236425600888,5.99672579058705,1.40302318722967,-1.52018537849634,6.59477520160974,1.03389075176596,0.765700890919712,6.35572441306854,1.03535631821138,1.33149745313385,6.24105274981675,1.15622035274657,1.89975377943483,6.0718104322206,1.28686735041153,3.46697838795396,5.99863948064953,1.42751523696625,4.11626576254876,5.96030883827774,1.56391349266776,4.68696046652754,5.90490965113648,1.71896153278647,5.31495283703067,5.82142668340935,1.89779118741707,5.86887977121484,5.3534682077141,2.20466310080842,6.05733976713089,4.92876160521729,2.57513113048156
-0.967009123275697,7.47429582428896,0.415037054774364,-0.745741335225048,7.38389083036681,0.501474817512241,-0.539958601915213,7.30101110266606,0.5809752429581,-0.159710180689256,7.10256527624746,0.746201507612724,0.0503807289146134,6.81707423411254,0.98805636161613,0.0656946966262917,6.36401174904779,0.922935819755432,0.216562438790016,6.38146793518566,0.946565934028439,1.81145894387071,7.14410673065235,1.38060481537507,2.1492771911347,7.08114603638268,1.37456845339916,2.42171168143005,6.97534526283399,1.37197354066655,2.34831454229294,6.63483579430395,1.08225022239445,2.55226600834788,6.32628870231544,1.37952497134321,2.48237028066706,5.98564314554469,1.38258062744719,2.73923824192736,5.99807554186572,1.40509500435464,-1.52558783913227,6.59212384437564,1.03812460417492,0.765497665950887,6.35617477546766,1.03542627087015,1.33149668223542,6.24068971175687,1.15818338818994,1.8971358495971,6.07276913064313,1.2875828987068,3.45799035983109,5.9991785118019,1.42782966458555,4.08160527028373,5.95736124457979,1.56454020953026,4.79088822982378,5.88937427450347,1.72373531340152,5.44506266408062,5.73851843903313,1.9451406199465,5.86546445132969,5.35432050740102,2.2044233774214,6.05746711055829,4.92942217222472,2.57426127129054
-0.980971350806186,7.46979582543219,0.432170174792935,-0.760494432115739,7.39544222533561,0.51353207538061,-0.550283771458306,7.30848335765109,0.605040423923332,-0.170631056813027,7.11041536310722,0.761443653463312,0.0399350070251776,6.81679894332621,0.988770544097062,0.0611805692750317,6.36101636562198,0.92632500936344,0.210858300490059,6.37819626179185,0.949953312142213,1.81164222073589,7.1437101814697,1.38079318022326,2.14902487493941,7.08113593042344,1.37460763899629,2.42143585719216,6.97591881351575,1.37039947442537,2.34705492037674,6.63347323788055,1.08134854172384,2.54791594606872,6.32328426913814,1.3728471806319,2.47664262000793,5.98901602807869,1.38152481817428,2.73463975451467,6.0012674461222,1.40381781569371,-1.52983884157041,6.59145143724132,1.04176600151968,0.763906632256105,6.35630737153512,1.03484038069519,1.32821695930788,6.24472662293997,1.15600080809513,1.89273866486111,6.07572260070323,1.28694836294341,3.45394317821658,5.99994082814181,1.42786156770208,4.08654133258415,5.95678729638207,1.56940022858537,4.79307017321911,5.8892101140202,1.72758494614987,5.44993839603915,5.73504541191126,1.94912319030201,5.86701044439173,5.37539771586019,2.19160039017365,6.05825389408916,4.92553305332569,2.57585433221601
-0.99449235000853,7.48214706266967,0.449865405695086,-0.775394935352575,7.40730794703363,0.528969528151627,-0.559371263363191,7.32064261693011,0.633631698057789,-0.176830642896413,7.10205346336835,0.753990602571604,0.0289988234272551,6.8148988029176,0.996978863901121,0.057720131434,6.35697401599681,0.928245792734631,0.206182710893371,6.37462783984298,0.951574254347968,1.81228868487011,7.14448904949127,1.38126118376597,2.14990605851155,7.08100002558667,1.37476343806617,2.42103798374159,6.97725955241242,1.37159367822366,2.34744717734889,6.63651904043204,1.07845819519832,2.54071087246766,6.32521549153819,1.37010004000441,2.46045040587229,5.99152423143662,1.37491278896504,2.72622387834898,6.00430024334624,1.40007003923669,-1.537446466412,6.59044249487528,1.04630757591617,0.756846360473527,6.36040274751644,1.02917241833352,1.31235902087822,6.24813991122032,1.15416224157261,1.88432837986555,6.0736208294344,1.29099689336751,3.44847500993332,6.00086291135497,1.42579765903871,4.07465467920757,5.9562860481844,1.56774171473248,4.77607676436593,5.89092205693655,1.7240325863876,5.41490777067406,5.75319112357692,1.94047655329388,5.86163524765927,5.37713266721471,2.1906595719697,6.05863118378828,4.9268127190712,2.57432898369397
-0.984931086307934,7.48693210779822,0.469996073272022,-0.757268662273642,7.41061952406088,0.560305520840146,-0.560843376572529,7.31912784142248,0.661495532880084,-0.184204794471626,7.09446121643034,0.780267583909966,0.0228094759944383,6.80610423283841,1.00298080225118,0.0569401691819613,6.35157453778473,0.933092401982521,0.205970431650967,6.36926065735422,0.956066186044555,1.81161114093715,7.14435915088572,1.38120053174784,2.14967890073228,7.07952895582017,1.37461029512632,2.42140061116568,6.97563664019528,1.36925844411602,2.34814992773998,6.63722251289035,1.0771985684178,2.53807745451791,6.3249817512103,1.3699852164017,2.45658693283004,5.99242257878018,1.37508453784421,2.72155765464933,6.00447715022098,1.3992981774874,-1.54299051543461,6.5917366489558,1.04789926556111,0.754776453306324,6.35503084715829,1.03132688451188,1.31083309443021,6.24526057198992,1.15585405409363,1.88208865708221,6.07231961931483,1.29234334846786,3.4464912548679,6.00031395605504,1.42721140103248,4.06818796372949,5.95678051832325,1.56913776948166,4.77175280580341,5.89007720156743,1.72366638401933,5.41107709672216,5.7522106517922,1.94083481920799,5.85867110053335,5.37616328232604,2.19123258042635,6.05852975225664,4.92638530675157,2.57131591154669
-0.979673709775551,7.48749255267827,0.495922349752641,-0.762877449849,7.41336617232128,0.572971830708284,-0.574102995360913,7.30846004898931,0.651436615280721,-0.180430951443751,7.09701682305922,0.798523963608508,0.00996769690985709,6.80517994848619,1.00807764811982,0.0555001749665557,6.34924946415417,0.934942651594126,0.204185720052015,6.36714852601619,0.958589208110901,1.81377960553724,7.14360013652692,1.38212415649896,2.15134921052097,7.07878663532174,1.37441984551297,2.42203773337157,6.97380868314109,1.36889798751253,2.34614399606897,6.63764391933115,1.07697134760666,2.53480188813961,6.32386126910164,1.36911862226177,2.45389836632651,5.99211654658056,1.37498133137906,2.71741249277907,6.0046850614642,1.4003352275956,-1.54871233084641,6.58880628911766,1.04553635140515,0.752758184782458,6.35294972646523,1.03222567557272,1.31093769735044,6.24631114107115,1.1554325734548,1.88031277306436,6.07672589551854,1.29036099241351,3.44964066879577,6.00048915575816,1.42771232718296,4.0613727194099,5.95497150542244,1.5702006994064,4.76658344410945,5.88853795365561,1.7268186558413,5.39300197639506,5.76128986975116,1.93742565321287,5.85726173438701,5.37589394490816,2.19407831747969,6.06040775784931,4.92719934573941,2.56974759217372
-0.993616569678165,7.51351786215815,0.537364871110727,-0.774689567660334,7.43530041901164,0.60977170512449,-0.573361220855727,7.325283207449,0.69528815380818,-0.201920349715344,7.10782893980588,0.805552507780992,-0.000962858326803496,6.80723687100965,1.01185116341193,0.0451501784970129,6.34694920920105,0.933388589352019,0.193439563961398,6.36560166121657,0.955797095259753,1.81206118818748,7.14336417967906,1.3815772173102,2.15049449543741,7.08551141385613,1.37027028047009,2.42377086350583,6.98151770569453,1.38269052779842,2.34929223914678,6.63771320238363,1.07661335717456,2.53080040752757,6.32435579521633,1.36682730592491,2.44706624393672,5.99264265147629,1.37481246828773,2.70986415217571,6.00096822206025,1.40294939154514,-1.55029648163686,6.58847202305856,1.04303813312282,0.743000096001189,6.35441948995695,1.03029675266883,1.30601555395249,6.2450582614278,1.15581706957577,1.87858240706522,6.07734203578098,1.29251508129162,3.44221031648361,6.00108908900889,1.4283993278712,4.05133055860401,5.95512685383594,1.56787605557458,4.7575722095986,5.88672531602173,1.71973286272564,5.38602944806331,5.76116525871883,1.93839364508924,5.85172081659532,5.37949680690322,2.19227159890231,6.06146752424064,4.92817884987258,2.56802386687083
-1.02949712664244,7.55216505582963,0.562004079308102,-0.793936968212844,7.46514030303918,0.634337598428966,-0.60854549335877,7.36257078404488,0.735671681668881,-0.205064264691503,7.11270060094435,0.819330298086884,-0.00213616873882486,6.80128886458347,1.0171683428574,0.0423550769348405,6.3427459907227,0.937886650273877,0.191774544869288,6.36234676340403,0.958149463151479,1.81340645518194,7.14363664025609,1.38364480622922,2.15063675189041,7.08484304295571,1.37044240353289,2.42423581220165,6.98878331692626,1.37810206689836,2.35008837979612,6.63677332594597,1.07650812357362,2.52987812120776,6.32377357063415,1.36775985307358,2.44533298318004,5.99354619900904,1.37607454524444,2.70889781894599,6.0001802526845,1.40495087711826,-1.551665979379,6.58633133761689,1.0421048659557,0.747753780706522,6.35204212431345,1.03232995690491,1.30967227608502,6.2466093527406,1.15610643332214,1.87953965765448,6.07829801162854,1.29335144750417,3.44864983946457,5.9996900654216,1.43084271651059,4.03401061761788,5.95530218791295,1.57193841183797,4.67474863449006,5.89479458898088,1.71791199977142,5.35666681632433,5.78614801085635,1.92175328035817,5.83576023498583,5.41067171411819,2.17252217966287,6.06328869242376,4.92806114359612,2.56600847250243
-1.02668751300403,7.60815931684554,0.618301426448514,-0.800380371189283,7.51226493371708,0.6860472603764,-0.611768783627884,7.3904956175218,0.772772839448068,-0.220884555879575,7.12651718821457,0.841143833846542,-0.00593079267744654,6.80221762519023,1.02169023643317,0.0343659838890967,6.33885368629601,0.9379200023565,0.183751590918114,6.35737487778347,0.957716180906512,1.81262696658327,7.14337734392861,1.38353051120507,2.15177163021526,7.08534637978494,1.3711747126938,2.42456501372622,6.98930205331721,1.37935324809114,2.35193024133509,6.63780487159536,1.07486027643893,2.5278949036896,6.32499328219161,1.36798856498951,2.44265858819844,5.9952437965143,1.37519704951451,2.70665141827983,6.00554646104023,1.40137422592909,-1.55695755256342,6.58098660229503,1.04505421627542,0.74278279150546,6.35317516840785,1.03116114271671,1.30588868599384,6.24545449325401,1.15647970104845,1.87702646428264,6.08140679782998,1.29269048466342,3.44857844059185,6.00164472026234,1.43056901694301,4.03515498109864,5.95612152788492,1.57200985263531,4.67471403373217,5.89591105696284,1.72120446295583,5.35388729717211,5.7863757352605,1.92223798280846,5.83186192812633,5.40810660328707,2.17593000717902,6.06566620035738,4.92952785322219,2.56390959983029
-1.04311955705713,7.66823104107521,0.670778207986866,-0.816835375282688,7.55501904724604,0.734980859048176,-0.61964106403453,7.42269559739767,0.804500132028922,-0.210198727662611,7.12199112900536,0.85194727777442,-0.0106002476293649,6.80105133512475,1.02696371067354,0.0280499969367889,6.33810084985025,0.93676372918069,0.177163067250742,6.355648269622,0.953953256058873,1.81242781083122,7.14293495355638,1.38330773768739,2.15231633845255,7.08095779096723,1.3741349907512,2.42421713376943,6.98054254276846,1.36354780845284,2.35083513545568,6.638938779243,1.0733230777816,2.52592259734341,6.32509248760255,1.36954776431446,2.44056329377242,5.99491755183745,1.37785406226002,2.70582421206387,6.00525212180427,1.40319719019475,-1.56095298072737,6.57790197972122,1.04676470689219,0.738004475359372,6.35387272052961,1.03060529221126,1.30308908298883,6.24438715973876,1.15712008044867,1.87578422356785,6.08120800892283,1.29402455621876,3.44234914775973,6.00051663319702,1.43236378976109,4.02594177253505,5.95744887619439,1.57362679122666,4.67638641754534,5.89433960681697,1.72045747266047,5.36800702627331,5.76503250699355,1.93638398681946,5.83195750048016,5.3991875748302,2.18388639879891,6.06590034850068,4.9303720023064,2.56128096820608
-1.03299887210978,7.71444039752769,0.742960412804262,-0.780555731725456,7.57628745475309,0.770365563195104,-0.585596645450973,7.43529935896902,0.8286049508593,-0.207436087579154,7.1243558669627,0.844620147979746,-0.00996406478960759,6.7977437065383,1.02633910835286,0.0224191673118631,6.33358922659652,0.939855232685867,0.171739442004725,6.35203532764674,0.957032114300509,1.813008865156,7.14364631149697,1.38370449967955,2.15257321427196,7.08477035574827,1.36965698819688,2.42382599417993,6.98233319426584,1.36390883928041,2.35062589978633,6.64044021827137,1.0728754470753,2.52275954055894,6.32630833895737,1.37108832257251,2.43672985691705,5.9965483973136,1.37710317743227,2.70266086452222,6.00637206942675,1.40305978287818,-1.56767489794838,6.5746289010439,1.04844330367687,0.732729319721825,6.35359600808811,1.02959609683961,1.29944683316557,6.24445202355652,1.15530346398586,1.87280054785059,6.08261262300168,1.29437353643388,3.43585965307891,6.00125154180971,1.43452010307456,4.02798786907202,5.95900207541212,1.57397423696699,4.67501304222312,5.89387688382906,1.72200490253266,5.35403407716061,5.78348595680799,1.92333216910105,5.82851988188261,5.40541430920008,2.18004884817031,6.06793580265043,4.9320661556047,2.55860127633005
-1.00294778109898,7.75292758758286,0.787965837985005,-0.758576949279362,7.60929652686418,0.827835703098132,-0.561680261333377,7.44341892652602,0.860334410862554,-0.19553730153605,7.11193159389646,0.836647905074118,-0.0106952829752996,6.79676998806469,1.02916407627718,0.0165714280623513,6.33188711205844,0.936275791042836,0.164539781838428,6.35024366100779,0.95495694905143,1.81184367400094,7.14342497227842,1.382559152229,2.15203895068353,7.08512968446734,1.369398808658,2.42528872711415,6.9824669836305,1.36381567915024,2.34954809478269,6.64289822393108,1.06919413583642,2.51875949781946,6.3278874013968,1.37016331510709,2.42978318711854,5.99682222680195,1.37817909341088,2.69643972440391,6.00668221296322,1.40351925857198,-1.57725158527311,6.56962158546059,1.04920720969172,0.720801475076982,6.35312313939173,1.02665670844302,1.28890649745118,6.24909273310802,1.15220667978549,1.86196871124377,6.08906481886534,1.2908762843893,3.41049770183718,6.00958319050976,1.42765301493125,4.01813365942365,5.96019232612219,1.56812116743647,4.69145063325557,5.88893320220503,1.717975728476,5.36387616997122,5.76429635254099,1.93760214633467,5.82840605056585,5.40170260951455,2.18421183483703,6.06648838690547,4.93362555286539,2.55522509900765
-0.986813134386067,7.79434520605327,0.839794362237217,-0.759537147282544,7.61753390602648,0.840193932010991,-0.559929031901652,7.47772029332912,0.8763121672882,-0.181960490909906,7.10817477242773,0.834921580461242,-0.014066676061693,6.79597763109994,1.03680868500892,0.0101570214321998,6.32829704762936,0.93702855055044,0.156651552112339,6.34720029761285,0.955548354494818,1.81133083254273,7.14394987546309,1.3843455953656,2.15194313578804,7.08582939313261,1.36912189258265,2.42423089910127,6.98305214274152,1.36384438661886,2.35154890243253,6.64669444333965,1.06340644098209,2.51466484594089,6.33102381619676,1.37135805109347,2.42446932686961,5.99914026184502,1.3780093826392,2.69276492994022,6.01016588301792,1.40245451093191,-1.5814166951273,6.56929966356915,1.05153625939497,0.71626961533057,6.35082376235918,1.02552278494486,1.28431256822454,6.24759641917473,1.15411082913691,1.85562985375248,6.08946464026281,1.2911944920093,3.40689093060506,6.00845169900817,1.42870127546459,4.00752985737355,5.96637245680868,1.57375141390376,4.66133132126931,5.89635949436245,1.71702995090198,5.34232857245235,5.78975668463954,1.92212987832296,5.82487159360129,5.4103751874797,2.17923530842425,6.06463470450935,4.93361867027398,2.55269069234684
-0.978176080002929,7.83009908704169,0.9129323869829,-0.764463417246217,7.65993855652949,0.90685136634338,-0.550028930187007,7.50124383903503,0.917437874953812,-0.178707650127506,7.11928919033391,0.847601667849013,-0.0106772274845589,6.79935895511186,1.03896307274097,0.00929916170142324,6.32796526427372,0.938739398854407,0.157147699763126,6.34675140570047,0.957841481297832,1.81048613230967,7.14422624951587,1.38321277580741,2.15080631231847,7.08679942017635,1.36796818928523,2.42405990780823,6.98423639300179,1.36353741878679,2.35229366950591,6.64830611956812,1.06279408851606,2.51086281840334,6.3321659574524,1.36993402391492,2.41939103865272,5.99802284766609,1.37898400799757,2.68565043730968,6.00532966766572,1.40599350201377,-1.5851700569788,6.56900304543231,1.05234791394745,0.714411483194485,6.35067887134952,1.02490824243615,1.27649710179485,6.24837466727606,1.15249676022674,1.84748918192943,6.09061085934185,1.29146744395299,3.40763419503212,6.00942974812358,1.42956275341332,4.00699018163826,5.96603392967968,1.57134695221288,4.69008864084989,5.8898712614116,1.71814483614014,5.35473512344167,5.78345485596069,1.92479280315026,5.82321869089391,5.4026676681575,2.18459668168524,6.06359454922788,4.93472023180797,2.55019124832538
-0.968433604246876,7.85057168469741,0.948651662818418,-0.761823880053538,7.69389731401915,0.969693494911739,-0.547534214411988,7.52383824583434,0.966102928239172,-0.174760815080465,7.12959218651377,0.85696856149458,-0.00826115332508444,6.79865859109627,1.03555605267253,0.00516603463940982,6.32592273101052,0.939607520070349,0.152575107954753,6.3452778250555,0.957392022595493,1.81015138902456,7.14510025072057,1.38316141631829,2.15066153242259,7.08618797171034,1.36514593199526,2.4239925136878,6.98393394932814,1.36271056634375,2.34899276063824,6.64870134526676,1.0616169838283,2.50682556069841,6.33342821965277,1.37113928903257,2.41534395814021,5.99951994719029,1.3787806566907,2.68045331689384,6.00620451128097,1.40574471314799,-1.58887818546857,6.5675887437753,1.05187407978017,0.708058607182381,6.3503839670968,1.02270621323072,1.27024562882262,6.24916803326256,1.15098999273417,1.84511073124457,6.08992815822934,1.29071791853357,3.39855640327052,6.00989353717383,1.42632708098893,4.00237860899355,5.96757109178744,1.5712845177742,4.70557142566139,5.88840440402594,1.71594099282805,5.35739471346033,5.7820820443566,1.92460018968934,5.8213445692159,5.4029074742991,2.18673621191488,6.06126265372819,4.93670226919105,2.5473616762059
-0.960398090643011,7.84888836723155,0.943939533174057,-0.742343819516161,7.69680081709008,0.981969126876976,-0.544718782201761,7.54577170579827,0.980142185769752,-0.184104915822872,7.14683358696492,0.857765609095837,-0.008307945362599,6.79854427685085,1.03483984864291,0.00139888194367613,6.3278655910233,0.939322878132429,0.148055226907762,6.34645466768258,0.957039968845945,1.80962203827241,7.14380723290567,1.38262635111127,2.14915725056962,7.08703767564938,1.36650498796763,2.42366156518103,6.98486316491287,1.36218072901196,2.34953475253495,6.64911262393333,1.05997301643463,2.50647404399857,6.33058951135699,1.37067824036887,2.41391523237105,5.99859231248018,1.37909507905723,2.67796509728503,6.00533511567579,1.40745830424562,-1.59293981778686,6.56709483734429,1.05392963477075,0.705636829205093,6.35231110695932,1.02207946500226,1.27077025626662,6.25194543665331,1.15005121750154,1.84595659237269,6.09605018806255,1.28689664754415,3.40049143781739,6.00936900481094,1.42707032152737,4.00450684616801,5.96677500023302,1.57457834588698,4.68721863699056,5.88821015813546,1.72127739007291,5.3541281623895,5.78424055275943,1.92473472890421,5.82109718932552,5.40433527046698,2.18668124572692,6.06073941267201,4.93703006814054,2.54480177866911
-0.962539395174955,7.8476507322213,0.942103078098121,-0.746991885016244,7.6983568266949,0.98528310567919,-0.545524915949996,7.55019600502768,0.981137235686818,-0.186091501804898,7.14689214824428,0.855292842616766,-0.011953117717353,6.79835869511387,1.0350382315637,-0.00139865207528277,6.32883932963904,0.941248465486374,0.14617669260899,6.34686763180755,0.959627365516793,1.81065013801073,7.14415468092615,1.38276552356824,2.14974503197814,7.08741703754663,1.36713074993444,2.42519622243637,6.9855355262274,1.36395808594528,2.34925061747457,6.65154651232905,1.06140512902431,2.50173623921365,6.33333084202989,1.37086855949318,2.40777941326268,6.0012611387999,1.37866221507184,2.67065135018729,6.0075408234874,1.40536045718286,-1.5968379986927,6.56783007873418,1.05565406170934,0.703290484453763,6.35269348448275,1.02469497886188,1.2658504950457,6.25284328283867,1.1522145851931,1.84127791042811,6.09588209441005,1.28861812370847,3.39000510971703,6.00752632409202,1.42309595979994,3.99206002918503,5.96568269560704,1.57502361323102,4.68683573367344,5.88844432398681,1.72426621220952,5.35053350628453,5.77310228563098,1.93283185670589,5.81612836881719,5.40733762971151,2.18620056079487,6.06102069938378,4.93852307577772,2.5426729182858
-0.964937098427267,7.84720173372346,0.941975817478521,-0.75051617127814,7.69576130871067,0.979668599176255,-0.54471596582171,7.54312374788183,0.968980494017812,-0.188768368568337,7.145817823784,0.855941366621221,-0.0187824797478566,6.79921899861585,1.03797335512251,0.000277855063249003,6.32565299142544,0.946417871109148,0.143979635747783,6.34480734219921,0.961992593410674,1.81101631949226,7.1442822137102,1.38303853700749,2.14978418484591,7.08651405214328,1.36855916148633,2.42513287436114,6.9844036692465,1.36562444938788,2.34039830145294,6.65426532301557,1.05743523772327,2.50056192412758,6.33454295015781,1.37125273016521,2.40549174377362,6.00041138447929,1.38070775478335,2.66976197245407,6.00619369659556,1.40716545431368,-1.60019235597977,6.57066909942109,1.05871714690794,0.701418545246956,6.35178770342755,1.02702834125598,1.26476036687056,6.25510785155926,1.1520374196769,1.84020040970636,6.09470795913135,1.29036130931618,3.3911369683268,6.00764560198687,1.42389727677434,3.99137886942084,5.96423540878693,1.5722572882988,4.6991448199337,5.88504046846425,1.72040264314603,5.35480660267877,5.76173501264531,1.94164515801084,5.81680491791321,5.40569315151444,2.18824029377175,6.06052928969994,4.9396126356233,2.54028434884239
-0.964393860811154,7.84771901705829,0.939193970940954,-0.749509091796695,7.69577993023138,0.979618433311352,-0.544566573970809,7.54421974701483,0.969085099153946,-0.185720313129276,7.13602156845962,0.864444008850741,-0.0210870417367564,6.7998791116227,1.04092583326003,-0.00133599436056407,6.32614703753341,0.948017788514274,0.141026853336972,6.34597174588302,0.963837129033667,1.81137173683613,7.14409391723436,1.38343738941356,2.15029649308661,7.08635353959018,1.36830550897054,2.42594871734894,6.98395917428992,1.36531268258767,2.3426650678193,6.65301376099597,1.05789372005803,2.49919832091487,6.3337561764543,1.37345043786187,2.40316859414157,6.0024746076282,1.38269950579576,2.66373689878784,6.00749208669219,1.4080689909433,-1.60329654616974,6.57506068196964,1.06123114712517,0.700970019353178,6.35380089108533,1.02846979401663,1.26693294944538,6.2574668011812,1.15410631076691,1.84144611364802,6.09859499063873,1.29078387400307,3.38675598039784,6.00724030620521,1.42641854173468,3.98199517465845,5.96316304875544,1.57385714536097,4.64296444208884,5.89678898914074,1.71643129865629,5.34113161951805,5.78746924140597,1.92553214386419,5.81413405779586,5.41226161093101,2.18669389161061,6.05991530424025,4.94168971529358,2.53840364714962
-0.961176174526251,7.8469982638156,0.939625488018198,-0.744718593869071,7.70196619971039,0.9808368994509,-0.54270481447462,7.54885262542434,0.974119683820958,-0.196762563976644,7.15729666546392,0.864944471498971,-0.0248169499561509,6.79799974884587,1.03885538576552,-0.00788696706594934,6.32456937689652,0.950129314092621,0.136120014140136,6.34443310310141,0.966835840834491,1.81166285034514,7.14388056872523,1.3844812617735,2.15100730242644,7.08714329417404,1.36886602199364,2.42685661266701,6.98527163491072,1.36674880254313,2.34249652616646,6.65570284445917,1.05475382261338,2.49412377207838,6.33810268000568,1.37450002905157,2.39789354679874,6.0060635371699,1.38300966863451,2.66768023137878,6.00928025765631,1.40923607339959,-1.60608639796326,6.57732985481309,1.0641839704864,0.694301047751195,6.354506399026,1.02874107208847,1.26004592649247,6.2594096069744,1.15277225047494,1.83595165608488,6.10304730152382,1.28992497954385,3.38848998540445,6.00788879623695,1.42861341886068,3.983258033192,5.96345717937909,1.57637920431839,4.68594304557003,5.88759608604738,1.72149941854265,5.35118566443737,5.76363163389293,1.94466099814245,5.81520140189033,5.40352385546918,2.19590492417751,6.06048780390056,4.94345395109478,2.53606346611505
-0.960312605783818,7.84708067085443,0.940564200149238,-0.744278952369587,7.70570863995172,0.982105239924104,-0.542207867693176,7.55511080950718,0.979072740859765,-0.198396904962752,7.1600026583176,0.867719925516689,-0.0282146495764086,6.79849364631236,1.03837589275155,-0.0140064119928148,6.32770476527229,0.948228886832991,0.131761298934954,6.34666928915529,0.967821842230513,1.81198041279235,7.14404827334706,1.38524189446191,2.15137655886473,7.08707637981248,1.36927741488841,2.4274586038301,6.98539899602958,1.36630382686524,2.34247177233399,6.65779063828396,1.05377578107183,2.49422701045724,6.33851552019174,1.3748704053924,2.39732810238839,6.00857588224133,1.38413764190676,2.65830550569951,6.01148084878146,1.41085854700813,-1.60944067292872,6.57924024817892,1.06551962131559,0.691357871900995,6.3544940936045,1.0303812829707,1.25724163668267,6.26291107984248,1.15143331695927,1.83301998411294,6.10982458015465,1.28803568893888,3.39039496709611,6.00877508858863,1.43056510416108,3.99539398285741,5.96453896462075,1.57753426061676,4.68812079895689,5.88686998623461,1.72596943870201,5.35286375702682,5.76037464581306,1.9457156577661,5.81415604851135,5.39868136601469,2.20028815526301,6.05947727653012,4.94527091809619,2.53269934195154
-0.959662435308666,7.84844834156215,0.94015384487076,-0.746643228414817,7.70276122352297,0.984801190668823,-0.542898838691142,7.55733188621178,0.976744485635658,-0.200120212534553,7.1602070422092,0.862873610061645,-0.0321561755712577,6.79981477888417,1.03727969120751,-0.020610806560215,6.32747787252892,0.949331925165127,0.130565794126831,6.34475438585641,0.97118835642706,1.81220978819503,7.14444672883372,1.3851896159954,2.15128096681733,7.08741039985086,1.36905165479297,2.42638416460711,6.9870966500343,1.36718006349169,2.34197620931947,6.65804754206365,1.05342795585879,2.49050748294403,6.33998888435064,1.37435116304948,2.39801911434622,6.01341705828259,1.38400933762273,2.65622734393396,6.00971407052653,1.41361749656392,-1.6133330562604,6.58239721274804,1.06732629136812,0.697009539501727,6.36210636748728,1.02560355747984,1.25908789072101,6.26503983684944,1.15463656600591,1.82388057668329,6.11874470539853,1.29649415019745,3.37827430605492,6.00737321765833,1.42994344030572,3.99047519807442,5.96305366046979,1.58124597491641,4.68626593898911,5.88574404415659,1.7284473471025,5.33795200447067,5.75784988371232,1.94300741544875,5.80955734621299,5.39968094116143,2.19976741548375,6.0600878742829,4.94762273844378,2.52779559445834
-0.959350580451708,7.84926013118062,0.940478941221002,-0.745843077767697,7.7028373995814,0.983855887786244,-0.542628372434169,7.55743146930834,0.976144723094939,-0.202996224985727,7.15926926226047,0.858885164150631,-0.0362863269135033,6.799656719589,1.03682514944236,-0.0261426972264875,6.32706464381654,0.94832036081486,0.125919414853801,6.34533830861301,0.970272289306568,1.81193199174384,7.14400232632503,1.38517614879158,2.1503060133951,7.08759360125772,1.36673328523255,2.42712308522687,6.98718925559376,1.36388993715985,2.33864322640109,6.66058919818432,1.04646997694214,2.48447335332376,6.34211252151284,1.37294162477894,2.39609123759304,6.01447592613624,1.38729404596973,2.64859557144028,6.01110788896481,1.41437006251681,-1.61810418502762,6.58500735720518,1.06699404599548,0.694977259775984,6.36546282261581,1.03222868727859,1.25052838076779,6.27316540620788,1.14752427706061,1.81859280604449,6.11832061737302,1.29828585315984,3.37781523903412,6.00953147059715,1.4278988184117,3.99478025564402,5.96367334223507,1.58010283721243,4.68983277151645,5.8849128305625,1.72497400324127,5.3629245974772,5.74948497237488,1.95109857867401,5.80837807255909,5.39901711339709,2.20183290592923,6.05924493623574,4.94937584962989,2.52235451407523
-0.958532321542829,7.85011882515114,0.942130280906019,-0.744975166737382,7.703959844523,0.98320763061564,-0.542597605864353,7.56044880430225,0.9754674705617,-0.203333013183793,7.15962609344071,0.854236370647008,-0.042467744633571,6.79712941770334,1.02943871603139,-0.031080248873827,6.32922258739923,0.946678508788662,0.122277026400645,6.34601183002189,0.969308245121005,1.81145752660192,7.14435810695952,1.38459005075231,2.14823207232754,7.08877293993214,1.36730708806419,2.42593761749592,6.9892521296917,1.36504357696276,2.3379638371027,6.66112959758827,1.0512187683309,2.48234174958745,6.34191852195307,1.37575195489614,2.39388285707174,6.01324123241412,1.38966219601596,2.64344282195456,6.01072393696756,1.41620442048338,-1.6223663480509,6.59025300712874,1.06568439563371,0.693913765815388,6.36573076260729,1.0322344775623,1.25044253705115,6.27334858494194,1.14825653492107,1.81910744080664,6.11939546249188,1.29969436050759,3.37129282913638,6.0069201717783,1.43080252708844,3.99005547464193,5.96444459996167,1.58078148602989,4.68242503237319,5.88452150651048,1.72764675593298,5.33515416874189,5.75364286038514,1.94357408146316,5.80580042146092,5.39671168760886,2.2033683730452,6.05918014780536,4.95192127476797,2.51721659995305
-0.959855206123468,7.84917055229145,0.939668212440073,-0.745949203458925,7.70499587757462,0.98147820795985,-0.542039826950595,7.56259859231865,0.972172391133904,-0.208091787319661,7.16399456222677,0.851976272447607,-0.0479688848506579,6.8024943100581,1.03243585300354,-0.0372408395933989,6.32758436514771,0.945953491102141,0.116500275008974,6.3460411865624,0.968416971379776,1.81219676756179,7.14496199368008,1.38419531446803,2.14735851230286,7.08839300814108,1.36633414455057,2.42549790852079,6.99663035305232,1.37653583399211,2.33347493080507,6.66162065107648,1.05035994771757,2.47792702213863,6.34216530342132,1.37666534025465,2.38747396020357,6.01660978232459,1.38737662364092,2.63738774000925,6.01235371514621,1.41632562060163,-1.6262586464885,6.59467286553575,1.0649837929296,0.687964782071587,6.3669981254794,1.03190086119382,1.24564842563253,6.27894187406202,1.14650446046073,1.81552333466848,6.12541401506602,1.29617771398656,3.36783380498279,6.00710319451485,1.43050333580744,3.98938676905261,5.96202510072522,1.58250296550377,4.68474044729714,5.88426757156788,1.7277370868385,5.33505112027917,5.75496157930593,1.9449155594768,5.80415149532836,5.39812214749791,2.2036446578766,6.06182923785013,4.95630748376504,2.51181922217155
-0.96028952297579,7.84888664334024,0.937713360631108,-0.746277775092126,7.70560637638837,0.980473630469532,-0.54238001299045,7.56298783224795,0.971236489682843,-0.208524526998717,7.1702917996764,0.848213529975214,-0.0507987314888879,6.80454243435429,1.03319435626952,-0.043936539263157,6.32852232799013,0.944799362869168,0.113579447685477,6.34733842107456,0.969657255937005,1.81024979309541,7.14447168559484,1.38228798342894,2.1485897801889,7.08921192825666,1.36680161817343,2.42645434824883,6.99208078265858,1.36512555322336,2.33654255837151,6.6639356850384,1.04968691181831,2.47521268107353,6.34440207840294,1.37917824231679,2.38322704880786,6.01776242427726,1.38688205817203,2.63720812675593,6.01525855877761,1.41489412265204,-1.6274870302813,6.60044673099364,1.06563688101618,0.685952818464955,6.36786276047928,1.03224864619615,1.24414009494643,6.27940343159148,1.1482584844667,1.81460480533544,6.12657082984665,1.29543428259936,3.35182014030063,6.00321952065983,1.43411516958729,3.98556510953525,5.96130833822307,1.58702757517896,4.68987533393027,5.88613364522989,1.73020521282767,5.33500384043316,5.7510936566871,1.94612824466086,5.80096685327507,5.40004210127931,2.2043101938236,6.06193513156849,4.95851936040001,2.50804380064042
-0.957456976656822,7.85147209574512,0.939875144569117,-0.744954762020572,7.70768146220975,0.98150233307345,-0.542402035454562,7.56413705116501,0.972829304438934,-0.208318405730645,7.1761327801447,0.847820227303482,-0.0540122546238093,6.80899535054688,1.03603116555824,-0.0476271911483421,6.33091877787902,0.947373052968129,0.109974458270481,6.34876214700763,0.972123270520806,1.81188166851055,7.14433832646663,1.383601698996,2.148118591259,7.08839996820016,1.3662618454887,2.42648268656036,6.99131437943586,1.36653946605578,2.33383155502565,6.66391265686707,1.04819061387865,2.4708156446688,6.34591812509016,1.38072507246938,2.3765844719452,6.01956874199938,1.38637337892201,2.63054685153596,6.01635369445868,1.41540913291948,-1.63202908762431,6.60508224290442,1.06821207113027,0.684573763825833,6.36858473574936,1.0337171277768,1.23976919173561,6.2842629548241,1.14741463631651,1.80963941002279,6.13090179664115,1.29424655853771,3.35241115931163,6.00478857990793,1.433665609848,3.9806226518735,5.96103283993071,1.58772515571299,4.68312385363269,5.88574298919123,1.7329933721136,5.33342939028113,5.75098181351465,1.94528278166012,5.80320859789221,5.3902552124274,2.203954444019,6.06173768513619,4.96125489292167,2.50478161461045
-0.957076282890082,7.85185130609709,0.939122869514481,-0.745337901093086,7.70956408790533,0.980956423288563,-0.542247655050565,7.56669586386342,0.972250403960595,-0.209789365972035,7.17928173564967,0.844409254603039,-0.0588128994056367,6.81080295742701,1.03778797863994,-0.0545879008645159,6.33035764521109,0.948267761878046,0.103273193427089,6.34958443050297,0.9729832193521,1.81237220073349,7.14463554864763,1.384072064826,2.15000841190308,7.08918061658459,1.36789514021198,2.42764594290138,6.99158762678375,1.36787783579046,2.33423177034023,6.66361123893018,1.05150090901467,2.47079088838413,6.3450267736051,1.38106029602338,2.37658243397754,6.01818657153954,1.38792284474638,2.62966196787552,6.01751196097348,1.4155041330328,-1.63783643988876,6.60676009554233,1.07290789746058,0.681309065567681,6.37124672260338,1.03473817721189,1.24041018865373,6.28783900639827,1.14794950753274,1.81127963856253,6.13073673655596,1.29704573628785,3.34177884885544,6.00521714406941,1.43562224309694,3.97072391773776,5.96009933291771,1.58823062989584,4.65682880627557,5.88938111214812,1.73137967046434,5.32228307118129,5.75491669025296,1.94391853139739,5.80245489883673,5.38911952046766,2.20691453496596,6.06262081762729,4.9645561692988,2.50206817955021
-0.956735269299983,7.85105407212086,0.938228278436173,-0.7450062467036,7.70932830114242,0.981843532666395,-0.541153608796018,7.56848994291652,0.973380220866006,-0.212865459349428,7.18527867584342,0.848544549119088,-0.0646236621315367,6.81480923920179,1.04379568836941,-0.0561870979883024,6.33296893482707,0.951452769710284,0.100668555170843,6.35075021967606,0.976536052924298,1.81396797304122,7.14300485460129,1.38390419885698,2.14987281224443,7.08851253731737,1.36818549139594,2.42809529158656,6.99175521253952,1.36968819739571,2.34036787707992,6.66550715036824,1.0558187165546,2.46905135906787,6.35093235509216,1.37994819557151,2.37567766303497,6.01900195749275,1.3896676965035,2.63003061967292,6.01632697027208,1.41699161669636,-1.6431252814574,6.61301591472097,1.07889268528307,0.679709085615271,6.37012083555533,1.03724356651971,1.2433160969974,6.28926640304852,1.15067334087348,1.81332352522458,6.13226703245231,1.29748131586925,3.34375387746634,6.00692582765936,1.43545754315265,3.9773494118043,5.96468756479035,1.58442964521252,4.65295375205692,5.88994554257676,1.73132750450984,5.32920033875924,5.75214943371797,1.94832776561081,5.80384811270501,5.38861786414813,2.20647494271749,6.06232378324885,4.96764787161657,2.4977764669994
-0.947773197524874,7.85396915677686,0.954727273894539,-0.74488513226251,7.71024056883264,0.979780483268301,-0.53806942859312,7.56758755352039,0.975057976272761,-0.213851885503205,7.18967011999335,0.847539100280791,-0.074184931831978,6.809930726591,1.03409765196963,-0.0610771103916622,6.33422109397721,0.951948034888819,0.0961715478131127,6.35234571686413,0.977910972903238,1.81371510608465,7.14292867405723,1.38435580452973,2.15038203860802,7.08941967487536,1.36856427861744,2.42861353017339,6.99102016898385,1.37035445514725,2.33651135436667,6.66740430820462,1.05235250818198,2.46485666311946,6.35376542043918,1.3794531472704,2.36930125564899,6.02112409631821,1.38733513317609,2.6227562013466,6.01812591750826,1.41556218289486,-1.64783923423096,6.61800914251016,1.08608244042956,0.671081023480848,6.37239668465962,1.03554783284754,1.23160790686769,6.29296931902813,1.14831175022572,1.80453021225664,6.14666724602482,1.28683712557501,3.33636783868842,6.0069844889952,1.4363602279789,3.96718699835621,5.96381146877159,1.58082341732824,4.66447105910268,5.88449453507052,1.73231461604487,5.33318718337214,5.74891604092505,1.95033847414874,5.80090832243011,5.3905427719303,2.20493983359956,6.06217662902091,4.97080430763748,2.49364714552751
-0.946607123876459,7.853654644915,0.955073028070092,-0.744668897342833,7.70969946697659,0.978934565426147,-0.535034570193065,7.5673217618552,0.978464353992164,-0.213333327599387,7.19217007371574,0.849383782250942,-0.0752223941880611,6.81310100891869,1.03326323063368,-0.0651824709184386,6.33769154972411,0.952159206474497,0.0911087400218489,6.35712057688331,0.978363913041724,1.81457228596467,7.14277316460586,1.38398632164917,2.15081554862702,7.08974672142751,1.3687002251999,2.42929270341718,6.99111789982807,1.3711321358068,2.33418612299928,6.66502127090806,1.05083864839738,2.45966971133748,6.35718322207663,1.37958138676034,2.36221464125382,6.02211944577091,1.38659048461576,2.61572120449943,6.01846077395919,1.41544968341413,-1.6514147060656,6.62340041320261,1.08930000818984,0.666571786669441,6.37241547494545,1.03712359764485,1.22502629466514,6.29513046985326,1.1470170529003,1.79830388249477,6.1504731641782,1.2839002148965,3.32853278610052,6.00547757978643,1.43861543114558,3.93767398379961,5.96638515588816,1.58566101003204,4.63472098534138,5.88992047603701,1.73162450278372,5.31918824219394,5.75162763586084,1.94648727996843,5.79632006593205,5.39413658443097,2.20332062302134,6.06179489985946,4.97476353695649,2.48970212057432
-0.946708238201117,7.85258087205091,0.95374712161994,-0.745026049666162,7.7098632300992,0.978822562462031,-0.536379226155314,7.56970000270086,0.980385496120971,-0.215039401086623,7.19709356684925,0.847431005833849,-0.0844363776407376,6.81458617378248,1.03565228391082,-0.0703987145640608,6.33983549840897,0.954421648528526,0.0832414257424354,6.36094439473072,0.979914942358831,1.81421022579926,7.14269938753093,1.38444621818307,2.14923475419255,7.0888090823213,1.36834289958175,2.42901823445226,6.99136919648934,1.3694537524022,2.33122838867699,6.66642970794578,1.04908823555803,2.45399277761577,6.3583977769114,1.38033823392076,2.35636133020661,6.02262332754194,1.38568801210795,2.60914239535279,6.02044350902992,1.4137664766409,-1.65326772255836,6.6288984528397,1.09335515416833,0.657726557526896,6.37318045853444,1.03938929513939,1.21627221537289,6.29949012047195,1.14638127745457,1.78896071617819,6.15441788004803,1.28122873809334,3.32520182546125,6.0024997334192,1.42548028922963,3.95700413343569,5.96903504219552,1.58401856147872,4.65560842938064,5.88502912322,1.73137479593698,5.32243729855705,5.7484179827529,1.94836775067939,5.79643105914504,5.39417878850483,2.20363421777149,6.06138107505439,4.97661114141172,2.48599826836826
-0.946738822161074,7.85240863627229,0.954013956506966,-0.745136259790907,7.70769390552107,0.980800720453511,-0.53758364412117,7.57075899281373,0.979513745222106,-0.224386757919493,7.22442541379371,0.884447320565111,-0.0907866531304328,6.81830377224489,1.03774630980634,-0.0742092268490205,6.34377435500664,0.957751103557483,0.0786863488377871,6.36324826242228,0.979480508881091,1.81365529706621,7.14376933547063,1.38376105885543,2.14990294392847,7.08995732174685,1.36784639543759,2.43015595167124,6.9921836914167,1.36866189898153,2.32862152172912,6.66865324360811,1.0425858189405,2.45132872000293,6.36258323602439,1.38202178669712,2.35284560519853,6.02563937840347,1.38533267149031,2.60164773553341,6.021306749754,1.41311392168408,-1.65508768904935,6.63588011401886,1.10234602303819,0.651553069071294,6.37697214129302,1.0391985060328,1.21002366130137,6.30230606634709,1.14634290745195,1.78520669282104,6.15773321348578,1.27845605018401,3.32286176396251,6.00356828296559,1.42412795783741,3.95788317529318,5.9701166089926,1.58608162615413,4.6547271922814,5.88405451894963,1.73471880921703,5.31849521378456,5.74851132271919,1.94730336619187,5.79450700239764,5.39544635416915,2.20242884349146,6.06073837770499,4.97860203765178,2.48258913682259
-0.945659168219872,7.85194304525368,0.954815559526718,-0.743916400115012,7.70895620876431,0.98027617234217,-0.538259902427024,7.57366814843225,0.980445646572329,-0.227120864586834,7.22782655902621,0.884097630265319,-0.100238591633043,6.82384137599759,1.04620288700254,-0.081194685857226,6.34752062890698,0.961099750648931,0.070964763541825,6.367525086015,0.980234596614444,1.81398124143288,7.1437628019268,1.38490973577331,2.15017158713448,7.09021353645055,1.36573777839345,2.42933486639094,6.99294199813018,1.36922720512221,2.32563209498019,6.66924350206461,1.0333923239775,2.44463476562708,6.36495720322924,1.38145469915645,2.34685661308406,6.02644677744195,1.38596747568097,2.59718111303326,6.02197695595727,1.41320187459,-1.65939007097248,6.64441509322325,1.1094500438088,0.644302104629567,6.38280529795566,1.03690366241778,1.20281271733725,6.30881889517638,1.14395181757707,1.78399547464506,6.16105417007495,1.26920564036806,3.31429622687273,6.00448809872874,1.4239860692371,3.94679749144145,5.97041315410334,1.58599141777447,4.63636387432331,5.88715418490661,1.73046335507819,5.32010130277879,5.74727895738929,1.94860302368752,5.79538572908923,5.39504342366922,2.20235647864264,6.05968746356698,4.98152363281901,2.48021013756567
-0.945647163819926,7.85250039201234,0.955678158279121,-0.744497742974699,7.71025477654242,0.981082486329268,-0.543211752425728,7.5783533637513,0.980662292169827,-0.228367496414042,7.2292237904261,0.879249570856374,-0.105733017564257,6.82888320710425,1.05301157326186,-0.0851983611617336,6.35300379652477,0.964861860141815,0.065897990130051,6.37201130323825,0.98364591032151,1.81093351275619,7.14511245422261,1.38406038868499,2.14986377661059,7.09198358566299,1.3653625600481,2.42964687544935,6.99428086155603,1.37024368298964,2.32530217519414,6.6696702799418,1.02965809327927,2.44401595834308,6.36943992630191,1.38270763577311,2.34266180302822,6.03073909396833,1.38463329165977,2.59409488550161,6.0234486275231,1.41283359955305,-1.66365013719703,6.65070313445069,1.1149990987517,0.643809957541122,6.38393894733058,1.0406314113402,1.20484214735786,6.314005875212,1.14227832253808,1.77877267366511,6.15972185467305,1.27112019220557,3.31508633653203,6.00300705251669,1.42719360369796,3.93375042123237,5.96828235769694,1.59010988034469,4.6339540939058,5.88957539032605,1.73441807876114,5.31749833188398,5.74782579652386,1.94861108344105,5.79222272912484,5.39754469576192,2.20330575932057,6.05918516024949,4.98500639752388,2.47686873282065
-0.945232389342405,7.85206106160143,0.954519055733926,-0.743207307420919,7.70980688897962,0.978755992438076,-0.54053597525362,7.58070132726033,0.981323330058585,-0.22771113691025,7.2413884267182,0.872937180132062,-0.105782686456613,6.83500441991078,1.05922848396768,-0.0850050190198214,6.35133740278975,0.963380811757194,0.0602681463426595,6.37759477816092,0.987054944451239,1.81145431615037,7.14485998936261,1.38357182475777,2.14857019781493,7.09313452077943,1.364465461981,2.42891346715616,6.99565668957284,1.37144507969731,2.32418879921611,6.67224524887473,1.02896845670321,2.43909753204625,6.36929462348232,1.38161244706081,2.33930838524512,6.03321351884089,1.38282473692485,2.58906597287874,6.02452136562959,1.41234618210562,-1.66798009157528,6.6566522828172,1.12694895678767,0.636002879933497,6.38936995836948,1.04016742771516,1.19777510862233,6.31781960021467,1.14186721068675,1.77371102445839,6.16320741172406,1.27122535528808,3.31497981021418,6.0068967605701,1.42937764941242,3.94529040992049,5.97096870118361,1.58763282045703,4.62917835451017,5.89068644017053,1.73385961547554,5.31085845844053,5.75082235428236,1.94652763640414,5.79214504909498,5.39632002162158,2.20404068359903,6.05971586758445,4.98750630003851,2.47474429228456
-0.945538419027853,7.8519006064419,0.95457528706199,-0.743688535194199,7.70974105857512,0.978686272617515,-0.540084493001328,7.58224788806539,0.98155242830916,-0.2267122526168,7.25080281052809,0.887626324368901,-0.106595289573948,6.83808842426299,1.05951964993065,-0.0862387616717128,6.35716990966553,0.966598339944246,0.0583248991492347,6.38050764976019,0.990509285840965,1.8107117908915,7.14415234390982,1.38421198225796,2.14887928388536,7.0937706504888,1.36466231594655,2.42910439222258,6.99606101880155,1.37272662683804,2.32487846176526,6.67384902861839,1.02963845336878,2.43759698928646,6.37107663848482,1.38368823791479,2.33784723056437,6.03466150963227,1.38391298341243,2.58659686188609,6.02644909599968,1.4124073195205,-1.66854008863992,6.66398768559046,1.13481835975232,0.631666340645555,6.39286154320293,1.04276868413724,1.19704004947631,6.31830210976731,1.14460553242435,1.77528642533516,6.16424519779583,1.27193837597342,3.31415137289736,6.00878558414795,1.43585298588463,3.92991525245622,5.97028712218755,1.5912802792637,4.62157987996374,5.89040333827059,1.73542972426978,5.30025984580229,5.75137302434236,1.94716154897197,5.78817208041291,5.40074381944781,2.20236816646936,6.05976443754732,4.98938048059478,2.47319283193321
-0.944430394206678,7.85174748363337,0.956426980635418,-0.742369653052634,7.70941485012719,0.980012287145529,-0.548923409542847,7.5882659127508,0.980575545364777,-0.225330862595499,7.25203043861677,0.881837433385907,-0.111463623834219,6.84205431590888,1.0661381916184,-0.0891637380342104,6.35866599724454,0.971556898649643,0.0559685432967149,6.38710214970044,0.992466644678825,1.81140923719573,7.14353706558788,1.38408467789442,2.14759825094352,7.09258217557857,1.36490199208481,2.42965214426602,6.99493738067931,1.37151693598364,2.32368497958847,6.67467838498496,1.02845469053213,2.43529440678857,6.37269464541244,1.38573035988189,2.33487951441611,6.03578432384141,1.38337960319777,2.58260875224648,6.02634898015103,1.41308927741842,-1.67071710876395,6.67122813262528,1.14504186964869,0.634384313369037,6.39782310241344,1.04439392281811,1.19061500661084,6.31071995193906,1.14600186577627,1.7703131969577,6.16638135585037,1.27142012354545,3.31129748484442,6.01071259313464,1.44121758793076,3.92710783370267,5.97052368526239,1.59194061559315,4.6188779741798,5.88898877182701,1.73767608048706,5.29616522652507,5.75166715698633,1.94479170295534,5.78874252874951,5.40207037697424,2.20194933625826,6.06002254181445,4.99107129797772,2.47090552544556
-0.942333159433395,7.85064254837949,0.957297082296974,-0.742355547052469,7.71039598944667,0.979803751289246,-0.547483915047633,7.59130858116451,0.982698275501304,-0.222969271403038,7.25024605583277,0.878529045368315,-0.110766313070989,6.84530885482777,1.07139818828206,-0.0924587899867347,6.36283702565521,0.974899511692569,0.0527049079737666,6.39162477703299,0.995717105010713,1.81318234025686,7.14291001974951,1.38500052757852,2.14971220082836,7.09208415080805,1.36431645604965,2.42981946508782,6.99540471605013,1.3717539444947,2.32274684786808,6.67628312261702,1.02605214569603,2.43152423736357,6.37474564820563,1.38276980611493,2.32943362666548,6.04141889516372,1.38136879011372,2.58298608102563,6.0276754877712,1.4126250096479,-1.67225924417038,6.67660413510044,1.15491913717336,0.628866277423355,6.38678885097106,1.0440845216213,1.18673939767368,6.3155337443405,1.1449085575291,1.76473506196445,6.16205994516076,1.27506988975606,3.3127820594528,6.01218203546775,1.44193532613931,3.92854420497727,5.96987998944067,1.59209536133828,4.61212012200099,5.89085562338743,1.73679886777388,5.29292893390489,5.75365948546713,1.94568655792147,5.78697448729424,5.40349816889066,2.20188461376704,6.0606567050587,4.99307277212119,2.46892484018394
-0.939869105477807,7.84935572669793,0.957154168548392,-0.738692966122697,7.71280363837241,0.975896435134477,-0.546083530349911,7.59262619121761,0.984890998281744,-0.223489812718853,7.24922100008886,0.870431516366131,-0.114183752683091,6.85107043562331,1.07516416257223,-0.0982341742138585,6.36861591348682,0.978330758719528,0.0446437400207008,6.3970686292486,0.996977316786069,1.81230992175584,7.14283245790396,1.38558400943754,2.14962749253115,7.09106899972876,1.36334696556185,2.43182915292754,6.99258398734843,1.37217829344376,2.3247733745537,6.67997615923768,1.02506660474183,2.43137615991843,6.37309741853281,1.38610750191176,2.32741175099169,6.04111333081362,1.38163097949107,2.5760708820627,6.02839189088876,1.41134796369212,-1.67886621241665,6.67759257925349,1.15450866226039,0.622560552836818,6.39218468014039,1.04490704632789,1.1840668886514,6.31943364429977,1.14467061978228,1.76168329867467,6.16507807689422,1.27314361281643,3.2967998249292,6.00865305854663,1.44160729881546,3.91370891551962,5.97137622224339,1.59294649289007,4.60266887774281,5.8915809367975,1.73753904687946,5.27965368196439,5.75347672850995,1.93755496370605,5.78360432511632,5.40465670749158,2.20076114271409,6.06177736258452,4.99601995253839,2.46855577103045
-0.939223185289572,7.84688475134322,0.95584250829972,-0.73912321959641,7.70938861101751,0.976760400300441,-0.544383986085932,7.59545447175836,0.986144698667601,-0.222153350705037,7.24791811020544,0.864958764874768,-0.114791016501063,6.85398875085492,1.0783812818746,-0.103579002084256,6.37404101578917,0.981384307327204,0.0385489881885817,6.40229370488231,0.998732806234491,1.81423039001624,7.14125507552924,1.38604808487232,2.15111250113863,7.090135423068,1.36491158076918,2.43238313924954,6.99469686020958,1.37050273807208,2.32228467058492,6.67979097158331,1.02385150082184,2.43021164811138,6.37477959294123,1.38436023493886,2.32268479267549,6.04417911267803,1.37919744285344,2.57502714943272,6.02857247235554,1.40996011555421,-1.68433427878067,6.68202444615936,1.15992211991208,0.617361639649793,6.39708695459219,1.04654997933294,1.18206890599689,6.32298874350438,1.14502782453116,1.75985149666893,6.16897822639559,1.26958194382236,3.29220652262934,6.00990738950135,1.44316605444836,3.90862590523282,5.97004516025161,1.59406742229735,4.60645688217132,5.88803119658686,1.73692988617152,5.29606111326302,5.74676216521408,1.9424955782219,5.78452388283997,5.40403978914933,2.20197859306618,6.06195737149746,4.99743147219582,2.46604379372014
-0.938993857339944,7.84605130244557,0.954404039372219,-0.738760223252041,7.70882179782416,0.976252446155498,-0.545757078503418,7.59904019811349,0.988341763206404,-0.222914522609326,7.25451144960621,0.865808628349096,-0.118625418924318,6.85867204545072,1.08163621769059,-0.109937136549832,6.37735679510723,0.98393381325353,0.037528499279767,6.40363849284093,1.00108532739357,1.81461730600676,7.140851771606,1.38751061365826,2.15189272398435,7.09004624694522,1.3643141395868,2.4310539899878,6.99802627314634,1.38183627735802,2.32297958407058,6.67442912529498,1.00798792838128,2.4257896535415,6.37261863549654,1.38204518839942,2.3156525388738,6.04592523279018,1.37915011056696,2.56709578833546,6.02753960223271,1.41010327721337,-1.69187221387202,6.68717364717947,1.16825970916645,0.607386521201008,6.40155596550056,1.04829676930122,1.1778656267855,6.32749562257472,1.14396420128449,1.75619286954926,6.171538992604,1.2704164592771,3.29724224534065,6.00863728579399,1.4428669623155,3.91163868250278,5.96917555610778,1.59405276951786,4.60424866274133,5.88637735915693,1.73790012159429,5.28668905993213,5.749835340454,1.9448359787458,5.78523772155183,5.4019529083031,2.20189734403008,6.06286715609836,5.00195161549482,2.46697187769247
-0.939647937731354,7.84511558099085,0.954233144231671,-0.738993439628311,7.7085287120068,0.974610976135305,-0.54756829783567,7.60242926334022,0.992124310697973,-0.223807318409415,7.25764670769726,0.866002531345916,-0.121950164662719,6.85972306591469,1.08541175824877,-0.114950641073524,6.38030361545864,0.988452985830559,0.0312896736238088,6.40533368242245,1.00417045493921,1.81518921165891,7.14073845391136,1.38781995302454,2.15143520774069,7.08961298892878,1.36520060834989,2.43131190340567,6.99340202137417,1.37159165982474,2.32296496388479,6.67615120805995,1.00314663722038,2.42078909579781,6.37456976406865,1.37954067149734,2.30549958812425,6.04722969784564,1.37191267571988,2.56057657555496,6.02861563130545,1.410303406761,-1.69899494934649,6.69457681020102,1.17673527425449,0.602306078099817,6.40602131211056,1.04906889356283,1.17102383154994,6.32952794358056,1.14551748907834,1.74953600753563,6.18034510382598,1.26644904769666,3.28192857922202,6.01043525312619,1.44786066746963,3.89140127326778,5.97100709994842,1.59238153063494,4.59620233615594,5.8843483095185,1.7402979282192,5.28426291118049,5.74918328899475,1.94484711735019,5.78405482764492,5.40196444678997,2.20153798827407,6.06265199101929,5.00317185824351,2.46285136095896
-0.940294729738407,7.84683983205523,0.954713049376974,-0.739336949975001,7.70927342723626,0.972392129544856,-0.547959532622356,7.60584180971885,0.993330968349048,-0.228173215305578,7.26236113992415,0.865034271378468,-0.12994576469175,6.86448444489524,1.08819535966297,-0.123619923840993,6.38652869285676,0.99068664863005,0.0220025656661133,6.41210070202131,1.00401619559286,1.81384402817797,7.14081728261665,1.38697687183694,2.15034061025442,7.09190966372121,1.36266353511461,2.42957183621281,7.00106119134227,1.38105431899662,2.32046638061733,6.67608369730656,1.00295376917925,2.41640949292923,6.37612902480745,1.37848985362673,2.30037490076782,6.04892524035455,1.37181589240037,2.55363122401616,6.02972091609666,1.41071312609077,-1.70417564342955,6.69983868255171,1.1840198136688,0.596682770024962,6.41300434492588,1.04717893365731,1.16585625441812,6.33787821116324,1.14138368280913,1.74328652137692,6.1821998686819,1.26672520971189,3.26595991816045,6.01021714108307,1.45045706915041,3.86455052915411,5.96741484073513,1.59113174472695,4.56002498488503,5.88660445212175,1.73887413974873,5.25711336701657,5.75621162410593,1.9366987477087,5.781994517108,5.405644496724,2.20137244590104,6.06212609203684,5.00586352077191,2.45930978737237
-0.939795308011981,7.84744653039256,0.95621615553285,-0.740081374838874,7.71037777639096,0.973085793178953,-0.547942507318391,7.60940327205772,0.996118009304476,-0.231104716824006,7.26242062445271,0.861562148094921,-0.132229190994277,6.87008434275683,1.08731154999516,-0.131876179496933,6.39078435063463,0.995280475405525,0.0143069623739531,6.4156205207373,1.00685003983412,1.81492104514054,7.14247857500248,1.39088722118699,2.15018377590615,7.09173221254138,1.36305981359198,2.42799829442119,7.00214179887391,1.38276914286028,2.31681830603352,6.67761763401857,0.998688307845361,2.41015786540749,6.37734398712785,1.37734743588786,2.29511892924325,6.05059174124603,1.37348213091983,2.54785482230119,6.03172314684855,1.41111836885666,-1.70946222632343,6.70777076694616,1.1896399904799,0.586332236831774,6.41153550755296,1.05211820074894,1.15781966608523,6.34071753771282,1.14082055363641,1.73770399803794,6.18432263523685,1.26726027734941,3.26654009679947,6.01416813191212,1.4549409764333,3.85906688598262,5.96545572699134,1.59605759169898,4.55473809420862,5.88536569997231,1.7410164926975,5.26111366181125,5.75802287758456,1.94157900292806,5.77872291241631,5.40556240201344,2.20338475606947,6.06147713176849,5.0078119940014,2.45503143262991
-0.939243704857214,7.8478050271256,0.955514890192482,-0.737318962718447,7.70849111763792,0.973563734078339,-0.5481587943868,7.6106383346715,0.998681845850369,-0.228779404099699,7.25915799833104,0.856143800660573,-0.140407390834906,6.86721658620471,1.08714047656068,-0.130587845289967,6.39806092389231,1.00367157668052,0.0113547976354567,6.42125814032812,1.00814479690007,1.81285486573564,7.14320580512477,1.38923648013728,2.14928394061619,7.09152355532303,1.36099543281728,2.42692150585227,7.00128510135199,1.38286416863437,2.31385121352779,6.6791177974086,0.997957373041892,2.41245466656565,6.37330311409545,1.36628529121517,2.29210612370892,6.05514422171541,1.37351298162901,2.54395880293282,6.03534308963899,1.41220574189969,-1.71478974511368,6.71496719014348,1.19618801717705,0.58353547268491,6.41383649421693,1.05501241884746,1.15668209997285,6.34070730940888,1.14382062164762,1.73580626914244,6.18809480107562,1.26592439512257,3.26939883687891,6.01264638517486,1.45543885656892,3.86414211520691,5.96015156341043,1.59367736184685,4.59846826320824,5.87427948619495,1.74953859836587,5.30651306839203,5.73183902824062,1.95810433424243,5.77689057446447,5.4067590604693,2.20359149915265,6.0603076211233,5.01096824192786,2.449249286914
-0.938492148063274,7.8489315278289,0.956758666112876,-0.737075921371185,7.70796427747757,0.973376023466477,-0.547950217097799,7.61196840978344,0.998761066325464,-0.229499293980791,7.25858871267567,0.854067764539015,-0.144691138775971,6.87016883678808,1.09005363530442,-0.137466325936859,6.39708436532324,1.00966790908726,0.00529799622134999,6.42080582844788,1.01352038840005,1.81321220941901,7.14419721403437,1.38907389056538,2.14878736772808,7.09238375922246,1.36034817464348,2.42553953330078,7.00289962199559,1.38299381658112,2.31005936205568,6.68300220496389,0.998263734418299,2.40774592350299,6.37582223456607,1.36831451219842,2.28546071974405,6.05809897289675,1.37424016851924,2.5352311983066,6.03850734045204,1.41255113760731,-1.72071610185174,6.72002015237572,1.20640317236878,0.572766366986078,6.41549358082159,1.05609173234888,1.14750484398399,6.34647268235171,1.14123976178524,1.72712873040785,6.19182128641002,1.26664670299812,3.25758781804558,6.01177686809395,1.45812297829234,3.86957114514137,5.9664433132633,1.58970598201118,4.58111790140934,5.87951549474333,1.74598916352574,5.25089058240189,5.75556967880265,1.93810571731543,5.77111891677519,5.41036517177091,2.20247031909866,6.05897202240779,5.01246910339717,2.44252931555557
-0.937995041486868,7.85026758047363,0.958908742904268,-0.73749092559349,7.70956426660379,0.972191092045414,-0.546360681800374,7.61017418800021,0.998327799133866,-0.230827572293251,7.25809157438881,0.852120149008273,-0.148920318817397,6.87402981988977,1.09392063717355,-0.140178287638771,6.39870193423211,1.01685186950448,0.00329446700805716,6.42244884127719,1.01974515672111,1.81283107918645,7.14387837007261,1.38957284286935,2.14711761956577,7.0912882397817,1.360074312494,2.42258696014036,7.00364722987245,1.38372525867923,2.30637712678959,6.68538092838838,1.00133540243885,2.40464304670397,6.37740451002658,1.37063150328187,2.28090325283882,6.06125188312517,1.37582341257426,2.53132096655755,6.03919468418301,1.41435119717079,-1.72766689411106,6.72321744390857,1.21518620264571,0.568527727311641,6.41738933476035,1.05880324269486,1.14394199255353,6.35137843620721,1.14195340347635,1.72590431356824,6.19880695076614,1.26579197749881,3.25514608887648,6.00921764067418,1.46240224034622,3.86913689521638,5.96645443297462,1.59586331409584,4.57481240297341,5.88062082428279,1.7448979223187,5.25149709603542,5.75299491269231,1.9398741579484,5.76547033798967,5.41366766358844,2.20057507708747,6.05583390604701,5.01471437849711,2.43898447828932
-0.937539267720291,7.85000364401819,0.961059745316785,-0.735552728324329,7.70827958496007,0.975300857389105,-0.546096528544536,7.61137695971801,1.00033570172117,-0.230432700590727,7.2561200461369,0.847345820569488,-0.147505505824562,6.87004660994122,1.09338011660818,-0.144594081608011,6.40021278960753,1.01976822932717,-0.00195740216557385,6.42317710506211,1.02340410645013,1.81254266285367,7.14473883879603,1.3899446001918,2.14737172929045,7.08959776320907,1.36012556737999,2.4235579688021,7.00228628247262,1.38293453334969,2.30503427841258,6.68824965589534,1.00394204378343,2.40192242725771,6.3797611977578,1.37418882363876,2.27786291796079,6.06183907545336,1.37822680491844,2.52738657720356,6.04020525171013,1.41474600227536,-1.73253801837764,6.72924264463514,1.22179620076597,0.566954259381274,6.4200193160225,1.05925717205973,1.14211135302576,6.35413726668549,1.14377941228069,1.72411716603516,6.19861039869966,1.27003426460938,3.24872988901936,6.0105885198426,1.46514608361156,3.87177043734317,5.96588581763921,1.59473199184829,4.56894391430935,5.87978104263456,1.74520869809597,5.24468121291789,5.75516586169956,1.93723960725572,5.7590345354454,5.41714111781177,2.2001952666053,6.05378703931896,5.01591681575248,2.43564934178174
-0.93760320971994,7.85027839475459,0.95973987650419,-0.737522280984457,7.70844516106832,0.973987717174045,-0.546801580112039,7.60930474910437,1.0005069605525,-0.22946903223554,7.25423837369822,0.848921612473599,-0.153044360106972,6.87150349989289,1.09977370271428,-0.150423521874996,6.40299425197443,1.02190179442202,-0.00912123816967316,6.42873070119113,1.02468286449529,1.81106128387262,7.1443424713311,1.38983546571758,2.14647860598791,7.08866831995455,1.3605016964446,2.42223004802336,7.00206802497977,1.38488034877785,2.30360100206666,6.69083234289516,1.0056159384316,2.39812808653306,6.38076478546961,1.37496604064981,2.2738855639769,6.06493021890662,1.37957653535668,2.52366503280581,6.04284161658866,1.41584117930262,-1.73682621747309,6.73191937284653,1.23003284843331,0.560933229318876,6.42161963617136,1.06203946583519,1.13972668385123,6.36446584237669,1.13947819671339,1.72130668784126,6.20068542985828,1.27267096864361,3.24179305997921,6.00831096012137,1.47134080180794,3.85483831335784,5.96505409224222,1.5984659347155,4.54760111015915,5.88011752178697,1.75113673209478,5.24534595452806,5.75381143146751,1.93855437301826,5.75327614057913,5.42324954566825,2.20142719147946,6.05262554286844,5.01858352289439,2.42994112037114
-0.938393495079696,7.84877130060945,0.959076125119652,-0.738325801532447,7.7076684121268,0.974339856803676,-0.547250301855793,7.60772646220805,1.00243495593008,-0.228809895195792,7.25253222975377,0.847781849623607,-0.15807911181645,6.87094024349861,1.10379163072967,-0.154932147310403,6.40339974063852,1.02518184207497,-0.0138960485087283,6.42822283053353,1.02829026692963,1.81033217420537,7.14350266084693,1.38950276699993,2.14569502950306,7.08826412411289,1.36077583234311,2.42141641957052,7.00183019398378,1.38478593119961,2.29979417615747,6.6952340821073,1.00644898587948,2.39330722147734,6.38292209598657,1.37673382983607,2.26839323125337,6.06851980583014,1.3819134899114,2.52455005311744,6.04618616465322,1.42213677960434,-1.741858401665,6.73425031175406,1.23548841868304,0.555773729606603,6.42437614361907,1.06338420173207,1.13376703110204,6.36567998802465,1.14261046663374,1.71706856669277,6.20600822407454,1.27234272718287,3.23194272462014,6.00537950001019,1.47004250997921,3.83830665106662,5.96555368822858,1.59907566252921,4.53640907168771,5.88008143791454,1.74906815351441,5.23840685815475,5.75208481410915,1.93675512235698,5.74682903493369,5.42901260483161,2.19690526902247,6.04953310818734,5.02071759783907,2.42716248063002
-0.93666449947077,7.8491300650103,0.958961698891079,-0.737766115960491,7.70726916659655,0.974059558595881,-0.546530189269477,7.6069099016864,1.00171011862131,-0.228827073527532,7.25259178835233,0.84788458927529,-0.163184296684211,6.87000747454211,1.10729681237717,-0.159030401369525,6.40630602434044,1.02487566593172,-0.0174477745171026,6.42322943089717,1.02468497213734,1.81198436395617,7.14313350386241,1.38980405937595,2.14535892185666,7.08780685170377,1.36057914328515,2.42060168233766,7.00244265856293,1.38736430739498,2.29905228989806,6.69839851771597,1.01161851830614,2.38962730371458,6.38646978675896,1.38155202965681,2.26730848168725,6.07189229062745,1.38855417413371,2.52226469899084,6.04858585540715,1.42472864356667,-1.74588340700557,6.73442282925617,1.24205855297497,0.552406037588625,6.42679088888636,1.06660476831919,1.13156051314514,6.36774714306677,1.14423922282573,1.71410883081219,6.20607407305147,1.27532318821624,3.22397830083416,6.00959831701808,1.48379364196323,3.8324254300431,5.96236012542172,1.60422330800901,4.52833903770257,5.8814176767362,1.7492392945034,5.22545898788326,5.7566751796145,1.93632349127838,5.7419457005574,5.43340688923506,2.19426303436842,6.04650677266785,5.02285153713256,2.42392307056231
-0.937114945005325,7.84835376428876,0.958884817157362,-0.737345635569583,7.70643972106153,0.97591922585444,-0.546646826254782,7.60473045982271,1.00337683756112,-0.232791609129326,7.25313531193779,0.847001254081504,-0.164615568746335,6.87255922153094,1.10912614937582,-0.164635034143309,6.40799957621212,1.02677246786701,-0.0226728468876171,6.42678333485613,1.02793429941379,1.81034517945957,7.14213261891856,1.38838781978155,2.14782546128047,7.08604283441738,1.35724545325718,2.41966030051878,7.00378978662196,1.38818490495517,2.2955471294423,6.70071627262018,1.01296000241793,2.38707892887338,6.38780616516832,1.38595901635042,2.26828337739807,6.07465703144694,1.39423345245972,2.52149206867269,6.05209445270714,1.43161152299853,-1.75132085496564,6.73746023197784,1.24792153392045,0.551145788563733,6.42603364578398,1.07220177259117,1.12891873180865,6.36812325619699,1.1467096491191,1.70952387453909,6.20736788737876,1.27974463620435,3.22709036089315,6.01278504645904,1.49467268277074,3.84013059704762,5.96473812246512,1.60140035136643,4.55489691032881,5.878730632843,1.7506079487032,5.22786083982759,5.75460922407717,1.93749358207731,5.73550448280198,5.43986968432816,2.19061834900643,6.04337090609245,5.02318614949704,2.42105498816954
-0.933847329281018,7.8488286099145,0.961110843383878,-0.735470295284518,7.70721001415492,0.977777428452523,-0.544333721501476,7.60403712062717,1.0041554413747,-0.232638999937245,7.2531765209078,0.847115331936962,-0.169103498349716,6.87365510896032,1.11260193956698,-0.173771375383521,6.40910951819471,1.02909956027145,-0.0257300891325563,6.42658433913052,1.03803324671695,1.81021919753306,7.14243074672028,1.38817178959446,2.14611360553794,7.08657991114912,1.35887049542738,2.41774388978218,7.00587275812929,1.39086650020316,2.29436352568808,6.7037085897652,1.01659758519062,2.38523645831901,6.39050081776683,1.38964882330041,2.26278170066765,6.07769662248185,1.3978054300763,2.51697552263049,6.05602896186847,1.43790386170447,-1.76078453468518,6.73712302895061,1.25583314254894,0.541870622998347,6.42999161958859,1.07280108729149,1.12107496365381,6.37398862817493,1.15426008386327,1.69931600294724,6.21553320228748,1.27926689612666,3.19230091955371,6.02296933268699,1.49404039320152,3.82853769957205,5.96315667053109,1.60758802254932,4.52563380255844,5.8807991980809,1.75545483124884,5.21279895998504,5.75722214582763,1.93763711168855,5.73089840254003,5.44248202872364,2.19018220350788,6.04032262860151,5.0248115033822,2.41787433608393
-0.931607665995197,7.84768348286854,0.96265427305936,-0.733948170439783,7.7071114662031,0.979852872487638,-0.54314122200767,7.60259933680606,1.00464538897172,-0.23212868499615,7.25199783355566,0.847786318540029,-0.171960801642226,6.87377678703243,1.1153996409645,-0.180635736452338,6.40854258428393,1.02932662428924,-0.0312947329343112,6.43052771740231,1.04256320797901,1.80991916846344,7.14235454962174,1.38768286411417,2.14537467853136,7.08700753972991,1.35898874118828,2.41994945747049,7.00616974695971,1.39267847213201,2.29420407161659,6.7073091914248,1.01726932908759,2.38116542624562,6.3948439408266,1.39539713812575,2.25689597729852,6.08117914207108,1.40148692457036,2.51088342894452,6.0627631606042,1.44396661034613,-1.76615741477729,6.7362759264805,1.26408128483776,0.539263783728284,6.4312815971246,1.07728173948087,1.1194529931513,6.3764425382067,1.1586620720776,1.69382679578911,6.22529440467443,1.27697451409417,3.18571086590995,6.02470790479622,1.49398239054979,3.81447700776885,5.97018157154966,1.61288861172698,4.51963930750313,5.88169968129318,1.75675634764344,5.21163049452845,5.75646822920494,1.93863659373476,5.7169979813568,5.45007343006025,2.17811362272403,6.03680302374133,5.0268707044216,2.41439740204321
-0.924599757504933,7.84256378481234,0.961968483374291,-0.726860995158705,7.7076174852976,0.984100480419754,-0.537204864523022,7.60465546360146,1.00807545017614,-0.229581451041041,7.25134746842552,0.845731212729687,-0.174386048152159,6.87274513787884,1.12127825777805,-0.183935897332711,6.41028564151283,1.0413908952612,-0.0348528147361046,6.43002010263634,1.04932629584179,1.81039870582182,7.14198939872432,1.38719047528717,2.14342650529305,7.08667338393942,1.3583747452357,2.41975300113794,7.00645185402297,1.39237457289012,2.29464740816249,6.70756167523378,1.01881969966876,2.38148184670399,6.3964545754247,1.39675723031673,2.25152764992784,6.08467889412256,1.40483162392617,2.51053992698168,6.06259197488751,1.44369746752324,-1.76946396394602,6.73956086995826,1.26832949601039,0.536012422344043,6.43390506634026,1.07988156645158,1.11936641889326,6.38124754800943,1.16011033254801,1.69072972664208,6.23013425646398,1.27836472754258,3.16290437624041,6.01875498088601,1.50636661661255,3.81636087096098,5.96768328694152,1.61838100044936,4.52484491707315,5.87825836902106,1.76155916953534,5.21322975338547,5.75269847733892,1.9406211725821,5.71533749526644,5.44871910819324,2.18043800001855,6.03323069717635,5.02691507016692,2.41115175927713
-0.922142938848871,7.84243309798817,0.962258958683422,-0.725649343744835,7.71184151536882,0.992848668488956,-0.534976436888971,7.60277702781651,1.00732945127759,-0.22987301803669,7.24971056766632,0.84656391479423,-0.178079491719432,6.87168399418919,1.12551554062865,-0.189417821368097,6.40656906560454,1.04014165147715,-0.0425632405969934,6.43004083780381,1.05216580506542,1.80827308080253,7.141980814606,1.38605301129959,2.1416831175349,7.08880007108507,1.35915746749597,2.42003432384237,7.0017716574876,1.3858858527858,2.2956560336721,6.70920430643321,1.02194646047241,2.38029381976421,6.39989227953434,1.4026657301696,2.24720351926229,6.08765913967751,1.40897471939653,2.50273699512504,6.0681849082434,1.45266346785725,-1.77439545395344,6.74086639766093,1.27457011881438,0.53585496801519,6.43759309877897,1.08068585628568,1.11724586304487,6.38354344763823,1.15673772465573,1.6905865322559,6.234390680612,1.28027218385435,3.18815273154372,6.02355941453981,1.50130953521276,3.81995286861628,5.9655437222893,1.62048724766005,4.53626430629228,5.8788595986933,1.75870043052637,5.19844212983577,5.75357752428591,1.93655484090122,5.71038712564211,5.45140619646517,2.17798360750554,6.02874138079573,5.02874429354258,2.40541427763187
-0.921485978203711,7.84225382122943,0.962724442394974,-0.724149525864728,7.7100796774823,0.993263250602322,-0.532084264356124,7.59945970523773,1.00669374776992,-0.227773469753665,7.24638517752769,0.846294179550761,-0.181431207568218,6.86923577448794,1.12539055734992,-0.195715607156546,6.40773244450161,1.04285096297439,-0.049163232865834,6.43309751956461,1.0551448816969,1.80753448948462,7.14103344201364,1.38528190723709,2.13934170805818,7.08884670074744,1.35998650634039,2.4179982185795,7.00189072631041,1.38614558922301,2.29470983585843,6.71260305678406,1.02488972317623,2.37723688610703,6.40238881775539,1.40405245674078,2.24334821661176,6.09216378378116,1.41127242615598,2.49592723936773,6.07357017136043,1.45587176832889,-1.77896646349763,6.74197196799419,1.27742319480347,0.530085414042591,6.44013086547729,1.08299680665614,1.11362686946997,6.38979306189463,1.16448171698911,1.6850518678487,6.2370739753814,1.28251416263076,3.17952017269425,6.02578733972967,1.50541271010088,3.80784172962387,5.96510198860023,1.62557176113311,4.5134997132274,5.88139588796579,1.76490412066094,5.20376501402261,5.75386822771532,1.93985579125807,5.70644655521535,5.45359409924671,2.17528950910375,6.0259321528357,5.02945114102507,2.4025607316855
-0.921170800700803,7.84236194483804,0.963028032421268,-0.723917854630925,7.70886528704491,0.992152074239632,-0.530994522234162,7.59823081494586,1.00581724646699,-0.227796036299167,7.24316081726999,0.844847082483281,-0.183121436844629,6.86711517334508,1.12698599788472,-0.195078763994734,6.40974972420776,1.05340753139845,-0.0496416390870114,6.43268687117141,1.05991921419491,1.80705941982261,7.14064748556825,1.38476774480854,2.1379244272318,7.08799595618037,1.36055157942693,2.41707500936529,7.00468043048187,1.38995432450253,2.29230874501023,6.7147192001151,1.02938913201698,2.37125548440962,6.40647329899148,1.40962494390073,2.23577259141331,6.09282228229612,1.40697141188158,2.48703822340539,6.07206452997181,1.44876222546084,-1.78535669311313,6.74186992673721,1.28495080229336,0.528721313012131,6.44004834187317,1.08678910623523,1.10527847096771,6.39096462638165,1.16662312859241,1.68365688400221,6.24309017906259,1.29147264401472,3.1591253572999,6.02449285412369,1.49912674630223,3.80210108528582,5.9634951567535,1.61786651193642,4.50489715075543,5.87991026629651,1.76230930261836,5.17935363899429,5.75766386149586,1.93568504530093,5.70068069398719,5.45483901525325,2.17335474018053,6.0224998763539,5.02899154812511,2.39786641302423
-0.921765904749272,7.8430749691541,0.962589379674231,-0.723376866156492,7.70284741898323,0.983586315643508,-0.530224220486726,7.59761650110925,1.00532280815342,-0.22971095130057,7.2455115681669,0.84508349000617,-0.187413445750673,6.867171102633,1.12880226341362,-0.200179470477659,6.41033552672483,1.05304714425554,-0.0537954560187271,6.4341604990549,1.06298290241635,1.80660456631998,7.1410422338617,1.38453118924905,2.13582799418441,7.0882054093312,1.36028779918135,2.41444025327316,7.00339031543204,1.38906514499505,2.29369417523388,6.71587989348424,1.0343189453849,2.37038092186296,6.40834559263281,1.41410223580712,2.23339116814958,6.09429909040226,1.40940961987881,2.48702121755947,6.07129697014461,1.44958289464568,-1.79008777000577,6.74134308191507,1.28885299110096,0.526920263236742,6.44310535378068,1.08837169286744,1.10116558944927,6.3923936905156,1.1701779486726,1.6794646478563,6.24680809864211,1.29197363636796,3.15329066531271,6.02073917475314,1.49830337387347,3.77672321588151,5.96670748362238,1.61552090892235,4.49804577168774,5.88153874399365,1.76560898828693,5.17014615479973,5.75690106040964,1.93436035297863,5.6966810848175,5.46007686666088,2.17208324174565,6.01877999709631,5.02922526096548,2.39361412153746
-0.921211294731373,7.84258510787115,0.964318048527503,-0.723199607407374,7.70219234579787,0.983596472236673,-0.530228645620153,7.59669441180013,1.00445429053479,-0.230678936944421,7.24320681198299,0.84408772799795,-0.191235340237888,6.86655929732398,1.1329911045175,-0.202140406171073,6.41071437483804,1.05649030706667,-0.0555524258663064,6.43419211195778,1.06612825928061,1.80544048574256,7.14057869542582,1.38338587927475,2.13225144077102,7.08917254015302,1.35991403776786,2.41630338168058,6.99912486475256,1.38528786828959,2.29143769469669,6.71595005954736,1.03745696735772,2.36731090415763,6.41155946991604,1.42072247581808,2.22849952533645,6.09610744765749,1.41243070667834,2.48261885840107,6.07147044898046,1.4547522268977,-1.79376374804948,6.74079919110618,1.29282060796269,0.522406462832707,6.44231310284659,1.09281306322492,1.09831708262855,6.39514018081235,1.1729845896331,1.67374487443342,6.24825276230006,1.29350607008785,3.15737776563375,6.01980194100134,1.50363424746264,3.78197715081457,5.96675244275412,1.62249341182621,4.50507872346412,5.88121112149936,1.77042973773468,5.1692129255082,5.75741277929626,1.93659673411811,5.69101569393362,5.46221476818352,2.17083127229773,6.01437048669217,5.02867681684953,2.39114932745123
-0.919933839424614,7.84178409990581,0.963802785007864,-0.722892022337758,7.70103321145411,0.982820666788699,-0.527697411654715,7.59595289939796,1.00378412435262,-0.232406353793522,7.24069780754193,0.84259630908112,-0.194680546962014,6.86692504908706,1.13487262103493,-0.207236728171846,6.41112904971701,1.05789392784635,-0.0599454884230223,6.43509592963033,1.06792588683107,1.80687231456842,7.14076859140197,1.38518883480406,2.13104582242271,7.08923747435245,1.36077729971072,2.42167607311085,6.99613082552355,1.38415162993521,2.29433246090481,6.72117723236794,1.0425955853407,2.36369847212135,6.41109650103958,1.4148863296121,2.22304784526714,6.0999860267668,1.41663454756948,2.47869281443369,6.07508060518603,1.46594190417397,-1.7981967283823,6.74006013077471,1.29943982098063,0.518911018543547,6.44416041275364,1.09606858594812,1.09439109594388,6.39636701016142,1.17504712468658,1.6729699018187,6.25391945582568,1.29319775646342,3.15467822995867,6.01971900470406,1.50894047856624,3.7908905021605,5.96148244464381,1.62282012869566,4.50707625785047,5.87888906680871,1.77483950509532,5.16620790375815,5.75639328487681,1.93835061025142,5.69002731606337,5.4650636566375,2.1702150611613,6.01004737838466,5.0263917240306,2.38841727645444
-0.919435806540728,7.84241515474061,0.963972440401303,-0.721258893105211,7.70367430346425,0.981999914183348,-0.526552038172938,7.59604047464948,1.00127300022149,-0.23701657014029,7.24230067756238,0.845598245780343,-0.199103858211574,6.86606923037569,1.13365784183267,-0.212829934052759,6.41100010886797,1.06038564574771,-0.065995972999939,6.43559054128122,1.07068403908163,1.80618117143148,7.1408109791762,1.38583993547632,2.13214228650748,7.08903630712955,1.36013575476958,2.42437023079921,6.99402380089934,1.38322770060333,2.29551751381594,6.72003148265667,1.04815859827941,2.35746320569656,6.41520330541435,1.41950761060249,2.2145032146419,6.10812399087837,1.41663234846607,2.46738472020303,6.08628232275148,1.47023621292868,-1.80193670871516,6.74224975526879,1.30307814382286,0.513560015298651,6.44554149903292,1.09805252411747,1.09018624648258,6.40007993889147,1.1745817031418,1.66174484874256,6.25966757936737,1.29268505662638,3.17174509714128,6.02073936228251,1.5203429003557,3.7920219935948,5.96149442880786,1.62362880879106,4.52552720796492,5.87366547559932,1.78195764305451,5.18061821527085,5.75185036949072,1.94057371794782,5.68994173500385,5.46379639960596,2.17075994297629,6.00540523384762,5.02435550338368,2.38402164289511
-0.91895258107322,7.84262169236839,0.963769573899425,-0.718630665356469,7.70874229534479,0.980334580910143,-0.526726934137413,7.59453769272249,1.00126062820102,-0.240042744818449,7.24020963531825,0.844918522182023,-0.202531989193953,6.86569113231019,1.13342045563799,-0.216969224692369,6.41185822110748,1.06184445030748,-0.0698811795503783,6.43690348288988,1.07225552018386,1.80993368811868,7.14190704971107,1.39025646401899,2.13447741363891,7.08728987702639,1.36155087987358,2.4357744677418,6.98709007810276,1.38035418068876,2.29414358887462,6.72028000637564,1.04548404743344,2.34921045332003,6.42039612070761,1.42232192593995,2.20520766577511,6.11343002551259,1.4176894907726,2.45832116135495,6.08971014107121,1.47377599263692,-1.80724130195287,6.74122852990529,1.30728914411848,0.514178553084216,6.4459381560954,1.10453112696537,1.08363487243125,6.40283534833116,1.17505827547686,1.65271243551241,6.26645364420606,1.29231959088179,3.16841050593581,6.02641100365782,1.53067222910925,3.79362424456012,5.9584639423755,1.62848717548663,4.51465373516411,5.8752147262687,1.78201309031095,5.18083402135413,5.7504047116107,1.94452888006727,5.68529414290715,5.46470151529945,2.1705587022882,5.99957038096613,5.01963458636677,2.38497150050559
-0.918275770047963,7.84267204491677,0.964758009785708,-0.717901460644809,7.70942723021027,0.980775277710665,-0.525341016000949,7.59561697188205,1.00272693560102,-0.241248139839906,7.24062894214494,0.845939290177499,-0.206768856999645,6.86537492437349,1.13299990209034,-0.223594128952249,6.41308080954184,1.06289335906425,-0.0781505405385495,6.43916255180185,1.07329510944045,1.81011873110922,7.1420111845521,1.39005935216242,2.13658698827761,7.0870496947559,1.36276077253542,2.43916590782066,6.98217400408123,1.37597413649026,2.29218281702759,6.71946508305177,1.04101580992386,2.34214910428513,6.42363739046563,1.42505900125373,2.19651568520733,6.11944952671049,1.41950625787875,2.44857348363108,6.08961148309051,1.47472732535574,-1.81272867935432,6.73953838676313,1.31112528579266,0.507853847689281,6.44933629375843,1.10307786888307,1.0794304183101,6.40807943372456,1.17137106779493,1.65441171242886,6.26690066487458,1.27915434175534,3.15672942838392,6.01473714111268,1.52361579584039,3.77339333599456,5.95956668892195,1.62854475744856,4.46633505731172,5.88204827536908,1.76614766385123,5.18210561473897,5.74788932889907,1.94529413996761,5.68386262718448,5.46228450325903,2.17183650777893,5.99461848422917,5.01939807297779,2.38056886217106
-0.917527525148454,7.84253800295175,0.962808643066693,-0.718798909766488,7.70522995966928,0.984663655830705,-0.525557624518595,7.59589443200823,1.00192097019405,-0.243455689655364,7.24116432015776,0.844780222168715,-0.210938007523251,6.86724585381836,1.13601268450945,-0.227056600055484,6.41524090019086,1.06366209526588,-0.0799033360678206,6.44121410420512,1.07424744708433,1.81082030748133,7.1426940802424,1.38957249181322,2.13930592829878,7.08689057480666,1.36316736857315,2.43878812385155,6.98358926107131,1.37570906271264,2.29289921976746,6.71895063282778,1.03960402074484,2.33826354344651,6.42396997873959,1.42383572753628,2.19336457625855,6.12289038934347,1.41743960191019,2.44258952571411,6.09103226878773,1.47243244530673,-1.81799721922557,6.73972923505178,1.31052268976238,0.505204370600806,6.45197905540214,1.10226930546139,1.07557010175898,6.40706122111586,1.17522819524162,1.64944066523588,6.26735823142837,1.27944781062549,3.12014430229938,6.02210429518916,1.51443623145818,3.76894238208676,5.96208571627637,1.63127721570729,4.46493742869635,5.8815760233478,1.76575663521598,5.18108803583357,5.74766554667251,1.94511829750083,5.67940874762058,5.46892605559997,2.16602764101296,5.98969817892228,5.01987740198157,2.37717944196256
-0.918480770562326,7.8419539757467,0.962314697024645,-0.719651481145706,7.70519152851726,0.98441554488701,-0.527509989360845,7.5965014037207,1.00170619005177,-0.245571484785804,7.24161671998522,0.844232863385998,-0.217070120585933,6.86767236575831,1.13829693243179,-0.236068023830126,6.4170579305333,1.06382955552931,-0.0856717834042449,6.44350338643904,1.07387917280464,1.80857800551604,7.14356133971194,1.38947353117511,2.13776891681688,7.08740572315546,1.36246862254508,2.43860986436869,6.98493050147904,1.37817738712118,2.29226215259117,6.71948612386832,1.03549664483106,2.33554212770278,6.42447807352675,1.42344150970246,2.19016191402527,6.12593824346549,1.41701449032676,2.43650892187972,6.09105236027752,1.4707149848358,-1.81918259341486,6.73661193265986,1.30915974182221,0.503296478945017,6.45663528128807,1.10011029005462,1.07708522681541,6.41065552067398,1.17375007870971,1.64330528868583,6.27206985152769,1.28249248997392,3.12811264508165,6.02723925156577,1.53071908398311,3.77299462432638,5.96013786492539,1.63560946501732,4.462024540359,5.88411295220843,1.7672697246299,5.17363210115618,5.75062368161244,1.94605872866409,5.67635540205037,5.46902737842531,2.16559920622886,5.98308159387107,5.02238861175535,2.37404977052476
-0.91818461196505,7.84315025988954,0.960419566636827,-0.720225974995808,7.70630294289516,0.983393022097825,-0.529026278754381,7.59943066247828,1.00210349676166,-0.246874066673199,7.24301268874654,0.84453155267008,-0.219575925998384,6.86861977192404,1.13873259313499,-0.24208127665391,6.41792830679135,1.06366199835805,-0.0909506091794212,6.44422294472689,1.07332517469916,1.80848014905228,7.14347528931496,1.38756652885771,2.13700757305613,7.08715923397006,1.36086043153036,2.43886068334425,6.98550089568329,1.37535153700731,2.29013111277715,6.72037471606158,1.02924399940478,2.32993855341659,6.43061768106975,1.42761168902034,2.18929442765622,6.13128183292256,1.41359655462773,2.43390437855222,6.09544836309286,1.46764292458436,-1.82463346046355,6.73453540208627,1.30988356331479,0.496602503192506,6.45792153603779,1.09967451426318,1.07376116594657,6.41227720026903,1.17312042399745,1.64313384693181,6.27554943116511,1.27966282412403,3.13435849841286,6.0207570016948,1.52375608746185,3.76576413141782,5.96108845656431,1.62786885716364,4.47292173793368,5.8777944764845,1.7832639647749,5.17209821728976,5.74989282289757,1.94276336722172,5.67350227864022,5.47100280834094,2.16269065918469,5.97826424159379,5.02405995264771,2.36872882349753
-0.918065177325647,7.8432180679007,0.960248631902198,-0.720776776541138,7.71101827593196,0.990370826879653,-0.528707232253847,7.59890852718579,1.00293848602412,-0.249833130166602,7.24374804240124,0.843109962600646,-0.224151735309019,6.87151023506151,1.13747933999753,-0.245040064497517,6.4200931769082,1.0625924854082,-0.0947492050257103,6.44593254170841,1.07244360748292,1.80862448694615,7.14374101435296,1.38875319951579,2.13511541878517,7.08779100469348,1.3600697718877,2.43765218262992,6.98621730642292,1.37394446508085,2.28838890409576,6.72283198932097,1.02783029560294,2.32687764638043,6.42792637874439,1.42179594681172,2.18466416517368,6.13225359222969,1.40781381088026,2.4307358947959,6.09280639145511,1.45802197572237,-1.82971291194364,6.73242364961926,1.30836439887604,0.489904897364525,6.45812577005725,1.09934546190156,1.07041220100224,6.4119249566403,1.17166350477254,1.64219279952604,6.27243907389284,1.27464506976085,3.12972639121571,6.02156337922979,1.51786675230583,3.75513920116309,5.96143775092007,1.62132375406701,4.42160383932798,5.88722685339665,1.75124620755883,5.16746214831091,5.75147372256191,1.94172700839849,5.6748873348747,5.47378759974761,2.16322527146208,5.97166608389719,5.02359100624458,2.35909777753384
-0.918335272412851,7.84324231250177,0.960726593314282,-0.716665731752742,7.71292074550496,0.988209674181411,-0.530001197667628,7.59935543464116,1.00210003736255,-0.25176114972326,7.2427576935016,0.840579809883799,-0.233058401639734,6.870946897535,1.1330446118368,-0.253056674330794,6.42130745445212,1.06134460082791,-0.103686667253019,6.447643472687,1.07003165155593,1.80717299110065,7.14283951189697,1.38549276730477,2.13131852681713,7.08693424700016,1.35789003506548,2.43286167611974,6.98760579939732,1.37437059617792,2.28537116074059,6.72094308438833,1.01885814834984,2.3222906347407,6.42983603148597,1.42048509370218,2.18075949531525,6.13176243139145,1.39937936000524,2.42561703066111,6.09475141085403,1.45581369411706,-1.83443424045129,6.73084660333001,1.30841235612747,0.48281181496993,6.46067231753144,1.09642880884138,1.0645771329802,6.41162765867571,1.17150313351464,1.64060537307085,6.27483901767004,1.26964918529249,3.12154069953337,6.02507138126042,1.51944644097684,3.77317354301034,5.96220708053546,1.62285286263464,4.40237674764176,5.88137810163554,1.75960088896237,5.14184398249151,5.75745885683348,1.9385486524455,5.67046398012243,5.47761499664634,2.15972042676527,5.96747248903321,5.0217172232438,2.35057846755392
-0.917658682418265,7.84256065360313,0.959918026508826,-0.717704506759514,7.71631675574297,0.985778684223601,-0.530185277523984,7.60088959580074,1.00202547599458,-0.251800231040537,7.24212168081092,0.83942360635836,-0.233826256888605,6.87031253301804,1.13275481226381,-0.25472066624826,6.42093834447953,1.0611112607245,-0.104320889999876,6.44781971590833,1.06933498752946,1.80686856356401,7.14399842493182,1.38662911164123,2.12966951463626,7.0865798507805,1.35765871559972,2.43228526287552,6.98699359173597,1.37464146058054,2.28256190562946,6.72070525725627,1.0166999157808,2.32058462421999,6.42762686797855,1.41529250371755,2.17959476829677,6.13185641872006,1.39453407720434,2.42352009559553,6.09265486458746,1.45022670294586,-1.83697927644801,6.72967229977626,1.30771264563243,0.484743457112667,6.45912327062129,1.09632044780197,1.0656597800533,6.4134854331904,1.16785025713221,1.64155173035321,6.27613300141149,1.26704965760156,3.11315202041418,6.02040647283665,1.51387025452594,3.74530961061684,5.9610794987441,1.62516889061417,4.3956464396629,5.88099592304057,1.75400469907992,5.12868400919033,5.75725313163083,1.93292540832554,5.6699345120224,5.47689141118303,2.16287885904865,5.96508777378154,5.02018869923026,2.34360394872541
-0.918079638749057,7.84278178479395,0.960936305511898,-0.71806969975793,7.71627898541891,0.986030346847723,-0.531524905708676,7.60129727655147,1.0018559602015,-0.254274745824892,7.24361886391233,0.837967943747794,-0.235668873246569,6.87191404738096,1.1302881589628,-0.260102438792699,6.42308698220319,1.05917083358734,-0.110082181774757,6.44945613306772,1.06650933872121,1.80646262353607,7.14351636476351,1.38974365849784,2.12658940824457,7.08164640758146,1.36321398602507,2.4289468972302,6.9884354877858,1.3755232726436,2.28115466171772,6.72106099580299,1.01294970128659,2.31855922651148,6.42673752296556,1.40944173359624,2.17528071798742,6.13595409721785,1.38716545626476,2.41841156697457,6.09218816355904,1.44225696710213,-1.84132282502933,6.72723737755739,1.31150362299279,0.482134159781035,6.46056850225189,1.09337954563023,1.06301100843671,6.41743233326212,1.16388656271873,1.63802471448782,6.27962551660131,1.26269564267767,3.10595145374066,6.02226681783159,1.51760498354001,3.73838228644152,5.9606833182787,1.62254647616823,4.38962313178954,5.8796940773756,1.75455001763226,5.14421744020825,5.75253509993009,1.93588243612581,5.66713771242566,5.47758875609805,2.16222992809995,5.9607081532667,5.02098978925469,2.33725122852907
-0.917369758300753,7.8425764203532,0.960283179774631,-0.715605268120213,7.71146654822228,0.978720204206481,-0.531652015258472,7.60011193360318,1.00203610341431,-0.255479689286648,7.24277984100987,0.838327459118285,-0.237858979570867,6.86908687658567,1.13034407707587,-0.265357147331283,6.4218755211282,1.05989045706444,-0.116280334665198,6.44920503609534,1.06547745327644,1.80257964889417,7.14098727520887,1.38366164207821,2.12640515481714,7.08786502288878,1.3593123704887,2.42641680794651,6.98979873657285,1.37792500515413,2.28409393211033,6.72209928919336,1.01517042217428,2.31562174931872,6.42735908818459,1.39910689890894,2.1739327858156,6.13419726088769,1.37736017377742,2.41308516934727,6.0921885989645,1.43892805643532,-1.84497069293574,6.72445948536901,1.31288173642401,0.47765091151759,6.46011700061579,1.09173898196774,1.05910469901652,6.41610551349296,1.16298640908303,1.6330254196575,6.28153758617351,1.26131122805233,3.09827933093688,6.02855122051703,1.52785696049042,3.7398715463716,5.95910426704046,1.62635091929962,4.39132140460062,5.87833509742396,1.75686265180284,5.14164269894591,5.75125199035933,1.93559974230017,5.66314954351692,5.47833749375794,2.1628193105307,5.95683538617497,5.02305797614127,2.33011922614521
-0.917516380082894,7.8421660845913,0.961714371192422,-0.716035742939887,7.71132129060756,0.979412867500477,-0.530937514069466,7.60031100881879,1.00125041136421,-0.254373392407336,7.24284823032507,0.83726211649701,-0.238476718061213,6.8700952378674,1.1304488756361,-0.26972872135366,6.42136420581632,1.05930291397353,-0.116128562755756,6.44825856625787,1.065701777922,1.80276100995565,7.1406582932321,1.38224556485263,2.12737728121388,7.08829232320997,1.35881108648264,2.42143227268332,6.99234592525529,1.37860468637583,2.28550073394612,6.72045957090484,1.01558526714641,2.31581855661759,6.42332043687681,1.39795550992817,2.17116043483989,6.1290558239649,1.37408392343409,2.40442461025089,6.09133604098849,1.44123946953962,-1.8488418399153,6.72204303308741,1.31415096132426,0.477259461226278,6.45630984562183,1.09115171455363,1.05951123879928,6.41422654863746,1.1523452340637,1.62818817900766,6.28167737892665,1.25980979124891,3.10194775571907,6.0264976737231,1.52703639285125,3.7327187551827,5.95406475512192,1.62561854838331,4.38412619800009,5.87642148645766,1.75792150319982,5.1413831378002,5.75262036434111,1.93474885730214,5.65828630456299,5.48064829876203,2.16259575693384,5.9516239663343,5.02454907827201,2.3225538921343
-0.917363740526375,7.84250203692989,0.962398031587817,-0.715832086812088,7.7121135903752,0.979128913669154,-0.532191820434157,7.60068718421204,1.00077995733868,-0.256981028246584,7.24328769980476,0.83530806589135,-0.241877470333381,6.8691989751122,1.12979439331217,-0.273971095053119,6.41991291308385,1.05739266194923,-0.120307371938711,6.44793004301106,1.06298775826792,1.80344938465116,7.13956258190417,1.38297491301552,2.1278485309387,7.08735274757251,1.35916950557023,2.42293228979445,6.98961672995762,1.37572662055813,2.28281962592763,6.71962307468941,1.00564889998158,2.31276688992758,6.42358182107987,1.39483321024399,2.16245841966767,6.13130154077986,1.36526494633258,2.395321149658,6.09316260569736,1.4383744677343,-1.85272649138514,6.72252797851743,1.31353450643919,0.466574899438335,6.45625326371338,1.08996010877241,1.05015059434156,6.41353213336797,1.15026131977553,1.61183953933614,6.27999533817609,1.26085524390022,3.10473750578018,6.02279069952623,1.52499746549892,3.79659172871158,5.95691421133338,1.62475357837523,4.38471949715031,5.87558851225576,1.75747604240463,5.16109265843796,5.74345872026553,1.93988722621836,5.65538459918151,5.47775251064376,2.16290418972367,5.94592833032816,5.02407557815235,2.31378697691896
-0.91855937671117,7.843013943735,0.962087356637682,-0.716060114479812,7.71181979367013,0.977626614685824,-0.532393210350934,7.59951972517684,0.999179426517834,-0.257112440975602,7.24417142365395,0.831028841278279,-0.242890995147485,6.86798710376364,1.12781656705189,-0.275067357648468,6.41876845429776,1.05735546134094,-0.12016803378195,6.44577005620698,1.06241911851092,1.80297509989967,7.14006025204488,1.38309327636056,2.12830134173192,7.0887117793677,1.35734249351167,2.42180008997025,6.99041432900025,1.37501868387866,2.29257287968189,6.71638556084847,0.993540377715604,2.3098504660778,6.42536802562823,1.38735653867849,2.15547408796208,6.13625917475288,1.35983104861863,2.39407459266606,6.09279870564655,1.43723040809902,-1.85537584830852,6.72182252258146,1.31216581453551,0.465967255012608,6.45703787695641,1.08761429146458,1.04894316328607,6.41546725427018,1.14615031061168,1.60750874498062,6.28191671895915,1.25723411388788,3.06191333637526,6.0227569260433,1.51546109373594,3.7254999073837,5.95441749312906,1.62121761195278,4.37807206497951,5.87648767688577,1.75494770820525,5.1595706650466,5.74377356424017,1.93861650923739,5.65034310826522,5.48159861007659,2.15855444848093,5.94017007091117,5.02547089036019,2.30563198876071
-0.919403613249896,7.84294069444273,0.961545961130319,-0.717355929234451,7.70824256434584,0.980634512256467,-0.53367496408142,7.60059669869005,0.997924497906356,-0.258905703043748,7.24541830960081,0.827689188539959,-0.246115189418596,6.86645650813983,1.12305693768716,-0.277709067978817,6.4161834123226,1.05496614598362,-0.123038519795634,6.4435009015101,1.0598339398755,1.80310804679845,7.14067058564369,1.38367627909861,2.12785889373595,7.08900229559884,1.35711546921272,2.42110621610897,6.9908821069336,1.37299718050927,2.29095164543449,6.71768274930835,0.992112858019671,2.30514243165078,6.42502847809566,1.37996922293307,2.139168206901,6.14587335391105,1.35680748471226,2.38712115083418,6.0944219236551,1.4353847177685,-1.85857164338423,6.72441873495037,1.31455721533063,0.458590324079578,6.45593376643426,1.08658724457683,1.04122499787533,6.4185481969158,1.14147028602321,1.59637310656779,6.29091696487627,1.25041249857869,3.06030392433637,6.02138688029944,1.51442934435487,3.72537249975191,5.95120560554208,1.62555564910529,4.3771560121148,5.87538569578081,1.757953115142,5.15597033020138,5.74414191200747,1.93717485466162,5.64677812049669,5.48381727135544,2.1542866760311,5.93551109519945,5.02565035614087,2.29472054728459
-0.920712836445865,7.84387083817815,0.961152126598206,-0.7195923274706,7.70844855473053,0.979048444888466,-0.536705680473395,7.60142317212706,0.99803542271513,-0.262999771516104,7.24593292687292,0.827650235652573,-0.246361852747016,6.87150938807837,1.12107047190773,-0.284369091746896,6.41616599849702,1.052489701459,-0.128888591977125,6.44330041511633,1.0564820318187,1.80121384713527,7.13918028510619,1.38284202414698,2.12781445494567,7.08750109405108,1.35640991864897,2.42072502674604,6.99137472795889,1.37147513228688,2.28925629416546,6.71917889714298,0.988708697124295,2.30141931482185,6.42634927060123,1.37599256641458,2.13458888275452,6.14944614166852,1.35164097993605,2.3826549363342,6.09263385472727,1.42931350755079,-1.86338823730185,6.72071361347414,1.31018080702167,0.450094864284262,6.45729828103809,1.08220598508707,1.03251937444031,6.41865466294007,1.13964855086736,1.5906287822011,6.28967805893517,1.24933790070915,3.05892829368914,6.01906939844549,1.50996730162639,3.72875127338014,5.9530097457617,1.62711701451048,4.37612586655833,5.8746008906531,1.75703172342849,5.15378348667505,5.74416170483039,1.93806141318963,5.64640031622827,5.48583050328395,2.15269983976354,5.9301762703261,5.02618472881497,2.28036890983334
-0.920428465445272,7.84517050001457,0.960912444602775,-0.720516714247003,7.70975549913305,0.97830586804075,-0.537702505573012,7.60119397301302,0.996932882083165,-0.263159162479099,7.24418720602173,0.826184852239561,-0.250158722247326,6.87070252067474,1.11609527815419,-0.289160439990538,6.41523686969559,1.05061443006072,-0.134833100802628,6.44215322855563,1.05449578484563,1.8012970627234,7.14042694243293,1.38128820421504,2.12671053650466,7.0822232018281,1.35855611449339,2.42177059551554,6.98892896769742,1.36612514560963,2.2879804238173,6.71913244301242,0.98335692307554,2.29609773375542,6.42876764954507,1.37661607204726,2.12884077463285,6.15196857911595,1.34788557565169,2.3824199438499,6.09235371483712,1.42439242381345,-1.86639015857301,6.71788846374735,1.30457795268453,0.448030675705235,6.45312187235174,1.07821794681146,1.02654732248463,6.42004065799999,1.13686813445437,1.58359907739485,6.29192792646324,1.24589957415902,3.04916389976446,6.01870074839676,1.5093461117544,3.70710949400081,5.95729962396557,1.62708118454546,4.37620915086091,5.87538276855399,1.75726752193777,5.15646524224631,5.74160758874775,1.94014444248603,5.64402162685591,5.48757308710347,2.15177330043912,5.92603740450038,5.02932431457198,2.27274246467427
-0.922453447104241,7.84504922939044,0.961208911814723,-0.722228985779179,7.70922970082898,0.977245253413358,-0.538662177222724,7.60135399314046,0.996219620134444,-0.266199338166281,7.24501870942885,0.825401590663838,-0.25175051402081,6.87091426568723,1.11541657965998,-0.290107613733398,6.41539479039072,1.04859197187759,-0.136482729377477,6.44167333198862,1.05313971649674,1.80076660636103,7.14020835857177,1.38273192521553,2.12723130068611,7.08132073928907,1.35697058588211,2.42342316530374,6.98587728086286,1.36353147071877,2.28867851622045,6.72002590332413,0.979848260954601,2.29431846638819,6.42691107301824,1.37307139225486,2.12854326856524,6.15061001471749,1.34102274359369,2.37653685363739,6.09191148713884,1.41863012623434,-1.87105163217481,6.7134230838412,1.30188448306626,0.441948250145748,6.45484932283008,1.07502926276024,1.02382828823887,6.42195100566957,1.13350721472043,1.58121593579645,6.29246563579691,1.24418558431549,3.04344038314155,6.01778620322017,1.50446378649705,3.71144416783713,5.95301823678556,1.62466613677649,4.36749068129143,5.87520895725577,1.75787603283999,5.1245802771569,5.75329019697089,1.93157494233793,5.63812633982104,5.48189226370457,2.15537559913508,5.92194748714537,5.03355207120914,2.27015317596007
-0.920570353154566,7.84408452955893,0.961697234027572,-0.722000511993531,7.70825005836217,0.978019129845856,-0.538384524242126,7.60065884244502,0.99527574190918,-0.265557829588993,7.24417445937266,0.821096438273457,-0.254258884735066,6.8702699809577,1.1130796879732,-0.292599276365432,6.41325521034599,1.0471640606835,-0.138758630766604,6.43951675092737,1.05197316819387,1.79955888977091,7.14037058990546,1.38246690409956,2.12803072172866,7.08140390423955,1.3560887600485,2.42348451491254,6.98545933051289,1.36302552091865,2.28908341256823,6.71823730001491,0.978241788206049,2.29456359817262,6.42633433687493,1.36984253943556,2.12841480940762,6.14784399531765,1.33294681511417,2.37596021488602,6.09556428476414,1.42026502768012,-1.87494977042927,6.70882347603074,1.29728284627558,0.441597513955673,6.45060736195941,1.07712096835374,1.02737463217754,6.42605476246337,1.13063030339159,1.58611028916351,6.29345764292547,1.24368556123113,3.04017055059197,6.01902945494052,1.50415151957972,3.69326270343552,5.95486906928844,1.62438484520102,4.36253623540994,5.87477271943004,1.75861025200735,5.12294630265336,5.75114684742004,1.93296092240958,5.62635683769188,5.48975361980102,2.15718350603943,5.91716824166004,5.035618305141,2.26459499529682
-0.920108988420364,7.84434426618556,0.961007213036745,-0.722177099308135,7.70762962081817,0.97711821916475,-0.539776558726664,7.601044790109,0.995406664325548,-0.266663697979091,7.24452967285431,0.819049576846604,-0.255821462549931,6.87077605885574,1.1120515205326,-0.293022189353946,6.41441223123341,1.04478625076146,-0.138336178617524,6.44077501618066,1.05045407650988,1.80113798017449,7.13950733525517,1.38282039272222,2.12801787020494,7.08207807096606,1.35679730681595,2.42448014136595,6.98454709482656,1.36410854070289,2.28967058151512,6.71934621354421,0.977835748421446,2.29037994736737,6.42557003379125,1.36751628031274,2.12520592262623,6.14703391914215,1.33449128548017,2.37266846127706,6.09834998918445,1.41931388623843,-1.8773231418974,6.70630935460693,1.29290040156352,0.441456362530008,6.4549728626431,1.07269332055868,1.02322905974524,6.42691325957714,1.12908900935781,1.58421352216026,6.29586657556739,1.24169360214937,3.03032146571277,6.01976677468227,1.50044502303093,3.68717373305354,5.95331850186748,1.62198076579153,4.34998255941881,5.87743314195157,1.75406561488461,5.12364519335587,5.75248651834627,1.93390248056935,5.6238083970282,5.49124880170078,2.15623166639566,5.91216677629625,5.03613960305327,2.25912814765751
-0.920578633156845,7.84442319336784,0.962484177340801,-0.722504831257393,7.70823186305015,0.977546428839986,-0.54042062288155,7.60113452433271,0.996729442591709,-0.268116176237284,7.24347129979491,0.816866924759355,-0.259509299430969,6.87266574787491,1.11125096032093,-0.295993051566349,6.41415392290182,1.0425107922466,-0.141954416177783,6.44000084294228,1.04721485226743,1.80288386587623,7.13926730362672,1.38521106426743,2.12940790102612,7.08145749332821,1.35669358899172,2.42589887659154,6.98451681162974,1.36308646520239,2.28704225754824,6.71819157548737,0.972912632955762,2.28614949401654,6.42521436771657,1.36300443990001,2.12014932932613,6.14977466690257,1.34056280511124,2.3692619290589,6.09739058312969,1.41364867843866,-1.88087999906861,6.70211793445953,1.29043061020576,0.435654435757878,6.45621774686651,1.07064938301919,1.02027388649056,6.42887376528334,1.12630008617221,1.58263705289537,6.29659721469232,1.24057264998953,3.0355415805241,6.0169770639789,1.50027034980172,3.69160647870489,5.95381209967133,1.62304971377571,4.34851315421398,5.875668949617,1.75467331469679,5.08895060538415,5.75461571008904,1.93224314831312,5.62067997325167,5.4936631135218,2.15416333877289,5.90728096621953,5.03706805414472,2.25167626731663
-0.918905159299315,7.84437891129636,0.962934069211407,-0.722440141516294,7.70822201999149,0.977544664727237,-0.540865458959837,7.6007617788238,0.994961464850358,-0.269480772022027,7.24326957976072,0.813222810086446,-0.26578542963473,6.86793498398747,1.11049252349977,-0.29833349195832,6.41269325624205,1.04177645828823,-0.144136116489747,6.43939781243985,1.04550505577711,1.80167157999877,7.13905618982871,1.3846443469871,2.12789654999729,7.0821500497555,1.35492232014674,2.42441771118755,6.98524470945174,1.36321893507774,2.28464063201086,6.71953283293452,0.96871960124846,2.28041045050932,6.4241923997713,1.36054621353096,2.11723478800727,6.14713166061812,1.33494845034891,2.36772763359957,6.1013246570817,1.41431549148287,-1.88398964853628,6.6992956258066,1.28341952637386,0.432721240908089,6.45784625139908,1.06849148852485,1.01859498393417,6.43337283184758,1.12134460290281,1.5835307455227,6.29966349958346,1.23942572169646,3.03263949327245,6.01759498005073,1.50053710266835,3.68083805141821,5.95053433200369,1.62638103613778,4.33783263922888,5.87620265426849,1.75429498800577,5.079138536514,5.75805785679464,1.93149248620085,5.61910332008754,5.49624313100625,2.1518059766808,5.90471547912263,5.03896242659511,2.24475122545797
-0.920856559332329,7.84558480146251,0.964057520103056,-0.724433229028528,7.7089312856717,0.978146116540474,-0.542049459962587,7.60155523396775,0.99584651972407,-0.269650433711664,7.24191828013843,0.81107611910589,-0.26964316058913,6.86635123359334,1.10601783578467,-0.302206448667523,6.4125881131569,1.03848654389754,-0.148325365908558,6.43942857275028,1.04213720890082,1.80208121905054,7.13889583065111,1.38652954903448,2.12846938172741,7.08116462123515,1.35603404990785,2.42525877231647,6.98501892941797,1.36186614056418,2.2845982024206,6.72095116686667,0.969870046012636,2.27521006705454,6.42522304513383,1.36135153765358,2.11109380147839,6.14211787975118,1.3246626904609,2.36120744151255,6.10772213868953,1.41271901674522,-1.88913020239873,6.69640796339066,1.27930342675335,0.42966813676848,6.46141140876559,1.06541567832668,1.01007177308908,6.43717764811661,1.11827827052306,1.57649956154048,6.29908828093702,1.23690102436366,3.03785350248439,6.01615719970072,1.5008071692872,3.69955693159267,5.9525308605376,1.6265946708051,4.34200447642634,5.87363998881173,1.75641669158182,5.07797479318817,5.75615352891288,1.9314056871136,5.61445174871478,5.50202958377212,2.14699466763051,5.90114249141488,5.04055262115928,2.23477235270774
-0.921360801377161,7.845110562936,0.963508894225079,-0.725435451228644,7.70808226596982,0.977104337002018,-0.542379518380513,7.60068663467208,0.99312870640345,-0.272432068274739,7.24136929628149,0.806689374964958,-0.275659007794373,6.86654644983502,1.10372384353328,-0.308176336233139,6.41234389421971,1.03473076329889,-0.155228678168559,6.43354106540119,1.04053235649408,1.80071743474511,7.13910585339421,1.38453626205106,2.12766253678931,7.08098364206487,1.35584092213284,2.4252221005711,6.98555970471606,1.36509445258344,2.28623329896565,6.72396552979811,0.975763119386333,2.26697856009145,6.43036574285055,1.36232235319399,2.10194416736693,6.14554211439217,1.32476285480034,2.35562085365319,6.10770439017397,1.40714169461421,-1.89700428023936,6.69628639582104,1.27062995507766,0.423588989306009,6.46118844923347,1.06226170982914,1.00411054403285,6.43768258238563,1.11670030636725,1.57790930004192,6.29768329968649,1.23594929464406,3.04108450317135,6.01346494400554,1.50153394972251,3.67552996955975,5.95098770798799,1.62715506811411,4.3288778068342,5.8749667217773,1.75438358498971,5.06715835859768,5.75980035826569,1.9314164076185,5.6102427771671,5.5103521181018,2.15130210798221,5.89708056058123,5.04182997005278,2.22708910981249
-0.921133789867185,7.84572685467648,0.964109687524891,-0.727812716645645,7.70830384116679,0.977233915819245,-0.545137520881108,7.60124723500469,0.992402957617582,-0.275858720236253,7.24167332684577,0.805416112898421,-0.279220370097982,6.86463199323197,1.09953031944765,-0.314200775273955,6.4148453949675,1.02998837747456,-0.165028808325273,6.43511313369063,1.03514594094903,1.80013096033406,7.13955306259024,1.38577434383128,2.12751138416002,7.08157754038655,1.35557397158628,2.42539786352167,6.98556737129287,1.36462118966563,2.28277636643486,6.73094444290855,0.98139911928921,2.25442611724303,6.43553836803247,1.36219402463285,2.08550351704198,6.14702063158728,1.32600885825855,2.3430062429282,6.10806238325879,1.40857248813996,-1.90336509385334,6.69815874088316,1.26266797023236,0.413370653011827,6.46255939976507,1.05889468853638,0.991763077407498,6.45529732555535,1.11004023025341,1.55885105051342,6.31544563811494,1.22602448332872,3.03141793301844,6.01355768543848,1.50189097790419,3.67756539128255,5.94996463356885,1.62951265758046,4.32949667476526,5.87452417770946,1.75613714886941,5.06509938447924,5.75886530606088,1.93081758301235,5.6048741375343,5.51839453478168,2.14613006133752,5.89471223945418,5.04767794774202,2.21665757813199
-0.922225637776523,7.84695277130409,0.965329652835446,-0.731193728500497,7.70993122168465,0.976687440221081,-0.547885874093265,7.60353490518755,0.992180315027003,-0.280504267315339,7.23872718134531,0.801242115183707,-0.284339290225838,6.8656652905859,1.09987801127622,-0.318258046437438,6.41522896446348,1.02740708496797,-0.170848704778831,6.43569375947112,1.03298726231694,1.80108994674092,7.1393676864426,1.38569689741523,2.12675372365539,7.08144935326955,1.35439621821831,2.42398884397552,6.98458572329901,1.36469559366886,2.27808660984729,6.73369604105635,0.989672541717296,2.2420378691353,6.44194077314506,1.36831545758543,2.08222646661349,6.15299887047642,1.34756528103786,2.3358626901442,6.10640558023974,1.41042262985395,-1.91123329781586,6.70001014308897,1.2567202647784,0.408264936209567,6.46496229861497,1.05657416954282,0.986732085810332,6.45638675018796,1.10868351947603,1.54926438292996,6.31806349893638,1.22673619995003,3.02751002435841,6.01359721091891,1.50241039443873,3.67565114870043,5.9466608481197,1.63180597971164,4.32696083898059,5.87498304630197,1.75918012232211,5.02646871230494,5.77154908044398,1.92211969064767,5.59189514404555,5.52969553274718,2.13907386772119,5.89164109661018,5.05287143448448,2.20939308631396
-0.923890397136214,7.84871099742285,0.968301972521103,-0.732185961748301,7.7089598825593,0.976678257928921,-0.547766654558586,7.60352093864177,0.991753111933359,-0.282892673540438,7.23561986567861,0.800949193322857,-0.290566099067467,6.86533855937486,1.09828516013097,-0.324480763308325,6.41373180372061,1.02450227282472,-0.178884513490348,6.43431569536705,1.03018026548034,1.80074484341492,7.14057041742576,1.38714157317108,2.12628948342934,7.0825957423118,1.35659266275138,2.42003643481174,6.9833048786024,1.37193636446793,2.26874016207639,6.74271650830676,0.995219663779071,2.23674154213525,6.44551288863085,1.365885534201,2.083403654633,6.15683716225841,1.35593626711081,2.33447346135546,6.10908774349808,1.41412757024724,-1.91901571184774,6.69577245350978,1.25411355658954,0.392593174394416,6.46230171102465,1.0588369392095,0.971556533057626,6.4613016262535,1.10624464503269,1.53413776642344,6.32459191253429,1.22308641890337,3.01911574555074,6.01322714283543,1.50249348853699,3.66992831309771,5.94678613914516,1.63309088719286,4.32261896237115,5.87471033368423,1.75440867748086,5.03424475910077,5.76469410234578,1.92635368959938,5.57729330041658,5.5306038680468,2.12533128709426,5.88559226229167,5.05952854213534,2.2029677317756
-0.924752899688146,7.84976088400858,0.968409697478747,-0.733771465376246,7.70975126270513,0.976040695602185,-0.549689664892754,7.60383731465104,0.990585171332659,-0.288510656978334,7.23224699948482,0.799337189072661,-0.294061536613343,6.86624881856135,1.09576398047778,-0.326127064660307,6.41517406621641,1.02343791909294,-0.180682357126578,6.43730972859719,1.02922121692256,1.80073781283906,7.14063061860548,1.38613792017824,2.12625499164295,7.08349168118647,1.35659856453578,2.42103820240018,6.98409749190562,1.37126627253598,2.26222947441645,6.7440966773958,0.992536472228781,2.22686268307689,6.45027557382068,1.36979412727316,2.07641300236919,6.15769210287781,1.35119678334399,2.33125665042784,6.11088060518606,1.41865059547156,-1.92688645503563,6.6957701600582,1.2513109426681,0.388942189996726,6.46570150684617,1.05753125323033,0.960917430277202,6.46171336393052,1.1049095681589,1.53467050642975,6.32694237388853,1.21236072425963,3.01459777199214,6.01265983959056,1.50127454760221,3.67213098114443,5.94527194722639,1.62929862356594,4.3163196901216,5.87583218025959,1.75207052694457,5.01672120928957,5.77145009911886,1.92204405563975,5.57203663905881,5.53206064085689,2.12271173511029,5.87875293629774,5.06211388548845,2.19617837308389
-0.923300298203184,7.84987042449535,0.967727020390584,-0.736377129848238,7.70913349616674,0.975815672637075,-0.552438681051051,7.60354855356471,0.989231343405988,-0.292809866363617,7.2301470850216,0.796326941763903,-0.301816290505719,6.86309868441044,1.09136332165684,-0.329090907103205,6.41811425304238,1.01550403058521,-0.189520946152981,6.43637177496225,1.0301277017987,1.79894454384208,7.14131353391791,1.38645103432101,2.12641525824492,7.08362446646471,1.35901040674769,2.42092282618785,6.98660124037916,1.37571689472771,2.26187598137549,6.74675579066456,0.994411583078476,2.22107817199138,6.45089957192958,1.36963282697234,2.07482669159401,6.15480341242433,1.3522968725904,2.32431241331147,6.10229092000088,1.42534382054861,-1.93386971992743,6.69283047738315,1.24977715952265,0.377606838362246,6.46844549485701,1.05482556032544,0.952289584140474,6.46444270529129,1.10493931141073,1.52284346705538,6.32708349289918,1.20459765735131,3.01313643986738,6.00982429423277,1.50215010346814,3.69038294139407,5.94835705982361,1.62445069425399,4.30133378319501,5.87303053607789,1.75528380706247,5.01919656257241,5.77032913777223,1.922873611097,5.56550614742863,5.53588396479752,2.11632279138568,5.87311116989976,5.06537185168096,2.18630490771848
-0.923305295863577,7.8500405811198,0.96826788019824,-0.737050504578922,7.70949350800623,0.976142536200524,-0.553835875730832,7.60369061308669,0.989455309259574,-0.297769118374311,7.2245365769236,0.795641312415662,-0.310834147226908,6.8607760034107,1.09282038359422,-0.337076766852883,6.41713808338201,1.01585811353748,-0.204366787032109,6.43948661386629,1.02925073198062,1.79859663915141,7.14148249317598,1.38780964765864,2.12619628776859,7.08318616994794,1.35985317882503,2.42077061988058,6.98726119870358,1.3745736891517,2.25784244194305,6.7526537044252,0.992689024355714,2.21654960864574,6.45233672840126,1.37250249069784,2.07497340926834,6.15619627732633,1.34846277919567,2.31928782860308,6.10321705142627,1.42530532786582,-1.9428894086032,6.69049557599686,1.24960789099137,0.37256800733637,6.47185837928326,1.05461058336223,0.951879711938353,6.46727461684109,1.10470493439064,1.52266632956484,6.32789105042791,1.20704589699002,2.99725355470502,6.0132857337897,1.50864569563294,3.65617433148127,5.93991595356371,1.62559924549751,4.28938173296519,5.8729561764391,1.75171937378745,5.01070113898687,5.77358340803186,1.92339897388325,5.55711059286627,5.54117759406435,2.10926173235556,5.86596372462796,5.07367751642009,2.1718671700472
-0.923707337061415,7.84954116378918,0.968087926582645,-0.737779162168,7.70844311256528,0.975215789993702,-0.556627259004673,7.60403862401768,0.985978845819236,-0.302129882852721,7.22122629958447,0.794533151299283,-0.317269308812521,6.85877336793882,1.09049936046999,-0.34379716698467,6.41579488061684,1.0148741605239,-0.203485985116143,6.44525849857321,1.02496012275379,1.79940727146332,7.13976222143693,1.38662087710872,2.12689795978366,7.08198333664018,1.35846150546472,2.41999710038212,6.98851332007551,1.37560267704782,2.25901159325792,6.75244587251526,0.991649016179911,2.21937470382871,6.45116786663818,1.37426045166142,2.06554829727146,6.16015435369866,1.3468880174412,2.31456131837769,6.1052250614141,1.42532380054293,-1.95104186025007,6.68886674855233,1.2488246447346,0.370531964338143,6.47273075349957,1.0552269190917,0.950275779830134,6.46781409725466,1.10130762133231,1.52463608400267,6.33535658173794,1.20348601830069,2.95429299862435,6.01354199309282,1.50620097901886,3.61240896576353,5.94823984259544,1.61994789843622,4.27805956765844,5.87238964936677,1.748612799275,5.01008710516912,5.77015209767802,1.92341078384318,5.54430503273026,5.55481075844286,2.10819656622036,5.85833904080728,5.08196799083264,2.15658527292308
-0.925226547888461,7.85004653326377,0.969298074249554,-0.738773504252001,7.70849183572742,0.973815681466286,-0.557166877529339,7.60425075384061,0.985849883804469,-0.302659865759181,7.21877877276623,0.793356210050794,-0.325973661265923,6.85605060974744,1.08759404991545,-0.353242225639678,6.41506801412934,1.01506518892826,-0.213476872195158,6.44632860166507,1.02480439245163,1.80028201803208,7.138841054257,1.38759824696154,2.12724867136491,7.08005441265259,1.35820492998305,2.42047449169693,6.98819335765279,1.37512993496098,2.2575037290767,6.75613728026314,0.991960283610137,2.21136311757989,6.45203883448968,1.37175785967001,2.04927282186909,6.16748149109305,1.35365079654906,2.30296095011844,6.10391987555289,1.42103294509187,-1.96086137606642,6.68464929428188,1.25433900540228,0.361641476429583,6.47369506598055,1.05557761868143,0.930423166608296,6.46984735474185,1.09719332722606,1.50618319092261,6.33236050892788,1.20534721162667,3.0106076206862,6.01411087157152,1.5014837235989,3.61427268719954,5.93878760790446,1.62174318926467,4.26341040005951,5.87302084015221,1.74416588764345,5.02259302843473,5.76313775000232,1.92833951237697,5.53936912006774,5.55860880776916,2.10348943659613,5.85136837472473,5.08745310724007,2.14286916618824
-0.925491214048488,7.85002600942889,0.967894443034704,-0.738994198901678,7.70750126716718,0.973642168420481,-0.558109210014455,7.60211644965238,0.985837267771629,-0.31173758399173,7.21747948318521,0.789764098012648,-0.330611254873033,6.8586935469831,1.09968183403436,-0.365296013418318,6.41422717243124,1.01616200242306,-0.221513853705559,6.4453195838163,1.02295804768611,1.80069887723269,7.13759427795054,1.38792087603435,2.1268273975185,7.0783967988839,1.35688837707367,2.42073823787396,6.98835654158886,1.37141202134988,2.25644896468945,6.75654091984415,0.990358440916925,2.20487671090847,6.4533788898032,1.36943210487321,2.04361869177038,6.17486045394353,1.35059267635267,2.2954699005974,6.10686820764658,1.41760270175971,-1.96485567499534,6.68237497893198,1.25627745795857,0.35012087550184,6.47368912499634,1.05433923475414,0.923484382401806,6.46407324730393,1.10012214016329,1.50312378658028,6.33944349612952,1.20733192079735,3.00579693372922,6.01071289601299,1.50099695956175,3.65007831636677,5.94546772069098,1.61514057306258,4.26808461183408,5.87044880204407,1.7444638566366,4.9702635576568,5.77455397074151,1.91657292830155,5.53598991844969,5.56211956013227,2.10013556023686,5.8483880454125,5.08644981593161,2.12934046276992
-0.92584819084193,7.8503522715392,0.966553082715423,-0.740479272883062,7.70749493360886,0.973204746687133,-0.56108986205262,7.60014228756963,0.986046266076628,-0.31623024761051,7.2123547420002,0.784483663403095,-0.3380812469406,6.85873062470156,1.10032096467843,-0.37827857371821,6.41573492161298,1.01409989729148,-0.231424328300084,6.44620604583212,1.02322742154651,1.80178113481907,7.13835215908729,1.39096003354327,2.12712616338061,7.07831541637507,1.35712640255392,2.42048224951646,6.98865591550373,1.37521117219997,2.25746400457989,6.75731048865007,0.991804676929268,2.20573677935535,6.4533786493208,1.36758200047922,2.04576255794275,6.17292310592481,1.34639711271766,2.29313132374097,6.11491753136795,1.40900873962273,-1.97346587337435,6.67964275927086,1.25971247222279,0.343318698684886,6.47294498809277,1.05286311376288,0.920332295726325,6.47076359692844,1.10144685194476,1.50121289097476,6.33461305193684,1.20083038056919,3.00565557875173,6.00968836928627,1.50005230188494,3.61254474117524,5.93547171590858,1.62536527898536,4.26322374800635,5.87064595504386,1.74594674559837,4.95351803152258,5.77758204065003,1.91553136723182,5.52931550405363,5.56715481846998,2.09546597775356,5.84300267290471,5.08932455201188,2.11166844336345
-0.927396439375397,7.85013186319913,0.965978597987565,-0.741144967989629,7.70563031067215,0.97345674191734,-0.562410610319222,7.59688251674413,0.98801168512712,-0.320227364608715,7.20946242749889,0.779612235911487,-0.343729200895245,6.85846091810207,1.10068718398564,-0.384017778426439,6.41463742129924,1.01709275743066,-0.236507549459858,6.44632851695321,1.02564718588326,1.8017312514809,7.13730295643301,1.38959282871429,2.12553332337143,7.07737552845757,1.35544754009371,2.41994846228097,6.98813451096657,1.3715965712036,2.25331281288894,6.75975258936284,0.989197374143274,2.20279991015065,6.45418308039584,1.36192998878728,2.03775278896334,6.18024597375491,1.34149783717246,2.28742970770389,6.11704607140951,1.4038595265723,-1.98060969638759,6.6806565329172,1.26355584035922,0.341967013723082,6.47379147472829,1.05467710970533,0.919219397593678,6.47027193758052,1.09945637507565,1.4977195929902,6.33282178629857,1.19419577676303,2.95362962883553,6.00462338086463,1.49958772422804,3.60314553555862,5.93268885956651,1.62546804037987,4.24995047995248,5.87159457780096,1.74195558485611,4.94013258577756,5.77704616988027,1.91564673282504,5.52395029075073,5.57072562592049,2.09239703315504,5.8364115634644,5.09170993121973,2.09657151948308
-0.927932650766417,7.85046443758899,0.964918329035086,-0.741573027332634,7.70514217571704,0.976336663066138,-0.566278439549136,7.59345169835665,0.991657314138224,-0.322812186888103,7.20750172851551,0.776184593615092,-0.348115506447366,6.85772845928896,1.10195580215534,-0.393538469992865,6.41424828490728,1.02016875272008,-0.243475048429105,6.44760004461459,1.02669791621607,1.80400066555843,7.1375243324054,1.39152639939266,2.12625076580102,7.07858289752397,1.35579914668306,2.41914052476809,6.98863308525184,1.37021017481657,2.2527616672748,6.75890395071201,0.988239405920118,2.20200529719706,6.45312988488457,1.36559326595501,2.05075269794694,6.17339327652051,1.34971307611443,2.28786629092741,6.11662123820052,1.40469053268154,-1.98508042607434,6.68035930765103,1.26791996300995,0.325184712124688,6.47732365438954,1.0533461175574,0.918452203703557,6.46888441205942,1.09451668468624,1.50098629281184,6.33260645980401,1.18553944381304,2.97031112052589,6.0076014582994,1.49750693222503,3.5992230364461,5.93503832065537,1.62152531949077,4.24428562270865,5.87258143730318,1.73907387056447,4.93515483687184,5.77801614528827,1.91625059441979,5.51868458320703,5.5729603093397,2.08466362893565,5.83361181942447,5.09861534229358,2.0707254115228
-0.930541239905269,7.85103395284516,0.964174393700697,-0.742469503767856,7.7050430398181,0.974997054961814,-0.567059804307795,7.59077366791509,0.99130011018345,-0.326285720861106,7.2036026334374,0.772180511042555,-0.35360051360869,6.85528961856465,1.10257780833916,-0.398919278396592,6.41445213424785,1.0232864810703,-0.247719135701195,6.44811339700802,1.02987445671405,1.80287237732067,7.13949420462204,1.39091205295514,2.12576406444969,7.078425728809,1.35392420152476,2.41788435107706,6.98919765295651,1.36976091526062,2.25029548602982,6.75960179397348,0.98699664077066,2.19619168700643,6.45529870075865,1.36452136209224,2.03660084606106,6.17998592085065,1.34329498831077,2.28126090822512,6.11671871993502,1.40431506742671,-1.99012846014549,6.67865563181762,1.27509211491927,0.312384937506263,6.47977822793958,1.0547737421005,0.904587977678676,6.46710537115948,1.08443731555976,1.49152926610761,6.33143151729964,1.17071073277619,2.93948089447295,6.00734458082944,1.49804517207312,3.60262567907634,5.94244170822608,1.61822486072241,4.2403507930702,5.87564386946534,1.74083616408237,4.93482333587432,5.77813322271929,1.91748848237968,5.51792107318698,5.57286237811269,2.07919760432482,5.82950165528625,5.10443168714552,2.05644809253316
-0.930107924086926,7.8517204791875,0.96568587614804,-0.740710152278417,7.70430551167844,0.975681908531779,-0.566181636075729,7.58669580170176,0.990838992934936,-0.327120670005597,7.19695099500615,0.770379126382544,-0.356273008468965,6.85437525121205,1.10479371044448,-0.403429890816016,6.41569297986935,1.02588832428443,-0.25280288646188,6.44908038902601,1.03210998665177,1.80384469729774,7.14249605855638,1.39770916914719,2.12449480845198,7.0807788518244,1.35564962239765,2.41743624883976,6.98941067636632,1.37008717863132,2.2477158282758,6.76180719479687,0.988910870226409,2.1963776845835,6.45500846595121,1.36662553071565,2.04104253457297,6.18317658300338,1.34649268349639,2.27882515797106,6.11903202679611,1.40563961116961,-1.99431941304949,6.67732135902496,1.28309605340856,0.311426691837218,6.4854400492922,1.05476748526712,0.902246930066758,6.47429450680307,1.08977021341006,1.49543321648163,6.33711637083235,1.17937471346062,2.96641632405433,6.00983010634906,1.49783383731653,3.60017887265973,5.94580065567901,1.61750084314865,4.23592729687863,5.87655377974091,1.74032882488314,4.93143241027873,5.77797757400955,1.91789299402986,5.51428946863636,5.57381490667983,2.07692116985246,5.82366551814133,5.10513637888872,2.04554750199337
-0.930576033049658,7.85194130495555,0.963335976841456,-0.741093347027352,7.70503019997771,0.975632338058412,-0.567865610775561,7.58685131363978,0.990436620255128,-0.32995121973249,7.19673065328684,0.772143729892669,-0.360622566597011,6.85638560970595,1.10452836389615,-0.409111425459881,6.41417067941847,1.03148959763912,-0.26069973246934,6.44930256457592,1.03502684630506,1.80400625167636,7.14250667905698,1.39708487967378,2.12425371699532,7.08034788263064,1.3542943291939,2.41775741630686,6.98813484025528,1.3660491418759,2.24421345375013,6.76002495238033,0.985840787374814,2.19637124104528,6.454807790429,1.36802339556398,2.04380375779305,6.18343532163194,1.3484279964686,2.2771062282073,6.12050374762488,1.40779335737272,-1.99648265627412,6.67705968886184,1.28510658407714,0.301448690735472,6.48657310641219,1.0515210501672,0.889984188863315,6.47882532919506,1.09212280902181,1.48647490215354,6.33153528933334,1.16911220108381,2.94359336953489,6.00934196910616,1.50091239658565,3.61064109270477,5.94768437981863,1.62323187415406,4.23428262857263,5.8770719121461,1.74619484608989,4.93013570524638,5.78015970371593,1.91871065325638,5.50534209799348,5.58017241671486,2.06735219469367,5.82195192408662,5.11684108087613,2.03085908329328
-0.930803714287837,7.85241930334722,0.96470167887564,-0.739560666008296,7.70424920988614,0.977553158105369,-0.566800939582957,7.58372862047852,0.990446315151685,-0.330836816038752,7.19163962452243,0.773531472926783,-0.36305289376402,6.85638288799088,1.10798028352549,-0.411529078084918,6.41433731993752,1.03517734793743,-0.264643966067549,6.44949148483661,1.03974558061626,1.80400593876303,7.14312628258234,1.39715701610198,2.12367015978811,7.08104587183239,1.35462721788239,2.41659345099904,6.98873094635811,1.3665917664875,2.24289232611621,6.7597305754831,0.987122063717113,2.19691847819018,6.4541542013731,1.36918033773668,2.04419585026312,6.18669432879343,1.34796161019625,2.27533152097365,6.1234226522643,1.40894216187192,-2.00001274282645,6.67888437270332,1.2943095417306,0.301356716422611,6.48506131024942,1.05411611662549,0.894639567672485,6.47828197188835,1.09383723517061,1.49072777433363,6.32860352113085,1.16728880979323,2.93827852607861,6.01085800235768,1.50224421450668,3.58699388964221,5.95019060496269,1.61727876483998,4.20841061797285,5.88066767033911,1.73277254249985,4.85992724714867,5.78855232109454,1.88805831130679,5.4987155185498,5.58399734248554,2.06114696507001,5.8190400430324,5.12007851425405,2.0147934980311
-0.930508591222996,7.85292263387279,0.967215793751459,-0.739715885556279,7.70264454739916,0.980035313968972,-0.567749114977389,7.57949012792158,0.991927852551395,-0.333280528767179,7.18861565501526,0.774996368698225,-0.368523468604839,6.85642316551324,1.10860749061466,-0.414194017453807,6.41288831589441,1.04040371251652,-0.267029304444444,6.44905456820323,1.04476549968245,1.80371266593931,7.14230786868241,1.39715197735191,2.12372739050962,7.08155923647164,1.35510357104128,2.41548378380409,6.98906024441467,1.36709484371117,2.24161679796781,6.76030717841937,0.98917049249268,2.19728263694565,6.45215482975408,1.3716099341892,2.04293385630928,6.18812732031351,1.34914606768958,2.27265913269705,6.1236052863831,1.41187435902789,-2.0023463445939,6.68133406525573,1.299947278375,0.310753737070478,6.48637044745726,1.06150153742397,0.896189884366619,6.47817109987814,1.09078845870955,1.48595142132184,6.33032309971916,1.159835481334,2.87322186738842,6.01251394954433,1.50353027957368,3.57969549586662,5.95451285207206,1.61655895721624,4.19010148303355,5.88213355375356,1.73441562290347,4.91754178177917,5.7841956074647,1.91736709512758,5.48808709703644,5.59064530748244,2.05453366089323,5.81245219479488,5.1248358811303,2.00114142758449
-0.926793302919572,7.84627649877266,0.968322185383867,-0.73389170050845,7.70214473508473,0.980929855676063,-0.564986939242907,7.57773880299336,0.994342304593889,-0.333665215869368,7.18748546480017,0.775757022401487,-0.372321278015182,6.85641534451015,1.11008644104669,-0.417806026333513,6.41516114120293,1.0424920254957,-0.270550728462799,6.45125326073614,1.04730493427949,1.80229833981099,7.13760047884423,1.38912139475863,2.1221258551862,7.0809679299982,1.35360528490729,2.41404668073569,6.98770847408567,1.36519413855318,2.23827754707424,6.75955068456508,0.984883615234509,2.19621259303975,6.45407594963032,1.37150004135246,2.04044429182384,6.1878881511684,1.35105364174569,2.26608752578983,6.11530377721608,1.41827748842262,-2.0058990454364,6.68431152978875,1.31203199722696,0.319022381139345,6.486593551114,1.06321119383394,0.907591180560716,6.48003802866015,1.0967249428309,1.4928127627783,6.32673420619823,1.15745008484591,2.86127629609397,6.0097224745656,1.50669084525703,3.55704234726038,5.94971710865604,1.62220247937453,4.18514732857578,5.88356235121393,1.73364419669172,4.85503611654524,5.78959650814393,1.88790842715819,5.44725470926506,5.60498341736621,2.05894457978352,5.80557347382267,5.1275078642541,1.98851608325532
-0.880535267105003,7.80741768754824,0.973644094553855,-0.684228995965653,7.6903656263456,0.994461694852713,-0.521987072758931,7.57317951290446,0.992967924189956,-0.312322430202334,7.15056493975957,0.791561206753309,-0.37836623820722,6.84991705269848,1.11277199930187,-0.431140281446299,6.4152323780616,1.04536870146883,-0.283858472953926,6.45117586967833,1.05383467339331,1.80468719277824,7.13652154807265,1.38956082991073,2.12274277624077,7.08053097554646,1.35440454307074,2.413736724289,6.98868624492264,1.36528788030945,2.23807480425919,6.76296619114953,0.985794805378351,2.19484432740009,6.45570674691377,1.37225158221527,2.03571558149963,6.18621817109647,1.35529443286276,2.26498869036075,6.11076046612987,1.42257600793204,-2.00919064792822,6.68282797581857,1.31766487431488,0.324785564980502,6.4831625169944,1.06815115027811,0.918273154007982,6.47807603656828,1.10341039203672,1.50245838867886,6.34042553124982,1.17964353372088,2.86198337139336,6.00900739966888,1.50883822233839,3.5802274232921,5.95230859239593,1.61980227109499,4.18533537430454,5.88327169065919,1.73355601473864,4.91566612506323,5.7825537284262,1.91531521422902,5.44100238205966,5.60837252966518,2.05783953477307,5.80152309552948,5.132378088442,1.97852516964002
-0.869119366694818,7.80220518212912,0.975464550437661,-0.661984230280586,7.67910903571234,0.985803746769745,-0.49475572943118,7.56093690843253,0.991823482354059,-0.297284679857437,7.14718762399644,0.806536009673271,-0.379438912576248,6.84742649385226,1.11912428753561,-0.44201680594634,6.41274427943284,1.05004465021437,-0.2947035450752,6.44882520040214,1.05905913512424,1.80532210768321,7.13670043295129,1.39016288902915,2.12380759110815,7.08003153239868,1.35619973786137,2.41283483466618,6.98650469582123,1.36513621157383,2.23831583794382,6.76169795623201,0.988876205280605,2.19667788876731,6.4530071236087,1.37304524622258,2.03821351145807,6.18413205856359,1.35965221610896,2.26739831318041,6.10814723720478,1.42569852274637,-2.00888336805647,6.68886256905174,1.32281104982848,0.320648217283451,6.48248639698403,1.07027153986883,0.917889694402296,6.48103078556035,1.11550152027259,1.50191027129373,6.3471515066274,1.19877771826073,2.86479383431163,6.00818609210519,1.5126257987591,3.56205342552395,5.94639083962837,1.62652489796252,4.18150734594856,5.88256049256256,1.73618332594494,4.88674576980049,5.78965379867989,1.90729828820764,5.43913681204612,5.61095973416052,2.05465255122185,5.80043971104149,5.13599004557399,1.96752600575953
-0.870561042043798,7.80263750105357,0.975323043804995,-0.669658263408112,7.68067059004936,0.993673027809771,-0.507756011727375,7.5664655011055,0.996870091406941,-0.304697452530387,7.14682940039688,0.806843835849725,-0.37951086301013,6.84299651187047,1.11952963293777,-0.445906024197259,6.41626980301548,1.05829457092071,-0.295993973983709,6.44782760132631,1.06188801097609,1.80539707416088,7.13756736282559,1.39148198291937,2.12430603309626,7.07850651851771,1.35584000038076,2.41253160515627,6.98448654762325,1.36490749128517,2.23701619959933,6.76004160074157,0.990239305525715,2.19474569647965,6.45085352573954,1.37269010610463,2.0354709014012,6.18288105739045,1.36144964075147,2.26569170041624,6.10692431665837,1.42792362970616,-2.01002580968885,6.69742336837085,1.32640686509437,0.314198331009504,6.48086601308724,1.0719517474849,0.913875652978259,6.48110667003606,1.12227958967235,1.49969375506532,6.35008501993068,1.20796885131637,2.86307160220949,6.00656450738824,1.51206533276826,3.56786809282938,5.94219088761446,1.63362674605287,4.1762821088126,5.88435292314923,1.73513244703931,4.91018927881133,5.78591254904295,1.91382871565301,5.43507971114041,5.6133477491219,2.05181823506636,5.7989612789502,5.1396735527529,1.95990555616831
-0.869971205059057,7.8033465879953,0.977232318466846,-0.668626795435657,7.67846427634826,0.99258281493559,-0.505977035670751,7.56609606431916,0.996488828865439,-0.302940808200556,7.14650525795251,0.807698180809589,-0.382742007121518,6.84043443740491,1.11843821778885,-0.45031986511726,6.41634623330388,1.06095352942414,-0.299783698038222,6.44729984947648,1.06470738057772,1.80562861018199,7.13916716857916,1.39174554661011,2.12544917794069,7.07866204395498,1.35526738297827,2.41443287544682,6.98256558051149,1.36514031780156,2.23890653000573,6.75620254149341,0.993585073338374,2.20111159142564,6.44738049067035,1.37128973329393,2.04822779086425,6.18111548486135,1.36511394491118,2.27188261733132,6.10889164923976,1.42770617104851,-2.01267687073518,6.70264243380277,1.32915874083218,0.324387483847651,6.48060007848053,1.07269876587051,0.919359255080228,6.47848631532461,1.1199254837646,1.50267104484016,6.35136152488108,1.21936601892803,2.87453386283415,6.00490574240506,1.51798268038846,3.56165066773704,5.94480040300844,1.63014100786991,4.18101602599783,5.88483575553866,1.73526486191839,4.88444431790075,5.79074100520534,1.9072625046128,5.43239304679334,5.61510510427948,2.05143117734509,5.79773119752664,5.14278048676569,1.95313795863136
-0.869007660063999,7.80357068118913,0.977458905333135,-0.66694440735932,7.67499563524583,0.991014944419763,-0.504063087940509,7.56154016815942,0.995144714585223,-0.301215119406118,7.14215640248711,0.808245720936843,-0.383865103722488,6.83928653942105,1.12197304478959,-0.453571764130877,6.41643414954389,1.06525971855759,-0.304597882899039,6.44755163923642,1.06727593911624,1.80651052047066,7.1394645512251,1.39151946379708,2.12536734775057,7.07913800931966,1.35445623073642,2.41455526118924,6.98276942674045,1.3647743982008,2.23780694368326,6.75455689186067,0.996579438141199,2.19712998684257,6.44734014645458,1.37141791854033,2.04090366078759,6.17941501761176,1.36437900177061,2.26832281451731,6.10442645320677,1.43007728457161,-2.01486451852608,6.70578152836358,1.33176507172724,0.322897268559408,6.47930160545007,1.0752416033657,0.911398526000006,6.47138299318444,1.11233296685621,1.49682908255532,6.34930456257403,1.21608832520502,2.86615243501944,6.00217206330477,1.51872904306181,3.56453703006974,5.94225751608615,1.63062955985991,4.17855599144916,5.88587264509328,1.73271924188657,4.83786445333824,5.79429061336157,1.8810851792529,5.43864712692813,5.61132956953582,2.04823667903994,5.79494216212204,5.14660302270979,1.94731324815725
-0.869331312424139,7.80245181792469,0.977087702473422,-0.666900612973994,7.67445225774337,0.991111660729461,-0.503815635418882,7.56200825458464,0.996352950818399,-0.302824668067813,7.14523149750858,0.807796762881469,-0.385573957038885,6.83942822497033,1.11969164794044,-0.455443219459852,6.41496807356493,1.06759869895279,-0.305293414854087,6.44677404640317,1.06971195421042,1.80601074981362,7.13994981892905,1.39176397112147,2.12459671769757,7.07855890522896,1.35438351585749,2.41516170133394,6.98053131689368,1.36381797818936,2.23677751685455,6.75481924420498,0.995374513301602,2.1931825918265,6.446923496103,1.37090033332848,2.03496847121979,6.17821549080641,1.36465028565167,2.26184668080206,6.10204781756446,1.4315981891341,-2.02085549260031,6.70682700417999,1.3292452456128,0.322798070852559,6.47815487672741,1.07813132015936,0.910447546040168,6.4690218783072,1.10849257618759,1.49106401804933,6.35441075747619,1.21405393357785,2.86110759945527,6.00094480096118,1.51839311208039,3.55124379661671,5.93916823218639,1.63221943369498,4.15697969695368,5.88450652712908,1.73532590655956,4.90348123790707,5.78759744684153,1.91232679576887,5.43472939093068,5.61520459080258,2.04684942851025,5.79275453158123,5.14981809997138,1.94029395157793
-0.869367777988312,7.80342906028861,0.977224676719725,-0.666494584096156,7.67461570209192,0.991452335314033,-0.503391441964586,7.56170378059991,0.998140685109216,-0.302453940069103,7.14577694378034,0.810283294089035,-0.391506500870246,6.83849313973913,1.12198466666446,-0.462153522648578,6.41687829832765,1.06991336707377,-0.312003264024075,6.44772509439931,1.07171503281102,1.80349730548726,7.14057733068748,1.38918690106171,2.12408685058252,7.07912137258775,1.35254733773241,2.41367166747331,6.97930589752544,1.36324299824122,2.23397839057665,6.7523615558925,0.995997179517196,2.18648577746745,6.44452350126134,1.37164268338548,2.02681508635022,6.17836685972507,1.36261664312689,2.25614959746052,6.10380980307484,1.4305479802834,-2.02461935763017,6.71059608127397,1.33204875316087,0.311089702800589,6.47799128614206,1.07730752412298,0.90124661625711,6.46811058179155,1.10467901368518,1.4830202612369,6.3482937275279,1.21328369176385,2.86032312010479,5.9973727421676,1.52069893020342,3.5573989814454,5.938088043743,1.6295989464277,4.15397031499437,5.8834323876853,1.73449507588349,4.83685320868651,5.7926158359353,1.88170327038498,5.43172432675202,5.61572252459351,2.04375586498503,5.78945136344502,5.15001937772746,1.93453580632573
-0.869062993118349,7.80278937401529,0.976889019211728,-0.666703238887779,7.67437276789118,0.990905872921814,-0.503436588930218,7.5619954043147,0.998279382770097,-0.304475619923138,7.14808181862825,0.810551346862287,-0.391427376255163,6.84223390194411,1.12384335693776,-0.465562978339429,6.42255805957768,1.07097360119685,-0.313741790788494,6.45011208476792,1.07006366226329,1.80315772144804,7.14127257669583,1.38841378776714,2.1247977341156,7.07864272589766,1.3517944106035,2.4147798538342,6.97677862172115,1.36150278066422,2.23332987520362,6.75031928481652,0.995797336030618,2.18158021574718,6.44522354118249,1.37102335563516,2.02003949082139,6.17703989970655,1.36170109266833,2.24921401415827,6.10393892501118,1.42964799014131,-2.02967944142935,6.7164029388626,1.3319907469241,0.301020946765778,6.48313443655621,1.07630957988566,0.897404829982522,6.46823229238801,1.10216503600527,1.47939061862895,6.34497287128742,1.2131298766497,2.86074088918552,5.99534248761362,1.51733960166086,3.54590198674761,5.93901080001069,1.62813447580553,4.14695390923338,5.8808073983239,1.73195355689596,4.80790752262359,5.80086412695396,1.87776331373459,5.26412725493693,5.7058044566205,1.98911603601358,5.78649320480403,5.15798712837593,1.9268377977662
-0.86967197752658,7.80294499278068,0.976767874401992,-0.66512031654273,7.67359159730683,0.99219998690808,-0.502219378606184,7.56070936623057,0.998739762363791,-0.304070301719967,7.14941628729266,0.812322305596273,-0.393743286870363,6.84646246822348,1.12609084359114,-0.4693808217556,6.42628477352245,1.07297939161919,-0.317900931320457,6.45226865603688,1.07248963843285,1.80346780579166,7.13997515350824,1.3888097383783,2.12423654635725,7.07837061415759,1.35132860415063,2.41548781883696,6.97498108401795,1.36138182812113,2.23342878520989,6.74761525570997,0.99779248107645,2.17821488790739,6.44584862823405,1.37050323174726,2.01340689055605,6.17652330931237,1.36365081525913,2.24391232769166,6.10277381813791,1.43122849515933,-2.03525968492525,6.72316633304126,1.33340446633815,0.294530125559319,6.48016393480412,1.0709655374503,0.891716434536172,6.46911341730843,1.1046298427591,1.4722194291828,6.34852967831604,1.21243346726933,2.85031833853977,5.99256759658476,1.52137574364108,3.51902456223189,5.93797014231215,1.62910455173173,4.13581033933857,5.88202207403237,1.73016231136246,4.76594003476153,5.80225982194035,1.87528728284992,5.41395375883979,5.62493581288001,2.02912252095623,5.78514421999952,5.16650668348237,1.91790110162671
-0.869726557207976,7.80254246254816,0.976570783541114,-0.665054976161109,7.67362231147388,0.991126687057146,-0.501406260676144,7.56150587120847,0.997665833124417,-0.303170181108696,7.1515889163959,0.812729475428634,-0.39017923231312,6.85054520745549,1.12303903001135,-0.476150793171891,6.42828245193686,1.07388835425492,-0.322135530409091,6.45588384385428,1.07173669230107,1.80377214891658,7.14048025822223,1.38955479055385,2.12382822695877,7.07752805621157,1.35169508386453,2.41458025746469,6.97479110134948,1.35950666311059,2.23249545053388,6.74860774065503,1.00140854605992,2.17239805890649,6.44507975681937,1.37233584209336,2.00588337391067,6.17787159213452,1.36314688606208,2.23671418989656,6.10407610527066,1.43245183641852,-2.03977213510544,6.73121679625963,1.33430302000409,0.296016150685482,6.48365014582115,1.06886728918526,0.890615229891885,6.47284782877901,1.10352794212748,1.47220791723757,6.34938061406076,1.21145347959003,2.85076084938745,5.99221674947722,1.51837299150509,3.51286482483332,5.9384828935725,1.63028051068808,4.11507465026438,5.8829478669548,1.7282321724799,4.74878684405684,5.807283113557,1.87178158467228,5.39896216305542,5.63746442060573,2.02179085381923,5.78331224843338,5.17388472220195,1.90900585808956
-0.869314039222152,7.80305718972839,0.977769807156012,-0.663786114709476,7.67383896701605,0.992030765383775,-0.500301816883638,7.56192634763169,0.998960720492156,-0.305209261817301,7.15436584952906,0.815632944002423,-0.394188761713523,6.85435087445548,1.12488838335849,-0.484303265882421,6.43175333083593,1.07444369181624,-0.327218617910262,6.45811094295977,1.07451849958822,1.80422447984255,7.13938529750188,1.39015071558465,2.12375312418436,7.07689287096051,1.35285682400376,2.41372870027751,6.97525045863837,1.35915790497634,2.23015042401016,6.75117787507505,1.00210864903449,2.16829852822488,6.44788054993897,1.37667759916075,2.00067442175883,6.17467994930845,1.36750015396619,2.23117434214142,6.10456232676724,1.43503704433427,-2.04420910794876,6.74000456105599,1.33224162238523,0.292414008117704,6.48761821772682,1.06771888460148,0.889229306147137,6.47466161681041,1.10390675325397,1.46920642304587,6.3508086726631,1.21156156675602,2.84368374301464,5.99243123873179,1.52124174507845,3.51349606113176,5.93847132830903,1.6294790603455,4.12664954176889,5.88093093683325,1.7299254100507,4.82736461766401,5.80406597115103,1.90795627970746,5.39400799375938,5.63902325786148,2.01716923867553,5.77809744559964,5.17570493654662,1.90152986907985
-0.868524502246729,7.80252495054371,0.978013675385531,-0.662563578028557,7.67259970692458,0.993614238968856,-0.49897711207247,7.56257751981872,1.00059232729551,-0.305506479124968,7.15620708787034,0.81822061845162,-0.397534019342084,6.85775476388888,1.12422913381794,-0.488449076873443,6.43559017863153,1.07502719092621,-0.33192316612359,6.46197604477522,1.07551525852088,1.80491346525689,7.1393504354535,1.391036710565,2.1237558152507,7.07633335620315,1.353258258387,2.412598775481,6.97565541756913,1.36210949681052,2.22833445324954,6.74922023753175,1.00357358572701,2.16455097152737,6.44793292604416,1.38017256066223,1.99671606245251,6.17640094260952,1.3693735271459,2.22572944175808,6.10801311140318,1.43656224561753,-2.0530630969286,6.74453586445186,1.33425431326689,0.293821432143488,6.48806228306433,1.06852534451227,0.888696797526463,6.47605620612438,1.10469502962264,1.46630945038154,6.35093048539999,1.21441451386389,2.83931785106732,5.99237268414589,1.52565090002531,3.50849440995795,5.94109962151042,1.62881137177797,4.1231049124787,5.8831576722021,1.73256045238485,4.80150998267583,5.80683604096638,1.90089241605102,5.22737474198687,5.71297291070691,1.97538035009222,5.77512747986681,5.17845595415211,1.89582039823692
-0.867704548911706,7.80236603736803,0.976672832015632,-0.660869364159396,7.67248530760289,0.992342880690756,-0.497631509958859,7.56259398105568,1.00025097948869,-0.305190053075461,7.15753502029312,0.817924167614974,-0.399826143137969,6.85975313920087,1.12503175232776,-0.49227164271816,6.43765695631767,1.07561194132061,-0.336628202857713,6.45945763633348,1.07994811933688,1.80601686444776,7.13903769372104,1.39006457566438,2.12349070307488,7.07746918120338,1.3524121532749,2.41195671780794,6.97345011568486,1.36310583348332,2.22940602027925,6.75049378507039,1.00571717874357,2.16062279998162,6.45072720336541,1.38002533821175,1.99245481970164,6.18098420070537,1.36886269529178,2.22261445129153,6.11120397917587,1.43839279178708,-2.05679191632754,6.75400441683623,1.33284764615599,0.284526218792617,6.48866749549639,1.06920552449566,0.883152245927856,6.48169824623809,1.10298935993025,1.460617589791,6.35489645219559,1.21295978512195,2.84259648075267,5.99454069661894,1.52678793479288,3.50936413130906,5.94536346050346,1.63242134940815,4.11273478083662,5.88484938500237,1.73090791529777,4.79389174145333,5.80775762329684,1.90152188049029,5.38108143206734,5.64205559099171,2.00740463270981,5.77176525858842,5.1827048253582,1.88889721527902
-0.867084118693695,7.80181628293441,0.978566441643186,-0.659549032303641,7.67213103640102,0.994265561110227,-0.495815529826419,7.5635366926591,1.00301170456595,-0.304005143287539,7.15704346803472,0.817854486842599,-0.405645565150549,6.86199464245015,1.1253367074273,-0.498298998311123,6.44140429754904,1.07636403745144,-0.343518905730258,6.46279182307167,1.08121238225912,1.80553482398786,7.13823559850898,1.39078684019008,2.1222848973147,7.07775899445287,1.35420877407843,2.41102685888101,6.97464636386943,1.36303525170739,2.22688760643206,6.75207516705035,1.00846748120303,2.15789725219141,6.45344759208277,1.38063307046024,1.99206852570422,6.18205131179481,1.37158980892669,2.22103343510319,6.11214457271533,1.44129222061144,-2.05976571985756,6.76135274393028,1.32889712471815,0.276565411257279,6.4925557254605,1.06871586191145,0.877171839867198,6.48302251953181,1.10361218326517,1.45841106303085,6.3575807044603,1.21285045252729,2.83604636260218,5.99495828865511,1.53218321052028,3.50174345619573,5.94319517558237,1.63510928007864,4.1210808590453,5.88301113280778,1.73476184101191,4.77614224259443,5.80811858442232,1.89372603405087,5.21947615591864,5.71106860308005,1.97027228216288,5.76900442681522,5.1880810807469,1.88264790972964
-0.86663667545679,7.80149317378949,0.978806803504744,-0.66617276417542,7.67334889757316,0.991103698448537,-0.494873499314844,7.5643209176281,1.00377453287781,-0.303266423446801,7.15779298349056,0.817751860863298,-0.40587671562412,6.86435391631103,1.1232597715395,-0.501156943063204,6.44440886967238,1.07787118558219,-0.346528699122333,6.4664577665558,1.08131506821171,1.80546684162498,7.1401781492313,1.39070545425677,2.12302426651606,7.078868874527,1.35318251234648,2.41205962271145,6.97462363464098,1.36349441621093,2.22728849547558,6.75250109465245,1.00922879251147,2.15469210638597,6.4544614008246,1.38208237961537,1.98833293475028,6.18273703463276,1.37258515528666,2.2199586177279,6.11244200475755,1.442983048893,-2.06288878288647,6.76664698117016,1.32961013965745,0.272252982087228,6.49489145237851,1.06668284705336,0.872408319551665,6.48501676226694,1.1044925742785,1.45517031704668,6.36057034899155,1.21247082962617,2.84129779748171,5.99490748872312,1.53456561803528,3.50302714602598,5.94088701808599,1.63303999153674,4.11637991292406,5.88574857341073,1.73688126759918,4.79750080134097,5.80847471320171,1.9074346878294,5.22338659836434,5.70638396589333,1.96773146524771,5.76770469255487,5.18573935028602,1.8826494411338
-0.866966562002051,7.80173491045292,0.97767998380403,-0.66515106982601,7.67412295811939,0.991684783409918,-0.493843385700315,7.56581954712309,1.00475138456678,-0.30393749027713,7.15892343404494,0.819309640932662,-0.406070252952154,6.86878934731332,1.1238149085082,-0.501364838339937,6.44574390920917,1.0775424064058,-0.34691870072251,6.46886054251418,1.08015875877924,1.8058136458389,7.13948332673221,1.38995517342116,2.12381327135207,7.0801199502595,1.35223192352804,2.41151468362018,6.97291182856726,1.36109017851144,2.22511072873831,6.75393312155532,1.01008995747807,2.1488475978886,6.45662410676918,1.38306890423988,1.98011341492984,6.18434645480451,1.37188568258433,2.20681255127455,6.11508363680521,1.44332373956665,-2.06500568999943,6.77441082492446,1.328201715074,0.267957884369443,6.49610802289531,1.0668170622744,0.867970166350711,6.48824763243526,1.10201043294731,1.44786344227875,6.36341930563265,1.21136344515075,2.8255608677265,5.99719544338179,1.53379408976715,3.4791930408937,5.94277120497043,1.63892740212159,4.11064286598056,5.88664895198342,1.73438855012502,4.79361522594412,5.80819536185306,1.90691731350967,5.40038078165928,5.62945774207166,2.00374900139491,5.76668435619071,5.19019377973272,1.87651495028
-0.867110605123675,7.80113796242412,0.977754103548556,-0.664957073518472,7.67431683561552,0.991958934789151,-0.492927189968643,7.56641629617698,1.00417386131611,-0.303357066515961,7.15939535499157,0.816497694094769,-0.406905878176058,6.87136050900081,1.12071501496796,-0.50250269502849,6.44935175126997,1.07580567592051,-0.349816055277196,6.4713756482499,1.07918734337936,1.80356155343376,7.14006926458249,1.38889918493948,2.1240393065858,7.08022070024419,1.35164685228387,2.41279262051656,6.97414283496935,1.36088487121081,2.22468625417757,6.75556346227314,1.00873969192018,2.14772053794642,6.45694689095714,1.38253486878892,1.97979775061259,6.18694548111934,1.36991929115513,2.20601437031077,6.11774053821068,1.440631522977,-2.06753665944882,6.77840893025645,1.32823127518653,0.262059275350565,6.49792967411933,1.06579124864365,0.86464261298105,6.49827755143281,1.09417079773807,1.44380291745185,6.36008445606842,1.21051706994163,2.83032637806786,5.99632930668605,1.53480479994089,3.49750879219164,5.94279415296228,1.63540188850279,4.11553723025369,5.88609022453148,1.73604992938672,4.79827753837059,5.80695681281427,1.90707800184147,5.22183459239307,5.70628536268389,1.96412934717333,5.76766814504946,5.19726423307837,1.86940241279042
-0.867345499660748,7.80077199929669,0.976345968030867,-0.665359049538515,7.67463356775269,0.992910039590603,-0.493867512141206,7.5713325320914,1.00956544417342,-0.304178208446315,7.16249554666094,0.816678756244921,-0.410958868893622,6.87859889008544,1.12186806964834,-0.505352725206103,6.45209685257746,1.07312064089391,-0.35418173238426,6.4739003446401,1.07792366341858,1.80312422724409,7.14061812590792,1.38760792780046,2.12454163996859,7.07955485439115,1.34950588346008,2.41324045949695,6.9748550413619,1.36228293974153,2.22635080909848,6.7566175139354,1.00776803290427,2.14940851540579,6.45665830400961,1.38137205614201,1.97704021007709,6.18593645218813,1.36857084591457,2.20360913190121,6.11521496116116,1.4408054806896,-2.07005949561108,6.77978868371395,1.32885588353089,0.259958691058188,6.49964986651912,1.06574154672137,0.859749082199254,6.4990842433652,1.09176376458442,1.44046061612929,6.36474961007847,1.20603765917162,2.82589006994033,5.99708596549926,1.53238901128995,3.48158126460225,5.94039175998438,1.63607392407937,4.11261818435189,5.88437419296609,1.73929304685779,4.79452542087264,5.80686003873638,1.90664258205342,5.21332509175497,5.70796710987975,1.96227396200304,5.76363667545102,5.20078052847025,1.86302039864258
-0.867196314244593,7.79979929179226,0.976311580401589,-0.666231034062601,7.67513591838959,0.991921023769687,-0.494914482942495,7.57194631198194,1.00874954930998,-0.304136485539686,7.17113906653701,0.810958675725938,-0.409199893860677,6.87783621800002,1.11650323424974,-0.508466172234487,6.45448932900319,1.07156102072725,-0.357011550366099,6.4756642516321,1.07620402678552,1.80254243653151,7.13986110907726,1.38702994911934,2.12361509381312,7.08035414399027,1.34984509536261,2.41274492153497,6.97628666501607,1.36257129808414,2.22804464906516,6.75848511966202,1.00583623693508,2.1465668879226,6.45682778041539,1.38071897698352,1.97404119284201,6.18714636597468,1.36617785828643,2.1983757867859,6.11610891577806,1.43801963138131,-2.07243174842833,6.78207964017117,1.32945225489206,0.256678054989554,6.50164949462331,1.06260452167653,0.856627562666305,6.50217909329327,1.09603950333966,1.44068081920614,6.36569155734766,1.20387928074253,2.82379662226938,5.99464457063318,1.53009590141609,3.5014755185664,5.94330405488018,1.63743659072149,4.11762602152839,5.88384865157453,1.73672986388922,4.79766083400345,5.80619824838844,1.90625514981114,5.2177143349037,5.70742468290691,1.96052063339413,5.76571800320197,5.20730114760158,1.85359248416746
-0.867635086788522,7.79975527521855,0.9748715910777,-0.665281805077206,7.67450745256829,0.992115216069946,-0.492548652324474,7.56831038525473,1.00632007163335,-0.303948902263764,7.1728730371014,0.811490455485744,-0.413128514832779,6.88180396871906,1.11821558361294,-0.506572149757545,6.45774142270822,1.06784951752751,-0.359918514699741,6.47552990374943,1.07537548804821,1.80393983601621,7.13987076928236,1.38736401161811,2.12491944826188,7.08061966324557,1.35045535284961,2.412609946351,6.97807069704431,1.36624206190362,2.22919354789989,6.76022596880333,1.00614888619056,2.14533742436944,6.45636138629695,1.37772341744209,1.96678282199983,6.1887538980076,1.36283950572586,2.19041043017781,6.11232656304207,1.4318837056674,-2.0737811011392,6.78186171750442,1.33116074428124,0.253468979331666,6.50183197526229,1.0619641103912,0.852888641192681,6.50241837921297,1.09419557140791,1.43035629616256,6.37527649565051,1.19487416614899,2.81545084390483,5.99641270814789,1.52844915217767,3.48249668041136,5.94234659651137,1.63935324027524,4.11110042105747,5.88656691702097,1.73664604619645,4.79927133979006,5.80596702790052,1.90685849480326,5.2182612469166,5.70718088163467,1.95831268340015,5.76812047091394,5.21360039139603,1.84496056777175
-0.86763110196502,7.79973976027503,0.974394816071496,-0.665191723228593,7.67481124390832,0.99278723585521,-0.492654160726268,7.56892601231179,1.00589881687425,-0.304813485812849,7.17198226397054,0.810677319334446,-0.415975369106235,6.88158707654993,1.1174467016896,-0.509514125091825,6.45718375498554,1.0682139373573,-0.363688110185617,6.47452473480251,1.07543332639278,1.80330758536136,7.14034219268817,1.38835451132343,2.12696799013818,7.0803696628118,1.35310645941677,2.41560860314282,6.97755132588147,1.36689306468578,2.22828681668496,6.75743103957835,1.00830814201097,2.14363978944763,6.46037709560672,1.3785813915352,1.96599676261376,6.1894172590226,1.36111376789526,2.18673877644341,6.114023446147,1.43066896972083,-2.07557856319554,6.78201983957635,1.33222222817907,0.254124828734725,6.50250480218688,1.06079190568281,0.853297154446495,6.50243991473571,1.09251202017172,1.42974451340965,6.37526139415962,1.19411113514948,2.8202442622038,5.99671247396871,1.52568746775487,3.49757279481874,5.943172820669,1.63695587275377,4.11768369868815,5.87919730095392,1.73884042936351,4.80311583960935,5.80514526118785,1.90946330981876,5.22259441814305,5.70429463459785,1.9582766438787,5.77010267800548,5.22021505489277,1.83707579242716
-0.86591903663693,7.80002284329613,0.975482796976907,-0.663657829813759,7.67464803338486,0.994801957811908,-0.493269061283633,7.56991108460163,1.01236032833702,-0.305012062592819,7.17029329670308,0.810728562380946,-0.418101064003539,6.88060483277263,1.11596071914441,-0.51264907172393,6.45504432829133,1.06815156513193,-0.366630411108437,6.47427515914512,1.07438152142146,1.80417070947359,7.13802277000493,1.38917804233204,2.12788838072631,7.07871562967103,1.35378126333484,2.41664514334569,6.97654316320625,1.36736673197027,2.22937368402018,6.7594097243347,1.00887660306744,2.14135335186004,6.46020101021193,1.37547226839559,1.96322552602723,6.1899446890819,1.35842543037138,2.18497652034058,6.11446616637717,1.42798929031619,-2.07775708857685,6.78120667343144,1.33505841505571,0.247600487713097,6.50434869512228,1.05863086033553,0.844543546760244,6.50343337892083,1.090579661024,1.4245512994461,6.37741132158359,1.19113824631249,2.81378902132524,5.99747811843153,1.52575960032928,3.47909892264395,5.94160594150982,1.64031210577074,4.10835683451093,5.88495475916222,1.7370562779457,4.7974086303179,5.80684655238956,1.90937251267909,5.21496982019768,5.70784622799285,1.95727543407682,5.77082073951695,5.2272599316577,1.82916653277556
-0.865093104551604,7.79917229468083,0.975595278059716,-0.662523921060789,7.67400284227453,0.994771216909003,-0.491569435353578,7.565873077562,1.00688551514081,-0.306728500461487,7.17094343443012,0.809886564223951,-0.414893942344172,6.87944115061867,1.11465371679813,-0.51325668021156,6.45664419064022,1.06610638575209,-0.367910887106878,6.47483751318308,1.07289800459466,1.80428398396368,7.1385260352371,1.38902521902317,2.13004672572923,7.07857469347281,1.35631055527664,2.41866061884128,6.97724460683638,1.36873125141542,2.22836199074231,6.75857547532461,1.0103771845968,2.14127101387782,6.46023422032069,1.37688536363613,1.96431729588233,6.19039748392375,1.35788090866767,2.18477966101103,6.11576638344716,1.42750965480689,-2.08013148783275,6.77940479846171,1.33578164993086,0.251633965575296,6.50304301897103,1.05821929465489,0.851466514913318,6.50621315167852,1.08753869641235,1.42838086120719,6.3791359912646,1.18885543440351,2.81524530427335,5.99730078273533,1.52570854002797,3.49191900441378,5.94196420422556,1.63498695848092,4.10956927022984,5.8848089414702,1.73596089034906,4.79888882810368,5.80768943547924,1.9080964926496,5.22023089560052,5.7049037180393,1.9568137060271,5.77108348688671,5.23559060210216,1.81903109631089
-0.863757735364478,7.79956710701742,0.978351352797065,-0.662290476320383,7.67385483391625,0.994675926905936,-0.491977225423604,7.56526662820498,1.00536111610247,-0.309224643803894,7.16993650993822,0.81037361242024,-0.418138249600045,6.87855247380765,1.11247437678338,-0.517307207299849,6.45615030951764,1.063246473435,-0.374800877313417,6.47402891026722,1.06970147625327,1.8043619745826,7.13844029435601,1.39104556181714,2.1327980346275,7.07984465487114,1.35876170485285,2.41997296142992,6.97761252170998,1.36957800601819,2.22975525830545,6.76057201946152,1.00989072961478,2.13783965561823,6.45951482526396,1.37317153406091,1.96078631322504,6.19078932445751,1.35531817338708,2.18338092374096,6.11724899039756,1.42520449752032,-2.08325661310419,6.77794586740866,1.33486804259806,0.249440698027404,6.50300558191065,1.0575101628917,0.846393197588637,6.50523539632039,1.08716892242534,1.42310167243898,6.379068121808,1.18846072867667,2.82486130154891,5.99681014972475,1.52458078078566,3.49359849468361,5.94209957133188,1.63639998881697,4.10745700297773,5.88178319407841,1.73438654813714,4.78004959951798,5.80845464267861,1.90046980314786,5.21692787370906,5.70648684993915,1.95554488342187,5.77214646986652,5.24300037598486,1.81234863449172
-0.865378324724828,7.80038280623004,0.976862889914627,-0.662111866625776,7.67384684455691,0.994486457824636,-0.491713765520074,7.5629825008989,1.0043658068196,-0.312509524341478,7.168714567339,0.807387016551318,-0.42589626089154,6.87723044918592,1.10863184111895,-0.528555522749783,6.45421428305952,1.06245538815439,-0.384948870796945,6.47285571886755,1.06757243354701,1.8035370212966,7.13770884150397,1.39111201468268,2.13192352347317,7.08023647922084,1.35912224592541,2.41903720400748,6.97853148811864,1.37099496636161,2.22774959335317,6.76041008049405,1.00969066056251,2.13415880540136,6.46026053878239,1.37306095567705,1.95904351031252,6.1926194654423,1.35307283075077,2.17990972339757,6.11933989863116,1.42290025790113,-2.08766926566358,6.7751323702469,1.33365562244348,0.246713388906239,6.50777883182645,1.05436777572258,0.841451347470603,6.50571285769596,1.08384443138705,1.4198953962999,6.38122240202426,1.18649432048764,2.81763062573467,5.99711565301232,1.52249448988478,3.48396430282604,5.9416793128621,1.63464267794213,4.11092978414644,5.88037389820312,1.73688115215998,4.79511421417038,5.80898589270134,1.91089751967712,5.37514020858804,5.64534786511962,1.97912863869148,5.77309507965022,5.25172787722952,1.80550811507948
-0.866115063477378,7.80159316465869,0.977620720890915,-0.663044324362669,7.6749043642772,0.993906373111963,-0.49259780840005,7.56268520921181,1.00122197366079,-0.316066116751939,7.16733454853118,0.803677661964844,-0.431626193209758,6.87637923956211,1.10758091867633,-0.535081483376274,6.4544918075084,1.0592392421798,-0.39140604510577,6.47278792791419,1.06470700994339,1.80207849865145,7.13744026655544,1.38864398402824,2.13028074671811,7.08192034663519,1.35771901592664,2.41743791215916,6.97898322156868,1.36942027331903,2.22415158745861,6.76419077130094,1.00812613972657,2.12885753420511,6.46176043927322,1.36994271627569,1.95165230640377,6.19557158120043,1.34954817479111,2.17399988606703,6.12163157954551,1.42004831085442,-2.0927626619323,6.77117872965743,1.32970266787902,0.239651647919105,6.50539185954252,1.05537770975728,0.834607401891239,6.50554024678946,1.08137144013245,1.41679503252654,6.38427032161148,1.18367860045354,2.78883511636324,5.99573461805199,1.52330591906248,3.4636535935677,5.94008784245635,1.63768015046227,4.09649615754123,5.88279102082069,1.73751554914676,4.76448349884794,5.81090337884356,1.90021636945088,5.20839968800332,5.70508291427458,1.95656507960779,5.77331476572286,5.24797643292792,1.80067935605948
-0.867556354819906,7.80171238540855,0.976594627448626,-0.663638806017194,7.67538561905301,0.99232376366903,-0.493447128642138,7.56194138885166,1.00112643473364,-0.319674743088516,7.16713619953628,0.801928356336073,-0.436616135455292,6.87082921464403,1.11235190973842,-0.537049047916982,6.45148472325059,1.05806937669517,-0.393345448249824,6.4726158994469,1.06310517439508,1.80141525270474,7.13829159134858,1.38733027269794,2.1296120261295,7.08209526021554,1.35683631776923,2.41577788417283,6.97971417200219,1.36807001925955,2.218866731858,6.75399443529458,1.01199075877077,2.12896189635082,6.4590252016155,1.36817429228864,1.94960072159472,6.19590466157997,1.3472938972914,2.1737194980629,6.121362180729,1.41894364448743,-2.09870906108927,6.7640030250037,1.32818655118042,0.235036473189024,6.51173794283285,1.05607740570751,0.831427966595086,6.50813822680712,1.07778217931167,1.40881734903788,6.39149676685968,1.18662458583607,2.81183446004227,5.9969684355295,1.51959782811204,3.45223782052421,5.93941732359788,1.63237513204955,4.08672889000231,5.8836845232718,1.735269724842,4.76313271908923,5.8108319905617,1.89874042843523,5.36657674103331,5.65778343032984,1.97433521151324,5.77223962306168,5.25967473292348,1.79214444111153
-0.869367197155469,7.80208253786772,0.976931172426566,-0.666135544806669,7.67509991226557,0.992559254238524,-0.495098680784379,7.56363264846193,1.00091193376587,-0.324124077541823,7.15918748456712,0.779883323236469,-0.441855208474076,6.86835256485,1.10787446014316,-0.5439667200774,6.45039908822881,1.05571737533322,-0.392667509907146,6.47437644408838,1.05987757045351,1.79933131383764,7.13822116293516,1.38571193497519,2.12893459182117,7.08372336043296,1.35537165036496,2.41485213333884,6.98076899536937,1.36687025682862,2.21772404453608,6.75634192229988,1.0098804411491,2.12479070564225,6.45968995215585,1.36713847444788,1.94409314114323,6.19801989444552,1.34577415020703,2.16652550795328,6.1219587565821,1.41770928476779,-2.10540598917751,6.75889886478622,1.32661067276092,0.232830475319512,6.50719485175772,1.05191239156769,0.822049439710439,6.50362679116546,1.07946155708174,1.40307525067929,6.39621760915408,1.18199691394113,2.78270345759855,5.99484816747246,1.52079802304194,3.44710720068796,5.94137334568369,1.63462057699734,4.08282097262976,5.88470048424973,1.73672956809068,4.75393145052294,5.81339567103568,1.89791111409606,5.3564284809965,5.66473844670485,1.97027685454108,5.77207959251297,5.271068398451,1.78420628218559
-0.870120810391748,7.80228262552229,0.976262111198555,-0.667389178365558,7.67572597278125,0.992584288153046,-0.496238801306347,7.56442131697146,0.99870532939328,-0.329628154969009,7.15916237221173,0.77590499673422,-0.443953769602534,6.87027709557561,1.10576789707562,-0.543379098162097,6.45038396801937,1.05321825139179,-0.39076993851524,6.47468462411758,1.0568263846405,1.79887404575909,7.13827535139694,1.38416034933007,2.12842967449898,7.08528819139149,1.35464647881203,2.41454970496075,6.9811958675711,1.36477475049807,2.21473592830993,6.75744338893302,1.00891013832139,2.1211646713409,6.45972781663083,1.36561709798991,1.93842454924988,6.19969981191814,1.34333040254872,2.16309846813041,6.12152691811836,1.41586654501413,-2.10907117867732,6.75738645144792,1.32261708687022,0.224659221047933,6.51006532445727,1.05325307656322,0.815941714524491,6.5060141565838,1.07770000106663,1.39913746988324,6.39619650275053,1.18202704649591,2.80643214968048,5.99648465311213,1.51823284420661,3.4456110111706,5.93871911861254,1.6358295969757,4.06931175072684,5.88583969717619,1.73606614903344,4.72101930851668,5.817398252464,1.89734406807665,5.3382002341986,5.6776945498201,1.964860742189,5.77082073522525,5.2825666998749,1.77612546471286
-0.869985268748706,7.80265011674905,0.978169946287011,-0.668692073600139,7.67583619324615,0.990774479872749,-0.497245026671663,7.56473850198393,0.996956248957286,-0.327388533716478,7.15691681497144,0.772482942021772,-0.451386435942002,6.86932849538902,1.09955508640747,-0.552243643758546,6.44990749910245,1.05241300733288,-0.399178870265356,6.47455229722336,1.05511110118321,1.79823413392132,7.13816644844687,1.38350361687965,2.1279179362346,7.08645285556933,1.3545148023404,2.41283246966507,6.98281341995029,1.36441204472033,2.2156483005967,6.76147957880427,1.01059041794341,2.11662375494023,6.46130915600003,1.36483889827163,1.93195847976171,6.20184178572078,1.34191586628906,2.15691253718205,6.12451722170561,1.41491008069303,-2.11806852648016,6.749374611254,1.32203089796911,0.225673161546937,6.51010660417699,1.0532892706204,0.809767868407782,6.50927244684276,1.07596365598555,1.39649502664094,6.39754494108339,1.18112305363873,2.74620108249262,6.00552644431748,1.52050812982485,3.43402969645648,5.93962852223228,1.63103336157194,4.06691683487128,5.88514576521223,1.73351403479031,4.74400049053526,5.81839402068669,1.89522421016071,5.33817028588414,5.67924740985933,1.96615721264709,5.76836811007501,5.29447300686525,1.76798703480912
-0.870222447983849,7.80252887156393,0.977531124590719,-0.668922171780908,7.6750991618181,0.99021096109555,-0.497496479609254,7.56364266979151,0.997211115581008,-0.330670980641354,7.15415351540793,0.770683282262083,-0.454159208736584,6.86953568518372,1.09878313553192,-0.55217261484636,6.45045096362795,1.05030537563942,-0.400449287741414,6.47507624010749,1.05419544691652,1.79955785791725,7.13655741967831,1.38538021895894,2.12844804790479,7.08665040835524,1.35517780268329,2.41197857064323,6.98301001723867,1.36481005327576,2.2141727689269,6.76276309710455,1.01263419856604,2.11362579203825,6.46229866003714,1.36458682993077,1.92673723580287,6.20565822014096,1.34033731983517,2.15200070287214,6.12620394361428,1.41480254665927,-2.12068460219714,6.74509804077167,1.31975693040165,0.228213274709389,6.50759135768129,1.05166026106935,0.80328200957942,6.50970035450657,1.07764635223691,1.39079859385266,6.4004695722567,1.18048603538544,2.74847965331877,6.00520977738239,1.52148817496235,3.44004243347775,5.9391344877534,1.63886645454042,4.07170230194575,5.88578881894872,1.73922875751832,4.74823176832889,5.81831452199655,1.89789583243481,5.18414141504985,5.72283361767104,1.95237516197778,5.76976997763877,5.30899846828259,1.75928254944236
-0.869213909253642,7.80299882608397,0.978435504321866,-0.663210400577391,7.67273759213081,0.991585253944304,-0.498262409252643,7.56308084463644,0.997369120847646,-0.338746013026687,7.1588531392969,0.771990622096036,-0.45932644073536,6.86935336785565,1.09687020855823,-0.555660680166692,6.45063993353883,1.0497326270148,-0.403999789044103,6.47545063724899,1.05276525949085,1.7992809463046,7.13763316171591,1.3852215554094,2.12719477995454,7.08758574382198,1.35464768989487,2.41065333234394,6.98291894917778,1.36676949092338,2.21327354005072,6.76490322577668,1.01216552023764,2.10934164254054,6.46411792515489,1.36442082785147,1.92183862189686,6.21071309546248,1.33674417617622,2.14580888865384,6.13213948366313,1.40994428196007,-2.12677705967015,6.73953636998423,1.31922590472116,0.221030788373183,6.50641364366414,1.05295833997287,0.800471949864078,6.510341966606,1.07836202061725,1.3884950140941,6.40080687103991,1.18073052027013,2.74351918035576,6.00517688810138,1.52255644781346,3.42766185012474,5.9402063260299,1.63666455496523,4.06389154431769,5.88616746273889,1.7369325781112,4.72900137366461,5.8166493023905,1.90009524856105,5.33657017073768,5.683270427426,1.96390414608848,5.76832485342711,5.31822577267458,1.75405251218937
-0.86911955624852,7.80132489427016,0.978806679725273,-0.664995086723718,7.67139431878907,0.990970245884992,-0.499161686257384,7.56313759374176,0.998293640984456,-0.335668354099878,7.15112163449771,0.762079088233967,-0.465495349397869,6.86866058363309,1.09285469440439,-0.562283913247247,6.45239297607726,1.04996474360353,-0.412452364612529,6.47723754983602,1.05208095476977,1.79904901948079,7.13642776321001,1.3855155809716,2.12648521608955,7.08703298350916,1.35617225287918,2.41187335449248,6.98117759007853,1.36524806039774,2.21231494354389,6.76531281453493,1.01284474895196,2.1025209290704,6.46642560030732,1.365560530579,1.90885052947339,6.21306004483236,1.33756741829908,2.14096688160998,6.12877977207475,1.41228664871935,-2.13214688892106,6.7338312972743,1.3220129347784,0.201678764439996,6.51061074942332,1.05278303692097,0.789873371057582,6.51037461025479,1.077907841662,1.37801271767313,6.40138602058316,1.18091197547971,2.74138809512866,6.0056894615644,1.5241038771647,3.41323636680875,5.94190979934001,1.63612203084119,4.05242359408261,5.88743928770276,1.73630578373481,4.72192306482741,5.81825361869962,1.8981820761026,5.33125474841791,5.68956278762426,1.96480398086795,5.76636073811725,5.33104960533591,1.74721113063854
-0.868992496269807,7.80156909528858,0.978159640257368,-0.665933642293437,7.67098493527692,0.989888928797706,-0.499585459721246,7.56236481583879,0.997785880021502,-0.336471154201773,7.14660134271973,0.756988887180903,-0.470257704241148,6.8677752807281,1.09221613464481,-0.563276210407105,6.45219660532477,1.05008619559385,-0.413492640887771,6.47776813760686,1.05135237899774,1.79938475178536,7.1360871473286,1.38462562230796,2.12614374776154,7.08668841304286,1.35529758615668,2.41225162396703,6.98081178212944,1.36434310430284,2.21203778027811,6.76303796733413,1.01219124409394,2.0965506638954,6.46622308072918,1.36554418802171,1.90100278804556,6.21672440771122,1.33524652040395,2.13193515826997,6.1326263576283,1.40835875492649,-2.13742898922731,6.73037940152748,1.31925477405028,0.197129488770236,6.51134939776481,1.05223960034764,0.785881161212254,6.51276334744663,1.07642060558478,1.3746939880317,6.40158440684461,1.1814235437652,2.73641855845847,6.0060744530509,1.52534072710915,3.41279135768678,5.94189268918513,1.63677909025609,4.04874180537742,5.88581841355052,1.73649839343532,4.70111966193927,5.81993279305509,1.89912382755746,5.32762541142293,5.68865303310866,1.95893037772094,5.76622476363445,5.34385631376932,1.73718178863753
-0.868976088644439,7.8014484893201,0.977119955759414,-0.66682525460365,7.67130511545334,0.99024014586613,-0.500621919381828,7.56218777832622,0.998835646655872,-0.34459451882822,7.15958505444537,0.775940601580083,-0.478889625957477,6.86454497943039,1.08912292206382,-0.573036867792405,6.45250048820339,1.0502138550943,-0.417942951844657,6.47505588318086,1.05089424320863,1.79847726294058,7.13611320430905,1.38486944369746,2.12636417562688,7.08679717005406,1.35605375032619,2.41179821349798,6.98029041510174,1.36341145615792,2.20930577134821,6.76395467305406,1.01699180860998,2.09344557308019,6.46777274532398,1.36511760952373,1.89754629972274,6.21707953940658,1.33357498571675,2.12900075990036,6.13186928065732,1.40912870983767,-2.14164905288339,6.72816027496187,1.31732818111911,0.189896860429101,6.51251705059859,1.05084300977681,0.782313289160355,6.51323652297311,1.07605799642989,1.38158707418273,6.39577823493562,1.1748623026304,2.71978343751229,6.006927200847,1.52295973461246,3.40378431551834,5.94155596198707,1.63714527185431,4.04449338368477,5.88642972583369,1.73580304268054,4.70852667855374,5.81703258515826,1.90130552282431,5.32509528269485,5.69199197761864,1.95646206080497,5.76430146135896,5.35337101637626,1.72659899276108
-0.868663954727812,7.80179622674736,0.977934974267839,-0.668048457840927,7.67148301553319,0.988530187838993,-0.501663384307355,7.56248531222127,0.99646609992324,-0.34263585486717,7.16597023975881,0.766105952593498,-0.486663030698694,6.8677031543604,1.09046122755011,-0.575861502487048,6.45321915074674,1.04942468727762,-0.42203756547893,6.47561455249415,1.04935065355819,1.79696699260086,7.13497259673861,1.3838258317811,2.12526722020783,7.08803665735217,1.35562284433707,2.41038115594441,6.98199564622264,1.36318247464346,2.20821476636603,6.76705367261474,1.01600130413393,2.08819341551725,6.46878184733862,1.36454116375398,1.8915621662779,6.21721141135756,1.33258637747833,2.1240251018447,6.13209188585305,1.40991305050783,-2.14637817962896,6.7268642727809,1.317052161286,0.1919226066252,6.51021049148193,1.05160800946931,0.773969571908828,6.51503171820779,1.07376117651729,1.37080977972611,6.39535152672817,1.17619055090996,2.72237378354504,6.00449865590586,1.52485873622689,3.39586888284888,5.94943634145505,1.6332044358253,4.03976288432722,5.88633884949641,1.73819510668218,4.69695381599517,5.81904672122958,1.90193189542739,5.3067471274015,5.69914053193039,1.95170055047437,5.76285968348253,5.36357488810376,1.7206109813512
-0.869491356014962,7.80206706383334,0.977240956254478,-0.669300014596019,7.67092043634318,0.987786184717706,-0.502489217372803,7.56227981968432,0.995412469674042,-0.347177355628798,7.1668745899972,0.764351890360997,-0.494035339114642,6.86778310000229,1.09075253030064,-0.584589409829825,6.45084374116655,1.04807914501724,-0.428777854047188,6.47614503988104,1.0487517971548,1.79604032287102,7.13585400779541,1.38331887639488,2.12486144586865,7.08867919199431,1.35397896384806,2.4094862480803,6.98189830740487,1.3611269883341,2.20811420172247,6.76875006492934,1.0161216060652,2.08390698847197,6.47090067823159,1.36605944268864,1.88772849476255,6.21933462154185,1.33288473719616,2.11998127401622,6.13549543996543,1.40923721757698,-2.14976069898213,6.725145122979,1.31859774839412,0.190667827750006,6.5120425430337,1.05043375741908,0.769897158625118,6.5160882160159,1.07605304795797,1.36860338409072,6.39808529749927,1.17564401174136,2.72491984782637,6.00505999009107,1.52297774642278,3.4268621177668,5.94256093365867,1.64648332143808,4.03155506973896,5.88445961593124,1.73970117213374,4.69413442221649,5.8204230759188,1.90225858525521,5.29156381769649,5.70574229729559,1.94587179484988,5.76124719269417,5.37496397563075,1.712126724426
-0.870075255462315,7.80163833904535,0.976489665947773,-0.669259414663162,7.67175561831884,0.987316166315018,-0.503512495297556,7.56247581119399,0.993943821578059,-0.354095447355836,7.15591717578621,0.766586397318044,-0.502017607900682,6.86556601642845,1.09288006518625,-0.592841216005613,6.45175461224849,1.048734984985,-0.435302158168969,6.47700511810406,1.04907687779324,1.79526339330092,7.13573999382732,1.38100437811538,2.12414399479744,7.08816632229595,1.35252029406249,2.40907417747403,6.98123655156246,1.36092504466917,2.20530506924911,6.76910021609039,1.01503341313612,2.07641133784,6.47589122884041,1.3655955267338,1.88102880041202,6.22397232259605,1.33347625676735,2.11190692054558,6.13868226695831,1.40821567279703,-2.15672007728982,6.72321607789715,1.31884396934681,0.18433251366914,6.51289954009568,1.05162146746143,0.766889017972163,6.51467247832336,1.07294692864193,1.36142685125282,6.40184952079831,1.17602591610133,2.72071204995669,6.00529407658713,1.52418265498765,3.42881991918614,5.94226697607697,1.64806418670253,4.03889603982954,5.88471368488547,1.74038544285748,4.68896092595781,5.82113803489305,1.90497805541613,5.28961674139813,5.70479287682772,1.94098293200798,5.76178742659101,5.38523770456679,1.70312055945961
-0.870378742612888,7.80296448936651,0.976904009109445,-0.669787389329157,7.67255881304055,0.987265101447435,-0.503892107915701,7.56428079754296,0.994862328876822,-0.357688722798549,7.15582206579975,0.767672351436886,-0.508831247808192,6.86541640391194,1.09218165948934,-0.599143011241292,6.452320096237,1.04901801430812,-0.442677441209895,6.4787549679225,1.05032205169465,1.79533810028149,7.1384115587621,1.38248399106343,2.1233897174152,7.0877684731207,1.35385287586421,2.40834221289912,6.98106862533971,1.36150865533107,2.20237971798959,6.76790653567686,1.01795165554289,2.06786465057562,6.47927952873296,1.36602072084323,1.87013158952763,6.22553762452796,1.33269211762381,2.10228974355094,6.13864922074831,1.40895455999869,-2.16416650665588,6.72152827929887,1.32184035944037,0.17867325050983,6.5154229158736,1.05291978090943,0.762064565536697,6.51648818324192,1.07546250210479,1.34145541281605,6.40065188730389,1.17835905253293,2.70953144994124,6.00616439071875,1.52521539348805,3.41411103468272,5.95047649130759,1.64541904397744,4.02739289887096,5.88627809340216,1.74218856232238,4.68805125343971,5.82220540826618,1.90499114032657,5.28443347127074,5.70615585035168,1.93818452821074,5.75906453680526,5.39749834506027,1.69516891481196
-0.869633517548406,7.80221613645861,0.976826590799592,-0.668997006865326,7.67216353203473,0.985637155186411,-0.503757621191748,7.56397350779568,0.994509626879884,-0.350428933054175,7.14911020427121,0.76538817529892,-0.516390608974831,6.86456808101745,1.09580316165129,-0.60647278821654,6.45202431990193,1.05367162742219,-0.45145872951336,6.47843722729197,1.04987817170373,1.79512936464167,7.1393145710228,1.3815062185042,2.12281811744521,7.08878229396384,1.3541907011807,2.40841327006418,6.98249460043282,1.36113327367298,2.19940997806106,6.77106056362764,1.02023896109132,2.06212713686778,6.48168326274741,1.36718053282826,1.86253825059918,6.22888801309028,1.33221486957835,2.09677996992644,6.14429300371049,1.40781713676868,-2.17020977949142,6.72164508427811,1.3250954739379,0.166185265233557,6.51772000890021,1.05494947290749,0.749927500808935,6.51644767137713,1.07693072105826,1.32983788642257,6.40247476443818,1.17996669004585,2.72069752626056,6.00595567231255,1.5293907183415,3.41581268442158,5.94940964415361,1.64950510657407,4.03397606869522,5.88534928823716,1.74518291659107,4.68679679596382,5.82226874142362,1.9061042144495,5.26417481088281,5.71435564742584,1.93866738594432,5.75895172316774,5.4080001179506,1.68622146545531
-0.870285456032072,7.80178572267658,0.977081860240441,-0.670053646817013,7.67155200379822,0.986193959379207,-0.503950411266436,7.56399389791394,0.995941906692197,-0.35315935375298,7.14505722217043,0.76936695520402,-0.520307824270407,6.86267178129022,1.09811479135573,-0.610298158379388,6.45222690301877,1.05821329317147,-0.456174376995988,6.4778294959329,1.05422759552676,1.79683130483429,7.13930753399895,1.38220946805248,2.12337755376748,7.08906593920899,1.35587761194169,2.40871557711205,6.98072786938517,1.36084993595562,2.19790243455916,6.77018572940275,1.02239668532443,2.05485407479565,6.48553850571336,1.36536721170683,1.85705859954802,6.2309410119007,1.33308053685869,2.09018844992994,6.1448901592121,1.4105652486123,-2.17521825884204,6.72124669104589,1.32582227402096,0.162430388104599,6.52038502717839,1.0528452433881,0.744898107600806,6.51995251967678,1.07961488530926,1.32629951927756,6.40606740648901,1.17977550128051,2.69978349426913,6.00880233858397,1.52861038813446,3.37662796563838,5.94978067775817,1.63905489735816,3.99694451338048,5.89121697096853,1.73943769190278,4.66059961325766,5.82924409725638,1.90453107042,5.25575922892469,5.71536130966649,1.93747392385845,5.75785905639469,5.42123872961709,1.67937779691861
-0.869007502223076,7.80250262727596,0.977403209276564,-0.668923635983868,7.67214000866174,0.987209468499091,-0.502981261041324,7.56445722608073,0.998392568746026,-0.368005066572439,7.1506571007383,0.774886270759278,-0.527899689161659,6.86274042141049,1.09935872260099,-0.617596527212955,6.45458948237084,1.05853627048549,-0.4639435617359,6.48076194305811,1.05528239713715,1.79679179336303,7.13808917835471,1.38298497951994,2.12282386507078,7.0888657757835,1.35641061964531,2.40667422823619,6.9804448743166,1.36324838694565,2.19510922067617,6.77194959335781,1.0232446507691,2.0502720200776,6.48918490654295,1.36667776356199,1.85276893890892,6.23106438902364,1.3343300960149,2.08491684389919,6.15002437317357,1.41135155311228,-2.18280328477746,6.71919077618378,1.32526565496844,0.150303189645503,6.52028151248558,1.05511902772143,0.740063422717404,6.52041076093509,1.08320630756899,1.32094916231762,6.40891441666744,1.18157643809471,2.70144040805669,6.00803737860862,1.53019343755649,3.37683433622052,5.95067024767595,1.63821313863361,3.99257269005868,5.89089831883264,1.73737506051388,4.64965650848551,5.83117953903663,1.90360005160892,5.24620773553404,5.71801178748538,1.93787681973537,5.75576022386639,5.43143425891946,1.67307089091968
-0.868602940396839,7.80326898557534,0.97656829059329,-0.668163195052748,7.67218426654084,0.987572847517809,-0.503653535302445,7.56307524394449,1.0005811475259,-0.374760087979781,7.13213525100516,0.782984624116561,-0.529871211424982,6.86126708858849,1.10234640066555,-0.627826630413686,6.45386067692052,1.06029354527609,-0.472813660519567,6.48114119079775,1.05948639898995,1.79770787505183,7.13733669053198,1.38306672636926,2.12367494693939,7.08880475043718,1.35706395987954,2.40755283688958,6.97970482860889,1.3639500062952,2.19203186935317,6.77206615803127,1.02460383876963,2.04401798239708,6.49105201600957,1.36636269316224,1.84632393879878,6.23147141656893,1.3349694868457,2.07701258668235,6.1461553380526,1.4126816026464,-2.19004664703955,6.7178128521521,1.32828546739284,0.141402458282008,6.52221853901594,1.05522949954026,0.734448915746917,6.52218917995816,1.08502909125834,1.31649198637865,6.41128084319773,1.18228197603423,2.6914598695814,6.0098858881252,1.52395775627307,3.36257625482038,5.95151598750774,1.63377397977798,3.97454035045983,5.89334335507883,1.73898706532624,4.63134714318883,5.83088235692598,1.89670347197444,5.24302104922093,5.71858740252816,1.93876117436782,5.75159906181414,5.43986493635875,1.66648298574593
-0.869186652973335,7.80191724733287,0.975625294068332,-0.667355442576063,7.67341513883557,0.98841383242111,-0.502954847092135,7.56121454893578,0.998271522741243,-0.376437022779831,7.1285869098486,0.778635879423243,-0.534130098237027,6.86534086021912,1.10752962504876,-0.634452783684803,6.45652638076896,1.06428306672601,-0.478483889378601,6.48472446267885,1.06351298967238,1.79839582164876,7.13507771193013,1.38448494281523,2.12226381332305,7.08702067060455,1.35873390560999,2.40449853930844,6.97977637819863,1.36580374632936,2.18954733884961,6.77371771122467,1.02255828783061,2.03969513237108,6.49344222662489,1.36583884298769,1.84002174981908,6.23201997536774,1.33643449971183,2.07111720719119,6.15030235670026,1.41209382120274,-2.20263856912255,6.71752022298028,1.3320726200485,0.137481011154749,6.52082163190151,1.05857788774168,0.734911007983488,6.52219020069358,1.08758368891702,1.31259016862305,6.40747264158817,1.18533915646686,2.6841766346056,6.00993706115109,1.52262220409326,3.36468727196521,5.94961936039094,1.63409108137709,3.97802987739048,5.8931155213275,1.74006850486331,4.6506028062271,5.82699210870347,1.89902467848193,5.25067215630029,5.72023714159241,1.93711713867987,5.75006552189338,5.45054146677676,1.657352925746
-0.867250730307335,7.8018209253048,0.975371827319916,-0.666144987974331,7.67352304674791,0.987716507464548,-0.503504526930605,7.5598431493412,0.998850212401248,-0.383658955972222,7.12979005313061,0.784162318122428,-0.540524987709603,6.86755394665964,1.10945743002742,-0.645000131259557,6.45807904994569,1.06816478999704,-0.487681914490066,6.48424415966653,1.06861642386983,1.79865890955691,7.13442364669046,1.38431532227643,2.12232865491917,7.08471682314394,1.35904318970845,2.40559589269797,6.97950420140481,1.36411351632969,2.18657781863867,6.77510214292231,1.02324885344959,2.03176299605939,6.49655448789189,1.36108605720638,1.8283396529278,6.2355900168773,1.33300202965254,2.06081487903005,6.15759115754191,1.40527393847072,-2.2108606878192,6.71802688206387,1.33694243385276,0.128039243157351,6.52126296266997,1.05941177004317,0.720378694471465,6.53090165419787,1.08275912957961,1.29209259701545,6.41880040741797,1.17702646760629,2.67972223988113,6.01036406034756,1.52035989561772,3.34799292377337,5.95300163431701,1.63367284970079,3.97160840766445,5.89411512934133,1.73984304002586,4.67378890778918,5.82015188756793,1.90084172119957,5.25093051707241,5.72224056538036,1.9342730326983,5.74821342155351,5.46311636536553,1.65312635378767
-0.867618132013398,7.79982467673988,0.972290026256513,-0.666810916679747,7.67340281370123,0.986557381091421,-0.505208322022872,7.56105898010933,0.999948625643674,-0.389698503083908,7.13366198910329,0.789684913660275,-0.546783503630928,6.87428290991859,1.11165887952331,-0.654656901936214,6.4668654601156,1.07055932321918,-0.500430615075833,6.49234969829865,1.07066864811619,1.79865037867455,7.1345959530636,1.38577187251241,2.12254945445316,7.08337220368376,1.35974433509569,2.40501388937613,6.97751438419859,1.364129800331,2.18288887707164,6.77654113849205,1.02278549764097,2.02660743612904,6.4983327140279,1.3596740855649,1.82232839842167,6.23785957006145,1.33125394191926,2.0498968485007,6.15745159949956,1.39870031557923,-2.22044389623144,6.72142402095069,1.34349431929453,0.114579762897555,6.52470177361812,1.05876134366944,0.713804234738031,6.53755336469744,1.08663833906385,1.28767448869361,6.41812915692021,1.17740413639538,2.67897118293136,6.01002706681839,1.51830225509517,3.3476520147694,5.95095298663414,1.63480407080969,3.9684845300549,5.89342397914437,1.7353416949913,4.67004929480817,5.82595935962567,1.91064293839013,5.23751144405659,5.7237021567264,1.93467768577653,5.74819105450077,5.47686617830014,1.64668737785182
-0.866319631839249,7.80017400440286,0.972316042408303,-0.66637965331684,7.6743457216838,0.988038990197917,-0.506236320312372,7.56200633263806,0.998903439873505,-0.392011045902368,7.13970680185585,0.793552678816918,-0.553107142025339,6.8791748335896,1.11347002471009,-0.669267756455104,6.47380756854752,1.07380344651516,-0.514017409300243,6.49773041910661,1.07454616309144,1.79858349496258,7.13440657830439,1.38690219159031,2.12202341595256,7.08152666535231,1.36174714798769,2.40453818641325,6.97774750419414,1.35925777211948,2.17711917530661,6.77964918091649,1.0195065322468,2.01605635231132,6.49981467776848,1.35896638692616,1.81128867270332,6.23952745869143,1.3303995948543,2.04071871106808,6.15714831617117,1.39912572221991,-2.23077289729063,6.72277531314606,1.3518753733625,0.107794457717056,6.52964033486868,1.05829031757505,0.699562452282766,6.53761389186451,1.08657736982206,1.27307150103589,6.42652962512911,1.18373482209405,2.67053741572123,6.01099277777598,1.51629222346465,3.34393655447389,5.95059302905286,1.63510471607127,3.9669001469591,5.8906065220465,1.73322104360722,4.64392740147826,5.82810031106698,1.90015810461244,5.2322310782581,5.7227242261532,1.92872416616284,5.74624483746644,5.49444868747407,1.63896521964628
-0.865847863441299,7.80058899973374,0.973608508170961,-0.66478086517112,7.67435387530465,0.989180331520063,-0.506044128854174,7.56268755903312,1.00075541570924,-0.398284095650677,7.1376599851493,0.796164017907935,-0.562117506395913,6.87882173810953,1.11869903141776,-0.685949674151897,6.47758446093088,1.07957321999081,-0.533571439520134,6.50172174072641,1.07659476660702,1.79751779818862,7.13631976939898,1.38687990266523,2.12086525091982,7.08230198753774,1.36301068939774,2.40254392420898,6.97652588999437,1.35898666699043,2.17260886926029,6.78789065777284,1.01906143638469,2.0034326173471,6.50304271028584,1.35656722814615,1.79711025758764,6.24196130223027,1.32964197662907,2.02623311723507,6.15998193427452,1.39803487313904,-2.23893904779907,6.72586929239534,1.36152520024791,0.097692028764339,6.53294511392664,1.05861738710707,0.684413179169059,6.5372193420821,1.08670086848259,1.25711332404201,6.43195129725178,1.18008937245107,2.64949175061383,6.01183392970147,1.51195929459679,3.36475648392076,5.94813157212318,1.63352355038357,3.96864482901992,5.89192029432078,1.7276739379275,4.64483677567247,5.8291538631722,1.90161640093297,5.22870306436316,5.72348028843284,1.92436989386553,5.74274048580767,5.50857567749735,1.6349499188068
-0.866079914720404,7.80249579551071,0.974986347481417,-0.665743234083726,7.67686872395589,0.990650755254849,-0.507945291931596,7.56209680571807,0.999514852113814,-0.405440596623333,7.13779193151733,0.799239690316859,-0.570914515704984,6.87995755834921,1.12171839121662,-0.697676722581971,6.47531766923889,1.09049576761372,-0.543625664857349,6.49880575882104,1.08587763360854,1.79805302390654,7.13964298608869,1.39007180801564,2.12199752903839,7.08405444031549,1.36472309030311,2.40172513681399,6.97561006083408,1.3596873643273,2.17308048054107,6.79230721023079,1.0156162387346,1.99605145826037,6.50953902925576,1.36353814821522,1.78585719516435,6.24873235163834,1.3321865386277,2.0166531661399,6.16442333611983,1.39646606321959,-2.2493484885236,6.7289882376772,1.37324537225137,0.0924790173822435,6.54054873349015,1.07213232835935,0.68027188399947,6.54029660244864,1.08875712145292,1.24810214170794,6.43521015625107,1.17992779907549,2.64444190777328,6.01302007903529,1.50964121794603,3.36518814183637,5.94993074143702,1.63261722886054,3.96751439121001,5.89353872825282,1.72650398391236,4.65409974879393,5.83006080707991,1.91430857458478,5.22565774292493,5.72807354952249,1.92372340240786,5.73920811780228,5.52201860503732,1.63414986054053
-0.865328417301246,7.80196660698018,0.974229443816669,-0.666314720300632,7.67745626108523,0.990416836850778,-0.50831177584647,7.56294835303561,1.00103678739979,-0.413379264730972,7.141639377919,0.801437887475364,-0.588547726625515,6.88515445933337,1.12695135412244,-0.711398859954549,6.48158047315456,1.09463958109424,-0.55681602116576,6.50281702717907,1.09018132607455,1.7980739690667,7.14265646678817,1.38897237755606,2.12000076184595,7.08491713456956,1.36472601269336,2.39914526136414,6.97383810918637,1.35758186397518,2.16929612716434,6.79542602989714,1.01579245738648,1.98824553881724,6.51165437587902,1.36304790624785,1.77846453900959,6.25684644472104,1.32670639563193,2.01037860970625,6.17177693483646,1.39220532434901,-2.25865602745033,6.7348566699578,1.38432525885308,0.0653511725378042,6.53506765622769,1.08077592747575,0.659553325318314,6.53775778622006,1.09373086978913,1.23988530157334,6.43291915825,1.17730288646347,2.63152510660456,6.01469954203722,1.50617858114437,3.32796633716255,5.95208798644281,1.62945224572874,3.95549178361107,5.89203287916023,1.72801291747624,4.64841543604633,5.832991334598,1.9130776935576,5.21714021858771,5.73096634961659,1.92124827658208,5.73636803768861,5.53692379576143,1.6300107103619
-0.866781558848518,7.80320683206334,0.973772502290063,-0.666749695570773,7.67700931029073,0.988809962903184,-0.509325364261464,7.5649897443193,1.00086203530545,-0.414375304961326,7.15033869905911,0.787495655553623,-0.588667677758358,6.88603935235861,1.12766599195203,-0.71821887660889,6.48803665279351,1.09770189914162,-0.564705210846751,6.50746167953002,1.09436662563206,1.79712423886004,7.14350417444306,1.38946973739869,2.11922848303988,7.08255063288886,1.36474068247902,2.39787156494466,6.97245538108598,1.35653456746733,2.16713739728273,6.79489705099336,1.01415861672935,1.97886317352717,6.51535030468018,1.36081957956848,1.77195684198674,6.25857591689488,1.32481981478526,1.99810899802575,6.17544801248966,1.39091321895716,-2.26711412033113,6.74105674469318,1.39621353014488,0.0590967103615162,6.5284344006777,1.09074468077067,0.644821006276724,6.53914468736884,1.0973953141376,1.23306782891471,6.43326496198739,1.17845801177482,2.64026265074347,6.01769141859665,1.50221459673198,3.28232616584797,5.95918300080697,1.61248130098018,3.93313005246657,5.89735500915447,1.71838674429828,4.61828503256239,5.83553029765493,1.89990073559075,5.21544287240702,5.73494484143384,1.91987056225933,5.73411195235737,5.55080702436269,1.62603118880954
