"Finger_X","Finger_Y","Finger_Z","Metacarpal_X","Metacarpal_Y","Metacarpal_Z","Wrist_X","Wrist_Y","Wrist_Z","Elbow_X","Elbow_Y","Elbow_Z","Shoulder_X","Shoulder_Y","Shoulder_Z","Pec_A_X","Pec_A_Y","Pec_A_Z","Pec_P_X","Pec_P_Y","Pec_P_Z","Toe_X","Toe_Y","Toe_Z","Metatarsal_X","Metatarsal_Y","Metatarsal_Z","Ankle_X","Ankle_Y","Ankle_Z","Knee_X","Knee_Y","Knee_Z","Hip_X","Hip_Y","Hip_Z","Pel_A_X","Pel_A_Y","Pel_A_Z","Pel_P_X","Pel_P_Y","Pel_P_Z","Snout_X","Snout_Y","Snout_Z","Mid_1_X","Mid_1_Y","Mid_1_Z","Mid_2_X","Mid_2_Y","Mid_2_Z","Mid_3_X","Mid_3_Y","Mid_3_Z","Tail_1_X","Tail_1_Y","Tail_1_Z","Tail_2_X","Tail_2_Y","Tail_2_Z","Tail_3_X","Tail_3_Y","Tail_3_Z","Tail_4_X","Tail_4_Y","Tail_4_Z","Tail_5_X","Tail_5_Y","Tail_5_Z","Tail_6_X","Tail_6_Y","Tail_6_Z"
10.0719128830199,3.67693858104102,3.27078354398563,10.3572995212296,3.63864025322793,3.22039667359161,10.5227144696255,3.58099288787568,3.08938311413708,10.2724916507696,3.44445275948281,2.62511356942051,9.78599676281988,3.29229577972963,2.87060862200755,9.46922125669235,2.92052947624951,2.76827017847751,9.61884622755619,2.84404518474096,2.82063864343517,11.6328652623196,3.39224912590984,2.91244850590751,11.8943205819536,3.22454179759651,2.88649070136796,12.2717989833751,3.09680042559013,2.90437000121097,12.5647396065788,2.73223680158611,2.87426744874735,12.9169289580981,2.45972712624145,3.22940547160289,12.8974618177789,1.98989359229194,3.2096358548932,13.243165938911,2.03154827890617,3.21458314351163,7.52047852528949,3.8611363037379,2.95760976018802,10.3536582096842,2.48234335438975,2.98837662781761,11.1622606804575,2.21143430357815,3.08162283374113,12.0530438910763,2.0454759789249,3.156635560146,14.4531275916789,1.93387265833773,3.37519525277072,16.099550797379,1.67190080333492,3.66905545605552,16.9937654497011,1.52467775959714,3.78795745287589,18.9951852338264,1.3793015566409,4.21721713038532,19.9343590724404,1.30688319704401,4.39792103607101,20.802810187827,1.11178823028782,4.44847850323743
10.0637991180523,3.67876171242841,3.26940137349729,10.3516748749471,3.63851593971125,3.21841259577618,10.5209532449121,3.58300503461884,3.09331171676113,10.2696554907055,3.44515039111215,2.62943694145961,9.78132974350833,3.29587773836243,2.86909735396996,9.46233387413825,2.92441050976074,2.76719654634478,9.61340171360611,2.84651387537333,2.82015346689901,11.5433557948833,3.34124359129985,2.98217465656353,11.8449072849512,3.21664653789096,2.9539584432192,12.2433686756488,3.10658344490716,2.95214396359093,12.5438030459342,2.74688157439089,2.8807555911995,12.9188365445104,2.46379226981201,3.23771278616976,12.891148290819,1.99399434818537,3.20369861742876,13.2366722280146,2.03017368414051,3.21067534845311,7.51063582864193,3.86323408034643,2.95301871424709,10.3584288116922,2.47999962545293,2.98696001048232,11.1921921833156,2.20422450630939,3.08846571178476,12.0679870543288,2.04480709143439,3.16735521998372,14.4681623024528,1.93388110977959,3.37989478914576,16.0993697133651,1.67438877338469,3.66378214559486,17.0137077250864,1.51623330374585,3.79592060441495,18.998877250145,1.37700162302683,4.21794584194991,19.9340172205762,1.30467882944542,4.39674231031128,20.7944886861404,1.11363400856862,4.44749167225406
10.0680572953395,3.67509397047433,3.27004531771932,10.353126779063,3.63705093638106,3.21931630227047,10.5191045015668,3.58201648986456,3.09076817334915,10.2629076774542,3.44784354285564,2.6372172701828,9.77855233827083,3.30040367656191,2.86937990976703,9.4624540181691,2.92881267496901,2.76485388492498,9.60956627646516,2.85118618190577,2.81611030576096,11.4899465723875,3.29490621341381,3.02025039872955,11.8137318424719,3.21357498265082,2.99486911926649,12.2073778080885,3.13202989298641,2.99706112086126,12.5313905667106,2.75715149745574,2.8991912138514,12.9103266422165,2.47256271404508,3.24494896935029,12.8771287840829,2.00431228626866,3.20318457754169,13.226912029468,2.03545986009968,3.21036175056759,7.50010277739343,3.86494934294393,2.94279567963807,10.3527498692018,2.48726460641966,2.98317547887095,11.1723958189498,2.21000818251224,3.08407421265651,12.0466936188501,2.04668261712524,3.15914169862527,14.4655792091427,1.93736727280811,3.37914652350064,16.0615302727635,1.68925087552101,3.67752212920385,17.0233741453564,1.52150103092617,3.80136646494794,18.6100236830117,1.43178654017955,4.24921293794047,19.9422634678538,1.30298371136342,4.39997574883333,20.784534459815,1.11272332021678,4.44641962268413
10.0640876694423,3.67326540395649,3.26963233325827,10.3492941079419,3.63978422059862,3.22041098776267,10.5170571246211,3.5845246530866,3.09249744565519,10.2523675075546,3.42592061327079,2.6499887263162,9.77457592569213,3.3023334190373,2.86643695002946,9.45513506291956,2.92811369104344,2.76333789484234,9.60388725051906,2.85141457659792,2.81261571937348,11.4467138436703,3.25965634628884,3.07470325412855,11.8024163207535,3.2190835734378,3.04274461265072,12.191395281045,3.14716236856194,3.02029222338158,12.5316493223601,2.75384022660162,2.92484083046749,12.9028129963964,2.47784776449281,3.252355774015,12.8645752207267,2.00573055763002,3.19784804847479,13.2208722599549,2.04568544016068,3.20233747407466,7.4892530480661,3.86168963057355,2.92829461927826,10.3497265942914,2.48846878708049,2.98457600463352,11.1782657062658,2.20915583544866,3.08023357696257,12.0429004645191,2.04969466054823,3.15821951228447,14.4569037623724,1.94099349669089,3.38148594515152,16.0495673812664,1.69676513481477,3.67810308109953,16.9930920775801,1.53520689824929,3.7912560097128,18.987123133675,1.38579329507332,4.21900677703884,19.9282514332827,1.30417341028211,4.39716291582902,20.7763535622386,1.10930981724903,4.45068972901812
10.0649708038306,3.67275712787338,3.27107965408222,10.349261627543,3.64054046862827,3.22273876540165,10.5136910838453,3.58399693457813,3.09262830303561,10.2556763673401,3.43114049991267,2.66089386960562,9.76584988662671,3.30913761107915,2.86802324464554,9.45128712366599,2.92995813504508,2.76071792459292,9.5990385679461,2.85456396425426,2.80966542610517,11.4209116400389,3.24823166580707,3.10325367205918,11.7873637207479,3.22506472961821,3.08244448017989,12.1724652575318,3.16207043738013,3.04227041854304,12.5350490688459,2.76935719919744,2.95861751932838,12.8894196568778,2.48816569959921,3.25885086183838,12.8551825101568,2.0042592713236,3.19615020692196,13.1971484207511,2.05043331905916,3.19957834999303,7.48006962452739,3.85267116911912,2.90953034344801,10.3504790462985,2.48995606125595,2.98222745994373,11.1671015481563,2.21405097870324,3.07663428211501,12.0243422935536,2.05130635794478,3.15297502761091,14.4704206537001,1.93956518643574,3.38016139599865,16.0919452547207,1.68648556836427,3.67363379450299,16.9942342977926,1.54223609254534,3.79790491920914,18.6686857632042,1.37484723525426,4.03380791865144,19.9225763888808,1.30398315658303,4.39690729133363,20.766816339012,1.11095090930594,4.44955135340144
10.0591225532482,3.66543929959985,3.27460179664842,10.3463351467724,3.64228106518253,3.22164632553667,10.5115045299567,3.58664051345707,3.09195643523895,10.2515822893212,3.43249187260738,2.65806207411784,9.7604420741968,3.3116800009322,2.86650875171786,9.44700029298233,2.92906448666997,2.76122107753677,9.59351859056268,2.85681717709529,2.80967779788978,11.3935550779402,3.25977034875791,3.16000165674987,11.7758809655521,3.23961793652069,3.11577123025334,12.1478129486602,3.18138145751074,3.06074341124744,12.527649170879,2.77515613783183,2.96708740813598,12.8759102915867,2.49460302982586,3.26088999845736,12.846583389934,2.01417605240773,3.19808936486987,13.1817397617902,2.05495406934729,3.20054594543466,7.47451479129572,3.84598950309193,2.88832294027689,10.3475653530562,2.49009126887817,2.98246998558938,11.1593901010488,2.21385834370032,3.07880175432667,12.0206186964855,2.04742090933843,3.1439445085804,14.4250653015306,1.95008441930268,3.36426509225161,16.0396155395305,1.70300939944514,3.66903712721948,16.9523310922038,1.53613721949936,3.77632686291899,18.95727713165,1.39013789440822,4.19900401143678,19.8955175798626,1.316221906796,4.39374004714986,20.7584436283735,1.10744527487198,4.45035246252996
10.0614230212288,3.66556779031045,3.27354064878865,10.3465813354365,3.64310553411601,3.22241535246816,10.511220125247,3.58850740187631,3.09529507519878,10.244832901934,3.43487898603461,2.66007145741303,9.75661361949203,3.30488021968378,2.86642906446008,9.43287848921193,2.93300430704929,2.75911075404129,9.58388600193614,2.86167346957407,2.81157728142744,11.3513054629368,3.27324799158048,3.16071217567036,11.7446527553032,3.26195642297879,3.14507074973631,12.1330709467879,3.19854926861614,3.08496628599841,12.5185525884922,2.80319678960617,2.99506199286259,12.8708689740962,2.49827856992348,3.25336322318079,12.8429225182864,2.01400776964453,3.20252084431292,13.1816948878334,2.05741661717396,3.20482661186718,7.47115324608274,3.84639393445529,2.87964224696431,10.340883674408,2.50422320120924,2.97297836978645,11.1578029853304,2.21545248702893,3.08070600369362,12.0193182292409,2.04830679440208,3.14370047063052,14.4334739169257,1.95909641020708,3.38252201573333,15.9812146212516,1.71979495366478,3.6687015206742,16.9509526540956,1.54054971406131,3.77544405430349,18.9666405757215,1.39422101454122,4.2043296402392,19.8829692748193,1.31477095646491,4.39339144247613,20.7478855372407,1.10578238320512,4.45054834069476
10.0633644616506,3.65974180632226,3.27730821780111,10.3485069778992,3.64180434923868,3.22347512348081,10.5103274187406,3.58894775897031,3.09117751706688,10.258022923913,3.46639449652954,2.64636109566426,9.75541870789924,3.30899510984707,2.86463025456896,9.424027280216,2.93411701263707,2.75224751773074,9.5764307753671,2.86204289569815,2.80720320857984,11.3567625750248,3.30187680233753,3.22488409817276,11.7463677908932,3.27593860800531,3.17315020506591,12.1310272826346,3.20608590404175,3.0978320614474,12.512504361649,2.8291924892076,3.01667222231089,12.8732551188185,2.50462463838637,3.26066830597379,12.8451623633014,2.02401051590668,3.20351003475899,13.1747397725007,2.06147975221617,3.206069915336,7.46243872031394,3.84656049924422,2.8602057232018,10.3424109617187,2.50634672548613,2.97101398429981,11.1663919418653,2.21760157629653,3.07910129935731,12.0195039954072,2.05143000758231,3.14576566036628,14.3823748673042,1.96843471124123,3.36305757112164,15.981349901289,1.7232784727467,3.66251587245347,16.9552078307837,1.54363576174061,3.77159578768423,18.9746979671757,1.39523613934353,4.20558761347727,19.6637418471536,1.35311745913427,4.40921654240869,20.7392636355921,1.10469269573941,4.45029382751673
10.067871747803,3.65926408583296,3.27758016816711,10.3517949581973,3.64047553282403,3.22479070929341,10.5103290320244,3.58829545004449,3.09232542807022,10.2546394844569,3.47136038401573,2.65145145756742,9.7482100407304,3.31486230516349,2.86220345798293,9.41573667098036,2.93252534479409,2.74752438287646,9.56739462378718,2.86434602062329,2.803525549786,11.3799644552827,3.3126676629473,3.23908038057941,11.7599645786042,3.27368063114746,3.15887109699419,12.1473957696303,3.20730565592568,3.10922836950382,12.5207149354845,2.82695659322922,3.01015985000409,12.8771042059069,2.50845437228707,3.27158510418449,12.8492044669576,2.02784798149635,3.21199503189811,13.1729355936354,2.06459419169701,3.21208198675618,7.45289674384854,3.84189273951552,2.8405589687525,10.3339238437676,2.50742207146135,2.96925603356232,11.1556972015305,2.22457470319024,3.0788495476187,12.0043026083416,2.05515363261347,3.14564694166451,14.3751751388458,1.97377736480778,3.35732453078327,15.9702664535737,1.73003227088126,3.66211807516358,16.9424977625704,1.54913937261766,3.77196565125621,18.9648729496515,1.40096824526509,4.20054176150243,19.8696360553482,1.31523578045272,4.39336013995344,20.7281720996894,1.10202625975999,4.45259956796143
10.0677250550163,3.65971459192011,3.27780521988459,10.3525424382154,3.64095730998216,3.22108831782507,10.5095539304395,3.5889634297727,3.0926087059708,10.2490331263475,3.47590033836624,2.6497405284354,9.74593193219499,3.32095667912092,2.8645575925028,9.4013818208427,2.93249444295096,2.74192288451677,9.55384227632262,2.86262890127855,2.80125579110444,11.3532707256287,3.31993275452097,3.23110802250848,11.7393278209037,3.28860708620755,3.1808969219117,12.1448081748466,3.23262703611917,3.14058348756093,12.519802403732,2.84531663107314,3.03294772006164,12.8807499532303,2.51403993261175,3.27660338724283,12.8434315096192,2.03813295981724,3.21299227837022,13.1728404915064,2.0679875175793,3.21520034513984,7.4412580943202,3.83049930360861,2.82296213860134,10.3378071574905,2.50545829934322,2.96742590942819,11.1423200231131,2.22817819975718,3.07756454487,12.013084452091,2.05122854224341,3.15364375624875,14.3768542823513,1.98543183400914,3.37833997785612,15.9985104655199,1.7339855383663,3.66909566694549,16.9239252291725,1.56110015702235,3.76439807267693,18.9352505786015,1.40610055653225,4.20345896802546,19.8437414210248,1.31915625297756,4.39857734309788,20.7202482225812,1.10064444428916,4.45547304348059
10.0726598254592,3.66089933300195,3.2749111539379,10.3558495817757,3.64246629255098,3.21961329850637,10.5051831810691,3.58794127556234,3.08392658016351,10.235099212152,3.48038099599101,2.64997191738318,9.73593339708463,3.32419563267881,2.86164557356891,9.38666418744423,2.93382088028965,2.73376080410256,9.53941643637304,2.86454967217118,2.79465092661884,11.3435838609154,3.34497383322103,3.26422217292345,11.7258908152612,3.31427847705203,3.20384386649738,12.1239507316877,3.26844317313956,3.16831284128585,12.5337542520088,2.85043990747259,3.03019354297248,12.8730270355641,2.52194246515708,3.2891993239887,12.8316903082867,2.04745045058179,3.21106899859091,13.164686256717,2.0723546073425,3.21842596426683,7.42773096480197,3.82949395289402,2.80967806958769,10.3209816687241,2.50699987429524,2.95985136612618,11.1298292194872,2.23278211307528,3.07644571047535,11.9994085472025,2.05383589590549,3.15662111982504,14.3679929173246,1.98683820522766,3.366898598808,15.9668173528737,1.74128553158638,3.6623778350166,16.9026497630527,1.56446521696734,3.76553877743077,18.9297868899485,1.4088555149861,4.20445785028407,19.8527785273357,1.31864364306418,4.39748154382939,20.7108918806121,1.10329784904301,4.45330744539464
10.0725589740967,3.65673566702522,3.2771907366286,10.3531365372483,3.64225731048819,3.22019524958147,10.5030970088333,3.58680466775528,3.0852782471567,10.2314153219627,3.48271140468822,2.64888803927772,9.72738283815578,3.32494561484314,2.85766663863905,9.37976332344146,2.93643841566797,2.73026367273521,9.52851999988742,2.86615289151051,2.79264595497725,11.3383416478024,3.3844868158191,3.32604778121364,11.7187668690942,3.33292360358348,3.24133788789841,12.1502747823798,3.28790183301165,3.20399701285903,12.5291547289056,2.8605643720748,3.05057966523572,12.8654718423428,2.52327922032638,3.29028437458548,12.8172264242984,2.05500522596562,3.21442288398516,13.1523779679531,2.07639845968823,3.21668456229168,7.41646055167135,3.83107900649143,2.79155090706417,10.3063965384411,2.51316034878309,2.95739640146134,11.1067237975322,2.2349311612945,3.06942806788055,11.9840599917221,2.05964658624823,3.15572199291934,14.3637125894756,2.00426878682782,3.37846315609124,15.975587338994,1.74533996480699,3.66718903379547,16.9023793212548,1.56691847086923,3.75600343194594,18.9273415893761,1.41182177954892,4.20273678921255,19.8492561686774,1.31905123384497,4.39619228400063,20.7013629989786,1.10208234009354,4.45256897584667
10.0736714846134,3.65584400922345,3.27869208289854,10.3499324510465,3.64494754003523,3.22077527522941,10.5014710943945,3.59109504825402,3.0880247045744,10.226992438033,3.48548110672276,2.65512516412055,9.72017478933876,3.32376398684558,2.85033456201059,9.3717009120054,2.9299471327648,2.71572427850216,9.51823119379084,2.86655490556119,2.79169509514005,11.3364210726479,3.40169175644524,3.35334278840822,11.7402525415887,3.3569581978782,3.27231685052512,12.1594618275188,3.31309879730314,3.23933670778311,12.5243705305096,2.87784826666714,3.06606160055332,12.8491226005529,2.52555932754711,3.29555154587821,12.7982303729053,2.05545049006121,3.21065860519017,13.1480511589608,2.07387177252327,3.21973600537523,7.40691882462106,3.82868766023156,2.77439978597104,10.2912636064268,2.51455795069569,2.9546588311486,11.0835700154922,2.24270903896027,3.06365865925657,11.9653114759297,2.06447305177119,3.1547155109125,14.3610158574677,2.00998883108656,3.39093472678965,15.9406200368454,1.75864300070389,3.66767401051169,16.9012913637832,1.5725920121029,3.75758781876735,18.9410057486953,1.41438936479525,4.20447291831567,19.8468623381271,1.32013082075368,4.39498755195086,20.6929569688894,1.09878065585589,4.45051038569455
10.0817792087571,3.6533291040261,3.28218926790266,10.3539295794827,3.6417937114501,3.224334055134,10.509775826435,3.59028494013295,3.08214921306727,10.2156451495922,3.485548094389,2.65839271987218,9.7019717803197,3.33136268152706,2.83924610342768,9.36030799812133,2.93952656552464,2.70730785640577,9.50208946211486,2.8723480119703,2.78445637192865,11.3277674230793,3.40446258244016,3.37387802798037,11.7349797230106,3.38745277965398,3.30434147357724,12.1493902443578,3.34042673899971,3.24863625115268,12.5207836562847,2.89908287309311,3.07639875317126,12.8231146428588,2.53902133657728,3.31216403350923,12.7885213129894,2.05842311512787,3.20001562981229,13.1401547264048,2.07981509960938,3.22125829902375,7.40123747723196,3.83176109812678,2.76276150442819,10.2801917156293,2.51650354204004,2.9531414605395,11.071600933266,2.25399627546554,3.06108320850587,11.9539685047633,2.06783870433996,3.15391016353249,14.3443375207865,2.00545936268314,3.36486193628355,15.9390632650995,1.76251807004898,3.67369770791252,16.894057376987,1.57692286159081,3.75445118807823,18.9476632470139,1.41220021833397,4.19283593746209,19.8527870666752,1.31999865058056,4.39481551505242,20.6820646658708,1.09790045052672,4.44741399963743
10.083232327058,3.65471701528027,3.2773530945266,10.353565977033,3.64347366602927,3.22304883635265,10.5054468608772,3.59066989093701,3.08047880907909,10.205650324621,3.48728598340241,2.65808069292567,9.69284241036031,3.33384192071412,2.8307098620818,9.35369194582025,2.94252589298244,2.70373015747055,9.4931575007582,2.87538937110249,2.78016821349012,11.3354402425732,3.41692423792797,3.40081739339088,11.7283420627802,3.39380293647152,3.30381937786034,12.1500905819274,3.35196030196362,3.256409119276,12.5245545290253,2.91219693581136,3.08981345128515,12.8212891594423,2.55136721800064,3.32241284889311,12.7801679967748,2.06136120121998,3.19818978278053,13.1409589142775,2.08721948546215,3.21791080927396,7.39774253477786,3.83457112768992,2.74514187853781,10.2756076594428,2.51544205232078,2.95260537528737,11.0671994050648,2.25637193746139,3.05740487479422,11.9450481697905,2.07210989846636,3.15124844042622,14.343739597039,2.01466088371579,3.36876118488238,15.9468239568717,1.76585532225939,3.67886732013,16.8873420790887,1.58365418472194,3.75644569617517,18.9263953915657,1.41598474605905,4.19315904102301,19.8341754531001,1.32248868772878,4.39449223264154,20.6748531817542,1.09733564694686,4.44857166328122
10.0886159914434,3.66112334073737,3.275373808508,10.3564152430448,3.64288724295653,3.22006858502435,10.5017430082851,3.58818173481257,3.07639817009129,10.1973450894111,3.48701187924121,2.66148334742666,9.67853189758887,3.33942386132251,2.82730926384524,9.34153638376721,2.94729117135277,2.7017071295562,9.47745321675685,2.8801300904597,2.77255672452872,11.3306766138785,3.41698901014887,3.39808779808543,11.7216788348929,3.39598027930317,3.31192462995108,12.1519540404927,3.35458821217381,3.25968664472251,12.5167337498975,2.92320028595864,3.09197405726783,12.807442588527,2.54506946029096,3.3280451206206,12.7684785357516,2.06752660504212,3.20994256523615,13.1372002140934,2.09077615250228,3.22156951754698,7.39146680226026,3.83620055756597,2.73759185903766,10.2645039581904,2.5210429093272,2.94768585859378,11.0565619074746,2.261389642447,3.05322303484312,11.932769118792,2.07423442370689,3.15125989523695,14.330723463876,2.02278422047012,3.37617322990894,15.938627414324,1.77089273010494,3.67734799974985,16.8753928365147,1.5908048781258,3.7571751415818,18.882571970859,1.41780578668564,4.17007741157111,19.8186026212726,1.32159324143995,4.39578726851434,20.6684740321183,1.09635106697039,4.44675290542826
10.0872184418962,3.66705760602178,3.27077259939957,10.3552597441056,3.64553265575102,3.21989322098623,10.49947787047,3.58843742329697,3.07526408507954,10.1922702723921,3.49165786187339,2.6638781827942,9.67391861340927,3.33922085783383,2.82623703419697,9.33614659616103,2.94740970824438,2.6983455358595,9.47218675450852,2.88070748165673,2.77049820580857,11.3288090375622,3.41747727326235,3.3945486414836,11.7253500143117,3.39219460193236,3.30217155713646,12.1466398810548,3.35458278283802,3.25797676960801,12.5151366857444,2.92048117748251,3.08647114027998,12.8046286995618,2.54901802794361,3.3282252344193,12.7665510932993,2.06374766044855,3.20308334186269,13.1272895835595,2.09084049702101,3.22168705198263,7.38536492326136,3.83906084845105,2.73421152042287,10.2576359345946,2.52291335641051,2.94565257670578,11.0536480407213,2.26504414604703,3.05066875078463,11.9292700737656,2.07870848459123,3.14991927781466,14.3019969529862,2.03338698157289,3.37586477060016,15.9567844392468,1.77348661701951,3.68063744927422,16.6371102371332,1.62326914656826,3.69961553864739,18.9092749532461,1.42333874549887,4.19030847066159,19.8213695356188,1.32381971400259,4.39382351185601,20.6638364150759,1.09408186626251,4.44368009679514
10.0870462083823,3.66766807007624,3.2754209698887,10.3562743511035,3.64380523239993,3.22075107853305,10.4949497803769,3.58543207426064,3.07145961272752,10.1847832702095,3.49408748534177,2.66667178990398,9.66713393205077,3.34114661190727,2.82570126883256,9.32995447490453,2.95118813911312,2.69615269779046,9.46462562703909,2.88541262960211,2.76822413983509,11.3288365454439,3.42019784610702,3.39555276501349,11.72348479806,3.39933468015612,3.30630027062867,12.1506402718221,3.35698460518039,3.26056186822079,12.5112998119591,2.9224268234825,3.08366587363713,12.7951772021401,2.55377376531772,3.32779444667384,12.7557554688967,2.06584930852588,3.1995714477337,13.1158677011039,2.09378513284977,3.22196508990434,7.3791133956887,3.8428675766844,2.72942571795951,10.2524505517901,2.52574403122875,2.94326955524323,11.0465455949253,2.2666288975328,3.04788539062253,11.9226695193392,2.08209398176639,3.14614337582089,14.306041986845,2.03757467067351,3.38071016376718,15.7633449532081,1.79783737592025,3.63532485789051,16.8437684037762,1.59755919322227,3.74363333587728,18.8735142573419,1.4253501289644,4.16870458182405,19.803811222432,1.32505719728463,4.39285028227518,20.6567042621941,1.09036163027908,4.44268441132309
10.0874094025369,3.66844902510226,3.27444777239383,10.3562699850748,3.64397784100499,3.22023630738651,10.4900082834876,3.58381403163838,3.06629621530032,10.1788102135338,3.49646736308198,2.6662488001626,9.66146353098143,3.34260031733721,2.82329682388722,9.32481174629866,2.95852735945461,2.69057144207267,9.45983691565096,2.88753568130063,2.76643331757807,11.3260102226661,3.42127557247594,3.39203696387753,11.7247395815638,3.39941831014354,3.30129661176566,12.1491336994556,3.36187245791752,3.25847272327595,12.5094109801346,2.92570578418673,3.08029211685145,12.7919554278991,2.55721051403764,3.32541464937731,12.7629908818564,2.06629144937933,3.2054581950228,13.1042121395519,2.09400620215228,3.21460263676659,7.37366998439924,3.84349340894706,2.72823172144308,10.2481103324757,2.52837209297855,2.93971116514168,11.04654584463,2.26672556521972,3.05255421204899,11.9178964224576,2.08135149523505,3.14345737615983,14.3044687660238,2.0414163260851,3.38564488172446,15.922537568267,1.78463352649158,3.67484503507594,16.8727026736563,1.60369313256684,3.77163632665257,18.8689451794228,1.42757630160517,4.16555108909392,19.8013343879536,1.32340274966649,4.3923896656962,20.6517993913168,1.0893837291497,4.4435821204714
10.0881340202298,3.66850247679424,3.2725981648184,10.3568934749902,3.64246996013888,3.21780682379756,10.4893657877585,3.58188709587282,3.06245260693486,10.1721914739272,3.49838499485046,2.66365975858303,9.65824826359142,3.35041221351296,2.82516085331007,9.31907822684679,2.96297455182376,2.6867795298963,9.45266120571002,2.89400260550161,2.75916412179132,11.3333381787939,3.41615167238559,3.40043772109341,11.725902172569,3.4035939433202,3.30725457880269,12.1478504747398,3.36493867945783,3.26427251445597,12.5021263499401,2.92726045275982,3.07718370524532,12.7866640733925,2.55808737266801,3.33003580288856,12.749346455855,2.06522136974837,3.19593115417866,13.1003572775565,2.09481036809824,3.21532406272878,7.37126228767621,3.84384360658516,2.7281372664774,10.2372782274961,2.53377484584646,2.93765244089882,11.0392230986291,2.27439155827211,3.0468126180515,11.91195357125,2.08386329406796,3.13889482403951,14.3018870760827,2.04134476447368,3.3862098766714,15.9272689618652,1.78608797028295,3.67653602781607,16.8483800425471,1.60543516997408,3.7537531645258,18.8827928667603,1.42439100134862,4.16764344619662,19.7955249609925,1.32083788215563,4.38543451649624,20.6428751065099,1.08728581396894,4.44220019287912
10.0841342274767,3.66836709766133,3.27057688997539,10.3543417253466,3.64404917302847,3.21713229265707,10.4812532597132,3.56572768888084,3.0724384207368,10.1709053392161,3.49958899144063,2.66360390182326,9.65982507946281,3.34229411810167,2.82929764825484,9.32558177021071,2.96201921645052,2.68616793984219,9.45867482864472,2.893098487909,2.75963035613709,11.3336540282907,3.41621419948302,3.40140030345403,11.7295493458632,3.40149875651376,3.30599032630861,12.1544491728136,3.37418495153371,3.2853199072551,12.5038691670086,2.93461552861557,3.06092287644754,12.7835380666746,2.55699700715344,3.32887879905766,12.7501509411984,2.06612814471086,3.20453832442545,13.0902822375908,2.09586367425429,3.21323566031066,7.3661234900093,3.84693070818047,2.73043614620151,10.2328199035118,2.53399675960466,2.93407567766934,11.0393721496473,2.2765902750298,3.0414854685743,11.9075892361849,2.08310856546546,3.13612325124079,14.2774734130075,2.04456109349216,3.38457951137814,15.917680248537,1.78931449352236,3.67785618225208,16.8428192456795,1.61253735020294,3.75568698029295,18.8773901174511,1.42894812450335,4.17109079684311,19.786409735201,1.32034040040049,4.38257905641949,20.6378805389208,1.08650172795958,4.44115503315843
10.0851378065141,3.66702182442895,3.27311484701443,10.3556352662699,3.64286610478156,3.21822127537451,10.4761497596075,3.5648843563472,3.07077400361881,10.1651313616735,3.50135065834536,2.66519381625904,9.65728364922517,3.34266984976777,2.82718164713091,9.32489649107016,2.96043115000125,2.68717737218698,9.45744273617374,2.89287356697231,2.75986091396708,11.3332371314065,3.4175834227133,3.40120702033835,11.7242707317331,3.40819070771099,3.3122954307716,12.153460647589,3.3763820564976,3.28550116052957,12.5000551936082,2.93667193961139,3.05435626952567,12.7844899974262,2.55389982061878,3.32511354368622,12.7503887044457,2.06807512154556,3.20360304167062,13.0938496860378,2.09580267053877,3.2143328669149,7.36161792898967,3.84846202283827,2.73379431303166,10.2476443725609,2.54543801721276,2.92642758617574,11.0358260683355,2.28054830224375,3.03680553009224,11.9049982702662,2.08307665210715,3.13325682094098,14.2819518917118,2.0446703280708,3.38482916984234,15.7368385665827,1.82463131980578,3.64713633036396,16.8106325605097,1.61580740795618,3.76452302919207,18.8781268825678,1.42848419609129,4.17388494954621,19.7795007446414,1.31964435592408,4.38073470140447,20.6335512559482,1.08723861556453,4.44091592338145
10.0834466524129,3.66469157636833,3.27105638069402,10.3537828068236,3.6440949594048,3.21784567319172,10.4771558177678,3.56499503276851,3.06749860512693,10.1642777021285,3.50427175204099,2.66419096924912,9.65187247821232,3.34903316079295,2.82776290843998,9.32113545321998,2.96520460073429,2.68399707627244,9.4538643124066,2.89723700656222,2.755164122766,11.3335447302314,3.41810455860705,3.40276137540466,11.7274972477847,3.40712862288148,3.30969546045588,12.1560557050579,3.37842749119951,3.28586368130058,12.4977079098297,2.93923466580195,3.0498798627866,12.781045649975,2.55550216162456,3.32647802409486,12.7429099774434,2.07132324146009,3.20389866573664,13.0853531251589,2.0965358365316,3.21110998229771,7.35733035478225,3.84979945155713,2.73844002678871,10.2460401959005,2.54622030820353,2.92483572797597,11.0366431416981,2.27953237371749,3.034990374708,11.9009164243465,2.08184354184672,3.1333928168854,14.2730348264229,2.04582540730581,3.37905919056686,15.8398331942461,1.8113531494102,3.66934777429826,16.7988688158889,1.61443762365581,3.76497177724033,18.8438191403766,1.42706055701023,4.15399408121046,19.770447852342,1.32056713661451,4.38041613033277,20.6335332745153,1.08920703199955,4.44654145817933
10.0833045439844,3.66663936662539,3.2730969398941,10.3533810308655,3.64326864369601,3.21964511316684,10.4767309441322,3.5652489298895,3.06851841892669,10.1662380831787,3.50815420217638,2.66993898461568,9.65905085993614,3.34822163087557,2.82782753736308,9.32623393047439,2.96464099189009,2.68527261629016,9.45956146845512,2.89731341567021,2.7555462157376,11.3318192982828,3.42078519850695,3.40391694548266,11.7253287417607,3.41140048094746,3.3140362862351,12.1556432073394,3.38072384328396,3.28647178138193,12.4896751446207,2.94376794054573,3.04818394327447,12.7799859776429,2.55525798977184,3.32224113494324,12.7397940431361,2.07264153602805,3.20159420036134,13.0805716348354,2.09848814614783,3.20886488569193,7.35368445937084,3.85300109592689,2.73966693436414,10.2462980231956,2.54613762353821,2.92266515419883,11.0340570512314,2.2770304367844,3.03067790363722,11.8998696866683,2.0824360972986,3.13038227919593,14.2630822424794,2.04502033215216,3.3746240412163,15.7815278354108,1.81707587883274,3.66045692429421,16.8367610661316,1.61699121152843,3.79131858042233,18.8327108198661,1.43367351406116,4.15667952746906,19.7704185776526,1.32133365213497,4.38217091204717,20.6278646696346,1.0887794997687,4.44193059053972
10.0841719633822,3.66192425980802,3.27499752026729,10.3554263966613,3.64231832275695,3.21781361421052,10.4739667064381,3.56371714899972,3.06255932519986,10.160949469843,3.50879250858818,2.6634863502094,9.6501909813279,3.35052601732632,2.82449598242641,9.32270112652732,2.96879377932642,2.68152165248011,9.45629129484206,2.90186873535192,2.75225426297036,11.3315961396392,3.42069559382459,3.407065919358,11.7280377892767,3.40877677702401,3.31259472271992,12.1550536321965,3.38006154071126,3.28576088109505,12.4876965544249,2.94153095469378,3.03806592457915,12.7832386505701,2.5511441403777,3.31216212778107,12.7419932174431,2.07089865535582,3.19639383298514,13.0880898491249,2.09810178972064,3.20862587649792,7.34946687010091,3.85391787037305,2.74418958794646,10.2388063117218,2.54821157184667,2.92141978398357,11.0356877777883,2.27672380817726,3.0303231106766,11.9051931922512,2.08381603346955,3.12797646353537,14.257867227503,2.04497101021598,3.3716443121976,15.858926535665,1.79590763293756,3.66575542845471,16.7989480225899,1.61615736768175,3.7683628940353,18.843528707326,1.42900816270948,4.15447665496996,19.7657675837003,1.32267296918392,4.38135396123406,20.6238533104149,1.09140967609833,4.44408890572301
10.0816612681596,3.66448175182248,3.27512630641169,10.3545065532437,3.64361741930892,3.21900531766872,10.4729317295325,3.56496874616874,3.06695599049378,10.1597152599337,3.51211529819952,2.66508815277498,9.65142082930285,3.35434560868961,2.82325865256777,9.32402627978619,2.96964085719848,2.68253494037544,9.45765086141403,2.90200393396381,2.75242548897469,11.3305369120422,3.41967884908188,3.41065103940478,11.7263834396642,3.41125230318175,3.31740037720575,12.1527029269565,3.38412167557677,3.28493831143323,12.4825314065184,2.9435316183405,3.03181895996678,12.7770864876963,2.55293412314378,3.30658999873053,12.7298941730357,2.07326190287559,3.18783403529498,13.084867865632,2.10077452906446,3.20378666546439,7.35048377069911,3.85635530221721,2.74815680968222,10.2203774178708,2.53797425454213,2.92504871420435,11.0316516043001,2.27690801371384,3.02757244683848,11.9009502234204,2.08463295188563,3.12329381446903,14.2652745287417,2.04245036410885,3.37163613823516,15.8580437404652,1.80304409475723,3.66940703093292,16.8283200475683,1.62076000306514,3.79449574010942,18.8420369369175,1.42428087125185,4.15012518817242,19.7744314994557,1.32161691511445,4.38260849829038,20.6202260530362,1.09348305478538,4.44735676648376
10.0803988462928,3.66479343981789,3.27436965382216,10.3534249183251,3.64385826174885,3.21982315438787,10.4706454475224,3.56504369693401,3.06467711954726,10.1556557897654,3.51356262596305,2.66388236802902,9.64696943948742,3.3544938346469,2.82145536616849,9.31709593440343,2.96791681984165,2.68290084556848,9.44978521642379,2.9020387610268,2.75237614065102,11.329522061042,3.42011107613517,3.41228590300087,11.7246103771604,3.41210839520526,3.31908654000899,12.1503741920383,3.38268278509317,3.28387698932117,12.4797068907811,2.94564630167175,3.02751333550474,12.7715448920538,2.55604085930054,3.29615814566466,12.7282758168936,2.07409379499707,3.18400737501196,13.0793297759393,2.09943722387177,3.19822661635263,7.34531729855764,3.85667077489105,2.7527076654182,10.2192930204721,2.53857459377852,2.92322541725584,11.0285000911745,2.27612399650439,3.02589305268967,11.8977205099183,2.08653360769844,3.11955188334478,14.2623553650575,2.03951948606005,3.36688417513541,15.9059469798102,1.7845515416659,3.66710516024107,16.8465101996477,1.61457317986937,3.79776657919859,18.83930914268,1.4236129987694,4.14870333635529,19.7662608654353,1.32302269437713,4.38174174782339,20.616548317304,1.09629064670528,4.44960198993871
10.07826239417,3.66447975862726,3.27475950405707,10.3536488747486,3.64482433868256,3.22092187397792,10.4700367011483,3.56601710475476,3.06500703576166,10.1553023064673,3.51651606074916,2.66644454210301,9.6402566201432,3.3554338143292,2.82167253292987,9.31031146270905,2.9678662453982,2.68292884723193,9.4441119933067,2.90260019154947,2.75234479634479,11.3254578123584,3.42762569301695,3.41032088480672,11.7254133910077,3.4126922524766,3.32152173837505,12.1496697547166,3.37816084178264,3.27296426185626,12.4696328039618,2.95813829262638,3.03984115123219,12.7694988325541,2.55544788971423,3.29041727444981,12.7289917609095,2.07337763427287,3.17899423097421,13.0814370745371,2.0988084531115,3.19298179425004,7.33925491432207,3.85618269262866,2.75703458647725,10.2162403490428,2.53823335523516,2.92535173375924,11.0264472964412,2.27168096329048,3.0274704075012,11.895028596534,2.08647477451436,3.11785801903977,14.2713720655358,2.03616823059434,3.37110107526281,15.9250662610994,1.78291239875157,3.67464058279615,16.8272629655432,1.60822947996306,3.79300418563617,18.8129280795757,1.42434020507377,4.14871104685193,19.7553011683486,1.32513479967113,4.38112016229453,20.614033147213,1.09766992425943,4.4519088382677
10.0752947803308,3.66171144232476,3.27701336477528,10.3525470188156,3.64396750344338,3.22083239740743,10.4664240210981,3.56395499927882,3.06052303004304,10.1490666123799,3.51672523651121,2.66671694642832,9.63145084274691,3.35726380587015,2.81980611209336,9.30004639961468,2.96609725019397,2.68111106731695,9.44532326448215,2.8989967168299,2.75171760522796,11.3317621925596,3.41855391695719,3.41638551344813,11.7217451427132,3.41275155276122,3.31925245987435,12.1500637715761,3.3809822771772,3.28450820671712,12.4675123415715,2.95372913234895,3.02917029411466,12.7645771739249,2.55150183383867,3.27729281426117,12.7185250288086,2.07250163599953,3.17909282535432,13.0705034860562,2.09673124925671,3.18994750376263,7.33467830441465,3.85852723055487,2.76085391341522,10.2085817869606,2.53867650836177,2.91846913018522,11.0205654235888,2.27087078931743,3.02640351924779,11.8885076365247,2.08371848064573,3.11768246982404,14.2702838372664,2.03063321404236,3.36515578507483,15.8934008039501,1.78704593708964,3.67577612725043,16.7692665962711,1.6049657476603,3.76685160317704,18.8162702349664,1.42557753686286,4.15483745847301,19.763388254183,1.32635779817802,4.38593707432325,20.6084740634161,1.10234254191467,4.45654145061253
10.0748545535146,3.65694621918574,3.27709869957715,10.3528449494558,3.64168272490861,3.21917407738205,10.464474481931,3.56136714064749,3.05453629017906,10.1422370317855,3.51618340738904,2.66440306672604,9.62032104261391,3.35953479537819,2.81543512676028,9.29177461858342,2.96794304688786,2.67948566602302,9.43679179484619,2.9009068266968,2.74692811127884,11.3234040113445,3.42682258459179,3.41106393784446,11.7210959961898,3.41425285465467,3.32208273271464,12.1459736228574,3.37798573163927,3.27511983655194,12.4573936005447,2.9555365951134,3.02059356735353,12.747277206618,2.54832115820136,3.25864076069361,12.6962888698413,2.07198890002601,3.1736375829664,13.0451504526874,2.09531204083687,3.18142586810585,7.32790120499667,3.85893477758406,2.76211493925071,10.2044276931573,2.53754514330579,2.91715695108781,11.0124687120394,2.26854087315919,3.02403522474104,11.8785569969333,2.08206077406168,3.11424050698694,14.2706696646487,2.02732072782999,3.35911812398885,15.7917789418821,1.79637867768272,3.65515194863072,16.8368113535183,1.60045837020874,3.79300396544312,18.7738296783829,1.42828260995672,4.15876792968652,19.7536997683708,1.3290068893278,4.38721722414992,20.6032002482305,1.10631545528976,4.46222957750618
10.0739085214093,3.65600692740171,3.27822891666478,10.3522352376246,3.64122885680798,3.21877943232023,10.45794245938,3.56076126920424,3.05164135399309,10.136403135682,3.51559975969476,2.66340596324526,9.61346967972398,3.35697422730443,2.82114311795322,9.28577565280113,2.96311398137552,2.6831916486275,9.43029078935699,2.89619180096145,2.75038141666418,11.3253831832104,3.42480557434477,3.41504357537047,11.7217093509749,3.41374211111175,3.32419328987294,12.1453171752762,3.37796921478786,3.27557763125509,12.4439098951564,2.95381953268047,3.01777053250728,12.7411107340426,2.54526532909668,3.25690536358345,12.6887200491951,2.06729676346595,3.17510813266938,13.0361077344252,2.09340752387199,3.17754542754193,7.3210884142645,3.85636599277054,2.76561379033861,10.1968291357899,2.53508801090291,2.91623466091473,11.0101058547352,2.26380344883597,3.0265333207283,11.8769247329875,2.08563075775837,3.1103226463685,14.2540585833185,2.02744326937147,3.36138693928305,15.6661616754742,1.79649375866487,3.59974339501839,16.8337985512435,1.60018827541159,3.7944309317725,18.7644371847616,1.42859433305254,4.15697396573182,19.7476803701513,1.330157517798,4.38722531515026,20.5967706516186,1.10860360233395,4.46331405755961
10.0702933995298,3.6550868710756,3.27723974579986,10.3504920987907,3.64037523005414,3.22142618044293,10.455981964018,3.56070784335363,3.05450712511133,10.1321287254222,3.51740932552264,2.66587944869089,9.60913045536565,3.3605952549401,2.81747837017116,9.28102868536197,2.96928596508836,2.69669799034725,9.4268377987086,2.89696698146483,2.74670926762845,11.3233108757062,3.42579673598381,3.41370950220882,11.7212079895896,3.4154278208514,3.32521749161271,12.1423584756017,3.37791494032046,3.27520465396596,12.438350578762,2.95393380841364,3.02290842145042,12.7438334787863,2.53728921062283,3.24629767157642,12.6713099057454,2.06691844203788,3.17248823659152,13.017889370094,2.09114052941893,3.17166185677879,7.31770736387688,3.85699781886293,2.76565879018934,10.1912125394777,2.53550005628312,2.91458500324455,11.0029277821379,2.26086385951721,3.02853567380518,11.870269705966,2.08934772111464,3.11847033960277,14.250892379665,2.02880794556503,3.36180106788679,15.8137666969343,1.78136541851126,3.64519725039775,16.8599367041452,1.59025110001435,3.79107507621288,18.7646535964464,1.42978749637218,4.163423426578,19.7427553258109,1.33317415584986,4.3887638846674,20.589824325876,1.11061265879536,4.46578195962905
10.0717222292301,3.65558450457152,3.27787649478989,10.3506530528913,3.63920850671372,3.22240169905163,10.4491236537513,3.55937131218121,3.05247075663605,10.1232052479654,3.51894597928151,2.66453367542439,9.60213122698732,3.36253179043555,2.8167599049967,9.27446002035568,2.96922514559407,2.69639866404274,9.42118440919221,2.89663627283665,2.74638716419242,11.3230999410603,3.42545446933193,3.41450181001065,11.7215503200635,3.4165610549551,3.32521342515297,12.1395659176565,3.37979975865616,3.27270949730986,12.4359499408397,2.94738302399126,3.00811062919159,12.7298627270896,2.53980355085206,3.24499960820499,12.6699911385403,2.06374764171657,3.16984627833844,12.9977126448968,2.08853579684186,3.16927280566588,7.30986322562891,3.85613152474588,2.7659571992168,10.1794545390147,2.53754278138949,2.91228382174299,10.9895939138475,2.25071520158483,3.0322506917288,11.8573990149013,2.08962613146646,3.11351432554933,14.2291688531149,2.02724085347357,3.34944995654602,15.7795837377489,1.79574044105584,3.65351886333921,16.8123893996462,1.59658633598809,3.78117872477088,18.7776386468227,1.42473866308403,4.16242235925723,19.7485755323715,1.33178329146388,4.39293073600115,20.5805601987959,1.11378136464812,4.46914796751331
10.0638512985426,3.65343586968875,3.28198901480185,10.3455368184708,3.64279751817333,3.22152204798752,10.4517182494996,3.57991961005559,3.04092016255841,10.119326541589,3.52038289030939,2.66510965693254,9.59830006675943,3.3665194030497,2.80958807792834,9.26780643303394,2.96956478448774,2.69648425513129,9.41604164994204,2.89576163342914,2.74760271637063,11.3237305107058,3.42753008395357,3.41529817186157,11.7219405741622,3.41709229752345,3.3251561013978,12.1375613916172,3.38045824677368,3.27127870936474,12.4251436749752,2.94671373357094,3.00169589647218,12.7129876416865,2.54052482119684,3.24429279746535,12.6539170335151,2.06678973282799,3.16119932407705,12.9842365765201,2.09008544926816,3.16345467504884,7.30162435469043,3.85323891199308,2.76592221594172,10.1815213629507,2.53464327056936,2.91479387289695,10.9832319239693,2.25077649952267,3.03518787515031,11.8431692856457,2.09028857917648,3.10955138258396,14.2456427948311,2.0218055254487,3.35438057853127,15.7852664729213,1.79072758627424,3.65073185433057,16.8167789545597,1.59064531123942,3.77970327414709,18.7695800393018,1.42335593281023,4.16171444922727,19.7329829811146,1.33356057671749,4.3917293334683,20.570677768106,1.11415151247834,4.47374721638811
10.063021425294,3.6524192651255,3.28248096766555,10.345170552663,3.64241063388189,3.22102155918819,10.4383364588018,3.5600399664,3.05087933522398,10.1118771675798,3.52422079102483,2.66328331249011,9.59271358668892,3.3709919071391,2.81136170793146,9.26297750052237,2.96898591912724,2.69928487939003,9.40913532411477,2.89261936740755,2.7518271432648,11.3234943201556,3.42793592153601,3.41580119543946,11.7221842936382,3.41897481889396,3.32907294868834,12.1361600925198,3.38262629990544,3.27224513749374,12.4211145031551,2.9527949655511,3.00747624681573,12.7022982257732,2.53923797776501,3.24338872170359,12.643736514555,2.06377711818212,3.16217804783497,12.9802295038388,2.0862684115109,3.16372954018803,7.29414934519429,3.8526581691835,2.76731480079868,10.1713174982333,2.53334428680588,2.91474720660404,10.9671015013906,2.25343601544174,3.03363357815876,11.8332880221248,2.09123513656242,3.11175526617486,14.2293532534057,2.01921045595127,3.34567997085313,15.7896783800168,1.78931536773672,3.64741341345162,16.7860706685309,1.58616646518726,3.7642403142671,18.7557575516567,1.42425945582875,4.15812770828393,19.7120381924144,1.34272511950969,4.39231101856787,20.5610902117429,1.11535605791141,4.47929004302936
10.0610843235528,3.65257412938837,3.28102918813558,10.3441485291438,3.64181197162318,3.22099402037111,10.4399418496779,3.57939929042648,3.03673647284809,10.1023747895548,3.52429562086971,2.6626931003044,9.58982725178801,3.37207666907094,2.81675227168146,9.25134686526258,2.96745622496987,2.698764114252,9.39698604187468,2.89158548092229,2.75258641949684,11.3212995467571,3.42877325137741,3.41775717090112,11.7215685608767,3.41811553506334,3.32756227621778,12.1343788773306,3.38272456837804,3.27204478462664,12.4148681813549,2.94778544560544,3.00469051392711,12.7028390360772,2.5353751602581,3.24146324294018,12.6445536386879,2.05806217298228,3.17013888370428,12.985344133567,2.08230035669258,3.16681288561606,7.2834682181452,3.85036301822191,2.76838315175769,10.165795437952,2.53421806573727,2.91388350167276,10.9598931599047,2.25257323865916,3.03706739482181,11.8304399194772,2.09116499065498,3.11019066438304,14.2222770546129,2.01919255882122,3.34556844493255,15.7392918028585,1.78827085567356,3.63643032807873,16.7652564328907,1.59987662218124,3.75909935292546,18.7404052019241,1.42873558428815,4.15611440721751,19.6930022331975,1.34504462920993,4.39506775696468,20.5502728986373,1.11848421834877,4.48109221545368
10.0594751650703,3.651565937126,3.28259128634691,10.3413792196642,3.64019110689781,3.22270296548173,10.4327094838571,3.57629973660241,3.02970828098391,10.0868068208772,3.52955333792766,2.6621936034466,9.56380509829751,3.37554230784353,2.80773551672905,9.24089902415074,2.96298112705864,2.69169756911168,9.38146939677512,2.89268972300906,2.75299129207387,11.3190375150579,3.42992629222423,3.41712268120926,11.7200469250578,3.41963678270032,3.3292856185512,12.132651055961,3.3855002778376,3.27281786686686,12.4151495508082,2.93436595839265,3.00783480309181,12.6965230953604,2.53704444926449,3.24065457114904,12.6328893545635,2.05389698196002,3.16953707028132,12.9651855486874,2.08225860201548,3.16639162856808,7.27549601242835,3.84518997449462,2.77036130004843,10.1421822594142,2.52791081287581,2.90989187224597,10.9549683166564,2.25704745926664,3.03379891685817,11.8238739558274,2.09428632185738,3.10923818627936,14.1737513675133,2.02467811247116,3.3284752578462,15.7836672991866,1.78023700358045,3.64504254966891,16.7680372601897,1.59629472327867,3.75482901899171,18.7532267454634,1.42766390807012,4.16431708997996,19.6957397265882,1.34563293825996,4.39760667873784,20.5432390902151,1.12212477555246,4.48326551276396
10.0583984146632,3.65223718937493,3.28223061181694,10.3391005814289,3.6340816704214,3.20706604555274,10.4284922981399,3.57639286633874,3.02531882602057,10.0794916765729,3.53111774848954,2.65626034357356,9.55593692965966,3.37584059058394,2.80876516626574,9.22971770587434,2.96495600857828,2.69324776352037,9.37073715151502,2.89339093723247,2.75478417235151,11.3193596065732,3.4274820193794,3.41624902950274,11.7201931406825,3.41952456737804,3.32846389877835,12.1320251213348,3.38430952110899,3.27094895815458,12.4084648984682,2.9303308170091,2.99777181906022,12.6874640149469,2.53673283756358,3.24076008465684,12.6232860687939,2.05184689151421,3.17029352757363,12.9554779375859,2.08068634697409,3.16748288147007,7.26833473527409,3.84699338273311,2.76998384438594,10.1297186028036,2.53503581083412,2.90527757064359,10.9432482969091,2.2561795767827,3.02240842470855,11.8143720466683,2.09562075444159,3.10635233551497,14.1357940392358,2.02891836734673,3.32200144990328,15.7696138084898,1.78617521083051,3.64595055547667,16.8132031083725,1.59996105294411,3.78049312978981,18.7487124784903,1.42662409798157,4.16473698605441,19.6922750247148,1.34632131200756,4.39734053576806,20.5352602331417,1.12365943180013,4.48414883779505
10.0575378743381,3.65468486933387,3.28068007366552,10.3395771525102,3.63693541809542,3.20619949983309,10.4276722680929,3.57828901332801,3.0228327203147,10.0860468163082,3.53025728802195,2.65805584409999,9.55357561744305,3.37310171221485,2.81462905184928,9.22230136205735,2.96325517296932,2.68907894035092,9.36789968863367,2.89226353693511,2.75351550733129,11.3186867090402,3.42805498933074,3.41512300362719,11.7212078194355,3.42068541520141,3.33073729585382,12.1309569273069,3.38364746025942,3.26992733327019,12.3992777625055,2.93235908671795,2.98777739920348,12.6760074438692,2.5395312015179,3.23564100650115,12.6088333352024,2.04947705763168,3.17285378682092,12.9431182856972,2.08116087863882,3.16450883147617,7.26082062680972,3.84751831264853,2.76274596193236,10.1200956393709,2.53801589451201,2.90205967307777,10.9404902975489,2.2555021903278,3.02289389616099,11.8083973767872,2.09368548143047,3.10618661945343,14.1307211678971,2.02610064446735,3.32438749848575,15.7675776889569,1.78343585376768,3.64617832030702,17.2449325133339,1.52626303939223,3.73358710058854,18.7545601776551,1.43012027325442,4.16531583343019,19.684121764726,1.34856427873289,4.39830053184351,20.5286889036189,1.12317770562836,4.48370425115018
10.0588315936644,3.65122211061873,3.28375209152606,10.338639205528,3.63484683887258,3.20739841959898,10.4181982594716,3.57500300021671,3.01285114142203,10.0768440937392,3.53482257628939,2.65866465186329,9.54207047126957,3.37635369981773,2.80943782201993,9.20815885681069,2.96977599778661,2.68274383211564,9.35608313613489,2.89983916417326,2.74803860996957,11.3259253610304,3.4221009110336,3.4199376736345,11.7209929583793,3.42183024436925,3.32961246000102,12.1294120571058,3.38401811590113,3.26502686099862,12.3934006233449,2.93266936130846,2.98113364006053,12.6671634181646,2.54159654330397,3.23859486911851,12.5929964847228,2.04919159076354,3.17294585023385,12.9275604321599,2.08550994104478,3.1623326012462,7.25059978853491,3.84804851803166,2.76584164515734,10.1070416771214,2.53882463926968,2.90210862169196,10.9206196242386,2.25371061704751,3.02666197520786,11.7890801014644,2.09348186228754,3.10473279201722,14.1077491865795,2.03760723379515,3.32029008595357,15.7730397224108,1.7834091760764,3.64506578300638,16.705745705392,1.60266181033773,3.74501677421892,18.7089964900545,1.43232814365234,4.16195512330151,19.6427205854396,1.35253387710793,4.39657741286127,20.5197210051205,1.12401122540262,4.48570771698576
10.0562205067045,3.65329059239239,3.28002370784413,10.3375078396417,3.63509885270247,3.20631288330813,10.4163174691799,3.57187875461905,3.01164018535842,10.0715265322406,3.53877358700851,2.65574647908334,9.52826815162338,3.38167365751247,2.80822526257467,9.19511258922947,2.97020147740451,2.67890561588342,9.34271384910531,2.90007432284273,2.74324384030557,11.3272307610339,3.4217053405768,3.42046972518109,11.7233963305588,3.42259612179341,3.33255350220221,12.1276695461661,3.38387893697063,3.26600844910489,12.3849492322467,2.93307777672828,2.97780733590594,12.6540331174937,2.54157755818609,3.23942082896945,12.5842344489045,2.04822900679575,3.17508271854903,12.9191415030448,2.08454687068784,3.16956908951524,7.24528431770375,3.85228177297851,2.76270831117702,10.0983333857655,2.53829039852388,2.90024626567358,10.9119955166345,2.25078847483166,3.02494052048219,11.7780308243439,2.09320095728054,3.10368631752459,14.0991863953875,2.03762133571609,3.31610826919454,15.7414438079856,1.79268693021514,3.64929581210945,16.7048077763179,1.60331448020001,3.74924270975912,18.7281139686893,1.43535594153822,4.17166127342119,19.6380581030626,1.35536500525755,4.39745110399177,20.5122073349438,1.12573290935164,4.48518043141599
10.0540853634283,3.65413059049698,3.27736705645778,10.3347136026601,3.63699792334996,3.2070932397652,10.4130547013128,3.57088207550553,3.01435566863338,10.0604249240517,3.54270313740658,2.6612372931681,9.53074584281037,3.3801120629412,2.80575110955702,9.18446686196816,2.97367905422605,2.67866548969238,9.33148747961627,2.90614912865878,2.74037641849698,11.3274792937315,3.42241032164284,3.42187285014165,11.7233188181522,3.42312541904083,3.33358004425276,12.1264980462993,3.38656564250758,3.26405911265148,12.3736403607581,2.93347515729249,2.96578765923423,12.6363935696049,2.54167495369896,3.23157172958902,12.5695226663448,2.05078836279313,3.17510006355126,12.9022352306863,2.08670726517777,3.1743135872834,7.23316430300011,3.84943273556346,2.76381303699681,10.0860302918424,2.54938481165252,2.90562398150855,10.897355415789,2.25438664458422,3.02529354136122,11.7629463314843,2.08861723057998,3.10692924785588,14.0878065157281,2.0369288003794,3.31600587195338,15.7315163522259,1.79045516899762,3.64479719260048,16.7151749933389,1.60573608874982,3.74778308461215,18.7188197890126,1.4350113924799,4.16209389488794,19.6359621429214,1.35323515050706,4.39325659776552,20.5001054079627,1.13050083301379,4.48638185892712
10.0536741361476,3.65395420837129,3.27645973366203,10.3311699395377,3.63593600588948,3.20771702023206,10.4064110962732,3.56943787364344,3.01023939238684,10.0535266782861,3.54453026091703,2.66112899882168,9.5231741226691,3.38102167191959,2.80393046117557,9.18013018835501,2.97621368413207,2.67643431259681,9.32629366590614,2.90656777038767,2.73696176636258,11.326215974438,3.42342310182084,3.4226215859214,11.7227269757732,3.42434059846355,3.33489299551859,12.1216060046146,3.38771350128804,3.26527629519773,12.3626505685474,2.93047308267185,2.96581142998719,12.6206084687419,2.54781279220911,3.24280563559214,12.5582329686775,2.05251526252893,3.17599913507089,12.8903597319501,2.08850892412014,3.17625723507767,7.22113121065804,3.8525163961643,2.76001495002007,10.0767790561726,2.54949074336049,2.90670021684247,10.8865328686983,2.2566492667113,3.02436417618474,11.7571177541705,2.08177078217576,3.1126433194697,14.0975505793452,2.035606250429,3.32946920475586,15.7379558226463,1.79032523526578,3.64720179181619,16.7194482281663,1.6042224943835,3.75111585345217,18.7102057851958,1.43289536079122,4.1470001728808,19.6528359904929,1.35051453197741,4.38802184210061,20.486883465578,1.13267621863,4.48545524514009
10.0513941319665,3.65673704292896,3.27204201366605,10.3286023236793,3.63780840283613,3.20687230600245,10.3964064717764,3.56949702880613,3.00587082403887,10.0404952979444,3.54542189068269,2.66037390559579,9.51045051109808,3.38530862272893,2.79541975336147,9.1749068087422,2.97736678097941,2.65077112884819,9.31464709855605,2.90756126844646,2.73324103814109,11.3296012435398,3.42346377940864,3.42223703020219,11.7228175269422,3.42471134572437,3.33358267764966,12.1227344344932,3.38776795431617,3.26273983465064,12.3522311207331,2.92305342659762,2.95334866654371,12.6107743011344,2.54623097887011,3.23424363530945,12.5506366465194,2.05511841515555,3.17371465537381,12.8818939964415,2.08956321637554,3.17721438431491,7.20841733516544,3.85378184731577,2.75950143820416,10.0665283200409,2.55230168341484,2.90355240592029,10.8818654843212,2.25938295849227,3.01941442472087,11.7520464917708,2.08256635217038,3.10903335604056,14.0633480541476,2.04537209577317,3.32620748552619,15.7273057189731,1.79003330767881,3.6420690214414,16.6906306731346,1.60409750282351,3.74804204017995,18.7082100156556,1.43821142426615,4.15038393776177,19.6390789980166,1.35402496841841,4.38918023380646,20.4770025969792,1.13506741155524,4.48418124603853
10.0518557635113,3.66154581140419,3.27100082283491,10.3274801984234,3.63906592216848,3.20882615842445,10.390720108994,3.56768481182924,3.00769686457392,10.0331065838145,3.54642668812915,2.66245421799248,9.50387905440466,3.38539815415319,2.7931443643844,9.17240102036561,2.9849498233613,2.6516532801668,9.30849168281802,2.91611409843338,2.73080235059803,11.3283437195407,3.42286149947617,3.42141965650932,11.7229084046588,3.4253326190568,3.33576095650967,12.1229262336193,3.38829577587956,3.26021068769817,12.3351934432548,2.9281593119529,2.95985145097726,12.593746184601,2.54093644676913,3.24081422567069,12.5473062166719,2.05590964599837,3.17654324322153,12.8844773378855,2.09151062912844,3.17708553655319,7.19885277345306,3.8589044437098,2.7566894917371,10.0580544096973,2.55117878607797,2.90493345795851,10.869054691558,2.26135991129212,3.01961359197404,11.7376208913844,2.08567542482928,3.10463311551745,14.0683794689533,2.04405817587855,3.33007444266537,15.767493170685,1.76566823121643,3.60351734048951,16.6651289106663,1.60642899593144,3.73482626574329,18.3170921506524,1.4395291841013,3.96535277217272,19.6414341493419,1.35447854948479,4.38997101793256,20.4652113565163,1.13591252063892,4.48576385443322
10.0521969889141,3.66205285166348,3.26836390567303,10.3153005383706,3.6390142857578,3.20695360547385,10.3826171423207,3.56601699229094,3.00409946416147,10.0159972757729,3.53697994264657,2.64910361007087,9.48619560513067,3.3894447719829,2.79428716884001,9.15802294491942,2.98456506972755,2.6527144720917,9.29344664601551,2.91617784890595,2.73039551168723,11.3133580463989,3.42372277146727,3.41771598096395,11.7240128271061,3.42425223064544,3.33540062580129,12.1228973769851,3.38615134467855,3.25524877425416,12.3274778886858,2.92768197017493,2.94580321874717,12.5895197085586,2.5430079325105,3.24212740098147,12.5376592776672,2.05618514588977,3.17875798744612,12.8776948081296,2.09000235416626,3.18199201860316,7.19012979992551,3.86523447791864,2.7506541475341,10.0492024209168,2.54833070420972,2.9018812175695,10.8570724021063,2.26463746004315,3.01817456448764,11.7261863454952,2.08637941465512,3.10426395816916,14.060853250794,2.04923227339429,3.3340678014434,15.7232949235586,1.78946843584689,3.64435664703426,16.6535930938317,1.60913126210438,3.73780537560036,18.7008587759022,1.43965492621715,4.15435916203962,19.6319280525588,1.35695077583431,4.39073896222743,20.4574322047009,1.13921031796969,4.48339396853802
10.049374591509,3.65908335317809,3.27198141786352,10.3129632991022,3.63826864836771,3.20729966192138,10.3768421563114,3.56432831247751,3.00044243622142,10.0052526765251,3.54233295518078,2.6630131697619,9.47294704968445,3.39243443799887,2.7949393257657,9.14585418924693,2.98665623731414,2.65357037143837,9.27894690761018,2.91846025139484,2.73083506685754,11.3257429019362,3.42153615921187,3.42364270868693,11.7230922046864,3.42597759368261,3.33791237566484,12.1229477882518,3.3855155424909,3.25567006708741,12.3139632404605,2.92840847298465,2.93347868975254,12.5829482570967,2.545565935894,3.23989690680844,12.530622960605,2.06204402518767,3.18023784789758,12.873736398603,2.0961949239428,3.18361676125874,7.17833228011362,3.86549932139659,2.74925266998412,10.0444478619246,2.54905719622877,2.90818539895112,10.8500074657498,2.26621588470925,3.0181473014606,11.7096143646922,2.08952171236356,3.10704329109109,14.0623130790089,2.04583573628351,3.33586101353094,15.7031812356021,1.79137748577447,3.6425835299808,16.6881949685564,1.61189914849664,3.75790549878743,18.6807398636355,1.44285755174872,4.15139930127051,19.6336064287851,1.3563879472686,4.3904084308431,20.4458928907925,1.14446903808568,4.48330938680559
10.0457313700518,3.65670910463191,3.27183996028424,10.3101710123448,3.63626296005964,3.20740425507154,10.3704626277347,3.56412877463291,3.00139389917873,9.99645917222616,3.54508255626253,2.66394806722205,9.46552423437201,3.39533331336843,2.79619622054887,9.13291122513362,2.98804546341599,2.65322379409641,9.26651963881119,2.9226451385382,2.72888728969997,11.3272384907979,3.42096383091894,3.42402442841497,11.7254868054517,3.42544674277501,3.34011675600101,12.1256368880822,3.38566611469716,3.25330889840261,12.3001737534858,2.92674716336617,2.92093973823308,12.5693010695003,2.54213906113688,3.23162135625521,12.518220747131,2.0635186545115,3.18154990383713,12.8651427920391,2.0953074821932,3.18434593937996,7.17033092276341,3.87202620098448,2.74783290362298,10.0378260758908,2.54896598869145,2.90415040512902,10.8327440626727,2.27258792901872,3.01928571847323,11.6938826797051,2.09851849288428,3.11616769634926,14.0526467851876,2.04750627221493,3.33760920608539,15.924280798584,1.73096727763905,3.6334959148011,17.2106455476909,1.54512011941715,3.74507065643801,18.6928119010665,1.44143844649025,4.14813596777032,19.6190758928654,1.35871445751626,4.38751450041298,20.4361363450719,1.14791860511807,4.48173957207097
10.0434064349163,3.65834226139555,3.27044557658713,10.3067892649631,3.63464341247841,3.20643685489044,10.3636369655951,3.56241304907532,2.99818567350896,9.9861767398161,3.54106324283112,2.65135099065046,9.45784561569289,3.39836897411523,2.79497715876842,9.12882537806068,2.99222199475525,2.65271734396159,9.26036868549632,2.92701598287401,2.72900345901923,11.3266795765805,3.41867237686713,3.42162520175498,11.7248561676623,3.42501837917306,3.33992372835284,12.126323303519,3.38553475365305,3.25236616576772,12.2840794165593,2.92502501960308,2.90711225789594,12.5566907983444,2.54547406919604,3.23358453741423,12.5078409150847,2.06617870853962,3.18143397234158,12.8571182653534,2.09971262562442,3.18485697243976,7.16464049022655,3.87856627586933,2.7449655440645,10.0321897383956,2.55225545850503,2.90133235382154,10.814674571017,2.28074752434811,3.01334419693161,11.6765203814107,2.09947349311876,3.1151075602523,14.0457163331879,2.05267558351043,3.33610391164455,15.63467248128,1.79738426127738,3.62630306287808,17.1210488221069,1.55205465149937,3.7561816152094,18.6784551373345,1.44417187988542,4.15250528171652,19.6141109977249,1.3609251932633,4.39021253704607,20.4269912092486,1.14865306123472,4.48095747152179
10.0416178548683,3.65812341627243,3.26978971862623,10.3040518677741,3.63285098104862,3.20832196104058,10.3579245519792,3.56259595070963,2.9985634106574,9.98250415021559,3.54450410491102,2.65349218739519,9.44881116122877,3.38405235661733,2.80798756130765,9.12254616124305,2.98987948551357,2.65475360639804,9.25641362023653,2.92620325267306,2.72973564464924,11.3259429599299,3.41808185573052,3.42143282743446,11.7265931568025,3.42434780182066,3.33910713756866,12.1393648856504,3.3852772983983,3.24675729143432,12.2692619661209,2.92344648727426,2.89113445727229,12.5440870316427,2.54390105739576,3.2244974001372,12.4987493350664,2.07099179010869,3.17900265347499,12.8459534895796,2.10093347551793,3.18148833833937,7.1525886156134,3.88011861773893,2.74717431344955,10.0121849347755,2.55382969341111,2.90404665822279,10.7988193877394,2.27829954815679,3.01897118511888,11.6695238322913,2.09950654990587,3.1152364639196,14.0460770668121,2.05184881692143,3.3394187088352,15.5295133573775,1.82757698769783,3.61870787314309,17.0999540161517,1.55973120060227,3.76268235495468,18.6628942764616,1.44948960668981,4.1512717637211,19.5883929554797,1.36446125587571,4.38998755781697,20.417706872244,1.14766614963225,4.47822892727208
10.0384280307382,3.65957579288726,3.26778313354947,10.3033296106881,3.63061935679216,3.20528323759077,10.3507813810611,3.56000599547104,2.99563103357,9.97240883104613,3.54880303401774,2.65183674045496,9.43924465336031,3.39125845967782,2.80441997624755,9.11480444175659,2.99309782947534,2.65130443004733,9.24718231018095,2.93112833026472,2.72560970165514,11.3264282626717,3.41892365346994,3.42272989258079,11.727631598563,3.42456886497926,3.33794951166557,12.1402686601975,3.38331244315877,3.24667077687485,12.270600859832,2.92563045564946,2.89013051901002,12.5439263716801,2.53944671828469,3.22507274847263,12.48976437858,2.07416385722492,3.18250798333039,12.8377488179437,2.10046748911074,3.18408991034975,7.13675769952779,3.88459815309298,2.74723403113215,10.0031478278091,2.5584563409548,2.90238752954387,10.793445299164,2.27786203788789,3.01872073241389,11.6646948622431,2.10120563256698,3.11603469411422,14.0562376086467,2.05239859084845,3.3519286856464,15.5234072294147,1.83215731696084,3.62007198718383,17.0959985906998,1.56247460890503,3.76057466148261,18.6355781186628,1.45213427602865,4.14589540614837,19.5600277559178,1.36871529238991,4.38038716851552,20.4075085968588,1.14992964789289,4.47486006017217
10.0480777660981,3.68019292580958,3.25413017784349,10.2990635480515,3.6283072530066,3.20386456573707,10.3438022452936,3.56115851626184,2.98941941258565,9.97020227063248,3.55257710155229,2.64667103248397,9.43419784270595,3.39408955347418,2.80298747382268,9.1086445062006,2.99469439263908,2.65378771505413,9.24239429849081,2.93090694453323,2.72688524187349,11.327223217016,3.4168403703025,3.42269946366131,11.7286235948381,3.42328512208618,3.3369127852626,12.1407654174826,3.38616590776128,3.24209191704005,12.2573254968108,2.92171940357695,2.86309065440112,12.53897841982,2.54175717059966,3.21873876175098,12.468378550237,2.07861992967915,3.17706647391392,12.8261813843436,2.09989498170123,3.18500839131706,7.12970043645497,3.88889711763524,2.74865353648066,9.99271389913118,2.56216752177955,2.90249992535536,10.7672270680207,2.28287028430908,3.01590936269668,11.6420251281987,2.10444904115167,3.11203018203048,14.0247158607333,2.05514795325488,3.34199096708293,15.5556555761218,1.8336305983085,3.63145578383499,17.0977918557394,1.56317543434202,3.76125519447059,18.63486728712,1.45365620044011,4.1462200904728,19.5607807024473,1.36834747374918,4.38109724333093,20.3933500037993,1.15167491249578,4.47637270419162
10.0472054542451,3.6810310193382,3.25189836055901,10.294166185833,3.62601766483082,3.20349410815735,10.3350717591246,3.55908428217975,2.98822999428928,9.95609526661807,3.55605247576935,2.64815421206045,9.42534226283746,3.40569729095104,2.80092601846631,9.09815650361668,3.0047225538159,2.66634493446112,9.23048982838973,2.93210780153768,2.72534478780423,11.3245563155679,3.41616582254602,3.42081608858581,11.728133692377,3.42347928065433,3.33816484802974,12.128897369007,3.38373112117714,3.24646514634331,12.2471859937105,2.9308771967963,2.85922243895496,12.5271616242753,2.54486839891368,3.21737234520919,12.4644422520521,2.07980851503275,3.18326900472606,12.8100960627693,2.09829553948001,3.1860273223097,7.11920731150869,3.89622083353225,2.74365917665421,9.97912326667986,2.56852138550635,2.90135330116719,10.7659361038429,2.29390646421989,3.01126751844374,11.6369975477635,2.11404514233049,3.10938571374589,14.0302770281139,2.05409821902186,3.35032638372175,15.5735750013924,1.83029691203251,3.63499625244809,17.1097633567836,1.56244990421994,3.76297533765898,18.6100019832077,1.45183357431092,4.13167934515053,19.5482911345004,1.37054529862492,4.37711907766431,20.3796114185833,1.15204346195321,4.47571372909632
10.0439882602849,3.67783265170532,3.25410761491438,10.2884627673313,3.62515699771453,3.20174380380036,10.3231560947357,3.55443062212291,2.98392826754174,9.93952527670087,3.55331705116871,2.64919945412478,9.40682617860251,3.41636372387722,2.80329173433786,9.0833048644331,3.00441248230252,2.65276586081717,9.21748853157831,2.93796503181693,2.72253798619379,11.325601905632,3.41410742203683,3.41788661766652,11.7285972794323,3.42230900919482,3.33570742945422,12.1296737416393,3.38429297673797,3.24540543987426,12.2332170613711,2.93633173902845,2.85616876866308,12.4972129551391,2.55006032802376,3.21160756107102,12.4311419727595,2.08200779036845,3.17477282443102,12.7829618292839,2.103184948039,3.17699080693581,7.10544115077492,3.8985761615657,2.74344126633601,9.96055038412302,2.57580738598825,2.90134014187957,10.7459009050055,2.28789440955221,3.01647332915414,11.6128962146218,2.11979931539895,3.10738684251884,14.0227188861137,2.05809342168564,3.34902129181719,15.5316329603375,1.83174071112734,3.62456612011028,16.6215615441119,1.63576580917236,3.77240846847531,18.6035901478666,1.45724899563087,4.13299654513396,19.5366876500385,1.37324483510564,4.37677355969726,20.364831652925,1.15256050692712,4.47465595792612
10.0402107577242,3.67879767117139,3.25478652183893,10.2837825586591,3.62567635778988,3.19893530267205,10.3146907107042,3.55430444998217,2.98045505391983,9.91976160049092,3.56431808730179,2.65792734976579,9.38075435287164,3.43055850972579,2.80636623048988,9.06902677980007,3.01600226096297,2.66384760820954,9.19940442006965,2.94391684763327,2.71835733951999,11.3272585580181,3.41301849486568,3.42047928725687,11.7296921379543,3.41839911807477,3.3308354850961,12.1301427725604,3.38722762377253,3.24354569307343,12.2258781830932,2.94743213128182,2.86542080855014,12.4811677788599,2.55005269237547,3.21096424585855,12.4163047163825,2.08349567061893,3.17234558330778,12.7653792768679,2.10370952759574,3.17135715002847,7.09286363821771,3.90280452347936,2.74566694684518,9.94040300823817,2.585874656271,2.90457335891772,10.7298586583387,2.29626570339443,3.0191973882707,11.5991010801949,2.13151214679345,3.10066453403442,14.0149147855868,2.05861841137952,3.34523104004467,15.4002180529402,1.84146334548547,3.5900930586866,16.6305470137113,1.62564440086132,3.77596190451365,18.5837614768528,1.45633770097559,4.13197251221372,19.522121160542,1.37274826505924,4.37824115960259,20.3517962058137,1.15172079529775,4.47394156080526
10.0365975757573,3.68066605632549,3.25635145922942,10.2803531225023,3.62608157479676,3.2012578640175,10.3059128256761,3.55474591135471,2.98134429018347,9.90993886642713,3.56519156214329,2.65911024586244,9.36775803175656,3.43197361519344,2.79884524672089,9.05482394205682,3.01532848862589,2.66449248928843,9.18629301971571,2.94306115054475,2.71879484474664,11.3259378291288,3.41298567675167,3.4201982105163,11.7305087603179,3.41750917299505,3.33148167209968,12.1421529643326,3.39199286338617,3.23751551669104,12.2165757639603,2.95715369487857,2.86412613636354,12.4682781835756,2.55542349348879,3.21242748472228,12.4016737056212,2.08592028847502,3.16824499715662,12.7555743350745,2.10781699703633,3.1724825208363,7.07881054129381,3.90071972852868,2.75234927757796,9.93104328748544,2.59108466051443,2.90406699354507,10.7244215751704,2.30235109065877,3.01715288982893,11.5910518625849,2.13573321002027,3.09565590801903,14.0057066148917,2.05939925288419,3.34639115811528,15.5517053163866,1.83011771878517,3.63099474820887,16.6214866316086,1.62931027414536,3.77508162037449,18.5774540267145,1.45679816655876,4.12835699025814,19.5242379922036,1.3723851131713,4.378930160053,20.3440644682523,1.15238016447341,4.47278717643139
10.0358513244191,3.68335290518601,3.25533658994998,10.275198409736,3.62490978021286,3.19905049745919,10.2983202867059,3.55393316671683,2.98197732279264,9.90312821184103,3.56708653344602,2.66129703019037,9.3606307964034,3.42599481450966,2.80468808475542,9.05059169590982,3.01337011320349,2.66843785965595,9.18058901941241,2.93717025724017,2.72442021984683,11.3271541038346,3.41475855434042,3.42326339839316,11.7313545997834,3.4187885999324,3.32954210314239,12.1413313568038,3.3878740123255,3.23792241440881,12.207440025615,2.96266086754583,2.86099537534033,12.4545836031032,2.56312508503618,3.2213637745065,12.3910426497336,2.08456348897241,3.17072556114287,12.749360482011,2.10899743128754,3.17335314253508,7.06875220484279,3.90334493011513,2.75340986341569,9.92457254171945,2.5927201589653,2.90623845182018,10.7112620286884,2.31196582354065,3.01331477047724,11.5794866199577,2.1385519761043,3.09298276321196,13.9737085987825,2.05761798682399,3.33324487225757,15.535578057661,1.83530733660577,3.63230004419246,16.6121050986553,1.63325908328185,3.77938986416418,18.5826482464064,1.45733950216593,4.13428582715148,19.5191289911233,1.37267977225292,4.37416509416156,20.3345177577915,1.15269537398526,4.47171419291527
10.0178563963776,3.67510224681296,3.25971128448978,10.2710023447694,3.62462414428727,3.18974319299641,10.2892623522794,3.54442646052569,2.98643883772854,9.87029660065818,3.55063215827177,2.66922148837467,9.34935157092811,3.43203889369247,2.80085899081189,9.04316036271624,3.0139424484135,2.66574727962504,9.17500886397917,2.94046300313064,2.72259882361564,11.3283239124853,3.41331055378609,3.42222536412554,11.7330374428231,3.41830909115031,3.32952846954803,12.1426617397631,3.38701539283541,3.23823371636493,12.2069651239903,2.96551155494191,2.85364867017667,12.4470700856578,2.56784973681556,3.2233009458795,12.383076487697,2.08669840184709,3.17423413517676,12.7351276982274,2.11304518993286,3.17272577680048,7.05790682880275,3.90092183079802,2.74892717878937,9.91764121806559,2.59460651156181,2.90331650134301,10.7071570304602,2.31374072786833,3.01056966084202,11.5735332006792,2.1418032232692,3.09065196249601,13.9573226039267,2.05951687564297,3.33247801943809,15.4032623361266,1.84346474584121,3.59095319238571,17.0499827318686,1.57340720992679,3.74037384059401,18.5822907818229,1.45798290646089,4.13536938167648,19.509285533561,1.37522994833773,4.37647294420475,20.324843583454,1.15429885058886,4.47219552237943
10.0318535846774,3.67370256612144,3.27000149542979,10.2670879593818,3.62796434659663,3.18985486813037,10.2834648328688,3.5466920756919,2.9886864693958,9.89464620465007,3.56114213260955,2.6677560859304,9.33974327022428,3.44055533013691,2.80405258402257,9.03615531297377,3.01653285238016,2.66410668112038,9.1700339440709,2.94490113249805,2.7228220462801,11.3304740886826,3.41161971194486,3.42372286948522,11.7325333623639,3.41865001942119,3.32898794980358,12.1415844030947,3.3912975516743,3.23635476999544,12.2152281245086,2.96803005177955,2.8487836614927,12.4523509146599,2.57245908742278,3.22303449952643,12.3833780010373,2.08883018488466,3.17493251915661,12.7406415389695,2.11694090149335,3.17466244361998,7.04584252538802,3.89898165511941,2.75391934485643,9.91014012520696,2.6028888928684,2.90034567260481,10.7054518244245,2.32387974946501,3.00713675113683,11.5762197219616,2.1487941737348,3.08799399791344,13.940108744834,2.07329603385135,3.32899216115938,15.4063579626729,1.84101339111512,3.59626010355951,17.0459898840562,1.57538477256059,3.73711519453695,18.5513929383831,1.46902840494699,4.13543660285017,19.5120443048201,1.3745983093059,4.37777239672172,20.315607795825,1.15539589275389,4.4745785405072
10.0246963680627,3.67755540749255,3.26552764309112,10.2610726850023,3.62656975056278,3.18938367040171,10.2741078150379,3.54530833373919,2.9901034089469,9.88603830783053,3.56624075007228,2.66108345046421,9.33413561142441,3.442356936409,2.80297251439588,9.01626153474787,3.01967037506871,2.66213377334209,9.16007008318843,2.9513435862768,2.72745831052,11.329298139824,3.4121548642413,3.42208391146136,11.7314474237124,3.41839354583254,3.3268228222108,12.141060684805,3.39169092471862,3.23143098575966,12.2032594841727,2.98464435111243,2.8307023895492,12.4321163403585,2.57716673508333,3.22165278339818,12.3655417538032,2.09084427633844,3.16764002587996,12.7249175627328,2.12078352751456,3.17171344706444,7.03623631699455,3.89984924213697,2.75941611850813,9.90245027029284,2.60404780949942,2.89964633996697,10.6914942321516,2.32658096521846,3.01083689971286,11.5572997972124,2.15125025652981,3.08298837927892,13.8966381851101,2.08065108625131,3.33227240169921,15.4011215241186,1.83976511197875,3.59778565941802,17.0329373788171,1.57706759909294,3.7386807283926,18.5417344271843,1.46676480805748,4.12990108458376,19.4997938659427,1.37566495534493,4.37423482950739,20.3072582080083,1.1570760271228,4.47372114208393
10.0259114585955,3.67898016014283,3.26168480558271,10.2471271222075,3.63261995642295,3.18563757870182,10.2618357366517,3.54508385627331,2.98981047605205,9.8784440591604,3.5667302915163,2.6569511809853,9.33013580287258,3.44873805775941,2.79434691639938,9.0085728564415,3.01932222221316,2.66315533620583,9.1551823198711,2.95265671680387,2.7255925859144,11.3318036269215,3.41317568088822,3.42347240469472,11.7329674407733,3.41993645213451,3.32561878100614,12.1416314280325,3.38842140606215,3.22861006074768,12.1908945725372,2.98446216195738,2.82425014155351,12.4090330491102,2.58070106008938,3.21795738896138,12.3478083402569,2.09630349136398,3.16487288298059,12.6848037639981,2.12776173039425,3.16730040002673,7.02136594609209,3.90156398687279,2.76026948089973,9.89671775112303,2.61373390639118,2.89576751628309,10.6778357672216,2.33066231560813,3.00976695457647,11.5346820267083,2.15903154779891,3.09300704210151,13.8942445269627,2.07809494591889,3.32993705966783,15.4051565375478,1.83778193795002,3.60182279402104,17.0336867431339,1.57782588894056,3.74425743602363,18.5278190781626,1.4677168136179,4.13270591069354,19.4694199582352,1.38738193538596,4.36719490327886,20.3004710651377,1.16016360145109,4.47274254123721
10.0240688147835,3.67979315786084,3.26110205366219,10.2418359602924,3.63318584155396,3.18015065651305,10.2458071889166,3.54542918111023,2.99355934389047,9.86060863969102,3.56566721435069,2.65985499516042,9.31918570817012,3.45547178065033,2.79131660398929,8.99873767358382,3.02677412241971,2.66115265271496,9.1446888820455,2.95882968025764,2.72417071302648,11.3304607224207,3.41295107220299,3.42243848767311,11.7315167285547,3.41835421127053,3.32618486749521,12.140501719429,3.39060708383014,3.22941325227983,12.182627802538,2.98991784436322,2.81369050291622,12.3991397601366,2.58336491144407,3.2140076055627,12.3343964934313,2.10215310353278,3.16560088829419,12.6736724855184,2.12992184535107,3.17202234346438,7.00469399431563,3.90032155246545,2.76601142027518,9.88816029045695,2.61949668813694,2.8917469832124,10.6687142518037,2.3357083475524,3.00637460867764,11.5275894666497,2.16961404464528,3.09337680554878,13.8898465700315,2.07894148904194,3.33683590384073,15.7976042907335,1.75231333501255,3.6464290757548,17.082230792169,1.57459923327697,3.76874150972607,18.5303692475255,1.47022730019098,4.14115592864282,19.4669513587281,1.38867554883437,4.36759249083803,20.2895780691039,1.16416411692935,4.47461243288736
10.0229136718094,3.67205098585711,3.26495231778591,10.2359247425098,3.63121564689499,3.18222037491474,10.2352648132634,3.54874734864489,2.99313647446485,9.84870037255001,3.56460126170221,2.65971267237392,9.3051214339591,3.45794969891979,2.78179408254342,8.9900318807272,3.04145615661938,2.6576241473217,9.12812054356106,2.96619162513849,2.72292128608887,11.3179526806891,3.41460796143769,3.41787066075523,11.7291082496839,3.41841437756223,3.32812547517638,12.1338798336803,3.39549979654943,3.22993192013978,12.1838687714587,2.99227359931291,2.82492373473872,12.4008110955828,2.58666180916838,3.22101169467434,12.335245756848,2.1030916510988,3.16632845488721,12.6764496694457,2.12934124783868,3.17493961045862,6.99172871904799,3.89492198688399,2.76877796821507,9.87676730500631,2.62320426628246,2.89112145487986,10.6668313164124,2.34370258992945,3.00686139899413,11.5290049580592,2.15992764422773,3.08429128921747,13.8735650427378,2.08073210845562,3.33152324078987,15.4004026825095,1.84054002392453,3.60228804918587,17.0641129630871,1.57505350924086,3.76815924304465,18.5208563525538,1.46858181536897,4.1409816939256,19.4515920260141,1.3902723634615,4.36556459137933,20.2785841094989,1.16767533368841,4.47423442447327
10.0195665505607,3.66703568146027,3.26330978952573,10.2304797895506,3.6273414720754,3.17885251362383,10.2275890426976,3.55844288930508,2.98286004952699,9.84117856787741,3.55749909349285,2.65252042308183,9.29752196160445,3.4596876086274,2.7818833633243,8.97717440273022,3.03476460577061,2.64310218892295,9.11412418208896,2.96867655324087,2.72069475095221,11.3311362469611,3.41210839405059,3.42451247519905,11.727465905128,3.41698234099082,3.32646730534676,12.1317906952973,3.39484686110672,3.23102551471279,12.1733519613555,2.99316715838514,2.81363759392171,12.392094117282,2.59163624268681,3.21910154750725,12.320640810186,2.11134005673609,3.16559225486973,12.6652588848242,2.13148386966897,3.17152716960925,6.98188587931146,3.89211203339842,2.77157690857761,9.86233687903818,2.62950629065953,2.8938837252804,10.653074937602,2.35410157413208,3.0049511591164,11.516005446774,2.17383508518158,3.09589394397954,13.8800630870426,2.07938231484692,3.33807457286591,15.6684387435577,1.76796259912222,3.61387847303706,17.0889528732507,1.57031197747902,3.78036550902066,18.4763601498059,1.46360615008744,4.11936179550425,19.4386473822109,1.39199993527937,4.36800595937145,20.2684507528975,1.17051632133699,4.47571700291702
10.0189948534256,3.66858048203961,3.2665224933045,10.2297128305833,3.63038222498109,3.17411735073729,10.2262070321874,3.56965081382893,2.97396724608675,9.84120018597106,3.5633258507239,2.64949135303918,9.29607796570561,3.46223736384896,2.78336653276894,8.96980257181336,3.03301185547708,2.64625816660166,9.11190074027708,2.96884140758437,2.72426184132874,11.3308713659292,3.41255847164566,3.42541799186264,11.7282159834517,3.41728090872571,3.32704204044692,12.1309156321534,3.39564834332152,3.23191053978081,12.1718322328393,2.99763119247081,2.81609801504776,12.3892846685535,2.59256970786935,3.22128316514279,12.3114802880302,2.11480169858158,3.16726114958645,12.656192582308,2.13275065273905,3.17010483428458,6.96961509968921,3.88828084113689,2.77776007423732,9.86273075758172,2.62767220516993,2.89587987138894,10.6438933048317,2.36632943919729,3.00062782634422,11.4980248171126,2.18047216361521,3.09388547793019,13.8745725888931,2.08167967746058,3.34035866784097,15.5637712214167,1.80336396299724,3.60748263546026,17.0742088118386,1.57146133537522,3.77938778829162,18.4722179022207,1.46461371441779,4.11917258818657,19.4261020735564,1.39289765927447,4.36631666380477,20.2588840751472,1.17286582356656,4.47618527501205
10.0183855566609,3.66345330222469,3.26774650783563,10.2246101503268,3.62842342611319,3.1675069455547,10.2108831543917,3.57760537802094,2.96972854811542,9.81624651420858,3.57285892648391,2.64522354548465,9.2801343833199,3.46965282755759,2.78808805950521,8.95883136020045,3.03370894040457,2.64517259711315,9.10128041238762,2.97281573801331,2.72028050177669,11.3302426152166,3.41248267867619,3.42432424573984,11.7276955266015,3.41852750366527,3.32972080334392,12.129708575839,3.39694411870545,3.23108076716271,12.1713012637685,2.99387663114149,2.82122717180084,12.3866475755849,2.59758080099689,3.22813701540381,12.3119492494667,2.11591495704079,3.17064633467496,12.6646258160351,2.13529762557071,3.17234980765084,6.95828562754947,3.89113443228045,2.77529714335232,9.85737630966117,2.63311337087015,2.89754321946945,10.6409077062384,2.36750316684399,3.00433872217038,11.494973956124,2.18112570610301,3.09843520930608,14.0386746816349,2.03888069124615,3.35870073586706,15.6658254713556,1.76999052006963,3.62421016528123,17.0561701267812,1.57077193368975,3.77945135144312,18.4724411560824,1.46732535572329,4.12678302181528,19.4277110298495,1.39419238699877,4.36893597678923,20.2529290177314,1.17538757173097,4.47288515952369
10.00320365615,3.66338903325096,3.2643996912708,10.2213164629569,3.6251814735916,3.15768962578288,10.1963187251665,3.58162414474224,2.96406472733094,9.80816993531947,3.57362311212021,2.63520077071519,9.26253850597113,3.46598314164576,2.790897950979,8.94438870771832,3.0385423744314,2.64511342032693,9.08751603573265,2.9780002530679,2.71598838776624,11.330841317028,3.41224914544778,3.42397567124385,11.7282653160677,3.41875278618631,3.32657917961009,12.1319224292907,3.3929479040042,3.22636456473747,12.1600571567394,2.992217752338,2.81971811481839,12.3719535876117,2.60007978407205,3.21375790598081,12.2979083901843,2.12564240416562,3.16384034264036,12.6492360529488,2.13731093815135,3.16850472542472,6.94538754796057,3.88650289484972,2.77518392793288,9.85072624657825,2.64516216045751,2.89053162831849,10.6216314983318,2.37967481022675,3.00003212707573,11.4719443047361,2.18919477820504,3.09409752114459,13.8324780332219,2.09188730120977,3.34482254514294,15.7175428762717,1.76478177672229,3.64201690352492,17.0877506540735,1.56953024907443,3.79378866774231,18.4362574928287,1.46748824190682,4.1098551687559,19.4080605593915,1.39650244086949,4.36391155242399,20.2437756567413,1.1813486733975,4.47153665512729
10.002166448509,3.66244880077871,3.26607234917548,10.2165802332674,3.62523775446411,3.15590726297267,10.1837568184817,3.58743590766357,2.95971539346856,9.79733840548567,3.57694187887215,2.63094121197921,9.25517789118698,3.46974534288525,2.79365819019749,8.92585833180082,3.03595208199881,2.64700308022062,9.07659168249404,2.97988738223966,2.71361792067438,11.3309441972535,3.4101749902813,3.42516743670328,11.729738912733,3.4185659632788,3.32693553179128,12.1326158243138,3.39499077257145,3.23075022719046,12.1625504098214,2.99492358735349,2.82003269386594,12.36431006049,2.59138317890211,3.2218776729202,12.2980342223799,2.12753458889653,3.15819833076544,12.6393763553478,2.1446665699541,3.16804348631715,6.93271514239095,3.88550521112063,2.77540815192494,9.84091171045117,2.65189760172138,2.8883116807961,10.614163576961,2.37935001501782,2.99979163519393,11.4668903345239,2.18870726790318,3.09258043540744,13.83621011396,2.08390004874624,3.34999389038967,15.6907880897403,1.76727753054463,3.63319152062796,17.0735736978631,1.56929448237035,3.7894585878203,18.436533918764,1.46638864697491,4.11087832085049,19.3859122675199,1.39521010031496,4.35046385641838,20.2358925397344,1.18608893777608,4.47158468673519
10.0002709994373,3.66167010473497,3.26806179672768,10.2114540490285,3.6248713125897,3.13846753557566,10.172127646273,3.59351211945655,2.94146442737294,9.78093715179449,3.58889046724398,2.63215732480943,9.23349527179028,3.47437161149227,2.78704859691702,8.91418873785619,3.03595140806297,2.64659846691285,9.06418738547674,2.97980707695807,2.71447418108092,11.3315949701421,3.40995267118994,3.42533050763183,11.7291488960346,3.41734657388674,3.32455312280392,12.1292362703041,3.39801225620118,3.23050704736474,12.1487662798786,2.99154001379786,2.79427544131656,12.3439441356982,2.60021650394054,3.21285763123633,12.2654828496719,2.13864144268643,3.15798399983407,12.6167568929388,2.14930172417238,3.15946078082283,6.91627519817165,3.88385700580997,2.77997016308055,9.83568241285191,2.65453512486692,2.88531289335946,10.595510989784,2.37926582441427,3.00044942459719,11.4507506088734,2.19358012492919,3.08391770904015,13.8386571110872,2.08552877715594,3.35445436995122,15.6794319130234,1.76775734547496,3.63418747546305,17.0687494637975,1.56690308900755,3.78796947849047,18.3568795628444,1.46968669474301,4.08428408897707,19.3658334775949,1.39890333429356,4.3492377274574,20.2265847214008,1.18974791263251,4.47037626975543
9.98902149174537,3.66606723758907,3.26503176488432,10.2016872279267,3.62955719806238,3.13932581803127,10.1612745819478,3.59985221207633,2.93220997464493,9.75655939053452,3.59726813108744,2.62905543657419,9.20914843838465,3.48378450658681,2.78620643195933,8.89428814136176,3.04099551509061,2.64569515461976,9.04331156183752,2.98493221608282,2.71174535880961,11.3316784088582,3.4091318525843,3.42529097387968,11.727557348236,3.42021767057743,3.33065381073266,12.1285487890681,3.39830957253203,3.23302410686126,12.1532004263957,3.00335466383317,2.81636202997773,12.3425237119827,2.60357864853218,3.22034833054836,12.26089587756,2.14234777828207,3.1608014215968,12.6100014015435,2.14910590810222,3.16498006830437,6.90032151099018,3.88303431465412,2.78095917975646,9.82242622176571,2.65443641755487,2.88520450705985,10.5898126999665,2.38416929357551,2.99700506868037,11.4437357720984,2.19996760265045,3.08109187775511,13.8183555436545,2.0834167017455,3.35122997438171,15.5619235385196,1.78174443591262,3.60952876350726,16.9784087767246,1.58017376732703,3.76800827440712,18.3978178025224,1.46888267874853,4.1028421731749,19.3634722015234,1.39948035657871,4.35111402381526,20.2164297831813,1.19294366370044,4.47068636342636
9.97698455669976,3.66797529239206,3.26963634631627,10.1912113126757,3.63048923290039,3.13855985386496,10.1512724452581,3.60753567801661,2.93121575328242,9.74541125455608,3.60236932895608,2.62345816945412,9.19842018557077,3.48720121648531,2.78094255259299,8.87730486397676,3.04861809566036,2.64396194614436,9.03779158798574,2.98820156164458,2.70875723749328,11.3123796953321,3.42281875475165,3.41337881718305,11.7289587429901,3.41688435629438,3.32410383125585,12.1296327043212,3.39855420788096,3.23061026243921,12.1455129494115,3.00060526232266,2.79380709774356,12.3239704702357,2.60732674824113,3.21180620262231,12.2483873531774,2.15125499253371,3.15022547662192,12.594866173369,2.15077643579983,3.16424247175104,6.88897004099268,3.88165553648906,2.78590154560958,9.80409709375657,2.66520005499251,2.87882283613947,10.5753676410902,2.38974753780443,2.99609262116204,11.4236338246027,2.20777228249097,3.08034129346973,13.814826123115,2.08344951363214,3.35485223206232,15.6924884961979,1.76866712816698,3.65558443443775,16.9428337370026,1.57442202917525,3.78464068511695,18.3834218622044,1.46868717041761,4.09700273900227,19.3522815159858,1.39869020132809,4.35031297875063,20.207946375193,1.1934731958226,4.46721143315261
9.97567877096044,3.6672274489158,3.27244890015553,10.1970142127811,3.62406061426021,3.13423724550184,10.1356686575965,3.61347400642868,2.93032746825548,9.73318086483892,3.60507142952684,2.61907639029561,9.18684002543437,3.49307815483004,2.77462197297403,8.85940264313685,3.05251137094817,2.64460896473093,9.02273255341508,2.98992289138793,2.70871260644438,11.3289132309113,3.42033968403114,3.41809140313926,11.728450661244,3.41584980789401,3.32103952094227,12.1296784324069,3.39754430624797,3.22757374440807,12.1297123240322,2.99867889129081,2.77541248091482,12.3104742106422,2.60932648118427,3.21138183467968,12.2300626746137,2.15220755611755,3.14723714651382,12.5800214831265,2.14973311874603,3.16212022921325,6.87447095772938,3.87895907698493,2.78550137692677,9.78879431252245,2.67574380917043,2.87513692373101,10.555422228873,2.39741877988448,2.99336610993962,11.4095175256058,2.21557147956303,3.07458490879126,13.9753992288795,2.04345614448581,3.37329641859752,15.459002156166,1.83205726714993,3.64672624804122,17.035323759126,1.55619897693874,3.79841248307173,18.408777898354,1.4706507290139,4.11701837225055,19.3453694501827,1.40212216758087,4.35396458898404,20.1969285970732,1.19468186817563,4.46523975222829
9.97829089040647,3.67323571932705,3.27249063792542,10.1945435107527,3.63266412120962,3.12642397561045,10.1140561707876,3.60117593544614,2.92989403212805,9.71262796255113,3.60183526575852,2.61437267493782,9.15878082178442,3.50414559430058,2.77482228313125,8.84067176580436,3.05028580510171,2.64403145373563,9.0012934310473,2.9873645679989,2.70832715257518,11.3121918896433,3.4215002573008,3.41318221407768,11.7273086797166,3.41579506194743,3.32275623280357,12.124519467683,3.40173274098377,3.2280361699242,12.1239060734046,3.00480314081968,2.7700786348455,12.2881288504578,2.6184477459035,3.20833163589421,12.2158392949563,2.1577768155762,3.13898315805755,12.5700918826901,2.1557251855824,3.15832500617431,6.85909054562017,3.87137144763038,2.78931306055996,9.77647945486876,2.68700629143509,2.87229546143264,10.5429727493169,2.41104314287668,2.98593265740445,11.3827477921352,2.23250969249377,3.06389600785969,13.9777007319577,2.04706795103579,3.37799010222347,15.4531899189696,1.82753876785594,3.64819229686585,16.9402568137482,1.57138723790718,3.78554552034835,18.3869098556057,1.47122268151925,4.11342552073391,19.3283431988827,1.40531516978163,4.35054002660922,20.1822667022618,1.19437556208525,4.46606796248344
9.97832555452808,3.67476276473632,3.27476607810202,10.1904155334347,3.63732738041328,3.12029935403546,10.1038239155742,3.61419969966679,2.9327239076383,9.70612820035044,3.61180160574931,2.60632873812256,9.15088947026237,3.51077256865668,2.77391775310002,8.83082125518747,3.05762049133338,2.63901545534544,8.98972419146518,2.99486226219952,2.70453702006081,11.3113808613825,3.42378266827503,3.41568584854951,11.7287886412182,3.4161766877333,3.32568761867538,12.1253324170018,3.40177170994972,3.23077131417708,12.1219198756529,3.01704230738435,2.77489830035827,12.2820330479306,2.62399369947703,3.20880534369797,12.2108823850615,2.16154093795744,3.14091631257044,12.5658569536581,2.15756730984168,3.1600510186101,6.84190391776862,3.87178059541713,2.79392249556354,9.75961651435005,2.69508267991136,2.8693276971381,10.5320088783737,2.4101675940186,2.99071476953498,11.3757324064043,2.23983700864674,3.06351359758813,13.8058675668311,2.08916697927859,3.3718746817862,15.4327330150023,1.83729385372014,3.6388231394439,16.9376798571814,1.57177448903624,3.78652633822777,17.7758697038506,1.50310119907305,3.85601966558425,19.3344160357594,1.40594016640705,4.35422352072687,20.1704478287511,1.19747316908159,4.46842865999824
9.97995507627454,3.67899518844629,3.27393528824265,10.184939342727,3.64072825968292,3.11818442901686,10.0940609878998,3.62745267077424,2.92838691154172,9.69635198871243,3.61615110940158,2.61232949275778,9.13648105558994,3.51306021470091,2.7691106786044,8.82893352960106,3.05452619323623,2.63936368960697,8.99115693551652,2.99152948838983,2.70293027037972,11.309997481908,3.42479455489388,3.41460851469466,11.7287219384701,3.41735851644516,3.32771376391012,12.1258211650195,3.40347992295495,3.23380345048142,12.1185403167441,3.0199357857095,2.77695798737795,12.2794323356513,2.62270258201346,3.21448386312224,12.2060587342915,2.1610145423839,3.14404864542301,12.5649969576582,2.1558241689705,3.1631408373859,6.83185966301187,3.86826736597711,2.78993379566799,9.75849563482039,2.69868544617445,2.86701489843151,10.5263879876967,2.41288849498611,2.98963838452022,11.3727438685109,2.24355096485732,3.05981208491104,13.9054416834215,2.06247649542715,3.38710891857442,15.3761681685127,1.84816721493486,3.6341101001879,16.9307024882414,1.5715669799733,3.78736169151134,18.0484530108184,1.48406581511753,3.9756746118689,19.3223814301756,1.40737552987282,4.35165228128358,20.1621493097671,1.19888551043599,4.46808349604001
10.0509813161157,3.68281578765431,3.27924719215408,10.1832577393673,3.64133522100412,3.12077179704055,10.0821083851169,3.63343663362691,2.92807171484267,9.6820828725683,3.61649768716332,2.61699552569461,9.12927682602438,3.51414432786284,2.76080122583236,8.82678614861827,3.05760800262341,2.65039922860211,8.98066477836111,2.99498909099949,2.70123686749505,11.3107973805057,3.42574106006533,3.41504364391488,11.7305050146424,3.41913210079716,3.33181549988191,12.1242166217865,3.4062292798954,3.24015390573989,12.1175214559041,3.02914792167876,2.77883338507991,12.2721699926003,2.62775549700604,3.21464789558904,12.1988221338658,2.16528508897834,3.14242453433681,12.5604271956051,2.16043147574915,3.16361491105368,6.81974445121976,3.8641722899571,2.78985811806038,9.74900949932607,2.70549339465076,2.86263744512748,10.5214605152242,2.41731027377551,2.98786508562333,11.3661204484663,2.24694400091621,3.06128247692111,13.9006388451361,2.06552948752022,3.38162217659635,15.5569003698624,1.78996031100918,3.63137667177128,16.938665727203,1.57447329750882,3.79906770357683,18.3775414226828,1.47564928797709,4.12248199073114,19.3160853684526,1.40793048994955,4.34774098696047,20.1541554817592,1.19981522593775,4.46545874396874
10.0453928189356,3.65551223781235,3.29860800204747,10.1768768913962,3.6497195594564,3.11254978302829,10.0633531039164,3.64307846121213,2.91909626264398,9.6698951487793,3.62159158563815,2.60529788884907,9.12197892761128,3.51226267001257,2.74522106684874,8.81501284076401,3.06194874850023,2.64416283088561,8.97381302008648,3.00363017174757,2.70519966713318,11.3093581641829,3.42582139581103,3.41553985313776,11.7287020195514,3.41952603122693,3.33140831829167,12.1239067211075,3.40749195611548,3.23954812495378,12.1288586093646,3.03452827987849,2.78995729588705,12.2663506752583,2.63090887533181,3.2111118349694,12.1897392449807,2.17212595272895,3.13782687064001,12.5459591715424,2.16409253561937,3.16256427775937,6.80480078795797,3.86316392232134,2.78515166779729,9.7374629983815,2.71583135211511,2.85560863456374,10.5171369429398,2.4233949296552,2.98164262597148,11.3633345157409,2.25850109978799,3.05760462395352,13.7355451282097,2.10488938191204,3.33897950832944,15.5611199081764,1.78770241538815,3.63637179439494,16.927097740587,1.57686743309155,3.80335036759038,17.7286099960397,1.51149651598565,3.86492289529187,19.3178255370421,1.40879183631406,4.35254285611413,20.1463898996821,1.19994101382398,4.46334761941351
10.0485978199621,3.66228756225629,3.29614897598228,10.1697249501933,3.65505465643796,3.10623648378275,10.0429057290285,3.6485364902381,2.91342072736281,9.64958009578374,3.63137596760089,2.6035096681752,9.11131186929286,3.51123688969299,2.7450130977977,8.80180565469916,3.06257983218112,2.64085037870257,8.9639237174235,3.00690987139297,2.69984243805158,11.3096502853426,3.42757471184938,3.41735350504627,11.7307395668022,3.41890172372901,3.32994276541413,12.12581461405,3.40828320086548,3.240528170871,12.133978533252,3.03734608446305,2.78713375076655,12.2570394275563,2.63239420765064,3.21505970361954,12.1726377902246,2.17568521167832,3.13206449417384,12.521861793374,2.17271434250304,3.16189911545397,6.79113584734735,3.86263036180554,2.78587892607087,9.72476752784767,2.72200560861033,2.85206187159796,10.5112651947842,2.43604612057796,2.97509697670536,11.3530130127887,2.27402847266289,3.06152481910697,13.8939560943882,2.06040772424003,3.35512680552009,15.5751094324301,1.79548972834482,3.65936459092737,16.5573070827158,1.62179415114295,3.67249926378612,17.7293898474541,1.51142948745539,3.87132503330371,19.2775767328467,1.41048154026159,4.3396532214637,20.1360375754411,1.20108696537147,4.46147416430889
10.0539108256909,3.66948968473049,3.29025926084538,10.1590453065851,3.66028367582507,3.10646037020331,10.0209619137,3.66256929122206,2.90713939356045,9.63930706665764,3.62886564447173,2.60331609572694,9.09863274776917,3.51205809527394,2.74356646459632,8.78646257190835,3.06053299792075,2.6234732690568,8.94258893870978,3.01186491596666,2.69525398890133,11.3094995623365,3.4263929214774,3.41844054934925,11.7324567969918,3.41795039886163,3.3327407013293,12.1265379004017,3.40950117876938,3.24126029621709,12.1404931549166,3.04194731480074,2.78630727265533,12.2554315621633,2.63569635091962,3.21812882582194,12.1719010770731,2.18018310593698,3.13799660277579,12.5176725111291,2.17699448126541,3.16489911177041,6.77988543914071,3.86183119542262,2.78437465788477,9.71796180211565,2.73365237431049,2.84550906897551,10.5140289407531,2.44155854973658,2.97193187032208,11.3586971599827,2.25609946107857,3.06467465112696,13.9025952978954,2.06040535072943,3.36305080726993,15.5375021044619,1.80120072609862,3.65713503723321,16.5181977662218,1.63229268739521,3.67101446469605,18.1753346534745,1.47757193301866,4.0454724238565,19.2679842935716,1.4122404871869,4.34103792752882,20.1246615520892,1.20404727960398,4.45984472252948
10.0519111550979,3.66807185013857,3.28755445854575,10.1515611628005,3.66657750820805,3.10864556719276,10.0062870024876,3.67360622435393,2.89999506231002,9.61516684834297,3.62885366118443,2.59432188084648,9.0820224465204,3.51227109453632,2.74075805900432,8.77134591244449,3.06497120961828,2.62322393641815,8.92737318523036,3.01506895558504,2.69298182356631,11.3099042750943,3.42522937772867,3.4189767594685,11.7328633672116,3.41835243675551,3.33494121810286,12.1248815790893,3.41293027029652,3.24570103745719,12.1402835813775,3.04679667401645,2.79677897842475,12.280144515691,2.63748174377431,3.23288774949211,12.1918439848143,2.17822912859863,3.14962500356351,12.5275146865851,2.17453047044941,3.16826774999582,6.76444059470886,3.85589876364964,2.78756853330299,9.71160882759093,2.73893620141101,2.84222048623389,10.5185276822217,2.44790105036948,2.96658743750798,11.3685433804442,2.25655612811076,3.07013613278245,13.6978055783189,2.11685603233459,3.34453294284855,15.480042926962,1.80433977868887,3.63943475606817,16.4825574421937,1.64093851044102,3.67071494244897,17.6888843739375,1.51071771547573,3.84772003266239,19.2568501089152,1.41824584709878,4.34353718087775,20.115634083958,1.20548679301876,4.45888179337118
10.0456097003245,3.66004417820259,3.29120375519938,10.1426732204657,3.67774049629023,3.11337945278354,9.98784875971579,3.69568069567207,2.91148016160488,9.5975918540815,3.636199333457,2.59860676203791,9.07091282444901,3.50988066362745,2.74358550895274,8.75868762483865,3.06124547690468,2.62377436881948,8.90878650931456,3.0171437486823,2.68954329774782,11.3091684367558,3.42679348332796,3.41876662433398,11.7320633095452,3.41787915862616,3.33590884940512,12.1234140518546,3.41439888587823,3.24668295045089,12.1406976190082,3.06096521452634,2.80429321827433,12.2851608506143,2.64347146976796,3.23671697472643,12.1943523076079,2.18251788540621,3.15368332672031,12.5335981229802,2.17816367821774,3.16979083728022,6.75105774800036,3.85078188004772,2.78922799049276,9.70104433729602,2.74196860036906,2.83709366826139,10.5168294417421,2.45626588218612,2.9630630272946,11.3720591091613,2.25949651779457,3.06678341263397,13.6917411187448,2.11853585867613,3.34827327899832,15.4855275939309,1.80459472471422,3.64192894244545,16.921338001462,1.57983596198453,3.80837348420423,17.9807816431987,1.49784978210515,3.98098099785355,19.0594906289278,1.41834332055277,4.25765621037257,20.1073361358465,1.20856865911961,4.45887120661557
10.0428830521178,3.65812761732176,3.29564073728553,10.1253647559935,3.67328185190864,3.11031355393025,9.96895882145355,3.70770722868991,2.90664746101332,9.5842856286977,3.64070549726039,2.58890072806336,9.06021791327436,3.51052262201676,2.7416842740918,8.75112428879285,3.06375977131847,2.62191194317376,8.90159791465902,3.02264890779589,2.68616840139676,11.3084423024758,3.42538739788899,3.41983008201532,11.7257233964218,3.42334721324669,3.3463181323507,12.1209558344737,3.4190531346915,3.24868126504047,12.1220674767185,3.06083988824044,2.77471077409411,12.2368538926478,2.6533784003665,3.21700434887967,12.1547829273596,2.19227779195967,3.12820008967363,12.4933718170902,2.18943615406442,3.16752373671931,6.73874556607334,3.85024154072417,2.78676243860819,9.6942827721646,2.74343553095391,2.83678764383798,10.4987162902939,2.47053722977425,2.95327769893358,11.3422366990399,2.27757490838891,3.06113352558472,13.6488478541183,2.12707333384033,3.35698599249036,15.4642813182192,1.80808745962475,3.64020465972635,16.4858832285679,1.64349553737436,3.67381708798183,17.9769836233003,1.50146045886866,3.98102392526883,19.0424401372875,1.41813116981889,4.25063600977691,20.1002565677521,1.2077150742013,4.45422518631261
9.99965488212111,3.69122794177083,3.27839559244575,10.1114937310308,3.68562208612481,3.10451715155391,9.95535562709835,3.71995771251644,2.89678888249885,9.56239202624581,3.6458707189628,2.58643786158185,9.04128950047109,3.51204772206923,2.74332547255291,8.74132632039935,3.06555661081324,2.61982932404263,8.89181903419226,3.02475128245132,2.68342037786984,11.3084170683418,3.42645040156445,3.41896581189124,11.7248170129263,3.4240449668129,3.34412925690838,12.1190589191238,3.41912661409751,3.25035887775433,12.1229899298913,3.06180389719145,2.77690168864951,12.2394403374076,2.65314049976048,3.21757065823313,12.1572927737175,2.20022927949177,3.12868270765465,12.498485160503,2.19327547031767,3.16861597539083,6.72986369401621,3.85171821204402,2.78097368507642,9.69437480331022,2.7439903127537,2.83512900815372,10.49782044656,2.47737798462967,2.95053628236429,11.3451446553348,2.28429810243868,3.06121539611947,13.6806838446211,2.12677976994032,3.35566636695037,15.472058054246,1.81131161808476,3.63875653056241,16.8850380003861,1.5881076727127,3.80422620528968,17.9134478362097,1.50592626259139,3.95850729154152,19.1796796630382,1.42029669780115,4.31935667906449,20.09002085088,1.20862312390276,4.45435619897096
10.0131048786492,3.68980475455501,3.26960843688037,10.0899794184668,3.69313796426296,3.07886516086841,9.92000795204482,3.73179040695138,2.88232636690445,9.540095551287,3.64437008049177,2.56365482296505,9.02618069253839,3.51826433411593,2.73301322752537,8.73251784002401,3.06700262948507,2.61858897664718,8.88715738786007,3.0291932238658,2.6816637407279,11.3075572146283,3.42743697085276,3.42035394231241,11.7242766747501,3.42558575588675,3.34572919866572,12.1223811929183,3.42079555820642,3.25179333889815,12.1188308122208,3.05883044777876,2.76862438958761,12.2274951935327,2.6642253215631,3.20927303134016,12.1389138185475,2.21037209651609,3.12023459022744,12.4776918159251,2.20028655573917,3.16525749767632,6.71981151806842,3.8529298724121,2.77904553802789,9.69640353273524,2.74775926805236,2.8346105858835,10.4918088820512,2.48230878787896,2.95012589052553,11.3290101248159,2.29231961870127,3.05676870821734,13.6527873375202,2.13098789358454,3.35967130484991,15.4663677471526,1.81550638555161,3.63866088126634,16.8003776505586,1.61014144142724,3.79295029985128,17.961129893272,1.50566287753844,3.9793670179097,19.0283053640495,1.42054878017612,4.24947303910933,20.0798373067933,1.21125341649645,4.45416420167205
10.0159487656371,3.67873730751948,3.25342916305252,10.0579216323273,3.68927970601989,3.0700968250796,9.88326806243987,3.74097185629397,2.8796662096017,9.52702814122818,3.62411244873191,2.5443404154566,9.0180251899506,3.52604963749193,2.72530393967402,8.72823416091455,3.07011067495093,2.61566169620812,8.88431807893606,3.02881044198703,2.67848037807516,11.3238032985405,3.42303128945094,3.42493685846227,11.7243271338094,3.42327597863371,3.34779996711437,12.1188960153802,3.4222130073604,3.25080805303744,12.1089354165223,3.06324953436313,2.76915819422388,12.2249908976861,2.66997479877913,3.215149207388,12.1362279092144,2.214174439485,3.12369571211443,12.4734444769565,2.20253997658771,3.16529431842194,6.71071650758485,3.85387221449235,2.78038637480495,9.69358114014847,2.75326874595785,2.82967016961076,10.501492530008,2.50404470814193,2.9338208848082,11.3247957764726,2.29584378948498,3.05579355101058,13.6417653666706,2.14189791306228,3.35947449625147,15.4719625866964,1.81478921136857,3.63953872165095,16.9601656187031,1.59049443696404,3.83625928676155,17.9668032565698,1.5071493037026,3.98291400845284,19.0309693095762,1.42238769787315,4.25462407157905,20.0701951012019,1.21186329683627,4.45347725957446
10.0033606042012,3.67220150310395,3.25417427567489,10.0255896700867,3.69515501842068,3.05028706170718,9.85877196604098,3.73345967917784,2.86664184554669,9.5028079478824,3.61208698732772,2.52191695548774,9.00512449948463,3.52641444776061,2.72212748991459,8.71876752843498,3.07393212595459,2.60847703174213,8.87550237572325,3.03296808115722,2.67124309378785,11.30587824184,3.42666168009326,3.42216201499416,11.7291339113318,3.42075008104784,3.34744912772519,12.1221246590411,3.42470680532307,3.24906367744495,12.1080053938601,3.0640237146872,2.76079072234271,12.2215592577311,2.675504553406,3.20693375785725,12.1295799165713,2.21811057484051,3.11987186178782,12.4631932112649,2.20709420663617,3.15879000135587,6.70274799363567,3.85763159628056,2.77756477702468,9.68645069207911,2.76122556024304,2.8227997328243,10.4970025185406,2.49998367974149,2.93413160803013,11.3163944448023,2.30323466871699,3.04991381170412,13.6445960201091,2.13914788178382,3.36494657234385,15.4504479172504,1.82135534361961,3.63387802017946,16.7867312883519,1.61534447123812,3.79372857613521,17.9138174333799,1.51539891862081,3.96666087974668,19.0284711996486,1.42397839722789,4.25931955130644,20.063572127222,1.21451134738268,4.45453850630565
9.9848950765703,3.67721980985804,3.25726485400808,10.0100109316248,3.69775845403368,3.05437092004504,9.85068092576883,3.73173909555223,2.87380058855235,9.49875840405353,3.61176260809554,2.5083207996671,8.98976440831644,3.53474725427029,2.71849395226466,8.7048334114995,3.08352173225765,2.60316209944276,8.86510508110527,3.03272525629376,2.66645363145584,11.3231722319,3.42228037168465,3.42344151980634,11.7315511813137,3.42080510773157,3.34437753125908,12.1281597709014,3.42762412179369,3.2518772674252,12.1193108852053,3.07412417443856,2.77246303151146,12.2269660982389,2.68205329452914,3.20405280086256,12.130960194559,2.22320005318167,3.11862677688337,12.4679285899292,2.21053903426536,3.15960915790365,6.69349125905749,3.85843498400668,2.77945244854767,9.68607155436978,2.76788660488749,2.813431498104,10.49859289927,2.52069539136614,2.92203468963903,11.3151235622018,2.30638234816866,3.04606435729535,13.8301728168631,2.10111020132625,3.3778008440947,15.4576690340587,1.82324040770542,3.6346183088027,16.8216190864058,1.6141105089782,3.78879003447579,17.6387031660805,1.53806659759696,3.85641880840288,19.0157336609186,1.42443291660578,4.25256135086463,20.0563283531483,1.21113297113698,4.45739494961779
9.98628823922009,3.65952294985695,3.23153537682104,9.97634568001762,3.6980653304841,3.03075070666849,9.80349801684743,3.74172472381267,2.84864154459278,9.47388169576768,3.61323551722375,2.47852177188293,8.97784916985225,3.53955119108221,2.71158642644174,8.69604073784301,3.08482895999751,2.60049389452555,8.85840193441418,3.03297763754979,2.66132914828505,11.3064959963016,3.42630030313871,3.4228544613442,11.7309416588382,3.42237866318929,3.34590207365242,12.1271369229564,3.42897385367878,3.250128058151,12.1161908744444,3.07841075257698,2.77034195191389,12.2285118934061,2.68596588661398,3.20529407390069,12.1322145527103,2.22483426984907,3.11836533923121,12.4697078536739,2.2142414304609,3.15926110070262,6.68351504545224,3.85951199142324,2.77922859755659,9.67858116871436,2.77238710900067,2.80629298839139,10.4982943029045,2.52309798912483,2.91860652750233,11.3159901952598,2.3087282757593,3.04704131830821,13.6237475287197,2.14906339943846,3.36052212601266,15.4586194028419,1.8276161836652,3.63497799561781,16.8228164618344,1.61839577467098,3.79270515782381,17.9490560310262,1.51462671787877,3.98418425873781,18.9764610912405,1.41973657082494,4.22629695213286,20.04748810662,1.21439154778343,4.45667294046194
9.98491438085,3.64888372525687,3.22751331180536,9.94686586057887,3.69853888782608,3.01043868710819,9.7587058128443,3.75499595250313,2.82140523526482,9.46809253000975,3.59879592622789,2.47405894029466,8.96090984286614,3.54078411062468,2.70938886347456,8.68450286202861,3.08746309796778,2.59694662602289,8.8561380500627,3.03712818830066,2.66685383189433,11.3234440385953,3.41898853427816,3.42636543966144,11.7283326395561,3.42162005879501,3.34475027425787,12.1268203509241,3.42973355635935,3.24751543241155,12.1057190715296,3.07824136760242,2.75246577631396,12.2139135435153,2.69143369432744,3.19620302417497,12.1015132563525,2.22722434021893,3.11641545482245,12.4599916631245,2.22683242767071,3.14654110141417,6.67103802191245,3.86092406244077,2.78074202450906,9.66700076412708,2.78116583548718,2.79993021478178,10.4871280467734,2.53042914816197,2.91792484487779,11.3011417487023,2.31672994705079,3.03799992454612,13.604708889874,2.1606038426501,3.35013909150643,15.4809901416573,1.82986743388502,3.63986969842864,16.7462579575494,1.62331535108862,3.79912980445318,17.9142722366146,1.51916016972904,3.97778282444268,18.9972689218838,1.42620438510734,4.25214340867576,20.0375399731365,1.2182674166312,4.45760167386383
9.99473107171287,3.6390011277985,3.22851063676984,9.93397878827063,3.71572153395326,3.02987309650545,9.75369974108005,3.77232086416237,2.83297738920176,9.45385349172003,3.6064732197717,2.49049804574974,8.9477576109325,3.54442249451792,2.70845487064971,8.6662310972311,3.0906064127448,2.59223440547106,8.83704913628578,3.03810852320743,2.66071509222209,11.3220617839283,3.42046238785203,3.42889333786611,11.7279584414845,3.42351084001055,3.3482003825337,12.127012470066,3.43013887709637,3.24574938357571,12.1094113567702,3.08819016661217,2.76454728468664,12.2196107851052,2.69407949302502,3.20167560659252,12.109035424971,2.22685624326074,3.11306933369463,12.4650071075783,2.23172713817804,3.14850300101379,6.66972231149035,3.86628455646539,2.78281194762278,9.66123755879545,2.78513339921519,2.79694845024647,10.4755030233702,2.52987702695902,2.91586104021809,11.2965185203696,2.32872576704547,3.02768005138019,13.6064549041756,2.16667614673578,3.34936897953236,15.4943627901393,1.8296504307782,3.64242553677973,16.420618978558,1.68989544933335,3.68020104120579,17.9454596512427,1.51755856179014,3.98885099826619,18.9633596829094,1.42371367262449,4.22831845376604,20.0314230210496,1.21779406051602,4.45610562202622
9.97107702523519,3.65541855762715,3.24616009695338,9.90721016843494,3.72339855339062,3.01685633871976,9.7412261159116,3.78679576591459,2.84187680731325,9.43174616899876,3.61284253478632,2.49874050336165,8.92655881271946,3.55116059008547,2.70060226671569,8.66290232222966,3.09253956721779,2.59473041156885,8.82084475943672,3.04233908593847,2.65204389594697,11.3090593040515,3.4228876284162,3.42462065562485,11.7313331698622,3.4224622800607,3.34450640298266,12.1245220429545,3.4304616984542,3.24657245742264,12.1071203160512,3.09808055304257,2.76522268269489,12.2169190735118,2.69751287844122,3.19962189818809,12.1077513128658,2.23497004005255,3.11236941918023,12.461414290859,2.23790591728369,3.14205158961308,6.66098578409592,3.86929936245707,2.78032328614991,9.64771355736878,2.79273926966706,2.79072182555608,10.4766237565865,2.53174584697998,2.91136480041537,11.3079197203752,2.33356021703361,3.02616583745709,13.5987317967992,2.16595137744549,3.32444958177602,15.3760154785748,1.85166625386737,3.60737607969584,16.7676745934486,1.64027200601183,3.78134839247086,17.8968529864547,1.52771068068511,3.97211310383226,18.9485444284722,1.42703380979273,4.2311155316771,20.023247586155,1.21960724293335,4.4553729624181
9.95211995640111,3.67426635525846,3.22690203547148,9.88422563773184,3.72677132203744,3.02409851474187,9.71483344006069,3.79989775564308,2.84276640823254,9.38998154913745,3.59504118383332,2.50969358034025,8.91502541087195,3.55603201195207,2.7022689045309,8.6474476507054,3.0950850101637,2.59045131106208,8.81072177356285,3.04413337942696,2.64747345247879,11.3102518684145,3.42108508604103,3.42527183333938,11.7313250790754,3.42142710156726,3.34650225498787,12.1257646034228,3.42933327763147,3.24342801795228,12.1110585429494,3.10215030943259,2.76221748358452,12.2100507602043,2.69890869186888,3.20000881443803,12.1023845453733,2.23809157973998,3.1117666488026,12.4544523446201,2.24040931032288,3.1397369293799,6.65216283385809,3.87856395811546,2.77802645774684,9.62630480751667,2.79749389544729,2.7852829535265,10.4681610399339,2.53726016543244,2.90803514893254,11.2997261732847,2.33620166759988,3.02100117504517,13.5891294129792,2.1753916539628,3.31681517228424,15.3733688921069,1.85809106514496,3.60625708234223,16.7393978057445,1.64340215407103,3.76508821107215,17.8947252811786,1.52733734024451,3.96876038628941,18.9462881548848,1.42880396127046,4.2280691817784,20.0142698645266,1.21905035949767,4.45791886092659
9.91970069546766,3.66686264924553,3.20739507650436,9.84541302394556,3.72385612727827,3.02864544549655,9.69031388990999,3.79816998081774,2.84538645919404,9.37966583204029,3.58844194083113,2.50831633998983,8.9089060427471,3.55153255129764,2.69501608375519,8.64142067628,3.09643241540722,2.58888894689515,8.80354464898623,3.04358950603702,2.64520879659561,11.3103883195001,3.41911907043312,3.42738629002316,11.7289916929754,3.42171205701974,3.35113854299091,12.1264767881461,3.43475439631377,3.24641896186339,12.1052310633626,3.11707959644071,2.76514473124013,12.2060442037347,2.69243323223919,3.20299422748055,12.0919520217133,2.24409771233771,3.11247791775078,12.4401300516034,2.24553806973242,3.13539653402744,6.64228150908015,3.88195136497087,2.77631415381594,9.62778361770429,2.80064745009795,2.78098929148943,10.462692940261,2.5390804959572,2.90488703608329,11.2961751471609,2.33865339941684,3.01210910963493,13.5796138750788,2.18011469341118,3.31241426501558,15.3893654207225,1.86013823025012,3.60933898337842,16.7612232141869,1.65259657180899,3.77759115533326,17.901647638084,1.53166434320674,3.98022688727432,18.9464112744274,1.4278641699208,4.2296118132695,20.0045679767986,1.21992070219288,4.45788236298651
9.89718685351112,3.66044537060246,3.21301444362719,9.82809974456528,3.72038448987506,3.03895975409363,9.67537160609749,3.78134892380665,2.82765269190971,9.3716927897693,3.58660582202354,2.50953846037234,8.9118526979156,3.54792141034967,2.68821104637555,8.6376258731792,3.09698502252806,2.57932628909968,8.79817587459912,3.04893669644853,2.63871995613956,11.3115295905804,3.41796749759795,3.42816213185339,11.7296079820461,3.41970055773815,3.34967492022966,12.1277073758775,3.43313603715089,3.24447988640466,12.0954210344049,3.12103430467761,2.75274766340043,12.1968283968846,2.69408203301791,3.19608236942512,12.0992675687961,2.2557543711564,3.09768608136394,12.4275825265463,2.25112812125813,3.12814900964301,6.63677136238998,3.89150923591792,2.7701998116595,9.62034488615463,2.80516594928269,2.78185718600881,10.4550142577667,2.54097499576587,2.90226421955382,11.2842376039534,2.34873599331948,3.0028962961384,13.5569766635062,2.18964361331452,3.30568266615245,15.1105417357468,1.93797877256755,3.58355964818152,16.7528161768852,1.65365968245967,3.77398572108724,17.8922539295479,1.53425579854642,3.97510824341133,18.9298377539307,1.43502434167787,4.23737215242558,19.9964939664765,1.21749446097936,4.4601980907582
9.91083024167214,3.6753427328127,3.21093581096023,9.81261787469635,3.73307157762384,3.02739179414698,9.6593051899476,3.7793847816246,2.82141899634673,9.34286360183973,3.57698970953218,2.50661362658174,8.89394417998503,3.5489052034504,2.68973704737874,8.62718724549202,3.09699914880067,2.57592331136002,8.78784369803472,3.05325283762273,2.63372201127634,11.3136671347235,3.41882973786937,3.42783482629105,11.7293799027403,3.42103045637051,3.34989586176069,12.1222283786347,3.41914882185041,3.24943689102706,12.0883365830938,3.12095897658499,2.74930444306113,12.1882783589531,2.70077877239736,3.18706769533653,12.0865477294615,2.26287082971531,3.08689194889021,12.4136627504387,2.25558075664118,3.12535238225758,6.63055032666489,3.89657944544006,2.7667291056893,9.59790147417235,2.81372030532406,2.77488890956256,10.4415565921971,2.55321721857667,2.89396624809846,11.2779222352579,2.36122040973254,2.9948513165389,13.5629429922524,2.18964436948984,3.30169913693953,15.1128546796125,1.94507012965875,3.58396721709265,16.7618846539719,1.66002860306738,3.77631529565146,17.8974005488127,1.5376021753386,3.97801516405485,18.9299100987289,1.43236515334264,4.23131798168433,19.9876003960987,1.21553913145515,4.46233671231137
9.91681933046597,3.68584254485366,3.1831847670274,9.79427124469555,3.75889707929114,2.99175314758768,9.6291309820329,3.78983351742708,2.7885483349679,9.32811531251382,3.58112924708566,2.48453423366352,8.8765936827725,3.55402614726725,2.6892984146548,8.61944887427322,3.09613131342594,2.57386888437206,8.77745500584981,3.05573615299336,2.63471252252036,11.3142833171974,3.41948229676802,3.42705997082458,11.7302984458192,3.42275767677818,3.3525311851473,12.1205953881481,3.42124992583554,3.25204519054712,12.0798661386277,3.12235500962691,2.75075276041993,12.1852625070999,2.7146909420052,3.18160785895254,12.0832141104558,2.26916298999102,3.08139618905043,12.4074861671294,2.25901523774873,3.12191519617418,6.62256836968173,3.90231739950061,2.76624040032771,9.58324876708573,2.81532910166681,2.7743723710692,10.4297577803865,2.56090385192711,2.88669404024036,11.2744104815309,2.36553124173656,2.98831136259593,13.5827614511171,2.19201360436216,3.3065105936584,15.0953146093716,1.94662756538765,3.57743498182558,16.7367414537614,1.66415095926798,3.76987242545161,17.8877597286152,1.53883640841567,3.97280146070932,18.9179430025772,1.43419195718487,4.22738648816277,19.9803533257607,1.21471193549033,4.46425608963382
9.90507480435822,3.68234372622575,3.12339227934859,9.79547242240731,3.7696868312872,2.94792434119781,9.6009198315333,3.80039859418867,2.73308449425505,9.30144292118797,3.58629421172308,2.47031075997134,8.85991016110715,3.55735973525217,2.68942259564429,8.61135255489688,3.09576110375222,2.57328290797976,8.76693493275382,3.05587058180837,2.63341624874601,11.3132708531771,3.41816668525853,3.42749430324192,11.7308814689328,3.42084807556764,3.35198493033892,12.1224866914747,3.41954202849444,3.2513618866365,12.0816123853308,3.12351753106914,2.74172163146682,12.1797473209786,2.71508577645215,3.17778412094392,12.0784209562315,2.27069133068388,3.07812187224348,12.4047493177546,2.26010586637836,3.11804542562626,6.61791544172866,3.9049846546778,2.76269539485257,9.57526355187247,2.81670480880079,2.77268902819447,10.4191672871249,2.57067815671775,2.87889496721272,11.2708004774771,2.37789575237672,2.97901044109215,13.5853853127688,2.19403515208018,3.30503197592478,15.1012064573531,1.94867924549737,3.57630762406528,16.7316545455418,1.6711813733397,3.76486091904449,17.8746101637785,1.54359278464719,3.96903708400632,18.9156167657861,1.43987045176654,4.23781256006054,19.9708991399824,1.2131982841474,4.46642354767
9.87828608536823,3.68797263696551,3.05240299610526,9.77927079061378,3.79853639791839,2.89545322527291,9.57665589864322,3.8218566714319,2.7048155833323,9.26981934691877,3.5813566445532,2.42175616884325,8.84799851201781,3.55476323416241,2.68101301423376,8.60792818266851,3.09659392202685,2.56971474796618,8.75950409313547,3.06004941168692,2.62868275308723,11.3114354082632,3.41735747683519,3.42728822709749,11.7299182089598,3.42186117847498,3.3542713081215,12.1219364665693,3.42150494175921,3.25536930758475,12.0764110519927,3.12767839113592,2.74733185600558,12.1781634363015,2.71117634877789,3.16831268850387,12.0709917598962,2.27070639644389,3.07622796893765,12.4083262630228,2.25707846295807,3.11603364320999,6.61328055035955,3.91166706827329,2.7629039989399,9.56647626821403,2.8218375429312,2.76787272707698,10.4061877100327,2.57544545427129,2.87393987210242,11.2692246306547,2.37497659448238,2.9735954437902,13.5412592168686,2.20389555389611,3.29817325397096,15.1487609353807,1.94031087364127,3.59042097839605,16.748609898215,1.67410487639088,3.76805363980364,17.8775913201963,1.54895564158012,3.97426494575873,18.9116318723819,1.43702706861585,4.23078261046836,19.9605493256851,1.21252298027516,4.46811582906407
9.85299440394499,3.6966479389191,2.96221847683855,9.69767428490998,3.80550556218375,2.78056521976202,9.5348640272187,3.81124802957314,2.57817713194388,9.2259679618558,3.56770974772551,2.3761053888082,8.8192552745792,3.5534554153058,2.6626544780841,8.5939367428612,3.09271950283009,2.57221488338144,8.74435186037284,3.058235351888,2.62505521668852,11.3124693019001,3.41870561245627,3.42628208165696,11.7284917785341,3.42275288436339,3.34967026967774,12.1227482169566,3.42089546373553,3.25330243081256,12.0771892680558,3.12957798831429,2.74283563488724,12.1716565032259,2.71449848536923,3.16452846977671,12.0616905480475,2.27727201062903,3.0705878724973,12.3934961942515,2.25740418798576,3.1132663229871,6.60570981266869,3.91510653619869,2.76579586862558,9.55508464260367,2.82495878327058,2.76133979825951,10.3946164691564,2.57317692267614,2.8752746294094,11.2541324678697,2.38198840424452,2.9683444816204,13.5446571925077,2.20864654157515,3.29702746219753,15.1319237024967,1.94581017290594,3.57945566381227,16.691703493048,1.68599678704055,3.76347601972847,17.8668173887962,1.55194573498817,3.96825672205224,18.9059645393912,1.44294603806336,4.24375899395076,19.9550459121377,1.21844930508285,4.46746917744333
9.84187843990845,3.75135075399194,2.90962157498752,9.71634204488553,3.84140267284707,2.80746640907494,9.51906042597045,3.85576164645625,2.5782875073558,9.21376467119783,3.57404851825808,2.35706297982435,8.81262386471517,3.55426814789156,2.66399749837736,8.5903928571632,3.09341097958392,2.57200237096332,8.74309607290647,3.05995915567661,2.62123919761063,11.310463188897,3.41824341445392,3.42267780010237,11.7317622767172,3.42425780218509,3.35138261982636,12.124608331109,3.4214594279775,3.25420887228102,12.0777481643824,3.13436769151083,2.74553232469862,12.1701173897532,2.71534668866977,3.16630898068308,12.0589257100012,2.27745616928615,3.07260350860114,12.3959708715227,2.25909113545014,3.1175703005288,6.60059453785211,3.92174485162207,2.76697933130579,9.53977077630479,2.82675861832509,2.75839410993115,10.3855640565066,2.57827748757986,2.87155527821238,11.2504702934531,2.3885711637259,2.96226159139567,13.5335070474683,2.21495304836497,3.29211255923107,15.1353634615088,1.94951391294821,3.5805838095031,16.6675317981532,1.69683900905073,3.75962429964657,17.8411041368233,1.55698517486915,3.96234104004671,18.8870993776972,1.44417047940379,4.23958604202525,19.9466476203876,1.21527063035456,4.47093105072116
9.83500318618479,3.80234095883075,2.87624770427393,9.69565340038282,3.88215094083399,2.770986850333,9.51131417421013,3.88280864193289,2.55264825593807,9.20189945255079,3.58061175513465,2.35606066217503,8.80316604317895,3.55284499218228,2.66024370231519,8.58693213748901,3.09115978433757,2.56912353787995,8.73869040545639,3.05963950563707,2.61606266699441,11.324781815405,3.41580746217016,3.4277153693725,11.7315986892484,3.42401114153121,3.34963769990079,12.1232614507367,3.42310793968315,3.2559800494582,12.0783209712686,3.14035508682768,2.74956085158834,12.165765088811,2.72279942573663,3.17582198198831,12.0584106939603,2.27993858728094,3.07214255267355,12.3972601679346,2.26026948116026,3.1168861550344,6.59488463681808,3.92671987490256,2.76845760518518,9.53446303717773,2.82541885283672,2.75533224652058,10.3853989685547,2.57878823739541,2.86805589720094,11.2552362866973,2.39302715110747,2.95518646370161,13.5376555159059,2.21886031783181,3.29317299758949,15.1567661114441,1.95214243998589,3.58155490156811,16.6632306620651,1.70270050061922,3.75978681659145,17.8238618530403,1.56132475394998,3.95572388952181,18.8819926966062,1.44657993349556,4.24214014050832,19.9407878596778,1.21257754983231,4.47205363704714
9.8245255139643,3.8249749937007,2.8556085229526,9.6784885072073,3.92296677635339,2.75261390554793,9.4798794642281,3.91148107712501,2.53274150661474,9.1682557063307,3.57545687332117,2.34284411067773,8.78193672199672,3.55987983040353,2.66495159637186,8.5700506710294,3.09652767852711,2.56474228304573,8.72356850675552,3.06576465418214,2.60974168925635,11.3258280032697,3.41731943981731,3.43010316277052,11.7254069684902,3.42092970815533,3.35569493169914,12.1222635251777,3.42586247684964,3.25919149429546,12.0763420299116,3.14303921601003,2.75821509418148,12.1680808237768,2.71970063433952,3.16787383361985,12.0545521896759,2.28239298537388,3.06971006842592,12.3911828330786,2.26210510914815,3.11245475811914,6.58908664868964,3.92747160758058,2.77047689234278,9.52308890487989,2.83001836105737,2.75245493688312,10.3838347564762,2.58572277133518,2.86143144995406,11.2510283899506,2.39575155912264,2.95246664239045,13.5166343617488,2.22445939584483,3.28764254650097,15.1532213622334,1.95858249413229,3.57765117744625,16.6645358709208,1.70332413035741,3.75391595176992,17.8473535171039,1.56281067049482,3.96572688827774,18.8862763917034,1.44536145514128,4.24412832417196,19.9336133301149,1.20538292688235,4.47617872008006
9.7963810695978,3.85362779358919,2.86200749259194,9.65457752032205,3.94412874703327,2.7299345653611,9.45719187104554,3.93476544865538,2.50860758980511,9.1471527638839,3.57324546673323,2.3341706576521,8.77578132213639,3.56104671235325,2.65686397233347,8.56287298243526,3.09922167043668,2.56118085260258,8.71483692538044,3.07296881243356,2.60638154580744,11.3241337814101,3.41766803635143,3.43127460488453,11.7246313343402,3.42022504130348,3.35545544474896,12.1217570568627,3.42697383835482,3.25779887613581,12.0717202641824,3.1466087858674,2.76073778708298,12.1591312054682,2.72802463450593,3.16223916341815,12.0448739297993,2.28475946648541,3.06631333069451,12.3791175180462,2.26559969274607,3.10624181711714,6.58255659214467,3.93520852606363,2.76994901701268,9.51621137526984,2.84203846597705,2.74664255654485,10.3694288971779,2.59136088446418,2.85298071364504,11.2366428854731,2.40008287969776,2.94789185082086,13.5156323806706,2.2261822973845,3.28721513604006,15.0367863745469,1.98385729739567,3.57520106292368,16.6453965804885,1.71149898758501,3.7520347410165,17.8266751362731,1.56569266393698,3.9603628115555,18.8738271142047,1.44700967760768,4.24597148732101,19.927384572028,1.20379354679025,4.47645569963095
9.78074518240243,3.85636726279564,2.82514490321657,9.62419699859557,3.96531204786026,2.69349711774937,9.42923521047953,3.95284058702155,2.48170248713997,9.11813227788621,3.5677389433856,2.32666124366484,8.75760937838352,3.5617455081362,2.65051936011699,8.54618356870209,3.10250818189779,2.55927878519771,8.70759030806572,3.0759244841139,2.60664420252836,11.3113262345622,3.41877692164811,3.42532083947301,11.7244184861404,3.42012827069979,3.35698089969456,12.1259885902289,3.44246165736107,3.25180770963832,12.0819056596356,3.15707198841634,2.78067968527809,12.1617778415695,2.7314467425601,3.16354313527244,12.0480928363279,2.28877811069029,3.06842520519004,12.3885606931444,2.26865044498172,3.10854760695585,6.57465176180007,3.93695180883589,2.77126369422123,9.51215952086637,2.83943922527445,2.74190000011442,10.3681290692182,2.59225720281454,2.84494181805061,11.2380409960887,2.39317237608356,2.95040411054577,13.5208391829542,2.22763175683261,3.28884452920904,15.1408849232296,1.96545414791056,3.5745693900575,16.6427757317115,1.71696445673585,3.75061220096581,17.7928925216628,1.57473935123835,3.95512515915072,19.0969828197501,1.44198639092297,4.33629243608603,19.9195574181582,1.20477075363178,4.47637592013978
9.75473987490995,3.87765282309326,2.80595878024994,9.59710275960664,3.99995290292019,2.68210976800803,9.40998012853681,3.96849058557721,2.47254529501545,9.10785562022631,3.57616048260532,2.33503494347131,8.7526990480802,3.56290293839091,2.64777143596175,8.54705019023111,3.10903652069138,2.56299372172335,8.70561164769028,3.0791967510694,2.60130054071661,11.3118443853253,3.41944792238894,3.4264127510262,11.7307528097504,3.42615062132046,3.35103397492515,12.1225693011724,3.44351511251793,3.25161136377861,12.0823192213479,3.16187043225361,2.77000438390715,12.1576545352973,2.73388311120921,3.16149835042693,12.0362908040563,2.2926059477264,3.07289107926663,12.3824983993922,2.27040112695783,3.10363282010839,6.56838227716832,3.93919185130891,2.77178668669981,9.50551840095145,2.8399273763445,2.74013889492254,10.3546191571072,2.59891490216051,2.83975327104044,11.2242381599499,2.39928677718619,2.94397351030804,13.5453897318981,2.22397330507883,3.28808184484733,15.2566292333014,1.95744072596754,3.60976993499865,16.6240416189229,1.72002489050128,3.74153861454349,17.7751384894573,1.57953122832746,3.95137005961223,19.0790187963423,1.45136959612599,4.34010980003692,19.9108911819529,1.20651372940895,4.47373527691825
9.73722593513464,3.89299311758945,2.8007329269943,9.56276709513167,4.01122313137704,2.66084807624797,9.38604346099955,3.9956886026313,2.49923209039109,9.07952593932042,3.57910310005557,2.34142960810895,8.74171301072801,3.56259139350909,2.64961255678219,8.54352235315439,3.11077002101032,2.56237690450979,8.70042739728772,3.08055003239712,2.59968230066002,11.3121007989221,3.41971395537919,3.42603846586334,11.7225007823034,3.41881316027136,3.35734025949023,12.1215198731124,3.44233686795187,3.25304109862545,12.0842164391071,3.16270459459613,2.76559295975863,12.1507157592168,2.73526124498073,3.15983720565733,12.0285806771838,2.29527891258894,3.06733472652315,12.3691047040974,2.27549872221158,3.09424535572658,6.56288334219802,3.94253501995628,2.76737741218927,9.49730633680086,2.84636698362555,2.74067752030809,10.3498415243488,2.60227814359031,2.83444585652126,11.218573434669,2.4017572047692,2.94160511498422,13.6303173653371,2.20743843372808,3.29177534298767,15.0186784772044,1.99097010799009,3.56314676866223,16.6043907198991,1.73158284026751,3.73718468033284,17.7878403852193,1.579354841096,3.95695513587987,18.8471556779286,1.4409372801581,4.21127628560247,19.9023007187493,1.20784081540333,4.47357471216222
9.70669842269702,3.92707638913167,2.77536038816466,9.52647271280369,4.02743894652169,2.64998709923376,9.35746203032401,4.00546287955059,2.49748569772711,9.07138649123377,3.58768928534782,2.32721957507332,8.72740059286962,3.57031805531625,2.66194236682832,8.53622587723022,3.11364593200565,2.56207803281321,8.69277252472603,3.08256536329616,2.59831990813267,11.3129398391794,3.42045415744568,3.42680748017937,11.721611949021,3.42055607896888,3.35863187780593,12.1191132085546,3.43998997128425,3.25506223370907,12.0814058112049,3.16698925091623,2.76631159220848,12.1478700190174,2.73581211876202,3.15926200886533,12.0263725095205,2.29905595839175,3.0674015171638,12.3703408033794,2.27873159962701,3.09466563116323,6.55558324770718,3.94737724342901,2.76548250489514,9.48579577526707,2.85178808016779,2.73845749351223,10.3392740795899,2.61229318173767,2.82798546733164,11.214192871791,2.40577912230028,2.93969707749375,13.6180523805867,2.20854919443408,3.28286874381332,15.1263696274214,1.97331781914828,3.56584540017805,16.6091712180347,1.73307635514764,3.73720485969776,17.7812108382976,1.58085888784733,3.95164524371264,18.8324549891658,1.44074425488614,4.20504241523453,19.8928468276757,1.20451448698194,4.477314376569
9.68387850256438,3.92446277074159,2.73344949993102,9.5035715802477,4.04547336605414,2.62705474890196,9.30639490100194,3.99560945641396,2.44390721585536,9.06214094128752,3.5834832733453,2.31131338681835,8.71973364894686,3.56427662340549,2.66539064026779,8.5301849716248,3.11089240884605,2.55885697695195,8.68608499140444,3.07845320808018,2.59206991792201,11.3122173863426,3.41943111653633,3.42321803930567,11.7191555384665,3.417744620521,3.35592949991131,12.1181439801203,3.43470911338271,3.25161012935129,12.060945615683,3.1619262557752,2.74020226025513,12.1345174088304,2.73479336983495,3.15369907639282,12.0101185718326,2.30104626660613,3.06205828530196,12.3573804444837,2.2836294990161,3.08882474780242,6.54807221297319,3.9479633625711,2.76375670137498,9.48201423363656,2.85206411028149,2.72994232402145,10.3347005099117,2.62028956060899,2.81744057957792,11.1996279167401,2.41060117054633,2.93500637658059,13.6222575672665,2.20576190635675,3.2858328995344,15.0319273994062,1.99375944912526,3.5653561027413,16.6222508259047,1.73579923412838,3.74005648209554,17.7817740036276,1.58347575940946,3.9531561625233,19.0312046800914,1.45465215606365,4.32762327767711,19.8847197533613,1.20527813228788,4.47801187705177
9.65032152051041,3.92766064927472,2.71063978481805,9.46164566200137,4.0403675098074,2.60283036836606,9.27652917333131,3.99439410244425,2.42592074618498,9.02973918668973,3.57640017864434,2.29292495074929,8.70528719128424,3.55958948441603,2.65534212922467,8.51269519476402,3.11523805406238,2.55316829364415,8.67318714570391,3.08077513408766,2.58829044775108,11.3127148187089,3.4217832086085,3.42560849759019,11.7188265475802,3.41647771990282,3.35826904249373,12.1171957928321,3.4320657926618,3.25150432573917,12.0591437998325,3.1600160023193,2.73506409444393,12.1231858734517,2.7375433007224,3.14837990027684,12.0007254869926,2.30456849055421,3.05789189955694,12.3421007748293,2.29228263741083,3.09026127407991,6.54039260639861,3.95010024968383,2.76178615587437,9.4711777354625,2.8524955970753,2.7227475600161,10.3275166591704,2.62657715069531,2.81048478257654,11.1840739159333,2.41869556229171,2.92592437170086,13.6157445896326,2.20791719328078,3.28437707132192,15.0339824746286,1.99588773821194,3.56244423424307,16.5806334066239,1.74494254473988,3.73225925400241,17.725370110377,1.59279224727248,3.94038974773944,19.0235046516131,1.45725229589233,4.32790595394378,19.8759367425625,1.20679252042953,4.47846302278428
9.62235724132941,3.9238595387572,2.69113097247078,9.43372703646382,4.03624088786686,2.57703795008453,9.24758853967495,3.99926754100408,2.4106774026088,9.00218891741055,3.56806135853903,2.30285623730238,8.68981539486302,3.55796773724476,2.65747739622218,8.49874909985917,3.12173762913639,2.54964475053655,8.66212434820973,3.08597315139204,2.58694439756439,11.3116254188573,3.42176166838916,3.42361198368695,11.7269764278416,3.4244220825563,3.35333683833748,12.1168056408287,3.43015115271099,3.24831814283526,12.058262605745,3.15947128379308,2.73263720089104,12.117347404975,2.74065717756574,3.14676681120949,11.990404619168,2.30595709857873,3.05800642926764,12.3398386547129,2.2945924507001,3.0893659994886,6.53179249643178,3.94581871304224,2.76144382823132,9.45859549508814,2.85304342205759,2.71775439352105,10.3206954011933,2.6425806559894,2.80091322696934,11.1664912411954,2.42328853330829,2.91955537197841,13.6177933762093,2.20879147409818,3.28493278142366,15.0393441079296,1.99357647277142,3.56061836217812,16.6762482567692,1.72456537957036,3.7393446449561,17.7629175321674,1.58734787809799,3.94549999531392,18.8065583969949,1.44781042925198,4.20580170209072,19.8678277495541,1.21068514104079,4.47811451528487
9.59657495761016,3.92465712484285,2.66961816570956,9.40246642197528,4.0471948677189,2.5476238308271,9.21886449937536,4.00867786162979,2.40935840197155,8.98447201899472,3.57035057018512,2.30912287006706,8.67619956164762,3.55857725492933,2.65923136651296,8.49280847460869,3.12819376116123,2.5556900166209,8.65592455630434,3.09138055507778,2.58658647158261,11.3221971710546,3.41880148290405,3.42998977143473,11.7254424066368,3.42268744076254,3.35278387451734,12.1163909963963,3.42798943278404,3.24844604807166,12.0590370785272,3.16748010798818,2.7290746831771,12.1073410447308,2.74395770003864,3.14148215759637,11.979717698344,2.30414013516772,3.05092257265028,12.3264498849931,2.29420913046686,3.0870424729195,6.52395611050651,3.94818513657784,2.76175823599752,9.44753976709941,2.86101290062787,2.71182349712126,10.3087572119806,2.643217913854,2.80122443866176,11.1551165680969,2.42453066498397,2.91928054536734,13.6170470192856,2.20728083231908,3.28746296925025,15.0132649705961,1.99701574139415,3.55954999024946,16.5746607970358,1.74915577745802,3.73242709294816,17.7630422325947,1.58736714838072,3.94893912967718,18.8032737520406,1.44960273663923,4.20609859645658,19.8618919282946,1.21470002962882,4.47755444417955
9.55458244107997,3.93330352495766,2.6542864301139,9.36359619604841,4.05737772907324,2.53377573314138,9.18746710935513,4.01499195267401,2.40472633815236,8.97337580388764,3.55848268135037,2.30124168461119,8.66707043939463,3.55509525697359,2.65973528471931,8.48512390058071,3.13151158748914,2.55774686836264,8.64868247879304,3.09209730118869,2.58884947826803,11.3211323725923,3.41537529394473,3.4321117071099,11.7242773617172,3.42271062114712,3.35425017356247,12.1124684180417,3.43272597619223,3.25409736064015,12.0692742993785,3.17983267186363,2.73926689628223,12.0974180476275,2.75180863894202,3.13947604517048,11.9705424020336,2.31054715724898,3.04928771579544,12.3134184514703,2.29905160386665,3.08637819015226,6.51669663916819,3.95179442302085,2.75728143897587,9.44367779144124,2.86169298169165,2.70142495785198,10.3059361190282,2.64418115530924,2.79877408501111,11.1453059069161,2.42869178393189,2.91833067446,13.6043171826561,2.20732424716088,3.28783229359973,14.8941314467664,2.01411601683591,3.52981289251734,16.6666160173171,1.72255061327969,3.73995898100622,17.7669987578707,1.58666979633789,3.9520940721978,18.7989291352974,1.45202863633602,4.20881516358424,19.8532698417771,1.21623484487701,4.47805561773931
9.53119443218904,3.95944235050882,2.60287261562266,9.3386982167326,4.06461984088621,2.50905111983908,9.12231832136595,3.98638677515423,2.36086050597778,8.96756704739515,3.5439087014112,2.28006455790896,8.66415967767062,3.55273905272265,2.64977076887253,8.48236936185708,3.13017020228054,2.55679663947812,8.65046970078531,3.08844468083382,2.5887788240019,11.3212829719763,3.41719274991505,3.43081969355728,11.7247511303942,3.42194922030574,3.35424192141077,12.1141827418374,3.42707570510527,3.24873314231213,12.0527527424995,3.19064928860864,2.7268727932266,12.0906634008433,2.75658208107978,3.13807354174743,11.9578801906676,2.3143573790918,3.03972213870453,12.3040036157228,2.30393668505712,3.08395064440692,6.50391000814155,3.94864944600777,2.75795529833265,9.44823868691035,2.85998715510072,2.69857376528903,10.3000210569138,2.64559723964953,2.79726919806161,11.13422781253,2.44105128619411,2.92769908735438,13.5994149169468,2.2076858326604,3.2859603699851,14.8989287004656,2.01434890959915,3.53797875784444,16.5542438257179,1.74975857992107,3.7261766406454,17.7454789480585,1.58936885811382,3.94742188241007,18.7866137002498,1.453815565079,4.20589220388603,19.847573339569,1.21886695068049,4.4762463985012
9.49202837188938,3.96849962078059,2.58477207581189,9.28151628073684,4.07904943616034,2.46408011138175,9.0799164465883,3.98700605588364,2.34131158989935,8.94753751147001,3.53934022307274,2.2705903110651,8.65294481225334,3.55141114185138,2.65367091957259,8.47088174453956,3.1275671151268,2.55310436653052,8.64021874362189,3.08644929329689,2.58800320412265,11.3099169560224,3.41677947569104,3.42781655817915,11.7231626602511,3.42037867540754,3.35405653356489,12.1126419689665,3.42521686769156,3.2489629911084,12.0637792902589,3.19369140457065,2.72879160255985,12.0672305312078,2.76462086706888,3.12809584556639,11.9459092176801,2.31758643576665,3.0357759638022,12.290434640583,2.30556775269791,3.08044210479886,6.4932983409879,3.9550922158838,2.75591066510214,9.43269860429692,2.8703828272098,2.6945194368071,10.293645182044,2.6518793239448,2.79258971556432,11.1382026563907,2.44233946883215,2.9264284651052,13.5913452858702,2.20889570319502,3.28619875353315,14.8885254644694,2.01513187250298,3.53527436776086,16.5626882391887,1.74751034115105,3.73499804096906,17.7496311230638,1.59042421513358,3.95332397381149,18.7850048901431,1.45622138291594,4.21187218703171,19.8403588359057,1.22165226616424,4.47326941992161
9.46640885231935,3.98721002361972,2.56772982290931,9.25139626596546,4.08581389767014,2.44899440685178,9.0601121971056,3.99580867726105,2.33028674448706,8.93685792673494,3.53519988964382,2.24281189581535,8.64612752127022,3.54360057000616,2.6407802500115,8.45795969445721,3.12251267018444,2.54564329277215,8.6300617864926,3.08193497315342,2.57925519215087,11.3088722802782,3.41864568120052,3.4278655186572,11.7214751603848,3.42097926494149,3.3535694657188,12.1113668140391,3.42825112754688,3.24887417997583,12.0670386567289,3.20025416580497,2.73173690299568,12.0649253575563,2.76835842009811,3.1342633742074,11.9422224625069,2.32522420246479,3.03881713905995,12.2865822633211,2.30904787528437,3.08207721315256,6.48462744539906,3.95306856089255,2.75977541868866,9.43576448862102,2.86590132868427,2.69217198433663,10.2881060581534,2.65333690326863,2.79236358596881,11.1307465093404,2.44625844690711,2.923385046331,13.5893004459738,2.20889703950566,3.28740785278278,14.8808719309392,2.01981209157606,3.53234441777926,16.5465365506624,1.74560185082124,3.72611256577621,17.740318889994,1.59213291905957,3.95111183357231,18.778980047942,1.45813293902187,4.21185285419065,19.8324253368353,1.22625382989903,4.47399585290723
9.42072139256096,3.99879488529989,2.52374374879662,9.19878451123959,4.09250595270112,2.41714530569942,9.03053847496216,3.97667214803645,2.29694345499058,8.92235285173691,3.53163116504518,2.23797676595374,8.64269204694108,3.5416955265334,2.64226806709421,8.45891473042384,3.12362245233003,2.54690308787817,8.63863671098958,3.07976645265667,2.57837619926919,11.3092440638086,3.41611124995269,3.43027323301637,11.721340188953,3.4198074503621,3.35394626276861,12.1170284971413,3.42291620919439,3.25034844959461,12.0679606597181,3.20621601880929,2.72854698309574,12.0570280427379,2.77452430023565,3.13316936334682,11.9306596434282,2.32899390279941,3.03608559319945,12.2764003329358,2.31165156581855,3.0798559839321,6.47249303429116,3.95120746786633,2.76226909433475,9.44550517774679,2.86121670788052,2.68337874701125,10.292252576459,2.65305839261747,2.78824503728589,11.1231950913803,2.44926706283154,2.92000736449327,13.5711106365279,2.21118535201853,3.28886314490898,14.8860748559223,2.0220434537922,3.53639834175339,16.5580603591282,1.74447107004064,3.73011965856164,17.7316042307141,1.59289601037512,3.95039314872667,18.7647495666809,1.45882150336198,4.20706907474552,19.8235620045722,1.23169696572457,4.47278475414558
9.3694179059581,4.02347456890596,2.50174504937095,9.16790128696965,4.10119980937414,2.4065446697654,8.99832499167216,3.97769285939074,2.29531883613412,8.90685639366014,3.53210439655669,2.23287870195995,8.63921737621897,3.53728613321033,2.63996701319121,8.45340407612442,3.12621381839034,2.54148952398409,8.63132765457706,3.07880121129209,2.57860623580991,11.3113111273677,3.41373141533262,3.43350659317175,11.7226688214598,3.41904928877318,3.35504570129093,12.113714963547,3.43144905113499,3.25180569605499,12.0691287473159,3.21320392956819,2.73233755692689,12.0548179351472,2.77835931068648,3.13610192268034,11.9294067141784,2.3297006666242,3.03830844475326,12.2762896317992,2.31221353147548,3.08148106021958,6.46128082861716,3.9479753055227,2.76295346644716,9.44039982240689,2.86349674255435,2.68301468154176,10.287575358474,2.65361680916042,2.78884592663316,11.1237479159081,2.45398355226255,2.9165523972575,13.5770104038572,2.21128289974108,3.29394863319659,14.8858550409576,2.01870437520651,3.53810882998895,16.554305073475,1.73800573586647,3.72970246174467,17.7292564392267,1.59303342847771,3.9509166359183,18.7682457212876,1.45976861126987,4.2095757053946,19.816606744781,1.23433255331252,4.46681060952008
9.33240878095662,4.00707911127136,2.47356939444385,9.13270883172123,4.09896787982578,2.37913047585278,8.97168847675467,3.9653956320115,2.28184294069023,8.89758939455563,3.52706451536257,2.2194820402246,8.64248795039544,3.53380544901891,2.63735548142171,8.45788354299833,3.11952474353283,2.53846565717185,8.6338017762709,3.0777388185633,2.57281516043473,11.3120805673873,3.41298007009457,3.43332829278429,11.7225007123682,3.41852466137705,3.35335228916692,12.1129779564767,3.43267883640227,3.2493660502958,12.0684487842051,3.21035271022306,2.72743038137401,12.0512068118195,2.78367613518028,3.13517760556749,11.924372119268,2.33188914759095,3.03723725300032,12.2728439576612,2.31231912035634,3.08109946490602,6.44993691088507,3.94420697843114,2.76501215182222,9.44820354161012,2.86056943059288,2.68064079885373,10.2929713012097,2.65065596667552,2.79127875687056,11.1156474939214,2.46169782014493,2.91359545745269,13.5867844878202,2.20601568279026,3.28328182892319,14.9031583524051,2.01107014123964,3.54205440027386,16.5338903783474,1.73991189994119,3.72563295170352,17.6983661838522,1.59195464451247,3.93976811451468,18.7532993015309,1.46245003559809,4.20914685259189,19.8093478583257,1.23950585978622,4.46530287108578
9.27941691834152,4.01506609028661,2.45469301710056,9.08556209147514,4.13197370941449,2.34723471942135,8.90174391731831,3.98356308192572,2.27374031766977,8.87497205810197,3.52679846882188,2.21551957317745,8.63644385591202,3.53121988764121,2.62830745605786,8.46242796413413,3.1222637774269,2.53526740916283,8.63034628303326,3.07793996976786,2.5708770753499,11.3123981615785,3.40848891707347,3.43592411248736,11.7237873417238,3.41946991908709,3.35811563302804,12.1136062924396,3.43405113286999,3.25592561354055,12.0663623538337,3.21708962481677,2.73411678322064,12.0396420805881,2.78693732203805,3.13472241679093,11.9102582977766,2.33713911782802,3.03599742521871,12.2609501701639,2.31481872570058,3.08014822750313,6.4392536043705,3.93986185999412,2.76675581890515,9.43876671120031,2.86544994480678,2.67782233525731,10.2879827567574,2.65555071768137,2.78852551420835,11.1106059843885,2.46372438642693,2.91253666282071,13.587080428276,2.20781359860235,3.28419190855648,14.9222777704724,2.00494989544651,3.54801787346667,16.4787339449327,1.74548752043014,3.74249147861612,17.7228636276592,1.59174812478498,3.95684949036651,18.7514132126975,1.46432330149951,4.20942374052735,19.8006882202136,1.24180489946371,4.46476425015757
9.25986376987729,4.04515993865704,2.42589782153967,9.04705741487626,4.13466831739182,2.29386040537291,8.87281301202289,3.98411133432494,2.27296756110621,8.85902054812483,3.50941065640073,2.2296010440343,8.63264945421001,3.53382235979563,2.63229270783186,8.45325757022188,3.11933131472251,2.53168318083294,8.62820771577612,3.07800249346681,2.57784301386639,11.3101919056378,3.40602014032346,3.43732354822849,11.7232053770456,3.41727755342872,3.35742233284186,12.1140637463936,3.43340927832953,3.25193999631043,12.0696251489208,3.21980512383581,2.72248868500521,12.0357967138826,2.78670570334612,3.1374078160862,11.9199308337411,2.34545729380904,3.03643956325303,12.2563127645677,2.31346881952524,3.08535185558952,6.42894773209858,3.93836831141037,2.76203507216796,9.42959604304542,2.86709838642324,2.67606553545914,10.2722602416857,2.65954647512397,2.79013104469854,11.1043501432454,2.47196273790223,2.90748315808309,13.5671161516668,2.20999336400392,3.28827365106714,14.9146053508331,2.00365992865432,3.54922671902663,16.5407170637939,1.73849744647024,3.7335828720686,17.7177236851392,1.59351249608123,3.95651653621395,18.7402843981113,1.46730011585439,4.21039420063696,19.7902288378907,1.24450525423581,4.46299027363884
9.21317764609827,4.04070677738012,2.41746760472447,9.00106781027049,4.14556732223214,2.28479566321824,8.83121388691394,3.99301966860762,2.28213439981306,8.82714272327671,3.52296820792408,2.23522590421156,8.6110061586109,3.55068279349887,2.62808605144274,8.43221598494618,3.12375350094358,2.539556482911,8.59995593934322,3.08345701961426,2.57421336597297,11.3110965300307,3.40443033129854,3.4402172281892,11.7233769484849,3.41767436490807,3.36019684572035,12.1114153136478,3.43037845818433,3.25430497596711,12.0656878585101,3.23282483770287,2.72498950863537,12.024393100174,2.7919149689359,3.138039046288,11.9122615639572,2.35080853051611,3.03851660254148,12.2383965939986,2.31639685117792,3.08478578437669,6.41804366189347,3.93577409720158,2.76155330799714,9.40303537066893,2.87618614826562,2.6719286438994,10.2592743105176,2.673661067382,2.78593977963361,11.0979287873357,2.47942884145313,2.90340569523999,13.5522375156347,2.21227670089828,3.28639056018783,14.9031995840414,2.01152327008099,3.5513833687938,16.5323630763313,1.7384999665959,3.73485771875444,17.7020705997849,1.59159311020591,3.94499984881535,18.7383122319303,1.46909107783964,4.208124212973,19.7791932302326,1.24763788743592,4.46515144120967
9.18698013746383,4.05543081818868,2.41058745905726,8.96210863008207,4.17171299666128,2.28226760686995,8.79810097051641,3.99068786860661,2.23835082920163,8.80489327382786,3.52810657912546,2.22104244697095,8.58852487018258,3.55645243700046,2.63728495567359,8.424142493163,3.12563482054257,2.53902069816129,8.59313578917222,3.08516693275981,2.56763519771816,11.3075867446379,3.40045232152742,3.44253082980846,11.7213254423676,3.41684465065033,3.36000613849792,12.111960417043,3.42684936988196,3.2534517324565,12.0613399224758,3.23354933300811,2.72042249686689,12.0147497695502,2.79304601113471,3.13786267104348,11.8990149304675,2.35033655718896,3.0419206393176,12.2339473517697,2.31560081218544,3.08410188151063,6.40373420773228,3.92998872257501,2.76240820430759,9.39693794959257,2.88337996224749,2.67362862350227,10.2454962952105,2.66647326765088,2.79142733277215,11.0917359079575,2.48766912871751,2.89695001423777,13.5397757403575,2.21674867039089,3.28853989839662,14.9208787048884,2.00255140918072,3.5581198122559,16.5398747085018,1.73689652106547,3.73932563195326,17.6851113822382,1.59850056216187,3.94668375662845,18.7292457471033,1.47132103377891,4.20662724135073,19.7665656949868,1.24863852420433,4.46596652539603
9.15815791125771,4.12226015824411,2.37701544322475,8.92579799645249,4.19710942292611,2.29104420401974,8.76727159008593,3.99998649796273,2.24879244952489,8.78144517667889,3.52997433599522,2.2256439923335,8.57270969063556,3.56737391707427,2.63750735867148,8.40103131775377,3.12106049765309,2.53097890358546,8.57742489074764,3.0817924792085,2.56152284294156,11.3040746671174,3.39628551682536,3.44156750223741,11.7196033614504,3.41519370746035,3.35912058874399,12.1077342828939,3.42690183101588,3.25137937028748,12.0560635752141,3.23943884836657,2.71228777297653,12.0043973240407,2.79526869770214,3.13962639969214,11.8827851703851,2.35612049314011,3.03969309012936,12.2229296136696,2.31953999715046,3.08532870982658,6.39136012051738,3.92550620080128,2.7618774729054,9.37966259795841,2.89574092316129,2.66779580542993,10.2288247133552,2.67207636040622,2.79210002371858,11.076641891035,2.4954958481245,2.89259235068527,13.3660343728057,2.2516195960484,3.28259602577587,14.9318114227056,1.99764058667697,3.56191754953088,16.4601644418984,1.74917464268888,3.73662272050665,17.6663208724134,1.5969366521851,3.94024256810601,18.7120367499815,1.47263878205369,4.20490185340927,19.7554549568954,1.24962397880233,4.46667335818249
9.11841140148103,4.15370869708567,2.38081613930057,8.88989531518744,4.2205851909231,2.29879284274452,8.70710004857103,4.01298097217039,2.27893721101363,8.7495110102856,3.53324866094536,2.22202087645834,8.5567851332614,3.57343754123908,2.64714861553671,8.38524982409187,3.12083870486178,2.52534158916186,8.56702002467474,3.08294035618076,2.55670360769914,11.3048748420789,3.39662579898829,3.44348546828976,11.7185648977083,3.41665154661463,3.35868121917708,12.1074598559673,3.42578167441803,3.25090105782362,12.0502421040418,3.23916864427237,2.70849148056879,12.002638014459,2.79801019484513,3.14276869296244,11.871916818535,2.35792232229309,3.04020510167007,12.2140582824802,2.32247566166948,3.08312286917822,6.38041693645089,3.92463369788087,2.76053574250435,9.36020562315754,2.90043188595129,2.66660598945572,10.2182752937211,2.67691120903228,2.79022688323056,11.0698080792477,2.50220470300232,2.88550520064491,13.3627987447189,2.25134768306727,3.28232287275176,14.9429344391103,1.99388241350707,3.56801180796479,16.5101120435549,1.74109744364132,3.75438078858652,17.6790639821256,1.59570021114922,3.95354966810305,18.7243417195422,1.47869171908117,4.22464618811805,19.7477895374448,1.25342217553304,4.46595669262606
9.07513559485972,4.17695607849789,2.35651289645411,8.8383478707516,4.22521477921966,2.27051742947852,8.66945516065537,4.00911303864888,2.26568176270927,8.73058426332137,3.53238510851979,2.22437167583893,8.53857509273756,3.57567871233893,2.6613196808455,8.37063455275281,3.11681889622077,2.52775631409274,8.55414759005451,3.0829957313571,2.55680932700095,11.3029640033052,3.39328870381753,3.44516268575465,11.718168847328,3.41734386236958,3.36072313134626,12.1091274075858,3.42150248981472,3.25114711702021,12.0501320554533,3.24311072012992,2.70989725663722,11.9986446388547,2.80089007183627,3.14446481163133,11.8611254985252,2.36107381408335,3.03900527057627,12.2041995079867,2.32924970127995,3.08629505552731,6.36724938932073,3.92048927612625,2.76162894633728,9.34474368589266,2.90659319358855,2.66190095234842,10.2060992026596,2.68543778438443,2.77729011001354,11.061074456351,2.50666686126596,2.88069568339313,13.3304275757412,2.25717810840024,3.28643013010884,14.9360405569299,1.99166587180106,3.55848016904514,16.4605700694085,1.74322910821853,3.73881216221025,17.6539557358009,1.59868702193887,3.945027839649,18.7210412412024,1.47980221458922,4.22678399861832,19.7395981868479,1.25169798180198,4.47153257289153
8.98788730790079,4.20102275518202,2.33743013033194,8.7827039150271,4.23508154392704,2.24600827665287,8.63940943861451,4.00526258338891,2.2576100531292,8.6974734504333,3.53365984429771,2.2083594178791,8.52064492563835,3.57107432861436,2.65622627357701,8.35792086955512,3.1119564919942,2.52566995485873,8.54578240344493,3.08281469307658,2.55685166388742,11.3005066302478,3.39006376681681,3.44298917855249,11.717859693494,3.41454325181214,3.35987055260909,12.1084563349904,3.42327615486691,3.25176477772891,12.0466137787844,3.24340739700941,2.70870076503492,11.9933859491473,2.79501399493687,3.13217096871922,11.8551605688622,2.36233584472096,3.04153131417486,12.1979341579078,2.33032752680219,3.08981945953059,6.34994328333122,3.91172514988899,2.76393122293671,9.33764302307899,2.91116033512763,2.6577857643484,10.1983671041057,2.69251155595143,2.77266760486465,11.0501447125483,2.49463634105452,2.88786747655826,13.3191734687502,2.25821911095334,3.28611436277932,15.0650068039289,1.9692901792175,3.57010836393696,16.5574919430631,1.7242382032944,3.76208717879694,17.6615555090766,1.59746380319195,3.94762360953963,18.7133830579346,1.47995683883645,4.22363141688646,19.7330470637948,1.25541245556258,4.4731229609812
8.93024619124249,4.23132838616795,2.311338636544,8.72786047367546,4.23786630410401,2.21720526945514,8.30038584935401,4.11487454801529,2.21170497071852,8.6788336604643,3.54138012096601,2.19694890961651,8.49965850361589,3.56990091926708,2.63917662737469,8.34846687792202,3.11540869398244,2.52693862203079,8.53052782099404,3.08128805196505,2.55378566290466,11.3025292494128,3.39431976013399,3.44470754553241,11.7184365988808,3.41361755202381,3.36059601740115,12.1075738996615,3.41858252719322,3.24883694427006,12.0444650478107,3.24487183508635,2.7057713276523,11.9966905562339,2.80653414618702,3.12500051455812,11.8481847892015,2.36295351898498,3.03260016525836,12.1947181537944,2.33109279875482,3.09102080536261,6.33702286922288,3.90513752096189,2.76494773144539,9.32628115005543,2.91537298250431,2.65495099395189,10.1884273260411,2.70182092492631,2.7663316218085,11.0450917464564,2.50469350418234,2.88473477835652,13.2968517046984,2.2597229902517,3.2856109489431,14.9584825306357,1.98993573255148,3.57134066522153,16.4939886605463,1.73039355446406,3.74395266779942,17.6492019531938,1.59771948349712,3.94630926167928,18.6954781249106,1.48005597786167,4.21862486327018,19.7257298655826,1.25736755004971,4.47514730782623
8.83965263314117,4.26862782739741,2.28268093903419,8.28845003723941,4.36472437771712,2.10888145604443,8.2690453805539,4.10825907801242,2.21834732911746,8.6353473185806,3.58986229561623,2.2203880394709,8.48872889861811,3.56967747077511,2.6373159189551,8.34410236787023,3.11454183075188,2.52251049999374,8.52010655854628,3.08230968784455,2.55110971849061,11.3039066368595,3.39455004084451,3.44232921454102,11.7163649286836,3.41315144530615,3.35775095313992,12.1052732329296,3.41308240047989,3.24747398540568,12.0425809076074,3.23747593077742,2.69434669638526,11.9900161477042,2.80620978105298,3.1231208550608,11.828330841161,2.36261573947143,3.03257195558283,12.1871048563684,2.33172347668612,3.08668124043866,6.32591144525018,3.89993754105922,2.76399292207302,9.32406693559514,2.91059357097234,2.65099224965431,10.1786334296208,2.70726989922224,2.7617765832659,11.0428485404212,2.5078956377112,2.87947514405788,13.3024080120379,2.26099036704854,3.29650355770299,14.9393157413765,1.98984149774979,3.56148506730016,16.4874052494244,1.73099107156011,3.74033251858111,17.6140116013589,1.59989601474079,3.93248131618111,18.6815042299065,1.48089638714321,4.21397930361747,19.7149327908175,1.26077824099491,4.47405612886566
8.79616281914822,4.30216854749118,2.29557319490661,8.25808608648913,4.37572753732002,2.09702051367551,8.23647333469446,4.11094499421276,2.21630230728298,8.62338785385352,3.59827550064894,2.20470352395913,8.47613944615678,3.57548514373377,2.63781011692244,8.33355263342179,3.11469379347234,2.52286400379089,8.51010548792523,3.08403818366228,2.55236228179087,11.305497544646,3.39705764821991,3.43883383645942,11.7154121307175,3.41024982953459,3.3570733307711,12.102284276025,3.4156955233257,3.25407336115803,12.0377723160815,3.24141709010503,2.69969103593148,11.9858917903877,2.80913180396694,3.12272573421106,11.8267339563037,2.36464670061947,3.03375159449278,12.1777408542822,2.33733366686439,3.08448316114645,6.31512080514828,3.89592801477223,2.76294621822431,9.32275441646259,2.91048134743894,2.64603742116337,10.1862039429932,2.72573977869741,2.7484275146059,11.041499250138,2.5160160598421,2.87606014058576,13.3033893723449,2.25884349376905,3.29723208367069,14.948488543172,1.99239919838623,3.56351559262892,16.4619632102818,1.73744676020563,3.74002496522796,17.6168336149121,1.5992268573701,3.93906942842187,18.6742293958272,1.48334261725718,4.21519747779767,19.7045823030065,1.26330207254202,4.46985240937107
8.76140991987833,4.31503859564427,2.28220388891512,8.20274534413101,4.36783081841619,2.11342062931228,8.20444010292765,4.11501157190614,2.21160325138926,8.62546018908981,3.58391291655942,2.16071424196067,8.45275030688941,3.57910119116851,2.62121305489032,8.33432377437671,3.10909785541045,2.51084304256606,8.49875335399862,3.08624748161081,2.5472341514606,11.304446711007,3.39959910575431,3.43720830258853,11.7147369557885,3.41150145091349,3.35698893851751,12.1063883182179,3.41170369996039,3.25249102295171,12.0229597852787,3.24318585468968,2.70708198938598,11.9801802019329,2.81432357187396,3.12456701170701,11.8232164667778,2.36899312732384,3.0321386681526,12.1802148285868,2.34028029545932,3.08186610031234,6.30321313339735,3.8881284960871,2.76250591961018,9.31645982280887,2.9139148201076,2.64334473739596,10.1798552570857,2.73148997213539,2.74238768616129,11.0385399974102,2.52015024125975,2.87657595800211,13.2988033149532,2.25597366196356,3.2942886774795,14.9531878761568,1.99332589317203,3.57433152614197,16.5459592749771,1.72779939245784,3.76623115883463,17.6556743978981,1.59814116372119,3.96295794746083,18.664464673789,1.49000600941073,4.21538776014119,19.6940925240863,1.26371387342218,4.47082352677752
8.72922930199947,4.34439234366296,2.25938925017501,8.52091245967076,4.28119154851457,2.1781638160765,8.45306876432388,3.97246802424542,2.14595549037778,8.58694364412631,3.59999665737842,2.16377354103876,8.43359464497164,3.57538917762807,2.61210916742005,8.3205923785389,3.10976633609753,2.50532723398792,8.48651567533374,3.0899587752446,2.54114097044236,11.3045111770321,3.40223250169805,3.43565354063962,11.713287300569,3.41175078004557,3.35598775779019,12.1050433443679,3.41100391212839,3.25460477915072,12.0154661636958,3.24610330491769,2.70629690806837,11.9569575921323,2.81874346701499,3.11905123423227,11.8050305227241,2.3749851426318,3.03009317118587,12.1604380918475,2.34526385847559,3.0808772749137,6.29292608087626,3.87966803013186,2.76908529765246,9.30685158872199,2.91924002789317,2.6420186849576,10.1684691827782,2.74338636014458,2.73339479178901,11.0190236281212,2.52869081125805,2.87211175829693,13.2822497596082,2.25726188472277,3.28772054892628,15.072220668734,1.97479121402814,3.59537615447873,16.5632811896179,1.72036166436166,3.76400797318916,17.6056531702834,1.60457210106084,3.9419278911902,18.6600252329825,1.49237383173321,4.21567959741799,19.6834886048253,1.26720393837291,4.46847928872585
8.67204454846078,4.37660636860839,2.26150860330459,8.43687976853103,4.28726132004938,2.1907791141215,8.35837152255896,4.01464413472415,2.20884150696672,8.57753717083877,3.60535019969263,2.13593018840697,8.42530391131353,3.57408460502587,2.61944456356092,8.312836381761,3.1099673367966,2.50556881588412,8.478946449056,3.09127479687463,2.54076634858276,11.3084228221326,3.40126230649141,3.43878925495569,11.7170400160328,3.41184850311232,3.35922865368419,12.1032694925109,3.40914079968532,3.25278206655123,12.0161874479154,3.25976278356224,2.70711396813402,11.9423732631471,2.82378863204303,3.11911127825422,11.7883793794258,2.38067301656001,3.02734136977886,12.1404304558727,2.35223154045264,3.07756034523184,6.28140321033803,3.87629818853572,2.77214717603549,9.30192432447377,2.92405329107409,2.6349742574177,10.1648443625813,2.74714861618447,2.73099552473519,11.0078656547417,2.53683200965483,2.87151397702907,13.2900925808967,2.25733406661733,3.29325408575573,14.9531714932126,1.99127438388382,3.56769852167042,16.5550013738242,1.7205942787859,3.76420539542461,17.6237291681024,1.60198963425363,3.95124024257169,18.6543926569601,1.49233125352262,4.21778765516042,19.6722232242789,1.26736780779599,4.46865049830366
8.55769915467167,4.42583787946685,2.25529580939422,8.37658112953068,4.2974554171016,2.1961179371814,8.31968268316382,4.01189382518906,2.20590394657867,8.56880356950018,3.62512041807394,2.11861430456297,8.41579848594554,3.5724067549322,2.62702458697511,8.29315145685477,3.11746441782218,2.50561839429333,8.45816208576579,3.08078081537638,2.54643475218474,11.3081061947363,3.40236755034048,3.43927588647127,11.7181402902819,3.41323516683442,3.3570419069094,12.1021745958682,3.40638355268327,3.24979321184419,12.0110573705414,3.25967038072094,2.70166939003686,11.9323409265913,2.82397221341785,3.1189646164815,11.7848339459047,2.38820879644933,3.03428671119732,12.1246612207985,2.35307460490119,3.07696697456347,6.26598047570509,3.87369738431159,2.77738511139655,9.28507980214043,2.92848236816693,2.63129209975734,10.1471164808716,2.75513568709808,2.72461611609299,10.9902842099992,2.54345245859759,2.86761329261185,13.2948161494992,2.25686056069449,3.29557931110677,14.8145451065538,2.01307049717634,3.53356906117215,16.4440201753526,1.74198615021665,3.73769899280985,17.5951360494969,1.60227663592759,3.94139395427423,18.6451069905994,1.49344117420659,4.21645955817115,19.6611130198338,1.26674889692268,4.47012386798455
8.43309639596525,4.49023892103446,2.2725188276928,8.33778747212384,4.31608690846906,2.20602294107178,8.29771087091682,3.99647802177741,2.17358112945108,8.57549935588163,3.63461429538531,2.11276812716956,8.42276108419717,3.57076226288237,2.63195375375519,8.26504650863201,3.13020823414856,2.51930330497312,8.4406572868223,3.08460874411822,2.54802749903097,11.3065731841717,3.40104915154596,3.44111529791784,11.7186343797409,3.41589144464336,3.35814402487853,12.0981528960549,3.40678415262745,3.25119548143393,12.0110692972246,3.26556471633418,2.70533058634501,11.9263812618577,2.82621910161652,3.1252785235835,11.7809418452827,2.39515003265397,3.03356457752417,12.1227349908475,2.35799539002592,3.07924163163753,6.25611071826275,3.87235232544065,2.77967489322192,9.2683843061168,2.94476114978535,2.62461264180108,10.133970545276,2.77372321733024,2.71539671875096,10.9799581099205,2.56470083115363,2.85320618467105,13.2875752580812,2.25526142350854,3.29401512063591,14.6868476874539,2.03983640403321,3.52704460030774,16.5375038617859,1.72937410148923,3.76280093917949,17.6381616162925,1.60233402045469,3.96084591273308,18.6508359073285,1.49597038463708,4.22711750983209,19.6516664921758,1.27135842305461,4.46845529221135
8.06140073029426,4.5884310162688,2.157517054717,7.97799840095026,4.37020069725316,2.10275453420322,8.25559611156539,4.0154204605746,2.20566471204301,8.553940834896,3.65437831324218,2.12650446727809,8.40245568432723,3.58115781001327,2.63233170888451,8.26654258258576,3.12370751635253,2.51730109690891,8.4394501429981,3.08263585858091,2.55000188538485,11.3066500146251,3.39499081198623,3.44402493730839,11.7197771327991,3.414448531025,3.35781352718555,12.0971943498901,3.40781550221053,3.24984714307001,12.0105102634274,3.272895920267,2.70613104116073,11.918400176804,2.8315366447283,3.11931783462056,11.7684386646615,2.39765070185389,3.02897151555465,12.1093042137467,2.3564217286578,3.07709911130102,6.24277618542705,3.87340462058623,2.78142198674094,9.26427184744704,2.95521751151918,2.61976848289623,10.1214311684793,2.77918448425061,2.71585342918707,10.9666125658207,2.57041235705806,2.84650150478965,13.2921756511688,2.25528123570758,3.30066103227762,14.8192224093923,2.01905393640592,3.56013228037147,16.5081032207667,1.73611715370907,3.76011812386472,17.569685867052,1.60850444732486,3.93563016071275,18.624725284427,1.49697150475048,4.21580103388396,19.6448696626811,1.27511384052781,4.47071237096933
7.98503999182465,4.60431024055418,2.16158639821057,7.94573086845429,4.35382173953199,2.10666202233934,8.12140875451388,4.05816169564619,2.22266141397599,8.5291612162293,3.67813905971743,2.11974438412013,8.39685812721917,3.57682045245925,2.62764708147207,8.27481260069421,3.1145625516158,2.50882829041548,8.44207014483352,3.08125874064522,2.54577465995441,11.3074965073538,3.39305665520501,3.44465205503391,11.7194890740268,3.41376627328235,3.3583890045078,12.0984495096723,3.40306481259215,3.24581869429875,11.9988237924107,3.2793889521985,2.70246049641907,11.9040617802723,2.83636456916936,3.11557739464388,11.7522818194004,2.40002738070155,3.02524397452946,12.0963411508712,2.35870007634957,3.07580796350594,6.23079309152606,3.87067537231874,2.78710295553135,9.25923169237453,2.96158908946549,2.61544524407249,10.1114691951733,2.79839060462303,2.70496416484674,10.9593390437433,2.57924225025362,2.83791119360508,13.2223061585659,2.26946151238442,3.29046326485191,14.9705079774182,1.98741286613467,3.57283521400465,16.5124745159559,1.73672548236935,3.7587583510646,17.5717262114527,1.61211937861752,3.94003880863069,18.6252150976775,1.49968347057611,4.22232692148561,19.6367042218419,1.27806317514728,4.46705874121165
7.94548575689345,4.60514506320115,2.15785867436909,7.91076535575219,4.34474326706743,2.12535686920546,8.10537210626848,4.04933220928328,2.23367955148904,8.51508629971781,3.69738244017844,2.09907489251138,8.3871312034837,3.57769476544947,2.62526783838528,8.2583813701907,3.12097188949236,2.51490974540473,8.44135882465897,3.10149719750627,2.53590700988265,11.3089932536346,3.39852364750351,3.44163314734741,11.7183246114794,3.41489590084736,3.35556675888856,12.0955166512873,3.40560354306806,3.25098501762982,12.0016920247978,3.27099144944982,2.70021049729704,11.8997798891709,2.83635415644592,3.11588589747761,11.7464181822512,2.40285220040089,3.02341285956472,12.0913807577259,2.36024401955249,3.07727088913283,6.22473906478413,3.86259596488107,2.79936775764228,9.24866384378764,2.96178728768488,2.61627131890067,10.1105529352763,2.80136433679862,2.70215004958715,10.951517009687,2.59020486087969,2.85124974814445,13.2081473149086,2.26372202227757,3.27781033364276,14.8076878011703,2.02075572118443,3.55907260810435,16.3977387605831,1.75215336466477,3.73199298152974,17.5554886698605,1.61632664657497,3.93661752227459,18.6139994007162,1.50132728354704,4.22157766619003,19.6275047037851,1.28020190457511,4.4720709186102
8.13055238388108,4.55132054648758,2.28304966664669,7.93090549548136,4.32864640349345,2.18273537803267,8.02252204834718,4.08935990350208,2.24143984284597,8.48701475790612,3.72073992716916,2.1148241796725,8.37371960142675,3.57977554942126,2.62549210527668,8.2367081794382,3.12295141734915,2.51500155340549,8.41651937275355,3.1050981637807,2.53490945597541,11.3087315444389,3.39965209045693,3.44136396549406,11.717499376259,3.41528716705589,3.35580453630696,12.0913695654173,3.40632911649632,3.24753694533097,11.9983795492364,3.27106446081171,2.69702302104099,11.8978042801394,2.84056905680404,3.1139301470667,11.7567479691207,2.4091435936302,3.02158924549337,12.0854025411448,2.36004389613967,3.0791856232748,6.21147229313776,3.86219060901669,2.80513017800591,9.22767409788095,2.96874215110289,2.61144936387385,10.1026162242943,2.80825462330798,2.70067394128789,10.9494305671559,2.5893973706431,2.83387406994739,13.2016791330657,2.27274143369391,3.28982340912368,14.7115509127113,2.03150959223794,3.53763550859861,16.503428211284,1.73807967973589,3.76225211216492,17.564874843305,1.61614961269773,3.94214321163708,18.6146953368415,1.50255129240358,4.22241319018108,19.6150549930221,1.27919753449253,4.46196423350277
7.85841996049315,4.58844185471276,2.17232616646887,7.8950075577422,4.31372624715047,2.19556356825575,8.0006777410756,4.09862803481676,2.23537502012781,8.45337046165085,3.75532284795867,2.11745484153637,8.36390360934681,3.58481761508741,2.62330277035577,8.22799743929517,3.11590573528406,2.51969885563586,8.41029013750307,3.09871020927582,2.5374623365812,11.3077173317121,3.39843452011927,3.4411398670334,11.7192811721675,3.41092784833441,3.35753679926184,12.0911480327691,3.4047014707081,3.24737675541637,11.9946304448648,3.27331080208561,2.69791067683012,11.8837835091938,2.8441110439211,3.11240299837079,11.7375321070794,2.41623050674322,3.01407528624643,12.0631221029727,2.3616054414467,3.07616579919697,6.20344531137828,3.8586584071384,2.80316184314411,9.22126601591221,2.97182751279286,2.60911536665896,10.0927780901144,2.81535517326812,2.69517632091931,10.9380622993203,2.60271733857848,2.84066113319124,13.2089960217703,2.26745916171226,3.29261809566486,14.720612122162,2.03172022708501,3.53964477383609,16.4701475570612,1.7395919287417,3.74872034790238,17.5510636835672,1.62034900297969,3.94489465042328,18.5769827875301,1.49996139594428,4.20137278448976,19.603599065593,1.28126679317096,4.45933874453622
7.83911406259093,4.56648815682246,2.19704952557525,7.83822477464359,4.30457156728257,2.20089352938493,7.98256384554289,4.08077955477648,2.24682506185605,8.43622545997839,3.77226180249413,2.10139150818422,8.35808994304976,3.5867052766116,2.60882138581271,8.21518227383082,3.11302366018393,2.5319463993517,8.40196742308805,3.09777299695569,2.54674527729409,11.3091007993545,3.40106501610454,3.44245096503644,11.7193682166699,3.41159757910739,3.35675146497133,12.0962247596232,3.40728606741534,3.25011271102511,11.9761168556944,3.29759847166736,2.67708062661766,11.8855641091406,2.84593223635304,3.10996928045583,11.7352428461741,2.41895458719519,3.01491665400139,12.0596276175171,2.36316053079524,3.07487895710343,6.19206835505458,3.861983278162,2.80569330620364,9.21815779637449,2.97807168975284,2.60560527357097,10.0951596550596,2.82303711629999,2.69242731549756,10.9362057684611,2.61025095667299,2.83735647373066,13.193891478475,2.26693589522685,3.28119299422554,14.7180008916757,2.02881528345725,3.53686284928308,16.3878936827072,1.75769029692093,3.73448536067164,17.5442181147146,1.62187752840123,3.94437851093731,18.5675917806043,1.50250335787663,4.20266058839941,19.5923105626885,1.28417596689207,4.45476978659988
7.79233492887573,4.54472665198727,2.23310623025347,7.7896067595327,4.27461119591317,2.22384902353429,7.95048763566356,4.0775721920691,2.2495778365693,8.41741084813012,3.787399897466,2.08370438175431,8.33693737954738,3.59627312113938,2.60913416025467,8.19410011692311,3.11518126172822,2.51837820179627,8.38447431703877,3.10375483411777,2.54771074404396,11.3105497490873,3.39782699858248,3.4436573960655,11.7177734628259,3.40953931536292,3.35757801595388,12.0934367057194,3.40506627792214,3.24805024595405,11.9690692394077,3.29999647919162,2.67308930415693,11.8741377175758,2.85175807132523,3.10248894623005,11.7224420871565,2.42215219776989,3.01098869659521,12.0459438545788,2.36299397292528,3.07381062297276,6.17858081750795,3.85744797677284,2.81063544329504,9.20626289970273,2.98504944565062,2.60413177640038,10.086053786382,2.82608719217742,2.69226245147105,10.9299221225035,2.62156780598734,2.83151879132479,13.188104691895,2.26591832281341,3.28221165602086,14.7242794573715,2.03020567080634,3.53987979033326,16.3682988236105,1.75422921730355,3.72504646386776,17.5303114230702,1.6228881353084,3.93923614791961,18.5815403755132,1.50581481585238,4.216370346939,19.5815209300713,1.28679251808751,4.45478128634254
7.76251413251415,4.53555232016126,2.25093639920527,7.74797112742184,4.26709838071701,2.22139851649555,7.91651940611015,4.07825282176043,2.23694072733225,8.39077268098799,3.79170748023401,2.07727911901613,8.31946620208101,3.59596432001814,2.61522870969476,8.18314987895459,3.1198955507694,2.51987300273312,8.37113353374485,3.11046862072345,2.54811994327097,11.3115380624659,3.39736695991618,3.44412753793723,11.7171236704931,3.41025605559511,3.35986355587182,12.0937155603266,3.40669230914639,3.24653434131579,11.9667534041557,3.30439246126824,2.66829363568561,11.8683998555213,2.85976586252939,3.099389759276,11.7152861598298,2.4261604646409,3.00578086541874,12.0403503984568,2.367224918682,3.0705879556082,6.16711559668443,3.85785716268693,2.81575474902944,9.19519989741214,2.99293510766151,2.60370178210158,10.0735836168428,2.83222473218924,2.68969669022534,10.9203297185908,2.62831912957828,2.82530028490771,13.1860337586729,2.26751596070109,3.280801768485,14.7232224217479,2.02531690827235,3.54280072838669,16.3710929137645,1.75604800999154,3.72627485223112,17.5290343807622,1.62358797011476,3.94047126369939,18.5802197494174,1.50696513509792,4.21947984926583,19.5679600209883,1.28948915967582,4.45503248715491
7.72079400466544,4.53084549554698,2.27705187896702,7.7026246530294,4.25177495976697,2.23915283761682,7.88318942272685,4.08232092656219,2.26222071896805,8.35680323952319,3.80861754663682,2.08374094761389,8.29964139669196,3.60572313570322,2.6191564144285,8.16895274813357,3.11938395262422,2.51924708443483,8.3551618983357,3.11484941523437,2.54952424298799,11.3120230795571,3.39345736969073,3.44690546214434,11.7189387415691,3.40937452956372,3.36042852273397,12.092158687714,3.40910735088715,3.2423092140634,11.9681284352769,3.31985612003754,2.66956225711862,11.8682250111326,2.86415534542073,3.10134403192122,11.7160296736406,2.42907207199356,3.00398298159671,12.0363697527242,2.37033601516402,3.07188342452033,6.15804788531775,3.85810020331554,2.81999321252096,9.19216281886432,3.00308252565007,2.60374048267328,10.0660954832461,2.822568434652,2.69571488425706,10.9189812329345,2.63215519845412,2.82062532588838,13.1842972055082,2.27116650585052,3.2811720469387,14.7150254265363,2.02517103739671,3.53910937503837,16.4863392601843,1.73953332690154,3.75354335786619,17.5435656851575,1.62226297242687,3.94881801029746,18.5796954934495,1.50792670440778,4.2206476105566,19.5558628223003,1.29104073332325,4.45599336982524
7.65173681408915,4.51285670925407,2.29272954588659,7.67300686758165,4.2568392575749,2.24127132789303,7.85545528701238,4.09017982148548,2.26381018307138,8.34005505194565,3.82488561527859,2.09389162040649,8.28759069790404,3.60720888626743,2.62554505524619,8.16543756513226,3.12069042789732,2.52800922783137,8.35222025600648,3.11435780186711,2.55566868612056,11.3133950735288,3.39831206821396,3.44424969029439,11.7190085458952,3.40957843426736,3.35965652706179,12.0901463231568,3.40611359472034,3.24444925000435,11.9689299137945,3.31028005690221,2.65825130884104,11.8623214190991,2.86516406033702,3.10082881455134,11.7046577909036,2.43203978470416,3.00086536718008,12.0303990861697,2.37423661726201,3.06961514120508,6.14514361093767,3.85611042783445,2.82241425682594,9.18080859101121,3.01196658600692,2.60469676868763,10.0588083662826,2.83625808737869,2.68884143058051,10.9092260312571,2.63953810134843,2.81234284996846,13.1728167452876,2.27312636825552,3.27876225936072,14.7326798138253,2.02384612160653,3.54235652686303,16.4784339494018,1.73702830900164,3.75127458327521,17.5233436282869,1.6260786911261,3.94521783994021,18.5691741374214,1.5108552845705,4.22092624967148,19.5457716802246,1.29363920492509,4.45723024417053
7.59099641224642,4.51784608610655,2.32924612544922,7.61793342846337,4.2504470481987,2.25778915441995,7.81880545461776,4.09990912424484,2.26586348352391,8.31330542588996,3.84770946633185,2.11348329696107,8.27667653719718,3.6227225049493,2.63163282677117,8.16499965806863,3.12208614415714,2.52954448987304,8.34821436930037,3.11865315278782,2.553834355932,11.3122087717779,3.39897283656992,3.44562661425533,11.7211803928927,3.412952443239,3.36003113321991,12.0910243169312,3.40896939422462,3.24396886768402,11.9651702011475,3.32562814886556,2.66761018392147,11.8549286939922,2.87147472320295,3.09505412164078,11.6845155859257,2.44080103412378,3.00376315754998,12.0118067942964,2.37891951721038,3.06889188433077,6.13592014860808,3.85962483854911,2.82467841466038,9.17711054922979,3.01641245441604,2.60021938751561,10.0484717999303,2.84177196642298,2.67906901378225,10.8987339678706,2.63537211542245,2.81187818559095,13.1593868616068,2.27614634858721,3.27831598840662,14.7429108578318,2.02141503828337,3.5454663561121,16.4752248963328,1.73876662290325,3.75927552268397,17.5070460367412,1.62778414489596,3.94361373090635,18.5633441539269,1.5133635025451,4.22112569792207,19.5377140381921,1.29533820859865,4.46011522443856
7.51991448725229,4.50986714496486,2.31735966729387,7.56744169201709,4.25254362616972,2.28744640750659,7.7828829266119,4.11376683114888,2.28134516244871,8.26377034064814,3.87290300439789,2.12201979688212,8.25785002765575,3.63045776877724,2.62925717718233,8.17346417291511,3.11567684225171,2.52922191940525,8.35127730286485,3.11465696748459,2.55389357636325,11.3151469443382,3.40200543505594,3.44484678296432,11.7218999566216,3.41546667234514,3.36098174906004,12.0908114716633,3.41122628115119,3.2443063299512,11.9628398966031,3.32192616449816,2.65679026598473,11.8516641485087,2.87636950860813,3.09615373978892,11.6845904368703,2.44290107039144,3.00277752193631,12.0135805924413,2.38137174368068,3.06870092987548,6.12752224113048,3.85883577737149,2.82999205611968,9.17367402071988,3.01787159491299,2.60060895793443,10.0394762450027,2.84942165577234,2.67445871914732,10.8925182605158,2.64063127013828,2.80813396812417,13.153021827873,2.28033580715904,3.27763923971468,14.9142348886106,2.00229705739158,3.58833272170665,16.4730577417704,1.73562808814815,3.75311076906097,17.1654565804687,1.66173177720638,3.81856188506104,18.5602449677917,1.5147136933822,4.2221844211053,19.5309471388872,1.29452064619358,4.45989837067072
7.48130121571339,4.50323285243907,2.34170291727137,7.53513935058864,4.25960400899289,2.30169582950174,7.74765495033277,4.13003321515959,2.29069634266919,8.23299044956857,3.91114785011769,2.11600923755096,8.24135583767392,3.64396785330772,2.62736702113291,8.16052224486638,3.12217661236024,2.52932583162945,8.33623416042457,3.11799153398231,2.55425831552422,11.3187656200587,3.39692432180942,3.44398581021136,11.7230476157324,3.41060897380594,3.35968413401431,12.0889985087588,3.40820260942895,3.24213829872533,11.9548013890372,3.32274881154271,2.63794007643417,11.8452207057366,2.87690154859391,3.09039568545708,11.6759808518039,2.44651921333137,3.00033625209601,12.0112793200514,2.38987204095739,3.06308474618824,6.12053714208863,3.8617767167599,2.83287408443363,9.17754791676622,3.02749123090139,2.59603662196529,10.0340710027695,2.86101925925579,2.676208843799,10.8915507053831,2.64584395853857,2.80939236143136,13.157103979202,2.27849545694604,3.27806793294094,14.6015861825223,2.05872493871835,3.52998654541037,16.438622763397,1.74201729051056,3.75617506054227,17.1458332280417,1.66622457102456,3.8164171831016,18.5182258412416,1.51997044515997,4.21502906199865,19.5220410977482,1.29865672196049,4.45870557823965
7.41167998070435,4.49539824718117,2.3412792320473,7.49976659063129,4.24242304176583,2.31015853189288,7.70767016885763,4.12083478781306,2.3060157411031,8.20167529608586,3.93472491979138,2.11463873884396,8.22625364719024,3.66000513927431,2.62238983610128,8.15146005274956,3.12334319178883,2.52989222275316,8.32472451393837,3.11780399522421,2.55802918664067,11.3194572260827,3.39845276961912,3.44461701825877,11.7214177307362,3.40750675312203,3.36267907342327,12.0889445874318,3.40732982609388,3.24169729281282,11.9508017496517,3.32261435230044,2.63472685244814,11.8429729552234,2.8748694737667,3.08607403576565,11.673440375405,2.44754776131758,2.99683552162208,12.0042870365309,2.3919757879809,3.06017270782174,6.11229246518771,3.86912603542888,2.83817188392263,9.17208130500972,3.03169220697204,2.59377378556358,10.031890981767,2.87004744912623,2.66216114173337,10.8792521363232,2.65052748666125,2.80455385489498,13.1488710226787,2.28124801239966,3.27589077976537,14.7715830698444,2.04227665927424,3.58246472186971,16.4798865830395,1.73895754211038,3.7570069102671,17.4979489000018,1.63072447424271,3.9448826323752,18.518690697732,1.51924857656942,4.21591310398591,19.5131902637938,1.30285681681191,4.45778258899072
7.36330318416078,4.4832844082943,2.36606702792064,7.46476593300319,4.2331064017097,2.32361765043194,7.67801753498072,4.12436440388498,2.30781710517839,8.18146392916756,3.94723867615073,2.12139463509468,8.21012109971514,3.65624926118761,2.63127757291999,8.14253858613323,3.12263702267928,2.53033985881198,8.31887119006887,3.11783504012789,2.55987227157444,11.3194506186458,3.40178996676659,3.44159363184391,11.7240577859982,3.40573589141174,3.36215492096826,12.0897191773857,3.40160326904437,3.24235964623236,11.9477692026723,3.32660670924704,2.63521830713967,11.8375709853766,2.87948596566984,3.08554747105347,11.6679166214282,2.46098192083131,2.99420668753672,11.9937253116621,2.3962974943364,3.05956629896073,6.1034700067761,3.87624856424363,2.84075088107997,9.17113765731222,3.03464459837746,2.58978577710603,10.034952183352,2.87627163089748,2.65847806028888,10.8767247485646,2.65181111532431,2.80436445331134,13.1156655095452,2.28163179319089,3.27734078444483,14.5905764458982,2.05701869211133,3.52702852013634,16.2282499302839,1.77332929137674,3.68683755487404,17.1818506256239,1.65744917362004,3.82432314154768,18.506056762069,1.52156324491201,4.21561219335717,19.503564031768,1.30116533415646,4.4535564162243
7.3208556412637,4.47895605338087,2.39266090052496,7.43327369823091,4.23931855158106,2.33454729301492,7.64915709984312,4.1340239296013,2.31390301843196,8.16269512008415,3.9547820938933,2.12480219736429,8.19328274367335,3.6715621998396,2.65618833848319,8.11925735737622,3.1336268725091,2.52555386665919,8.2990685149899,3.12315846124933,2.5527637893411,11.3201691853526,3.40441964092837,3.4410821980687,11.7248506596749,3.40558439787874,3.36114390283169,12.0904272381193,3.40321714207811,3.24516796292145,11.9406917592469,3.32421639583284,2.6321955570088,11.827927168445,2.87651425938765,3.07912858658579,11.6527875701808,2.46355062831967,2.98924112393597,11.9771740006263,2.40037332818769,3.05752475344152,6.0972367712038,3.88189756843173,2.84130875429652,9.14867720185791,3.0429766340764,2.58862356443262,10.0283515915753,2.88684976426031,2.65097257674291,10.8726132055914,2.65666465191491,2.79863177529384,13.1089897066282,2.28266743279783,3.27662416780248,14.6046835464033,2.05617184690664,3.53122675724099,16.4541858405502,1.75305923226949,3.77014147107446,17.5397139123254,1.6319459233473,3.96788171127821,18.499753749984,1.52843230638264,4.21903771511538,19.4948588157247,1.30123933613347,4.45532580229789
7.29581864260666,4.48159556881896,2.41228981011629,7.41457242739716,4.23073230540454,2.33757655414836,7.6268026779552,4.12997829244414,2.31116068325096,8.15431965960297,3.9598828269776,2.12772772367471,8.18144295286949,3.66840784067028,2.63661398357611,8.11105411280447,3.14532482984727,2.52101377402666,8.28963040855751,3.1245456453795,2.5535816933629,11.3193919798878,3.41033556018929,3.43733317225106,11.721946895671,3.41063034374393,3.35785895056977,12.0880918370025,3.40290078540612,3.24172464426939,11.9481212205033,3.32420992477368,2.63646498275052,11.8303522605603,2.88105514574992,3.07955963208044,11.6505526024549,2.46558275634366,2.98760564689601,11.9764203717133,2.40396707144647,3.05544239886457,6.09111761209912,3.89059697642215,2.84123619626591,9.14066862880936,3.04310440597727,2.58943884996899,10.0225851199734,2.90064863735441,2.64223923684701,10.8684181351327,2.66269446258778,2.79654510795702,13.1201444999296,2.27784097967847,3.27622664095808,14.61526901828,2.04610527814889,3.51066506527332,16.2115196394315,1.78063957361067,3.68784845500777,17.1272445621173,1.67249095673889,3.8206765712113,18.4939564823548,1.52905086626231,4.21903399540543,19.4860652280804,1.30102281475121,4.45711786974994
7.26932896747954,4.45248962050086,2.39835488211742,7.38080409163397,4.2248204331577,2.33774642016255,7.60890659397906,4.13320731627456,2.32057796969308,8.13739456983705,3.96644778967651,2.13501089185662,8.16217173642926,3.68666229359293,2.65315508403931,8.09676681083239,3.15214810512537,2.52369047550827,8.27492087511512,3.13169897452295,2.55320774006052,11.3218553423938,3.41215079985602,3.43862565465711,11.721613259413,3.40942292418552,3.36097311030074,12.0872625568542,3.4027102202378,3.24293192146974,11.9477263812528,3.32761648899105,2.63473722163179,11.8220328282194,2.88114839597349,3.07447634348395,11.6307182689119,2.4684890172255,2.98406569175863,11.9618985630178,2.40738997147663,3.05450161013683,6.082109394258,3.89402463120953,2.84692766421037,9.12985865651772,3.0462225044081,2.58486540139884,10.0109932723145,2.90561650276676,2.64141336466175,10.858563470893,2.66987396164619,2.79349921278824,13.0989506098505,2.28331294511309,3.27245930140099,14.6005242431954,2.04803136620538,3.50506561124791,16.2119113386826,1.77233909775396,3.67531585635748,17.3924877778745,1.64295137453654,3.91255838423671,18.4805271559972,1.53181720441026,4.2152276087149,19.4752711901704,1.30224175211701,4.4573923460172
7.22026639399819,4.43891222399661,2.38482672328062,7.36438610103292,4.21395209700403,2.33502778603378,7.59074176584028,4.13454646316743,2.33015223358432,8.12145711357544,3.96023819539389,2.13981844958922,8.15925170711883,3.67080692538238,2.6359562739659,8.0941519545478,3.1495378385413,2.52717777416223,8.27197039562803,3.13057652076332,2.55911334288418,11.3301546003087,3.41503961738175,3.4375986684167,11.7226689047782,3.40828065647153,3.36295488257397,12.0882140193597,3.40256312486268,3.23683098495635,11.9463691979283,3.33209424634122,2.63219603506613,11.8100447314826,2.88208276729175,3.06736872567581,11.6181305174051,2.47353370948294,2.97981339550197,11.9467236881881,2.41031727853195,3.04853070831769,6.07223363733186,3.89653685859619,2.84960361946656,9.12521086334686,3.04724881773084,2.5857371432613,9.99932192271475,2.90675816533087,2.64119978131102,10.8451601366565,2.67543806313055,2.78371244745579,13.0969957570553,2.28805094313425,3.27161817091273,14.7375486518033,2.02924879011493,3.53850850573885,16.212851860227,1.77453105543587,3.67651147385073,17.5209547569061,1.63774006512799,3.96704013046798,18.4775447842785,1.53449447368737,4.22109649580929,19.4665806201744,1.29927803991847,4.45509898266718
7.17980633836487,4.42796464754596,2.39239240088096,7.34124092445379,4.21755445033068,2.34501103780939,7.57770504317341,4.13283464122356,2.32340923389717,8.10550804831508,3.96234919258241,2.14494560440987,8.15475974391467,3.68799128206848,2.65667629495806,8.09027412037772,3.15212989991697,2.52978553673536,8.26280290488213,3.13848676486575,2.561942540142,11.3293501272507,3.41685017409185,3.43657121034736,11.7206960016215,3.40968481241594,3.36306382333306,12.0878587767724,3.40514346924957,3.23825016062692,11.9452160907041,3.33608471830873,2.62621168531303,11.8062581121296,2.88707093249252,3.06663323073239,11.6109317389238,2.47688832128037,2.97712953337563,11.9369539234554,2.41157134431111,3.0464269554941,6.06568754245655,3.90330418690259,2.85225462439121,9.11764215616576,3.05496739256184,2.59121063813758,9.98963385144443,2.91376351714154,2.63867539262616,10.8339488956583,2.67930529133222,2.78268141081786,13.0991682756672,2.28412386797739,3.27279036542182,14.7298104612662,2.0324713187711,3.53824349734599,16.2194762871118,1.77683519154459,3.68201377724015,17.5234039364175,1.63841010115229,3.967163092793,18.4672895207356,1.53393834087664,4.21570597286354,19.4579569987206,1.30011167572201,4.45543857240905
7.15049627924344,4.41456723667921,2.39658103130644,7.307281500807,4.2205656447922,2.3426929012649,7.55469031357903,4.1338693107276,2.32094629490732,8.08128071305702,3.96928221853292,2.14520547949627,8.14729493795364,3.68073878863275,2.63822686980838,8.08659079333104,3.15097073720181,2.53309019115321,8.26162792521751,3.13698995579772,2.56353203037424,11.3273605969966,3.41120847276561,3.43974934728885,11.7209253247543,3.40637553501764,3.36521486484,12.0910571074528,3.40659036742394,3.23975844170587,11.944972256078,3.34458101980941,2.61928200684651,11.7939217312479,2.89379331866507,3.06147248934513,11.5976217046094,2.48190171197841,2.97330198405573,11.9247994525466,2.41630358225169,3.04139747465604,6.05796785308736,3.91160347779341,2.85550294311246,9.10788227162238,3.05939883203838,2.589935467418,9.98179416344346,2.91632357332903,2.63815725246632,10.828210068917,2.68398478142709,2.7795778665585,13.1009632659484,2.28199013438726,3.27369030362171,14.7140517426431,2.02402512725984,3.51553721906928,16.1871457773909,1.77787677292343,3.67080870933749,17.5374543301884,1.63884232002117,3.97666926222811,18.4757365674631,1.53645151150037,4.22857475527931,19.4486031624049,1.30309725168285,4.45649361629502
7.1357225605342,4.41357121942027,2.39418343733198,7.29664327274414,4.20781475374125,2.34261674159984,7.54095820461914,4.12985008249142,2.32258002181626,8.07984393520291,3.97950285952198,2.14385938403134,8.12870541109152,3.67288342268113,2.65444132474964,8.07628576438206,3.15622058601165,2.53237614621839,8.24999350215254,3.13929685695158,2.55935318328009,11.3269977549078,3.41151542376466,3.44175335988249,11.7207894482502,3.4074050038233,3.36703146066222,12.0899025228337,3.40642828167069,3.24328006555133,11.9471969518318,3.34767652050024,2.61719236961075,11.7845996986702,2.89318829729466,3.05921833532192,11.5832526676005,2.48360513247691,2.97194121356266,11.9127286252686,2.421180060357,3.0388473969614,6.04873035684842,3.91878153204526,2.8594963706324,9.09449562554969,3.06349735802307,2.58981806457975,9.96877480485701,2.92386562784035,2.63543598777081,10.8149374598837,2.68832635589952,2.77632394059014,13.0448495596805,2.29135063985542,3.27012936753098,14.615969860746,2.04738230196064,3.50790977809374,16.179471740617,1.78046593161355,3.66850192182168,17.0974306401479,1.68167849519286,3.81536203556974,18.4545226795531,1.53733312340685,4.22102098603036,19.4436430127633,1.30627801489068,4.45772365162569
7.08675577818164,4.40265722294678,2.38990337715163,7.27743119373086,4.19234762235327,2.35091682915969,7.51916484019227,4.1330725224453,2.32427555863024,8.05772204927981,3.99344260387399,2.14009759392383,8.11282204324516,3.67991950147497,2.65513893312981,8.06052381783477,3.15943070810238,2.53575832515647,8.23105242501478,3.1445058884307,2.55953533580977,11.3286397517213,3.41150119149166,3.44058542529021,11.7198801745659,3.40487179917863,3.36618642970977,12.0880387045595,3.40398677957561,3.24090121354483,11.9449311182525,3.35420770169586,2.62445213099747,11.7731831822215,2.90618017758548,3.06058452319198,11.5760758481301,2.48443851590773,2.97084363057998,11.900158056131,2.42447115689343,3.03760218962901,6.04078935245549,3.92528814853446,2.85646114930886,9.07811245369349,3.06613804399763,2.59077846699794,9.95428700153897,2.93265564864823,2.63479919544377,10.8012576378125,2.69274924779015,2.77389298606479,13.0382131159659,2.28882305480092,3.27064039063241,14.7304436947884,2.01794092403662,3.51800417393939,16.1545801119084,1.78870640765197,3.67331371232347,17.081387967394,1.68568295103491,3.81063200358842,18.4465184597528,1.5387629118223,4.22271306745546,19.4365326082337,1.31324217523262,4.45705088928426
7.05068206366043,4.39843714698629,2.39560546980397,7.25784647777736,4.19614038471124,2.36913371241724,7.49089293923315,4.14305317185486,2.34771144978292,8.03431049232922,4.0066453033532,2.143235075628,8.10397702251956,3.70566637911452,2.64527013774985,8.0482370982487,3.17083569157199,2.54225734913868,8.21913468214474,3.15953805808354,2.56344753221142,11.3252808478174,3.4100443808058,3.43985527876451,11.7154956705282,3.40338439048063,3.36654506656588,12.0882370692483,3.40361461284445,3.24020072597874,11.9393070207041,3.34997480187731,2.62423414991209,11.7574326032431,2.90047041732279,3.06350481508653,11.5720230321392,2.48802557924856,2.96482946827044,11.8953492870937,2.42592369637701,3.03557159113523,6.03155168083075,3.92772260517044,2.86202173573099,9.06322209596284,3.06739810732274,2.59201972592972,9.95096834335859,2.93445889802405,2.63531680773257,10.7938918606624,2.69787320734698,2.76787484107785,13.0372460239933,2.28927570479459,3.2727010685709,14.4738809672034,2.07544789995995,3.50373516853364,16.1745381715089,1.78050293168889,3.66880083086379,17.0900848672269,1.68559160093129,3.8137900338292,18.4473135652229,1.54067867521969,4.22367474741766,19.4283052325675,1.31895996794289,4.4557459201893
7.00001766402309,4.37526143991545,2.4290567327394,7.22299322395525,4.20338899064469,2.36885206043914,7.45825836936294,4.14662685684729,2.35531055075379,8.01234503889552,4.01099704698039,2.14848048183343,8.08775453500079,3.71339697369149,2.64767530392861,8.02757998340038,3.17829613502462,2.54523788953668,8.20395593166938,3.1637264973163,2.56622546325857,11.3233147601429,3.40615614607361,3.44224881851326,11.7140238308231,3.39858298795953,3.37083027186157,12.0845027941744,3.40144482812474,3.24152192813085,11.930425613297,3.35302120024047,2.61633289231128,11.7567667604297,2.90092230807256,3.06013558453183,11.5610212426775,2.48897395093859,2.96307139009555,11.8961499044421,2.42410400871913,3.03229585313405,6.02096153920151,3.92773125123022,2.86698107292772,9.05268607107816,3.06800895935539,2.58753822136942,9.9485674037089,2.93891489285946,2.63533188987299,10.7996387865677,2.69880728523898,2.76457666699466,13.0213936301231,2.29212992346676,3.26551099527737,14.726607523706,2.04483565559393,3.56643718824794,16.1771109688745,1.78235726773743,3.66837842464056,17.5186587979837,1.64685437685863,3.97022604002495,18.4512684455028,1.54228823103512,4.22860462256989,19.4199180428791,1.32100197337458,4.45605523573874
6.96966763363722,4.36848340030679,2.42938138163888,7.19577195978937,4.20586418694034,2.36855637728928,7.43803901285564,4.14698255165103,2.3481069769875,7.99037891337893,4.02470774049481,2.16270076790143,8.07395259967344,3.71877671110961,2.64784551203348,8.01758392685829,3.17855985549757,2.54484418446042,8.19265550661759,3.16410698161565,2.5666248200133,11.3233619639959,3.40675203016023,3.4419991001453,11.7125006072634,3.39858254508443,3.37475750099593,12.0843823318689,3.40063434699474,3.2443844042029,11.9264020477679,3.36008290781249,2.6186660153082,11.7495846161121,2.90848016055624,3.06154624861746,11.5600728645832,2.49035066340948,2.96265500742411,11.8834717286108,2.42761761930555,3.03361618036785,6.01063749324907,3.92998446367647,2.87201253982067,9.04249599647608,3.07203205196365,2.58281382850855,9.94050798894631,2.94984311803223,2.63420513080095,10.7883785484858,2.70461859719601,2.76301971437641,13.007914906006,2.29422001464168,3.26663042570849,14.4680383208681,2.07774393123614,3.50541508285657,16.3907057513837,1.76924471426817,3.75126375397584,17.5071706986922,1.64745239698434,3.96641123428235,18.4449741115009,1.54329207791316,4.22889079168234,19.4127118563482,1.3237079560904,4.45461422644876
6.95152091753329,4.35724267709152,2.4561103827738,7.18223516212203,4.20287974761406,2.37140383063708,7.42568524903369,4.15029481641875,2.35536803847555,7.97365048395197,4.02805393992251,2.16377003246944,8.061535525835,3.71879185738987,2.65047433119928,8.00182542571164,3.1696573811286,2.55283276862038,8.17345513384963,3.17112237987109,2.56551620219828,11.3168330530412,3.4003969128504,3.44595914883212,11.7115351876643,3.39349012158441,3.37784353335322,12.0825595544245,3.39792391753763,3.2439617413151,11.91384439293,3.35588370731162,2.62351769349644,11.7381128345075,2.91555469083429,3.05801705950247,11.5498653620148,2.50079069647287,2.95965538291651,11.8655022284973,2.43325646417048,3.02947637207159,6.00745208044288,3.93179112755578,2.87169254419455,9.0286208735285,3.07385503021963,2.58418333821764,9.93349358592902,2.9497058717537,2.63778806475351,10.7716391887223,2.715534230939,2.75451834604742,13.0010838228202,2.29263011437761,3.26278841373211,14.4571855160278,2.07668269649667,3.50177808126994,16.1413511054488,1.79674472360665,3.66233166345355,17.5038686725034,1.64791072224992,3.96570039646189,18.4340276063291,1.54438481753066,4.22635590139612,19.4028981126004,1.3256964496899,4.45438421111039
6.92368731874439,4.33992907491419,2.45455943382042,7.1627009976659,4.20343990217698,2.36876249490688,7.40284690146452,4.15024235182402,2.36761002541664,7.950066018884,4.02911316842682,2.16403525338022,8.04503313143881,3.72108697835397,2.64651287334396,7.9876676059282,3.17148426926309,2.54987808089142,8.16803097850893,3.16704559753904,2.56756536341167,11.316627893896,3.39820006656872,3.44693424153984,11.7118587808226,3.39293163823845,3.37696455632263,12.0817963699081,3.39743506494672,3.24398935728226,11.9123514923673,3.36005111513416,2.62142203399857,11.7239997712051,2.92236378232082,3.0532446165643,11.534723672204,2.50982949152137,2.95312869050817,11.8516830671083,2.44144736639978,3.02208512840027,5.99604871404271,3.93247517627082,2.87607917348552,9.0222142647839,3.07236937244135,2.58278315108231,9.91842803623386,2.94122392253101,2.64436421471779,10.7507653965765,2.7251562399622,2.76129576702143,12.9826573164848,2.29667364196595,3.26196678136307,14.7255729005363,2.03841229564914,3.56719053025488,16.3881131616721,1.77071325180325,3.76019637547178,17.0407875102861,1.6875993460383,3.78978019441574,18.4391245551122,1.54603760070169,4.2313570569268,19.3931158154047,1.32668078909621,4.45547858836881
6.89643352530182,4.32784554049698,2.45269399343866,7.13762139067403,4.20292258939858,2.36703462581273,7.38165592812213,4.15864609518039,2.3689901865301,7.93026074413602,4.03227474175744,2.1793175380524,8.02905175675541,3.72454798254202,2.64606409650197,7.97309873472256,3.16835608344039,2.55026963634305,8.14483164948769,3.1729664965345,2.56373445150312,11.3221486551462,3.40037360808741,3.44476764423971,11.7101136748033,3.39379910089,3.37793545929859,12.0805928910855,3.40048141035321,3.2447197131145,11.9085181012696,3.36199844541253,2.62739133314494,11.7206464980101,2.92553233934864,3.0538812899876,11.5290744929501,2.51424182907655,2.94997460804128,11.8478068001327,2.44266609964942,3.02059990166628,5.98782352745062,3.93315730982206,2.87443006988622,9.01298543577329,3.0757915936859,2.58274604022162,9.90942114480718,2.94546480688196,2.64258694845042,10.7488750117675,2.73185452543734,2.75407151349651,12.9754948668075,2.29419967938487,3.2631934242646,14.4303934647467,2.07970339369616,3.50460531022561,16.3845112336455,1.77048874800317,3.75901851951234,17.0364537003189,1.68961364933995,3.78901647700589,18.4280858157441,1.54440193555839,4.23045294311305,19.3800409865099,1.32730270075806,4.456766965909
6.89401225236082,4.31492502859108,2.45011926071243,7.12000028404724,4.20007627109967,2.36385389064855,7.36743280279502,4.15762293035646,2.36238141202932,7.91238597278908,4.03721922393,2.19490410188422,8.0248283441223,3.72889103247655,2.65917247856371,7.96182283798951,3.16829982855509,2.54786417992805,8.13241131016336,3.17453309496745,2.5639908713331,11.3157915255618,3.39786881928217,3.44682666102801,11.7099895954269,3.39311356613246,3.37955240393122,12.0795320610003,3.4018518141707,3.24445402239536,11.9059123989169,3.36450727491507,2.62952092943526,11.7168943299993,2.92816417893434,3.05007565292026,11.5261361076427,2.51946560364797,2.95096392784113,11.8405300806725,2.44519848616271,3.02006040870917,5.98118529747038,3.93443932496655,2.87318690671385,8.9980080189269,3.08275152271431,2.58203836716647,9.89547266844771,2.95433877088184,2.63679491815682,10.7505610636734,2.73742233721145,2.75140179475492,12.9774400668098,2.29263567043887,3.26441116057338,14.7319360765076,2.03328467813648,3.57106738483996,16.3958628520431,1.76634850800967,3.76004562416326,17.0484940793726,1.68599220626939,3.79002720698834,18.4275982202486,1.5437041615773,4.22978896289989,19.367262347406,1.32684766259193,4.45676327047722
6.8672563436511,4.30910038568589,2.45730473817779,7.09600933959634,4.20242247130412,2.36649573131041,7.35017162902426,4.1654171980878,2.36260413453758,7.89344261014988,4.03737455434636,2.19646784307587,8.01683716515985,3.73467943076033,2.66146106826198,7.96072306068965,3.16689509359056,2.54554727466925,8.13246585436353,3.17466468229993,2.56280827340556,11.3151299796497,3.39722913643823,3.44917375496631,11.7093032920091,3.39133176800108,3.37967724741392,12.0773096196278,3.40208033912313,3.24137124231695,11.9061357685084,3.36880116010564,2.62580566808875,11.7098188727219,2.93267334258359,3.0477710370202,11.5202136463137,2.52279330824311,2.94813991037085,11.8314251438666,2.44761739650631,3.01946287955496,5.97039284672765,3.92721573619147,2.87704708814586,8.9902899083986,3.0819840766215,2.58122401977022,9.89553330306101,2.95605019142629,2.63395565677869,10.7466777701601,2.74941075903466,2.74489648345446,12.9672900538672,2.28701623247208,3.24784774088672,14.8753097721576,1.99670776889716,3.57922553261376,16.4006191022064,1.76477908656057,3.76470388492669,17.040062783158,1.69019889583752,3.79114796145044,18.4234419485963,1.54517116357984,4.23140391737295,19.3567384235082,1.33005200061773,4.45929198670247
6.84164895890746,4.30152099080114,2.46696012312773,7.07537377690381,4.19785979084598,2.37663207741901,7.33142814385842,4.16865077611882,2.36492431450462,7.88621314223469,4.05707688160852,2.19689223580387,7.99492528030576,3.74000112219511,2.65240527949981,7.96204784885748,3.16724277111643,2.54602849466583,8.13439510797537,3.17610034914383,2.56258916865527,11.3172862802838,3.39840167403887,3.45077727709931,11.7104199613357,3.39343833935968,3.37999697605457,12.0758907889559,3.39948754721174,3.2393506193498,11.8998315374885,3.36573271289721,2.62822768787961,11.6978840359628,2.93896469864123,3.04566288472921,11.5058642171083,2.52973377193588,2.94133555914106,11.8144146847128,2.45369000975407,3.01296985417243,5.95913063483246,3.92234552917012,2.87788535648964,8.98500646787206,3.0848249215387,2.57933177207927,9.88765691794379,2.95629912234238,2.63348277349148,10.7300303742412,2.76102942045578,2.7366645207652,12.9549740695146,2.28896499010639,3.24428358317587,14.6392625685954,2.03225176799322,3.52702486805152,16.3888746548732,1.76808611446274,3.76130999535866,17.021790621064,1.69252028563709,3.78721558078262,18.410116598508,1.54581201533223,4.22728800239408,19.3473028552768,1.33222525768065,4.45902447746035
6.78716689144803,4.30136259138351,2.46428072272652,7.04133767482765,4.2020157556255,2.3687676936374,7.29735490861651,4.17116324134327,2.36679208410897,7.853459831488,4.06660549029149,2.20092816419302,7.99207480023058,3.73902735441281,2.67285203578307,7.95167520723241,3.16785679935212,2.54302312925651,8.12208599010057,3.1776259935654,2.56157247475715,11.3266028142135,3.39605913073928,3.45038237247431,11.7125340682376,3.39537868777574,3.37865722013131,12.0787628283785,3.40003231320828,3.23531457565576,11.8965632983627,3.36229480965686,2.63213039099826,11.6886843611348,2.9410699259645,3.0458217123132,11.4955210501115,2.53257995046502,2.93914023411487,11.8030667372828,2.45729519195073,3.0101586071811,5.94839493928814,3.91792090297132,2.87829492968776,8.96582169584641,3.08931743268484,2.57930795791527,9.87139047216659,2.966401786978,2.62820728829998,10.7306494069908,2.75380676976793,2.74406009391003,12.9534948937325,2.29058053877809,3.24704774726001,14.8487055900228,2.00124263595592,3.58207943751512,16.3805368205787,1.77045619773191,3.76020122093332,17.0220811673022,1.6915518872908,3.78780150330403,18.4031109023587,1.54804269839704,4.2263620199913,19.3391705594965,1.33663468614651,4.46022905030893
6.75470130767255,4.3111913575445,2.47654642918691,7.00456279166173,4.21441334673452,2.37546383069869,7.26247388650328,4.18034945213435,2.37820315320845,7.82907303950405,4.07053317044462,2.20878264873101,7.98248458749196,3.74504001003608,2.67359672455634,7.9524737573127,3.17233711167831,2.54370397840477,8.12805415674854,3.1809781205629,2.56108119771414,11.3255259695942,3.39613149781399,3.45041954660849,11.7118353056292,3.39499162204407,3.37676578358529,12.0779873778897,3.40135850838056,3.23531783575525,11.8949943075701,3.36007878063974,2.6276096438009,11.6810382202656,2.94436490799428,3.05088801715152,11.4757734538706,2.53880795288489,2.93418732517287,11.7875718445619,2.45938998721818,3.00696013551565,5.9390682823835,3.91572073187069,2.88193842011956,8.96734088847495,3.08978329320776,2.578881953822,9.86755723136861,2.96650258579498,2.61736490386621,10.7168289651259,2.75775175004921,2.73805520142295,12.9437204920675,2.28995218960356,3.24647147012696,14.6827890778223,2.03940818341081,3.56272826673844,16.3752983259947,1.77020154744173,3.76090830994112,17.0003682923616,1.69466998414828,3.78320058524747,18.3959083245756,1.55088965538542,4.22442888449719,19.3314570375001,1.33502904346897,4.4618613001087
6.72695763411255,4.31804026884225,2.48698812078445,6.9881504593255,4.22377130822855,2.377325592589,7.227370871209,4.18767395752902,2.37800955593828,7.80064581037038,4.08008404915449,2.22077950768953,7.96555376169686,3.74566732752513,2.68231340798515,7.93934291323377,3.17299327563052,2.54753324671498,8.10879745729935,3.1817811495305,2.56345704756552,11.3223632909056,3.39901957385259,3.44482645839886,11.7089322982722,3.39587839961582,3.37523894567874,12.0774561483537,3.40517215916772,3.24020293042113,11.8991440536175,3.36233341260376,2.62859309953384,11.6763782107418,2.94657133135685,3.05018302120106,11.4680505069652,2.54440930101839,2.93938142586551,11.779579116725,2.46657805783655,3.0029084997664,5.92502994383152,3.91800630232834,2.88311422145604,8.96278996766586,3.09996840583516,2.57213486954769,9.85258384663421,2.97048400256891,2.61461457101324,10.70208464534,2.76209383311496,2.73046779490872,12.9216945904032,2.29621542631214,3.24613351541037,14.6780813196009,2.04029850885366,3.56318119427617,15.9110755972465,1.83377244437479,3.59971588470063,16.9900902560781,1.69780447269094,3.78224874177152,18.4033793631032,1.55364642984026,4.23059382832759,19.3242845037843,1.33791409000737,4.46154698242344
6.70766891474168,4.3082567863003,2.47453426978829,6.9629311776139,4.2353294672776,2.39213124537953,7.20803074652215,4.19155730747382,2.39229100828044,7.7672267612446,4.0905044038552,2.21852844295229,7.94974565606207,3.74641391378489,2.68187426314839,7.91601376322329,3.17598338171693,2.54906951988797,8.09040048545358,3.18030631208523,2.56298191673851,11.3236734914211,3.39905404295015,3.44550407498944,11.7105851870959,3.39511375432689,3.37568079101323,12.0753780764862,3.40341945920915,3.236072989388,11.8928454974979,3.36307365485495,2.63117023437654,11.6752292898323,2.94388541079573,3.05780612404342,11.4603259468523,2.54118667031152,2.93681699483168,11.7792679078236,2.46779645539629,3.00354253152665,5.91396348274519,3.92074336842516,2.88577451089612,8.93599693849053,3.10372647627405,2.57491736372077,9.84395278098833,2.97546365282382,2.61409778204137,10.7057683130974,2.76334176407866,2.73396532369317,12.9083149566881,2.29815269001945,3.24097006131264,14.5546521124165,2.06649145971302,3.55822674787375,15.9108403215891,1.8342941458157,3.59653468135052,16.9845936971124,1.70277491132397,3.78853417229602,18.3919796087926,1.55283234330838,4.22376258490639,19.3148930448397,1.34112853723693,4.45949600666513
6.6909091559852,4.30694250748155,2.48854943295651,6.93637661008834,4.24311151667569,2.40475123547117,7.1890999473832,4.20134211027305,2.39728688000675,7.73995696911581,4.11006879177618,2.23566318922629,7.9551942772791,3.75343449664822,2.68000835936289,7.92234144590492,3.17574170895876,2.55125076846506,8.09787845493032,3.17999374858763,2.56595781556162,11.3209199237584,3.40096255784739,3.44667947961381,11.7085542010658,3.39697955800019,3.37367503871501,12.0750217312813,3.4057134900211,3.23996299568336,11.8962099274656,3.36084565873462,2.62547410939809,11.6709699721483,2.95213027247457,3.0510176911941,11.4512819417717,2.54560080278127,2.93319886689136,11.7698716806721,2.47332692234032,3.00005831040334,5.89894813476205,3.91022323174815,2.89536007900388,8.9484733914632,3.10014609323959,2.56778640343614,9.84218650310117,2.98356361295869,2.60920637823784,10.6906994827056,2.77203854062171,2.72854946696541,12.9146874963072,2.29565007799005,3.24337780693333,14.6322202761272,2.03066042280347,3.52870491146249,15.9185382672965,1.8328643017569,3.6030009704948,16.9674316565187,1.70658747326945,3.79152252192775,18.3815102572485,1.55592881062932,4.22481901843857,19.3033759514019,1.34171491080006,4.45409808683192
6.65950124607808,4.31601554050708,2.5214260773693,6.91244448914301,4.25340836111545,2.41976431977913,7.1728567439914,4.2175853238284,2.41080284907933,7.71608100801628,4.12244501174619,2.24331889454082,7.93742013386204,3.75513208506792,2.67688555928674,7.90416826826795,3.17874002574189,2.55054463177666,8.08056341438095,3.17934120183305,2.56352464960934,11.3105250413076,3.40362784190315,3.44570192858406,11.7064798161232,3.3924336160875,3.37738708783774,12.072669281911,3.40823429521503,3.24066320249143,11.8936988126681,3.36539852796519,2.62730221567414,11.6648228424331,2.95436409633162,3.05034221908346,11.443126206552,2.5464959964776,2.93145870670272,11.7618199701793,2.47356974196939,2.99502488283503,5.88876056116081,3.90691601539277,2.90219833947743,8.92539763924564,3.10910501358179,2.5712003543419,9.83966283418017,3.011217285889,2.59253068584159,10.6830863324592,2.77787394300522,2.72675312964568,12.9068253401158,2.29774987388854,3.24145888225203,14.6524954421115,2.03974114373402,3.558076767393,16.2765971084185,1.78617421696806,3.74046991261181,16.9414976955911,1.71242405603261,3.78823226557144,18.3698616343969,1.55757321153425,4.22174724974426,19.2931556524623,1.34330969455804,4.45844462885015
6.62383756973379,4.31692506467244,2.5487954243787,6.90164611858268,4.26458846594199,2.44495931677166,7.16464553363659,4.23113041078811,2.43289917425443,7.69722054885287,4.128730978263,2.27282072270261,7.94351842307468,3.75275646701624,2.68925888853539,7.90421094525194,3.17481802698872,2.55469905300696,8.07794537228606,3.17564322503573,2.56901629478094,11.3109884201411,3.4006881075765,3.44758758008166,11.7062822493947,3.39275106624988,3.37762482048951,12.0770401078316,3.41118564902117,3.24201532438953,11.888185419337,3.36470644065449,2.6241633538481,11.6403618515856,2.95089698588357,3.05591766785317,11.4176513181117,2.55991550047611,2.93193773759484,11.7404368417556,2.4774090592863,2.98703982325584,5.87700735628384,3.90333098456945,2.90554863607994,8.9222046973704,3.11372581473783,2.5696870700216,9.82331698122471,3.01530582054599,2.58577353445197,10.6654034016538,2.78857871364598,2.71751529002558,12.9030405328977,2.29457100709903,3.24152814154058,14.7762194717038,2.00593535503269,3.5635985697272,16.3503333678603,1.77572412244372,3.76028354582515,16.9418651149882,1.7096556681162,3.78763367869422,18.3490819767819,1.56345164037127,4.21766117988551,19.282687673778,1.34386925054274,4.45758472644527
6.58609752968977,4.32457292514181,2.56806240478072,6.87737281557142,4.27383000009828,2.45932957888657,7.1439047199147,4.24438329535167,2.44904950819579,7.66350756855775,4.1522000931301,2.28958004148655,7.92221430102331,3.74350225681025,2.69464602025226,7.89249980949777,3.1738635543439,2.55470770839987,8.06782833127273,3.1766725872758,2.56799875300068,11.3110945401564,3.39608504667545,3.44857036850766,11.7058492321427,3.39352732862354,3.37884460630213,12.0766081504927,3.41264644487732,3.24407566601167,11.8853089652624,3.36919359659533,2.62408691187636,11.6367483467102,2.95163280004439,3.05279098820809,11.410787669676,2.56749882621188,2.92196404406051,11.7336371334369,2.47901980908754,2.97591561078597,5.86488818035068,3.89836869971172,2.91218623201739,8.91660939780208,3.1175747603821,2.56937624601006,9.80893645752627,3.02565162938412,2.57965956934599,10.651739265921,2.80239237154307,2.70749323579265,12.8961078243224,2.2972684426165,3.24015423171467,14.4561995024079,2.06029434856985,3.49762952124038,16.0460329298699,1.81020621354347,3.65171745552802,16.9369859737706,1.71293525887408,3.78793341999911,18.3586149618697,1.56576408094591,4.22599766585843,19.2731417863292,1.34354452700639,4.45905125447193
6.57448076246838,4.32865130466424,2.59166674900706,6.85526694493506,4.27843830525797,2.47601342605559,7.12110444620448,4.25646204802921,2.46100716219381,7.64160787143325,4.16099420978902,2.3151930288217,7.91041722912809,3.74915419258662,2.69598024992204,7.88519139732276,3.18110413434063,2.54667017557709,8.06495215379504,3.1757298663516,2.57518884410136,11.3120552914391,3.39349100369484,3.45092268693541,11.705471849966,3.39276521557364,3.37683170660075,12.0780993025033,3.41296277538507,3.24181533680518,11.881344186962,3.36737593176665,2.61706150103044,11.6316390641635,2.95400544265557,3.0435073284037,11.4060256263086,2.57633736319331,2.91554142644257,11.7361570887206,2.48062797203109,2.9706696884522,5.85342403822823,3.89363022361026,2.9147360804752,8.90761878137903,3.1202293892296,2.56879422151746,9.80245984588419,3.03147609026119,2.57888451897186,10.6461110892193,2.81053071251679,2.70288542931482,12.9054175549913,2.29454273963218,3.24562814233274,14.4804692832204,2.05751653315824,3.49626893751422,16.3574345633502,1.77636093197642,3.76525429151612,16.9290435781904,1.71448177109504,3.78850231033792,18.3573636441479,1.56769468919087,4.2290355110345,19.2625818990472,1.3465741182277,4.45826011858968
6.55273474195963,4.33436175772803,2.59757177992128,6.84481299194823,4.2856831374212,2.49105985704381,7.11059406474452,4.25248756916376,2.46177409804759,7.63748662640632,4.17471056190057,2.32299306041776,7.90720452706035,3.75538529129037,2.69342636799455,7.88561272848419,3.18002669849698,2.54815294371569,8.06368206299595,3.17576955689545,2.57608621199095,11.3149310844503,3.39664142550998,3.45359570788332,11.7069739041394,3.39460840347861,3.37864028394379,12.0782970253735,3.41495812981411,3.24369552761776,11.8831187550533,3.36584509822628,2.61891667844967,11.6235559797638,2.96322974736525,3.03676978673762,11.3907233287632,2.58189109178928,2.90627721846538,11.7105533901491,2.48710657747687,2.96839097381396,5.84392654455028,3.88687896504097,2.92213620459544,8.90702418347423,3.12345552913553,2.56574029002212,9.7960846267275,3.03882087948534,2.57552217362009,10.634712069533,2.81721796143696,2.70276192366152,13.0109131006903,2.25860198618238,3.25725159991439,14.4960159734534,2.05430810509643,3.49832623756163,16.0202306522102,1.81714336733299,3.64793692641073,16.92681292535,1.71585208159204,3.78884389192495,18.3501837546746,1.56823687767804,4.22497698691931,19.2511100461095,1.35281810610591,4.45810239150765
6.52515672926397,4.32280864450723,2.60923833122687,6.83839529620476,4.31907008177885,2.49887377527733,7.08213501216917,4.25805386346686,2.47338462649548,7.63765782493881,4.17516730322324,2.32907712695343,7.89370190229576,3.76284968776239,2.70281217499493,7.87650523475775,3.18311694182578,2.54526450010645,8.05243145437383,3.1767710388442,2.5740746601183,11.3156922727326,3.39506724490256,3.45453544443354,11.7072007856245,3.39265314708495,3.37616161582361,12.0759101551095,3.41084711157984,3.24274388044287,11.8818695065363,3.36732518682637,2.61519386287568,11.6167386300625,2.96522429197377,3.03398129527607,11.3811890924337,2.58988844795398,2.90359458373959,11.7011605823432,2.49539319042092,2.96378630775381,5.83418467547898,3.87827688542868,2.92862685216239,8.9063293633162,3.12190350675066,2.56449043038034,9.7908238505584,3.04406916495464,2.57460500949321,10.6269082749313,2.82459043240048,2.70085661339092,12.8993383093991,2.29595601358366,3.24194991084955,14.485914592378,2.05544782639736,3.4957006012772,15.9527196557726,1.82660328662504,3.62652790310596,16.9783157951788,1.70693105893019,3.79882382441111,18.3521521856626,1.57051697241794,4.23118521339281,19.245048586391,1.35621868151458,4.45845524549348
6.48770670724578,4.31888707182481,2.62203716269103,6.81573821261912,4.32107642759597,2.51449838293068,7.06184442449932,4.2576901918752,2.49082814043995,7.61483406613327,4.18323962150031,2.33821333214486,7.88359030084605,3.78322542582069,2.69707459484722,7.87190629006806,3.18200855119126,2.53895652110799,8.04453570534717,3.17605906609496,2.56925629375701,11.3179763806037,3.39687364751227,3.45680847486491,11.7094883028767,3.39622339802903,3.37515545883277,12.0761701808553,3.40945326757406,3.23990330869446,11.877811682446,3.36532663728086,2.61105944166352,11.6049213760809,2.96253056357395,3.00980114369005,11.3696644166198,2.586961674832,2.90325155510107,11.6789309911366,2.5104767948751,2.96232319364365,5.82468602653887,3.86758356067873,2.93742751591828,8.88811584258311,3.12026520056157,2.56491951941034,9.79359094960289,3.04752608648967,2.57935732315554,10.6094150392265,2.82672188256482,2.69479312694651,12.8663424002982,2.30015471305242,3.24283655915852,14.5011561105336,2.05256834413773,3.49901286709482,15.9600784665125,1.82515812858358,3.62820002591747,17.3605699077302,1.68108704733403,3.94664187045258,18.3164182734047,1.57225679360901,4.2192165488282,19.2376998892828,1.35993777785553,4.45636184077928
6.48305023378017,4.29349471533548,2.60868669634497,6.79051801105308,4.31197908235222,2.53215707163058,7.04692240424286,4.2619430977709,2.50956236239427,7.58313310752471,4.20730238221239,2.37660021188106,7.86966667574186,3.79196625806804,2.69999019302834,7.86208210879989,3.19139678321556,2.55858630671315,8.02939580893434,3.17879763184572,2.56619575763507,11.3163825920162,3.39472266683916,3.4599169076098,11.7125549924498,3.3988436096812,3.37349398823443,12.0737979204452,3.40698089958277,3.23966624600149,11.8776992550616,3.36749696045015,2.60988699878515,11.587789634686,2.97903551390593,2.99901941999944,11.3456490765374,2.59564703265506,2.88987346044613,11.6636873940518,2.50760588430634,2.95174441650568,5.81409007298638,3.86366915298823,2.94455255214163,8.87412744598778,3.12574956593833,2.56254646185021,9.77113694111752,3.05320294361086,2.57927123537841,10.592130834452,2.82846544146211,2.68774261915981,12.8516160155363,2.30091601461603,3.23855216651615,14.5049590826443,2.05400681196891,3.50423864196221,15.9493057857866,1.83013548336068,3.62304185512274,16.971717098486,1.71563500331243,3.79765384379346,18.3131376888518,1.57449830099694,4.22028157891803,19.2255939029762,1.36164795548577,4.45716368206049
6.45747584156471,4.29443913773752,2.62052560284003,6.76872039404619,4.31761919437691,2.54601660182479,7.02053581961689,4.27884043174175,2.54079111260465,7.56107871519055,4.22434366653754,2.40242108160532,7.85313336043546,3.7984400739108,2.70428303514275,7.85035033972295,3.19049050927877,2.55400174868975,8.01745707531184,3.1875099897843,2.5570405081026,11.3139852087408,3.39542836094302,3.45680292576593,11.7084247344484,3.40243939624165,3.37178982048324,12.0729043981697,3.41052949984866,3.24261699236394,11.8778540287091,3.36890587881118,2.61442497103448,11.5751632276705,2.98377506879011,2.99391654332998,11.3280965037337,2.59706459773249,2.88566890295243,11.645793375217,2.50805749815548,2.95835027555756,5.80325761704342,3.86257514494986,2.94904425434907,8.86110020897789,3.1292931334201,2.5617294662068,9.75590704373956,3.04435416444663,2.58436681601788,10.5820251404651,2.83705575791778,2.68483231966915,12.8463073070346,2.29790672718595,3.23925212367611,14.2273497458132,2.10496021701743,3.49255189045467,15.9527513031189,1.83377956357595,3.62582657656626,17.3492902573484,1.68653934089123,3.93869074868932,18.3103815321405,1.57664182364715,4.22233527893177,19.2183364077412,1.36364472699107,4.454453552372
6.42419684351303,4.30712384926739,2.65008292753896,6.74104165323033,4.33357380229546,2.57295958051833,6.98953507984343,4.2975023760145,2.56276406810483,7.53483587626573,4.24573987501576,2.41047978841206,7.82995351676663,3.80500884132541,2.70203475010417,7.83779549606372,3.18901216649052,2.55207128297208,8.00685075929346,3.1919676537407,2.56586831509027,11.3117771053167,3.40113169821754,3.45476187354402,11.7076127223132,3.40587069767004,3.37145244792043,12.071900000318,3.40726503057444,3.23585165292733,11.8691409950482,3.37201949007841,2.61202990262331,11.5657091434984,2.99288594114651,2.9909263701628,11.3132538086564,2.60939345771796,2.88750645215551,11.6319153935216,2.5114924050601,2.96100477082071,5.79150304489189,3.86520124149056,2.95254753290362,8.85054472713619,3.13002385726625,2.56169846152654,9.74222767485858,3.05346650448573,2.58330718592249,10.5669101830164,2.84182388064625,2.68223193336296,12.8286792884005,2.29737998774244,3.23916747946313,14.2265884849867,2.1059882431028,3.49516992476348,15.960802862268,1.83521930273089,3.62647680374325,16.8927357652728,1.73458634551034,3.77707118730881,18.296798634914,1.58038275286137,4.22044197071426,19.203257608194,1.36937774286268,4.45141696800095
6.40156511889923,4.31350276736219,2.66758467131056,6.71536830593525,4.34167137872621,2.59493943661506,6.96922569408937,4.2962120876435,2.58824369223984,7.5078113504688,4.24405726502031,2.42214692347814,7.79962472513477,3.79175811513856,2.71617977523544,7.82379780767067,3.1917527161583,2.54884625225986,7.98913146805695,3.19806667705475,2.56338998986253,11.307688143521,3.4036880093003,3.45347496597573,11.707338972077,3.40337265096715,3.37218815682615,12.06874497939,3.40395836781184,3.23445376734843,11.8662386422984,3.37320600729933,2.60607634786624,11.5452322514399,2.9942305187572,2.98237385963616,11.3022801420772,2.61714717588668,2.88773689040164,11.6227423346654,2.51624225053794,2.95622263109776,5.78297843882422,3.8613227479834,2.95553177636147,8.83114287868477,3.13175914211401,2.55825287405367,9.72823365733754,3.06590818911886,2.57488130900386,10.5586859003496,2.85297557294067,2.67721524207299,12.8233805792199,2.29582470991631,3.24010374727846,14.2811564081051,2.09317993981123,3.4986279122901,15.9274406891896,1.84338335958226,3.62659434505915,17.3196226602773,1.69364098470589,3.93308593584214,18.2845582222999,1.58007524820916,4.21762175149825,19.1931874472935,1.37164394418217,4.45196123784362
6.3855940708314,4.31767283464281,2.67217788039809,6.69771399177157,4.35027214317758,2.60838205460665,6.95671004064135,4.30818951839904,2.60850746568073,7.48690294749325,4.24799651330307,2.43261803822978,7.78155699547584,3.79623872581743,2.72325030626628,7.80931817048282,3.19257785273581,2.54826904945351,7.97680814219121,3.20047459076255,2.56216728448607,11.3093376684481,3.40151294657395,3.45664473756789,11.7052952977045,3.40159217048617,3.37459662021916,12.0661697412696,3.40394848396002,3.23590509180614,11.8679182087149,3.38041801692451,2.61521894442664,11.5334426317985,2.99641985967314,2.98152169602747,11.2890321986856,2.62764178127412,2.87945390270985,11.6044446416647,2.52290131402438,2.95743235462239,5.77441667406122,3.85914031927694,2.96446392925348,8.8218556021364,3.13112068073372,2.55760407285708,9.71442695081169,3.06712627966682,2.57207389496223,10.5421144651558,2.86111503318186,2.6700828458234,13.0587957604396,2.27695908027886,3.34190368247147,14.2778690831646,2.09668783032733,3.49989610490216,15.9149504530512,1.84817309726825,3.62673324423115,17.3152140993794,1.69763984254421,3.93573846392787,18.2275815796245,1.58436248111704,4.19825431412044,19.1799295541298,1.37275070778707,4.44842673654173
6.38725481786789,4.32256445436928,2.67510651659931,6.67959250373463,4.36152861713164,2.62328395756487,6.94291378718125,4.32539122715511,2.62194217357635,7.47106407599153,4.25686277053405,2.43712152376962,7.78003886970149,3.79585962970766,2.73419463481593,7.78739067945827,3.1841887888762,2.55650588260424,7.96021785309972,3.20050176590702,2.56501208366455,11.3092033130147,3.40162250692573,3.45320135211456,11.7031460396746,3.40222439107517,3.37371946622831,12.0626537899015,3.40276901749535,3.2365396447408,11.8635169556439,3.38608498469276,2.61875925682915,11.520218799761,3.00532598035868,2.98254848332436,11.2769528070867,2.63123471605058,2.87643387918816,11.6052084352003,2.52781604911664,2.96126806594329,5.763809393704,3.85552742802494,2.97480701750949,8.80459854304946,3.13368642790783,2.55782417005843,9.7005245243764,3.06504370707227,2.55925718955733,10.5382909997306,2.86498013246304,2.66410475026631,12.7984991279016,2.29508058782213,3.23864341229136,14.268978015122,2.09720397137438,3.50316670290294,15.9192004600995,1.84924353901532,3.63187629302156,16.848063351152,1.74162743584439,3.75908460222433,18.2669736885445,1.58751479584109,4.21918761709486,19.1674241070714,1.37137103667848,4.45021335107258
6.3778823308678,4.33714760653423,2.67060855634237,6.67452885918033,4.37902857132815,2.61953915559641,6.93921306707697,4.34514292466429,2.61726118702479,7.46740626737249,4.26315328244383,2.43959925979485,7.77114581089052,3.79988728017309,2.73789465291464,7.77743383384869,3.18203221782367,2.55747919673459,7.95117007454663,3.20164880120191,2.56462400018747,11.311199442358,3.4023944585815,3.44888992713015,11.7037393681047,3.40343396157539,3.3699852758728,12.0632887644666,3.40447347976063,3.23218754159339,11.8599764979569,3.38988521497001,2.61211535871536,11.5163309831107,3.00954229216185,2.9736545354041,11.2672872896639,2.64212309394761,2.87619545814852,11.5954011230704,2.54209902057872,2.96353235058582,5.75528442125348,3.85416566715115,2.97846408207008,8.79500634320708,3.14099712015662,2.55675502910417,9.69244768453041,3.06484265407103,2.55862854511865,10.5308097069418,2.87099605203892,2.66203054226168,12.7749649542356,2.29906093104122,3.23249026031437,14.4510527369794,2.06706996811878,3.50745041597372,15.8905564134861,1.85446714263427,3.62564636223002,16.8546514817349,1.74334284874472,3.76595692438263,18.2788069208485,1.58751377082434,4.22805826507291,19.1543113163719,1.37303200465147,4.44887092521285
6.37725454553733,4.3489395452184,2.66485271528637,6.67391608267331,4.39081859202307,2.62273302257461,6.93649071746152,4.3648540356176,2.61803164453984,7.46186789612317,4.2595344622858,2.45299945517191,7.75730393349739,3.80866375915436,2.74276061986194,7.76122271113635,3.19033396726311,2.55804086215284,7.93550927460565,3.21078590513668,2.56397338812061,11.315311859717,3.4020663009497,3.44794935245514,11.705605756128,3.40316252116282,3.37243279136907,12.0655914237967,3.40532280468082,3.23606985683321,11.860109792513,3.39465580787291,2.62005532626975,11.5243681609442,3.01530684075157,2.98275003032547,11.2703207587973,2.65171394956263,2.88715605405313,11.6004481848156,2.552606536452,2.9808934545375,5.74810608228465,3.8548919539602,2.98503575372553,8.79469745588745,3.1437587225035,2.54997980524277,9.69222387634647,3.06515040593411,2.55587379633342,10.5286104404324,2.8728068195573,2.6617003194259,12.7656619936049,2.29937572755973,3.23216202159231,14.2503410482642,2.09786806826237,3.50016643543915,15.870145622567,1.8571312165621,3.61793546753991,17.0101225266769,1.72903504386321,3.82917438078566,18.1642114971508,1.58802452645818,4.16811110997697,19.1427311197179,1.37423849382027,4.44793776561998
6.38013624574054,4.36132363953133,2.66557257724854,6.6688073545474,4.40491883769786,2.628634599449,6.93745243891273,4.37828912351191,2.62511077830611,7.46423977398415,4.26236665987131,2.44765813245066,7.75070499209951,3.80967722577041,2.73805736225835,7.75315948495382,3.19109868017982,2.5604595395597,7.92586572528904,3.21363996215112,2.56462883716098,11.3134872921964,3.40413199471396,3.44656175342697,11.7040436732318,3.40204283062433,3.37172841804147,12.0621539439569,3.4057460418179,3.23510640985596,11.863460117148,3.39569593058545,2.62579001901946,11.5125520368372,3.01850083257254,2.99096248013215,11.2538593081952,2.65680149393145,2.88651050850359,11.5898000406806,2.56119632540831,2.99311156562857,5.74698870680814,3.86513890287768,2.98036394562074,8.77158712181794,3.15028099152967,2.54941154706034,9.67447132000564,3.06981051588102,2.55436585785113,10.5140030759928,2.88075100641277,2.65789223986573,12.7616515305815,2.28928266113783,3.21237851618489,14.2723553154437,2.09736981379875,3.50537053115232,15.8480026153905,1.85478770732623,3.59705414899929,16.847429325772,1.74330119363473,3.76551041096908,18.1669694335748,1.59301510881819,4.18061196481831,19.1339811586718,1.3748392899105,4.44992671370397
6.37616860126568,4.36664284792534,2.65880902123974,6.6723220996889,4.40514831241004,2.63032082619575,6.93680511368615,4.39306570475106,2.62655733594882,7.46092572342212,4.26580357931942,2.44447145595865,7.75080045816039,3.8246493270177,2.72930268867253,7.74789195301345,3.19016776566765,2.5576066170756,7.92036560962635,3.21443184259864,2.56540513741041,11.3119902432158,3.39918635506495,3.4493160763329,11.702945845615,3.40161182734569,3.37086039657151,12.0603356656526,3.40400135642051,3.23188271553403,11.8561353887596,3.39188724822977,2.6227057452171,11.5060333166862,3.02077162758706,2.99515277547011,11.2483438366927,2.6626253487388,2.89088686075636,11.5892701507186,2.57107176730898,3.00352960941699,5.7402046371338,3.86998907907741,2.97830331228633,8.76896006840999,3.14842876398285,2.55096453592337,9.6611149559321,3.07158511690923,2.55399345338013,10.4996857947109,2.88480425565068,2.65476278592105,12.7558545713157,2.29048421073064,3.21467465355734,14.2540807725215,2.10104991160392,3.50457622281039,15.8482194105272,1.85595015584137,3.60044501282248,16.8285916273596,1.74630763821652,3.76330789402781,18.1656803987781,1.59564419425237,4.18309338242372,19.1246610694367,1.36951603129225,4.451105666555
6.37676791114233,4.37490785054426,2.65745338202293,6.67647748256204,4.41859638725082,2.63266885889967,6.93850461474154,4.40661643399944,2.63551983737814,7.46478757617654,4.26058276492259,2.44107801175274,7.74136667054613,3.81654623847079,2.73584704947225,7.74707477434095,3.18250032509691,2.55776294054803,7.91990704179445,3.20965680339307,2.56630285486603,11.3127514342641,3.40213223979951,3.44616085362153,11.7029093720142,3.39852278934889,3.36983298057813,12.0577281398772,3.4001654446003,3.22654775039579,11.8471020129853,3.39350099736385,2.61942340657749,11.4772142421211,3.02811878337235,2.98096488605065,11.2280003312184,2.67464397592305,2.87980800058084,11.5638312777977,2.58512530652842,2.98590006609033,5.73431646237462,3.87002596533526,2.97878806083588,8.77033431418296,3.15946593422401,2.54168404572841,9.6504844387503,3.09035735323195,2.54305803367015,10.4807504433071,2.89613989106347,2.64677421836179,12.7455507033113,2.29523694290377,3.23268482625905,14.2469396981803,2.09862906552975,3.49708583061465,15.8498714261224,1.85851464201084,3.60041555855435,16.9476397992076,1.73762447095066,3.81212120617588,18.1515239547925,1.59642881434485,4.17715946063245,19.1168868763123,1.37057833098929,4.45165799052797
6.37386603184506,4.38296153432963,2.65226039952362,6.67497951132074,4.42756762466937,2.63646896908511,6.94142702127686,4.41675692052326,2.63447872236081,7.45980850019073,4.25838734201933,2.44298005060255,7.73308484093948,3.81048594636852,2.73357072659199,7.74277824647278,3.17836342584041,2.55694826859461,7.91393125844036,3.20506046931428,2.5642744468069,11.3153813305334,3.39978865140048,3.44608922899326,11.7039284190724,3.39674243413206,3.36960060166445,12.0612516579464,3.40035257944066,3.22621462820843,11.849865471274,3.39438884142546,2.61864800325046,11.4772028889975,3.03280705816819,2.98398062787586,11.2267025820687,2.67710647892239,2.87949430530465,11.5617371815451,2.59205061168352,2.985144540595,5.72549969300969,3.86779585901715,2.97844454783366,8.75636080392768,3.16073538749537,2.53885038220409,9.63426464488455,3.09343912139931,2.53944153554544,10.4758613836811,2.89814444806657,2.6380986432238,12.7263680332182,2.30737556408521,3.2264629689605,14.1885776281719,2.10795589562354,3.50400495358482,15.8554678691598,1.85671521964684,3.5996551693624,16.9934173366636,1.73455379107214,3.83289693026623,18.1532255227922,1.5959915415063,4.17870110645391,19.1110792274612,1.37097689136441,4.45094715856118
6.36429524877784,4.38905874025157,2.66915916907447,6.66878780351829,4.43685617514377,2.64412554694824,6.93925768413746,4.42948124888527,2.63660423344347,7.4566707929463,4.25955203857646,2.43252416900148,7.72571801742664,3.80608818254628,2.72996416532133,7.73481411516668,3.1760870640586,2.55613416525731,7.90332582579818,3.204421764975,2.56204445252465,11.3124473815899,3.39692994639878,3.44560828942148,11.7027493994032,3.39713079807713,3.37142089791454,12.058440117325,3.39795953956988,3.22719291420853,11.8444444538535,3.3947557462554,2.6086108766416,11.4645125545639,3.03688074322496,2.97919700414067,11.2223650613105,2.68091479477709,2.88202485356288,11.5555275382275,2.59036273795187,2.9714402155999,5.7278039109879,3.87221575644709,2.97485528344067,8.75310875344216,3.16715567534497,2.54291538484706,9.62220189949397,3.09361296429777,2.53459951939966,10.4693511145342,2.90287762681766,2.63174614808964,12.7387849547625,2.29098905256583,3.23127315866064,14.0453742881404,2.12865914743719,3.47863906866647,15.8331752224351,1.86158994409767,3.59454276841487,16.8491269289882,1.74746184695885,3.77451537844383,18.2310314356782,1.60030990719157,4.22795097434213,19.1042738964759,1.37325556785543,4.4514173536045
6.36187263687494,4.39596413249322,2.6709013499711,6.66455101627848,4.44383246621819,2.64278643754422,6.93806367344362,4.44322637928514,2.64556393460272,7.45803165407613,4.26076793202094,2.42872048693545,7.71714233127768,3.80326940394774,2.7284171690002,7.72683282921471,3.17118742521325,2.55624082406377,7.8940917227809,3.19944332515358,2.56105230493757,11.3080695494867,3.39641464269826,3.44569325154531,11.702342052481,3.39699234150794,3.37187904789105,12.0573456935962,3.39610934258444,3.23188405702498,11.8495650963024,3.39416566881367,2.61106110029819,11.4556694989973,3.03868046315534,2.98081628577432,11.2220855645694,2.6760983544302,2.87560771800038,11.5389933532675,2.60172595135236,2.98690268458863,5.72574413714498,3.87279552335468,2.97335546775559,8.74835547374079,3.16305259484765,2.53341337396273,9.61057369266604,3.09928844240355,2.53004742194556,10.4567905289204,2.90522091140032,2.62582979438628,12.6729795831961,2.30049685407017,3.19507539414276,14.1775405837479,2.10452528638151,3.50308431441279,15.8269564369243,1.86124781848536,3.59623291982372,16.7862261693293,1.75265625431613,3.74924725492306,18.1451651016008,1.59892951316753,4.18177236967107,19.0984615242248,1.37172567193496,4.44756539152576
6.36560930885144,4.40429322918759,2.68868774293843,6.66644019796998,4.44929063593798,2.64469735772466,6.94710219902913,4.44516688026461,2.6386677303673,7.45278687227666,4.26855274519592,2.43095351165339,7.7212277602982,3.79907691849936,2.71940572183534,7.72498202188196,3.16993288908457,2.55412485242038,7.89063036624582,3.19740627691769,2.55838483284743,11.3025507271518,3.39718305617809,3.44532023122999,11.7001210658467,3.39806627534621,3.37357047311881,12.0527659637069,3.41072446122498,3.22106928888295,11.8443525754601,3.39304912146497,2.60962570187277,11.4622302770941,3.0332287188009,2.97845093752531,11.2200228585502,2.68204215577744,2.88463155002607,11.546007658963,2.5997587486528,2.98223864173886,5.71751867476274,3.8677129534824,2.9743241880162,8.73967649663066,3.1610720996365,2.52919506626436,9.62523196648992,3.09340648593052,2.52703289282288,10.458008467389,2.90289390455516,2.62153517847281,12.7188350586699,2.29897352405544,3.22540540825461,14.1336263278533,2.1135132612295,3.48411910511657,15.8369644289621,1.86096673596896,3.60343016559484,16.942039399995,1.73898987692035,3.81675125151536,18.1383507723847,1.59770343326617,4.17670926900644,19.0948615105215,1.37410052022097,4.4465005855275
6.36440148488639,4.41101096794148,2.69621442548509,6.66504682346645,4.45160812257176,2.64534089541309,6.9502137675361,4.44745910315256,2.63981626793361,7.44647529814719,4.27232837300316,2.43240269774839,7.7172906048525,3.80142984993813,2.72000210489012,7.72133542141677,3.17132677810344,2.55287286256503,7.88622061341656,3.19801597200538,2.55407864978908,11.3036789880773,3.39702996641722,3.44619736742022,11.7010902977431,3.3995925895401,3.37560571876292,12.0568867319471,3.39390441905746,3.23085354472645,11.8400536302646,3.3896903370069,2.60259672790913,11.4718019414659,3.03210932418356,2.98069719344532,11.2273960359536,2.68234866844809,2.88257783691803,11.5513006311864,2.60063375586773,2.98510425885906,5.72019504369205,3.87322187339389,2.97014308394081,8.73123141737939,3.16261416290446,2.52532713179925,9.62025403912188,3.09453125057698,2.52290793529999,10.4594885858928,2.90117061887284,2.61884717482454,12.7252699297834,2.29730755435137,3.22623862566555,14.2947334426029,2.08681729627963,3.48464371959052,15.8475442840023,1.85844607919566,3.60328930280861,16.9947409370059,1.73266535245831,3.83581983227216,18.1394523677519,1.59816775718133,4.18378590134284,19.0922217039912,1.37427527570032,4.44535875837218
6.37080595196235,4.42401302327963,2.72406564603775,6.67601276288599,4.46329177443133,2.67489077756964,6.95904669351258,4.45420587994042,2.65371503471432,7.4458534384072,4.27770612581595,2.43791561137612,7.70553991512762,3.80543945134451,2.72278948605072,7.71291002048476,3.17473100340617,2.5501938715573,7.87805113514423,3.20020510795946,2.55020793244808,11.306289027993,3.39833051336643,3.44684587475767,11.7072635076056,3.39748156619196,3.37741940058055,12.0610222029195,3.41027168837844,3.2210943114308,11.8444575685701,3.38105474441691,2.60020351153677,11.4875817391544,3.02519701000571,2.97933776369475,11.2465516484902,2.67304845600085,2.8822333309675,11.57256716671,2.57988523034217,2.96557549167348,5.71749893307395,3.87181678583985,2.96849326056011,8.72936995037442,3.16026960570479,2.52241027530237,9.62209908683134,3.08800282667136,2.51252462507638,10.471327962487,2.89730140350867,2.61620108068061,12.7239072371283,2.29450684190659,3.22933034745523,14.1911857969957,2.10760848638891,3.47544154878142,15.8417130770017,1.85671660462797,3.60440322177373,16.9966987143596,1.73079856655956,3.83815346013049,18.1413013692491,1.5992368159554,4.18654130478689,19.0888186808417,1.37607080492804,4.44566626608561
6.38396878293737,4.43000367888055,2.73840800394428,6.68207300573046,4.47725499365093,2.70566290933838,6.96098056746907,4.46301238631437,2.67043942258958,7.44416916832929,4.28960727597031,2.45246405728377,7.69965768635727,3.80588804512698,2.7261608830128,7.71099721534478,3.1767667913161,2.54868268778363,7.87659543181045,3.20122038039447,2.54895759204527,11.3098831846862,3.39769939470764,3.44986969272436,11.7101172493597,3.39743144881009,3.37902223273017,12.058910855474,3.4091073651751,3.22484677234277,11.8494354050902,3.38015830182859,2.60092273693975,11.4933524816417,3.02004344866422,2.98214001955032,11.2528395977842,2.66313116337654,2.87902327733742,11.5824045989158,2.5592057450839,2.94785110263535,5.71026467008709,3.87091199878081,2.96752862366627,8.72678122798596,3.1584538831326,2.51935639865242,9.62377723132444,3.08614123757138,2.50910505392158,10.4844521069246,2.89015148163985,2.61248764523603,12.7246863510737,2.29113055467501,3.22706381037052,14.3105806669429,2.08082305845309,3.48602358827554,15.8491598392646,1.85599640138013,3.60564877632336,16.7760365124859,1.75338102708538,3.75271218911995,18.1382165651433,1.59828810364368,4.18447740504328,19.0863259567856,1.37677569212587,4.4459515731982
6.379319704401,4.44620085320459,2.75201641976995,6.6752818401581,4.48280531776438,2.70010884828322,6.95278189132182,4.47155766851148,2.66510746182096,7.432638906251,4.31993982452687,2.47844751086116,7.70194375245785,3.81558366400067,2.72026425338276,7.70675632153605,3.17832604786968,2.5478307228448,7.87086112362863,3.20147357449531,2.54735069354933,11.3082023444434,3.39343598916581,3.45257200339395,11.7096387436264,3.39633710260133,3.3791525445204,12.0534824522844,3.40669660991716,3.22244640936614,11.8488002472708,3.3808900445294,2.60293079622593,11.477180152845,3.01442388837099,2.97118066653584,11.2295261790065,2.6516703742027,2.85687360072523,11.5747739294171,2.54339069150935,2.93159269143099,5.71125168536729,3.87576595206604,2.96723487651747,8.71480036009754,3.1575589169414,2.51866617358678,9.61055083464851,3.08651346580582,2.51030043256581,10.4678915555502,2.88787445905448,2.60418596848518,12.7174360155349,2.28293830068128,3.2214893574023,14.3233782103345,2.08830458831677,3.50561074655445,15.8574641225864,1.85330410126877,3.60946154919477,16.7750765775838,1.75411830563256,3.75774056702846,18.1403080844408,1.59885484297986,4.18669323157091,19.0809506739584,1.37729093585739,4.44583916577153
6.38958434142237,4.44211207411671,2.74360800481749,6.67951146707435,4.49013241643497,2.70328253405369,6.95783763936001,4.47857824382762,2.67145224152552,7.4357355449088,4.32832734451509,2.48505225775626,7.69814505241106,3.81608349771982,2.7231386303185,7.69558440259525,3.18133556889934,2.54917546461018,7.8749294532191,3.20172292793721,2.55016445694127,11.3070566861318,3.39584172584579,3.44954705323721,11.7107665807822,3.39777918427589,3.37713429716948,12.0542443090205,3.40463454378699,3.22456366811793,11.8542078127272,3.37900184997647,2.61193200961317,11.48934610692,3.00913016349955,2.96504114010358,11.2366473046983,2.64876423780798,2.85320988618361,11.5806780342708,2.53933634874232,2.92804824672133,5.70124078973882,3.87253630893895,2.96900521570267,8.71096035220623,3.15504751209918,2.52095320917214,9.61243077132795,3.0841509134756,2.50750250542052,10.4700259731581,2.881714317836,2.60505992528715,12.6956872761688,2.28088931808054,3.21167095671572,14.430765174813,2.06051909828136,3.51457957083585,15.8351901078194,1.85789942389768,3.60787533328444,16.7688043088951,1.75831697431187,3.75897996642339,18.1338284894891,1.60529056006917,4.18953606748666,19.0761176141883,1.37942311206626,4.44345809772554
6.3923098084708,4.44471910016606,2.74714705858715,6.68243728508784,4.49035778146888,2.70487546745699,6.96124092699789,4.47731082990937,2.66898437497893,7.44048163083143,4.32807944565875,2.4785516833737,7.69886073294924,3.81612923011014,2.72437626532684,7.69537169437612,3.18204706509102,2.55004311570956,7.87344598545163,3.2030271848233,2.55134385645872,11.3094243435759,3.39526005261714,3.45216524274945,11.7106576086448,3.39922491051997,3.37901103625525,12.0518319322448,3.40443591065167,3.22416997718644,11.848835105636,3.37376603598335,2.603670456654,11.4707735549629,3.01142273336876,2.95796258518311,11.2209364245899,2.64894397310261,2.84522103987908,11.5723707751167,2.5345101594069,2.91862692888423,5.69842281300539,3.8769927648094,2.96780780140999,8.70692932290262,3.1524633972345,2.52266907700972,9.60302713936194,3.0866341581232,2.50960584643234,10.4592724665159,2.8816547850686,2.60190651535781,12.7093140588739,2.27562583681421,3.21913289693699,14.4299981748105,2.06254790181882,3.51719919255498,15.8503983321185,1.85494248771215,3.61025225013791,16.7761526772666,1.75380507562316,3.75937147187082,18.1293357660455,1.6054902821112,4.18814430643516,19.0702847426052,1.3806624548005,4.44330115889702
6.39473717355183,4.44963429068345,2.75162773262976,6.68203876798342,4.49036698983959,2.70719700661458,6.96318520297436,4.47631726396713,2.66899914891585,7.44331797804309,4.33619220310892,2.46308571669065,7.7007084547227,3.81542881236739,2.72075963442393,7.69578909170996,3.18270172153701,2.55022216971375,7.87354568402059,3.20287134585414,2.55108318176954,11.3088400393125,3.39417523323405,3.45402276651885,11.7092406940801,3.39773549913858,3.3784167453051,12.0524448790085,3.40292920693227,3.2240726885007,11.8483744488207,3.37308728009383,2.59991628931167,11.4712656201446,3.01051272283914,2.96040027833554,11.2151139977678,2.64372438061493,2.8334745672643,11.560928305046,2.52791655486907,2.91503599414637,5.69332408886449,3.87990137499315,2.96800869510579,8.70140594420458,3.15015689145092,2.52447773535089,9.59908413954612,3.08522171363032,2.51277184307083,10.4517551265631,2.88082319393937,2.61232533365717,12.7090601612423,2.27113540118293,3.22206674893625,14.3360946491957,2.07570671022564,3.48990458377577,15.8415405140393,1.8593099342115,3.61046254207108,16.9542358291884,1.74413367487917,3.83758955493538,18.1322741191639,1.60614621768059,4.19245582816619,19.0647208933766,1.38065616648227,4.44226228218251
6.3918652533834,4.45371434879683,2.75066119758828,6.67897360064578,4.49269485261714,2.70661573641707,6.95916629007522,4.47919942820623,2.67039635742675,7.44055232962265,4.33861829932942,2.46264291098797,7.6951158128378,3.81500919756998,2.72259738358269,7.69131568557077,3.1826630527798,2.55212556662979,7.86900346057235,3.20283687669231,2.55334649352194,11.3078748971421,3.39495795349986,3.45450877026725,11.7089928535161,3.39902019375277,3.37995719119646,12.0508817784743,3.40056749102824,3.22329235585777,11.8449945196837,3.37031745854458,2.59879935591139,11.4630938661602,3.01273046012686,2.95685152262458,11.2030939885934,2.64099480943226,2.82180289467705,11.5552116553338,2.52553236269982,2.90890775863229,5.69042047962795,3.88287646376321,2.96629887828965,8.69416056852048,3.14661238891184,2.52443935770674,9.58769784704256,3.08368499702449,2.5153519273216,10.4396002487032,2.87885896324953,2.61216447204397,12.705737286253,2.27028164179194,3.22461135877097,14.42409476724,2.06434554613326,3.51321360174242,15.8447797240315,1.85850165228146,3.60573449902166,16.8531388502292,1.75064460185037,3.7866045203354,18.1290678845067,1.60759789004905,4.19063859095478,19.0619910568743,1.38026449351059,4.44110139892377
6.39370787797507,4.45851045508966,2.75241488538794,6.67995701502339,4.49630962355144,2.70683189395635,6.96142585452123,4.48075875602995,2.67237931312928,7.44023526438329,4.34168515836045,2.46026981442679,7.69154197237832,3.81442442790146,2.7219932047767,7.68487987770689,3.18339577498882,2.55219442441062,7.86409948418166,3.20273274282555,2.55279110412134,11.3101929002306,3.3922988919413,3.45590910616023,11.7083513745627,3.39980955687824,3.37905018393922,12.0519020341404,3.40355860453144,3.22183066234222,11.8421742904155,3.3696536407458,2.59672148846949,11.4567709294709,3.01338538189373,2.95668767576622,11.1990515915231,2.63768856715999,2.82023331670231,11.5531421776855,2.52227280371774,2.91006919716059,5.68614247535294,3.88641241712928,2.96644859056191,8.68466430679867,3.14463188915505,2.52422931506695,9.58253087755581,3.08191528150551,2.51723350820898,10.4344036349113,2.87526865419374,2.61139162471909,12.7017217576087,2.27418551115389,3.23443075856507,14.4332468946354,2.06158301317955,3.51287090809644,15.854039924961,1.86157975455399,3.61140125236422,16.8645534858952,1.75208726620694,3.79535749252613,18.1247587487198,1.60765406515666,4.18852104393111,19.0570552415223,1.37929558930991,4.44191283625799
6.38789901185165,4.46687963647653,2.75210605314711,6.67468819730704,4.50001874577931,2.70257426847788,6.95257728824073,4.48459092704105,2.67076989154537,7.43540633192531,4.34427553483618,2.45640216404481,7.68880347107737,3.8139565000814,2.72234299906301,7.6821776326444,3.18281876165956,2.5507075681581,7.86044915763767,3.2026132089237,2.55393450039946,11.3142206105767,3.3898241047383,3.45908996048312,11.7115921713421,3.3977834240387,3.37925701080692,12.0532446928718,3.40071943518882,3.21749835075155,11.8393086535658,3.36884154253135,2.59955927101465,11.4510452952244,3.01289844770644,2.95916508628909,11.1897621648327,2.6338012266147,2.81670955653472,11.5445377154537,2.52024333871197,2.90838329145745,5.6826630794457,3.89020663995472,2.96241500265245,8.67769505679811,3.14543819811094,2.52412860026457,9.57319106673762,3.08252298195964,2.51789792738782,10.4289576927299,2.87904487394284,2.59499293501299,12.6882852382535,2.26694195313984,3.22406784456075,14.3402846797121,2.08002567926821,3.49066414110799,15.8523187759475,1.86430197235002,3.6132095210992,16.951242354986,1.74949445412365,3.83724412142729,18.1188187669839,1.61223995855725,4.1887439772245,19.0517915724464,1.38126706083005,4.44417350146576
6.38784866659922,4.47509625948413,2.75267326199399,6.67543982664468,4.50314274319102,2.70023746306185,6.95222202356133,4.48501315165063,2.66924978566947,7.43464123079068,4.34521545388204,2.45186273523853,7.69130124173106,3.8124879418686,2.71827917014367,7.68121318974282,3.18397534694192,2.54950161540949,7.86053091071203,3.20358020489297,2.55364950111317,11.311060477168,3.3904931256313,3.45816385299511,11.709944161246,3.40033358269063,3.3798393614361,12.0519881219414,3.40089808328746,3.22288047328859,11.8365182724454,3.36362524881486,2.601217931383,11.4475057188374,3.01094937547111,2.96080518078433,11.1845935174052,2.63195489028388,2.80979397255421,11.5481727419576,2.51748873309096,2.91001844345245,5.67621806134666,3.89186062733681,2.96384215668549,8.67279208603034,3.14710457007515,2.5223022679542,9.56710267671438,3.07777227285673,2.51972588813295,10.422855954448,2.8746403892804,2.59459534455565,12.7088231943226,2.26503423977901,3.22532557173232,14.3312497486273,2.08223614293795,3.48989652543896,15.8529463256686,1.86277423101077,3.6084745426505,16.9569345115941,1.74898005945106,3.84300840232254,18.1160599014235,1.61405592704536,4.18892210996753,19.047099373513,1.3827924253721,4.44453582030162
6.39224703294456,4.47719184647831,2.75074792031288,6.68383670266682,4.50012297707737,2.69245499085945,6.95728850559255,4.48528931298109,2.66808497810934,7.43547307993538,4.34507180420982,2.44397202519487,7.68985458520032,3.80726759995498,2.71231300566316,7.68142779129234,3.18118204255408,2.54997835756384,7.86178221518632,3.19986079160592,2.55481612349992,11.3111985379662,3.38510999868583,3.45993613894508,11.7094119161496,3.39942516969238,3.3799776276264,12.0512549508074,3.40074459542803,3.22577617929916,11.8365524248432,3.36361757536131,2.60549752040491,11.4478930844747,3.01061657823438,2.961076744814,11.1854876823386,2.62908535889709,2.80793971891021,11.5477163477256,2.51055125450206,2.9074064682954,5.67264521032138,3.89026985192373,2.96090357230466,8.67203755882879,3.14429295421177,2.51924060773407,9.56557275001964,3.07866095455565,2.51652366681415,10.417509243706,2.87629873657784,2.59062284281909,12.7086952074379,2.26401325481312,3.22495556438115,14.3168663486515,2.08585516607899,3.48849412018841,15.8463867646568,1.86377640838584,3.60694873414652,16.8514412118519,1.75689911334709,3.7891297451702,18.117832222296,1.61519583642831,4.19211280807592,19.0439595131891,1.38615037677678,4.44412549593389
6.39260115663265,4.48534029748508,2.75238690340065,6.6847365438519,4.50454585930581,2.69031880194834,6.95906078647935,4.48700264033155,2.66884738784465,7.43555140251576,4.34423374858704,2.43755646438654,7.68123171147246,3.80995560392346,2.71165593491851,7.67555702999319,3.18143439855996,2.54849023093126,7.85576712249742,3.2005086197881,2.55402562677173,11.3133996926173,3.38200415036479,3.46144038941004,11.7112601541288,3.39677576423486,3.38225728519556,12.0511174766987,3.39963484181036,3.22407982395159,11.8347243086174,3.360476417906,2.60632799382186,11.4443017502795,3.00954147270449,2.9601454004827,11.1817297602705,2.62870337040805,2.80399654343622,11.5458821062152,2.50636304029174,2.90655527550572,5.6695095333115,3.886338906225,2.95630818621128,8.67154030225072,3.14113904796921,2.5212082534835,9.54911584368934,3.07105861631984,2.52609778268799,10.4065910439549,2.87725731595836,2.58907857704413,12.6855538514498,2.26636661238371,3.21385906759878,14.3180314033889,2.08294987538113,3.48814343071997,15.827594134542,1.86582443209397,3.60543873129918,17.1486346445575,1.73389419537476,3.90625170508264,18.1077390263068,1.61595008424795,4.19300325488474,19.0391008456216,1.39004756770676,4.44475300705382
6.39288993629934,4.49095403094271,2.75504630035222,6.68513710636794,4.50881622410268,2.6906777001342,6.9595995414565,4.4877760643372,2.66814769232032,7.44020648271622,4.34176770902287,2.44381044775282,7.67734139186265,3.80694930450774,2.71031590472596,7.67089369210928,3.1804806559691,2.54779118235287,7.85313338531893,3.19761675583385,2.55448294584181,11.3162511870766,3.37959384452606,3.46573974982389,11.7131619533282,3.39440359174708,3.38101493620463,12.0497482107882,3.39720311227326,3.21996394770391,11.8332980667084,3.3556981119423,2.60608712080022,11.4412765189961,3.0100116863278,2.95280428235432,11.1799101160901,2.63080496892783,2.80647047165716,11.5421586583465,2.5078591577168,2.90796181517748,5.66371060111067,3.88867728472005,2.95327882697232,8.66838452414099,3.14014074395594,2.51977419089992,9.54897649781048,3.06926536643745,2.52407160059325,10.4015609082738,2.87973599609243,2.5883840609051,12.6903461278179,2.26223520194183,3.22330945800198,14.3043893187801,2.08649375845538,3.48878757324183,15.8373646731024,1.87170598591283,3.62770975422089,16.7076320849627,1.77909803838232,3.7554744464925,18.1115562151144,1.61527407956137,4.19467503690952,19.037218332189,1.39368417998724,4.44411482679818
6.39207128569307,4.49466260265272,2.75321605069617,6.68517342316792,4.51065959970755,2.68811797087123,6.95791908732016,4.48818260309686,2.66956852077973,7.4378093223897,4.34013301810752,2.44116395536181,7.67242313625944,3.80700594950734,2.70972544870076,7.66696754223282,3.1776893440185,2.54826516275757,7.84468471922435,3.19696018265369,2.55279564898267,11.3162511404442,3.37266115394805,3.46769467223685,11.7114342114102,3.3934893030466,3.38030030685712,12.0487776793814,3.40012665785311,3.22177703951551,11.8315627954837,3.35469055623999,2.60620441496964,11.4428586880119,3.00608360620168,2.95029095238642,11.1827921357272,2.62775815538412,2.80958755319944,11.5406314801642,2.50454582033645,2.91210046850597,5.65500554456526,3.88853640098976,2.94489241260506,8.65965259133161,3.14053567738864,2.518185667649,9.54245940601119,3.06775313729577,2.5259012508888,10.3903930715933,2.87918214991222,2.59134126189605,12.6690341315881,2.2657355398312,3.22272341100112,14.2882674155043,2.08794088766629,3.48696270889028,15.8040321138297,1.88082265446716,3.62935723808713,16.674744553926,1.7772702788961,3.72855607027492,18.1036282105535,1.61656659592861,4.1944223287491,19.0302082189398,1.39982089627117,4.44346670697313
6.39562172761435,4.4958184919936,2.75403185196973,6.68715828445047,4.51275907763124,2.68790350504023,6.96190810070976,4.48767375566152,2.67216819931495,7.43987551305445,4.33794881152427,2.43139302154511,7.6618541996683,3.80502267597933,2.70464683255783,7.65590115099842,3.18183312733395,2.54655395991551,7.8360213725729,3.19690706403705,2.55208822558438,11.3179819992336,3.37668234554181,3.46807933963188,11.7124804392384,3.39513559917724,3.37737483583889,12.0494780171162,3.40012916115456,3.21848792005379,11.8274411979186,3.35281637203416,2.61154746608606,11.440572765391,3.00586062407237,2.94975494187965,11.1867323948629,2.62370951766757,2.81057983016087,11.5341420299462,2.50277568976029,2.91278377584352,5.64500198914276,3.88845819253651,2.93893863932956,8.64959878463213,3.14287870857945,2.51739125667801,9.53478746847725,3.06753777275397,2.52519817623742,10.3902737090933,2.87895337306528,2.59123426680164,12.6575791310858,2.26207621703347,3.2202631355731,14.3289067529432,2.07763329820979,3.49648737616006,15.7784271680588,1.87437578897667,3.60541638350005,16.8525719931237,1.75697800209779,3.79271048138368,18.1363572156388,1.61675766195738,4.21235623439223,19.0243531430263,1.40409338216934,4.44119444708285
6.39005143392849,4.50606121620647,2.75665133238163,6.68140995598256,4.52105176449717,2.69092171719823,6.95552341048776,4.493216795889,2.67315497139648,7.4333569778575,4.34085382875747,2.42290087852146,7.65633187594851,3.80849088588635,2.70254285886245,7.65050858455828,3.18487294069949,2.54610008941268,7.83272165284963,3.1977065394868,2.55342400740256,11.3238007624031,3.37485191228976,3.46933542118908,11.7148288378027,3.39374300635695,3.37704908422442,12.049176703449,3.39926958792417,3.21499325833471,11.8267285124436,3.36319445090972,2.63600053418455,11.4318885754026,3.00795579084655,2.94833750184916,11.1784807009676,2.62499189166688,2.8074979017187,11.5201587796466,2.50380455004738,2.90943109614299,5.63471660761056,3.88280003449375,2.92618988385523,8.63818980268262,3.1438359825922,2.52102246049174,9.53419230709688,3.06560105370782,2.52304444268782,10.3851796623529,2.87977176659678,2.59088168194108,12.6519617308589,2.26188836823667,3.22210960512742,14.3058616219122,2.08150887065996,3.49054915078931,15.7727917444842,1.87157420270106,3.60247087652249,16.6874460081602,1.77999976997671,3.74778836776319,18.1386279762696,1.61705755180183,4.21456853414373,19.0171228700412,1.40886804374891,4.43950640662436
6.38207144418982,4.51061324102852,2.75754573584923,6.67643343521827,4.52479481400143,2.69219783915304,6.9499512644407,4.49560773603587,2.67154137824992,7.43138734858131,4.33835730419022,2.41580578592693,7.65529724727601,3.80464521518449,2.69864510238085,7.64603371530218,3.18223285529644,2.54649611701539,7.82736434155775,3.19367409282457,2.55566280090905,11.3240944232835,3.37949677067904,3.46445078102555,11.7142700369426,3.39600908620647,3.37490120376667,12.0474861537636,3.4023018260127,3.21856843080199,11.8192604631049,3.35865510329187,2.63264720670706,11.4185321237065,3.0065476993751,2.9330953406551,11.1567440149089,2.6314800242181,2.80372611073379,11.5037606134542,2.50294970739056,2.90334555428884,5.62490900616611,3.87854405449329,2.90231887715699,8.63528634978018,3.14320759267043,2.52124024178778,9.53008715663167,3.06567398358023,2.52505119781213,10.3766593574351,2.88324064774229,2.5870695526061,12.6440321413757,2.26102735751227,3.21966824843188,14.3234659019239,2.07561905007324,3.49879849740881,15.8200571511511,1.86651073024362,3.6047013015757,16.6700580285301,1.77756420318704,3.73163913044987,18.1422759919497,1.61756956746558,4.21824241672162,19.0108789276179,1.41375879429572,4.43857541102145
6.38205622945793,4.51327265333598,2.75770267606506,6.67646104443609,4.52699155577981,2.69230235834765,6.94683711056132,4.5004747884628,2.6792547669783,7.42639202171232,4.34151484847917,2.41749559987459,7.64372674529974,3.80775985934004,2.69546988688513,7.6395486293345,3.18708397239603,2.56024205372326,7.8131394855327,3.19525533208496,2.55522715851059,11.3292846765252,3.37464813612452,3.47050710419819,11.7163364014782,3.39579759336121,3.37492221589208,12.0477201155777,3.40166061065219,3.21772518208668,11.8171759049494,3.36376328056773,2.64466427393786,11.4150889252542,3.01384901526893,2.94339109068562,11.1524723034696,2.63525944742657,2.80323159601143,11.5022918329266,2.50663770374981,2.90314002301538,5.61916724082539,3.86852498227546,2.88025946430336,8.62610920144477,3.14618265400289,2.52357630383463,9.52248678048291,3.06945580674319,2.52749574007363,10.3681184203617,2.88468414562462,2.58709685675794,12.6317939179652,2.26059593856505,3.21463429855004,14.2927851767222,2.08180756990406,3.48903895313909,15.7627808752874,1.87456401381214,3.6035847680604,16.6676780455796,1.77688054795683,3.72767464838625,18.1082989093341,1.61866785160961,4.20648633298365,19.003245686806,1.41780908661945,4.43932386698651
6.38178525020356,4.51537024816365,2.7545075366006,6.67791299281481,4.52920135949556,2.70030377195082,6.95277470468378,4.49720848984972,2.67994237479525,7.42759934438417,4.33493144672058,2.40381709327969,7.63800518105172,3.80328399789999,2.67920194124456,7.6332294029079,3.18883057106532,2.55945156125106,7.81374853197262,3.19705778589581,2.55865904775638,11.3348221725001,3.37711559107439,3.46882841486153,11.7191693069968,3.39700840253112,3.37593612370798,12.0482551494157,3.40261174443889,3.21211611437412,11.8079422169982,3.35550819330403,2.63766999446511,11.4013551883187,3.01740822450726,2.93520779984404,11.1455826014344,2.6406539629789,2.80457606445059,11.4890900536335,2.51507490539925,2.90823437684023,5.60770609418798,3.86779258561539,2.85726314989508,8.61733860695031,3.14547334383416,2.52324708538526,9.51515767855226,3.07562761281854,2.52938954918263,10.3582854122039,2.89994500836855,2.59497374282341,12.6310182149231,2.26225044937364,3.21604996285221,14.3258389320925,2.07339003182063,3.49595061285271,15.7323284356276,1.87757912355015,3.60073786892523,16.6554412261592,1.77844888435985,3.72897834690276,17.9918137059657,1.61626819632312,4.14691190736811,18.9945225096031,1.42136690227394,4.44049113707286
6.37939273512719,4.51952202409692,2.75619663317655,6.67458011805657,4.53070637425369,2.69918026891164,6.94973666019372,4.49750159525298,2.67235234610708,7.42507397074558,4.33671535748269,2.40560703884302,7.62995885735989,3.8033703634871,2.66429661618794,7.6300433405634,3.18689684282643,2.5570932015869,7.80793208336793,3.19644334144737,2.55569577809635,11.342315615341,3.38077106992615,3.46640528916201,11.7216024657157,3.39742941598011,3.37083346486556,12.0466962557816,3.40029060817217,3.20760461994671,11.7970042848209,3.3561994482483,2.64698627947438,11.3901727699022,3.01992765527005,2.9352829707901,11.1375072767846,2.64405371046677,2.8066134412247,11.4854688268333,2.51734584046059,2.91010169207444,5.5975432204113,3.87136364532656,2.83272261445279,8.6134600896796,3.14704064515737,2.52108540361353,9.51042571660028,3.08104203580431,2.53090995263352,10.3648225355046,2.91809347544676,2.58646542291176,12.6360285555057,2.26208275670698,3.21647179956023,14.065526514685,2.11321697005931,3.49426333647001,15.7384140695691,1.87632585741414,3.60707650367609,16.639312804472,1.77967571545274,3.72513987405587,18.0859972747205,1.6233722917633,4.20314198120115,18.9853454727603,1.42143131455013,4.43897173812148
6.37642614055333,4.52581747405997,2.75345695265102,6.68713265238674,4.53038612834793,2.69483206830195,6.94608208578548,4.4958200425381,2.66184670768381,7.4173356266529,4.33687906254288,2.40393416942274,7.63015238874597,3.80450965875777,2.67368565042405,7.61715250814257,3.18159606959305,2.54839094819164,7.8011064895334,3.19725369491137,2.55403602523508,11.3462710824714,3.38186312203111,3.46710064490303,11.7222496551995,3.39665821390986,3.37226163313236,12.0469029458846,3.40093057630182,3.20968767828925,11.7923128467108,3.35503758225166,2.64651112088536,11.3896318788856,3.03415629070976,2.92947626128605,11.13152854059,2.65190787078125,2.80709061354909,11.4757338859227,2.52181345936168,2.90980647050801,5.58806004366481,3.86744740212951,2.81234795238175,8.60609992257079,3.14983664170871,2.51791173774737,9.50484058382701,3.08099351034561,2.52969715981777,10.362412986491,2.91877325267513,2.58854192921489,12.5906259866063,2.27519540251044,3.20787475685876,14.0441911240351,2.11606580395611,3.49407653004609,15.7355829162143,1.8738047881306,3.60252143027777,16.6402715282921,1.77955045271061,3.72652177153412,18.0788496666564,1.62384408912623,4.20398109465938,18.9743025917691,1.42207576521867,4.44122098696589
6.36961218119078,4.52167785154114,2.76114719536756,6.68701675185374,4.53303956235132,2.69803555091799,6.94292250862759,4.49911913663882,2.6628729841336,7.41538448105984,4.3429684708083,2.39274749245995,7.61931297344779,3.80558167538178,2.66627563999757,7.60958706439737,3.18309620638656,2.54673097799136,7.78537403796294,3.1990169847779,2.54667122876942,11.345095884653,3.3785898091277,3.47248486021131,11.7249311884087,3.39851716437117,3.37106076439067,12.0449402267616,3.40179149135462,3.21205096873915,11.7874874206377,3.34751529977455,2.64378786407616,11.3872337392614,3.03497111166344,2.93367655377442,11.1352798891866,2.65128725893694,2.80467991348961,11.4736720074914,2.52267743017251,2.91371477537861,5.57208799116003,3.8659375869944,2.79644445167977,8.60043504251195,3.14768306694332,2.51628982430683,9.51102103932382,3.08114128465544,2.53010760606474,10.3676592221405,2.91662268546352,2.59328169029905,12.5911102157932,2.27953069776522,3.21297143976417,14.0396169961019,2.11963441206001,3.49375329730331,15.7303549205695,1.87900337238945,3.59984480695045,16.6397085725575,1.78159527064273,3.72507519094081,18.1158666583274,1.62353859089725,4.21889994326756,18.9624419338892,1.4226662148375,4.43967373244467
6.37029690627624,4.5224548917138,2.75285482982598,6.6947511523389,4.52869522628573,2.69159262627063,6.9407658576248,4.5032533470126,2.66853428510488,7.41002343396047,4.34061917489641,2.37693684207271,7.60389079231397,3.8029712136027,2.65160653820085,7.60028097987565,3.18889310063887,2.53817535477933,7.77996467954224,3.2049795761737,2.54835512285282,11.3480121196925,3.38290647595566,3.4683290936251,11.7280735714518,3.39970680581652,3.36674830161225,12.0437342721263,3.40125332160618,3.2088023235727,11.7863823611216,3.36993334051923,2.631743863979,11.3751065550219,3.04252055796393,2.930806511977,11.1177926959668,2.65285909115385,2.80561596267567,11.4454120070553,2.52780391362447,2.91274575530821,5.55933340883997,3.85792478048846,2.78150130592757,8.58928945437223,3.15394368095434,2.5105176409949,9.4996200165013,3.08679723534814,2.52862186910166,10.3575880964476,2.92174016564301,2.60205172585627,12.5559426036144,2.29767806332646,3.20934783612559,14.0614672411298,2.10848020675163,3.49571094110992,15.7455217902584,1.87173871212806,3.59985205949113,16.6239102739721,1.78406606460556,3.72008852630982,18.0764801635735,1.62645134723912,4.20806965625758,18.9499842765866,1.42260023268032,4.4411842380705
6.37144258046475,4.52140790242206,2.75000433979376,6.6932733565839,4.53129901288284,2.69184475703312,6.9468002464536,4.50708795114916,2.67052546353711,7.41142594706954,4.33224822289469,2.35464314922239,7.59206702159147,3.79527627020331,2.6392748457827,7.58910214709426,3.18363969408366,2.5246608396288,7.7680903721423,3.20328595912171,2.53608159281868,11.3547311417428,3.37890003408125,3.46692126012431,11.7284924593458,3.39937876182466,3.36807747354786,12.040797149251,3.40087981233208,3.21153175872429,11.7813475615467,3.37056667898709,2.63802821218448,11.3659524100168,3.04861052347376,2.93811975006207,11.1050198982232,2.65557048523243,2.81649560243012,11.4297496361055,2.53219226777828,2.9144518467268,5.55557134861077,3.85591415147554,2.75830245100594,8.56454218484261,3.15685374160942,2.50941116806948,9.48602960082321,3.08727131354038,2.52572322666162,10.3498361574804,2.9229806795124,2.6019283958157,12.5478760550553,2.30249377415786,3.21035045205813,14.0499379893965,2.11310388366968,3.49109587875453,15.7362095386708,1.8723749798142,3.59907581497515,16.6205276359717,1.78188911311053,3.71491647441781,18.0808371380734,1.62956914832733,4.21667470686521,18.9393265498822,1.42612645408977,4.44367583848277
6.37372665933306,4.52277320113526,2.75302608511402,6.67829831810279,4.53237189742886,2.69132806106289,6.94459796228493,4.50940416153635,2.67376515047378,7.40326956862383,4.33476813297357,2.34979598639112,7.58013146227302,3.792679870801,2.6287904547229,7.57638969254373,3.18619353433891,2.52466610438847,7.7590165256761,3.20301888046293,2.52938863404314,11.349689553528,3.37888673591316,3.46354417544576,11.724833286134,3.4000547354232,3.36606973269459,12.0396470718226,3.39808464966162,3.21659888556814,11.7803207098648,3.36722044079234,2.63817333273594,11.3608735263763,3.0513892393737,2.94196507564035,11.097698070326,2.6602984952943,2.81671705942089,11.4227393969607,2.53422020348494,2.91507830033425,5.54532747422705,3.85195936574378,2.73674200780305,8.55804333432935,3.16355589674532,2.50460487047451,9.48051982047157,3.09000966585821,2.52432627134103,10.3403465344747,2.92762830407425,2.59925681739174,12.5299325416512,2.31000452210808,3.20938591106884,14.060486154929,2.11502089356784,3.49167977668365,15.7326710942792,1.88094568284395,3.62217628493712,16.6156041855384,1.78093274463867,3.71333133264913,18.0774879080937,1.62958996444637,4.21575537339919,18.9322692606489,1.42871616066032,4.44468296334088
6.373650861434,4.52775570427199,2.75339546459215,6.67856730633547,4.5356785501231,2.69108856856086,6.94292946177348,4.51030644965967,2.6723391818031,7.40572075054191,4.33434956782741,2.3414544071873,7.57360752488869,3.79055030083057,2.61812080927346,7.57011522202006,3.1863040022171,2.51768791678483,7.75296959931071,3.20270014559707,2.52369716663294,11.3505169053815,3.37812656455695,3.46332292663422,11.7252269306955,3.39994563809621,3.36999660195534,12.0386748655262,3.39596431030543,3.21223261567839,11.7772313169423,3.37014388435617,2.63809622822408,11.3494878786534,3.05495888160406,2.94211664074621,11.0885397397498,2.66726588089068,2.81448504368143,11.4114296101671,2.53875154314245,2.91092172897899,5.53461558523186,3.84568470605905,2.7228630983265,8.55957464106326,3.16234146948444,2.50046148278583,9.47818247853237,3.09398378766698,2.52013921040364,10.330176806991,2.92748174661227,2.59934468505304,12.5134496127243,2.31220591619848,3.20403987090855,14.0607032369737,2.11554746447418,3.49281865949175,15.732818962745,1.86824467459247,3.59470730031214,17.117203516256,1.7353741076375,3.91258377800183,17.9632468567737,1.6266738780698,4.15336754634077,18.9224564130227,1.4255502232928,4.44661293630769
6.3735851912877,4.52940840189184,2.75450756170501,6.67853430465094,4.53747014090027,2.69096666031928,6.94006926976717,4.5092061183311,2.67049461030109,7.40507175598326,4.33408110217081,2.33811333033942,7.58686954992576,3.79975980975633,2.61073333249631,7.5615927445099,3.18729292922908,2.51129418528848,7.74449809926345,3.20382495825604,2.51553089685588,11.3542956186348,3.38456236560113,3.4606258393583,11.7222798613892,3.40099188627994,3.36965665469196,12.0355692529282,3.39724703385333,3.21440859010499,11.7733692744903,3.36928239352874,2.64289285171688,11.3518774560366,3.0596603838055,2.94584679243786,11.0866664969051,2.67233025739218,2.81546796081666,11.4073129427065,2.54267265657884,2.91218006971606,5.52556129072612,3.84279235415617,2.70849948955612,8.5627472961937,3.16227801579396,2.49700394182537,9.48096996487949,3.10031063960919,2.51589110780968,10.3321917899641,2.9324900054526,2.5988445684965,12.4997050564098,2.31716331079698,3.2095326188951,14.0626134539417,2.11575563987944,3.49431047792593,15.9131778169107,1.84424759462589,3.65880050291882,16.5962937942804,1.77880848481881,3.70688564851311,18.069582780128,1.63061893829699,4.21403134667726,18.9152177455906,1.42873874670179,4.44630568378627
6.37320131262312,4.5327307687635,2.75768122201403,6.67908931097626,4.53857514754065,2.69042739539747,6.93920587156099,4.51115856899591,2.66916121643054,7.4003131562065,4.33013766158332,2.32440621234416,7.5793400504278,3.80016220451443,2.60306382453729,7.55908675535962,3.18515478720809,2.50884266675163,7.74035461873175,3.20212205445358,2.5142974001754,11.3577409226885,3.39197192105419,3.45595046768639,11.7229865854852,3.40281727542893,3.37014176583309,12.0350860878087,3.39351861885827,3.21008126897636,11.7672318346997,3.366285654145,2.64194626139367,11.3397548933084,3.06470572974107,2.94278612288598,11.072468352038,2.67695077589204,2.80390748122441,11.3889553455784,2.54615766520969,2.90882783615107,5.51572382449312,3.83711489441256,2.69692010916579,8.55964316972256,3.16168434918931,2.4974636829216,9.47368049106078,3.10363748905615,2.51475781473042,10.3188735470044,2.93553535531351,2.59569422496384,12.5027927073423,2.3162493886769,3.20993566469057,14.0677604247092,2.11600611298782,3.49255860624746,15.9091687388188,1.84527638961307,3.65596715003242,17.1798345173788,1.73031295334651,3.94163271200146,18.0649512329936,1.63082951548761,4.21477257200665,18.907654825043,1.43236649564557,4.44609330111204
6.37459412433939,4.53434326949719,2.75717419484286,6.67895083905821,4.54012231640146,2.69083238499997,6.93562236195187,4.51218684713475,2.66685612951646,7.3940836287787,4.33449176884542,2.33025655957395,7.56224841215856,3.80270694766728,2.60143896442325,7.54811871085216,3.18291985942113,2.50422697633114,7.7254404213095,3.20174452641854,2.50866181771162,11.3571512780304,3.39633128807188,3.44822359323247,11.7216460636655,3.40409121652745,3.36957188762547,12.0342755511826,3.39210013097955,3.21322366264745,11.7635841126998,3.36140139388817,2.63811735209966,11.3324377466649,3.06809054962808,2.93789241470036,11.06289157558,2.68118013510032,2.80200109746309,11.386744346606,2.551520741228,2.90553933725334,5.51123309260204,3.83420242079955,2.68163728901816,8.5423033708128,3.16404111549118,2.49322571248361,9.45638287082444,3.10642714068984,2.49854765328355,10.2998117090893,2.93576803344891,2.57773228203749,12.5058911124507,2.31725672634446,3.21420701294555,14.0523133224361,2.12022785468045,3.4871574214552,15.7260147843103,1.87416783274551,3.61360703025975,16.5993279309928,1.77389374652324,3.71164364230615,18.0577766464788,1.62968894269709,4.21056960918691,18.8996621761192,1.43371368122408,4.44161810385595
6.3751403317732,4.53432906413113,2.75782327251229,6.67838277414687,4.53939637562764,2.68982937258016,6.93443168592914,4.51131970288815,2.66719322600172,7.39084115028938,4.33352820119859,2.32318956812384,7.55122350991432,3.80237019636364,2.59793821194721,7.53884037986214,3.18165676073094,2.49945670604617,7.71769844221678,3.19943004689081,2.50475468809684,11.3602852333052,3.39837075204967,3.44686689673419,11.7222139011194,3.40465189043379,3.36620694257541,12.0351546211507,3.39163939438829,3.2107788626292,11.7613034654975,3.36391311742309,2.64319579117171,11.3282245752799,3.0717808077724,2.94179771796841,11.0546055283752,2.68310639653531,2.7996603067117,11.3746000444956,2.55805749057486,2.90548435284523,5.50629833376766,3.83507853123995,2.67270452043116,8.53177451909602,3.16573065614845,2.48820067950348,9.45565680094237,3.10544682839385,2.49224881227668,10.2952011310113,2.94018097443716,2.57657402930776,12.4695033784654,2.31649961754127,3.2136746971228,14.1230840180765,2.10927049196114,3.48917201842831,15.6775744786957,1.87658013383908,3.58622172012265,17.1136729757587,1.73014191827282,3.9165648016702,18.046516572743,1.62931346825149,4.20784432404629,18.8942590757179,1.43727065165526,4.44499714973855
6.37524418888087,4.53436944165382,2.7576757063962,6.69184209521905,4.5394138599591,2.69227947518561,6.93289603461956,4.51294651297611,2.6682377811394,7.38917800704296,4.33702473667041,2.32749849812493,7.54166627581553,3.80912361613058,2.60199305966572,7.53319392937647,3.18258287692269,2.49491273512022,7.71192672340107,3.20088273944072,2.50019239469576,11.3649304304638,3.4000964341962,3.44740389533295,11.7242777482729,3.40559205847744,3.36499774325778,12.0337042287241,3.38983407310905,3.20650486802966,11.7567313756248,3.3602527891193,2.64093095619289,11.3242832273334,3.07315928710346,2.94140194882808,11.0507333736214,2.68217390479342,2.80162411312365,11.374720770972,2.55926558687581,2.9067366013857,5.49777808034694,3.83043734334848,2.66924482909386,8.52325863823264,3.16780443816665,2.48761922397688,9.45047011126926,3.10710478195299,2.49640907926036,10.2979745640824,2.94034504042526,2.57880580099178,12.4632395199882,2.31451824179185,3.21258950755349,14.1453539007162,2.1079692702183,3.49549708573303,15.6333978166457,1.87615821759423,3.59413911570386,17.1662418366114,1.72753116520618,3.94077335549822,18.0505182780187,1.62877409006169,4.21185183407412,18.8897111247255,1.43727670940236,4.44563613712547
6.37608338769193,4.53375557387216,2.75728647691743,6.69166337418375,4.53914952045121,2.69194882527203,6.93174127619777,4.5140068070533,2.66829631394526,7.38933531939154,4.32806547936343,2.30972451576815,7.53754345468714,3.80610854435786,2.60068629602036,7.52948735758394,3.18182096136289,2.49340755870876,7.70634865119002,3.19997344093955,2.49789216020512,11.3668188464362,3.40677410338272,3.43827362243009,11.7224281730919,3.40550534805698,3.36289795066117,12.0332976770077,3.38990839058745,3.20848352563276,11.754246561152,3.3580457371488,2.64656530860032,11.3186907772009,3.07489147721338,2.94364513812934,11.0427015185347,2.68541144358591,2.80231888337795,11.3666442497355,2.56564208059345,2.90968704638527,5.49037198033425,3.82715506404135,2.66603327987056,8.52132359140175,3.17101273579287,2.48461036893982,9.44430894654616,3.11970756543435,2.48757543387282,10.2836909856783,2.94298083424837,2.57621123631066,12.4544989497233,2.31425195350554,3.21706348350534,14.1366962753682,2.10902881775875,3.49130568824994,15.6740655577495,1.87616729070512,3.58489965696553,17.1062386214208,1.72834888400504,3.91497420894375,18.0361634757555,1.62912331487842,4.20688669338427,18.8844316169161,1.43765950619649,4.44707573120682
6.37459547384405,4.53463065508536,2.75766405882512,6.67631894427609,4.53926048728957,2.69089080565468,6.93147483422919,4.51213531329623,2.66836802508665,7.39024441302877,4.32399651438438,2.305705570795,7.53700258457319,3.80709874914386,2.60348451808416,7.52598326547143,3.18062769795517,2.49404243680065,7.70113311346514,3.19930319484853,2.4978448039734,11.3636229379906,3.40546544803047,3.44078008317125,11.7212833002686,3.40500057906558,3.36689694186744,12.0321608571945,3.3897379533869,3.21063850895628,11.7486486229304,3.35396782921613,2.64652078631129,11.3115235492881,3.07415397151756,2.94163536628265,11.0380158110175,2.68567609040797,2.80469885198584,11.3634564506557,2.56563841826902,2.91155467168907,5.48192291153921,3.8295054612181,2.67114727696304,8.51893777158147,3.17188487160007,2.48468613699251,9.43393348727222,3.12053452863061,2.48824287142882,10.2717892415522,2.94080010745178,2.57602836635538,12.4488752176758,2.31602501578527,3.21710846167722,14.0135969416269,2.12949860372464,3.4656213118767,15.6583106590518,1.87616098732442,3.57996615825934,17.1602894277789,1.72662750293369,3.93941200102256,18.0339651198263,1.62886952911289,4.2085884236751,18.8761364483096,1.43843675456963,4.4452317671411
6.37506530846977,4.53479255010454,2.75628339907793,6.69118078486548,4.53774453449922,2.69252230672442,6.93185701673892,4.51121047254517,2.66872014610028,7.38812928225159,4.32343380552658,2.29951770584982,7.53706173509005,3.80710649716814,2.60326745159574,7.52407755251637,3.17938108893329,2.49678778018107,7.70054219702331,3.19747329715287,2.50017682904663,11.362547118123,3.40860611642655,3.43950845404068,11.7177374356637,3.40327073827632,3.36269811030759,12.0317356628524,3.39004400874869,3.20934619537841,11.7462686288199,3.35137697597342,2.63935441977309,11.3124366774155,3.07449936319972,2.94260279616433,11.0389405006759,2.68639128591872,2.80416169647035,11.3630706095504,2.56229877841837,2.90418476282313,5.47577499499001,3.82999441126153,2.6692825767191,8.51932000077313,3.16988363470068,2.48503894359419,9.43275290636243,3.11520707045965,2.48785660204482,10.2676342234381,2.93837507077416,2.57544295847653,12.4513486660679,2.31410889349416,3.21748239729623,14.1302629134971,2.10843813384507,3.49381667727658,15.6613997524818,1.87328812095232,3.57996397083891,17.1635374291606,1.72494222954236,3.94144006323359,18.0348275224118,1.6331717884224,4.21045662855525,18.8691462077601,1.44199707970216,4.44604936484134
6.3746169232642,4.53520559418362,2.75441581003699,6.67694969426718,4.54058085026643,2.69138920239721,6.93216827402746,4.51123441280004,2.66915525658009,7.38757287652207,4.33151664545345,2.31698110727886,7.52833370158807,3.8111193835436,2.60965071699184,7.5181170285402,3.17973247919899,2.49526598272421,7.69699383410599,3.19847153528153,2.49622901214764,11.3640441015098,3.41084095785478,3.435429449639,11.7159311821792,3.40248863060687,3.36573507139932,12.0307168733573,3.38814142123773,3.21019919453923,11.7407122553009,3.350118270971,2.64034390855568,11.3014309763002,3.08019153890708,2.93609715590534,11.0257629274643,2.68819380993935,2.79499909621543,11.357301894346,2.56251311568193,2.90473904079342,5.46784841286034,3.82570607770667,2.66609602942855,8.50542874186776,3.16697518458615,2.48833703749285,9.41370909863217,3.11478579714592,2.48902455397456,10.2504371011926,2.94690343533146,2.58286821893954,12.4817292903138,2.310440955783,3.21790143634981,13.9679021133878,2.13459565208334,3.47677975334917,15.6660975436629,1.87337739662265,3.57654116141225,16.785410742575,1.74360273116827,3.78547624222592,18.0324575219871,1.63217734565334,4.2107900083948,18.8620086076769,1.44412027686702,4.44790641549908
6.37426704919737,4.53561904311916,2.75458503234914,6.69137652446261,4.53763142018806,2.69342665395672,6.93368810257513,4.51030309041765,2.67011651377516,7.3895985235247,4.32387088818827,2.302773682615,7.52517115256199,3.80033925345904,2.59926078942022,7.50610603561542,3.17925891354924,2.49434845839164,7.68480500056934,3.19852194311024,2.49342701534873,11.359621924652,3.40119387592999,3.44137079699291,11.7157147478941,3.40070067026028,3.3644843379512,12.0309332761349,3.38671026009553,3.21092551109711,11.7403153189902,3.34987212362548,2.63713886962825,11.3013374646873,3.07959866348131,2.93368028295356,11.0201594164897,2.69037848019157,2.78998889235552,11.3547035971463,2.56181734764884,2.89871767011569,5.46332038556085,3.82572815719921,2.66573378305299,8.49101530836831,3.17014880319798,2.48743362098433,9.40365670867365,3.11608535007862,2.48366337644912,10.2453846550735,2.94597154085879,2.57947930957026,12.4705310269847,2.31360916732224,3.21602646250195,13.9673850439535,2.13365189723181,3.47276956134337,15.6750336203034,1.87125803724471,3.57886197909102,17.1551191811923,1.72192361354208,3.93930515665131,17.9191007136016,1.62681260941648,4.14307614517597,18.8552524871279,1.44689214201305,4.44677623970077
6.37518672747076,4.53569547637454,2.75244453821639,6.69081450956931,4.53685100190946,2.69457597914086,6.93386844349277,4.50999822332229,2.67094994142331,7.38952685737255,4.3227606527815,2.30524182444212,7.5202450867904,3.7991505715399,2.59729918739548,7.50160441649705,3.17943561983801,2.4940324753961,7.67931804756846,3.19894212928925,2.49212760780955,11.3594791789933,3.39914595000494,3.44148007461219,11.7160380379939,3.39877549015826,3.36443271399996,12.0298586814796,3.38434074492572,3.20507408554352,11.7359999238518,3.34821166762398,2.63337440608069,11.2970414932423,3.07862981063479,2.92857249916329,11.0159604773254,2.69115211574137,2.78482397588636,11.3509255814809,2.56267813458007,2.89716788605705,5.45903708220707,3.82869922460874,2.66708512005199,8.48628387128235,3.17020341684599,2.48624887003273,9.40439899419006,3.11258724216717,2.48924640323278,10.2325742053024,2.94506421786166,2.57587269468579,12.478849738209,2.31108822521898,3.21539923914499,13.9541443920073,2.1379388576578,3.47041894542148,15.6093135300897,1.87418475335491,3.58147026676891,17.1598137759868,1.72107100326802,3.94499614826755,18.0313011133934,1.63461286280541,4.21683646616811,18.8469921025701,1.44927606086397,4.44594393308527
6.37579537397531,4.53553309989877,2.75346291125029,6.68968605029859,4.53806730546514,2.69730790256823,6.93178112861338,4.51061054721861,2.67158971592063,7.38761320002252,4.32583966493533,2.30935665836741,7.51607831814514,3.80003756036918,2.59733077447634,7.50126346405008,3.18548063284052,2.48860603939603,7.67038002504624,3.20051936169874,2.48844153226266,11.3556196432246,3.38985804563245,3.43993754784242,11.713174762518,3.39644037862564,3.36532201695207,12.030640418904,3.38539114554112,3.20626372917069,11.7369578279211,3.34794820595964,2.63003115325233,11.294877857738,3.07619743444508,2.92155708943052,11.0100454729589,2.68922028691834,2.78073079926834,11.3525255375001,2.55948750692246,2.89185195300124,5.45450383449837,3.83461888916448,2.66725232275611,8.47037690558808,3.17239314791053,2.48138879010732,9.38848457531141,3.11343984281903,2.4914015968465,10.233839540438,2.93635398630764,2.56265334287693,12.4759663088154,2.31101251799548,3.21170091184116,13.953987873296,2.1399082479843,3.4706603808672,15.6832124081779,1.87085395381273,3.58176980028026,17.1587703600852,1.72350294416111,3.9466586824355,18.0292550288336,1.63515895302521,4.21662878198231,18.8414679485262,1.45146281436253,4.44472211403819
6.37512142016493,4.53681149132799,2.75359789123992,6.68959352351576,4.53776576583831,2.69744758994722,6.93366213157408,4.51051901053905,2.67002475033804,7.38712439392826,4.32538252933157,2.30573008353556,7.51222363313617,3.7990303945203,2.59365738061855,7.49695689149154,3.18548276504083,2.48805448856567,7.66773149743765,3.19843475917769,2.48774244877989,11.3562539869128,3.38361231185459,3.44232914917426,11.7147902376435,3.3964482905687,3.36609122249666,12.0299858465286,3.38513223221444,3.20257810568951,11.7321630761664,3.351205539667,2.63352562159874,11.2881482507868,3.07531503690212,2.91886740615748,11.0042334984752,2.68877746534571,2.77713604677884,11.3479087246832,2.56080967295852,2.88586083175642,5.44932486476865,3.83867758372836,2.67265108053233,8.47113230032368,3.1706960060419,2.47896427730081,9.38140913627254,3.11262542570334,2.49122149417874,10.2234148119207,2.93287890435101,2.56128706124451,12.4796409170013,2.30939722968981,3.21071229896901,13.8627460840513,2.15079044665735,3.47282504992928,15.6746911519948,1.87487448556779,3.5844094995555,17.1409797412267,1.73268600078496,3.94866600946208,18.0212503629216,1.63841281128898,4.21906207726815,18.8351336223771,1.44991775265247,4.44306759788337
6.37675293721354,4.53570496381405,2.75303362893711,6.68912998088097,4.5377126632713,2.69867214015065,6.93368215280079,4.51129221511926,2.67146187544194,7.3850887629227,4.32508499653556,2.30179641542924,7.50113169974136,3.80078999463972,2.59349024310367,7.48462005766681,3.18756772589378,2.48580606502794,7.65759885550081,3.20268236908861,2.48338142917535,11.3553567224535,3.37680652721956,3.44654479684145,11.7147412991828,3.39311781511514,3.365870191596,12.0291829881674,3.38522362195911,3.20445522716511,11.7345433806766,3.35226972566963,2.63255645721674,11.2867137681015,3.07596036139238,2.91230212869513,10.9955307541038,2.69028174314138,2.77102028847218,11.3412270795582,2.56064647735507,2.87849143797861,5.44487631898939,3.8439144833495,2.67543920161289,8.4593721426297,3.17441721824435,2.47522531883861,9.37191594251101,3.11860430205084,2.48478021784445,10.2207564006462,2.94387959446648,2.54994816121245,12.4858763558333,2.30332906795011,3.20653053978663,13.8524649265715,2.15515489102921,3.46982095115529,15.5709767972223,1.89393777928535,3.5855938867435,17.1297867094545,1.74007678307774,3.95023275346717,18.0144829557971,1.6397753156248,4.21706965309842,18.8328747550238,1.45065842717748,4.44287305773851
6.37940938507406,4.53466869185852,2.7519278298317,6.6908203270655,4.53607048419396,2.69809983994204,6.93461677631742,4.51238643687828,2.67236470646627,7.37985999270358,4.32442112815302,2.29003528264867,7.49063929339625,3.80197133948698,2.59246844895041,7.47392725649262,3.18678856201549,2.48450452067956,7.65589997283997,3.2057506425024,2.4968512258753,11.3575157282199,3.38080898255551,3.44341380861486,11.7147069927627,3.39558609288152,3.36610586236083,12.028934170935,3.38524319561596,3.20248793555517,11.733414819986,3.35002471567935,2.63448232934588,11.2851730160657,3.07975395256699,2.91131565095614,10.9945728278776,2.69169177655184,2.76690241484953,11.3398667668016,2.56437960185763,2.87286522163383,5.44208464653514,3.84518934321477,2.68110281455555,8.45071296522023,3.17514353676768,2.47315146827291,9.36612648767383,3.12289432258477,2.48002032089185,10.217466440066,2.95598614184505,2.56245211973865,12.4809629489179,2.30302911803579,3.20066093315124,14.1528825839761,2.11196361367713,3.47609239586171,15.5723499051972,1.89738997745844,3.58730022134843,17.1285902123344,1.74376967253854,3.95384584812544,18.0018037076003,1.64248498757197,4.21422455337857,18.8253702005259,1.45011182502195,4.44078987718001
6.38012248092843,4.5339089213836,2.75269463442407,6.69104106779053,4.53721892049936,2.69751533423551,6.93483454463666,4.51246018162255,2.67278859535257,7.38080054744934,4.32392457460343,2.28658130394596,7.4867903034207,3.80339730968277,2.59013002678653,7.46908363960288,3.1885298601752,2.48182103732225,7.64941867685314,3.20754758635498,2.49517421133536,11.3572426003504,3.38526842151576,3.43885981164206,11.714906398883,3.39789096515041,3.36509756400419,12.027316104703,3.38691421055272,3.20116994813921,11.7287940444242,3.34925339048245,2.63811781135841,11.2703880127357,3.07750640034958,2.90799687485019,10.9847463320245,2.69643651948393,2.75874273195466,11.331781303655,2.56771373519648,2.86476651633598,5.43559083662733,3.84758425637468,2.68347387775158,8.4412456484579,3.18051722543577,2.46974711676861,9.35803295753032,3.12459871994802,2.47518946255262,10.20493513068,2.95383053878625,2.55910963791938,12.4818862410002,2.30204011899432,3.19631422519624,14.1596198350089,2.11246716638394,3.47887382530762,15.7501352001424,1.87702986434097,3.64593901519801,17.11646952185,1.74789201852405,3.95153885154637,17.9937590898623,1.64388155217973,4.21085247310378,18.819498849188,1.45259931747027,4.44093484159216
6.37996309421081,4.53331438678708,2.75132648514546,6.69135793318022,4.53742363043453,2.69627432995795,6.93192806610604,4.52199534851943,2.66711179612262,7.37879728589869,4.32387453111995,2.27846515033423,7.48135427126914,3.80545449588407,2.58620966219908,7.46279878905445,3.19240724051992,2.47767546394825,7.64406071346786,3.20871821599922,2.49252044347225,11.3591023524815,3.38601860180434,3.43754528094854,11.7152633281006,3.39764776483632,3.36666368807197,12.0264043533743,3.38675721406879,3.19641548203152,11.7269322991357,3.35166636578508,2.63778159384887,11.2706433526465,3.07709737798134,2.90380774751192,10.9877879211197,2.6955822340953,2.7537243562009,11.3318240455845,2.56889491706874,2.86079360598552,5.42839205622633,3.85123181718504,2.68646844948309,8.43710528341142,3.18020334947012,2.46641617819148,9.35698457358572,3.12551154855458,2.4698109545915,10.2071888064771,2.95448590353944,2.55351172104968,12.5229859312974,2.28961518576199,3.20560185597136,14.2282102939688,2.10133431680739,3.49715824903569,15.5790907043647,1.90204719532946,3.590046983873,17.0435723335019,1.75757502433276,3.92371570284311,17.980268532806,1.64760376387855,4.2107115040619,18.8128203857781,1.4539763292198,4.44147548733609
6.37958825182546,4.53385876541731,2.75202512815185,6.68995499108842,4.53806935913216,2.69736816721904,6.93077194631118,4.5244691672503,2.66653710620731,7.37522437320577,4.32884433228378,2.27716606857245,7.47401456867114,3.80785755481643,2.58633505443449,7.4595404449048,3.1983721154093,2.46961201450565,7.63965261532272,3.21158325444123,2.48779469370856,11.3550896718316,3.38694002218631,3.43556382052572,11.7135126924298,3.39940450389668,3.36832553247298,12.0235155031346,3.38737984109274,3.19426083510824,11.7263508221975,3.35479326337166,2.63598392412033,11.2590522990968,3.084231853297,2.90354517659529,10.9751238076779,2.70301665860261,2.75135576417302,11.3163022623003,2.57384933429106,2.85488171500957,5.42131555222129,3.85703539170408,2.68407159560793,8.43068645170245,3.1827911199762,2.4616451700776,9.33820134914777,3.11699905374713,2.47317940500076,10.1978158428268,2.95635785727416,2.54842083728283,12.4216234453179,2.31261658916694,3.17987707777105,13.8719008436817,2.15630216113583,3.47637676614953,15.5709059245019,1.908376889935,3.58675536447054,17.0351260962642,1.76243264035533,3.92063168717362,17.9814153393695,1.6500261291006,4.21215067985381,18.8097352357092,1.45785437976338,4.44098628972949
6.37808283026235,4.5340463006216,2.75256360654128,6.68938153685455,4.53982862542385,2.69707531877347,6.93181741388153,4.52670269691249,2.66605146530873,7.36891233673739,4.33182453800976,2.27557594731508,7.46563039682181,3.80908355668655,2.58810623565764,7.44357357102106,3.20520693007424,2.46530669101096,7.62555372210271,3.21740476699212,2.4806290880974,11.3557234292108,3.39023772895976,3.43597102913668,11.7159676762491,3.3983521658893,3.36943145394648,12.0235376922554,3.38853275925238,3.19229451904272,11.7254158449872,3.3580265943082,2.63615722823386,11.2506729701372,3.08050809349931,2.88335241857606,10.9701019416906,2.70076746103053,2.74844260114791,11.3066270734159,2.57928384773762,2.84775495883359,5.41469022320002,3.86497544673382,2.6803485831834,8.41802704399041,3.18977615585173,2.45419024002439,9.32490794815219,3.1228472707679,2.46764411829779,10.1881962067549,2.96342065878266,2.53664813994019,12.4148640856667,2.31291157903374,3.17698496383129,13.8617729272482,2.16060490349054,3.47560775996754,15.5452577095831,1.90874174710245,3.56630019985886,17.0319131236605,1.76431918895932,3.91857351473871,17.9675689665195,1.65182057552165,4.20692978612756,18.8017228448649,1.46309182841778,4.43976329360723
6.37707163667776,4.53494499353101,2.75379925833941,6.68780101263325,4.5415573894072,2.69813379733749,6.92962459707963,4.52905871535339,2.66549895538295,7.36456906112017,4.33495425464567,2.26849383765075,7.45561025109578,3.81138524347711,2.58201025206399,7.43308007179743,3.20861805492359,2.45982213469517,7.61217245383059,3.22075695597471,2.47297537513903,11.3512636486997,3.39045715680925,3.43052961234944,11.7133826285684,3.39703571483495,3.36889085323111,12.0206092319048,3.38716641932174,3.19112582723552,11.72047555969,3.36146845216251,2.63469001526346,11.2449131079894,3.08639448568684,2.88553663542238,10.9667865881881,2.70476690709604,2.74717552433789,11.3023356574043,2.58045333255266,2.84608387536282,5.40759695649985,3.86494586419502,2.67462365446121,8.40499561091431,3.19260498886329,2.4501139319658,9.31823491502793,3.12171357205243,2.46543801959314,10.1883589758627,2.96598288644669,2.53271082249768,12.4011680198167,2.30198532073854,3.14511315464291,13.9362500041882,2.15453850182097,3.49541412521436,15.614497531694,1.91321764399985,3.59868615297999,17.0268058862255,1.76679038855439,3.91776982266607,17.9651592725188,1.65374945669015,4.20758437759345,18.7933816726635,1.46632057087559,4.4391216297094
6.37717462344642,4.53538507814552,2.75215697894965,6.68728327533638,4.54301216040508,2.69934108883897,6.92826236743263,4.53018731802076,2.66491936525962,7.36112619297822,4.33536064539741,2.25959699710983,7.44923993522272,3.81636494562863,2.5789053911319,7.42842591367982,3.21502113846918,2.45614106648589,7.60394354873879,3.22511482699652,2.46367608932895,11.3455941357727,3.38955886902123,3.43300001567512,11.7128613594214,3.39830846740626,3.36786900956183,12.0200209964645,3.38934576834535,3.18955967813325,11.7164864963617,3.3654997372074,2.63409262501878,11.2561758035843,3.08673413487707,2.88637711932412,10.9651925591703,2.70780197892199,2.74317950053617,11.3001579894126,2.58152621363288,2.84099428561315,5.39805893601116,3.86826907224281,2.67177907319686,8.40050056079417,3.19530915827319,2.44650740920991,9.31866818753628,3.1270317336021,2.45928276849521,10.1852994075828,2.97200857163733,2.53052224437137,12.3693355504466,2.31779901476529,3.13876549626685,13.8738793060224,2.16107044314643,3.47526406941272,15.5867134766114,1.91882675529732,3.60128803371809,16.7480543497455,1.78579336307257,3.80883664403524,17.7702660478781,1.65020202237384,4.10132882088306,18.7803149498024,1.46771494561204,4.43877391696696
6.37741665093466,4.53475112383011,2.75167666484015,6.6883697006276,4.5438351063565,2.70022128348001,6.9271107029979,4.53258339294134,2.6674830996527,7.35736639267584,4.3367241070099,2.25938233121512,7.44196522306382,3.81845200054122,2.57252156355709,7.41985517516305,3.21644770408587,2.4505150972749,7.59788482293289,3.22787110022084,2.46287406993155,11.3409773819832,3.38754565395968,3.4362514500662,11.713755492043,3.3959640109116,3.36881425633687,12.0188771358766,3.38883002926726,3.18839223792578,11.7146068464458,3.36698031715852,2.63633959740676,11.2482844544101,3.08517038271299,2.88193880064543,10.9630467567147,2.70874348417731,2.74036932460843,11.2877857720243,2.58170593096967,2.83944158802632,5.39298680036741,3.87246215460737,2.66960161513506,8.3921753040894,3.19735816396978,2.44447894097318,9.31731828089377,3.13005556388578,2.45824150896821,10.1744306790436,2.97278321020932,2.52792407223508,12.3543958292141,2.31836756845483,3.13444629781148,13.8565299627369,2.1736882017805,3.49467079545969,15.6108766556217,1.91107462667118,3.59921213681271,17.0181667185709,1.77195134099826,3.92104737424646,17.9185457451773,1.65681029411755,4.18848594667662,18.7702199605421,1.47019031921176,4.43886772504185
6.3831866023805,4.53101747422876,2.75084598578377,6.6870987387328,4.54319033159962,2.69952803598442,6.92754166881833,4.53382956578091,2.66618869460723,7.35319297332121,4.33776206505247,2.2560434683881,7.43308422346283,3.82574779460839,2.56482585993142,7.40834279540613,3.21677126887538,2.4538961565102,7.58778565104951,3.22984725954233,2.45626706642733,11.3388987613178,3.38408401996262,3.43690915935641,11.7141802842098,3.39690448410222,3.37150230898311,12.017229331433,3.3877686060616,3.18512138049248,11.7032001511057,3.36526854018476,2.63886178842003,11.2374720420727,3.08385001473319,2.8869942553474,10.9496092030146,2.71584416648375,2.73252464208201,11.2703675059714,2.58887628275044,2.83021087068759,5.38487823812658,3.87216783663593,2.66553572078879,8.38734548706009,3.20135112516098,2.44083160962836,9.31598867024404,3.13208713922511,2.45236666662576,10.1710854491442,2.978114081033,2.5226603775868,12.3393758316937,2.3222990488789,3.12826649103569,13.8104432126304,2.17600615786289,3.4786241918735,15.5660676411181,1.91228338386766,3.57022276718662,17.0123937390683,1.77417711156056,3.91840928095539,17.8835028395229,1.66000529148473,4.17190385513755,18.7581603194631,1.47099655504547,4.43626259037968
6.3834594200238,4.52894645445782,2.75069055993166,6.68768756972509,4.5417205606971,2.69933487484912,6.92934690245016,4.53213982583288,2.66454133382225,7.34657671313945,4.33656482059069,2.24894669324264,7.41814230897794,3.82813285731942,2.56501101960928,7.39871510830952,3.22024938400088,2.44971668545402,7.57745044324297,3.23464138593902,2.45145192709265,11.3407327628135,3.38466601346583,3.43751337183002,11.7146530540039,3.39495967883961,3.37346167591171,12.0162253922913,3.38584229779002,3.18349347475279,11.6964791094031,3.36662507614261,2.63691048185809,11.2264088175133,3.09060885038791,2.884993062893,10.9342939394478,2.71946687537312,2.7276853700186,11.260125214016,2.59115425840038,2.82290720565823,5.37437823915751,3.87171306993998,2.66512791554573,8.37090028945221,3.20372550989595,2.43826806365734,9.30054258962314,3.13178115317647,2.4333454651093,10.1558982827759,2.98549263976039,2.51852297888308,12.389764529867,2.32764942816389,3.16075735204013,13.8129720671252,2.17537593322711,3.47701699208556,15.5555488148528,1.9151696291918,3.57103310784351,17.0133032477993,1.77721803543379,3.92119885692131,17.9058288480326,1.663561201145,4.19068181669383,18.7464380719029,1.47594473511443,4.43475483947628
6.38414710566314,4.52939554069946,2.74974026379151,6.68841459696645,4.54069474062164,2.69912327097823,6.9276292098738,4.5333306120312,2.66619038310942,7.34341014330167,4.33879618566951,2.2484029514443,7.42008868020367,3.83283768181834,2.56088944127592,7.38137294392374,3.22756921593158,2.44288057006513,7.55767584949593,3.24319448238078,2.44350757549627,11.3332776460776,3.37595193876551,3.44266160456011,11.7124284830959,3.3945500148864,3.37696240399325,12.0157262306902,3.38507379127549,3.18361485126816,11.6938216518891,3.36676479724116,2.63766661357967,11.2209556704704,3.09254451330428,2.87666516108734,10.9231055107271,2.71790024925211,2.72432799470813,11.25387563969,2.59383830950581,2.82037763679582,5.36844296935012,3.87305065354617,2.65947489784705,8.35841637216013,3.21396516718131,2.43297780971957,9.28019168026338,3.13398990750932,2.43113976485007,10.1507861079693,2.9845112659121,2.49892140581529,12.3299637941942,2.33126490551718,3.11933930317763,13.8006296058103,2.18313219424523,3.47421245372884,15.529071987754,1.92069064790346,3.56670368408536,16.9940931563115,1.77910275774473,3.92009603678633,17.8928743240654,1.6656871365557,4.18767881181859,18.7364020068123,1.47893833003281,4.43313180428769
6.3857766278912,4.52665151677359,2.74981886560978,6.68892598393584,4.54125474255067,2.69834337770502,6.9280520637362,4.53736287594227,2.66529301299755,7.33076174893651,4.33509776550148,2.21956187615718,7.40458570598578,3.83549184026904,2.55662465057275,7.36464375047807,3.230900258984,2.43407547270194,7.53978078284585,3.24526362999171,2.43537974481024,11.3331521692242,3.37538916909707,3.44336149394004,11.7116422550667,3.39473475675917,3.37644805075498,12.0165558020772,3.3803790077994,3.17667072733067,11.6839564481923,3.36635177031645,2.6324246095261,11.20998062453,3.10268069413594,2.87676383771893,10.9160662761518,2.72787900957057,2.7211327727638,11.2402894717648,2.59860373798217,2.81325806809509,5.35838273061751,3.87708006001576,2.65219942392117,8.34580101682116,3.22575853195673,2.42254348685649,9.27115723564394,3.13956292800603,2.4256625738784,10.143582442596,2.98695972115658,2.49693164785791,12.3372150336158,2.33706269342602,3.12129677555007,13.8007717739187,2.18329225315838,3.47461928334519,15.5351984185336,1.92019637931207,3.56974454948361,16.6145134603462,1.80111900474616,3.77081701389437,17.8927319848652,1.66579812188847,4.19006059807488,18.726770700772,1.48114194236451,4.43196979727745
6.38610980384552,4.52537014621587,2.74941843140714,6.68914535464126,4.54163271422314,2.69854509068995,6.92782736083941,4.5381589291111,2.66332372858208,7.33122205991332,4.32884287790607,2.20627731176529,7.38924974082449,3.83627325956011,2.54807706486119,7.35600656583638,3.23824119403369,2.42665925579926,7.53141491397205,3.25299405861961,2.42978101860793,11.3369818621968,3.38104489127868,3.43836266298568,11.7120182054218,3.39150991273503,3.37975627354898,12.0136902200746,3.38096782082112,3.18005184168233,11.676236713392,3.36247173310348,2.6383197128858,11.2080731201425,3.11303539961237,2.87778381768715,10.915522624897,2.73447586024913,2.72004260363591,11.2376755074272,2.60575695665957,2.81050921494914,5.34871644432449,3.87764331406132,2.64718996293434,8.34447524565542,3.22794871272549,2.41522912852152,9.27019564608931,3.13785992325455,2.42787453430203,10.1417702389842,2.98388485911912,2.496441524008,12.2991135750739,2.35143506693536,3.11401193813882,13.6894155114675,2.20197493879986,3.44211954418402,15.473223061149,1.93261019225013,3.56821849680939,16.5456217254606,1.80909800053968,3.75160861774642,17.8840434784638,1.66825144211616,4.18937558904695,18.717507924144,1.47914122366945,4.43544471177403
6.38598493328209,4.52387613174698,2.75099960880995,6.68989111411694,4.54156003695221,2.69898755354199,6.92978016789081,4.53968720924295,2.66187644261929,7.33168305233077,4.3297321798016,2.20286869513764,7.37285378741099,3.83890464021435,2.54755773659416,7.34289739050781,3.2403094445244,2.42521337914835,7.51434491749444,3.25564203248032,2.43147059074574,11.331345654143,3.37096626850438,3.44730971148345,11.7117164556171,3.39138584095097,3.38171312415268,12.0105405942328,3.37943360272727,3.17838699440525,11.6672329324696,3.35855471771752,2.64142985182512,11.1992775727021,3.11185024746174,2.87593980111461,10.9022535897674,2.73572027445366,2.71443167126891,11.2229934325623,2.61111280930809,2.80582098401179,5.33816223048394,3.87632763530546,2.64145795587903,8.33618349905148,3.23189894910287,2.4124898454768,9.24807954912781,3.13754205567773,2.42836539320685,10.1295281384614,2.98716912331827,2.49279067139518,12.2914138622737,2.35382042349685,3.1085728008089,13.8067752393084,2.18582858594016,3.47533188297715,15.4765667330855,1.93488564846282,3.5690343983919,16.5427837087749,1.81072297196116,3.75181060046573,17.8597004127657,1.66973048169167,4.18208324925508,18.7082486866242,1.48397051130613,4.43437317833912
6.38532528978314,4.52255446702728,2.75342821428512,6.68950273333231,4.54231427292657,2.69755942873358,6.9289998618118,4.54023384785636,2.66100996812829,7.32911706871516,4.32772090087767,2.18912654275261,7.3635657631845,3.84432479153956,2.5418084039441,7.330085100643,3.24476014888391,2.42143629825924,7.49924424725502,3.25973589110899,2.42756121408909,11.3414830409298,3.38199828129384,3.44307217697104,11.7134483392958,3.39253376629153,3.38281755842641,12.0075189887225,3.38330035465718,3.18126125765736,11.6651049338193,3.35796956478924,2.64412570413674,11.1934130225378,3.11876352002173,2.87142510159376,10.897866917196,2.74426653773348,2.71305835598906,11.2200998559197,2.62043381485065,2.80545754308436,5.32528736892992,3.87384175229908,2.64003811656725,8.3257952676677,3.23708843665864,2.41172552724081,9.23456273354696,3.14438734677242,2.42589335054385,10.1188200782762,2.98930230144994,2.49119461155138,12.3067558507596,2.35410619148364,3.1121365985634,13.7802422962673,2.19291992392088,3.47199980195462,15.4151049334656,1.94094621331123,3.56408154148553,16.5350051387149,1.81367690333645,3.7557141395275,17.8413784989353,1.67110893047153,4.17723644462374,18.6969866517677,1.48619722092947,4.42750527773814
6.38515605674943,4.52254030633888,2.75534831658371,6.68777476426219,4.54418566668347,2.69842496190367,6.92671104282523,4.54311640758152,2.66063908637353,7.3235544281518,4.33273739306612,2.19079365994834,7.36819653818647,3.8472231718356,2.54338138072463,7.32011119239132,3.24957553852078,2.4173267799269,7.48857359292862,3.26425395389141,2.42097089475685,11.3444512618744,3.38154031830811,3.44448421793505,11.7139552089076,3.39340327111244,3.38305216385562,12.0043935014955,3.38309049750356,3.18254724895505,11.6651053613494,3.36599560806804,2.64819097890547,11.1877188116152,3.12441004260788,2.86585039228571,10.8945126962683,2.74955548712007,2.70696442501996,11.2153696525627,2.63109365137479,2.80400925007956,5.31191821306628,3.87193765122603,2.63556693375532,8.32182032949733,3.24526812103407,2.40664670892407,9.23009803674222,3.16101695354931,2.41414641805728,10.1146204627366,2.99349676172934,2.49034874378537,12.3604339994946,2.35167993258843,3.13690089567821,13.6960450354523,2.20144772430383,3.44204362109579,15.4665079661642,1.93952018504433,3.56588758260441,16.5570059701888,1.80996311142788,3.76249065658046,17.738056749187,1.67001174809942,4.12509718171466,18.6888634643058,1.48762751231473,4.42580635628052
6.38618835769059,4.52241763942206,2.75566334011156,6.6892365199925,4.54405352332743,2.69767778911881,6.92847910515863,4.54316612459298,2.65694843663797,7.32063117889386,4.33407060936449,2.18752235563329,7.35917702813517,3.84088995517097,2.54347438590936,7.30489363261977,3.25642813123023,2.41306230429064,7.48065780455674,3.27638431648906,2.42305884203716,11.3471932220666,3.38191285869396,3.44454166545148,11.7149182566601,3.39056873474989,3.38394270020678,11.9996933961208,3.37988704898339,3.17640333742282,11.6454709934153,3.35603029018789,2.65377016287337,11.1723604327485,3.13397109896115,2.86481122154187,10.8734059390517,2.75893829718622,2.70279813390755,11.1970093664365,2.63522638202407,2.79812773868877,5.29941752924673,3.87260363318489,2.63578992705557,8.31596975870189,3.2529018743813,2.4010012364798,9.21367010455332,3.17293299494089,2.40698823296372,10.0917644161949,3.00089223234151,2.48905865632246,12.3500446416602,2.35840685062521,3.13123847571119,13.7842837355361,2.18987252902216,3.44735662547042,15.4132418852952,1.94556801562241,3.56704969773315,16.5393328794648,1.81387389112109,3.76291987861258,17.7378625814462,1.6738474604955,4.13353188584088,18.6729759778237,1.48545008974637,4.42503983298598
6.38764656145815,4.52194401133826,2.75761230580796,6.68984546544733,4.54497504558266,2.69772131406734,6.92975765947354,4.54251167487207,2.65643819283247,7.31610219397655,4.33671769177021,2.19100906003418,7.3512451499765,3.84436787444463,2.54159367098621,7.29955239289599,3.25509118896451,2.40586835426777,7.47193000836064,3.27790619924098,2.41736012648302,11.350597918523,3.37188172299653,3.44977837846211,11.7179945074855,3.39043611218989,3.38400815090671,12.0001689019203,3.37834577654236,3.17120258705114,11.6401705508504,3.35668858100846,2.65606564080454,11.1612404271803,3.14372507061131,2.86202777753397,10.86487668543,2.76471184053163,2.69661380114042,11.1889880772222,2.6404709231132,2.79255516076373,5.28568315903192,3.86891269462968,2.63944590090919,8.30763575665195,3.25708375139534,2.39980610376107,9.21862860383343,3.17508734437409,2.41737972120855,10.0813035412078,3.0050657925034,2.48834327073678,12.3500510514448,2.36371061532228,3.13817878153433,13.9524609765748,2.15937250636312,3.45804491475916,15.3980480764009,1.94436146103742,3.54953172903598,16.5190577556564,1.81578397547919,3.75493774016561,17.7247249988602,1.68091718140575,4.1293748414734,18.6563100523646,1.48740254306133,4.42623051020806
6.38425337061974,4.52252536869184,2.75822645419086,6.69090714492497,4.54466834882512,2.69809369076041,6.9293862594116,4.54246279458083,2.6581595263786,7.30980495933188,4.34151695226441,2.19860647224597,7.34694779202001,3.84711999423751,2.53897864554932,7.28882697861603,3.26033486139677,2.41264746563829,7.46341759776438,3.27889360683475,2.41912224552485,11.3614499279401,3.35849390585672,3.45685172052679,11.715560776074,3.40372599485115,3.37717051588818,11.9990850236245,3.37844972853706,3.16912664806012,11.6307324301733,3.35486033235927,2.66480918456187,11.1475913237039,3.14932510684944,2.86418250557566,10.8484750352827,2.77212467204783,2.69375740107066,11.1786479789317,2.64274245051529,2.80250177402811,5.26935410403298,3.86732237361199,2.64733555459027,8.28861535182564,3.2655269462871,2.40082790873262,9.19993586586994,3.18040146963937,2.41747591817605,10.0691780014105,3.01539877499202,2.48092234202663,12.3475790093321,2.36492020985242,3.14203694909672,13.9707886370598,2.15724383511978,3.4551509382186,15.3973153031888,1.94651157303252,3.54765742675169,16.4992986517677,1.82425915344658,3.74974695453589,17.7132984542176,1.6831394304876,4.12549298767965,18.6416809027393,1.48883433912857,4.42612019161124
6.38929818794146,4.52164549124171,2.75762060652079,6.67926367755254,4.54790999458048,2.69363736080005,6.92992717231536,4.54466229836705,2.65951678486457,7.30160743536604,4.34366179884315,2.20058272792365,7.33308569236347,3.8498760320181,2.54073517421236,7.28916496897631,3.26677812991505,2.40957586529895,7.45127816961447,3.27943490896223,2.41732635428768,11.353216662156,3.36074473845697,3.45304876560059,11.7171408615402,3.40286639611211,3.37669428600856,11.9978336498105,3.38101021972984,3.16347276420027,11.6279745371014,3.35758542594979,2.65658025357109,11.1360883043094,3.1531432107183,2.85908446427552,10.8414606288554,2.76556997510977,2.69816358774532,11.1731691256653,2.64675253353172,2.79668323311453,5.25930109373421,3.86859859362325,2.64668539584024,8.27983062895153,3.27521805344867,2.39696201272742,9.18460757522487,3.18038555669657,2.42123199848883,10.0584335699586,3.0178674020962,2.47808944567016,12.3390402930726,2.36941632345157,3.14438966372674,13.9860366794647,2.15880614060866,3.46032465392912,15.4265374017544,1.9473149189641,3.5702648918254,16.8473011038769,1.79848257622203,3.89302192495835,17.7857749405399,1.68897969809729,4.17190227503734,18.6318871506558,1.49104434436164,4.42410682174615
6.38737671182241,4.5232528736685,2.75853210500147,6.68106645038689,4.54807343398067,2.6930581139386,6.93114681516207,4.54587586056818,2.65890088174045,7.2942379267609,4.34409808896422,2.19642268371173,7.32307819072224,3.85505986016756,2.53614605357943,7.27582808896434,3.27536460778744,2.407155899631,7.43808581779723,3.28448045545259,2.41710560877558,11.3547755295401,3.34692533794021,3.45968460361046,11.7174591269829,3.39689348647,3.37945264016842,11.9942802521419,3.38109151866336,3.15900059040233,11.6186571941912,3.3667362207141,2.65468891606098,11.1203714687968,3.15736181770511,2.86032391980092,10.8225163927334,2.76837825322128,2.69655610592972,11.1565121592815,2.65052738678543,2.79209671889363,5.25018966170615,3.87061096423253,2.6467944531268,8.27676770036858,3.29535745339795,2.38321659361461,9.16496119143068,3.18687029858204,2.41896169281839,10.0437779909842,3.02452591358382,2.47490883224537,12.3352063829876,2.36809549452976,3.13571076135546,13.6686279473201,2.21091600753508,3.44292325978768,15.3615055234099,1.95057835314269,3.55065774357716,16.8358952959595,1.80025841594202,3.88929726876695,17.7054564681275,1.68941292139498,4.13483702629357,18.6236850836352,1.49658106116642,4.42088451774352
6.38671760840873,4.5218371583537,2.76104515153627,6.68201801334406,4.54734392486682,2.6929499074115,6.93300395346619,4.54533895540284,2.65829697283341,7.29188114900306,4.34539840728773,2.1955495152471,7.31115058192318,3.85513083066744,2.53842328511526,7.26658058339123,3.27672584536357,2.40490164916613,7.42989549744264,3.28441190540139,2.41462195685093,11.3605559333526,3.33444759700962,3.46964189488878,11.7164278074124,3.39491380721579,3.38199017588576,11.9904607993857,3.38212590311657,3.15584118385311,11.6119212431996,3.35413615709563,2.65325627801843,11.1130740552281,3.1572695369521,2.85962020326873,10.8167748566385,2.7718108315283,2.69504781879981,11.1568270575609,2.65127973167855,2.79005495716528,5.24044659263773,3.86573680666337,2.64997480085969,8.26890784865289,3.29388055156453,2.38248583513034,9.16478633047052,3.19422134535319,2.41695901995692,10.0352987259324,3.03571592219568,2.47132043828801,12.2952320400635,2.36667493156471,3.11203198560893,13.9898809087821,2.16150143823457,3.46209647373255,15.391021098445,1.95348131362445,3.57320754644367,16.443358957432,1.82989444566161,3.73374508079118,17.6954981302597,1.69147835410572,4.13048667377835,18.6144886289391,1.50055436792513,4.42009379013452
6.38816348529991,4.52290748010724,2.76263675040669,6.68201678128914,4.54798389840722,2.69196221274506,6.9339107082583,4.54345782756113,2.6564835504476,7.293660265631,4.34510352168476,2.1929364784938,7.30198733680271,3.85872987397026,2.54068881717739,7.25406344913319,3.27933792670749,2.4065203943719,7.41981318876565,3.28486137794965,2.42067453995266,11.363270472771,3.33408524059464,3.47224422716206,11.7183496598138,3.38806962407193,3.38395825095956,11.9871604908178,3.37681520103842,3.14408392981048,11.6019507040375,3.36074189824058,2.65448506957597,11.1031877445719,3.16573722124747,2.85521287337856,10.8042297972881,2.77548372111524,2.68776355255535,11.1331904126408,2.65588678018915,2.78929827754944,5.22570573483801,3.86394487400717,2.64462462004872,8.24175607563267,3.27464218288233,2.39672889569253,9.14970982700932,3.19859097588908,2.41755253097517,10.0297740344969,3.04826395912442,2.48327777541062,12.2497623331842,2.3764850476675,3.10474536298632,13.9976097514445,2.16051019523131,3.45897598570951,15.3645638402819,1.95254975806898,3.55120111414647,16.439321808758,1.83150581162586,3.73567431779075,17.7001844011392,1.6926339250016,4.13917964655165,18.606228702759,1.50584044063081,4.42093816525857
6.38639515864321,4.52233745643641,2.76368846034718,6.67998777286947,4.54695064499768,2.6923141835279,6.93414911775251,4.54261444834375,2.65365371042229,7.28728503674068,4.35744483972187,2.1848236283677,7.29390906560519,3.86709195250779,2.54335672386639,7.24926728225205,3.28330347673657,2.41013176362722,7.41365482830141,3.29168776553169,2.41694446890584,11.3596988758078,3.33469214221731,3.47220585700426,11.7167446879302,3.38847161504497,3.38419080966569,11.98302483692,3.37678222749353,3.13779716013387,11.5917488987397,3.36279289874317,2.65065331363298,11.0891603702165,3.16912509735843,2.85463676726978,10.7934719217748,2.77989783398824,2.68828072121971,11.1231547445654,2.65972932418567,2.78770160139443,5.21101665707265,3.87156327888968,2.64618315737596,8.23324581483433,3.27963560483575,2.39473565272099,9.13818470887098,3.19785382616144,2.4193299469798,10.0208534038126,3.05466173641601,2.47879955429848,12.1981831026163,2.38086367210349,3.07630498387415,13.6686813005591,2.2138462963649,3.44915144083674,15.3579218054578,1.95418346494676,3.54954698241502,16.8209886996126,1.80468563861775,3.89388264481058,17.6932589745021,1.69426620841671,4.14061034753487,18.5953125599982,1.51156836180715,4.41978369135408
6.3874547479081,4.52203168740844,2.76387222672684,6.68137602279204,4.54990505164016,2.69170177219269,6.93292837487714,4.54572213630305,2.65352860700873,7.28794192388521,4.36185133672387,2.18454279616757,7.29082783858512,3.87754702001464,2.53820854720786,7.24241672705272,3.28838680458978,2.40549593788808,7.40431921986524,3.29708946564264,2.4164513620006,11.3581519647219,3.33158137499679,3.47332311628871,11.7133421390933,3.38956728070471,3.38468803000064,11.9798041517623,3.3783080725899,3.13974776720946,11.5886468971429,3.35524737845819,2.65006521064576,11.0825671850504,3.17105927683845,2.85731437237334,10.7948543873042,2.78148613042015,2.69310142702172,11.1174294034075,2.66109445143426,2.78740377622116,5.20130409032424,3.87860936952595,2.6444666787552,8.22545237682333,3.28138504888759,2.39573989106086,9.13290824632218,3.20804696520883,2.41506569453823,10.0195036669559,3.0612103667985,2.4781906214476,12.1786093983382,2.38429140067704,3.07116329504939,13.7421673678525,2.20678222547589,3.47087253050392,15.3577862563542,1.95464913365842,3.54729296561861,16.2506748806195,1.85525987993252,3.66625682809516,17.5891800868218,1.69334057121329,4.08754482108092,18.5816821721395,1.51632158716848,4.42000512874203
6.38698073579777,4.52360045769871,2.76448389549282,6.68224695654643,4.55017152035592,2.69265999040937,6.93175041413764,4.54726725400343,2.65446685058605,7.28444380329713,4.36623614922397,2.19130072985298,7.27690709343113,3.8817623303771,2.54595686236454,7.22629413438879,3.29497164968645,2.40196753687974,7.38648316350123,3.30251868081344,2.41056019780546,11.3613550577408,3.33590163099039,3.47248159409567,11.7144173847537,3.39069423160555,3.38428094321418,11.974247014125,3.37638585855163,3.13242094235856,11.5749208653987,3.35655823659942,2.65708207262202,11.0647978169934,3.17557371613161,2.86019636778087,10.7782758164825,2.78489424324007,2.68904096332083,11.0996988228673,2.66530427543474,2.7837016521654,5.19091683325848,3.87920027911906,2.64603474493215,8.20813006968687,3.28023077487732,2.4001004680544,9.11878526418985,3.19791849583047,2.40805996653798,10.0013837652171,3.06445072943065,2.48012796265262,12.1292492209249,2.39273198459634,3.06476549673672,14.0342617912134,2.15611454072881,3.47813672630775,15.3742665080799,1.95061090188208,3.54943250517146,16.8090926291753,1.80957711630615,3.89356566945032,17.5644686894593,1.69523499272156,4.07794511618354,18.5660467721843,1.51875949751154,4.42108395044408
6.3850301085454,4.52670001527184,2.76764015545742,6.68483231345936,4.54858884257851,2.6911315362334,6.93475976289387,4.54754622220346,2.65362700349961,7.28481531106678,4.36811606564444,2.18548353928183,7.26353185657217,3.88185735667625,2.54772957891399,7.20699413141863,3.28900666026559,2.40922351210309,7.37030434004956,3.30555829530268,2.41437456425695,11.3674143142746,3.34321700536099,3.46999946777544,11.7173121614332,3.39552293482367,3.38134533312169,11.9729265593036,3.36769789793375,3.11293387036064,11.5677755515123,3.37032029291694,2.6529871190882,11.0627547676709,3.17248097329812,2.86629717871309,10.7826836262784,2.78883055623517,2.68917121892264,11.099434145688,2.66816077858008,2.78353067738277,5.18028102649649,3.88683708234151,2.64981542485039,8.19331198244237,3.28463696730296,2.39985937450714,9.1133588898728,3.19931172229431,2.40763702322948,9.99764243467168,3.06787224469746,2.47954352962428,12.3171368632983,2.3714200387765,3.13723035372568,13.9669870675104,2.1664800450488,3.46614237064294,15.3633168271077,1.9509775981951,3.54488174344032,16.4165990850086,1.83773553993849,3.73237521747228,17.5734402415874,1.69621721191841,4.08342353885724,18.5499662245145,1.5194188121741,4.4184517047268
6.38631044008023,4.52747291134963,2.76602802996442,6.6865793121949,4.54730396228612,2.69059932329178,6.93401295401337,4.54888277901788,2.65399323065479,7.28206624747235,4.36528529536622,2.1763655759932,7.24530739198439,3.88148849537838,2.55031001864782,7.19179625715085,3.29404103103144,2.40833193420535,7.35298819512505,3.31152398841937,2.41443675907865,11.3694320329995,3.34601621542596,3.46928093096829,11.7199817308012,3.39501342868147,3.37849862560759,11.9688388232157,3.36644067121922,3.10922340307713,11.5580482445461,3.36805484850012,2.65678584188263,11.0519799539085,3.17672722545073,2.86343448218243,10.7631574132883,2.79385447774713,2.68721047166144,11.0846132963373,2.67118429293256,2.78113323636177,5.1657091187011,3.88837886821309,2.65865884804475,8.17464330006693,3.29085147408208,2.4035894823652,9.08741179258383,3.20401209956567,2.40767006539272,9.9732404480053,3.07069203237156,2.47442110191746,12.3245799814679,2.37266754767172,3.14166791965757,13.9685463644111,2.16934744515229,3.4674515728455,15.3904444321726,1.95432404545521,3.56911001663854,16.3953513887881,1.84150130592916,3.72858474763102,17.7004598351969,1.70290551703972,4.15844354387171,18.5356997304547,1.52332020115598,4.4182643335281
6.38835857577856,4.52660560564007,2.76695580602838,6.68745763926179,4.54678553900017,2.69042374388423,6.93646697373298,4.54648245297129,2.65339901328452,7.28295456407324,4.36640515827556,2.17761857516402,7.23865281708652,3.87645923414832,2.5499992471496,7.17273817972987,3.30102302582269,2.40672623022395,7.33161231620169,3.31773963100461,2.413591623148,11.3704455023387,3.35027270546638,3.46865710007356,11.7205973533256,3.38281026878118,3.38974642997334,11.9624096436725,3.36624329542659,3.10638461384998,11.5437072010508,3.36538051878397,2.6610469156046,11.0339618238269,3.17937964165891,2.85594772817318,10.7479092270027,2.79770649689586,2.68528904033178,11.0699353349897,2.67649168231339,2.77853942186987,5.1541526436017,3.9024651749529,2.6622964282361,8.16866391463749,3.29570681745548,2.40111107551729,9.06851944520366,3.20380565047481,2.41198062129326,9.9599426647302,3.07043865746398,2.4778832551984,12.2338359876812,2.3823482504274,3.1063045107966,13.9665230851984,2.16754458711656,3.46830804674561,15.532599994053,1.93414091737565,3.61241681698888,16.3528979442113,1.84402274008193,3.71356284175235,17.7001116620842,1.70441762356547,4.16352637986862,18.524322044423,1.52431673136951,4.41644111853063
6.38988797354137,4.52564380732712,2.76762329729471,6.67880934648135,4.54933940613983,2.69272013157364,6.93878565687927,4.54394543294555,2.65378822527449,7.28521657776019,4.36724638304517,2.17878823916772,7.22275128020469,3.87796310706201,2.55099546403154,7.14922787981439,3.30905081277823,2.40837728584921,7.3091891379764,3.32389714451329,2.41457787963018,11.3733633060938,3.35370941781675,3.46653603714971,11.7268643411107,3.38078977078865,3.39162722360278,11.9592883971507,3.36515461240509,3.10582679586844,11.5366592360383,3.36576726026808,2.66862739113881,11.027623951368,3.18891085785332,2.8524812058779,10.7373809627001,2.79445357255398,2.68952015508892,11.0620339138534,2.6830027954884,2.77829802336381,5.14443772619471,3.90564196828285,2.66452179121183,8.15507575320427,3.30469949157426,2.39616845448401,9.053527237019,3.2014881910297,2.41424968952668,9.95331718603952,3.06573574965635,2.47118485647624,12.1411630014563,2.39643543700677,3.08197514195861,13.4879771434593,2.24451688047306,3.42050381314817,15.28750634073,1.97317453140727,3.53875992182951,16.3305242220881,1.84913934784531,3.71054200112509,17.687937642804,1.70813689201646,4.1599042788351,18.5128846507914,1.52141211405453,4.42059940261961
6.39049380488068,4.52197863020294,2.76799521565741,6.68091208630999,4.54825172779284,2.69314651311164,6.94097081934317,4.54134265724742,2.65159126559693,7.28931240301655,4.36740592475011,2.17188250407614,7.21250630993475,3.87727549377092,2.5471191754142,7.13253763380784,3.31419040593877,2.4120560749801,7.29343206106082,3.32629657287412,2.41614482514628,11.3699933335435,3.36494731094473,3.4628780372108,11.7278137046836,3.38512381780493,3.38863365831114,11.9512456383801,3.36310022641972,3.10126908293323,11.5156466407898,3.35702751679074,2.67303212510473,11.0039272217095,3.19332430011318,2.85722962865053,10.7158700240673,2.80016327832296,2.6823679728467,11.0387750866913,2.68785309907462,2.77282492335916,5.13076874211121,3.91672922901887,2.66593587252863,8.15111115584041,3.30538271066008,2.39782631526914,9.04378716385972,3.20735945139555,2.41367506917091,9.94048451484612,3.06802487492288,2.46876971622584,12.3124189081061,2.38091450205703,3.14887295927369,13.4908005446216,2.24457512897846,3.42382893556176,15.5090438128553,1.94069733927293,3.61218603195941,16.3733274512786,1.8459290010154,3.72853376686649,17.5333007438694,1.70790391261653,4.08017312577015,18.5016961683734,1.52547211406423,4.41739856044155
6.39119699119586,4.51928358265118,2.76707681375821,6.68031203199308,4.54545644137215,2.69356773192108,6.94238484277191,4.54078514059227,2.65087659638589,7.28930998269077,4.3652884058663,2.16756579091449,7.19882018101305,3.8796036001529,2.54450417550559,7.11858725520276,3.32232275329085,2.41289250273532,7.28963455719291,3.33548381050512,2.43092786602193,11.3648097498515,3.36853787108501,3.45987335493523,11.7254408136967,3.38848826704599,3.38441358898384,11.951991869364,3.36470092045939,3.10693223855696,11.5178704390243,3.35672559189743,2.675428635186,11.000481565683,3.19537628332561,2.85650720691048,10.7130402240984,2.80016497068194,2.68806590924804,11.0390274133712,2.68814692542032,2.77580149039303,5.11910592321415,3.92741096300178,2.66587541957687,8.14220956214713,3.30562931920247,2.39918740832803,9.03424099620693,3.20613565950016,2.41694316911959,9.93447441209733,3.06929742901841,2.47333465409945,12.3145269775002,2.38147411880687,3.14595325804471,13.5983304786625,2.23268843819928,3.45902899739624,15.2198324295123,1.98199724041469,3.53561284363609,16.7629180136448,1.819207083218,3.88468315899018,17.6421984197932,1.71165334303046,4.14378130804485,18.4883620430798,1.52820215366129,4.40974885239883
6.38851960849565,4.52203068703033,2.76677784808507,6.68000024256626,4.54677335569049,2.69070647759687,6.94465389431057,4.54102213865696,2.64870078466922,7.28788702282995,4.36558997763617,2.16108582899179,7.19107315859745,3.88498232491843,2.5409500525854,7.10674520045088,3.32910393118356,2.41280451741542,7.27779699197081,3.34206281742005,2.43241828823157,11.3681887883991,3.36083936968018,3.46208728051969,11.7257750334838,3.39188762978135,3.3843673432686,11.9479996285911,3.36700379153092,3.10998828017234,11.5092711346617,3.34843879596101,2.68007572957975,10.9987758473223,3.1922657673168,2.86175057996938,10.6997276858849,2.80483633132843,2.69141800020909,11.0326787187271,2.69004928055336,2.78059795134199,5.10285078863015,3.93660285125215,2.6666013032533,8.13305511060907,3.3106112934294,2.40096152394559,9.02400619931284,3.21851206103352,2.41143567271717,9.92950476822321,3.06965448351401,2.47852267742715,12.2975941387463,2.39515032735854,3.14401032953685,13.7181379558122,2.21231442448787,3.47712339609101,15.2240437918311,1.98038196508128,3.54078703369711,16.3699927374898,1.84485432279244,3.73131366305718,17.5394615226652,1.71036782574582,4.09202839708535,18.4746051233005,1.52837155765987,4.40802896955184
6.3865567544125,4.52197584487244,2.76438493059377,6.68078199349061,4.54673845586758,2.68785124020638,6.94640682751943,4.54064559315977,2.64616661369466,7.29347737665619,4.35960056914229,2.15204306377341,7.18469659807867,3.88297601974078,2.5385432264056,7.09737406347733,3.3281849878529,2.41781591495141,7.26678190638725,3.34091284457844,2.43459375286603,11.367699212829,3.36302336261954,3.46192897383211,11.7277039848631,3.39726103880512,3.38270061042154,11.9362794800475,3.36534451310678,3.10175004911627,11.4990555775333,3.34908596676955,2.68934312092635,10.9866158356823,3.19932657824923,2.8663881251818,10.6987353156389,2.80882081541543,2.6905256242648,11.0193823202872,2.69472101426301,2.77947407490308,5.08984260605098,3.9455383181427,2.66542540547612,8.11837938855411,3.31133791813623,2.4052166262774,9.01563660790198,3.22524996050187,2.41149376240858,9.91605471336513,3.07100317300721,2.48070090306561,12.2799491503255,2.39836862633479,3.14405622774023,13.5928099993456,2.23546998877111,3.45649774548221,15.2220624037904,1.98362225495722,3.53957758055869,16.343806224046,1.85100140409535,3.72998416663786,17.6164230026947,1.71983041870922,4.14499030864629,18.4585856951449,1.53056364133626,4.40443604209398
6.38900001502754,4.52185908868898,2.76279479920308,6.68256332818619,4.5474885125499,2.68694652467568,6.94689243123743,4.54282964274899,2.6462362296383,7.29331451364437,4.35954981107466,2.14787398643704,7.17833356130614,3.88604983788614,2.53802048925807,7.09222336629531,3.33102567673179,2.42152557756873,7.26035281201739,3.34337646314762,2.43500138423346,11.3599706503849,3.37432451189021,3.45451579013099,11.722547390934,3.39779002998011,3.37998280509007,11.9289194332191,3.35565674074756,3.10491554375378,11.4843737724437,3.33883782872375,2.69821492529026,10.9688336802895,3.20404751313765,2.87431944600154,10.6893973109234,2.81519457017879,2.69286769421792,11.0065196808758,2.6942520110941,2.7834670205797,5.0766275915916,3.9590111121578,2.66656176567801,8.11170123033573,3.31054188063425,2.40896565569343,9.01404303558676,3.22601860526491,2.42121591030489,9.901201327459,3.07154982615208,2.4836999666842,12.2455929663837,2.40180005756021,3.1335648856043,13.5121269616036,2.24079996100072,3.42942280806586,15.222150439469,1.9841081425476,3.53239512717312,16.3310234046086,1.85914858669415,3.72887915569972,17.5152436645245,1.71832620554426,4.08664208097981,18.4401924282771,1.53311892791817,4.40455681750885
6.38844752242164,4.52192144115653,2.76059385875052,6.68100247083839,4.54646468091127,2.68527712899211,6.94680313887716,4.54070206483695,2.6444936954519,7.29088328809929,4.35468539826782,2.15103507053349,7.16810450482072,3.89196633501394,2.53480671764375,7.08574480677415,3.34436042400587,2.41837807336975,7.24414164995601,3.34680795227349,2.43848385838815,11.352260633089,3.37726560067788,3.45133675657807,11.7199148671813,3.39884462592112,3.37762731563244,11.9256701052772,3.35042448879222,3.09979913453706,11.4688052915105,3.33386781068393,2.71015660404437,10.9477648056856,3.20384887742352,2.88219078381679,10.6658890547903,2.82245490451022,2.69105867959625,10.9809021636456,2.68709854951182,2.78556058938871,5.06234766030728,3.97280220110052,2.67026974209606,8.07895287803944,3.32114454196775,2.40791213675082,8.98492567297421,3.22085051657635,2.43636492900944,9.87758753964944,3.07454809854014,2.48402577626942,12.2034278943854,2.404023280874,3.11580110285166,13.7941210433317,2.19198882412852,3.44070309042686,15.2125459417951,1.99034956655754,3.53584252052678,16.3317754468697,1.85974509791818,3.73375610458457,17.5001343669493,1.72319464569582,4.08304033162085,18.4274393467508,1.5383563067869,4.40280170704152
6.38800873835807,4.52222202648028,2.75912749240505,6.68260893324126,4.5483029768024,2.68415533582996,6.9505058657759,4.54003602813306,2.64291868096218,7.29091413388402,4.33847495780866,2.15178845220186,7.17028842351229,3.89148437300139,2.53585568433544,7.0707311673405,3.34570106901817,2.42001094103988,7.22737324552351,3.34603249250339,2.44457274447535,11.3488014501807,3.38157771652907,3.44824043306414,11.7178303852624,3.39903400676067,3.37429240472532,11.9181488643194,3.34518190136998,3.09167795928366,11.44290903734,3.33010890649816,2.70989440710734,10.926417035404,3.20580948181982,2.88465957017855,10.6478475046331,2.81893862455872,2.69860911617382,10.9613092193194,2.68918585046531,2.7874454351293,5.05149821871537,3.99233030455131,2.66800637952517,8.06601165607961,3.32120809374604,2.41224358363256,8.97393509045128,3.2292487919833,2.43626025566774,9.85799716319294,3.08183514319122,2.48075582565464,12.1770594515949,2.40501987224065,3.10966163179872,13.4884108686334,2.24565900743954,3.42825770244872,15.1799123202765,1.9907109267323,3.52806386060293,16.3194591365843,1.86101531835314,3.7282522247207,17.5033091568717,1.72550418000552,4.09057767598716,18.4163937575277,1.54281579974566,4.40396835766852
6.38823422077249,4.5206777181935,2.75528505197307,6.68374197478871,4.54753952949081,2.68180153313898,6.9515468950579,4.53869315114257,2.6419034835294,7.29841870868617,4.33194119285035,2.14513577025874,7.15720647782639,3.88690181880485,2.53703389934028,7.05888769431632,3.34505086787586,2.42222102911251,7.21164712743811,3.34909750859669,2.44798242712974,11.3531552997562,3.38890188719484,3.44739479947036,11.7190898561326,3.40275282268028,3.3723962662407,11.9097405202511,3.34340444753414,3.08327422328645,11.431371042741,3.32464811555808,2.72309812816567,10.9244624833728,3.20283506100972,2.87797365693206,10.6295659290654,2.82320629388011,2.69837136059484,10.9543263936895,2.69060947063281,2.78680903174698,5.04002776984413,3.99923661622185,2.67297073893342,8.04857094391763,3.31932829187158,2.42073179479942,8.94517943916707,3.23564045777692,2.44399948925773,9.83924847354819,3.08822885620327,2.48173844828939,12.2607812436144,2.40550974370557,3.17389150622952,13.4576242843424,2.24845248058081,3.42059400823161,15.183904582252,1.99236140289737,3.52976847773338,16.0780312838532,1.88978438157488,3.63397399798262,17.5036190613341,1.72855225386875,4.09072047550836,18.4075391426825,1.54880574217399,4.4058636389266
6.38795936933562,4.520679795006,2.75452762363016,6.68296061411061,4.5476498684263,2.68369702930767,6.95056085179245,4.54182922234161,2.64425384807757,7.29661005296818,4.3264460666005,2.13450532235953,7.14504134788837,3.88489368855028,2.53327389591997,7.04141687270317,3.35218058718042,2.42786767058369,7.20309550233029,3.35569376604263,2.44954501713402,11.3502930116255,3.39358086525274,3.44729048015426,11.7178091402666,3.40174515187415,3.36625086196685,11.9002938270061,3.33958962168533,3.07874964305885,11.4240499939668,3.32163251509646,2.71806096848254,10.9151732518472,3.20146468016592,2.87877465804406,10.6169167148838,2.82403427225077,2.70053392314203,10.9448951983494,2.69258595823736,2.79305837845023,5.03046690741298,4.01468825666161,2.67275631152226,8.04722953430959,3.3132709213548,2.42852020793229,8.95064002459912,3.234866785664,2.44304842260281,9.82844089988958,3.08852861448987,2.48687339977953,12.1992969069256,2.39798680255702,3.12423946586808,13.4763188864321,2.24690689148077,3.42853923261042,15.1896863187631,1.99440780075643,3.53078210710975,16.3248420275882,1.86375405891203,3.72607203046236,17.4910082809587,1.73059720847785,4.08598274416281,18.3929825894178,1.55776883107258,4.40447785109221
6.388490135902,4.52113114841655,2.75308216946898,6.68242023413816,4.546663124506,2.68339520713863,6.95095234976467,4.54121928026946,2.64314236644102,7.29696122317679,4.32419247810795,2.12926079321851,7.1391731186984,3.88696370095299,2.53205231404506,7.03307912287078,3.35725300494798,2.43347556186681,7.19449865055385,3.35677499840946,2.45186832118833,11.3515093089677,3.4099932514078,3.43480283212716,11.7157845336086,3.40605347654618,3.36513836612167,11.8974523409374,3.33795112155347,3.08695960910936,11.4175521533416,3.30833181658569,2.72488009633653,10.9186672970154,3.2006440516908,2.87998826268539,10.6244523111058,2.82103695130017,2.70654006681009,10.9494438658843,2.69942929992092,2.79471985245527,5.02007950655966,4.02893020201212,2.6686287525292,8.04196767358895,3.31094819115693,2.4351186712056,8.9556566579963,3.22970985264625,2.4508509174724,9.83530249198121,3.08817198189648,2.49195235384679,12.1807074522941,2.39953348631642,3.12407752885661,13.4651539481806,2.25040971877764,3.42401070203396,15.1582603691101,1.99347178433318,3.50682065014896,16.3128365141047,1.86388973251477,3.72291421259032,17.4725788794932,1.73326599456218,4.08217647903443,18.3793573544143,1.56404611284872,4.40714712189402
6.38686994479926,4.52126772538309,2.75044471416045,6.68198104645008,4.54742124009836,2.68386706191205,6.95166894355958,4.54195396562534,2.64289731468069,7.29474051881074,4.32417811534961,2.13098602640914,7.1298867347989,3.88866996061168,2.53828503463871,7.01743973636909,3.36090817710876,2.43465425002866,7.17557523459279,3.36344505708352,2.45287168468124,11.3542498683014,3.41148340992414,3.43549940589302,11.7115987902614,3.40610969280742,3.36640606235763,11.8875055270864,3.34870601023246,3.09880917089659,11.4044783820351,3.31269355112243,2.731323089936,10.901555876311,3.20383967157378,2.88308216152261,10.6086407766409,2.82393440369061,2.70420774603457,10.9375205421025,2.69947499915707,2.79539199275805,5.00402659451945,4.04275573607672,2.66688694090731,8.01824779019612,3.31176662270631,2.44321552962155,8.92762552857255,3.23128660782486,2.45590951003251,9.81394551051073,3.09583493421326,2.50122810652246,12.254689902254,2.40780961820167,3.19069030039522,13.4726066377543,2.24573929619902,3.42611799542449,15.155252210201,1.99598811258398,3.50479230007689,16.3035416748396,1.8644773516123,3.71850189952477,17.456674014329,1.73404224228162,4.07753392377414,18.3636069551374,1.56625428470973,4.40773428116052
6.38401176893306,4.52009045501165,2.74674239518114,6.69010507658103,4.54400545256109,2.6874515772097,6.95126162340259,4.54401285026416,2.64197256304342,7.29219321227003,4.32162912018982,2.13044173852061,7.12502789885611,3.9048511792013,2.54330377837365,7.00628460545804,3.36442560480342,2.42766914798717,7.15968419276456,3.37249507337911,2.45070858678895,11.3557957002678,3.41516612385721,3.43515718775224,11.7075932247783,3.40675009319047,3.3678023414255,11.8794228451208,3.3492570233487,3.09705716655315,11.3837618195674,3.31052282238835,2.7399610284187,10.8801299242406,3.20743618239422,2.88511250553978,10.5877390754985,2.8278322024794,2.70211559925671,10.9156435584328,2.7034718122029,2.79115765773249,4.98895185923194,4.05604469780861,2.67262149678593,8.0006000137773,3.31658872080257,2.44583451752723,8.91054142403757,3.22849100863369,2.44746548339743,9.79563642937706,3.08930609349115,2.49611484226951,12.2396066711482,2.40694714630223,3.18589378556048,13.4648890121438,2.24752897970367,3.42727550224126,15.1678967460329,1.99418321805044,3.50645615569931,16.2070048198201,1.87298131539285,3.67336984236296,17.4522278709118,1.73696222490322,4.07619823700558,18.3490252788595,1.56702387399588,4.40866838112134
6.38313311545423,4.52048939166047,2.74474691971662,6.68996647174713,4.54469701738007,2.68835658456486,6.95151767439099,4.54200391493995,2.64241950023771,7.28925816219802,4.31977953933035,2.13421409121232,7.11556347809564,3.90679407561296,2.54152066950185,6.99445420763816,3.36791678364352,2.42929083760479,7.14852301406775,3.37728746004894,2.45225901741927,11.3583123924277,3.4096878441137,3.43887605139818,11.7128127907677,3.39990727018791,3.3628039411675,11.8721041533787,3.34537860630136,3.08812949538529,11.3760345066403,3.31116765885457,2.73708455970383,10.8618930703773,3.2109102461948,2.88291787018692,10.567671145661,2.8304625461028,2.70091225753632,10.8954641808219,2.70520852178754,2.78798843866403,4.97619018050411,4.06886700531202,2.67346807288938,7.98318358644614,3.32106684351487,2.44935833419597,8.89802362557716,3.23261527081239,2.45463127241851,9.78536282783992,3.09399960860457,2.51678457548119,12.1569055846168,2.39921450585965,3.13205726759713,13.4185348979043,2.25179105486725,3.43118786412549,15.1776089560659,1.99984584654709,3.52182381286922,16.1876095610383,1.87983475685034,3.66860246122411,17.4415422430844,1.74055094107275,4.0749274590069,18.3324799248497,1.56900869249569,4.40421308848238
6.38480411292806,4.52079531420056,2.74403671793514,6.69193673017356,4.54584679372135,2.68629719460231,6.95323937795521,4.540930241911,2.64185451990586,7.29286516983505,4.31104260783859,2.12231007928505,7.10119162297436,3.90988655232028,2.54068181130752,6.97476148954914,3.37441600992537,2.43158719492318,7.1275050893945,3.38299752173873,2.45349810208517,11.3585187074921,3.40903067856958,3.44008311736031,11.7175114319506,3.40847536607356,3.35652560209125,11.8600559633486,3.34432431508357,3.08331809776702,11.352246211865,3.31576309689901,2.74509951945193,10.8399180394578,3.21668997052544,2.88175570773733,10.5443063165848,2.83820454661347,2.69186179969982,10.8641065544627,2.7169533388372,2.78242769748539,4.96920538119798,4.07875858114368,2.67724266411479,7.95791041794149,3.33083254392902,2.45687498522534,8.87639583151667,3.23300124788471,2.45560434772172,9.75939799677969,3.08255182399396,2.52764664414343,12.1373632806313,2.39789108197297,3.12621029338984,13.4438101797387,2.2545661391616,3.42554022769486,15.1517398537309,2.00249493577005,3.50201763952081,16.5064346300298,1.85892558743492,3.80393289173701,17.401850611531,1.74106612865064,4.05405897126655,18.3201112600896,1.57144624294514,4.40326194826319
6.38783070623634,4.52033485705703,2.74427851516689,6.68070800869438,4.54898405410327,2.6838233357199,6.95454562827779,4.53919197163778,2.6396067088162,7.28705298220469,4.30987306367451,2.11761190493794,7.08881487905553,3.91121829732517,2.53728919433452,6.95745416254727,3.38246473956782,2.4316027436506,7.10648780870306,3.38789300692846,2.4461801850683,11.3564891141494,3.42280923968456,3.43111291054039,11.7186483383049,3.40564546942066,3.3543583189444,11.8496939303421,3.34075322201799,3.07358418579011,11.3330045022131,3.32122106679626,2.74721794736214,10.8103320933396,3.22044444411428,2.8759925094896,10.5234519016728,2.84436745310477,2.6960470485732,10.8422395632087,2.72157192825356,2.78077969746913,4.95805012280693,4.0868763192321,2.67558789826988,7.93771437761904,3.33173879897083,2.46043242899667,8.84940655837039,3.23686503244806,2.46053234550182,9.73214201835544,3.07926960156785,2.53177323169566,12.1280805437638,2.40123547549548,3.13770668687818,13.4063988767082,2.25839108346526,3.43385008947626,15.1374496955486,2.0079929741723,3.50523727762085,16.1777864347901,1.88244880419611,3.66667611861756,17.3952362113652,1.74589007411591,4.05539618777934,18.3111172118691,1.56803197821612,4.40294952227257
6.39078365280276,4.52204862813494,2.74507107253781,6.68306802933018,4.54869291274828,2.6836955879643,6.9555655950517,4.53735812665483,2.63655178036072,7.28502072458674,4.30653385508165,2.11068961360253,7.07137133136347,3.91262199139602,2.52845849017514,6.94462798215613,3.38492368557407,2.42986994253925,7.09686395836639,3.38954005910053,2.44538046863978,11.3554408005057,3.4229887837047,3.43261374049207,11.7165743967005,3.40225209992575,3.35468416360247,11.8409769454896,3.33465064871547,3.07225886160995,11.321872034199,3.32913454964952,2.7577303245108,10.8023106042643,3.22698361510784,2.87392863820332,10.5095365613745,2.84585412356572,2.69766651846186,10.8304885582681,2.72211533402249,2.78283094482414,4.9454733418778,4.10338116164693,2.67497468574188,7.920562458878,3.34452449198492,2.45652087990789,8.83468565648,3.24059129752016,2.46263709914701,9.70698173963118,3.07905665854685,2.532257583603,11.9391242405707,2.42325313163828,3.07802649592298,13.2850814317294,2.27654894313315,3.39957444858672,15.0354021888005,2.03052714223649,3.4934180882424,16.0717151172065,1.90164597024236,3.63810300581072,17.3908915313636,1.75124070298148,4.05701166381457,18.2991538193843,1.56988193301793,4.40157849014505
6.39081100830532,4.52290671367325,2.74627730824843,6.68342717401052,4.54991750859334,2.68431391579103,6.95568496270758,4.53647577389344,2.63622180493069,7.28266248711048,4.30629384651542,2.11858856429857,7.05876864689633,3.91441082903588,2.53040784492097,6.9272828160641,3.38473406410135,2.43627774256763,7.07903474898315,3.3902846813179,2.4495969578186,11.3502762304723,3.42548764040841,3.42792078063347,11.717824879417,3.40178836854753,3.35201814196662,11.8366891303208,3.33453685954273,3.07256916625466,11.3112739172672,3.32491718075367,2.76461670580927,10.7905383122748,3.23084583633076,2.88164183116171,10.4881917701327,2.84493401277789,2.69463607550766,10.8143321530614,2.72564096087142,2.77772570081561,4.9337394236027,4.11469326620996,2.67205856973972,7.90743937668315,3.34613254725852,2.45752512596529,8.81804952386609,3.24233045067745,2.46456337089988,9.68680046343555,3.08635774143843,2.52654116269208,11.9196534522899,2.42630760778518,3.0744636980929,13.2842303426885,2.27862218434089,3.3992628879856,15.0356499089597,2.03510458368041,3.49468571094303,16.1169381640114,1.89847871580173,3.65873324131998,17.391903086927,1.75476338211022,4.05826771869546,18.2855656353143,1.572020309789,4.39249049757627
6.39449593265368,4.52292205547791,2.745573950146,6.6851116783706,4.55010263253474,2.68223294875617,6.95595080156334,4.53527005831037,2.63672131546817,7.28219659988384,4.30560360109849,2.12077699899666,7.04532660127907,3.91543502019822,2.5281525298024,6.91762093304848,3.38889847474601,2.43264056495773,7.06852859510087,3.39204417556935,2.44887865537993,11.3497609632454,3.43011248621528,3.42536316240059,11.7183517406021,3.4042993440664,3.35128240833401,11.8288666222138,3.3366110133797,3.07230836859678,11.2829144286215,3.33082261539718,2.77917697443963,10.7774669166558,3.23769753545865,2.88317221402012,10.4702968900891,2.84933485649686,2.69357126928185,10.7966069525866,2.72975969597727,2.77803543571909,4.91942039327224,4.12655398337566,2.66799804926611,7.89889188646454,3.34888079200673,2.45906852430841,8.80895875477515,3.24652811947462,2.46594962289515,9.67329000004321,3.08419549300107,2.52933741315448,11.9596969261755,2.42808467474157,3.0920985043141,13.3094694498824,2.28168225297622,3.39148404330896,15.0311677656682,2.04158678380608,3.49558238465232,16.1240160392934,1.90012897002946,3.65945730565628,17.3579131761219,1.75856799341334,4.04145551412197,18.2732288120416,1.57304535275327,4.39228346304778
6.39370267463719,4.52366522636716,2.7462851150126,6.68564352997214,4.55169003301389,2.68372451719624,6.95544968665202,4.53377401614686,2.63762888173729,7.28120462560646,4.30371940261017,2.12733131406946,7.0340362891923,3.91592491350906,2.52337796310513,6.90360321344215,3.3882664651293,2.43270577233315,7.06643582197688,3.38841794137974,2.45040780468367,11.3500403884314,3.43403962245792,3.42147319035976,11.7162409291222,3.4048100711751,3.34804875993964,11.8192516526706,3.33568070192331,3.06390469332793,11.272574107913,3.32525281568423,2.78063187126903,10.7686837007262,3.23562717728279,2.88578307785843,10.4580974977587,2.84731543550219,2.69536661315106,10.7866201711852,2.72582990347193,2.78130269339882,4.90916031041515,4.13850208443399,2.66415230117107,7.88435775835222,3.34253779902721,2.46303348315948,8.7972722226998,3.24649988905532,2.4659679472649,9.66253112663178,3.09265688814557,2.5281877387451,11.9061923055659,2.43955003700728,3.06915993665915,13.3321038037578,2.28041581517039,3.39922515403045,15.0772154692269,2.03762949997243,3.50879616989731,16.4793456405356,1.8800434595624,3.81406691091446,17.3752009413172,1.76208346451373,4.05501062813971,18.2577591223067,1.57394144958285,4.3890667436673
6.39458897456367,4.524007588351,2.74447900639462,6.68698878561273,4.55227707209511,2.68415303852199,6.95379133743311,4.53380970490148,2.63871279404979,7.27676965393265,4.30435684941601,2.12606535607802,7.02899070844294,3.91329004133494,2.5244959670635,6.89077395919277,3.39310240087865,2.42915749825395,7.05083898383813,3.38626120720835,2.44994997370148,11.3497864709381,3.43225426721173,3.42053456497494,11.7080251910584,3.4092890138423,3.34320490829557,11.8055939309416,3.33329592366186,3.05503660537622,11.2705273493771,3.32065990931163,2.77862885245475,10.7493884015085,3.23437832381273,2.89743823782448,10.4378530535697,2.84521770309032,2.69488032050314,10.7642143416901,2.71932361278689,2.78459227527041,4.89728252429292,4.1465775725054,2.6622785283529,7.87714252022777,3.34192278933118,2.46157832060164,8.79229912817645,3.2506279679568,2.4631004075347,9.64837354462971,3.09137868861783,2.52896289062228,11.9152460125812,2.43974042109942,3.07394482031067,13.3230172346511,2.27852361623739,3.38004982966088,15.0257425820323,2.05072683030263,3.49489658870369,16.0386594533106,1.91809624736837,3.63607476513839,17.3457604295931,1.76763293468152,4.04294567313572,18.2426091273423,1.57590461403001,4.38850989863974
6.39675643456031,4.52511616663257,2.74479979216999,6.68712752021223,4.5520412107148,2.68637633291165,6.95242737522565,4.53220361945118,2.64088305091676,7.27325006691237,4.30599314131554,2.13566188603031,7.01410800565561,3.91364192976571,2.52233353109281,6.87164762437222,3.39819212095216,2.42656134480747,7.03101948561817,3.38904888135785,2.44764288183049,11.3596029418021,3.43614281153891,3.42062789467557,11.7093527253003,3.4095356381639,3.3413140100063,11.7951026496916,3.33254547903723,3.04679152225276,11.2583424894802,3.31709236375385,2.77690821824625,10.732689203757,3.23232396531086,2.90161535596282,10.4270801172519,2.84429415343877,2.6944141015243,10.7495378448409,2.72059110229125,2.78688342212459,4.89017322194452,4.16682343879109,2.65153641929635,7.86246055945375,3.34051040662888,2.45890446389347,8.78024297092269,3.24946008261127,2.46445979073638,9.63314081334836,3.08975271669273,2.5301752818988,11.970596456962,2.43612723903288,3.09831001142064,13.2824500226583,2.27980728108002,3.39854794151526,15.0201343324863,2.04878770472021,3.50478055054735,16.0481797946211,1.91952758029767,3.64052638804253,17.3329533325373,1.7782394186018,4.0439317394727,18.2277187005049,1.58107221908951,4.3883962310758
6.39590928059088,4.52557568318406,2.74637470525216,6.68694924124487,4.55311412293816,2.68856709887754,6.95168366779928,4.52908027469719,2.64413723245003,7.27128164068893,4.30644272689119,2.14450010196691,6.99739656427341,3.91317319723761,2.5224376087525,6.86442099682133,3.40316949660427,2.43355931216298,7.01819426262865,3.39286738870271,2.44433126047556,11.3658485658789,3.44111304576551,3.41761298284355,11.7128401966273,3.40784613502909,3.33518538208813,11.7893377908695,3.32613126698226,3.04679216297475,11.2506883150279,3.3168710375844,2.78091630732371,10.7236459863427,3.23400653893892,2.90036522435922,10.4181657249925,2.84711948701041,2.69584591392958,10.7438665453442,2.72191435401653,2.78726896344256,4.87632090227947,4.17143618221835,2.64818573456365,7.85049014340866,3.33946858423579,2.46015066086666,8.75949032737455,3.24029981698521,2.47581634049366,9.6204401551786,3.08688840079517,2.533839393053,11.9604693627347,2.43711915819571,3.0993728896775,13.2739681676863,2.2803262283987,3.39587244824935,14.9995984455053,2.05700345076621,3.49826005145638,16.4365629902858,1.90165662660034,3.80531176831707,17.3259676347104,1.78458948713579,4.0415244040913,18.2189526918723,1.58912625350292,4.38471467790528
6.39595601796591,4.5276376367503,2.74751807061761,6.68763830343676,4.55341898090035,2.68970598161601,6.95337000882754,4.52773055908471,2.64163941724675,7.26747372577917,4.30369069806134,2.14421153393269,6.99322945718615,3.91546899460356,2.52501857710503,6.85987889369019,3.40093484649036,2.41839675538581,7.01923777361732,3.3928654716165,2.43971309335384,11.3642453703786,3.43517212151125,3.41919613877489,11.714073429033,3.40470114362654,3.33194128840344,11.7733229519238,3.31927905296492,3.03525970212764,11.2294974256234,3.31246635151411,2.77839307566562,10.7074752484616,3.23802571184232,2.89962908074663,10.400759986205,2.8474396802502,2.69528039729406,10.7179946167472,2.72293228622837,2.78374027697729,4.863791875168,4.17696688255533,2.63883872756336,7.83745175862942,3.33875990802444,2.46102597732881,8.73611512336959,3.24261857307622,2.47596901393295,9.59928849061466,3.08730241230656,2.55026330976914,11.9513262720381,2.43695914005422,3.09881342267267,13.2393192696084,2.28532880529535,3.38788092617301,14.9833745406617,2.06094538964387,3.49374782414081,16.4247288962048,1.90715459629674,3.79674745580761,17.3094071694501,1.79126918137221,4.03592484445936,18.2115898130704,1.59477258450109,4.38532869717169
6.39486511644549,4.5309814889138,2.74683326771083,6.68858321210437,4.5544146501385,2.69127187455386,6.95395042968776,4.52817692618604,2.64134913029787,7.26539412646422,4.3072150459822,2.16118724580532,6.98954997526463,3.91644745616692,2.52280444261648,6.85212604999518,3.40550846733443,2.41671894999158,7.01107951489753,3.39865604520728,2.43633631579113,11.3578151726402,3.43459017182996,3.41922712075882,11.7100865423563,3.40707920634756,3.33284216745872,11.7661281876383,3.32402386363462,3.04150399369679,11.2228077399113,3.31484266438675,2.78731661569649,10.7034011167757,3.2405490513274,2.90760201845243,10.3899866103098,2.84668662419361,2.69515977193785,10.7050768996172,2.72275543285545,2.78292677916648,4.85263894938889,4.18653842131125,2.62547503761246,7.83344968531171,3.33261448562202,2.46228895724725,8.73565884672042,3.23715862358182,2.47822419033817,9.58068709761935,3.08525626900432,2.55090904344146,11.9354958002163,2.43993601580627,3.09732664615975,13.2164096840266,2.29337989257876,3.38096072626555,14.9828319765977,2.06858570818898,3.48460777116499,16.4267671363279,1.9090756449012,3.79570303762113,17.3093121354025,1.79564692952725,4.03391441351822,18.1992196777293,1.60154900867885,4.38447139632526
6.3977394710439,4.5365427622825,2.74537364512316,6.69067366002366,4.558003383587,2.68902864036417,6.95523917236768,4.52862585682435,2.64286919210595,7.25770873850628,4.30788440776667,2.16321640756622,6.9769077550288,3.92267306002966,2.51698544629558,6.84343696561404,3.41358729861638,2.41970050088567,6.99601725512388,3.40664748208972,2.42714272181526,11.3542090414282,3.42735225142388,3.41915717392189,11.708086377872,3.40300270790395,3.33850208122754,11.7573390003169,3.32474766286871,3.03597114759482,11.2191734464782,3.30456111385532,2.79307789685969,10.6889500309437,3.23689570377103,2.9065925226115,10.382770520952,2.84159289351602,2.69727489941713,10.6938511314795,2.72168631984811,2.78295701752881,4.84054024144759,4.20260313410569,2.61108423251749,7.82650093391224,3.33407662424263,2.45802958341515,8.72641457856581,3.22164847686178,2.49090080449862,9.57059709261727,3.07811888040647,2.54136325654389,11.893383978127,2.4442178126773,3.0830540561086,13.1953953966412,2.2955431963025,3.38137345373403,14.9827596642349,2.07316765712197,3.48187543202771,16.4259699560218,1.91485245821204,3.79132859114115,17.3003572864066,1.80113877204594,4.03244650124653,18.1846302115805,1.60959038924909,4.38310295185873
6.39902095567879,4.53739290353055,2.74787672260228,6.69335287052861,4.55960771268663,2.69111638263454,6.95410064326628,4.53046770811803,2.64538174139594,7.24965823517853,4.31119271503189,2.16923915945686,6.96887269683777,3.92678363176921,2.51979525488126,6.8180380283635,3.42009028696434,2.41334425248886,6.96930073864244,3.41644688960933,2.42941851010037,11.3564952271611,3.42647451139064,3.41703037410549,11.7069198735855,3.39653566812807,3.33381076454574,11.747860408402,3.32996440440915,3.04135058182516,11.1958029709625,3.30768988213941,2.79141915641733,10.6684287785227,3.24318208018051,2.91294178286884,10.3682591536433,2.84869860444098,2.71078854415802,10.6717496167494,2.72915444482282,2.78245067717138,4.82530486187297,4.20438999887359,2.60542595137897,7.79508136047971,3.33565604812387,2.4594476360916,8.68266954233925,3.21470470373929,2.4893697026478,9.54977816942185,3.08524195362528,2.54871266262397,11.8667304109284,2.45563345074752,3.09228254890064,13.2250849384516,2.29775435986763,3.37960518819549,14.9884627093748,2.07961402541891,3.48423066176759,16.3952022476862,1.92501025640214,3.78465519527859,17.2826262510987,1.81018784268286,4.02724456722056,18.1730710162818,1.61592790573303,4.38261520967997
6.3966145376397,4.53908667929668,2.7488381818369,6.69410163203759,4.55794799164878,2.69327644821915,6.95127292013196,4.52888059434871,2.64722037000318,7.24338805518745,4.31637942569258,2.15785537102351,6.95752705849624,3.93142120846773,2.51122301364874,6.7915008705539,3.42509351139349,2.40280187383735,6.95051584342961,3.42426183302126,2.41846232777211,11.352214303759,3.42515671908693,3.4139005175242,11.7013180994434,3.39427094239264,3.33403749922345,11.7390037810919,3.32770047680823,3.03860122690143,11.1853535879139,3.30123299218022,2.79464194936367,10.6614512806839,3.24105065311648,2.9167191679744,10.3503248103785,2.84661060657996,2.71299010449353,10.6562850534101,2.72860124816063,2.78283562421588,4.80783516730379,4.20660757494105,2.60610970644841,7.77509000679826,3.33695214577801,2.46103919854472,8.65858669735018,3.21613434361781,2.49089144037831,9.53057395933419,3.0849906231112,2.54999235811859,11.8861917476201,2.44437720280808,3.08833995853227,13.2240335020818,2.30067295369227,3.37983624871299,14.9884704564868,2.08462206528859,3.48551469813017,16.3198098792934,1.9338249315401,3.74697377684247,17.2689063467179,1.81468046573838,4.01806431954002,18.1565811162009,1.6236804816366,4.38093128840953
6.39424769511426,4.53988466632319,2.7495979369037,6.69236119183488,4.55521860797664,2.69537646304325,6.94882723373843,4.52453923397437,2.65075541093937,7.23309094137978,4.3176362647765,2.16134943467426,6.93960460399014,3.93374968203084,2.50785173560321,6.77634705590443,3.42750805315899,2.39570998569222,6.93633217816357,3.42360112685,2.41458543754775,11.3521475694416,3.4127090129645,3.42087713818397,11.6944553424921,3.38847802726824,3.33704239712919,11.7222343660845,3.32900034550185,3.03813502645164,11.1604730072892,3.29218001457126,2.80013583501821,10.6398063605763,3.23758846273636,2.90494701528672,10.3245953222406,2.84694870922727,2.70299606456394,10.6400477181135,2.73022351637637,2.78142236473846,4.79798238273157,4.22136401973474,2.59386533688744,7.7638271689005,3.34014819970062,2.45637567475255,8.641109370607,3.21435302451707,2.49436602425255,9.51253585761027,3.08086483528688,2.55046928488108,11.8740932031268,2.44488651240717,3.09057331083338,13.2192244524452,2.30339066095457,3.37770770688273,14.9675460770987,2.09238715252226,3.47692397363536,15.9489122420398,1.97347161821406,3.60770356987002,17.2526678189927,1.82111879038345,4.01347472904127,18.1396309211456,1.62927311327737,4.37866430064847
6.39247992890953,4.54087624695355,2.75118710605251,6.6920438257709,4.55494791218456,2.69857012415216,6.94721191270459,4.52060975396876,2.65517861603052,7.22477513755247,4.32133309181265,2.17518013878003,6.93565946765304,3.93704028651372,2.50722783568186,6.757913827359,3.42731381978816,2.39503817500576,6.91831759124809,3.42231920031619,2.41385402573282,11.3489246451676,3.41806178536661,3.41167290732993,11.6858336308009,3.39465930978341,3.35151614699097,11.7136396400899,3.33021069227847,3.04554963795773,11.1523493832177,3.27647627667151,2.81328160108815,10.6262777604828,3.22894835999554,2.91426067838892,10.3142452959217,2.84242771505661,2.70772057421636,10.6355725346156,2.73224677023563,2.78394779482409,4.78683204393616,4.2327779512515,2.58246549694001,7.74466839637147,3.33307480343952,2.46075422032121,8.6276302317299,3.21058752279526,2.49575394084623,9.50722355945402,3.06594609206312,2.55984748942815,11.8474771082738,2.45712238679954,3.10019215209229,13.4119124835167,2.27465353933329,3.38591371268333,15.2250528474413,2.05461467357257,3.56031436002193,16.3043466233824,1.95187403395371,3.74681450239832,17.251528342941,1.82796211896113,4.01379030089818,18.1265459754087,1.63669505203806,4.37511590876974
6.39161683298826,4.54078567798603,2.75283392488756,6.69280033109632,4.55395231088418,2.70022868547774,6.94716483789263,4.51757708337844,2.65450751231417,7.21866564616827,4.32199011609633,2.17711669809612,6.91601789422562,3.94549535636927,2.50734670042341,6.74493559981589,3.44819855982336,2.3882711460291,6.9036032281698,3.42771546273104,2.41040502701883,11.3490803791726,3.41712143840591,3.41272061308774,11.682256786654,3.39386543017241,3.34512070277436,11.7014121048226,3.33046849372619,3.04922002054446,11.1426681809608,3.27824196607179,2.80652226806054,10.6174577647455,3.22494861050979,2.91842779224679,10.2949399497296,2.83955780254051,2.70612388714918,10.6230591996506,2.72799725034896,2.78782433911446,4.77354302839473,4.24343851572195,2.57294825479321,7.72548262102833,3.33624864942785,2.46048566670709,8.61125007119305,3.20927609968132,2.4975085385838,9.49579663642668,3.0648912647358,2.56285818791775,11.8468638679473,2.45632291479842,3.10089035268515,13.1999783469083,2.30568715307361,3.36912416071888,15.2112366005163,2.05940078517673,3.55812011124603,16.2980267403876,1.96183992544128,3.73991556617353,17.2413307632217,1.83464140848341,4.00839164181919,18.1163504980768,1.63641694740704,4.37545242116127
6.39127335063412,4.54212124946253,2.75535492273824,6.69107065268568,4.55196313977741,2.70328983899538,6.94681924519477,4.51624481810968,2.65203331215473,7.21460454626135,4.32472875775305,2.18118364405287,6.90719320135378,3.95125768523365,2.50696154125654,6.72871221008152,3.44126051213997,2.3895974317306,6.89341270127424,3.4300459387541,2.40652302177511,11.3535911817112,3.40973481813314,3.41700511611074,11.6782893575133,3.39124541832687,3.34386100690088,11.6870094962434,3.32988153430584,3.04131595605142,11.1126770167093,3.29413951339971,2.81769471299363,10.5881653974934,3.22257870072656,2.9095162870988,10.27949958528,2.83595665668941,2.70760172886352,10.6130085205788,2.72848422384602,2.78861867571596,4.76364089765074,4.25397625926131,2.56012686838981,7.70994211626585,3.34098682054041,2.4520190197635,8.59114169532262,3.2064495413503,2.49374612382728,9.46616094999958,3.05366650490696,2.56846227598965,11.8262629017169,2.45740254178932,3.09179506192429,13.1628820516225,2.31200263066403,3.36701164590441,15.1947371533939,2.05902277296392,3.56014379081119,16.2925116849819,1.96673538728561,3.74067837139918,17.1989520815811,1.84181819009327,3.98629274359572,18.1067483807467,1.64184709231777,4.37287170698605
6.38712363788149,4.5452141407287,2.75736706567216,6.68911241901628,4.55409699952041,2.70384269286304,6.94481257427275,4.51853428890094,2.65197569869268,7.21254599209488,4.32343145568877,2.17905093131271,6.90257883580432,3.95147632766213,2.50137574983541,6.72586708709609,3.43658665324281,2.38602340272547,6.89363661755002,3.42692018764403,2.40443266623245,11.3493736008379,3.4165319832053,3.41354449219706,11.677209702427,3.39285828731347,3.3379757912837,11.6728849564929,3.31463379523657,3.04094024350906,11.1031098968348,3.29913771240983,2.80702307482826,10.57360873846,3.24188870211102,2.90463438144062,10.2648217198359,2.83472027896764,2.71156469932177,10.5972407350568,2.73144981535954,2.79026981266353,4.74877377428546,4.263952912353,2.5513616794686,7.70922286608314,3.34018283803792,2.45144195936873,8.58438028080716,3.20833900347837,2.49138284166143,9.4601042718247,3.05850767360617,2.56431455356866,11.7966603811904,2.46298870129332,3.09231664646519,13.0908403225052,2.3118216570297,3.37570984194072,15.1860447445704,2.06935185258249,3.55754860117769,16.260959129467,1.97817764991414,3.73649805948535,17.1840381772964,1.85613373123181,3.9797052111556,18.0916616255987,1.65237215539778,4.36684745497203
6.38913102743421,4.5471545479455,2.75660464071288,6.689308508723,4.55450326869709,2.70399974905576,6.94435809497217,4.51896112221304,2.65244685845164,7.20814324754628,4.32156855915928,2.17503807863869,6.89153564930629,3.9530063316268,2.49439547855933,6.7126054703112,3.45080483499152,2.37145792832453,6.88567967522858,3.43342454708603,2.39482487523621,11.3508187948257,3.41882620908408,3.41401188363828,11.6760870044406,3.39490666214408,3.33263289036533,11.6599948858621,3.31642264588485,3.04026340257166,11.0953960936993,3.2973321776401,2.80767720149355,10.5715742040418,3.24192438190108,2.91271344353769,10.2511907743029,2.83243827515621,2.71757624253396,10.5920185238042,2.73345184939748,2.79197164129643,4.73214271873851,4.27015468484429,2.54324509020748,7.69760007296575,3.33432540844757,2.45342366279746,8.57680392221501,3.20479025444177,2.49341915185064,9.45033061329581,3.05391064744703,2.56869885212044,11.7957025144732,2.46335978545915,3.09565546387891,13.10339573494,2.3119775148768,3.38099775312278,15.176534079304,2.07522323559336,3.55379387981941,16.2596290392477,1.9849762557955,3.73494912322634,17.1542773272971,1.86280451221832,3.96245227386154,18.0782773510073,1.65135555361853,4.35674963295372
6.39248908457075,4.55129213727599,2.75561686054682,6.69059236310332,4.55719130492888,2.70201546987437,6.94293187649848,4.52175661494794,2.65243213859944,7.19979684565555,4.32198223007981,2.17440787123262,6.87961383239697,3.95510972056959,2.48869063082467,6.6966370416149,3.45536101576427,2.36651190204588,6.86471006600288,3.43205526101981,2.39142232311873,11.3461987834565,3.41703831065335,3.41782817660408,11.6719986818354,3.39181170569403,3.32767823801415,11.6458167231226,3.31776089401906,3.03228768725782,11.078053506563,3.2979489951889,2.81148570335675,10.5435552278441,3.2480682389091,2.91187085780029,10.2233246223013,2.83608374149298,2.71137106747558,10.5707835201524,2.73294059199648,2.78972023695259,4.71665598268828,4.27350703501255,2.54024596115759,7.68307576079992,3.33307204103415,2.45539784973092,8.56710914483587,3.21534814807323,2.48902611526834,9.42684614608558,3.05633598039698,2.56756063668093,11.7843191239107,2.46564393346455,3.09451569617391,13.0948146562342,2.31512576593598,3.37446720789522,14.8910728258016,2.12469624310928,3.47501693503359,16.2402374087261,1.99128061856064,3.7309731245993,17.1408037168218,1.87075415313359,3.95843932922448,18.0661177411508,1.65526821335623,4.3546695833373
6.39342895743515,4.55068297643098,2.75683768573406,6.69234916927446,4.55400521193312,2.70512881931957,6.94687793277205,4.51919303985093,2.65729235783558,7.19639038755888,4.32274377892746,2.17464055953205,6.87031126041934,3.96169396070593,2.48771098742559,6.68030100622195,3.4587103808377,2.35983570059629,6.85345040113985,3.4340854420979,2.38825257758205,11.338227539356,3.41967744577238,3.41593208764173,11.6655345598525,3.39577377740912,3.32503423399854,11.6342756499474,3.32246184457069,3.03644070071933,11.056496641289,3.30423131832323,2.81600527681152,10.5280392030138,3.25178759600847,2.9139847585792,10.206109284097,2.83498058297557,2.71303565078678,10.5580858909451,2.73447925034168,2.79291157855518,4.70641535382444,4.28706311230502,2.532364788873,7.67208459959313,3.3308190241511,2.45732402593401,8.54839746350126,3.2064088387722,2.49724593642465,9.41091569481148,3.05621556042333,2.56860664113718,11.7707696522716,2.46530078986476,3.10100194710704,13.1058118376827,2.32333175050335,3.36556058377962,15.1677028295205,2.0873917393115,3.54930575161375,15.8207409883302,2.02892512775284,3.54619386981395,17.1355614815389,1.87751499423654,3.95770653505174,18.0498933157978,1.65937829564542,4.35248804593472
6.39351032872035,4.5505883922939,2.75811338976936,6.69129074883998,4.55464661985779,2.70798241546661,6.94381446047398,4.52000003874882,2.65773167667182,7.19141949354564,4.32733011452088,2.18185921221903,6.86199724246861,3.96098401841553,2.48596465903968,6.68279031326888,3.45705484861905,2.358754847103,6.84417667179965,3.43247633165659,2.38774249201593,11.3407750429,3.41918547219955,3.41681949537644,11.664661850296,3.3935990335368,3.32034149980758,11.6166625795247,3.32472254064329,3.01958725178245,11.0420300107928,3.30401698674399,2.83390124889247,10.5054638409656,3.25719697838359,2.91585785300655,10.1868887898941,2.83671966911091,2.7138142705911,10.5416332067445,2.73729554249597,2.79409339122277,4.69874757850608,4.29745884133441,2.52059346569112,7.65509732565291,3.32782312812398,2.45807159378647,8.52857513216259,3.2003342650062,2.50233298962155,9.39169299145114,3.05160886786745,2.57006808765657,11.7382482618466,2.47749480633087,3.09172740372301,13.1691137978884,2.31612688219206,3.3678503437906,14.9062070384442,2.11828360836441,3.48487741237803,15.8233394539383,2.03105537945311,3.54441304452605,17.127504309356,1.88280234874731,3.95665677770059,18.0353848930406,1.66543658998376,4.35188951144842
6.39193488959263,4.55210257864376,2.75868149895119,6.68892748919144,4.55524944848828,2.71000779014843,6.9426743345614,4.52148731613995,2.66014623113404,7.18687529798803,4.32284505636568,2.17882098246313,6.85162558407086,3.96073723236034,2.483608660101,6.66923736735466,3.45932361562483,2.35567241149225,6.83009215448516,3.43931131304663,2.38400475774192,11.3394919818109,3.41510369756582,3.41893317406418,11.6621470911708,3.38918000355226,3.31378571788926,11.6034490471973,3.32179032943526,3.01157591638432,11.0307475491599,3.30044394845919,2.84024169340328,10.5003567899885,3.25298217964175,2.92393223429811,10.1817887716366,2.83164162096641,2.71993519129325,10.5308435924547,2.73452790849213,2.79894158836513,4.69060234608052,4.30589962980385,2.51718671930617,7.63929858351043,3.32704302575217,2.4600656887726,8.52173720500228,3.18939563358359,2.51008078948636,9.38603198370869,3.04359193473125,2.57131796046155,11.7322849724378,2.47901629717658,3.0898363853633,13.0650174329231,2.31996090378039,3.36875452383822,14.9082050344167,2.12001505794609,3.48568374447099,16.2301397089522,2.01089661118369,3.72817274025155,17.1212871410814,1.88418542489125,3.96519956541629,18.0280143300135,1.66883705534676,4.34693882339243
6.39288807710484,4.54928855229543,2.75846253241152,6.68809681579217,4.55279324351336,2.71173146977433,6.9414913531938,4.52240077998774,2.66112972806072,7.18143854096735,4.32406874703249,2.18116782959559,6.84428297538644,3.96186508230881,2.48533294580673,6.65898602261394,3.46502109067488,2.35232036267159,6.81974364893427,3.4469653085625,2.38103764959398,11.3436239294208,3.3981084076851,3.4322608252829,11.6554789128023,3.38747947396675,3.31436039840936,11.5965168071218,3.3237758034733,3.00939021767237,11.026519053822,3.33313243931454,2.82139522810571,10.4933101752621,3.25487110062313,2.92434110321893,10.171362058716,2.83185643508369,2.72150747112603,10.5247040263709,2.73451720278919,2.80154200719037,4.68281360350848,4.31523782050209,2.50836109953478,7.6250755017651,3.32447156980885,2.46464116896839,8.50649141452494,3.1936488502413,2.51076610519926,9.36908496040753,3.05434390848793,2.58251107144489,11.7281013475464,2.47868463950324,3.09370801195782,13.0506500997089,2.32333194243695,3.36893560360001,14.8875721702685,2.12534068500815,3.48531434256863,15.7916942778477,2.04721418819633,3.53902804440444,17.1131887902068,1.88919988735442,3.96434168190176,18.0202210233048,1.673227722544,4.34290975321209
6.39532319233539,4.54693997100668,2.75825773860721,6.68999313674662,4.54965081869345,2.71452000785235,6.94127677398552,4.51945646403705,2.66244324533058,7.17599761737213,4.32196925130466,2.17382555976286,6.83906515059634,3.96279912971261,2.47896714894499,6.64087340193308,3.46531344440253,2.3516595249715,6.80896934174211,3.4486198325611,2.37710678597338,11.3419666637675,3.39858502457561,3.43722075920922,11.6516787541475,3.38286820095713,3.30760195167575,11.5831238196561,3.32037848114445,3.00231954895776,11.0193435378718,3.31835121952897,2.80010383404073,10.475787643338,3.25486637688568,2.92397924317627,10.1598033329275,2.83145019876838,2.72270211648444,10.5062283163583,2.73306240819184,2.8027310430277,4.67171799888411,4.32670071528202,2.50574499477301,7.61629910269834,3.32662036617702,2.46416864155837,8.49276883894724,3.19627094311647,2.51515939443096,9.35067419774215,3.05451014205307,2.59009522002421,11.7240920074112,2.47723284381455,3.08474753041782,13.046767092309,2.32739959307591,3.36718989038406,15.0485231687928,2.09864799538375,3.51753049310402,15.7855027888924,2.05282449235259,3.5381357941064,17.1174911736988,1.89466620084283,3.96887275183245,18.0130444491336,1.6721440797399,4.34485630841629
6.39697592952299,4.54618125773445,2.75861995926311,6.69105628022745,4.54926640721971,2.71463026053418,6.94269097867521,4.51968477894991,2.66029014954406,7.17199312095292,4.3180158789676,2.16826377309937,6.82994395628552,3.96446382398886,2.47282366056308,6.63533870286902,3.47956389899297,2.34213970093568,6.80461273872552,3.45221946909335,2.37391671257226,11.341188455735,3.40326775578327,3.43565744616223,11.6466335495475,3.38286817034432,3.30464783137515,11.5771791915117,3.31924393230309,3.00340736585573,11.015629373081,3.31122181762127,2.80069223451827,10.4678381903733,3.25546489681682,2.92851327393523,10.1519077652622,2.83214483653472,2.72266437654449,10.4964034802393,2.73780220776128,2.80093763159463,4.66288084141908,4.33365434281924,2.50448111265268,7.6088227363586,3.32147517492513,2.46252513086662,8.48461477690957,3.19391881784331,2.51352206687011,9.33405307471147,3.05506827933142,2.59249633710005,11.7203691398576,2.48112427324718,3.09382291060059,13.03691635986,2.32794114338351,3.36635879216421,15.054492706769,2.09749179734191,3.51203330270207,15.7725776201941,2.05545543769888,3.53582112954881,17.117390631577,1.89821597024481,3.97158725484309,18.0041833417761,1.67748932483978,4.34225844847348
6.39578473100257,4.55092204142727,2.75540635023844,6.69278483134126,4.54999242674338,2.71328692099336,6.94458740938086,4.51836103922011,2.65965132528263,7.16814705982399,4.31656947360077,2.16796838283615,6.82147291900649,3.96553779402578,2.46742766761304,6.62477220070634,3.48172009399946,2.33787700790084,6.79240481230269,3.45314102842084,2.37290970999304,11.3416803661372,3.40633877959602,3.4349741668966,11.6409513737442,3.38528827796717,3.30516559051794,11.5726734594291,3.32199470457427,3.00361423065474,10.998571624364,3.30223627581924,2.8047103367394,10.4667426568167,3.25118002441079,2.92951100810837,10.14537824925,2.82557380101346,2.72726272758088,10.487342572187,2.73507258312745,2.80247743647797,4.65285700712561,4.34278354599017,2.5025683748009,7.5922184952613,3.31965181155124,2.46563479917585,8.4700822854561,3.18538178566363,2.52077985172673,9.33062931579035,3.04704409796121,2.59409295411457,11.7071627115204,2.47957571143567,3.08344556362071,13.0204734512084,2.33702284330106,3.36591604349272,15.0550714028608,2.09821507792583,3.51198809289719,15.7751112387238,2.05577027346085,3.53671469945015,17.1143717093281,1.89918206132893,3.97028788005877,17.9956833979006,1.6852491862239,4.33990111511904
6.39831199448352,4.55225902981465,2.75061592987214,6.69442506196933,4.55372140022419,2.710375793434,6.94269886519535,4.52055379945513,2.65693174680734,7.16147724558678,4.31965403052276,2.16923043757261,6.81419078158978,3.96900032923608,2.46414954414538,6.61813474823712,3.48558657430089,2.3415914033788,6.78433420701788,3.45292271159225,2.37212858554341,11.3427977849181,3.40869781055116,3.4339463768908,11.6414529741889,3.39136676618088,3.30133793955375,11.5673201207565,3.32698954699343,3.00946233462142,10.996729030353,3.30419240337654,2.80741734249831,10.4653457895308,3.2512004880825,2.92942732973403,10.138251020108,2.82196327218556,2.72917499049141,10.4854438216357,2.73345695756357,2.80204614666029,4.64793629007939,4.35251084755198,2.50645385020311,7.58508915367339,3.31634396750489,2.4634559085866,8.46090887106036,3.1812878906834,2.52143695316642,9.32214342539984,3.04385098033653,2.59311802694139,11.7138374311425,2.47926751974332,3.08747127447266,12.99891771621,2.33918324485126,3.35971752195629,15.0640702436143,2.09857621462854,3.51326314040346,16.2003683108668,2.02404641366464,3.71644374585753,17.1044783978436,1.90513874454795,3.9709669289984,17.9887774662772,1.69208520648697,4.33673961018285
6.39828429811297,4.55477311955452,2.74828722765337,6.69247020661899,4.55754751634281,2.70682589460522,6.94156380495281,4.52339534734082,2.65658992313406,7.15973114057894,4.31451160702494,2.16659949035364,6.81291240114341,3.96923456413919,2.46314352264611,6.61620957711286,3.48472673081512,2.34261153513659,6.77781969002787,3.45824862527016,2.36974168138482,11.3454966953253,3.41264373659051,3.43276087025534,11.639545270161,3.38646734108732,3.29917039876909,11.5553742744043,3.31970594109553,3.00851706919753,10.9804258246193,3.30387459380774,2.80323296202884,10.4383976369521,3.23667069087298,2.93734704939404,10.123203703075,2.82332055457257,2.72828512457086,10.4627317204595,2.73492988092841,2.80220504627647,4.64295126801808,4.3601784917506,2.50618082631702,7.58318045324717,3.31679179116669,2.46396071023921,8.44643215745097,3.19099890816986,2.51657464153668,9.30302275778968,3.04699713751531,2.59156299265352,11.7061604030412,2.47915084815993,3.08714665871426,13.0142574470069,2.33563255700087,3.3640476562757,15.0542311945188,2.09923581402243,3.51404041438389,16.2014387442134,2.02638961600329,3.72142874226121,17.0985701084456,1.90721074904039,3.9711188071507,17.9832948216499,1.69890438783926,4.33288666364051
6.39797712347212,4.55735026542851,2.74893810155335,6.69412778679193,4.55993761180456,2.70518757800425,6.94188494689325,4.52456569893652,2.65735894605419,7.15192317533377,4.31142964267812,2.15830359222194,6.80130281080854,3.96995376753661,2.45753853294439,6.59904532415706,3.49189151975906,2.33654733377483,6.76636486686056,3.45986640484973,2.37102175571111,11.3426587354247,3.41211549052597,3.43331191492914,11.6335396573335,3.38153150817281,3.29644734653143,11.5404460411244,3.31737391061011,2.99796524566799,10.9624440494968,3.31259548599475,2.79472619640721,10.4125365296188,3.2355065270797,2.9290271718526,10.1120620628605,2.82450471520133,2.72203345332689,10.453081530273,2.7377434741924,2.80352440839858,4.63592211753127,4.36519036604094,2.50491490188479,7.56752476609534,3.31973286077198,2.45781737950563,8.43525267558174,3.18551167531903,2.52278361806933,9.29206109804443,3.04581476482583,2.59093499421444,11.7065528724698,2.47709717862152,3.0842719051971,13.0163038663676,2.33620229244184,3.36291205526944,15.0585791365031,2.09809623599867,3.51548231657032,15.7619219627854,2.05506103406195,3.54077349484044,17.0896852989387,1.90889389634858,3.97044397842286,17.9723437602472,1.70493481564904,4.33279643784654
6.39667192217199,4.55762578478215,2.74852011074032,6.69298027946835,4.56167260510779,2.70443983304435,6.94010932100544,4.52586020446999,2.65589486657478,7.15305071661951,4.31031312088135,2.15556205936892,6.79314814682497,3.97266500276982,2.45505169394267,6.58518048518872,3.4956590348504,2.33444509665381,6.75541726613457,3.46503262393636,2.36883422487125,11.34250736761,3.41793301627837,3.42574023025497,11.6283480157907,3.38094586583004,3.29690851134633,11.5336302736768,3.31228850593932,3.00738219050074,10.9555100912774,3.29562721317285,2.80344628219332,10.3982062721162,3.23460613472687,2.92771728347218,10.1065196160661,2.83371781566865,2.73448640159898,10.4427467472208,2.74336667849068,2.80944152528269,4.62557889803757,4.37112972091673,2.50658360753185,7.55611011421327,3.32154350001564,2.45368755576652,8.42854972757218,3.18535300888653,2.52387139071502,9.29243816816894,3.03167596363694,2.59869567748203,11.6826171929208,2.48234828060651,3.0759405092273,13.0130204858633,2.33402684901682,3.36223422992098,15.0072737107013,2.11507276346726,3.51058938071719,15.7480420646875,2.05826464405784,3.54116729081078,17.0727868884296,1.90865808339504,3.96717953439165,17.9610692529155,1.70783652910668,4.3324295232326
6.39861835546899,4.55914424658483,2.74860349665987,6.69318489843895,4.56362504594214,2.70462053621453,6.93875177252707,4.52540887981908,2.65489721222886,7.15683932095921,4.30028466419413,2.14164358666865,6.79259250155508,3.97514296799242,2.45805509736391,6.57032903067726,3.49870093791409,2.34081617270646,6.74393309245116,3.46755790393068,2.36694972749583,11.3403104384441,3.42152924210902,3.42273695399387,11.6249534672896,3.3694121844222,3.30153495956682,11.5221242356149,3.30199955218702,3.00564596621616,10.9443710850398,3.28251887320799,2.80226125160142,10.3981285006324,3.23631323759527,2.9280840342647,10.0962555334924,2.82459383773402,2.74073799326407,10.4387926111587,2.73950596099896,2.8092752346016,4.61681608570113,4.38019839074938,2.51035364728447,7.54379045721665,3.31910655232329,2.4496196876955,8.41663430803586,3.17741287483447,2.51505152669081,9.28954544282272,3.02705953351579,2.59542157774207,11.6752645291464,2.48401161679866,3.07856453012083,13.0183760064977,2.33340327720821,3.36447148180078,14.7819585906974,2.14910761938606,3.44959807064481,15.7480897941271,2.05391504215564,3.54780355468807,17.0629660510247,1.91195679591474,3.9659920430874,17.9489342717249,1.71243359301974,4.33033989437112
6.39564633934974,4.56089960449943,2.75033592491121,6.69299173330128,4.56286988310495,2.70478023669615,6.93826614282416,4.52458802437035,2.65403757899598,7.15436648951981,4.29942180721359,2.14352387164523,6.78269327285477,3.97522467058629,2.45244177902741,6.55216751562727,3.50103691348815,2.34022131883559,6.72673484001194,3.47184600804796,2.36737107961447,11.3413002555726,3.41841433874689,3.42788519641693,11.6197435601179,3.36609875432944,3.29874288276189,11.5108628228581,3.30353567351159,3.01122557700228,10.9319826240364,3.28635266988564,2.80737977134888,10.3951808923644,3.24088218688726,2.92501955460604,10.0971017665178,2.82296949926592,2.74328744150352,10.4372840186928,2.73864706293062,2.81082263505605,4.60769567056037,4.38653415642235,2.51015401818786,7.52509588718788,3.33222453575769,2.43859483046196,8.40381723894514,3.17157005973774,2.51605291534612,9.27711997907356,3.02086161760085,2.60057571502492,11.6837341847392,2.48599235643305,3.08229299251751,13.2186120978122,2.3159229493718,3.36559060871285,15.0038884777584,2.10374472966583,3.52291383148677,16.0294286771901,2.03352559590746,3.66228018505124,17.0576087872578,1.90990050704128,3.96541269437759,17.939094538059,1.71434212178613,4.32933388889239
6.39442490025011,4.56076898065474,2.75149136001843,6.69311098514205,4.5619149793326,2.70327213273783,6.9367789209844,4.52401575189689,2.65275972331424,7.15383437414118,4.29817278526104,2.13600516945401,6.77805268686482,3.9756306941883,2.44981275669552,6.54726169977092,3.50580868836729,2.33705379186091,6.7212484034542,3.47776316022876,2.36539065763067,11.3421315836172,3.42064205086198,3.42772488734519,11.613720337809,3.36402118964358,3.29455951742578,11.4965756817582,3.2999931680395,3.00402232770422,10.9196287160382,3.28328266514968,2.80480336400346,10.3911894025666,3.24210042604669,2.9177474481386,10.0905872970486,2.81807411497735,2.74587939768863,10.435415361678,2.73457024667179,2.81270909682515,4.59906997105242,4.38788339814669,2.51473416324966,7.52218074997674,3.33401995043074,2.43777624568787,8.39626222052634,3.17062382879326,2.51568570850084,9.27286419528247,3.01437837457273,2.6015240691365,11.6780028689694,2.48711741443172,3.08069626421505,13.2941392680765,2.31580844649969,3.35968277858765,14.9977408023684,2.10644128064947,3.52133098268078,15.6830512848715,2.06727267368727,3.52870110233919,17.0499318683524,1.90992514449692,3.96698498929574,17.9296883005598,1.71700875637861,4.32700301300758
6.39497796330979,4.5605855600761,2.7529757565341,6.69492178061963,4.56154467927737,2.70232558688041,6.93764586656953,4.52133092698813,2.65119438578374,7.14552315118773,4.29556045910083,2.13196773972174,6.76575596942392,3.98155437389051,2.46455592086862,6.52861272540883,3.50943220392874,2.3374360925782,6.70418937075283,3.48216914187606,2.36769967479922,11.3410343430788,3.42127816661955,3.4289943644197,11.6092131566866,3.36184499722296,3.29010755515579,11.4882805221467,3.29632162938707,2.99871534465186,10.8974992474166,3.2625998635515,2.81976980462372,10.3930984619316,3.24477304753623,2.92487224369001,10.0865319897018,2.81932375380177,2.74829494518927,10.4283993794654,2.73709032929704,2.81177317707515,4.59273343113386,4.39074082824463,2.51488044253598,7.5052840462964,3.33447072629727,2.44016265644138,8.38794720346906,3.1669858721457,2.5164090481494,9.27166926217328,3.01237740287591,2.60390588658727,11.6714880430119,2.4856805091773,3.07974066853754,12.9295253154055,2.34420695954847,3.36343541299395,15.0226905421875,2.10619630962698,3.53498451873225,15.7059737972005,2.064792599274,3.54376948134967,17.0502438011706,1.91012553931326,3.9691573772267,17.9236245270169,1.71772151627927,4.32561485158576
6.39537155085861,4.5604130524169,2.7536631066541,6.69437335368405,4.56081372401848,2.70147004330294,6.9361615965147,4.52062230328533,2.65051384695489,7.14355330231719,4.28862231580027,2.1216306668389,6.76170126342026,3.97837462367231,2.46062453822028,6.52285607713835,3.51344909455012,2.33480820891183,6.69752486019067,3.48576824983165,2.36798498022567,11.3394131595817,3.4188086238787,3.42912553674547,11.6067716176545,3.36126989847092,3.28910622513051,11.4846593187495,3.2922135050155,2.99919460642573,10.8925982913606,3.26133136353708,2.8191133112734,10.3704875637758,3.25288643740431,2.92003494396413,10.0775392097086,2.81809797797245,2.74655869704797,10.4204996105181,2.73762757358867,2.80919710404631,4.58347571900628,4.39623632574361,2.52044379716522,7.4983808810483,3.3326180528124,2.44423516594012,8.38059257977837,3.15997637353946,2.52046713491958,9.26193486147868,3.00805385775877,2.60815686504306,11.6660643974739,2.48648176381785,3.07710403297249,13.0010749893168,2.33721840238491,3.36491809048232,15.0147442190457,2.10826736148116,3.53377237648812,15.6913988618101,2.06593915264672,3.54549242868564,17.0410276649348,1.90936472219668,3.97001847034966,17.9175559754286,1.7203377100777,4.32393545542286
6.39493207789597,4.56063327904277,2.7555622323104,6.69473103720544,4.55842956629425,2.70084984864621,6.93704583921441,4.51732322376008,2.64865166780844,7.13358708877602,4.276711699255,2.11695603239929,6.75598119941083,3.97379379616556,2.45293761431303,6.51557640874843,3.51392885869163,2.33511593932542,6.69040333088027,3.48764107305108,2.3708966718418,11.3405124412423,3.41910119285885,3.42984884077463,11.6003579163372,3.35993550014426,3.28461055748646,11.4702765421524,3.28726653934353,2.99564020706756,10.8790325932888,3.25271697585919,2.81800934898692,10.3540801805776,3.25146401644801,2.91194977101973,10.063197641819,2.81369599374285,2.74873091892705,10.4054462546919,2.73915176707225,2.80661955442248,4.57413999347989,4.40004821637198,2.52389733607595,7.493557333483,3.32603956939789,2.44681362004972,8.38001900486701,3.16406067629855,2.51484008867149,9.25248390529519,3.00569570273418,2.61125626149961,11.6367626096477,2.48566221497544,3.08286348511328,12.9390274714732,2.34468180001344,3.36747632334858,15.0001487692187,2.10855855831051,3.53437606520216,15.6772648579679,2.06585366150665,3.54359296170928,17.0307837686134,1.90918615292166,3.97053152358307,17.9104077274936,1.72460142114256,4.32291403259535
6.39136531286672,4.56061223447577,2.75664963798092,6.69100516094028,4.55959298018336,2.69985850519473,6.9350445730883,4.51946750285793,2.64625510209646,7.13309171526967,4.27677041538002,2.10787807799087,6.75424143292866,3.97662871704983,2.44765807500467,6.51154401991372,3.51511851223327,2.33468439574011,6.68420485843325,3.48843880729211,2.3699875536626,11.325988503048,3.45224384949057,3.41082547951634,11.592782421124,3.35722414497501,3.28283053350845,11.460628145577,3.28767117363424,2.99387243672919,10.8724249294094,3.25941574488409,2.8204283825348,10.3506416576404,3.25571708968777,2.9134778817844,10.0607151994717,2.81313525092417,2.75154583353603,10.4011760870944,2.74040157905001,2.80852767672747,4.56572216628942,4.40306021884042,2.53043247100959,7.48588089330278,3.32790517455515,2.45217399530884,8.36973676633079,3.16075434863057,2.51847712863661,9.24304543362623,3.00040696578335,2.60817192812695,11.6305904957727,2.48317682268042,3.07990855033815,12.9335518045038,2.34579305868258,3.36728782082136,14.9985259858121,2.10899979776312,3.53477156214481,15.6646471659296,2.06680507929902,3.54620336816848,17.0025253481485,1.90678637178248,3.95736780517284,17.9028844784057,1.72892180528446,4.31952980841226
6.38882967365527,4.56072668206255,2.75845220572178,6.68915184281082,4.55861652495588,2.69829526423183,6.93312926798581,4.51641779039324,2.6435259392279,7.12888642882027,4.27769020496121,2.10125961945659,6.74934847428016,3.97521662474245,2.44847629077213,6.51100613849322,3.51669335719372,2.33476710424156,6.68523650253716,3.48770651953141,2.37096714548127,11.3264361911865,3.4553719296463,3.40899338844001,11.5886057867154,3.35904043662836,3.28261606606669,11.4533086866768,3.28678818817971,2.99119766089512,10.8578889045632,3.2603545682303,2.82366124856355,10.332332216415,3.25538352828043,2.91135174217616,10.0442053419829,2.81447037721378,2.75100196158384,10.3863949329963,2.74412962810963,2.80670897083635,4.55540031250823,4.40464273214605,2.54074995658748,7.48304479720755,3.32850208797434,2.4496022557131,8.36384539408156,3.16393035035151,2.51723543290566,9.22887200766268,2.99556255697849,2.61107607501374,11.6193047335688,2.48090035331904,3.07626161712844,12.9135199353452,2.35068437630856,3.36537442363697,14.990056531479,2.10780924911259,3.53524237214646,15.6477898136174,2.07004795476647,3.54603275647627,16.990612474263,1.91162301587485,3.95486171824578,17.8915464126997,1.72942683597653,4.31299950076754
6.38885930058905,4.56010118947019,2.75957009425574,6.68861330223533,4.55722248590098,2.69629107065288,6.9321639486525,4.51246536321975,2.64004391524854,7.12383080285957,4.27135716269979,2.08882181156331,6.74160122116274,3.97305431233855,2.44341068295532,6.5014495644563,3.51743015223026,2.33577993504732,6.67126189638801,3.48606909468365,2.36646779709317,11.3241574222058,3.45546966917878,3.40816238475706,11.5844731315952,3.36232581460481,3.27972535292267,11.448125236655,3.28699717498237,2.99521274815233,10.8481764660794,3.26310079486415,2.83331246421667,10.3233959706149,3.25717315055385,2.91069399913616,10.0319116001254,2.8112937293014,2.74003266236496,10.3837308929376,2.74047145521589,2.81004069077384,4.54738769573587,4.40779810767296,2.54200217264097,7.47442139569787,3.33016234464526,2.45252903665985,8.35024689452014,3.16600958850116,2.5157175578194,9.22042186978785,2.99181814558765,2.61142296525182,11.5907844060266,2.48587805536055,3.07301852892668,12.9552746921565,2.33910355156353,3.3804524857098,14.9574354851505,2.11831760051417,3.53191258698363,16.065041810462,2.03012548550531,3.71007649662358,16.9859949626128,1.9122559406575,3.95485749246114,17.8828343306878,1.72947463273763,4.31076855258337
6.38760314833176,4.56114065352211,2.76040398862169,6.68644569600596,4.55639237552213,2.69647136835037,6.92960588740096,4.51100883065941,2.64313282742258,7.11890762189801,4.26756199592606,2.08029104619384,6.73530565478957,3.97282585326233,2.44336860290318,6.49430059132244,3.52284894791555,2.33608018468661,6.6661434716759,3.4867246101241,2.36921078500795,11.3189993165237,3.45538546028146,3.40694081877821,11.5790433382096,3.36556718776692,3.28215497281585,11.4439605717213,3.28956152782578,2.99827692702791,10.8432935392052,3.26182653785637,2.83377731831879,10.3165532753163,3.25635132775838,2.90983340679447,10.01904994425,2.80676221802715,2.73811182987704,10.3760009281153,2.7399173497413,2.81292639572374,4.5364899744128,4.41098157567672,2.54675462570379,7.46568574360976,3.33050112393511,2.45540432131964,8.3341059257898,3.15971030089788,2.52144012522339,9.20650316779044,2.99469792564143,2.60916508637855,11.58825027203,2.48401258846062,3.07577908147627,12.8882019527088,2.35235788491737,3.35455790815753,14.6269259107086,2.16534117041581,3.43535479954847,15.6746384243589,2.06127452492823,3.55719387791951,16.9817327366698,1.91500418168132,3.95710540918382,17.8748770441279,1.73245356110259,4.30850851036278
6.38546887103636,4.56236233076926,2.76070991299542,6.68887180247859,4.5508159942721,2.70024057567312,6.92633145572363,4.51205417954502,2.64047733511642,7.1190837061345,4.271766652222,2.07988058965131,6.73720712166553,3.97600070214484,2.44639702750493,6.49296789888349,3.5245820449737,2.32785293667068,6.66587160075526,3.49180479106883,2.37195558914005,11.3230107127869,3.45280350451111,3.41128022169182,11.5735322303625,3.36417799842348,3.28392542252478,11.4184464610621,3.28554386672869,3.00153124391179,10.8198592986112,3.27537117285757,2.83217189885321,10.3084749848837,3.25680901035593,2.91560302649757,10.0096617788555,2.80442736410881,2.74336980996645,10.3577640513474,2.74061875365147,2.81460395301884,4.52660847259413,4.40891859379802,2.55172938381372,7.46307344013036,3.3309083454262,2.45522603796578,8.33114134335111,3.15427173544356,2.52646747287273,9.20007832371117,2.99136691490765,2.61055583763117,11.5775392136132,2.48451020363127,3.07417776911851,12.9213240955781,2.35410392475467,3.35120013119194,14.6370746680293,2.16293326955237,3.43833628661232,15.6443706238683,2.06878421238181,3.55037115416696,16.9753822918788,1.91809798064642,3.9566029796292,17.8650275139744,1.73531332805313,4.30792568010642
6.38490006059854,4.56414818766778,2.75926825347857,6.68557511268507,4.55956104237848,2.69588394577083,6.92305567446858,4.51324978630391,2.64555339955895,7.11442073902294,4.26594805868167,2.07819775906336,6.73336748220962,3.97737904141264,2.44823168136711,6.48865037660103,3.52914023782681,2.32943923162721,6.66076168329733,3.49495350988402,2.37239980017688,11.3144795693013,3.42783576942183,3.430131271683,11.5672684267433,3.36124388699031,3.28837425087011,11.4084528250693,3.28760830884545,3.00085473160812,10.8056953292263,3.27585123383477,2.83336596627024,10.3039805335225,3.25192499136468,2.91991831712051,10.006911673194,2.80308517390689,2.74489355953379,10.3564741456123,2.74022771110693,2.81621035775013,4.51772612243575,4.40886809563883,2.5572257438739,7.45994456756326,3.32916751508842,2.46008886909013,8.32781128673116,3.15399400156149,2.52691985756652,9.19812588336342,2.99029066018395,2.61043744087145,11.5746102206077,2.48554440448091,3.07473904549067,12.8902086212654,2.35339757478583,3.35658198376894,14.6391586314033,2.15475344442688,3.44458261581881,15.6416247927021,2.0678054913177,3.55318810773239,16.9631559278698,1.92094347731935,3.95197586588871,17.8536222820079,1.74018989805983,4.30769097535374
6.38524815812658,4.5666390056752,2.75775968219166,6.6887867675281,4.55658006123539,2.69967579381355,6.91964894160816,4.51727760961766,2.64224355781309,7.10624220989827,4.26482926988817,2.08701308578021,6.72544876914498,3.97735937087291,2.45202336289988,6.48122515832026,3.53222985626578,2.32788855495942,6.65215690375138,3.49676852382544,2.37179510139654,11.3244962639159,3.41402794196873,3.43962148744249,11.5615045865031,3.35700671822053,3.29048212496606,11.399364571871,3.28875483956439,3.00114353097762,10.7965197561799,3.27991060570495,2.83176344477847,10.2886240559594,3.25176507111841,2.9187907575292,9.99627653969447,2.80340345800939,2.74669145034223,10.3435027670616,2.7374846934276,2.81822598290317,4.50587289630832,4.4060754411019,2.56211447023481,7.43360927704792,3.31553856642651,2.47102109638023,8.31907156251517,3.15311366695732,2.52789395692043,9.19273045369347,2.98913952032758,2.61158046860361,11.5641566215189,2.48624267105135,3.07328293447376,12.8921398526068,2.35125763138018,3.35766031277343,14.6394196726365,2.15586850301831,3.44340652891479,15.6317196257063,2.06829910608751,3.55256626943956,16.9575343901671,1.92345429601092,3.95300871902092,17.8443752687159,1.74401194856974,4.306156640897
6.38992774882402,4.5675082383912,2.75655120775324,6.68716749807272,4.56107233058185,2.69448024729228,6.92026707864672,4.51225662355079,2.64086300399756,7.08358798325791,4.26252235446725,2.08387685407872,6.70914863832893,3.97760360363018,2.45167944569528,6.46702755311958,3.53562776217441,2.32638681252215,6.63815527258586,3.49831484231333,2.3694563065503,11.3201858738421,3.41183130652297,3.44282968617977,11.5561848967844,3.35579374560814,3.29148676788475,11.3923520119052,3.28604919274134,2.99735684507262,10.7892823875862,3.27974852418285,2.82462447145151,10.2792518565601,3.25823110082814,2.91411293416098,9.9896743029036,2.80166186328163,2.74794028318504,10.3316419238643,2.74035686718776,2.81504150147411,4.4990624595145,4.4119866916696,2.56825067809344,7.41905722600468,3.31606825384939,2.46924826700752,8.30877951436243,3.1538027703657,2.527013324183,9.18531659088348,2.98761713305224,2.61252240113681,11.5400432296912,2.49271122193923,3.06591380716864,12.8765574633863,2.35096849794621,3.3565710104304,14.6530338907229,2.15061915826251,3.44671636906462,16.0309080422508,2.03506146981944,3.70852661423542,16.9455716292817,1.92808469721452,3.95103286172795,17.8359372708301,1.75092746393232,4.30478792521825
6.3910744115572,4.56710038554551,2.75603052213053,6.68810172949084,4.56089161079525,2.69518674119481,6.919409735413,4.51009722873768,2.64235418303288,7.08187250838494,4.25444006599862,2.08914185164034,6.69766323271923,3.98140919287814,2.45648888313137,6.45554767688853,3.54128269313324,2.32554814147014,6.62769450899637,3.49730914083635,2.36705096779183,11.3165109628037,3.41073440939063,3.44739983313274,11.5510627033618,3.35177818166669,3.29081407062372,11.3807419232743,3.27273685212923,3.00455450433368,10.7674906695378,3.27733265241388,2.82839735856943,10.2625315233952,3.2589521269874,2.92018285393362,9.97244620667598,2.80287333185013,2.74398193807214,10.3281596058252,2.74308037229929,2.81887333589751,4.48964770317749,4.41232681860745,2.57763455950513,7.39977678333337,3.31528592366754,2.47480764063427,8.29793620009553,3.15819745142524,2.52766255354327,9.16379682830066,2.99020601150195,2.61323947288236,11.5495597906609,2.48499871570119,3.07837023966613,12.864875133807,2.33903800670582,3.3668988060604,14.609742657735,2.16190443601523,3.44359671960221,16.0241585655735,2.03632184389407,3.70432450898375,16.9413871991656,1.93181418871429,3.95273596657144,17.8301771104386,1.75543025901884,4.30179701363033
6.39064562791649,4.56560075307549,2.7542721670744,6.69170979719593,4.5526172447548,2.69862796793555,6.92146470375771,4.50629264604263,2.64129736162372,7.07575584054712,4.26043805327218,2.10984896798193,6.67956741699725,3.98782456770814,2.4578467050339,6.43665637739011,3.54385146900335,2.32726498424106,6.61171582683291,3.50015075051081,2.36431743638281,11.3145956525389,3.41075253598357,3.44836176293213,11.547501068747,3.35428403179285,3.29137119586823,11.3692206103514,3.27719333705212,3.01432238479997,10.7684081393333,3.2721298688126,2.83111188582687,10.2739377194163,3.254108615034,2.9255940347918,9.97660626674892,2.80240408206152,2.74476340659387,10.3261099888166,2.74643797763639,2.8217526019958,4.47750248650656,4.41797451324635,2.5889417589911,7.3884475472633,3.31833947662726,2.47622057051623,8.30259779203892,3.15743516595953,2.52847910864213,9.16386218200511,2.98478169565892,2.62150124255655,11.5438231184363,2.48906556659195,3.0780462800427,12.8546366282926,2.34209101650471,3.36486807097101,14.8825967631862,2.11354580719296,3.51171665160284,15.988739511128,2.0406530765927,3.68909605407026,16.9327160495107,1.93629384762278,3.94769428098176,17.8237091127859,1.76262375910218,4.30307297769234
6.38920090913974,4.56740143820172,2.75579171721587,6.70372025636265,4.55033722662469,2.69843004227534,6.92133752514323,4.50405591966965,2.63897931794389,7.0618651041685,4.2483399566574,2.10272952682051,6.67278217511382,3.99539636021157,2.4507816163018,6.42224363058066,3.54342232853558,2.32592483378632,6.59968563223295,3.50005434512249,2.365356510409,11.3101864091857,3.40384826772194,3.45244361850683,11.5408071009525,3.35074623037851,3.29361570985452,11.3617087748792,3.27865136546002,3.02211417866482,10.7613910199706,3.27668010914219,2.82923469203838,10.2660617746906,3.25107316906787,2.93124733826881,9.96938203855031,2.80267971558944,2.74551199168445,10.3233950362305,2.74695862627802,2.82108848077535,4.4652640744777,4.42125495435485,2.59626002819396,7.37295858680499,3.31724218526608,2.47774516667839,8.29010713089674,3.1586913489647,2.53218534512176,9.15196650827649,2.98263733567965,2.6203275098286,11.5035890311069,2.49093710719241,3.05789809343798,12.8277399017136,2.34366231517197,3.36462569783498,14.8776972726118,2.11371884478076,3.51039287369773,15.9774284438982,2.04568747785358,3.68579515816885,16.9074917441808,1.93817608737015,3.93515615022951,17.8129155365973,1.769921670902,4.30044530119262
6.39244083971621,4.56526283185258,2.75634762712628,6.69863664565122,4.55386980857393,2.69548532363173,6.91891207168081,4.50283649608431,2.63882780511068,7.0499516176422,4.24380213846347,2.09841176477805,6.66551143271111,3.99474619764534,2.45062330122586,6.42302184403952,3.5414927453819,2.32183610204936,6.59576402376651,3.49921972548141,2.36458651573842,11.307261453449,3.39818337520832,3.45724972624743,11.5347039473758,3.34831537759767,3.29589158476824,11.3537061922166,3.27880180027903,3.02554152498466,10.748068606958,3.26027959683331,2.83856087614709,10.2484677781407,3.25607693152077,2.93217287622128,9.9553458905866,2.80285379194179,2.74922712308253,10.314241196685,2.74609413508812,2.82519246965557,4.4521566931145,4.42907352476075,2.60745045649141,7.36242581911125,3.31383173416164,2.48447749068499,8.26416754590162,3.14541089865377,2.54281557864203,9.14233261586809,2.98188181111909,2.61883057516801,11.4978910686321,2.49177937560167,3.05317565919951,12.83915295719,2.34050460962053,3.36812308003138,14.8751266555588,2.11547160582228,3.50740662020077,15.9750791369392,2.04670879485002,3.68482362119337,16.9073163933369,1.94067239017425,3.93549902946417,17.7999125740384,1.77325503429831,4.29184814865838
6.39056131103083,4.56643135328206,2.75515993451429,6.70068256994592,4.55284525955054,2.6933371562921,6.92016238762954,4.50405887322448,2.6361642575016,7.04397706711518,4.22786340423311,2.07461669318845,6.64475895179206,3.98777516826536,2.43854678988099,6.40589052506672,3.54767308827318,2.33282651655141,6.57945703039004,3.50030265837664,2.36268865903029,11.3054679732253,3.40285142630296,3.45217203831512,11.5261100536003,3.34853561831233,3.29238385540885,11.3372747848297,3.27851706979007,3.02486714920979,10.734850834317,3.25895907800968,2.83385812519575,10.2287651424309,3.23691633896993,2.94103549298875,9.937349036856,2.79275359809942,2.75611476300435,10.2988757205228,2.74248608018985,2.82401994071743,4.43741473590397,4.42974745080495,2.61990258140936,7.35485022859996,3.3111950384439,2.48316539467942,8.23870119904332,3.13052846907568,2.55440021911331,9.12390007485783,2.99108099984352,2.63363913934743,11.5018990888463,2.49208273605463,3.05680100052088,12.8475160285095,2.34504585021479,3.36466011068636,14.8711774099611,2.13062643793017,3.51073719488254,15.9678050949743,2.05072812181781,3.68641274153338,16.906079026084,1.94322845651954,3.94032661970979,17.7931342040752,1.78056389349706,4.29922323162374
6.39346290107698,4.56464416998402,2.75517506470715,6.69856428210489,4.55054394762564,2.69362653413507,6.91782417352559,4.50098674952119,2.63387016570759,7.02597467961509,4.20712277743887,2.08523207560323,6.64169133917963,3.99209229540649,2.45073683781973,6.40103053851755,3.55287850047207,2.33152839327496,6.56910978851393,3.50923768024564,2.36191277746858,11.3069822479196,3.41002113024871,3.44974376882467,11.5224024801861,3.35274906285485,3.28786742076191,11.321989569783,3.28251257173763,3.02991051220082,10.719578571818,3.25978121019227,2.84157527126985,10.2140565985964,3.23373335280027,2.94298583293443,9.92869002513085,2.79519054214125,2.7563201349843,10.2859603089011,2.73877072037813,2.82520826288982,4.42884554675874,4.42820764806942,2.62525639091174,7.34723039465874,3.31166930732114,2.48444276709244,8.22277592701188,3.1278320428038,2.5606951201632,9.11221948040959,2.98401392953326,2.64134583614608,11.4922474518448,2.49061498167036,3.0560502821466,12.8353156727562,2.34143123577327,3.37202424833525,14.8489413746241,2.12864294594167,3.4996836271052,15.9190457504274,2.05043084891881,3.67308468772489,16.8911148227411,1.94577831626453,3.94091582988783,17.7845733131907,1.78429917194938,4.29774593995035
6.39280501582386,4.56116466689169,2.75261277106696,6.69993352843439,4.54826593047406,2.69285208620944,6.9163301284946,4.49920525346634,2.63237485431895,7.03302013907232,4.22614208739127,2.07201081848687,6.63334465910603,3.99113030349143,2.4574780263914,6.39738801317842,3.54922345182668,2.32640234733064,6.56480473750547,3.51081884371945,2.36007211913171,11.3104070535049,3.4139752704753,3.44776103299702,11.5201335603151,3.35554870000405,3.2881314911742,11.313846196906,3.2847557968288,3.03441612305718,10.7187535834231,3.25913680272316,2.83881710775921,10.208593634768,3.23415687908641,2.94796977511757,9.91312478780539,2.79430911083034,2.75627668374434,10.2702788219698,2.73685325841175,2.82806414876621,4.41734901267272,4.4347571410268,2.63126046101611,7.33618660151076,3.3137297420797,2.48684951425662,8.20896149545254,3.1286463143275,2.56300730304138,9.08364503488024,2.98283455134148,2.6425483906206,11.4896479042275,2.49216698037148,3.06030372012184,12.8288003211664,2.3440524265172,3.37476317120823,14.853175908631,2.12986442170904,3.50226681827343,15.9458652410886,2.05168558603936,3.69057597411407,16.8861294180697,1.947685992276,3.94576025185205,17.7764118147088,1.78820571061474,4.29480119222159
6.39265284736269,4.5598326906007,2.75252428831031,6.69939215412808,4.54666419973321,2.69334561848084,6.91360668770883,4.49690298388708,2.6349025490387,7.01395948384888,4.21096828290303,2.09417924363002,6.62702005303646,3.98987201052082,2.45801275077375,6.38935185118863,3.55440744255035,2.32797642792146,6.5591214916187,3.51661928517131,2.3604072593975,11.3172693112258,3.4201840057227,3.44313588575,11.5214776982425,3.35941653220728,3.28454929111081,11.3005145720664,3.28583694355289,3.02532213334115,10.6981332944141,3.26700275780491,2.82547382533968,10.1936123836003,3.23250015667004,2.9448844476909,9.9060835224479,2.80275202922152,2.76901112079064,10.25523281546,2.7369102671691,2.82517878613083,4.40710638691392,4.43680912436605,2.63684517218133,7.33492079617661,3.31078500762706,2.49029354262958,8.20105756941696,3.1248692202056,2.5685618539364,9.0680905397963,2.98535131391439,2.64097121490515,11.4845630731835,2.49557662385827,3.05463297230116,12.797980748666,2.3496514348204,3.36072288868589,14.8775845827876,2.12684705491502,3.51381014608412,15.5445564306222,2.08928596502618,3.53574786955546,16.8774581272541,1.94950081968819,3.94709577604165,17.7648321490663,1.79013289848711,4.29298812629454
6.39145472152888,4.55994994036628,2.75389594200333,6.69842673113998,4.54452911558148,2.69470525549888,6.91314821500635,4.49688494082615,2.63592553967982,7.00763145906542,4.2147409525792,2.09788736613369,6.62140529525165,3.99413789524479,2.45725408118636,6.38333252127979,3.56119753373037,2.33488183753413,6.54616349901032,3.51942583839776,2.3644122778076,11.3229053054191,3.43225628230332,3.43920953086264,11.5195751180738,3.36280553637913,3.2723631504651,11.2827919767132,3.29736217807796,3.01931619538921,10.6877535656283,3.2727694038092,2.81065140657097,10.1833053263848,3.23875577634139,2.93671669010826,9.89692429937025,2.81470406528199,2.76548623023284,10.2458602001715,2.73950661772714,2.82959534005946,4.3993700367298,4.44083014788635,2.64176643327717,7.32335985962937,3.31672661106639,2.49077669544487,8.17905335541583,3.12606059003032,2.56679917842739,9.058246765012,2.97072117828549,2.64473305871024,11.4768336850149,2.49755228024185,3.05369949201608,13.1268618978152,2.32863067024659,3.36078150228644,14.8608252736569,2.12950568178898,3.51487468733143,15.8565836459207,2.05588548321613,3.66327771039699,16.8604889572114,1.94813735219615,3.93829018654555,17.7539111606576,1.79641093917804,4.28804876578949
6.38990491433755,4.56093437081128,2.75394482824859,6.6978685164522,4.54407213218812,2.69466269012654,6.9130283380213,4.49883529985578,2.63493144290723,6.99870591586083,4.21612756407655,2.10408197816221,6.61448179819669,3.99467456813208,2.45945790159392,6.37710890523509,3.560127026187,2.33802128244913,6.54094777069642,3.52109957021445,2.37485142862656,11.3282654227653,3.44797444381579,3.42937009902579,11.5124261743661,3.36058317732389,3.26296313318033,11.2627130632001,3.30247336489105,3.01729956440208,10.6636954296809,3.27943877289442,2.80570864390704,10.1502773513745,3.24967198779573,2.93338101317067,9.87809095339704,2.81419770635835,2.76509408374612,10.2280944343487,2.74070631685349,2.82853901942724,4.39287278282521,4.44730237033842,2.64267154297997,7.31186363113765,3.32338546103069,2.48828227181885,8.1711737833326,3.12306283474403,2.56978082929278,9.05406196619206,2.96707002052609,2.64650956221783,11.476580669167,2.49848036086323,3.05551563669313,12.7166686752316,2.36351120808428,3.35686365266148,14.8169139272289,2.12858228599205,3.51935617625414,15.8857050062689,2.05281214834984,3.68171132078622,16.8527716411855,1.94848420683918,3.94040683538143,17.7460852133534,1.80064790054344,4.28516791950563
6.39207995555645,4.5587088009517,2.75418347609271,6.697678999059,4.54019675453444,2.69330504336953,6.91273011398157,4.49541898496542,2.62972955484769,6.9847476094475,4.21288884927472,2.10056554568994,6.6021012989759,3.99534002201496,2.4584592991174,6.36694705651749,3.56564848473927,2.33356952098816,6.52982582478749,3.52677582280379,2.37385500932967,11.3265661763415,3.4363799913656,3.43519259777969,11.5050997172253,3.35917612418671,3.25883560258722,11.2530020513625,3.30580954518027,3.01767026946645,10.6444407736297,3.29188457865339,2.79546908729328,10.14596479992,3.24748833355273,2.92952677907785,9.87404827849566,2.81314729303102,2.76638711990873,10.2228103353656,2.73964848906379,2.8296256897839,4.38411354727469,4.44747705979929,2.64661696216719,7.30280018030911,3.32348340916747,2.48994529905861,8.15624879366832,3.12044061985111,2.57254668424981,9.0412662630444,2.959767126866,2.64615912593963,11.4312075892437,2.50565119869164,3.06157122127389,12.7747450914816,2.35436805868052,3.35511269836961,14.8220871293672,2.12602607702375,3.52202982158527,15.8801540108969,2.05261730466667,3.68286118043058,16.85197268331,1.94719128307091,3.94573949013417,17.7391742029377,1.80508738407487,4.28250544150106
6.39214835713632,4.55819094743205,2.75315832789481,6.68420805417472,4.54344256965039,2.69182149775461,6.91270610868045,4.49224945275775,2.62740197735514,6.97308014404411,4.21272635221805,2.10299747176331,6.59204671119073,3.99675765993788,2.45861109673664,6.35506266153657,3.56752260114981,2.32265922819433,6.51902959674981,3.53083595124898,2.36739943539471,11.3263938024917,3.43373290413383,3.43655912762601,11.50128613168,3.3568413028848,3.2575251796832,11.2496556628704,3.30446463925159,3.01337121010692,10.637439119021,3.29220145961399,2.79444280746434,10.1360803676961,3.24778452867356,2.93002495825496,9.86342563319372,2.81540702376584,2.76426541070987,10.2120282705364,2.7418722707073,2.82820169128144,4.37879937664368,4.452799120253,2.64102740696428,7.29498903037873,3.3204848942414,2.48995688302241,8.14395670082058,3.1180537610946,2.57312644061281,9.02835987211901,2.96107138480465,2.64626324018739,11.4276128025103,2.501812099536,3.05663315283239,12.7084572723399,2.36597827029389,3.34943610067521,14.8189011285179,2.12809009416673,3.51954244636385,15.8792658396108,2.0512362408634,3.68324132190985,16.846570229934,1.94553006366293,3.94468261798613,17.7345359081072,1.80480859700066,4.28288354738921
6.39046347106768,4.5579695337697,2.75192642091249,6.68404953719532,4.54350467023567,2.69226677589339,6.91299463108183,4.48977369365601,2.62561418831471,6.96659523794978,4.21461681273456,2.10322276870965,6.58077631451038,3.99723695198185,2.45332394967438,6.34760036067069,3.56708794275345,2.31634201811344,6.50806942117909,3.53036749207853,2.36337286575252,11.325762246173,3.4296882090179,3.43588359563671,11.4974799310406,3.35554627335297,3.25381299585306,11.2359574629047,3.306217353038,3.0120769496618,10.6203641940772,3.29696904074962,2.80089579716913,10.1238857852043,3.24502433339398,2.92795453730965,9.85304470828475,2.81592882870854,2.76053412139396,10.2063468998559,2.74392446913475,2.82684113558526,4.37170595530302,4.45212759312894,2.64069547323174,7.2854741012208,3.32103277386061,2.48810264803942,8.13433540373821,3.11972661727847,2.57031927965518,9.01922309999671,2.96297861290008,2.64732409955089,11.4254609104164,2.50252948258771,3.06367879688092,12.6979269293132,2.36870240992031,3.35211437239385,14.8158607310885,2.1272881302293,3.5212003209522,15.8830125186373,2.05063910137778,3.68892200251867,16.8469953126454,1.94470265813311,3.94998328546048,17.7307716688095,1.80664900895547,4.28273672052877
6.39020362887274,4.55709312633572,2.75208087560728,6.68401514538466,4.54450610068812,2.69311247908303,6.91145863685959,4.49101224514379,2.62836761042122,6.96425226262612,4.21474529399775,2.10182651844411,6.57469558580298,3.99835350118042,2.44564615421246,6.33917827399348,3.56859338706171,2.31000445308843,6.49756701238469,3.53131611804943,2.36050824571438,11.3253903849534,3.42780961599661,3.4358431582012,11.4939304624713,3.35264909229229,3.25098661340493,11.2326559483765,3.31175562914685,3.01439176226122,10.6215742983693,3.29764985521569,2.80085683286008,10.1287346059003,3.24592863660258,2.92677967646796,9.85094092817691,2.81769938456145,2.76122255822325,10.2025473083275,2.74588224521565,2.82525106379495,4.36602752589641,4.45466219194109,2.64446311944995,7.27627745801376,3.31963055864885,2.48884149659768,8.13030356374743,3.11876862748086,2.56831276222859,9.02137089089728,2.96026474645513,2.65104577189398,11.4180884768773,2.50414977585986,3.05221829358551,12.7709533157121,2.35942700354262,3.36764044232311,14.8504727786355,2.1284343666158,3.51538254475433,15.8759309747132,2.05059720097137,3.68977842762234,16.8412467595021,1.943754687779,3.94851876700786,17.7257144834807,1.80728128431525,4.2824931120082
6.38970466968099,4.55885006817106,2.7509290741263,6.69731363422808,4.54139557076936,2.69721415704355,6.91106623853132,4.49020441654211,2.62781169113619,6.95998152379356,4.2153194297801,2.10355321073848,6.56816497658099,3.99893676789016,2.44365252121147,6.33063202223019,3.5686679540913,2.30585567517339,6.486707784088,3.53421515530817,2.35783507586566,11.3257727000282,3.427494364893,3.43269438348629,11.4899285266649,3.34917007565661,3.25250600407158,11.2239933269947,3.31610003653704,3.01601628625171,10.6202757314082,3.29851807583361,2.80218059110519,10.1305690000784,3.24455845424074,2.933696503146,9.85872289108194,2.81509249709962,2.76829133857035,10.2081751164996,2.74640736147319,2.83144448413346,4.35963846240308,4.45810117903628,2.64393522547866,7.26822859365042,3.31442527145111,2.48678438890268,8.13152408005251,3.11382295899457,2.56583296112893,9.02363496934146,2.95263249193713,2.65481210034164,11.3887625105395,2.51527267719439,3.06547224311816,12.7506784574987,2.36299526638321,3.36681262484498,14.8491829533199,2.12761802371272,3.51535914310678,15.8739570723927,2.04901594436046,3.68785218747808,16.841297451807,1.94238708922518,3.95047895918092,17.7214574652289,1.80865269937503,4.28274808609488
6.38864226771774,4.55715451250816,2.75182072466269,6.68302019139703,4.54393478952901,2.69554913842456,6.90959328427038,4.48903715374941,2.62766132117739,6.95837935309043,4.21467705814319,2.10278407792792,6.56388278232233,3.99867975645484,2.43926074660813,6.32623171057565,3.57079390543062,2.3046148993664,6.48395940419283,3.53340450413265,2.3593929360757,11.3247451836813,3.43209661163218,3.43228436616956,11.4886052012462,3.34744132452108,3.23993462929206,11.2117696398332,3.3246693576297,3.01111884835466,10.6124827485474,3.30596345587338,2.80137880821677,10.1232710908759,3.24474171819368,2.93254629890212,9.84632128739818,2.81392121927776,2.76685226946213,10.2007348073844,2.74996595990661,2.82966820770395,4.35293798782348,4.46081990312905,2.64214528239006,7.26653073933702,3.30944113093502,2.48709489815539,8.12234773494799,3.10985542728279,2.56341807495437,9.00704146394546,2.94940783349143,2.6539657466392,11.3901964172654,2.51408321528664,3.06467461916229,12.7418458253158,2.36514796501113,3.36377897296743,14.7939505582948,2.13191719684657,3.51980405914544,15.8634380255748,2.04726318293271,3.68921165631054,16.8307784805775,1.94269225984776,3.94793026862574,17.7171355655209,1.81020070706092,4.28172837212878
6.38732578596298,4.55766531785863,2.75080281174348,6.69508209506742,4.54123886429925,2.69937565709123,6.90798717352124,4.48928180615081,2.6280392692724,6.95751217085931,4.21833098625394,2.1061630749314,6.55854691333157,3.9993714364712,2.43793808253782,6.31859501639498,3.56986434898879,2.29829025264524,6.47867814771944,3.53710272579271,2.35426392877667,11.3246362278637,3.43694025647658,3.42874033934926,11.4772781869083,3.351574249922,3.24008000273114,11.2060480009362,3.31506305818073,3.01059241748165,10.6041564174041,3.30995260211994,2.81079106460181,10.1170327986112,3.23988429785435,2.9317182094447,9.84266813983158,2.8130093172835,2.76800476128501,10.1992463032717,2.74953647786866,2.82921741819744,4.350160729905,4.46317869450455,2.63426729178747,7.25986366476725,3.3118772006598,2.48556677328582,8.11325691457854,3.10582460617051,2.56107666796147,9.00888158219899,2.93750427735746,2.65483098921214,11.3826072928447,2.51566715474376,3.06324244685928,12.7763654467446,2.3625425946812,3.37222287646899,14.7934161075165,2.13215869265451,3.5211122798075,15.8624739006835,2.04676562390338,3.68995739230841,16.8319692929044,1.94313201334064,3.95075999219973,17.7124839493681,1.81069843412445,4.28166307982906
6.38505033663627,4.55634618426396,2.75305235057117,6.68697869979718,4.53668169589576,2.70082210865284,6.90859420463083,4.48751787637747,2.62754043730628,6.9538031434726,4.22113684687908,2.09853048941228,6.554303014354,4.00188228577239,2.4356801441497,6.31399278786311,3.57155063952851,2.29894545016283,6.4734007123974,3.53652213543109,2.35619940921464,11.3258281248563,3.43508859554149,3.43197589469278,11.4717798763285,3.35189434977617,3.23786311383922,11.1989779116124,3.31438308653693,3.0166365711866,10.5979854916304,3.30933754372778,2.80738273145429,10.1105779461617,3.23308310555842,2.92871589790705,9.83778026115871,2.81052508202284,2.76815828190705,10.1955282082715,2.74948408170318,2.82915654984057,4.34233994055384,4.46487294540714,2.63443668681447,7.25670150733017,3.30532504853154,2.48715002847237,8.11449731458754,3.09969113389203,2.56053679139366,9.00608572345584,2.93251589918631,2.65466684418419,11.4096450210721,2.50219868893443,3.05986503250838,12.705398538313,2.37251322739472,3.35529798918159,14.7491992647564,2.13755150925714,3.51786807361364,15.8451308169856,2.05094557916752,3.68943487936578,16.7999745144011,1.94336764551183,3.93596363670015,17.7045500461119,1.80985771841029,4.27514549652745
6.38583942253937,4.5547570079428,2.75313205370161,6.68849256000311,4.53871377306478,2.70083463973625,6.90593201788973,4.48885075761021,2.62923308417527,6.9479685884519,4.22362466974751,2.10255352224068,6.55033169314623,4.00222459558839,2.43571455114765,6.30704768179403,3.57341782553896,2.29999325949277,6.46821784401517,3.5384405486887,2.35747809270198,11.322908420764,3.43700733298376,3.42968943567784,11.466854347781,3.35144230733701,3.23240504807158,11.1857523445693,3.31527825393132,3.01189487943818,10.5838749306938,3.31565500092398,2.81320786104437,10.1000025795142,3.22932516843617,2.92382527680602,9.82703935473795,2.81143688276412,2.76608155510896,10.1823179384989,2.75165654097447,2.82626444326572,4.33468967381424,4.46346424129598,2.63328854665396,7.25316262439309,3.30467243449709,2.487464992015,8.1064362213502,3.10033078335246,2.55837614247014,8.99424881710977,2.92694896735616,2.65357705572945,11.3743062417804,2.51519704110368,3.06447972114185,12.6683446897177,2.37909889894767,3.34294814994843,14.7343643415449,2.14043564664993,3.51639473534646,15.8366664928404,2.05074844774098,3.69230041397004,16.7879788354045,1.9557395488181,3.93001604228126,17.7002275541781,1.81064798706701,4.27113508370126
6.38539854649429,4.55350134870228,2.75327228130677,6.689586036965,4.53761062969179,2.70087530518579,6.90815937235626,4.48824533311711,2.62913990174861,6.94360991697236,4.22609317251229,2.10511784490122,6.54510724636891,4.00598020852303,2.43461803621209,6.30143991703556,3.57929875475512,2.2983230420773,6.46118448170416,3.54376103266562,2.35595931209495,11.3199583654728,3.43438190393031,3.43167446604885,11.4607934384003,3.35144203924694,3.23026177483515,11.1695998405298,3.31716946495623,3.01246169259075,10.5727229445947,3.31790710500902,2.81515570091821,10.0886367468201,3.2286335444568,2.92221328845697,9.81859130314702,2.80860910496656,2.76437868764604,10.1709286701548,2.75350931856671,2.82417810564899,4.32827698876317,4.46539885227829,2.63249933596439,7.24449234710611,3.30177979003639,2.48783788655366,8.1073256760032,3.10504386354704,2.55726759824892,8.98259599064665,2.92907966110839,2.64982806298906,11.3668198049103,2.51465482378007,3.06169841010048,12.6855665283597,2.37399234542739,3.34483213168385,14.7466127711951,2.13692764682157,3.5190338921865,15.8360818642291,2.05130184890187,3.69353517702417,16.7877077157125,1.95589433567316,3.93019110847739,17.6951787954408,1.81097337505464,4.27097314192578
6.38584731952826,4.55187617577614,2.75468146060564,6.69048866281539,4.53637050170573,2.70151337289765,6.90639051828249,4.4870596078035,2.62939784101017,6.939066336131,4.22957449759337,2.10981045192566,6.5414459978613,4.00816753253416,2.43541613001299,6.29764987665075,3.58222551795886,2.30222406946743,6.46100405140777,3.55160991933253,2.35459585469191,11.3162889589813,3.43481919162448,3.43297809258434,11.4554015562563,3.36262933425959,3.22356853559615,11.1659430154663,3.32180964165665,3.0170195195016,10.575288594614,3.3132771148914,2.81665024705898,10.0821377414217,3.22695844484162,2.91881236031142,9.80889247080334,2.8066200975325,2.76217968478872,10.1654364569469,2.75371130739967,2.82398273214541,4.32010514139568,4.46718154262815,2.63141584091438,7.2392936014941,3.30384266116929,2.48738489590285,8.09811167881777,3.10085104494076,2.55836422040825,8.96876153445889,2.92693503384089,2.64877040021563,11.3660414857147,2.51121964023791,3.06168945338755,12.680787679842,2.37521893960031,3.3423238624805,14.4950500391463,2.17720696406931,3.45761554298789,15.421352389571,2.08549086490059,3.52147711817901,16.7765996929011,1.95580280139089,3.92662865835719,17.688783310552,1.81153297116304,4.26994412449969
6.38449438771576,4.55150708264195,2.75384684490416,6.7011017756817,4.53423024402088,2.70698834016427,6.90429517730834,4.48683553971197,2.62998293293826,6.93315397268626,4.23454373835642,2.12265415441462,6.53282630728668,4.02179736356274,2.45434486639261,6.29677943575937,3.5871544068785,2.30522829938012,6.4565875722693,3.55706535092914,2.35508559324734,11.3107701139563,3.42717027087816,3.4391400476983,11.4553263928153,3.36010576087528,3.21903778370194,11.1598784714582,3.32539208402338,3.01562433546349,10.5728860017957,3.31945880520758,2.80739611741786,10.0772551261501,3.22680518296763,2.91354204281414,9.80008878857937,2.80402481385092,2.75572583482813,10.1605508232116,2.75391846763765,2.82302138750017,4.31063754942754,4.46908714651925,2.62909050623869,7.23234454027149,3.30388251221117,2.48698203346275,8.09551872849439,3.09417501368483,2.5611726008441,8.96749140817427,2.92708090619581,2.64867203751358,11.368246340447,2.51191303124771,3.05778326160307,13.0628548657889,2.32256729248682,3.37691369967953,14.7486058257935,2.13342432305934,3.523501585099,15.4182964803226,2.08549754192408,3.5221371902426,16.7798738846514,1.95740271131422,3.93295598201835,17.6836661417464,1.81022734854222,4.26727650771619
6.38127175877525,4.55055561897453,2.7543203314355,6.69640271916563,4.53052911960677,2.70862393174707,6.90153491348603,4.48384664418041,2.62895966362366,6.94420400960974,4.24697834223643,2.11383182582517,6.52725341448239,4.02618633081118,2.45985964757223,6.28931477581475,3.58850084706289,2.30967052670613,6.44892752609315,3.55812954374481,2.35825318953912,11.3097598451454,3.4300042383082,3.44106495232162,11.4511700133775,3.3636152226122,3.21906906772799,11.1533956603017,3.32859103924459,3.01700220398908,10.5649664643553,3.3190905032985,2.80905917123712,10.0660342322792,3.22855356133469,2.90835900745968,9.79004267591015,2.80600492804396,2.75526224936469,10.1506267015654,2.75541711515857,2.8211907930335,4.30377079114618,4.47302989799304,2.62476019528778,7.22491877927499,3.3082265164737,2.48757205004609,8.08525615780247,3.09601092415426,2.56217830775061,8.95920767233752,2.92579551162817,2.64933864585628,11.3556417836173,2.51351451611515,3.05242921901757,12.7697985892508,2.3632858418573,3.37348533912525,14.704835266901,2.14016585150468,3.51771208181028,15.4023982273633,2.08594528865727,3.52184191903686,16.7622406440915,1.95918813756071,3.93285418983254,17.6747037407712,1.81211515139674,4.2645548561511
6.37895237811312,4.54902454501849,2.75432235584051,6.69434674750828,4.52891601854563,2.70746214705433,6.89868090575299,4.48388458233395,2.62420703316275,6.92261905870432,4.23962737581954,2.12359282127162,6.51481957286474,4.03175818712307,2.45962367468504,6.28175419914859,3.6063898774483,2.30678915177315,6.43597292509542,3.56272487620749,2.36047462705051,11.3083965430138,3.42653594182597,3.44386410179766,11.4456348141365,3.36333848522732,3.22150366020574,11.144994740297,3.33562667222666,3.0176720584873,10.5542529462212,3.31767793851993,2.80609655831515,10.0628609089063,3.2260020692133,2.90499860657792,9.78003947937101,2.80543756924303,2.75277671399828,10.1493009747269,2.75828819751571,2.81822225944878,4.29464332907823,4.47319981533014,2.62104694917638,7.20583502807026,3.31136946935099,2.49029981450365,8.06956489402292,3.08614719076149,2.56848397293653,8.9497752924002,2.91873377328265,2.65146242743096,11.3612636261248,2.51427683031037,3.05533904010137,12.6727486222207,2.3746059449784,3.34416266310639,14.4744289189445,2.17819100225097,3.45687560929624,15.5342290629832,2.06595796429978,3.56672498858545,16.7550310883186,1.95976238869885,3.93283979474399,17.6647703143189,1.81484284250753,4.26320696852412
6.37643691916703,4.548230144556,2.75385530510313,6.69209986441277,4.53015632182446,2.70425042340788,6.89874102805701,4.48033129235797,2.62266897524699,6.91208969333563,4.24135814262944,2.12076583065826,6.50502472362113,4.03311256544805,2.45972639588959,6.26660484839922,3.60935699463227,2.31581770358244,6.42048057693058,3.56443618845823,2.36818889950504,11.3045642638743,3.43599448169743,3.44372823844184,11.4363512074001,3.36841109605527,3.2212692816899,11.1377585071892,3.34192802926185,3.0188467786714,10.5408291673265,3.31970109957745,2.81270563169594,10.0493915290496,3.2220971356045,2.90621331654668,9.76169002151476,2.80500483095877,2.75057795345393,10.1268087741607,2.7473202000108,2.82414303630827,4.28771231222587,4.47258634685711,2.61289194597642,7.19260187514481,3.31719750795582,2.49557337958138,8.06226604014768,3.08572856017918,2.57325781320995,8.93433757183097,2.91838156639005,2.65191484182981,11.3564578492533,2.51245218523319,3.05080914343377,12.6648263269988,2.37604499847787,3.34201944140734,14.5026106643063,2.17516307986177,3.47231280346765,15.4014976473725,2.08245801512558,3.52871490300095,16.747780461847,1.95911044926112,3.93699242132011,17.6554066041068,1.81759619436073,4.26153251066049
6.37734033904737,4.54605363945614,2.75741656678372,6.69325050834581,4.52810157065253,2.70269109128375,6.89805751979104,4.48318679273079,2.61456304323681,6.90802451926309,4.24545123086909,2.12804660187271,6.503663654068,4.03787688603356,2.46100337393541,6.26230779099522,3.6159970340389,2.3313724976161,6.4192732855725,3.56762032226067,2.38121803597032,11.3212232884119,3.44323395601933,3.44193260756959,11.4314265378926,3.37469576686447,3.21782802829149,11.1305957741367,3.34839948458961,3.01902247324243,10.5381026956139,3.32291150040168,2.80707513711034,10.0521342282617,3.22700679542668,2.90046185956885,9.76480095932525,2.80339760511673,2.75545095450887,10.1288251586489,2.7466316865112,2.82658780845955,4.27888798471016,4.47014493043621,2.60071104988713,7.19127034428784,3.31573420917034,2.50170184966108,8.05302707278305,3.08540136993827,2.5751217822998,8.93793464748294,2.92355625856563,2.65098378785573,11.3556080589086,2.51159186041273,3.05569206790859,12.6780308982194,2.37308664789302,3.34538039953628,14.4458645743098,2.17727954241184,3.46189155298251,15.8048212123659,2.04734622113642,3.71091131566576,16.7330468401097,1.9633400402137,3.94215416603954,17.6468452482717,1.82057839335699,4.26157126054338
6.37668082884734,4.54546626759909,2.75533181599037,6.69196918864288,4.52971216184607,2.70332273680704,6.89859500530942,4.48489870765993,2.61168357029614,6.90015352540673,4.24203790276839,2.12906923995111,6.49789691620134,4.02966096002057,2.44433393144676,6.2483794553136,3.6200248792725,2.33646807629017,6.40186476505981,3.56924757933376,2.38454831256256,11.3202202761397,3.44432115104818,3.43970313921045,11.4251476465929,3.37703315819385,3.21763978254353,11.1208079492925,3.35376646971046,3.01659437313792,10.5297534171158,3.32753730675752,2.80446453720345,10.0367826949863,3.22735543862152,2.89571472533853,9.75568055881577,2.80639838462291,2.75631773363944,10.1186685742784,2.75162512255326,2.82691394470725,4.2693194260769,4.47286125219699,2.58595299091022,7.17662056186109,3.31691018587038,2.50361915907199,8.04784795368247,3.08994035264023,2.57651612361675,8.93063702237816,2.92272103024645,2.65346456510331,11.3546008807899,2.51482922245472,3.05640461236844,12.6663407558845,2.37203894136064,3.34165390063941,14.435129888413,2.17771980048451,3.4675180895619,15.4171330517058,2.07778149218261,3.55487280198858,16.7348243869083,1.96387528463656,3.94760716400008,17.6373267728956,1.82483961895843,4.25723488389393
6.3744052245244,4.54550237240022,2.75663678969796,6.68926935192661,4.52834134865177,2.70443671706783,6.89937424793648,4.48261647352179,2.61724319788582,6.89375619423718,4.24334862603929,2.13496176647217,6.49229897616686,4.03220953642154,2.44814691230721,6.23474142366718,3.62002532070911,2.34501972650808,6.38602730345735,3.57345584489576,2.38671046427194,11.3225126541554,3.44927218172835,3.44163032335969,11.4194256884463,3.37916852396298,3.22071830058514,11.1146476106243,3.35732174934445,3.0194688148631,10.5229603035771,3.33556680852597,2.80630471713019,10.027217326803,3.22760824972405,2.90358370136409,9.75482876931337,2.81020765364529,2.75496366643213,10.1092128902966,2.7546174726054,2.8278413636362,4.25865551924116,4.47155000735211,2.57072242789846,7.16452136548067,3.31228816825901,2.51010522504333,8.03759051595201,3.09369081727,2.58163894484081,8.916127922974,2.92650898240527,2.65471482757433,11.3262216171361,2.52440747180109,3.04839957671752,12.6662390071391,2.37109462752127,3.34207569835267,14.6990191377911,2.12899148310949,3.53102326869026,15.411707020058,2.07565239801908,3.55502319632571,16.7296340767011,1.96151270767236,3.95055369582715,17.6338535044899,1.82670667255845,4.25384346153421
6.37646597745659,4.54457007554093,2.75498841852863,6.69039105808414,4.52915176928896,2.70167775722975,6.90005467446673,4.48262387302033,2.61280993649147,6.8880567576217,4.24517268845158,2.13946915315912,6.4867024679906,4.03355931300602,2.4507595461363,6.23332003521149,3.62313911471843,2.3592478550007,6.37651336432424,3.5730392294302,2.3902854163343,11.3328591281533,3.45232928766162,3.44442084187295,11.4107431192595,3.37897405853604,3.21951690132134,11.0935126676829,3.36264453445451,3.01968302321416,10.5010879876144,3.34204209272884,2.8027878333401,10.0197546830486,3.22643668567914,2.90300357475131,9.75170761622959,2.81016471014556,2.75727249945901,10.0994546609981,2.75131436437902,2.83165641934321,4.24592419751559,4.46775004533132,2.56013296545812,7.15034925398618,3.31061860756772,2.51595906385498,8.03162128638921,3.09693822177492,2.58782382240662,8.91108039783869,2.92651476215841,2.65686349641632,11.3188488162631,2.52779610867537,3.04873906726353,12.6624702048841,2.37226990319582,3.34500263997381,14.6939790397669,2.12870639105581,3.53256202711827,15.401110273913,2.07413854312454,3.55270378113228,16.7279955508815,1.960222177195,3.95731090397101,17.6275094265594,1.82975902649642,4.25024434691548
6.37312867209194,4.54461315255061,2.75402203785096,6.69051459767637,4.53317116157951,2.70112115457934,6.89997161433433,4.48368890119408,2.61512818231097,6.88207123026161,4.24830671490291,2.13861410238692,6.47736920519532,4.03898280126144,2.44617890019423,6.22619149648717,3.62666844270957,2.35682458845151,6.36713031358831,3.57656387718925,2.39321130116286,11.331955553651,3.45782462976385,3.44396287857875,11.4027198212002,3.37508666733267,3.20753645907336,11.0821141734642,3.36332456087931,3.02045210355139,10.490049449767,3.33804668174007,2.79534989216866,10.0067728280757,3.22036816261543,2.90837076285615,9.74621359190324,2.80782290068129,2.7622586996221,10.0863602672763,2.74774727233686,2.83727748145242,4.23383485713643,4.4695870906098,2.55296440612845,7.13589815035955,3.31202215664467,2.51878586977331,8.03022214376602,3.09203993277907,2.5970004486046,8.90766955683462,2.92436151441683,2.65841207930611,11.3242209083492,2.52681124124726,3.05544733555387,12.7997664909888,2.358874710294,3.40547466188529,14.4451426788848,2.16769457380104,3.46612021935015,15.4208953098602,2.06784509362934,3.56120559330213,16.7270323608227,1.95875884077691,3.96166884891563,17.6222146725375,1.83386064287672,4.25164319278509
6.37173122175051,4.54479366842585,2.75470599884874,6.68929297486698,4.53349575000552,2.70373361451956,6.89924316297374,4.47879595365138,2.61502243213786,6.87661515568758,4.24264633052309,2.13014437619031,6.46668207622305,4.03565347902242,2.44771019719124,6.21735249379008,3.62650832558647,2.35651268256196,6.35827389428303,3.57392007191638,2.39400956111609,11.3304935319555,3.46340177838247,3.44213006196272,11.390283441037,3.37634990187627,3.20028106407343,11.0677314681923,3.36886912675666,3.02398668498989,10.4729911771975,3.33505617171525,2.79262241224151,9.99248048413195,3.21800029195599,2.90831957288811,9.73351316020541,2.80326751751735,2.76169927912407,10.0702573240589,2.74441155450264,2.84085055420689,4.22622930801063,4.46737543833254,2.54022931843606,7.12972705105841,3.31361596974742,2.52141223773244,8.01843317334657,3.08578075569598,2.59958990486244,8.8862884012956,2.92807924584941,2.65809508992037,11.3115807987461,2.52720864817684,3.04781001797076,12.663448409392,2.36898535422269,3.34629518520937,14.6811763311818,2.12384181816654,3.52713069475794,15.4135563630055,2.0658093928921,3.56152829635013,16.715889950987,1.95517780614266,3.96135626246749,17.613394552099,1.83804959648971,4.25012621935374
6.37323790233853,4.54283437047547,2.75652649641707,6.69200566391771,4.53240690898475,2.70345198818492,6.90175918775214,4.47694405456457,2.61621942031147,6.87089741994119,4.23871020117183,2.11954481482575,6.4558885067286,4.03560738902377,2.44754438518777,6.20339953210744,3.62944619215772,2.35721072433401,6.34623638444837,3.57543242377317,2.39578458359922,11.3299349035999,3.47446854864615,3.43639460512023,11.3771786739244,3.38284877726733,3.18987166555276,11.0548683262521,3.37732094277415,3.02147246918779,10.4504465051429,3.33797670341968,2.79290515565733,9.97356040431311,3.22587850960889,2.90796042941882,9.71784284692181,2.80035060373567,2.76325790768067,10.0683946628299,2.74049858579985,2.84390111224702,4.21741166806747,4.46968797355098,2.52919576281295,7.12666262171718,3.31343257659218,2.51983547773301,8.00096004098178,3.09180268454904,2.598213962832,8.86979986438886,2.92404596405146,2.66591400810187,11.2391949810818,2.54668683285953,3.04678063738185,12.6681158824645,2.36943594239849,3.35085315766588,14.4168505641767,2.17059377277045,3.45435825921993,15.408237838913,2.06658530424565,3.56316093242235,16.7105289631985,1.95383590461655,3.96577447565687,17.6044917543313,1.84285733826747,4.24929794901865
6.37059567868386,4.54317790870982,2.75553338007452,6.69084955376563,4.53270367019805,2.70498312727917,6.89940438359838,4.47913981105804,2.61534164456152,6.86339094777846,4.23363233736206,2.12752325083374,6.44871369518988,4.03738502391872,2.44461155721779,6.19556125705328,3.6315714641954,2.35509458175452,6.33873092824884,3.57576481872079,2.39644183400115,11.3329273644151,3.4950152917853,3.42410066064175,11.3660798939337,3.38522130150898,3.1833618046786,11.0356182986371,3.37555707526285,3.01257131406338,10.4285676989156,3.33402570587475,2.76547399213803,9.95418385684512,3.22541241469118,2.91076083265128,9.69536965312913,2.79857815677761,2.76414394915454,10.0499079613172,2.73642986466624,2.84221166233518,4.20832954817534,4.47357507940538,2.51987441560565,7.11543371926687,3.31426644786615,2.52531446661004,7.97664357319056,3.09171707081491,2.60210346303829,8.84424799459402,2.93300460549143,2.67559576911354,11.3103236090992,2.52936321343157,3.0527474452928,12.7185208667126,2.36900028809535,3.34966704430361,14.4071011438282,2.16913947648735,3.45779731388421,15.7812139712381,2.03794819762956,3.72729523527524,16.6995554087778,1.95402650336976,3.9653534911083,17.5936977452505,1.84580211048553,4.24781202615621
6.37156744284968,4.54425226320937,2.75762907286558,6.69076682718692,4.53084890323689,2.70536003871904,6.8969713966012,4.48034172582404,2.61430381849656,6.85904596612743,4.24456142154745,2.1453422872257,6.4352746847534,4.03672669602807,2.44299817246662,6.1808475679081,3.62971368571304,2.35396609963044,6.32891360875113,3.57445214601362,2.39617803657082,11.3175259674303,3.50260987293616,3.42131692456756,11.3478269563949,3.38645644158552,3.17877879351688,11.0109701650242,3.38152813633404,3.01477939817035,10.4056723725069,3.34296838501687,2.75442957204837,9.94334228238337,3.22975493445007,2.9083733982652,9.68596621780024,2.79658188969894,2.76680305945723,10.0445934802599,2.7321813178664,2.84127388278928,4.19966908713613,4.47681197340144,2.52149530607222,7.0995590145499,3.313891216234,2.52541321109018,7.95798868112763,3.09949056434976,2.60247652826221,8.84216767954568,2.9218937615782,2.68400814010378,11.3174248761786,2.529806904868,3.053516404893,12.7567968801467,2.37083615529527,3.34738237400035,14.5773416120283,2.14014991540676,3.49958539614595,15.7811883717602,2.03716647446041,3.72682660780842,16.6953034739837,1.95379838725395,3.96456169784209,17.5808959993356,1.84989844478938,4.24742415274366
6.37086466623808,4.54580136765818,2.75838483071237,6.68964894044545,4.53006049753622,2.70608050465931,6.8980225763863,4.48078541331858,2.61423273776017,6.85401014293097,4.24527716304522,2.14059381935958,6.42420109064872,4.03646512610878,2.44329833789797,6.17399273775894,3.62967760248714,2.34097854370473,6.31634664206551,3.57941348521456,2.39365397314369,11.325691895468,3.51099763614491,3.41904459800223,11.327492995083,3.3911641433132,3.17452480346801,10.9931013434812,3.37310960240687,3.01576158350605,10.3891258840851,3.35533699323537,2.74511555329864,9.91615185352413,3.22650269933292,2.90630245612492,9.67244694561139,2.79412242771467,2.77924833621918,10.0136237203451,2.73728782375047,2.83880770847108,4.19073994508761,4.48561604208693,2.51099215855196,7.08984935780442,3.31148796857579,2.52727737984375,7.94951823928644,3.09909947969158,2.60499109330461,8.81759330483972,2.9152529253639,2.68326934272168,11.2459603095067,2.54918614570995,3.05343531747823,12.7987879831355,2.36980807838939,3.34588871460043,14.555765739657,2.14090014595826,3.50273688132032,15.6090047019164,2.0480205186874,3.65066317090546,16.6658711945425,1.9550872358691,3.95252076049957,17.5652271376132,1.85078407662572,4.24933744878713
6.37278198132862,4.54793265239412,2.75802701275772,6.68508231809367,4.53261597861538,2.70211089719844,6.89979448310614,4.47739468515142,2.60923553018455,6.84108481198068,4.25025402683355,2.14258035243455,6.40666153953572,4.04224696259983,2.44582531000351,6.15788454009053,3.63485091661951,2.33779297444395,6.30156172693543,3.58552211823858,2.39156929715226,11.3472977300996,3.5179966380272,3.41426674801489,11.3010249240605,3.38180860614824,3.16257276520444,10.9666104220491,3.3726403165716,3.00404789100095,10.3796365433837,3.35025301325221,2.72800523880849,9.89347419740714,3.2280710940809,2.90048143053398,9.65260065267067,2.78689798191236,2.77750431487473,9.99711679521703,2.73560116964326,2.83613403052875,4.18383174287005,4.49618711311361,2.49867167603306,7.07975661084224,3.3091090148483,2.52936364563584,7.94285715635517,3.09876572197247,2.60731859834014,8.8102117476239,2.92205019133161,2.67858510188469,11.1903408808539,2.54920125110724,3.0360256251057,12.7848269889804,2.3720702359447,3.34623877104645,14.6624998304898,2.12149743584595,3.5280098522055,15.7180243594262,2.04345640781442,3.70518129225775,16.6617943236242,1.95849812091194,3.95490166487067,17.5520180464354,1.85216211910015,4.25110584870063
6.37172612709014,4.55090340973515,2.75772186034845,6.68396964147412,4.53250948364648,2.70554639202424,6.89841836439001,4.47743622792822,2.61008242112149,6.83328958820654,4.25193730979989,2.14051318693517,6.38780910410157,4.04381269702444,2.44442423759545,6.13950748184109,3.63537441633231,2.33850968954684,6.28258204812446,3.58498077590693,2.3913992885584,11.3460139790244,3.51934671683281,3.42464845009184,11.2759849678312,3.38616882465259,3.18138713786929,10.9423201044539,3.37622130394296,2.9990994529557,10.3590722628003,3.35318791270097,2.71210500806878,9.88538727825737,3.22531376345369,2.89908051870943,9.63517105089247,2.77959916978486,2.78263202344603,9.98602505566034,2.73108172922758,2.83242590631965,4.17664732036242,4.50593558287693,2.48429392831302,7.06691527075394,3.30367821601251,2.5323101789059,7.92601456498131,3.08741574891092,2.61411608404525,8.79856476673765,2.90703767698768,2.68845518457477,11.1870210873132,2.55473316934892,3.05084264311192,12.7937267612668,2.3735112017299,3.35135135316221,14.6354334011341,2.12488714585898,3.52428006893452,15.7006431220427,2.04775949825155,3.70301777550054,16.6471114794653,1.96016466214835,3.95050895490161,17.540237735984,1.85511780515005,4.25142825653506
6.3749502698946,4.55217775393444,2.75921959092623,6.68399602189878,4.53104477469172,2.70592959185704,6.89756639279149,4.48087517961579,2.62351329059747,6.82906341023801,4.25371976899517,2.13614518493005,6.3842847557974,4.04639912258808,2.44131582583301,6.13249472857582,3.63698437382382,2.33622173207956,6.27764078298662,3.58537578498954,2.3915875972622,11.3530338893669,3.52397706639218,3.42478998826706,11.250439305443,3.39725449671615,3.17757295959807,10.9264655294551,3.37747724120648,2.99881152318293,10.3384323918274,3.36053128761672,2.70345135948014,9.86873908772228,3.22655709845847,2.89597465865888,9.6199777924487,2.7810149203151,2.78005545499176,9.97411585248791,2.73348701928808,2.83011141170634,4.16703332296075,4.51138910030315,2.48077011257666,7.06073099990941,3.32135976336171,2.51982151547579,7.91299326313522,3.08479156318349,2.61433335733731,8.78550700818105,2.90298399732672,2.69198836075133,11.1760695143693,2.54716644556287,3.03258476196706,12.7904097372838,2.37309729218044,3.35104138932047,14.6483911340579,2.12509787384254,3.52694954598929,15.698220743736,2.04866536909289,3.70325198579905,16.641419066546,1.96199562740163,3.94943733987373,17.531088646697,1.85502469116528,4.25180464718844
6.37628311943721,4.55463160708313,2.75554394550367,6.68484180575524,4.53074400245768,2.70430233434774,6.89697910194146,4.48120127315693,2.62271789176176,6.82446820436156,4.25689561295286,2.13922907843558,6.38084293548208,4.04680179646327,2.43526244108608,6.12632400951803,3.64061962236783,2.33017600576537,6.27138830187757,3.58808196419399,2.38747505350785,11.3541089306524,3.53068223178912,3.4269664810242,11.2232992080965,3.39798251157328,3.17725401758737,10.9018736812441,3.38395693739886,2.99735101082801,10.3118826397925,3.35805385493892,2.6811189871736,9.84746685566831,3.22299644320394,2.88919617885771,9.60205391183611,2.77999686641007,2.78120534456563,9.96062369360071,2.73495807230026,2.82388383081648,4.15990270614604,4.52025614905777,2.47344223912166,7.0517431862802,3.31953326922707,2.52109698101548,7.89779398387234,3.07768913823482,2.61915093593299,8.7683512808263,2.89577092859628,2.69118956655524,11.1619155304519,2.54861462819212,3.03125548394983,12.7740016473708,2.37677285365901,3.34870020901738,14.6331873697194,2.13155387681352,3.53041326879577,15.6914969607612,2.05201909659851,3.70492212965994,16.632361233043,1.9638433353793,3.94766743600301,17.5222976790942,1.85406125800377,4.25313245116258
6.38018850735939,4.5583039059885,2.75578594380748,6.68754800923676,4.5302659049502,2.70619332044562,6.8959885065016,4.4780173742553,2.61714792030588,6.81396371669357,4.26166078973297,2.1376539017335,6.37426622358858,4.05502254734955,2.44550466952828,6.11421742531886,3.65112913988477,2.32308560059378,6.25829207260598,3.59818430470354,2.37803639290455,11.3585497480279,3.5236986024549,3.40628513183453,11.1867396657424,3.39998561222341,3.15774898106892,10.8808166664815,3.39422362084488,2.9874970443464,10.2948513148458,3.36695344638632,2.6589519835015,9.83873389912961,3.22076607841779,2.88838504008496,9.59441218714013,2.77794162654302,2.78024935915883,9.95286794339806,2.73291815147805,2.81979186302873,4.15278637846983,4.52792712053122,2.46759617819933,7.03551433666176,3.3217467795851,2.52451095923578,7.88669762276689,3.07548092229639,2.61759531619365,8.77274439341339,2.88534050852417,2.69193350632764,11.1431279937105,2.5549708361091,3.04155869937734,12.7306529286058,2.38284793080498,3.35016997534755,14.6355395073345,2.13040401002053,3.52678910292426,15.6584474797826,2.05231895516468,3.69070406074951,16.6270311549244,1.96638801167572,3.94832196368437,17.5116890120443,1.85112533908614,4.25335143735154
6.38658070853382,4.55817136774587,2.75898739201195,6.68345529122104,4.53340701703924,2.70785016306784,6.89539258364452,4.47661377792179,2.61705510317826,6.80203443181809,4.26657638446596,2.14778482759208,6.36909249532212,4.05886648543715,2.45157823650531,6.11589101377912,3.65355770789609,2.31889189572051,6.25689738800341,3.60165804415476,2.37673388348516,11.3330862841656,3.53566471794582,3.42397359251746,11.1593999132917,3.40545196346964,3.1474884734063,10.851783390236,3.40741386612442,2.98069671666883,10.2720332469792,3.36741329577399,2.63974173139197,9.82510841091067,3.22310251692951,2.88860291681039,9.58247311711191,2.77952812183106,2.79063255794689,9.93299051451461,2.73268775479795,2.81633627988289,4.14896129343804,4.54706628098387,2.45280414241534,7.0269825482652,3.31435345255565,2.52775050445586,7.8794954923204,3.06730863058612,2.62165474861572,8.76164211997323,2.87669864849148,2.69900782205363,11.1406657417981,2.55717012858481,3.03731875240203,12.7007963433891,2.38722669761769,3.33553581742574,14.5387372475745,2.14646502996846,3.52498818125658,15.630622375404,2.05677105559377,3.69326304003192,16.6043257399517,1.9743646826845,3.94517297473153,17.5011537547835,1.84958491573414,4.24595998067238
6.38500726099449,4.55853863492226,2.75720911223959,6.6830545989561,4.5331472525214,2.70610889238164,6.89494291325558,4.477802875336,2.61597616008266,6.79789341090489,4.26492868095055,2.14414127424005,6.35905266112076,4.06398513022367,2.449237198563,6.11286564662663,3.65376687227811,2.32030662904402,6.2476940291577,3.60768287689094,2.37466088490051,11.3255171789667,3.51916392368061,3.39401150386733,11.1191935523181,3.4196950391156,3.1369743524098,10.8171785122701,3.41232614734512,2.95917435801095,10.2418706062801,3.36400580551174,2.63752884561498,9.80899205361007,3.22563704917334,2.87758305261208,9.56213575047355,2.77998976710144,2.78833917288762,9.91628217943713,2.73441418582908,2.81416842496163,4.14134252872365,4.55364505217235,2.44579239480109,7.01447890361635,3.31418945792318,2.52874460832072,7.86452983136179,3.06442474239669,2.62176037541629,8.7420396007207,2.8631800837393,2.70840530858059,11.1353003237263,2.55885354242796,3.03888915338583,12.7339543488364,2.37876240911173,3.35426102413623,14.2920996346467,2.19411369877385,3.45013491803316,15.6323648980842,2.05891257845976,3.69426637084423,16.5617710570086,1.97375909151404,3.92125856369277,17.4885925563366,1.84834818320858,4.2462013054681
6.38980464744837,4.55885822515702,2.75887401494125,6.68431057672345,4.53384229902736,2.70554798983524,6.8939876129949,4.47570534047384,2.61120241065294,6.781987998491,4.26221426320735,2.1378505428304,6.34973633889232,4.06772522732468,2.44419852630191,6.08413365724708,3.65925946744231,2.31633208479344,6.2362645356706,3.60657790590135,2.37168781997435,11.3173347308733,3.51285743349861,3.3741046661224,11.0720634164318,3.44797526406813,3.14546026076011,10.7768987849891,3.43272309280083,2.9539982757286,10.2181285142581,3.36843361581064,2.64176901900928,9.78856534992117,3.22428954588621,2.88055771401141,9.54343535563616,2.7808112634182,2.79315876607335,9.90494918427587,2.73519543914323,2.82079242505809,4.13810654775219,4.56515863435913,2.43939174115336,7.00145032313572,3.31599198831817,2.52849624327472,7.84953987171754,3.05935339151525,2.62619432347876,8.72416352092655,2.85833517874158,2.71315508261173,11.1386264993072,2.55774245380323,3.0397543966545,12.7336401214487,2.38823510909312,3.35185509045876,14.3050659318853,2.19418563852795,3.45178053328562,15.6325312013452,2.06102745687175,3.69845788011007,16.5251146568755,1.9792657094695,3.91344624678227,17.4770355867855,1.84980577398432,4.24243967801067
6.3936660158515,4.56184741049102,2.75650952924488,6.68577944527534,4.53374378342112,2.70205687985858,6.89208151457626,4.47418611219606,2.6078841509128,6.77421588970552,4.26316421563571,2.13843650721145,6.34458091070219,4.07265613782438,2.43626624003189,6.0689058251454,3.66607365221726,2.31559175561702,6.22272001915042,3.61068828714508,2.37120641979385,11.2894761133452,3.51375983856129,3.33252670320586,10.9966796102518,3.46910005956391,3.13885957502339,10.7304338153615,3.42742133987955,2.93922012649573,10.1891380403565,3.36503525071604,2.64453052418059,9.76827299392616,3.223168761222,2.88178466674248,9.52667763924131,2.77631736853881,2.79079844906153,9.8892728073085,2.7356678473048,2.82845525050895,4.12547424667302,4.56272900493837,2.43928346638557,6.99557937308534,3.31949417630696,2.52797436511469,7.83355340704918,3.06151305630134,2.62524255248316,8.7046400207897,2.86243980169155,2.70982867266529,11.1550600222366,2.54983035137492,3.03663068412202,12.4667842813717,2.41413633124079,3.30929600578618,14.2910248505628,2.19734388720608,3.45192837887883,15.6360197190728,2.06371748820601,3.70642587605904,16.5542033761679,1.981436385151,3.9312848788741,17.4605700898954,1.85179469758783,4.2405428489405
6.39567416306698,4.56539337585893,2.75644227615651,6.68828330663008,4.53574061037693,2.70247949526975,6.89022116774321,4.47427036385614,2.60516477103825,6.7620395288541,4.26275647754488,2.14145872113706,6.33525945021642,4.0718207320653,2.43841325497067,6.0638315186424,3.67732032888498,2.30956234011489,6.21422275409212,3.6126590683861,2.37094408044377,11.2563177788283,3.52820361885204,3.31491802695826,10.9623684611916,3.48360077137639,3.15843697129668,10.7009775033,3.4475419127606,2.95756249004284,10.1743830462326,3.36683798248624,2.61919937069356,9.75551726016952,3.22668878455575,2.88631766628358,9.51570912428656,2.77950585495137,2.78592640195402,9.87771710587413,2.74052030547062,2.82284627767603,4.11918597203448,4.5711701144053,2.43606923549336,6.97908032125918,3.3190176365236,2.52660334931116,7.81897623435418,3.06569305477609,2.62948496251577,8.69181784621748,2.87713850585534,2.70142622407069,11.1603518709646,2.54989287084961,3.04265069378699,12.4672470816927,2.4147181929158,3.3103645213943,14.248502561849,2.20589447408698,3.45595104010344,15.6076396629048,2.06556356410783,3.70028649829986,16.5395800835203,1.98288804008976,3.93067463139974,17.4487541581395,1.85450847695221,4.23877322568643
6.39658760752212,4.56896174530023,2.75409352537521,6.69001149171736,4.53761915653703,2.70148858511152,6.8907928897367,4.47524603978856,2.60475474465095,6.75659625456735,4.26363140417777,2.14171280865441,6.32970188574006,4.08447449621811,2.44806785718531,6.05209829455675,3.68588464424696,2.30691206763168,6.1994548239562,3.61650202022557,2.37162654829671,11.2613005866986,3.54367875485537,3.30329478589709,10.953476405245,3.47274421994095,3.16276838409403,10.6902009802504,3.45311315449038,2.98359267180904,10.1591254612926,3.37773913660446,2.62187578335125,9.73662807266059,3.23581619187442,2.88423271462134,9.5057500587706,2.78179244738153,2.79342298532253,9.87110751901434,2.74112619202789,2.81934398594827,4.10722365526904,4.58112627458841,2.43479630851177,6.97553712890185,3.31522152560451,2.52931426414707,7.81227976929329,3.06463623264729,2.62252313248769,8.6708985227341,2.87810356880111,2.69853374596452,11.1452882052739,2.55460437243268,3.03565742874147,12.4559665190694,2.41511623902097,3.30957179534458,14.2199577959475,2.21176669927887,3.45225987148873,15.6029481305418,2.07041942688396,3.70808937903388,16.5338019679785,1.98714478804863,3.94059779516969,17.4391347536697,1.85692735163275,4.23456935917976
6.39513034233592,4.57235848084817,2.75175781869096,6.69916333677564,4.53711674105124,2.70544027198258,6.89287969246796,4.47705817915802,2.6051451417437,6.74707651843956,4.26592407807883,2.14290036899077,6.32066604271258,4.08895537451221,2.43014098086167,6.04397171517812,3.69407499323186,2.31758510217983,6.18475268072235,3.62069416404253,2.37117081077011,10.5505869470165,3.77255583985353,3.17481265599358,10.9206632111743,3.48052466855244,3.18080191440322,10.6532670130878,3.45636278696491,2.98057917404148,10.1362635116925,3.37172026642769,2.61268875204009,9.72066893724191,3.23972327994678,2.88009916790452,9.49406139759187,2.78701674815655,2.79457536032938,9.84992143985045,2.74416314913821,2.81339471265177,4.10399110270477,4.60065905066832,2.42393106487247,6.9599621816217,3.31436621347676,2.53204297734496,7.80307900186835,3.06242464462508,2.63236390917303,8.66370386964102,2.86726160574972,2.70550338158361,11.1112300319205,2.57214492302559,3.01984953071684,12.4354974792232,2.41925471571882,3.30717881170717,14.210681463934,2.21403701343248,3.45482575360468,15.6081093295383,2.07248396241525,3.7170303622098,16.5338675389078,1.989467400241,3.94861280811436,17.4347946678518,1.86130643598628,4.23098950659757
6.38463720219138,4.57143602514471,2.75453223409704,6.70138956870181,4.5365919181393,2.70552696476885,6.89639003044944,4.47620516635487,2.60512858523214,6.74671540836556,4.26474015839046,2.1341821663465,6.31989236956435,4.09533544924245,2.42743509385081,6.02784248400533,3.69657379748387,2.31740787855485,6.17006313396315,3.62236961060876,2.37055227349552,10.4912871132844,3.67570855168318,3.2215345186228,10.8861617958648,3.47533013305458,3.16826167351687,10.6147646388964,3.46409566946782,2.97143959987764,10.1098306338489,3.37591309639298,2.60451396413381,9.70792309028233,3.23709009492883,2.86840203500043,9.48284395387174,2.78500356211732,2.79846794261571,9.82606792109964,2.74974830474445,2.81929090316742,4.09499850803843,4.61109500790331,2.42172276939201,6.94890295738428,3.31360220384172,2.53148778458848,7.79513239038995,3.05760417219656,2.62818522066045,8.64512108136126,2.87686666830101,2.70761876284023,11.067855934169,2.58537037376851,3.00872777688477,12.7496647809105,2.38097008834333,3.40376973015483,14.5080903320857,2.16339494666362,3.52301238663514,15.6036515450022,2.07266184729585,3.71123919913967,16.5259383076228,1.99032465393546,3.94555328684517,17.4269552957539,1.86564465179131,4.22842915014006
6.38284745812844,4.57529963568008,2.75295600353586,6.70008347476703,4.5389940149331,2.70602432163716,6.8954952063405,4.47970910593379,2.60547303122631,6.74103904127726,4.26580324309878,2.13450528228504,6.31649554097021,4.09936149974628,2.42548135724095,6.02116291657183,3.6986101758135,2.31628774194778,6.16738268938894,3.62299052088469,2.37408671254653,11.1372889180899,3.4500048980134,3.34708040046883,10.8731908218128,3.47700283957254,3.15861365409586,10.595923987368,3.47217166064062,2.95426856185848,10.0779268475923,3.39451141543178,2.57812459575442,9.69215869995454,3.24193310103294,2.86448963274924,9.46602334620845,2.78177491635502,2.79501936634466,9.80627879542569,2.74521886646038,2.82053815220374,4.08687042036618,4.61560310889752,2.41929344744714,6.94189071288292,3.31591818785617,2.52958316390618,7.77508530628792,3.05104168441924,2.63482036960627,8.62997648829612,2.8752593821013,2.70906045239242,11.0446581093057,2.60076556497904,3.02156078881121,12.7568247048494,2.38318892927422,3.40504998663029,14.5019099036712,2.16353630504181,3.52136697195852,15.5912796152875,2.07326061818639,3.70388838409371,16.501369581063,1.99222075791023,3.93649057264174,17.4184816469395,1.86860016399886,4.23197648706719
6.38396674495896,4.57872577866031,2.75020280846885,6.70104234960073,4.54250696899533,2.7020505983838,6.89719809484485,4.48342670892312,2.60280398274166,6.73492290895499,4.26696489040723,2.1370163777491,6.30908996625725,4.10495540165583,2.42127853374958,6.01056730865255,3.70790075936724,2.31232122687042,6.1546926466103,3.6309790758104,2.37058909533204,10.4586951881582,3.65754450583188,3.21638358319449,10.8492722002689,3.47741438322464,3.13109582279512,10.5627160952524,3.48684428676692,2.93478613119175,10.0437805444776,3.41003774057601,2.57116280268463,9.68508478899554,3.24854174291839,2.87395586265673,9.46008259056288,2.78179664378929,2.79940089547152,9.80144680283533,2.74782968674835,2.82237362806255,4.07888458338147,4.60833167652545,2.42452944963985,6.93156831079717,3.31974264519632,2.52651485459865,7.76579532737069,3.05412702098861,2.63333109328917,8.62377701113031,2.87984280729772,2.70475440388468,11.0190454018069,2.60974122712685,3.01571944745831,12.7363989143712,2.38605462658971,3.4009952353933,14.4776445972183,2.17255660982534,3.51642216563591,15.4207335302433,2.08293406632302,3.62785713041632,16.4936387263804,1.99423599275439,3.93588846604731,17.4090072726966,1.87355339917332,4.22938979972935
6.38069900966711,4.57745647592802,2.75017577508913,6.69738318359766,4.54419328824854,2.69938465520408,6.89746399414702,4.48650986470354,2.60093458312654,6.72745504727313,4.26188994896815,2.13580038348469,6.30297352257782,4.11016357704669,2.42477910490808,6.00174754592006,3.71368139719198,2.31348549578108,6.14459003920632,3.63795356556663,2.3703300032438,10.4415207131335,3.67433720763612,3.22796920705753,10.8056667821199,3.4729622969582,3.05272479257844,10.5198742074424,3.48813004215893,2.87136761250625,10.0137055774489,3.4146844249556,2.55131697220199,9.67144911906717,3.24428030097777,2.8655984708258,9.45580236421039,2.78077192809733,2.80029965110603,9.80120444962459,2.74788298338921,2.82381968043554,4.07201089593086,4.62112382193858,2.41711507810712,6.92129547066174,3.3184401554576,2.52594622764374,7.75452470549821,3.05075661797403,2.63720345754844,8.62120165766566,2.87691247873498,2.70986178999981,11.0219145138444,2.59950686449458,3.00536051842862,12.7332668305256,2.39119449637446,3.39664061552343,14.4802549720095,2.17466444016428,3.51479758043098,15.4144332232141,2.08611632666758,3.62631009317965,16.4858337550447,1.99234368567858,3.93204928664105,17.396301864865,1.87826281985162,4.22942631854522
6.38296281352096,4.57745126989402,2.75283896052667,6.69767414025252,4.54472297103116,2.70027850794879,6.89707665833772,4.48651491653273,2.59959434766611,6.72679609304289,4.26392903636063,2.13599715619407,6.29835261139116,4.11661549831319,2.42330253964497,5.9969614238687,3.72112373379257,2.3094734094184,6.13925563630297,3.64658033115595,2.3669690289621,11.0513304879795,3.37966851175864,3.20135938280651,10.7441409725938,3.50417963126224,3.00346264691185,10.4880267034832,3.50096299644466,2.84576375611372,9.96766561052983,3.41466761072634,2.53183640830154,9.64617709480692,3.25473978947967,2.87056952874343,9.44949522590876,2.77633272102694,2.80006640979643,9.79388968971057,2.74515803314063,2.81998113544169,4.06316177493107,4.62561564529323,2.41698808187336,6.91135800528629,3.32385336431905,2.52734870314216,7.7404559376261,3.05567251895645,2.63894017418182,8.60761358727117,2.87560639790307,2.71168188672858,10.9984304061445,2.60307373255102,3.00345424330091,12.7368684099321,2.39178104571477,3.39210511431488,14.4785284802144,2.17506372148678,3.51567860554644,15.4090991599567,2.08953697497747,3.62619460924441,16.47715046935,1.99670360591514,3.92960824114931,17.3851499376846,1.88170793362673,4.22925831407261
6.38050698505008,4.57745137630422,2.75140423402048,6.69522310396801,4.54518351722913,2.69645389926065,6.89631204898478,4.48446455172119,2.59573242851638,6.72242365964288,4.26481730651911,2.13127476125612,6.29152643640752,4.11852814220089,2.42266459962732,5.99348861138308,3.72889569030517,2.30745040128507,6.12914044733939,3.64412500415623,2.37178034667413,11.0128886060278,3.40344901247247,3.19022578124301,10.7390593704019,3.5335653306636,2.98741440746314,10.4490188976042,3.52175277591858,2.76836779506333,9.92134854880148,3.40507702428685,2.50366479589287,9.62098339375857,3.24246233418042,2.87106096569783,9.4348643080119,2.77268978140911,2.79566029741268,9.77889310696226,2.74443658581751,2.81634887155902,4.05668168785609,4.63072670496088,2.41640134789407,6.90826604815647,3.3238007897128,2.52831598900284,7.72855398378812,3.05866851424396,2.63702146186375,8.58901622546844,2.87273218537733,2.70961017516656,11.0128546809493,2.60414870470198,3.01847295610957,12.4029661267881,2.4352298046085,3.28723887752809,14.1974741243425,2.22473598385401,3.44085324240952,15.370446105711,2.09511790127607,3.60552456275592,16.4646489107905,1.99895063885728,3.92634559489908,17.3727537959147,1.8851608730778,4.22946964209515
6.3821349282403,4.57801846265969,2.75249469881222,6.69553031455089,4.54727894998782,2.69867569616089,6.88713932599389,4.48640007530904,2.5905559491184,6.71395480732342,4.26708844773165,2.13435393005158,6.28155549193586,4.11970138112108,2.42094394090991,5.98212058661319,3.73554904586449,2.30359501100285,6.11794391022311,3.65162340355059,2.36968940566904,10.9740695403108,3.41325638650859,3.16482947699584,10.7241464089607,3.54884695876107,2.96901072538452,10.4347602648432,3.54637001906826,2.7411999641865,9.88151874877611,3.4208199207335,2.48454273600314,9.58921538924303,3.24816431910177,2.85549555395127,9.40531856895588,2.77737499141532,2.79159712310759,9.74798926068148,2.75230425005514,2.82038883211256,4.05097886721443,4.6424109354667,2.41374871638735,6.90386287774194,3.32811219437439,2.52849127603215,7.71260794677477,3.06272644370629,2.64067384744787,8.57228960303097,2.8744676039986,2.70322228592552,10.9942027357829,2.60401435319131,3.01219670176727,12.6759542695501,2.40599913352816,3.39278940604647,14.4867181979235,2.17153269295373,3.51649376393844,15.4076857754627,2.09346453751486,3.62702472440146,16.4561642086552,2.00187735756123,3.92726306305985,17.3600735036919,1.88577992301609,4.22858236534569
6.38447798990096,4.58204945472049,2.75000551940265,6.69747858225258,4.5492898810261,2.69900540270736,6.88584723615849,4.48547213565878,2.58796381621654,6.71104181124115,4.26528962518297,2.13912380294018,6.27273984700842,4.12361753725974,2.42374909892024,5.97196114233525,3.73865857772247,2.30824304798349,6.11116083555611,3.65735707558471,2.36994793656108,10.9273146362852,3.41177145387734,3.082477520907,10.6862640847639,3.56033373064773,2.88721343265023,10.4028758661629,3.54472732093409,2.67700406977889,9.82227448085592,3.41492345717713,2.46704449159331,9.57406856792425,3.25046579849188,2.84580855669095,9.38623672257732,2.77712146417015,2.78964515697674,9.74527944223549,2.75122579918608,2.82133288885836,4.04156595447443,4.64802046746656,2.41598686910837,6.89638890695318,3.33821044900408,2.52449456309295,7.69941851034563,3.06573853012644,2.64083283143849,8.56098226810389,2.86376875357834,2.71074918567479,10.9634689823458,2.60982523917523,3.00686505004333,12.3420738210863,2.45313527033045,3.30951835983604,14.4780517343481,2.17580510032507,3.51372520457419,15.4061987903604,2.09429278115219,3.63047850156584,16.4470651787971,2.00462752621955,3.92820850734366,17.3500248740599,1.88827483651303,4.22879308504977
6.38572568295344,4.58530491762675,2.7495822366591,6.69710306654192,4.55163597104546,2.69808942190398,6.88584015531463,4.48758680680727,2.58668985833619,6.70737849817181,4.27084663907133,2.14438086009091,6.27028562207598,4.13143214432606,2.42388621260554,5.97444914065487,3.74828940208263,2.29227484807026,6.10612895728138,3.66183192042744,2.36918892112362,10.8768574840224,3.40917593259165,3.01165441518381,10.6313273516077,3.59748646524622,2.82421324981855,10.3436264320359,3.56063471982784,2.63733102181154,9.77742087717488,3.42486069842593,2.46785257810248,9.56694647735122,3.26084048048675,2.84363004202744,9.39553641263914,2.77407963558784,2.79499043398563,9.74718633407914,2.75344359071429,2.82593836368535,4.03465756559226,4.65665329401786,2.41675739283865,6.89623547653797,3.33625017288668,2.52567198830669,7.70026577615819,3.05733879984996,2.64329983110129,8.56827919967836,2.85698834011345,2.71330365543147,10.9545335422586,2.60791208075751,3.00305977619669,12.6415774082767,2.41888236321676,3.39297621184334,14.4778740732984,2.17404826078349,3.52062622630076,15.0731627463598,2.14017066910722,3.52225647409715,16.4395441714432,2.0075604367401,3.93228771648387,17.3393444051878,1.88950861312614,4.22679174313697
6.38784825312246,4.58601833164751,2.74795088640369,6.70008142686472,4.55113127729219,2.6964505372363,6.88772046797956,4.49004215413077,2.58208481598085,6.70730267052887,4.27340054357194,2.13867459335584,6.2654380599485,4.13703863983389,2.42079787297113,5.97016701428244,3.75087130904567,2.29193154425261,6.10584696486544,3.66507420559314,2.36882354095994,10.8627037898331,3.39148293760132,2.90319460085687,10.6020336120222,3.59518452100289,2.77159033730396,10.3222941886579,3.58481564207251,2.57142137910388,9.72832265377759,3.42328564825278,2.44831354381314,9.5532835896848,3.26587349030465,2.83755306381554,9.38654741021163,2.77696668806247,2.79242858661345,9.7398231805946,2.75616368239479,2.82856692952754,4.01918314573637,4.65679689935401,2.407709415142,6.8825873669077,3.34135685224702,2.52775366726954,7.68672712265418,3.05428821586964,2.63383027108324,8.55943145104259,2.85557125117348,2.71288662473223,11.0661407019706,2.57951623972292,3.01564660407788,12.5176564953663,2.43326967920647,3.27548302090701,14.4643684208516,2.17640339326602,3.52430707104248,15.0648420544369,2.14565103667105,3.5284829342419,16.4334798898785,2.01080243953994,3.93668631284396,17.3302066338304,1.89217985075932,4.22449252563279
6.38861265698132,4.58249669044661,2.75098223098759,6.69987451823583,4.54874159369568,2.69741484830796,6.887127151504,4.49232204995163,2.5825582890439,6.70399825550171,4.2722123943768,2.13220372022626,6.26415693229146,4.13552507962015,2.42354066092634,5.96982266428574,3.75339479073702,2.30641504678169,6.10701784306469,3.66488842257813,2.3713336071691,10.803148443324,3.3911826728128,2.84520550937228,10.555649683958,3.62363677301305,2.73347404011324,10.2588336287882,3.59835585372528,2.52526363847034,9.68258123101393,3.41856828524221,2.46340424981726,9.53276222644167,3.25468048685756,2.85405871875118,9.38568775813328,2.77586677913344,2.79666107915681,9.74668653026422,2.74907534542113,2.81649514582494,4.01426692095639,4.66642498723924,2.40643176283216,6.87744528418176,3.34048422432673,2.53018764537706,7.68113424331595,3.05333633445531,2.63315287277709,8.55743380312532,2.85603391187502,2.71477367923529,11.0552940389682,2.58325250950237,3.00887189912111,12.4017093364727,2.4443322831899,3.28921643423065,14.4611709356792,2.17831943790233,3.52472720010468,15.4719793735823,2.09939695302494,3.68572288468893,16.4354334293098,2.01191643497438,3.94133544753354,17.3209884221438,1.8911907664499,4.22486700557571
6.38763207501751,4.58316909841261,2.74601024614498,6.6979744407906,4.54906986569381,2.69385203800039,6.88605186835809,4.49183806671137,2.58158922258462,6.70135784161035,4.27194729119357,2.12391706919822,6.26479861755699,4.13917803814295,2.41989046456282,5.97008780137484,3.75414811182362,2.3068160214423,6.10983961147525,3.66682022295839,2.37071175532086,10.7437362358062,3.38497096049688,2.74925881101421,10.5099596490031,3.65927643610145,2.69688217976554,10.186735154225,3.6327274592028,2.46983072811042,9.63065050725235,3.43184711860086,2.45057843336162,9.51653420047003,3.25002011596178,2.85335848756377,9.37508131847134,2.77357723537503,2.79817618544027,9.73700278761595,2.74935204715719,2.81452490467626,4.00345263156023,4.67527331791533,2.41089919161566,6.87488859206543,3.34431772530392,2.5259132347629,7.68737990931395,3.0591893388715,2.62822397701524,8.54295355509505,2.8586587584077,2.72567638947036,10.9489883116376,2.59774641824291,2.98217324068337,12.348683626059,2.45344983618434,3.26807223325345,14.4511216349844,2.18025710142548,3.52588679268552,15.4451239480494,2.10261549098102,3.69088490744813,16.423544346,2.0141999589334,3.94367780471456,17.3126162655973,1.89233918322291,4.22539988239736
6.39204233773504,4.58903850315621,2.74257273286874,6.69109805751607,4.55046916807364,2.69136175702929,6.88285294204281,4.49007084824784,2.57967388015435,6.68975980056311,4.27491507782721,2.12279169393018,6.25540252255502,4.14046653562997,2.41891293759902,5.95919422518779,3.75434486643586,2.30785870768614,6.10285597630155,3.67421672390208,2.36852236595102,10.709608391698,3.43210006758353,2.76421822793036,10.4580765048354,3.67018158420838,2.64889902733821,10.2026261604488,3.62191841526916,2.47255841617315,9.59233109226922,3.42260045639257,2.44448045424101,9.50541571160707,3.24137507579171,2.8362155835659,9.3527144851719,2.77323926172397,2.79657153387445,9.72401364749442,2.75257842307799,2.81564056987417,3.99410990316883,4.68153048444873,2.41326878121892,6.86398532625133,3.34663219799339,2.52672967825652,7.6765310866946,3.06304447057563,2.62604168269686,8.53493179374008,2.85587563014007,2.72336008560029,10.922564096663,2.60525634253804,2.97187290819195,12.4087013485544,2.44625397541378,3.26538431807461,14.4545466702373,2.18480881169658,3.53019281859252,15.0229945271153,2.15021589832237,3.53758770155056,16.4253941907706,2.01502305850075,3.94956923033008,17.3018253896699,1.89295657037315,4.2191679080053
6.39298343260199,4.59056869625537,2.73971271131353,6.6908381214852,4.54766971012703,2.6864658805699,6.88106990245756,4.48726773722344,2.56975649587865,6.68689913874441,4.27621653378411,2.11650831045271,6.24687976631197,4.14607639125959,2.41444556933112,5.95211360632262,3.76041629736933,2.29248219736017,6.09245204903991,3.68501987164398,2.36547714974948,10.6166784523398,3.4929955181732,2.72970321910134,10.4097184518392,3.7187372289901,2.62941788326181,10.074794399707,3.65493939461004,2.40273798552325,9.55244844549764,3.4271622015506,2.43075749181926,9.47456089543946,3.23754578352941,2.82178872902294,9.31646989749538,2.77068036888898,2.80009541857937,9.67653957261078,2.75760184676056,2.81780098873507,3.98465543723258,4.6862301438918,2.41680226981801,6.85471748714893,3.35102657446722,2.52471122641013,7.67189336571739,3.06001087931788,2.62598249430412,8.5200466135778,2.85589876649969,2.72003574525515,10.9071282202741,2.60703599090528,2.97361201470226,12.4128875040662,2.44952806718264,3.26332360907643,14.4481755554371,2.18564033731834,3.52816627826538,15.0217893169122,2.15130436943952,3.53972235238587,16.4043054251677,2.02446087070359,3.95000749694691,17.291569975139,1.89239791858351,4.21844639312695
6.38942987267422,4.58898083861143,2.73671400119889,6.68969818211665,4.54662987792275,2.68776182050951,6.87723840638156,4.48707088304233,2.56965124382317,6.69066425883608,4.27666838850193,2.12234597752521,6.24179463171211,4.14431477464554,2.41585098241435,5.94615413583607,3.76178647277863,2.29226324108704,6.0863857519748,3.68735529138719,2.36653635904802,10.5114113251989,3.58143661036346,2.72903733739794,10.3435119201159,3.76557495199437,2.56982221387776,10.0106987365768,3.68170504483903,2.35772136823618,9.49456042531465,3.40542272960156,2.44985360045986,9.47123309500753,3.2437228709229,2.83410968214221,9.31223602296861,2.76882269515197,2.79681919395894,9.6759506849271,2.74635552414963,2.80141297280728,3.97227589547626,4.6871751396597,2.42246349215913,6.83971311050226,3.35881559177723,2.52270902160582,7.65398263946415,3.0623328779966,2.62690166323133,8.51206376042563,2.85458253551772,2.72196988490168,10.9099889687044,2.61985786176036,2.96746066215977,12.2399357346412,2.47793289391984,3.25768900388892,14.4201393544799,2.19013765079633,3.51245642611931,15.0115462531643,2.15246147512186,3.53801557143919,16.3890982079688,2.02972882859505,3.95151224738634,17.2811393649745,1.89303432139401,4.21798774344923
6.38413962521002,4.59223110232659,2.7322497155309,6.68607940159556,4.54564383709018,2.6874932081159,6.87582806240663,4.488946307785,2.57006584789488,6.68643853684171,4.27998423518527,2.1163313932898,6.23663310004199,4.14773937568036,2.41374696268795,5.93728034775731,3.76611095744589,2.2950350404684,6.08149570998315,3.6900084874134,2.37052244970021,10.5062009262735,3.57501708983962,2.61372126688081,10.2976075006456,3.78676565186188,2.47892324610703,9.98853356858393,3.69532548464455,2.32161255221473,9.46091122922352,3.40041943935389,2.46052975757596,9.46135890748692,3.23203872946643,2.83474827984441,9.2903527862484,2.77804289306151,2.80984347495843,9.66363113867551,2.74888084630279,2.8103635138743,3.96233077762885,4.69361431149666,2.42392190517562,6.83729464497053,3.35568936544031,2.52739066393796,7.64190527336693,3.066521020871,2.62794985146575,8.499278959262,2.85389790431906,2.72093827350148,10.8859402924981,2.61783427637735,2.9586730411183,12.2245139626419,2.48338412922608,3.25851995247764,14.4064640821359,2.19241694590104,3.51330346280505,14.9984577371832,2.15618780061979,3.53763991670506,16.3813788871135,2.03116403626895,3.95265276886196,17.2659038755368,1.89398885939311,4.21522712539075
6.38278909684782,4.58987187201881,2.72791408215773,6.68262032399122,4.54541313719441,2.68723786108753,6.87501186589513,4.48865330311392,2.5678846292651,6.6927176965071,4.28572571881549,2.12723091458597,6.23333127386312,4.14927258327984,2.41425453083581,5.93451198660275,3.76824548084033,2.29837508899109,6.07941770619762,3.69174558842233,2.37526216522054,10.4139436236694,3.64211367394882,2.59121154967627,10.2246395588955,3.80325885385404,2.41116165664744,9.91358029265116,3.72480237653516,2.28966163834494,9.42039177293444,3.40774866941881,2.44447001780776,9.43456114380357,3.22133785555145,2.83448430578827,9.2785534780853,2.77617682495494,2.80297847052707,9.64584958290908,2.74740475996335,2.81007997767583,3.95605529784034,4.70354386907735,2.42473531639724,6.83515545266031,3.35321345654682,2.53027408813121,7.63125778901491,3.06371258835608,2.6313765468738,8.48497179428409,2.85227151177054,2.72347449450884,10.8606826664184,2.62753036567113,2.96061380227692,12.2077867159009,2.48708733219317,3.2527238829322,14.1701005691661,2.23767020029712,3.47338399798358,14.9846873992229,2.15969916806482,3.539763423596,16.3411639379907,2.02990842133807,3.92768799891434,17.2527095067323,1.89771757552236,4.21371839991656
6.38224313506712,4.58966799620225,2.72506267050285,6.67983408744415,4.54608787242961,2.69213568163502,6.87175795745972,4.48688934062172,2.56829956887905,6.68667703431711,4.2847827556611,2.12459032697715,6.22566972190582,4.14597616592025,2.41752605421892,5.92108519160253,3.77127412141542,2.29973161778651,6.06648628664412,3.69288030527059,2.37669608189863,10.3876993244919,3.64810939292603,2.49942825462843,10.1683362494868,3.85936941868672,2.36222378198185,9.86137002888568,3.7430420280958,2.26960276010642,9.38233843508359,3.41661204894233,2.42701222993603,9.43682523567963,3.20839890761716,2.81300566123231,9.29773015901751,2.75272993804103,2.79503887550413,9.65198940733403,2.74589462211024,2.8116741166057,3.94452520439706,4.7042281037271,2.43017209103209,6.82149819937721,3.34678056531734,2.53668180331214,7.62290654735784,3.06359893269947,2.63251862716062,8.49015876376071,2.8476654199146,2.72290123013803,10.8790542060322,2.61518542985569,2.95481655160665,12.2097550313404,2.48568720448703,3.2563152602951,14.3109358501625,2.21168970243583,3.51304630133694,14.9759610391261,2.16261016102492,3.54153706669539,16.3297380518901,2.03002427070569,3.93152877511573,17.2432944032959,1.90070521463663,4.21430442896009
6.38419695805992,4.59586162158768,2.71798739757148,6.6756785585681,4.5450291325681,2.69062328232338,6.87851688474582,4.48541770725006,2.56652631079195,6.68602167155315,4.28258033286186,2.11601296581833,6.22375163019576,4.144406316193,2.41605733361551,5.92036061923926,3.76806605707823,2.30608872586759,6.05984503198091,3.69424838819094,2.37804409825524,10.3507747030106,3.70277846802214,2.43065234705904,10.0936370166764,3.90337408408373,2.31895876762802,9.80680880548205,3.74778764308898,2.25466180488166,9.35391180581457,3.39651520582383,2.42968048918996,9.43272493615814,3.20429072502919,2.82249069839004,9.29522825289895,2.74530708653846,2.79371390313821,9.6396343689607,2.74211127708357,2.81598539500544,3.93229217908336,4.7046417311534,2.4349535850013,6.82130898248974,3.34649322083715,2.53738936817809,7.61711126184688,3.05900513773554,2.63549751413224,8.48410119521323,2.84844756463116,2.72433973232297,10.8738752488556,2.61782406471489,2.95649509539249,12.2009788515519,2.48690711737592,3.25354464597071,14.3160139913033,2.21127607225467,3.51348403362912,14.9586926979502,2.16422948217599,3.53750601717577,16.322869909512,2.03230764257881,3.93307870326631,17.2326533544753,1.90259506160178,4.21240654788276
6.38060504909295,4.59419228278207,2.71924245949049,6.67174907744174,4.54543730955199,2.69115196094108,6.88233660925548,4.48135471632098,2.55828722535096,6.68814828916428,4.28656819801872,2.11213257684235,6.21713380356081,4.14835181712714,2.41665533665279,5.90389179656754,3.77574008700787,2.30604016537719,6.04428528271048,3.69940841951799,2.37567960763699,10.2784955882507,3.75489413814531,2.40711752232852,10.0447914719185,3.95848271835164,2.2885435405058,9.73190131977777,3.78345217589295,2.24159025341062,9.31816764784461,3.40276936744581,2.42188497059876,9.41068638657022,3.19735132106224,2.81613915824406,9.27932721230587,2.74087789190358,2.79295794781516,9.61742248534237,2.74869385028293,2.81572248709931,3.92192873185407,4.70278380753738,2.44156346899432,6.80504136947286,3.34809478954518,2.53758485813203,7.60441910218428,3.05115584421298,2.64451109145193,8.47321716686629,2.85766819479113,2.71813882903527,10.8592109735233,2.6277824192344,2.96029437481458,12.2103090541439,2.4877298057531,3.25163922777753,14.3204179623492,2.21119074315685,3.51654607442022,14.9620073107147,2.16550117887168,3.53678276205618,16.3270860646365,2.03521820433885,3.92921088330302,17.2258559176651,1.90476197036241,4.2074068042908
6.38029831459992,4.59535462949937,2.71725913333734,6.67020546800542,4.5441804887908,2.69257684895508,6.87370980271709,4.48640273168959,2.56525171670293,6.68067028410495,4.28928478659705,2.11041363022427,6.20479395883279,4.14816408652118,2.4234722024179,5.89423757854942,3.77907942372172,2.3076246574327,6.03391110228819,3.70327022210303,2.3787264827589,10.1984467170628,3.81753753989798,2.3242481724194,9.93498848012019,4.02964490198811,2.25748693434042,9.66861929861008,3.78549216647049,2.26008477448751,9.27249385001754,3.38151229812194,2.41875803550064,9.38536461869314,3.20706186983773,2.85180468518854,9.26145765046832,2.74831601700875,2.78750913862907,9.5995926628316,2.74590093206437,2.80584740624074,3.91158027338444,4.69923878814254,2.45636779786415,6.79512367608048,3.3487816551928,2.53950760137461,7.59001434536375,3.05208787921946,2.64772101111167,8.45436235229473,2.85747547334109,2.71668623874823,10.8606539410944,2.62852172570022,2.960827224297,12.221871562839,2.48345813887456,3.25728985508875,14.0383736816493,2.26179988009433,3.44402233626637,14.9664997887107,2.16508563595367,3.53602853022503,16.3180661808984,2.0355783951294,3.93031894413205,17.2202210930115,1.90699608699711,4.21202273506001
6.37627737892184,4.59670584483462,2.71817485973107,6.66762615237332,4.5426732879079,2.69303826607353,6.87640679292026,4.47933908601316,2.5504679159395,6.67630450221132,4.29017100411789,2.10678780446892,6.19950183715624,4.14738687067396,2.42018046675674,5.88665575592822,3.77671731626853,2.3108458944169,6.02674593766833,3.700906154175,2.38080186373203,10.0677077859982,3.96416583438639,2.33891577544374,9.88085995259211,4.0757055469661,2.2563626189053,9.62156340238829,3.79671381953357,2.24160933766039,9.23341415669467,3.38185625902254,2.44372719022056,9.36746312983801,3.19866799054041,2.84172370202397,9.24078237970581,2.75641368811997,2.79398043854813,9.58639891647007,2.75281580234935,2.80783890361329,3.90383348874741,4.70054917158541,2.46895489882967,6.79043147281409,3.34919964289969,2.53998408126097,7.5845962632045,3.04878421694213,2.64985242525135,8.44031196120464,2.85514707222377,2.72071069298244,10.8469234732651,2.63191970437601,2.95801035692285,12.2279680835977,2.47764315113934,3.25746321133525,14.0325940312983,2.26472550758279,3.44079733177129,14.957022847558,2.16836103183348,3.53810506209205,16.3090841413212,2.03775494812576,3.93094819448427,17.2114294790284,1.90885960547045,4.2104809578552
6.37473249149439,4.59298273981411,2.71878781123245,6.66599683114572,4.54096805415109,2.69174460218652,6.86866966640976,4.48708521880634,2.56439201724214,6.66729196017382,4.29662255765536,2.11197632284368,6.18629537549958,4.15456844124192,2.42061308526576,5.86980970035339,3.78628951208479,2.30499396121569,6.01036414772588,3.70615771641185,2.37492217815958,10.0139273217251,4.03522342505931,2.31710731954665,9.78956979443263,4.13102113816208,2.20409669483602,9.56928017218226,3.78163865737164,2.22982885084565,9.19712988446393,3.37742343562921,2.46374966104661,9.36248275981578,3.20015601237466,2.82906519178463,9.24234628358591,2.74646279956554,2.78676081989464,9.6000639541464,2.74571025955742,2.79168096711701,3.89525812833615,4.693786471991,2.48008872056509,6.7794597225496,3.35345235566569,2.53398362990754,7.57197460760824,3.04634419414159,2.64895272760317,8.43161452046643,2.85256786625714,2.71960990601438,10.8517948276921,2.63151286153096,2.95518939617854,12.2365213188569,2.48056392103961,3.25696102734008,14.172380112352,2.24030695134011,3.47628773307214,14.9544302408834,2.17032260467974,3.53510387532185,16.2870638074109,2.03769713798687,3.9240507159489,17.2048619955911,1.91056249138592,4.21066715651
6.37051967472317,4.59607835034058,2.71938119959016,6.66314609365372,4.54289451466577,2.69183024323392,6.8725489986198,4.47996473361341,2.55409757398507,6.66152247232312,4.29270976768677,2.11205098246371,6.17551909335121,4.15716111503099,2.41935642335361,5.8555049771954,3.78934002317375,2.30332789852849,5.99735976565758,3.7087585100702,2.37157803640803,9.95954308226301,4.07292990048228,2.21713580204459,9.70617249243776,4.17770145316853,2.17652747772663,9.51734918730976,3.80372367166411,2.2128756745491,9.19927292810511,3.34686855257124,2.40229371920056,9.34560647547478,3.19587394838499,2.81556510095322,9.23453877033372,2.74282789641865,2.78876488296768,9.60061404307446,2.74538276192945,2.80005944815772,3.88844679004644,4.69116800543611,2.48649380781689,6.7670332954045,3.3536753062246,2.53145943014378,7.557446625321,3.05045569888313,2.65398590261813,8.41732402349831,2.85323825702521,2.71993302361738,10.8225228525199,2.6358405968072,2.94510299961885,12.2217054326716,2.48446685256904,3.25199191461865,14.0401013925644,2.26714601000154,3.44057998137826,14.9615159410778,2.17007975913424,3.53801468139185,16.302301140528,2.03858023131819,3.93231427969721,17.1976515120501,1.91360799534015,4.20873251350465
6.36688932200564,4.59626043359041,2.71839621735448,6.66071454991394,4.54330303245387,2.68965983900856,6.87126024681875,4.48215183026778,2.55770208208908,6.66131935493022,4.29378361789093,2.11441952175217,6.18061465884789,4.15497555364392,2.41894728416964,5.85897279107501,3.78814853172244,2.30567552642908,6.00277090177988,3.70825338050587,2.37301159160921,9.86161874941215,4.19477821251872,2.27576174550045,9.60099917187482,4.19746871219514,2.14385733202755,9.43377014717931,3.7926498725359,2.19365645250575,9.17736660971508,3.32564365926014,2.39209128222886,9.336076184711,3.17285157301563,2.76784442197349,9.23223517800617,2.74153754462826,2.79382223196611,9.57753434267893,2.74861987118552,2.80385137926919,3.88612145367592,4.69264947245073,2.49038676679388,6.77312895143867,3.35196508094294,2.53083755814659,7.56667007416641,3.04166768673871,2.64621946602787,8.4169497862807,2.84703675603761,2.71704991000707,10.8282167889856,2.63584698335278,2.94126260907868,12.2155831945641,2.48580670093676,3.25038839350376,14.0453591580206,2.26607359256537,3.43871448335997,14.9552994448867,2.17340174317438,3.53564122914714,16.2865677410177,2.04080155722606,3.92721600811884,17.1939592819326,1.91489067576752,4.20828957585011
6.36800356807339,4.5978047704834,2.72098951974587,6.66273854236143,4.54385306083385,2.69061151131096,6.87072603907813,4.48096070008767,2.55503177260488,6.65871354079348,4.29397615274785,2.11250297873935,6.17496373245194,4.15637972637786,2.42029981569597,5.8505755578282,3.78779690641271,2.30567897157725,5.99527692234894,3.7084971169653,2.37126891084618,9.745358342584,4.30946484313952,2.25394427976925,9.52948422618696,4.24024902943833,2.12856073577957,9.39699460691204,3.80344733302944,2.15907852346309,9.13514099021823,3.33095216569049,2.38482162223416,9.30394818310585,3.18114476404035,2.77252835953849,9.22006549171599,2.7487560257812,2.80229082411479,9.5662907612286,2.74805097605338,2.79970501510991,3.880809463227,4.69092485831596,2.49638848427244,6.76879117238995,3.3510068811374,2.52899157071671,7.5693801503913,3.04056235161633,2.64434093059208,8.41035217003846,2.84595727395248,2.71392055872978,10.8149334219182,2.63874976241728,2.93649370390772,12.2085467222808,2.48886341525884,3.24273922468316,14.0077824976418,2.27748352557166,3.42958312521295,14.9595110754863,2.17452277384609,3.53742531262935,16.2995512023451,2.04307871343252,3.93423995999254,17.190102302966,1.91706419275599,4.20804575674939
6.36806038040026,4.59832364618666,2.72368487972333,6.66217568029311,4.54341896926595,2.69070390274694,6.86877727969523,4.48066010904009,2.55634568452125,6.65273564443992,4.29261319998805,2.11378674948378,6.16749783762398,4.15815052988643,2.4206746173882,5.84317993364523,3.79123863474373,2.30182963426104,5.9888924654167,3.71212450361555,2.36748864046912,9.64051636847657,4.36401136207652,2.23804300210864,9.43883018023063,4.24765201961435,2.14017248100358,9.33122729299837,3.82109001848633,2.15033662208571,9.11830187592705,3.31476198977374,2.38032756092884,9.30261430681121,3.17862402270121,2.77966663643777,9.22402833936674,2.75562961559713,2.8212643236058,9.5743520140897,2.74569743119983,2.79411889286894,3.8801517065299,4.69413752002189,2.49879256989281,6.76557388663897,3.34994974076074,2.52829471560239,7.57859582729505,3.03708262331886,2.6429147315441,8.42585613802847,2.84169427947268,2.71984949915705,10.7935036499197,2.64190792411798,2.92849360876531,12.3533699581324,2.47553440839023,3.24290702888564,14.2001520188722,2.24283671848032,3.4785442196827,14.9570428617558,2.17689522520391,3.53709000337223,16.2825330928373,2.0469112046974,3.92700136023258,17.1873623315377,1.91873181315821,4.20873602971007
6.36359721690813,4.60125237028684,2.72162621096638,6.67206490934469,4.53988638071684,2.69008903918759,6.86872993499036,4.48001950525979,2.55962562576638,6.65158156223374,4.29532783906735,2.11266929653879,6.16559155227946,4.15754400402437,2.41066753294232,5.84366905848911,3.79220325154585,2.3002011174851,5.98884429941913,3.71275314042063,2.36594337323112,9.52130261649413,4.39657785370367,2.14552091393672,9.3167548596602,4.25922328503686,2.09743827930239,9.24662293622262,3.84891934042128,2.17054132658366,9.12774522644282,3.30615703654004,2.37234877286376,9.32557753026886,3.17187431557692,2.79924480119386,9.2474385901605,2.73876337945551,2.79840843754827,9.59055865980847,2.74433645272862,2.79989797977161,3.87646091026661,4.69126942402296,2.50127082153258,6.77128868324315,3.3460270160457,2.52539568301286,7.5910410711316,3.03480306027815,2.65454301149079,8.45633761640462,2.83209499568997,2.71982813870883,10.7852955152751,2.64271816017441,2.92709179804979,12.3524528751169,2.4754440840225,3.24109523695899,14.0423823061242,2.27553197364416,3.43920507199083,14.9903163551889,2.17016876314431,3.54243395740106,16.2987041084657,2.04648129962968,3.93339055212414,17.1844189046764,1.91975290490367,4.20959081999082
6.3660597044677,4.59928100390666,2.72091351410775,6.66128198752993,4.54342545431647,2.69048905193985,6.86873567635279,4.47946642413601,2.55648757682429,6.65078748787852,4.29430809442045,2.11237751217556,6.16638767941227,4.15900260905106,2.41910455690617,5.84147572479558,3.78874687878109,2.30132538034017,5.98643735661204,3.71047655397171,2.36573642830067,9.40041160323389,4.42926565399701,2.17660926345233,9.19663733182161,4.2821752689117,2.10808798657624,9.18212419313651,3.86422571317448,2.19760730745699,9.07990915955848,3.31399509047598,2.3832387985354,9.33249868184522,3.1840132002084,2.81027455096096,9.24493686523372,2.74298928792089,2.80288920697737,9.58433240541231,2.74892626491384,2.79528445096308,3.87633338540164,4.69291409986644,2.49928369291439,6.75646164532726,3.34821270387075,2.52471650000299,7.57993557865917,3.03720275439661,2.64973845896989,8.43948616651084,2.83753747039437,2.71913761234425,10.7941875798422,2.64050484752888,2.92534345011742,12.2207004068072,2.49029729519719,3.24403155383328,14.0315311218877,2.28159420868521,3.42863209273552,14.9911731810491,2.17177923733128,3.54360857244411,16.2793671753352,2.05147122144713,3.92563734110075,17.1814336983965,1.92046365946703,4.21036421977302
6.36988985963498,4.60240628040313,2.72179323905972,6.66185519451136,4.54524720022806,2.6929378951658,6.86744420140548,4.48040003888087,2.55688085072166,6.64955502649221,4.29520817564092,2.11460159035935,6.16508530007145,4.15822706432732,2.40863147245963,5.84000337801011,3.78878497951631,2.30036983709191,5.98455725637535,3.71041563229874,2.3642231576692,9.24962637504661,4.49700973080287,2.20914764472091,9.09628367203999,4.29060321611652,2.10548745576091,9.09789791761288,3.85736248376367,2.18936557693372,9.07624406259112,3.31088014043858,2.37780229982125,9.32656006697246,3.19085383739891,2.8110647202913,9.23999784803844,2.74321504297987,2.79577050216753,9.58117787677485,2.75362945038367,2.78710372245493,3.8757460317872,4.69345927734112,2.49640930751066,6.75797802371215,3.34764464807462,2.52289761128637,7.5764514981213,3.03817329799801,2.64870079754086,8.43830644779695,2.83754496138335,2.72136272173772,10.7862294102272,2.64080902331264,2.91932505639101,12.2209381501499,2.49048213636546,3.24351149828547,14.0130664879196,2.28181552902071,3.42749495538701,14.9557403821017,2.18574031554684,3.53794281166963,16.2791053192999,2.05434304228607,3.9272571397609,17.1792556271637,1.92185407905029,4.21057776203031
6.36636126628155,4.60109645403328,2.72297574668395,6.66160782944446,4.54445396509524,2.69149432902878,6.86585550090655,4.48128796399518,2.55777148765181,6.64668492751451,4.29506234759342,2.11147617492529,6.16344248073833,4.15796280236081,2.41636607328522,5.8391413304555,3.78900407015847,2.29925749538149,5.98180370644576,3.71141880847895,2.3631852943264,9.10809998580875,4.50448285017062,2.19691403268262,8.9777506677987,4.24964036145834,2.11425606754791,9.06201789780598,3.8670663514498,2.21427965444816,9.10175375872857,3.30971421405692,2.40912740093904,9.34017681938179,3.18961152365061,2.82440588558087,9.24148635885883,2.74330347071791,2.79431285984372,9.59079732768032,2.75434740029689,2.78531054790049,3.8750283128874,4.69246782359639,2.49410878526755,6.7578742367731,3.34496066637332,2.52150733789437,7.57825895915928,3.03492131138701,2.64792146172595,8.44612119920954,2.83903880776983,2.72195434961623,10.7868786758858,2.64051433804637,2.9191199234098,12.220659336599,2.48651364081042,3.23975590096689,14.0086201063866,2.28197210139873,3.42580363136888,15.0013980657655,2.17636629077288,3.54642196320224,16.2782788960544,2.05596444433612,3.92634462415084,17.1782466931693,1.92103596102706,4.21056206740245
6.36584366937261,4.60182031341088,2.72056383333765,6.66101755231308,4.54499619708264,2.69086271709921,6.86544732957176,4.48096262921109,2.55875532701611,6.64499130009445,4.29946728841879,2.11485928969241,6.1616521531494,4.1605447919862,2.41553860193602,5.83908443665772,3.78883267936187,2.29709865813018,5.9795596042359,3.71247422270102,2.36109456242093,8.96742595174487,4.50004785776383,2.25177316800875,8.87676545982687,4.22540776748477,2.16691777274888,9.02498193067953,3.86922343098605,2.26758904877844,9.10088415804523,3.31095061441399,2.43533385905253,9.33318057577547,3.188348687826,2.82215841829636,9.2472868790139,2.74001019632643,2.78865822984749,9.59235097760894,2.75489097301003,2.78191708677532,3.87431310295534,4.6933277585584,2.49098843071228,6.75676518502378,3.34532219937399,2.51718699859127,7.58038384247651,3.0366672216575,2.6476896299294,8.44786320561411,2.8344732643586,2.71675467344115,10.7914755075595,2.639929299675,2.91657600134868,12.2026109707556,2.49100129916081,3.23546182039553,14.0047511979498,2.2862287791726,3.4287398607115,14.9708518368201,2.18476679388413,3.54079746339871,16.291662120204,2.05641426446217,3.93347887451674,17.1777808913834,1.92232771769933,4.21054387684614
6.36597942084988,4.60301860936403,2.72173715791319,6.67223170754918,4.54194282490903,2.6937008922857,6.86644288332123,4.48324374341794,2.56485099177184,6.6432763299672,4.29585932078411,2.11337879381911,6.16065937101095,4.15923314716468,2.41396899685913,5.83529485634912,3.78798108689951,2.29878201257227,5.9772439434493,3.71265087344528,2.36151888739655,8.82395111763562,4.5218974449185,2.34888831803806,8.7721320385926,4.20426788570954,2.2547887233284,8.96167788312933,3.87979081071347,2.29220488118517,9.09052757834217,3.31459931388175,2.45560619491868,9.33641245500354,3.18461652757191,2.81665596463933,9.2563431414136,2.73823077569045,2.78602621317872,9.60358381849114,2.7537750844577,2.77992103714274,3.87240501416087,4.69004121190516,2.48934857314656,6.72394736683675,3.3550130807014,2.51665564954869,7.56708162323601,3.04130341106954,2.64563461289753,8.44650185616672,2.83721744143953,2.71248913761647,10.7858003065118,2.6423282576472,2.91600435323336,12.2097663072176,2.48981581589767,3.2352995013055,14.0396248454317,2.27931356902009,3.43867740151357,14.9964240183374,2.17890173076988,3.5463597367107,16.2958143034933,2.05594377569368,3.93675087576195,17.175754821721,1.92345794015256,4.20994650778403
6.37090800781822,4.60206464831838,2.72522710204719,6.67471621920762,4.54032145532006,2.69305019013399,6.86419141674029,4.48258215694241,2.55847141221207,6.64146364584374,4.29893034009592,2.11570530107999,6.16039149506628,4.15967571235105,2.41146305295756,5.834548005791,3.78887897143968,2.2964858328758,5.97324987784247,3.71556534336365,2.35848616253993,8.74840067601707,4.48034657439005,2.36880194663655,8.66306754170321,4.16052837484539,2.31819463742633,8.89384493754191,3.89974954139282,2.31128049108894,9.07064830475019,3.31784717725393,2.44427969468997,9.32962233927232,3.18888078888712,2.81544121263399,9.25315781278013,2.73791787748859,2.78173729520182,9.6009842013937,2.75707417107618,2.7783082721079,3.86989565585806,4.68875640273881,2.487683096233,6.73589627901076,3.35326259304576,2.51631145565323,7.56219490237547,3.04224724469298,2.64490141993468,8.44043193547108,2.83564994163048,2.70785588643909,10.7905325982139,2.64175937389979,2.91734088248626,12.3437818071009,2.47700451542574,3.23298401336012,14.0072294381595,2.28825222674405,3.42378395203356,14.9722491099059,2.18069258224663,3.54927656108983,16.2821933730867,2.0555814432121,3.93129086637074,17.1738652518343,1.92455821532564,4.20951871400858
6.37103736706719,4.60141707691425,2.72494901611284,6.67488909555875,4.54049926385294,2.69284470364467,6.86385825313753,4.48239189615743,2.55900188423922,6.6393931302525,4.30065952223546,2.11745378911238,6.1549172914194,4.16036758189314,2.41038985890138,5.83201502079141,3.78771748216749,2.29557981248076,5.97280914714129,3.71518916598482,2.35723608691073,8.63283709976593,4.50844907789992,2.40318679521367,8.59876267239097,4.14776253223006,2.33007342333232,8.84200365167283,3.87977805219141,2.33979544491451,9.0524221936789,3.33390385334838,2.45167473226303,9.32391706897173,3.19342419648513,2.81297024301276,9.24731227933697,2.73990928155517,2.78221036692881,9.60240893558906,2.75957845595337,2.77939110440275,3.87108732125392,4.68737205215345,2.48351279860817,6.74171911336805,3.3498704824853,2.5165391938292,7.55703601331537,3.04599316434952,2.64650314759453,8.43475914666464,2.83765308006958,2.70515741852563,10.7821502784928,2.64434940944904,2.91306037206576,12.1006680998625,2.50060946921947,3.22904911555575,14.0253038184528,2.28433236143262,3.42815447305295,15.0193640283243,2.1745875113255,3.55394024961898,16.2807778879983,2.05398926624353,3.9311347098988,17.1720219649774,1.92458342622717,4.20802320934958
6.36678615016873,4.60188717783849,2.72298043734465,6.67054144578216,4.54184450902876,2.6924223831015,6.86181340407602,4.48262842161552,2.56203334734002,6.64057466408726,4.30147780089411,2.11376048277412,6.15584158875852,4.15862084394623,2.4053734078768,5.83410052406814,3.78754173063632,2.29277685428007,5.9733806082683,3.71461665957633,2.35536692308395,8.5596182396078,4.49677837065192,2.46473391571623,8.53331826403852,4.16010082594078,2.38289021646902,8.79027781135486,3.89635523380769,2.37807396363112,9.01605989195849,3.36136118159703,2.44754262123566,9.31248098670122,3.18961591786504,2.8038254186598,9.24011500396484,2.74219310891972,2.78316288315948,9.5946075942432,2.76432708585752,2.7792800747496,3.86631897473035,4.68446043591547,2.48348400855285,6.74784881961007,3.34652255340663,2.51458549597171,7.55479511114611,3.04676645264644,2.64218415867555,8.42549422136575,2.8249045029288,2.70808965564577,10.788628454573,2.64786624065838,2.91280078479036,12.2374765838148,2.48715577077765,3.23930373327396,14.0100514392366,2.28144650383098,3.43244937668981,15.001716490324,2.17530075139374,3.55270452032198,16.2782575418563,2.05577385109999,3.93337176568175,17.1708151668302,1.9259683739853,4.20844955117831
6.36668445222348,4.60150685144533,2.72685139114969,6.66686874405063,4.54092069946143,2.69298800860621,6.85924219751214,4.48058170675492,2.56145678365346,6.6346377908507,4.30380335963497,2.11466470471415,6.14917826897079,4.16108205272765,2.40933811357328,5.82462367655338,3.7887100229687,2.291854515716,5.97256411717339,3.71230056700364,2.3505366939537,8.41800295248619,4.46511139836145,2.48823252431676,8.45686434891327,4.13698766621869,2.45165996146903,8.75204639100301,3.91784665514286,2.43795045268767,8.99925394737661,3.38367043326146,2.44679132210393,9.30461645792565,3.20078712505605,2.81438665988554,9.23217038194072,2.74261417238518,2.77965883119393,9.59356244101819,2.76355018286138,2.77926215314875,3.8639635375632,4.68480586434233,2.48021085963404,6.73987968900858,3.34784039136726,2.51596165489155,7.54276620114881,3.05263197507005,2.64830247908916,8.40821526222605,2.8300566233246,2.70986549629405,10.7905833128699,2.64825080892801,2.91235635527565,12.2487398835211,2.48571869164639,3.24102012766476,14.0108781361551,2.27967752322362,3.43441206743379,14.9482859374475,2.18511672195155,3.54287598757956,16.2667239209627,2.05632724898165,3.9306805329721,17.1679253807772,1.92620577328416,4.20715175555793
6.36817718758932,4.60006495435892,2.72686775663649,6.66662530320967,4.54000142350862,2.69525755209428,6.86006569263459,4.48202031694938,2.56161014254618,6.63046251459678,4.30901646870545,2.11640719392949,6.13946432729066,4.16282958437576,2.40684244402089,5.81850834854628,3.7957423204102,2.30260122708926,5.96633658575881,3.71493430873908,2.34749094876415,8.28038868581087,4.44299878870627,2.48900322917625,8.41021364486241,4.13112757129038,2.45379638570599,8.71551976196769,3.92056517153349,2.46495372248794,8.97967690467727,3.42574824588984,2.46478008637282,9.29221806231811,3.20590020123562,2.82357801282098,9.22976041714512,2.74366262974423,2.77892733644319,9.58753134413625,2.7669734634727,2.78182301798212,3.85705834446734,4.67804513613772,2.48349366116786,6.72040379247111,3.3564363971291,2.51833808649819,7.53475782308144,3.05383074568967,2.64313891474736,8.40447251231225,2.83562287522708,2.71720777359672,10.7886295264953,2.64804204030549,2.9135272386526,12.3559829700486,2.47821167133598,3.23943167245019,13.9990635246037,2.28160393260272,3.43154785967139,15.0061791800171,2.17291022436216,3.55621106919586,16.2671342093583,2.05670843899647,3.93157132117113,17.1639762996594,1.92716032052551,4.20768940930939
6.36606649294074,4.60099875482116,2.72804466894041,6.66294050286889,4.53958324843056,2.69492317602407,6.85844069214823,4.48190039654147,2.55976189686737,6.63258088026508,4.30465105306914,2.10947227242517,6.13948073172587,4.15850490576872,2.40943762523468,5.81703053321175,3.79325454997288,2.30431719317372,5.96748288631597,3.71241665687386,2.35049498012435,8.1967187168032,4.40311495805073,2.45330885133449,8.36668807661419,4.13497202462308,2.48826658830442,8.70778545452385,3.93283671143557,2.4944084203674,8.95987265753064,3.45429246946085,2.47883565403474,9.28395996675402,3.20933893039058,2.82426213346337,9.22704545592873,2.74497840229723,2.78185585418185,9.57958301681638,2.7710998327076,2.78151366160081,3.85288422692769,4.67737252317101,2.48271683551719,6.72220113551054,3.35608203223181,2.51978883328134,7.53681259208093,3.05306277149355,2.641847265062,8.4055409629596,2.83828960436298,2.72292243725812,10.7800776787796,2.6511519343665,2.91286433421903,12.3524157495288,2.4795188906529,3.23740452768998,14.0141567656662,2.27992841760848,3.43952975129614,15.0081459937901,2.17162074463804,3.5567371624562,16.2653778065468,2.05437985684232,3.92831255531998,17.1585099240004,1.92786543714096,4.20680476357488
6.36632105412015,4.59972081506178,2.72944308844586,6.66138287178433,4.53673091692496,2.69502878652874,6.85720261435892,4.48000791457862,2.55893894678132,6.62785903850994,4.3061479423311,2.11018992825718,6.13699600813546,4.15914384990349,2.41166888518421,5.81485200248493,3.79335124497697,2.30539839204041,5.96754640656346,3.71259929106318,2.35051767502625,8.11936448671955,4.36865619617729,2.50461928965197,8.32272308885315,4.11465830882895,2.52910037761277,8.67472567109654,3.94900332125755,2.53782163786509,8.95784825920072,3.49197363208201,2.47874952699641,9.28305391044438,3.21652232976289,2.82833305859241,9.22135577040396,2.74755600839793,2.78182050333833,9.57517501103047,2.77221501638691,2.78109941192151,3.84928642018823,4.67828612078574,2.48311202278209,6.71079576233342,3.36128004301123,2.52032999005653,7.52060111434955,3.05423316930977,2.63600686808569,8.39091540587648,2.84239755217663,2.72569354037154,10.7770695058276,2.65192982273866,2.9111360838605,12.3668757583809,2.47792670861831,3.23888721825256,13.9910239046249,2.28104018192661,3.43012429450048,15.0067479574203,2.17175218818269,3.55711267163225,16.2665524733543,2.05371987976136,3.92804931020275,17.154728853206,1.92942312802105,4.20691005414692
6.36812608746625,4.5955579862215,2.73134912440485,6.66157324913401,4.53599968276778,2.6977432773995,6.85735606657851,4.47946144375159,2.5581688174763,6.62439479479885,4.30961733288354,2.11049219856425,6.1329792339912,4.1640810653634,2.41810053204315,5.80921398673125,3.79213556724728,2.30598590215898,5.96173645207425,3.71286611367437,2.35003193122701,8.03449338587761,4.3062551124825,2.53777452064138,8.28417960244729,4.08244624805228,2.55336028341874,8.65454662728201,3.94680480166996,2.54787500550501,8.94489539965167,3.51797326257466,2.493646152083,9.27921582863064,3.21784031171823,2.82889508332424,9.22013385598462,2.74875362939385,2.78273488470119,9.57101556460492,2.77237360502795,2.78222013524915,3.84574130586498,4.67621525522248,2.48442556935103,6.70639978418882,3.36231194474561,2.52212111774506,7.53057068288139,3.04948051494398,2.63851624181701,8.40183506750019,2.83684941115521,2.72331904119516,10.7728971437191,2.65454999101854,2.90898404069967,12.3728232933746,2.47672288096971,3.24328681199858,13.9941568762522,2.28197219790183,3.43255780872488,14.9691704667686,2.17962031035613,3.55094329845055,16.255315131103,2.05653082611914,3.92468673732911,17.1499691084221,1.92987429759703,4.20697888346634
6.36969008733978,4.596346165186,2.7321444199968,6.66262760407372,4.53468729766093,2.69704116158905,6.85688765323014,4.47917747376609,2.55587611845658,6.62134729897952,4.3097028757562,2.10696262706051,6.1279348604848,4.16412584170841,2.41528752471247,5.80324678581157,3.79306148815858,2.30312499467062,5.95477935119994,3.71259178645617,2.34871004516553,7.96665773745337,4.25382812670413,2.58498749919927,8.25100764015753,4.08629048669348,2.58287880296108,8.63820880653169,3.95537182033085,2.55967581152215,8.93607608509842,3.52684306983504,2.49205571310765,9.27092408240689,3.22090225891906,2.8236397165658,9.20700332829646,2.75176428381212,2.78243755062029,9.56206453637868,2.77568434473488,2.7794278218686,3.84370049880166,4.67922343186594,2.48222538694286,6.70779405969461,3.3640349528399,2.51974614677398,7.51759194356811,3.05193321881113,2.63397834251281,8.38210512502664,2.83913794022767,2.71755497297428,10.7783099201902,2.65375817630824,2.90938024309618,12.3132906003735,2.48758881194026,3.22418568371834,13.9836764821494,2.2839202133443,3.42809933492523,14.9965573601494,2.17370940038442,3.55502039545769,16.2550840691065,2.05676425662469,3.92384072867795,17.1455282290568,1.93093680260967,4.20688859358525
6.37074526510664,4.59378832574101,2.73154655920792,6.661922517738,4.533225359524,2.69732570936973,6.85624524752933,4.47913008287274,2.55979867718237,6.6225080056996,4.30641035641467,2.10642165023763,6.1304267574371,4.16428368348002,2.41236507893011,5.80482746092588,3.79291747143267,2.30245408947076,5.95180490553622,3.70828719824351,2.35066630974034,7.91275579636016,4.19717671340953,2.62983198341527,8.23252977173239,4.06976582201917,2.62955884340287,8.6256331619004,3.94964488394425,2.56954525467802,8.93606580214896,3.52545540749197,2.49677952746055,9.26128460386662,3.22349140217206,2.82085206957285,9.18666084512935,2.75607291912923,2.78023533508864,9.54929767494016,2.77625816792978,2.77775437130854,3.84024955887436,4.67794035295889,2.48018510604229,6.71057962884838,3.36552525254901,2.51898586830697,7.52169713528388,3.05095869052455,2.63140187448198,8.37207656190367,2.84037401812299,2.71600442297266,10.7700358790103,2.65611781947127,2.90751123680857,12.382593741949,2.47596942466669,3.24323554466209,13.9915843175889,2.28308366871611,3.43014652512446,14.997114003739,2.17463696466539,3.55523318735926,16.2479724701282,2.05874876137841,3.92104019575984,17.1414837809156,1.9322057486224,4.2061189694056
6.36987199325174,4.59137158101426,2.73380390691864,6.66291019918927,4.53152494876749,2.69981777830832,6.85536056619935,4.47835067742803,2.55809443634383,6.61840317247625,4.30943080872287,2.10890983055824,6.12389468326415,4.16468178265789,2.41523778119665,5.80208541154784,3.79266459435471,2.30360430062493,5.94820155085165,3.71264413546858,2.34831902436764,7.87664990606256,4.17567815933256,2.63900153483578,8.20765285597988,4.05360027786211,2.66767160939282,8.60534345161644,3.95583844609131,2.59631812706732,8.9324037884228,3.53904037259227,2.50720152677781,9.25803909402429,3.22585563788199,2.82235341609274,9.18794689732826,2.75323389754742,2.7792126532021,9.54846232529726,2.77466913319837,2.77708942582394,3.83445511094705,4.67720437209103,2.47883254594113,6.70929106601031,3.36675406892891,2.51750598261212,7.51719807655262,3.06360312015598,2.61816405642334,8.36095968165371,2.84210033978324,2.71706096269551,10.7520529206292,2.65917984251309,2.90769961926576,12.3527064668012,2.48412879810534,3.23936802880806,13.9659822683202,2.28456319449135,3.42068915321215,14.9719874874879,2.17939525495095,3.55061389664851,16.2450303609828,2.06128220381199,3.92350938753071,17.1371489991281,1.93342782302472,4.20499028235807
6.36736930816923,4.59342765791782,2.73218784474734,6.66215514340383,4.53201843347964,2.69916987198622,6.85390061503886,4.47609130995349,2.55646159712247,6.61390149237896,4.30943950808408,2.10437537333093,6.11607595545384,4.17409594003097,2.40710657737664,5.79103060384337,3.79598630428563,2.29955781721019,5.93692651053957,3.71227761323961,2.34820922200275,7.83879420745446,4.15456121068783,2.67526588575773,8.19377517908026,4.0482661833612,2.69132497365737,8.59165184574505,3.9598448402807,2.60830735395895,8.9379277448208,3.52958474848801,2.50337578668517,9.25644224902832,3.23187019429994,2.83142297042276,9.18391671576678,2.75662420728943,2.78342181156864,9.53892691942934,2.77977481413838,2.77749517570947,3.82672452873497,4.67551156186996,2.47733104885324,6.70866312987734,3.36772054491931,2.51505600633209,7.51656316242794,3.04758008344868,2.62545502773697,8.36028706604909,2.8381268694213,2.71283990319293,10.7234733893061,2.66092697536561,2.90617224991466,12.3124182246154,2.49097188172195,3.21867702640002,13.9317357892564,2.29674114650833,3.41672518299147,14.9658547700026,2.18075161321484,3.55227446236622,16.2472585356609,2.0619249150798,3.92536975620857,17.1318489483633,1.93487758580386,4.20507041853908
6.36616329625071,4.59376454401362,2.72820860202639,6.66127607862884,4.5323191515796,2.69753167068552,6.8521288018521,4.47630104876123,2.55419730934267,6.60604241922345,4.30926238955798,2.1026504450709,6.10896111556538,4.17775452902576,2.40623527215884,5.78432340704026,3.79318609567624,2.29823296177693,5.93181623267521,3.7100055533184,2.34827932216142,7.80754101159449,4.09307401736278,2.71578660616725,8.20548027263545,4.04923846099241,2.71841891158701,8.57874980618211,3.9661358094248,2.62725452155933,8.9459266884022,3.5328131938435,2.52089458028229,9.25703904122378,3.23608067642361,2.83581881344684,9.17780004059322,2.76276217969856,2.7889932985484,9.52649675818425,2.78366433455987,2.77248739098198,3.82059151146334,4.67906792732935,2.47056948748119,6.70712833403054,3.36588003787853,2.51588317714586,7.52339967303893,3.05987876705144,2.61706934655022,8.3475805285109,2.83379629259428,2.7130854569361,10.7312819860635,2.66233202412517,2.90769161202772,12.0863100963671,2.51539391042075,3.22702566973192,13.9647203153997,2.28652179323866,3.42566789659368,14.9515481140197,2.18378210438575,3.54925063804497,16.2428048137156,2.06184916227941,3.92360608077191,17.1269861190411,1.93621022649297,4.20322252133525
6.36947334407358,4.59885058998512,2.72708970292097,6.66281692122613,4.53427592792582,2.6972396481408,6.84848443489134,4.47488499189497,2.55223642139155,6.60242548128222,4.30948392938435,2.09670362511872,6.10345532106816,4.17937351982108,2.39802899772411,5.77858527590409,3.79591374300268,2.29462423253463,5.92946798427013,3.71078545267393,2.34310254331363,7.78371102884205,4.08762733749336,2.7426060083325,8.17990455919621,4.05889407479634,2.73515537132491,8.5504727963165,3.98205282985501,2.64622796066119,8.92919369541514,3.54954263986484,2.53344824791338,9.24479698386024,3.23942012640309,2.83276669195651,9.1656628817556,2.76538405291326,2.78717512068465,9.51009936301571,2.78738113875952,2.7746051717782,3.81252424636475,4.67691438846053,2.46496685820522,6.70529918917123,3.36704988792653,2.51070999722656,7.51301202948135,3.0625429567007,2.61734440257235,8.33554268076131,2.83730837596632,2.71318871868168,10.7217580735054,2.66593916377974,2.90466388544996,12.1948637281877,2.50128621711692,3.23088187343365,13.9457572259523,2.29356584364275,3.42498090570667,14.979258365233,2.17930900725497,3.55547028592726,16.2392868062088,2.0642955315412,3.92266280532319,17.1221272201298,1.93553339137712,4.20258643915114
6.38420058409777,4.59704174336337,2.73546606577226,6.6661498060603,4.53522926072509,2.70090120620089,6.8460474046948,4.47897129633821,2.54904592804142,6.59468124542229,4.31694442299121,2.10498642689274,6.09073865670017,4.17842507826334,2.39223695320872,5.76925935822301,3.80103550073227,2.27474427333913,5.90970401280118,3.72047673060536,2.3438083975951,7.76783296268232,4.07932758294655,2.7867006362937,8.16736034728897,4.06325337631715,2.74793628622357,8.54588848016845,3.99394981991306,2.65439330033457,8.92981814773811,3.55776802746744,2.54873306257847,9.23967393130778,3.24045576744713,2.83257193641434,9.17227349271406,2.76535285093119,2.79051790670859,9.51287891657415,2.78713081717911,2.781733828339,3.80445003567969,4.67372128205711,2.45590337863098,6.69217843444408,3.3648883015942,2.5100112756743,7.50815393001119,3.06296298156501,2.6173015014954,8.3406782917371,2.83525228046398,2.71492396552244,10.719812034643,2.67123595660876,2.90669459670531,12.0871593343617,2.5178013118905,3.2227181578994,13.9419464848627,2.29303444362552,3.42656062556298,14.978062939723,2.17925654775442,3.55654750346422,16.2424204455692,2.06496298399257,3.92696122118308,17.1171439358382,1.93435084778012,4.20232508594088
6.38490291465516,4.59581479968068,2.73477500197266,6.66488334992223,4.53557725366368,2.70172333600004,6.843276807187,4.47992655976563,2.54674057628044,6.58767774487301,4.32708319124896,2.1163150950124,6.08418235774992,4.17740215485575,2.3928149905709,5.75382256810067,3.79622428614369,2.27440264007613,5.89603623435655,3.71933305182975,2.34268094423249,7.75982197653031,4.06973303940925,2.79552217415652,8.16526148570458,4.04870186594537,2.72739997888488,8.56150028136342,3.99898875664848,2.66088340820157,8.93117843380517,3.57070490389037,2.56098601416628,9.24307402348203,3.24667339242852,2.83809208015534,9.16945176810579,2.7683586731778,2.79195539734556,9.50787261340089,2.78774622118685,2.77577379884484,3.79529262503579,4.66943537543696,2.44330456678106,6.69306842445066,3.36038524553244,2.50616312028175,7.50892750549734,3.06299370554753,2.61948305902536,8.34066450399292,2.83656606288256,2.71888697008726,10.7269648999261,2.67117949110357,2.90902806042751,12.0772296151331,2.52353179149265,3.22546430018756,13.9368169096052,2.29642989916548,3.42509053684627,14.946557325806,2.18696251321513,3.54932527987139,16.236458428686,2.06534800148501,3.92442104790312,17.1101417310168,1.93600221952888,4.2013455828554
6.383406137322,4.59542168912721,2.73770016393011,6.65913046895176,4.5372132997307,2.70776214585474,6.83971103191757,4.48149442377865,2.55766525736467,6.58086908930931,4.33105496426173,2.12300881039257,6.07066086674026,4.18120909786554,2.38808145770034,5.73864708073082,3.79846526731912,2.26726799661465,5.88002015128363,3.72143866919357,2.3388905887402,7.75544917665157,4.07212934634423,2.8133836910498,8.13878671204453,4.06708195492052,2.74834394713784,8.54923006919342,4.02027081682697,2.68505322976415,8.92076619034622,3.59294120012954,2.58750261075145,9.23030085965882,3.25585568905673,2.84504358111959,9.15658105400106,2.77199116306398,2.79380683673117,9.51336361786605,2.78876704936452,2.78183829345293,3.78477204539539,4.6705575658475,2.42832679471332,6.68102233222641,3.36435340492533,2.49825825859624,7.48976787441673,3.068976034052,2.6215262659513,8.32542344532405,2.84338482388393,2.72224340623847,10.7196233309935,2.67348278545982,2.91179516094605,12.0305092100922,2.53170983522162,3.20734663307139,13.9165326907762,2.30410390628009,3.42339114774243,14.9479376659168,2.18559504848496,3.5521262464725,16.2256524645521,2.06861831772154,3.92405470958804,17.1027510462101,1.93826543991224,4.2017370642057
6.38260409163849,4.59419718245121,2.73892868171275,6.65865502961533,4.5362056243011,2.7032811917029,6.83783632496893,4.48194153629481,2.55626481388538,6.57323663676729,4.33318580525428,2.13738855279761,6.05845450252775,4.18183010975569,2.38603131474908,5.7264687988985,3.79947817091677,2.26065060602148,5.86920174238403,3.72253993354023,2.33348205052132,7.74627471365159,4.08022581097789,2.8128106327748,8.1225078488256,4.08499317312141,2.75893627804493,8.53960835372845,4.03930327802534,2.70994494407938,8.91148189017222,3.59482642239374,2.58679364198301,9.2213188964768,3.26320988040104,2.8478405796977,9.1394282643533,2.77946599439237,2.79524853633957,9.50457368347374,2.79286861194712,2.78320815283603,3.77394974851533,4.66710431802972,2.41385147656941,6.67924819573021,3.36189444227838,2.49183826142288,7.47703725331745,3.07968347728258,2.62167092786738,8.32248315295902,2.8440602864054,2.71755010290171,10.7077505282469,2.69080790223787,2.90410878204304,12.0164742312176,2.53255256407286,3.20492449789824,13.914930371548,2.30604407444536,3.42827910640043,14.9785641440684,2.17973469299232,3.55858389761484,16.2154055704753,2.07200588832338,3.92463198473432,17.0931575600796,1.93718602468731,4.19454483573018
6.37901510416076,4.59392878673224,2.74360816964634,6.65609938971046,4.53882032246102,2.70506962622307,6.8340729730239,4.48204512947107,2.5490001586978,6.55975014753414,4.33592684820267,2.13361643438086,6.04343739440626,4.18360888462693,2.38198497642033,5.71647692638356,3.7980954734492,2.25294711410513,5.85742754336769,3.72198894587249,2.32743491229045,7.72574303188206,4.10905167763364,2.85819122399708,8.10697553463563,4.11033551861575,2.79660409778554,8.54553194356474,4.05499902929081,2.75040979377767,8.89052805318965,3.61806805734558,2.61525929875742,9.2018035182529,3.26339903459863,2.85014907392309,9.11898627443742,2.78239995295115,2.79783474404135,9.48440279669326,2.79691822804225,2.78367063357609,3.76176997673495,4.65903315699106,2.40575336746872,6.66343374807401,3.36275790121087,2.48710821890019,7.46123591225105,3.0816763050629,2.62106772125334,8.30588333473838,2.84791233741325,2.71499586332162,10.6767699698463,2.69800775481127,2.90486117731231,12.0095116912898,2.53861706511197,3.20805489037726,13.9004114425525,2.30745891754699,3.42435476726346,14.9597547046013,2.18293348133159,3.55758259972411,16.2126973355395,2.07803000353381,3.92636599916792,17.0820240879224,1.93826751151619,4.19319689940608
6.37922641207199,4.59708438108236,2.74673001051471,6.6549994474312,4.54157831300145,2.70501500761976,6.83264546143229,4.48490692274093,2.55396580139186,6.55428561847082,4.34025128281058,2.1316914039287,6.04067188718914,4.18757328712159,2.37778698341292,5.71001027256861,3.80038429426053,2.24270263763867,5.84964614200933,3.7263778400713,2.31841050205172,7.72626392108436,4.13791582802815,2.91823516293655,8.11475923960647,4.1342070057827,2.83033580719516,8.53498054915429,4.09194437935434,2.7976836118591,8.88316319030327,3.62697450513768,2.61611799514164,9.19648611132451,3.26822839170875,2.85160260059565,9.10222925914336,2.7828655303311,2.79972895866044,9.48239810722983,2.80430555586215,2.78233915399342,3.749111424177,4.65859973466963,2.38716497465944,6.63016020667507,3.3735187911851,2.47924053958695,7.43334835486366,3.0851987298007,2.59461890145096,8.27903099414974,2.85747422169281,2.71175178436645,10.6679755611273,2.69901626674213,2.90899968287547,12.003712960105,2.54141288621986,3.20703967261144,13.9012174785389,2.31109133765417,3.42114793309456,14.9410375498058,2.1881433364431,3.54800801755841,16.1609802628942,2.07566766164683,3.89012551085107,17.0685098839741,1.94149873860469,4.18925201508395
6.38429088375474,4.59613559864018,2.74562513305235,6.65692445744119,4.53978604941801,2.70323920261778,6.82780460987249,4.48431359390008,2.55464204924345,6.5404090651927,4.34103093509182,2.13492586062317,6.03103305677847,4.18591927449904,2.37729254698839,5.70425191216107,3.7932133083279,2.2403163367674,5.84446076502317,3.72031977436756,2.31811608172437,7.70013258858707,4.16611541023039,2.93016656849899,8.1092067099552,4.16203292857497,2.84713479276843,8.52897262190683,4.1164571969195,2.81924267145825,8.87050461117319,3.66299099268388,2.6521442497562,9.17646201908691,3.27529151778752,2.85056107730416,9.08633435744736,2.78595865573065,2.79105097309665,9.46619309306827,2.80978083605375,2.78072878151341,3.73801090679019,4.65696635272049,2.37317103619037,6.62520090144722,3.37343344993235,2.47662623801147,7.41899751231906,3.08924421029463,2.59439036409215,8.26279051554783,2.85999087362009,2.71426600636594,10.6665578644015,2.70083733005078,2.9128592033434,12.0088732053817,2.5424578302215,3.2060294897133,13.8482089762982,2.3193590039343,3.40395270189692,14.9058735291687,2.19204322804463,3.54639189456436,16.1465953404902,2.07748778089979,3.8875661559629,17.0536590389932,1.94639081832306,4.19029526563641
6.38680906913216,4.59642313919282,2.74428784529559,6.6556163910258,4.53962416317668,2.70651096849584,6.82428789381003,4.48289170093075,2.55732233949356,6.52666245412939,4.3492619334376,2.13528749293354,6.01552268819456,4.19388545881181,2.36997632180354,5.68473149873884,3.79588520407351,2.23213485434255,5.8244423386366,3.72061936091649,2.30996319029879,7.71645257808395,4.16968347748585,2.94242319295662,8.11517682346881,4.17141974947204,2.86209976962845,8.53627086764472,4.13318953195932,2.83093791753137,8.88382384816978,3.6605036558947,2.62880567502852,9.16524603264345,3.2802482598226,2.86340227517523,9.08038098333792,2.78639405608494,2.78929128923728,9.45837278930933,2.81021182010259,2.77852731859895,3.72774849191683,4.65528527857343,2.36014529507143,6.60413889290678,3.3764025579632,2.47102178103448,7.40340429061535,3.09013384994494,2.59216794237511,8.25489629453877,2.86249931129904,2.70874525946623,10.6530155389359,2.7005550167265,2.91662016413896,12.0164643283031,2.54196805464285,3.2112180040553,13.8352981206148,2.32054019505849,3.40028170979446,14.8993803598001,2.18866582723301,3.5459278913256,16.1326488334199,2.08078126628345,3.88388261829958,17.040940470954,1.94957805305696,4.19141301703576
6.38521193283445,4.57392587815979,2.75493021620965,6.66060839324942,4.53789158974917,2.70719239785894,6.81953908679209,4.48040517669204,2.55056685038843,6.51472121658404,4.35064379497798,2.13577706228814,6.00387120303771,4.19640529082077,2.36544008086187,5.67910687117824,3.78883082031192,2.23036882366961,5.81247467525696,3.72234357034494,2.30393453458812,7.70029040867334,4.1755231257478,2.95045917465033,8.11127940530511,4.17522637366979,2.87023526864964,8.53445286673673,4.14194487735058,2.83859033873081,8.87848139291026,3.67187518260294,2.63177347322602,9.14827619590436,3.29017215372337,2.88087466807281,9.08050711638036,2.79051536272077,2.79433353613985,9.4336041566158,2.8202867083788,2.77883879258448,3.72148121550819,4.65298256175464,2.3452342268643,6.59039683242575,3.38213433736685,2.465684252297,7.38903076960887,3.08988526860471,2.59102441245509,8.23860725143801,2.86800717705407,2.70344436722998,10.6329089472877,2.71575553827647,2.91306558458642,12.0226190052934,2.54414205171525,3.21517195617103,13.3900414850795,2.34358355447679,3.42311459925734,14.8846881545716,2.18883819938583,3.53968869491004,16.1245421814617,2.08318279795545,3.88400304800004,17.0323428475588,1.95219105643067,4.18151561393653
6.39014676850705,4.57565057652693,2.75189400892793,6.66335767379629,4.53648623904853,2.70605500149565,6.81571655370089,4.47959822173768,2.54456506897675,6.49559018219801,4.34506532461532,2.14210490645593,5.98987615404744,4.20202727227209,2.35820090983741,5.66532832518636,3.79352924505469,2.2190217490315,5.8035553467344,3.725520734514,2.29444418303596,7.69575536611223,4.17618869333287,2.94813433634392,8.10850976738234,4.17763890605046,2.87442003324669,8.53053642593823,4.14203477988959,2.83604752125484,8.86550648913089,3.67928924241931,2.62609554808953,9.13592140733925,3.29416034883955,2.87190248716443,9.07965134635316,2.801653031584,2.78781564728168,9.4269662992474,2.8275528701055,2.77913421742153,3.71261483233078,4.65700523288756,2.32905894903763,6.57564578278911,3.3846270068636,2.45856566185736,7.37511565101788,3.103431720595,2.60050383996652,8.23026210452407,2.87919671684248,2.69356608788736,10.6351493561864,2.71861130957672,2.91889548850036,12.0089123622146,2.54584804996807,3.21096797667632,13.8235376931962,2.32737931624219,3.40006588012981,14.8696590889035,2.19287302824895,3.53523474143589,16.1170567231709,2.08207077879499,3.86704547975552,17.0236170718446,1.95579544096315,4.17149123597249
6.39282903882624,4.57785382897059,2.75189259162928,6.66318694725877,4.53715082523137,2.70598370254294,6.81459274903191,4.48114098618709,2.54551018094374,6.48898206652638,4.35345016440258,2.1425782106107,5.9790732400895,4.21033681265418,2.35493246764983,5.65006759252176,3.79796049458524,2.21288644321218,5.7930279274029,3.72958879252564,2.28829188361678,7.68972210784955,4.17766626703086,2.95142830391248,8.10579609187687,4.17784398664144,2.8737374873937,8.53007474457972,4.14501174756549,2.83577075370512,8.86328160966283,3.69717001993717,2.60972047811058,9.13607106505881,3.30142890744666,2.87010563261919,9.07635344926667,2.80488383063124,2.78413511420151,9.42157538619765,2.83175403801516,2.77630238769594,3.69971637470176,4.66008017735088,2.32297341301243,6.56144957623571,3.39119816986854,2.45063650159778,7.37343015000525,3.09414749391314,2.59833949227835,8.22838285715141,2.87951443463627,2.68822773638253,10.5898757813954,2.73085849093285,2.91968061574142,12.0095936611136,2.55038070816673,3.20594586062427,13.3046000740153,2.35699670273635,3.41204147705151,14.861007390609,2.1936505650872,3.52641092782654,16.1012505571072,2.08301940097069,3.84958929928273,17.0210062654709,1.9563952790619,4.15501710397308
6.39085787173995,4.5754980942498,2.75153908730439,6.6603337005215,4.53570109110621,2.70733231657301,6.80620692209592,4.47288605074298,2.55745182458402,6.48534412021502,4.3649748865232,2.14922894188496,5.97481799240194,4.21380163710797,2.35131471223835,5.6419056279577,3.80129425080236,2.21095831977664,5.78696248184285,3.73469853843089,2.28579031407857,7.6852931713617,4.18594781343756,2.96132888317302,8.10121963441586,4.18469746717411,2.87757997212563,8.52715892314544,4.14976399969006,2.83551492662328,8.86483934501526,3.69962292427583,2.61441172553999,9.12473447263146,3.30540427452441,2.86773347380776,9.06235398251758,2.81109740199336,2.77544001913778,9.40602031554582,2.83209434343771,2.77281973784237,3.69211794772516,4.66678250089581,2.31366163204767,6.55262866779028,3.38824834174279,2.44957631048136,7.36339224543281,3.09359724453174,2.59844205555205,8.21493456412681,2.89076399329358,2.69465345272506,10.5806739329515,2.73299891647373,2.91799095004604,11.9318931132246,2.5627204716643,3.2050690133806,13.3354585818397,2.35538573904664,3.40557059104624,14.8626903657466,2.1972134537469,3.52282794789623,16.1005241852889,2.08569900199141,3.84127198075423,17.0206581434998,1.9609038374857,4.14520889609874
6.39090910839071,4.57394329202708,2.75093761929366,6.66243632799884,4.53524339178431,2.70357388519238,6.80313082539454,4.47433321692179,2.54633095404666,6.47732926472678,4.36822232628253,2.13903245190338,5.95953078798713,4.22611615199956,2.36122280863248,5.63409854863958,3.80259514078251,2.21025121159409,5.77117317533839,3.73750127462755,2.2806257283971,7.68100406089739,4.18790245013436,2.96352979185436,8.10049808334641,4.19023315886316,2.87740233838786,8.53081510079953,4.15102913860393,2.83868491183492,8.85786705711309,3.70656779442348,2.60564874635447,9.12508889150342,3.30542538148815,2.8695764570163,9.0587830813592,2.80435605327712,2.77917106009635,9.40761358110454,2.83184924840433,2.77109816918566,3.68419289871831,4.66909517532175,2.31623434752956,6.54175527172781,3.39448286768769,2.44541859225002,7.34858975488882,3.0957270364552,2.5957986211753,8.20772757032034,2.89373127449055,2.6911244720798,10.5843683199219,2.73530204773501,2.92369970963796,11.9411968089445,2.56347907538468,3.21043665403055,13.2401073283972,2.37181834029391,3.3986099903599,14.8522793184213,2.19955267497277,3.51630892577676,15.9640015215167,2.09452222103662,3.77729011796208,17.0200573193167,1.96651501787634,4.12441781285637
6.39735019853866,4.5906809492882,2.73922307462647,6.66405085039465,4.53465071435151,2.70229275802231,6.79903767843316,4.47419005020276,2.54339237956633,6.46915772137463,4.37408088012925,2.14007157109914,5.96230868545861,4.22424184375515,2.35448313797403,5.62568770144146,3.80969377028279,2.20327800045726,5.76548332938833,3.74401972835742,2.27086566913394,7.68238202209403,4.18908562006722,2.96296191701495,8.09874377025641,4.192729376035,2.87506041239771,8.52969351153711,4.15145163619703,2.83844252706109,8.8597824889529,3.70731873604526,2.60559020936607,9.12230287377148,3.30379861342122,2.87137613291485,9.05667954344289,2.81033483920724,2.77293408695967,9.39709057635658,2.82995913247989,2.76898171591578,3.67992153606937,4.67385833327473,2.31435147987357,6.53298584597989,3.39740678981112,2.44252294289631,7.34549778326616,3.09526847144962,2.58642219235269,8.20875684784107,2.89614920431771,2.68767626871055,10.58225522987,2.73201932867603,2.91664535793082,11.9360242161474,2.56399535919821,3.20992058206114,13.7798169508406,2.34388429148274,3.38901824373686,14.8690758059522,2.20117954023889,3.5203453824688,15.964658212472,2.09099070454876,3.75624527053528,17.0155650510879,1.96897243979445,4.11139847197243
6.39971189568709,4.59204311837701,2.73750870856504,6.66485800572184,4.53389705315041,2.70288966396295,6.79866951000281,4.47675951000075,2.54517804357043,6.4820978224076,4.38616249742069,2.14240648874288,5.96052893517207,4.22902146997527,2.34911928083788,5.61935474696643,3.81590230748207,2.19822448388755,5.76218564362994,3.7501529904337,2.26375801425339,7.68207955715679,4.19077158081852,2.9628744836178,8.0990701393952,4.19335405037376,2.87340944700983,8.53122998878748,4.1502754788936,2.8348071584912,8.8481418409577,3.71099252288344,2.60684952626697,9.11570985492631,3.29874022187944,2.86140683951108,9.04502689277521,2.81220891896614,2.76944682403419,9.382590528021,2.83001354967751,2.76745685456157,3.67476697706798,4.67983725798381,2.31189049568097,6.51055530751571,3.39797433909678,2.44308683953514,7.34157309372709,3.09767447358128,2.58128117436603,8.19827862101362,2.90115286060589,2.68144777989635,10.5877508614634,2.72910198959876,2.91489509694088,11.8868127944472,2.57297750666326,3.19800805485173,13.2195325771414,2.37658217428355,3.40247567098573,14.876465894422,2.20138749883926,3.52324832037014,15.9550367890376,2.09694444779892,3.75290945148638,17.0127283424663,1.97374178882715,4.100972570585
6.39881642714719,4.59274628142418,2.73622090213109,6.66449364524125,4.53359624364666,2.70149179046841,6.79437534096081,4.47600026590675,2.54159662337717,6.47670685967269,4.39531222653443,2.14966456622022,5.94736495299922,4.23398982453528,2.33863320883556,5.60506958117139,3.8206884032627,2.19338364394187,5.75424458135286,3.75100742238992,2.25974589284351,7.6825095204305,4.19373265746801,2.9642948622411,8.09716224002316,4.19680383565096,2.87309414356499,8.52856061828647,4.15278199497415,2.8330039090354,8.84358703521553,3.7129185919148,2.606751623483,9.11268424352289,3.30155839217665,2.8597270831313,9.04018521859677,2.81151822708336,2.76780674035968,9.37700691028106,2.82567877103054,2.76791688317353,3.67722534460161,4.68176393658486,2.31389317861486,6.50101102634247,3.41525588681201,2.43106962952898,7.34036971468529,3.09961313585332,2.5724826422614,8.19765124047709,2.89823058972997,2.67990756744403,10.5940857664743,2.72468481177896,2.91711724783446,11.9229706387003,2.56319242582918,3.20631892479567,13.2691673490112,2.369942881605,3.40256398548547,14.8684394001812,2.21207441109994,3.51997529581016,15.9432982145135,2.10418410773322,3.74968762568073,17.0065279837215,1.98247419367402,4.08866144145572
6.39877546282563,4.59380594082346,2.73598252991966,6.66519996520908,4.53261193484243,2.69934141798463,6.79231482880994,4.47511699984975,2.53675928322578,6.46492259518654,4.40056980192422,2.15149538353698,5.9285276795424,4.24254060731377,2.33522019515849,5.5916335817851,3.82485080131607,2.17666681922473,5.73282163419129,3.7602760765795,2.25464947369398,7.68304206130734,4.19930314581509,2.96358469331286,8.09689185878733,4.19854458245926,2.8708443909124,8.52406982287874,4.15064683396868,2.8217235774379,8.83452817564284,3.71091423908427,2.60096729600783,9.10509266452215,3.30004319743779,2.85416778755489,9.02920963053268,2.80922420750936,2.76497350709287,9.36503776608896,2.82256971339661,2.7647459481095,3.67194274021498,4.68473699702684,2.31998126669708,6.49147001122862,3.41902788742854,2.42966557583523,7.33323114869753,3.10348320146153,2.56860624165094,8.19199435165074,2.89842054480426,2.67617344930845,10.5751222641104,2.72490170095357,2.90776903957906,11.9291230377218,2.56011723840251,3.20950566935569,13.2768218156964,2.36554034331982,3.4007654126794,14.8623532384888,2.21192657985737,3.51923034472924,15.9522718445549,2.10805800064732,3.74639616536092,17.000063486236,1.9934530459467,4.08531788499172
6.39820842694792,4.59411213522809,2.73752178906032,6.66486820456857,4.53306507122753,2.70020654389541,6.78960949695085,4.47563055220164,2.5387471720469,6.46592214940184,4.40655755987029,2.15233060209304,5.94612935951173,4.2329377882777,2.32984445464229,5.58579605944362,3.82788535509483,2.17436628817671,5.72835392087146,3.76202224492891,2.25289300621584,7.69286094310684,4.19848357039141,2.96709815586535,8.10020090148557,4.19877138670407,2.87193744620388,8.52826252981417,4.15114921342494,2.83081195070018,8.82360513486397,3.7139997871524,2.6011481199046,9.10171462653089,3.30224082236192,2.84688416020859,9.02427111260027,2.80769517411457,2.76350463322331,9.36206177230662,2.82032392708422,2.76278603184042,3.67068849883419,4.69282047923423,2.32992374048678,6.48661698372142,3.41563780536998,2.42918104225046,7.324245740752,3.10342364547528,2.56145658719728,8.18662216733234,2.89791336153616,2.66968489808639,10.5685650277045,2.72258286463944,2.90147508710051,11.9100605914796,2.56233105237207,3.20263669621701,13.2785491870068,2.36772260656682,3.40225141942119,14.845189737311,2.22391455249035,3.51176654597596,15.9382772977123,2.12104170541857,3.76333290223278,16.991523025509,2.00339738540743,4.08732163641029
6.39626936060094,4.59341019736414,2.7376360902078,6.66408428565497,4.53381002337357,2.69921322932516,6.78902269496052,4.47609943292918,2.54005196559299,6.46353458408342,4.41099692084248,2.1539332733361,5.9430566899557,4.2358581178855,2.3312899148573,5.58271489882075,3.82864249241412,2.17382080831672,5.72267510086115,3.76375422389194,2.25136021383856,7.69220910584553,4.19979874077831,2.96661589127122,8.09975840430308,4.19895196233428,2.87134532247473,8.52439846974843,4.15044406832669,2.82356560564786,8.80703285075112,3.71409953034014,2.57824564197122,9.0877641034853,3.29692623852402,2.83376636962727,9.00788766280194,2.8080619870363,2.76170682764546,9.34461283401508,2.81775911407039,2.76091912129893,3.66641809400723,4.70207420825553,2.33547498976904,6.48203556621265,3.41638040399812,2.4288912155476,7.3156679782822,3.10482091011831,2.55727525590482,8.1747152849371,2.90115937837329,2.6639551284849,10.564422451693,2.72144537141615,2.89816029041288,11.9117833084128,2.55786993832612,3.20007657075206,13.2791652878057,2.3686946157187,3.40250620378027,14.8578169417078,2.21860783394401,3.51862040157854,15.9442840037917,2.1259953142402,3.76222800162476,16.9840550460666,2.01374438659529,4.0913949629722
6.39417457863922,4.59353286497547,2.73849929914071,6.66125093342291,4.53285334001776,2.69982712819295,6.7858213144485,4.47584092308019,2.54092462225534,6.4649096430694,4.41360329413538,2.15151374971992,5.94139887269527,4.23556460333632,2.32878805991629,5.57932073202844,3.83114179848608,2.17181037003304,5.71760829207146,3.76579921953847,2.24823823603007,7.69302249224424,4.19992960473623,2.966193819291,8.09722458821986,4.19879153639873,2.86812251475781,8.52228063263465,4.15469295657502,2.82185468501372,8.80110848337898,3.71854606421971,2.57200365908335,9.0691807378335,3.2967494486504,2.82299975251643,8.98860758886798,2.81002437226729,2.75996933091338,9.3324438607658,2.82227955212501,2.75574845424805,3.66283676799249,4.71191973723389,2.33899611232965,6.47975905373198,3.41135208939143,2.43099584677878,7.29758750021325,3.10439327609373,2.54750127946951,8.15437450408794,2.90881080107401,2.65844105033848,10.5593510231462,2.71923679865624,2.89226929564099,12.1529879014291,2.53266412446682,3.2096626252542,13.2753071560504,2.37348170305053,3.40208560122562,14.8251425939766,2.22971397771667,3.51939410706039,15.9381858307095,2.13313242523929,3.7704923968364,16.9751868301896,2.02309283696389,4.10138237727351
6.39338923195659,4.59175996890643,2.73765340993314,6.66132340916663,4.53096857910458,2.69942334173798,6.7811547025137,4.47429309177277,2.53781460092565,6.45842483992103,4.41717979455539,2.15097833220033,5.93136836305977,4.23807408515528,2.33484424666261,5.56590583515958,3.83742392043271,2.16959335066545,5.70855872828683,3.76668682434429,2.24475573058961,7.69247977779364,4.2005279612437,2.96646003350028,8.10002701312991,4.19960065749665,2.87167702388849,8.5236455607368,4.15395232362663,2.82506177769093,8.80282390921942,3.71321238213823,2.56557457247127,9.06265987614095,3.29743360286937,2.81951672704096,8.97762387880824,2.80946297187801,2.75603110889737,9.31831264558137,2.82198290115261,2.75423706269783,3.66005298513116,4.71915970065601,2.34275992619423,6.47089335070882,3.41355454547297,2.42773285502765,7.288311301871,3.10339353029066,2.54765139049332,8.14546412942486,2.90663301576984,2.66087120114512,10.5644220517111,2.71758359325363,2.89635105965093,11.8817845096993,2.56549730370373,3.19865039264888,13.3748069226248,2.35934979198239,3.40828642720763,14.8226179659852,2.2350872726454,3.52092176188651,15.9465485576671,2.13406294583104,3.77592827607317,16.9652407829037,2.03243729626855,4.11067361383631
6.39094112856579,4.5934330106552,2.73596373695462,6.65939671107354,4.53098895321911,2.69938766923106,6.77960970995832,4.47369810279349,2.53894467758881,6.45437827314553,4.41722993524493,2.14734821196691,5.9219005395333,4.2397085100569,2.3332144592611,5.56059488659507,3.84034109555833,2.16910913170922,5.70273074149605,3.76955196379246,2.24303841440805,7.69014391339113,4.19984157895427,2.96868840102966,8.10149135981892,4.20108793011341,2.87536247791842,8.52489678907339,4.15714553120335,2.82624593625601,8.79377245886748,3.71843496590377,2.56832676814722,9.0491451745217,3.30020391870493,2.8180757951505,8.95909338917318,2.80721882597609,2.75653143694377,9.31157136395188,2.82095832423751,2.75129750553566,3.65672821935365,4.72814002558951,2.34770256692763,6.46281565860443,3.41219148357906,2.42642502634317,7.27945939076438,3.09891816850692,2.54832271723368,8.12740789615474,2.89738860126442,2.66490733122381,10.5514202001659,2.71582275168115,2.8900058596983,11.8759180078174,2.56603940760596,3.1967575497592,13.3887586467022,2.35718711120855,3.4068785357493,14.8228601962921,2.23456231431133,3.52543245554359,15.944856267905,2.13851783929178,3.78520420674286,16.9564526875241,2.04214857941883,4.12488385612024
6.39093368700189,4.59122546009852,2.73902023939493,6.66008054732028,4.53095482882677,2.70150498135593,6.77861191456056,4.47333976348699,2.53989067591927,6.45014250898908,4.42172347158016,2.15074616189326,5.91732771022936,4.24059133393799,2.33436031544796,5.55139653071267,3.84031894063772,2.1688501394824,5.69304107297063,3.76940438465829,2.24395245533171,7.68431299653234,4.19653010317112,2.96951925190926,8.10086642320072,4.20001968954629,2.87528372830038,8.52434422727045,4.15676202024383,2.82676505147092,8.79435153988444,3.71567431521022,2.56741504084266,9.05134273106527,3.29427990015305,2.81906632146709,8.96201447806397,2.80351796415588,2.76063397210289,9.31412928678309,2.81993394755557,2.75229168096876,3.65174008531757,4.7326094028822,2.3531242993479,6.45855973641514,3.41095016321351,2.42525657718391,7.2761800347145,3.09343643625006,2.54889687218829,8.13134976419746,2.8915151578593,2.66856380458142,10.5147008980314,2.71797363808445,2.8761012459891,11.8901203871799,2.5616490175364,3.19984692135258,13.413657623809,2.35420981952164,3.40793799755429,14.7913619215689,2.23474869030055,3.53564694086216,15.9373019632219,2.14226416988746,3.79358736329453,16.9495977355109,2.04892732693028,4.13563956094033
6.38739345431817,4.59172653053496,2.73912072637771,6.65703303311219,4.53181037100649,2.70029093334682,6.77731397350166,4.47270837061222,2.54131545639991,6.44749097494343,4.42246978529339,2.15068657554812,5.91365275462858,4.23879493606039,2.33595654183372,5.54287112685717,3.84523776720132,2.16828100590202,5.6846147296577,3.7692965915424,2.24396586415815,7.6818319489625,4.19505383109412,2.9713176130273,8.10421057475782,4.19839981015558,2.87595152813434,8.52722753960226,4.15722503862509,2.82495037143103,8.79065468137956,3.71122243660384,2.56212875773177,9.04155262689862,3.29664251716037,2.81997458301941,8.95207767958552,2.80419340417596,2.75865425287374,9.30232233905168,2.82100667716289,2.75177410322692,3.64612373823334,4.73594900824672,2.3594982044705,6.45199372826789,3.40993957592596,2.42389207803771,7.26767017514884,3.09151181159108,2.54606639791129,8.11629289940387,2.88764411197885,2.66604869866297,10.5144984433961,2.7194050052465,2.87480167354417,11.8817163922139,2.56216155771757,3.18884592359153,13.2826593302125,2.3727507518042,3.40460160016157,14.8043392310082,2.23254313528773,3.53659411066471,15.9363024960775,2.14267706571101,3.80003887431563,16.9433210606392,2.05177916098478,4.14070779842254
6.38538774863338,4.58925350203486,2.74066979523629,6.65518239280533,4.5314513894548,2.69899281659521,6.77350039886535,4.47101309187065,2.53769882041794,6.43851910007871,4.41837699248482,2.14714021632404,5.90426052579655,4.23536352632466,2.33048157882492,5.53956607915222,3.8406761054096,2.1666610412719,5.67991512648219,3.76505506911462,2.24323182706504,7.68095729029375,4.19496036338728,2.97052323968053,8.10136241137769,4.19943342354062,2.87628206935736,8.52376554014907,4.15628005362494,2.82210744072904,8.78872264579671,3.70508791511561,2.56057109968331,9.03777043348656,3.29264917256278,2.81729300363583,8.94959058477129,2.80231126922273,2.75365009285523,9.29973100991615,2.8206484549853,2.74469550936595,3.6389537566342,4.73349143322293,2.363323652976,6.44807683355903,3.40101945360168,2.42624857834229,7.26432711866188,3.08476969092869,2.54796747680515,8.1146872975997,2.88244166891779,2.66627141559186,10.4964703756558,2.73690807185614,2.86568044949514,11.9961020280387,2.54532753449978,3.19905797861279,13.2792499748969,2.37089708463275,3.40492048883623,14.8099422920014,2.22954978565162,3.5382423434079,15.935246062425,2.14320966890781,3.80748999616112,16.9378119346871,2.04931535463339,4.15047382218592
6.38528305557695,4.59345719471202,2.73763776101682,6.65302904593527,4.53289053467142,2.69805795778446,6.76949445187176,4.47047396550104,2.53922446153858,6.4290028271618,4.41774635716391,2.15052775633156,5.89645574454723,4.2379744046515,2.33180537643502,5.53186555006083,3.83924996486863,2.16689158051765,5.66942386303046,3.76386061612372,2.2421201340188,7.68200353406825,4.19560352056881,2.97092677235411,8.10448263653044,4.1991161748732,2.8772475877508,8.52313628551368,4.159275062884,2.822091986429,8.78048159999155,3.70168889958017,2.5565445257057,9.02703326490093,3.29230974216551,2.81098173100445,8.94032810206962,2.80408304737258,2.75178499915302,9.29281226007212,2.82404310749843,2.74170050647525,3.6323614584775,4.7322246136997,2.36537537400843,6.44174833599485,3.39900351171071,2.42577644135567,7.2540401723614,3.08013759992441,2.54661447117306,8.10901844808768,2.88121707330157,2.66268678396321,10.5080115551204,2.71807829623471,2.87275984294425,11.9133262022745,2.55651211267083,3.19511472731858,13.2815444611344,2.37097217702174,3.40565525130915,14.8135091630837,2.22732981615403,3.54103086728097,15.9385550024738,2.1411016088192,3.81041135429117,16.9307147208312,2.04235407422434,4.14441077775448
6.38612427946186,4.5916628985891,2.73807253240278,6.65290521649245,4.53248525229871,2.6978426184918,6.76462244098501,4.46884543380783,2.53982825223275,6.42050984838617,4.41921858107653,2.14860998510673,5.88524091987915,4.2396251207348,2.33358513411873,5.52549499297434,3.8385700200657,2.16544150113336,5.65969266496998,3.76383571178937,2.2399362709427,7.68003260721732,4.19527803776779,2.97095105349894,8.1039150408849,4.19938586784947,2.8757853258561,8.52148606949796,4.15727085136709,2.81987879186245,8.77577419243087,3.69539018368935,2.54277089814866,9.01197798570687,3.29254773518696,2.80371970579656,8.92842948864712,2.8057734625122,2.74682514481706,9.27656746080299,2.82241299944829,2.74507134423308,3.6255383056383,4.73365768738251,2.36638480985804,6.4303714368725,3.40235507890667,2.42318996913546,7.24911711154793,3.09569216184545,2.53710043823216,8.09677210862117,2.88291762771273,2.65929420894595,10.5068983536533,2.71664849404975,2.86835420907415,11.9336199292909,2.55718092384587,3.20726720537975,13.1824006202316,2.37714010288171,3.41009589768173,14.7958512541508,2.23064647607201,3.54082897427951,15.9488720475425,2.13710416212136,3.81533442042993,16.9217963456221,2.04192858841224,4.14702931395599
6.38656830286905,4.5898487656941,2.73697724716246,6.65117026800867,4.53223393679678,2.69551617320491,6.76152128233763,4.46934741124284,2.53686002539193,6.41370607878897,4.41546962573124,2.14616482223835,5.87823115131301,4.24152983917345,2.33226161880251,5.51795949634423,3.83675155142528,2.16396740277052,5.66108832472416,3.76707384267456,2.23643549721077,7.67923642794822,4.19662883605842,2.97009016377873,8.1047008337728,4.19880569254116,2.87624719332199,8.52442422259514,4.15617597991819,2.82289459274512,8.76670004980464,3.69899056753757,2.54040343000381,8.9932035898888,3.29903807712137,2.81472251102315,8.91623086196987,2.80756162689159,2.74619351133718,9.26804963067047,2.82110860845145,2.74331953965187,3.61650152392263,4.72976322868708,2.37016117315891,6.41976380074531,3.39986499677261,2.42200278856561,7.23288741728965,3.09484512759773,2.537661795549,8.08056175762516,2.88103938637798,2.65779861737327,10.481941594866,2.73685725475714,2.86102278192449,11.9245984772363,2.55582358852985,3.17089606948148,13.2662722226787,2.37406773980578,3.40633949770623,14.798737604606,2.22707844784858,3.5411658469005,15.9330178008558,2.13636640209223,3.81808885517545,16.9141909287391,2.0415147069007,4.14666609785248
6.38591076657289,4.59189763699088,2.73373232536256,6.65687945819522,4.54584402827495,2.68478796484885,6.7556835242093,4.46716145102011,2.5329641456755,6.40060979006235,4.41460955667976,2.14421781894214,5.86378055450676,4.24532759964845,2.32867499559295,5.50984343864841,3.8389242788042,2.16003336536095,5.65109512484756,3.76949464613659,2.23165489745232,7.680814105488,4.19706839479355,2.96856055758121,8.10361362374036,4.19923276056809,2.87467297090581,8.52443008612792,4.15667022884922,2.82028103909705,8.75984820265052,3.69732162112329,2.52993374036893,8.99100634300732,3.29099182417723,2.7959265618768,8.90657909485205,2.80928366862457,2.74370075498513,9.27280831631785,2.82891136596061,2.7358981437818,3.6071852145812,4.72633244302886,2.36273225345157,6.40799844093693,3.40128661238524,2.42008871503262,7.22894339180807,3.09559810029538,2.53369759163097,8.07826716121322,2.88034076318815,2.65465253110383,10.478862711668,2.73741897189175,2.86095552331388,11.8316556009467,2.57072645022935,3.16964588098056,13.281373353545,2.37246038542997,3.40630290718111,14.7888172679677,2.22742469396488,3.5423343713565,15.9179003649854,2.1351764545797,3.81777152896806,16.9053211153208,2.03956846525203,4.14349146152261
6.38675587857091,4.5930401030995,2.73187152348989,6.65434329793402,4.54718935879526,2.68083492256623,6.75374092807569,4.46793719530889,2.53176237685688,6.39942248831901,4.4133616472918,2.14090273671072,5.85964016032897,4.24701031641285,2.32844103363973,5.50720781882088,3.83869511761928,2.15804672790965,5.65421229144793,3.76680195618041,2.22902906691022,7.6797087044179,4.19655874455547,2.97008495713974,8.10348612538484,4.19997002659204,2.87769734511067,8.51961205987199,4.15972125571474,2.82261522516898,8.76045143455996,3.69728691365979,2.52678406510959,8.99027806780535,3.29150539060598,2.79682816755787,8.90660099652387,2.80472100489775,2.74449815958553,9.26946607002512,2.82519207833184,2.73715818788792,3.59764519705619,4.72406917531116,2.36493666362056,6.40442949376923,3.40251833535614,2.41710522795657,7.22502852614496,3.09573502380449,2.53311817251834,8.07649827965995,2.87898676234952,2.65236429161741,10.4583330564655,2.73624411549766,2.85441004617908,11.8339366325872,2.57200727972737,3.17137299702858,13.2976453076814,2.37002726079722,3.40927319478074,14.7932963327327,2.22278517811122,3.54642718326849,15.8034838620131,2.14175499284122,3.76743613546385,16.8985794144379,2.03420006449564,4.14393836375938
6.3743515733492,4.590790947125,2.73389757512621,6.65191576576612,4.54980105718169,2.67997569069677,6.74809651162766,4.47135390747779,2.52782857030832,6.39118728001551,4.41149751051126,2.14367306022969,5.85526197455557,4.24691933293608,2.32840394021006,5.5014072156522,3.8357195779638,2.15736329438204,5.64858382780263,3.76474874881744,2.22754654948453,7.68266215099853,4.19707526016738,2.97126312384633,8.10408276659155,4.19903438477153,2.87922582032815,8.51785822953181,4.15843416172354,2.81947972236401,8.74987507772816,3.70275651465065,2.52872262178289,8.96769161993522,3.30361766161047,2.80781300492961,8.89216251786386,2.80554477766668,2.74229692019635,9.24861780641927,2.83034239591447,2.7373922981637,3.58896617863811,4.72247519833774,2.36734978301388,6.40439965752679,3.39621288773674,2.41577429677854,7.2219608950418,3.0952200071869,2.53112501727703,8.0710679737471,2.87866888969505,2.65146482359974,10.4506749416653,2.73520407272533,2.85496230316381,11.8329345752205,2.57218239070451,3.16269531221238,13.2770417721698,2.37159112598987,3.4106127119039,14.8041062357564,2.22099349889258,3.5480707683122,15.8606059704711,2.12961757266365,3.78702492023484,16.8932030199034,2.02872047925791,4.14126181085988
6.37683694739467,4.58960731301047,2.73334365579172,6.65282103714371,4.55038271319109,2.67764253714917,6.74223700846086,4.47056160570254,2.52245684433338,6.381209113531,4.40660790515356,2.14198721749501,5.84512534614311,4.24586369385991,2.32286846934758,5.50237642507492,3.83151491039519,2.15455115565887,5.64519191080527,3.76336447598141,2.22699307267823,7.68253511332834,4.19870679614102,2.96967881749478,8.10424457435798,4.19897033391061,2.87688161264453,8.5179888542264,4.15853676973122,2.81675367725658,8.7429327519817,3.70243537651781,2.52372237943969,8.95691383820297,3.3007828946533,2.81357526666712,8.88199385887414,2.80567148591768,2.74467426294602,9.2432632945353,2.82899850135556,2.75179321911487,3.57857460178804,4.71624137502586,2.366914096456,6.39960118873132,3.39659706519014,2.4137100287967,7.21262124059771,3.09764490876804,2.52851534460453,8.0620249381053,2.87866681279684,2.64850217149489,10.4454968521815,2.74016073520939,2.86720255177977,11.8551704366122,2.57248949429596,3.17050197092161,13.2732407709818,2.37247563132193,3.4103067667184,14.7836105161327,2.21940417736702,3.54567390203899,15.7943455366037,2.13769865371209,3.7678199479825,16.8794437529042,2.02405921352694,4.13919888357071
6.37929405361046,4.59057364190329,2.73240595351781,6.65108518830944,4.55070579383595,2.67337372705961,6.7371052345069,4.46990597989318,2.51433367846669,6.37108215435513,4.40623373498173,2.13651562786339,5.83149576887252,4.24885902505648,2.31440862275365,5.4887821861781,3.84012803586104,2.16250861355744,5.63643575239542,3.76448968850356,2.22202929635985,7.68286570335802,4.19909581458211,2.97171212840349,8.10779526820653,4.20051053182674,2.87845746179361,8.51211241009098,4.159049486824,2.81754652118688,8.73435129766602,3.69856156540373,2.51795043655395,8.95137297310933,3.30337808416719,2.81251208702551,8.87486164248759,2.80812659205731,2.73912272765624,9.23706300877485,2.83104063083497,2.74830871362738,3.56972835829249,4.71179407926552,2.36528220807189,6.38685662408016,3.39419248157533,2.40078552256657,7.20053501691745,3.09879675621755,2.52762633142485,8.05447724654971,2.88383888143737,2.64599333709316,10.4612761547258,2.73529397922371,2.85667154611653,11.8491589878174,2.56888052766217,3.16661308430685,13.2627667006769,2.37185194712557,3.40843810002159,14.7735861550533,2.22072367024945,3.54514684824269,15.7918154847329,2.14134170152087,3.76390905641519,16.8708051193218,2.02072792492895,4.13911750691634
6.37949419658572,4.5878459514967,2.73679298233475,6.64924186148081,4.55306659578317,2.68381517319596,6.73147804844819,4.47101911065804,2.51189533700858,6.36564995780964,4.40448424648552,2.13591831797575,5.82523511737148,4.25053484522579,2.31038653046487,5.48250847968479,3.83278269838929,2.16374696507194,5.62813876892938,3.76202986773045,2.22078190603321,7.6847685828498,4.19790063416143,2.97296663809589,8.10893679428856,4.19870279596157,2.87827922999329,8.51233021659342,4.15653220612942,2.81271993100866,8.7182497622907,3.6968528070977,2.5076232270674,8.93026186617542,3.30332868950659,2.80477579735837,8.86358791504872,2.80501524714249,2.73455346008376,9.21531279192846,2.82937392051329,2.74750743881245,3.55958996813385,4.70891154494045,2.36296696230033,6.3851848654041,3.39630633510783,2.39826255916375,7.19131401006069,3.10144175150925,2.5225369467962,8.0472163392319,2.88603567990775,2.64070068246111,10.4338465913933,2.74146074552707,2.85813513613222,11.8211351790933,2.5757373981761,3.15531787724014,13.3559263826194,2.36212741269614,3.41195818477789,14.7431615303491,2.21937971259093,3.54604914026287,15.7820616168169,2.13712039502342,3.76819889088774,16.8618211886195,2.01752167647968,4.13579706106049
6.38210979276872,4.58630740992222,2.73556802936536,6.64859226306714,4.55326793631241,2.68064840478771,6.72244236016822,4.47118866503439,2.5058278685408,6.35508434389062,4.40541716404797,2.13738173289965,5.80264376248617,4.24552601921636,2.31828075273627,5.4732395462132,3.8298660189829,2.1622878036977,5.62435600662906,3.75721215356951,2.21987555486944,7.68398292286176,4.19688310938243,2.97259601466495,8.10826490948438,4.1986889924588,2.87872082748066,8.51111632220412,4.15481817072528,2.81075676114811,8.70995151078822,3.69626556109075,2.50727847249779,8.9229395960023,3.30164048812535,2.80061417439417,8.85387569174328,2.80817489293082,2.73630764312028,9.20487802461318,2.82882871644549,2.7476050854491,3.54718483739341,4.70556126524527,2.36152035712965,6.37237808773734,3.39672824174678,2.39875175325929,7.17448446267753,3.09814399868515,2.53499806209375,8.03715393916523,2.88572422626059,2.63890416268749,10.3879030396505,2.74849293127546,2.85859483283962,11.8057004214279,2.57878249522715,3.15728133727341,13.3417094549288,2.36466520210519,3.40297182067491,14.7083112554644,2.22540844633837,3.53973643427179,15.7733931626034,2.13353646091871,3.76590787861929,16.8533658276473,2.01656583338188,4.13248960600156
6.3836952495074,4.58873840842459,2.73553154894268,6.64690789200043,4.55259007405527,2.67783567662056,6.71486912776493,4.46915267993495,2.49969572491645,6.34625390524776,4.40899809281181,2.13299467078649,5.78904601990001,4.24666526050178,2.31080071252838,5.46015278776583,3.82904822153429,2.16142493651876,5.61150667563662,3.75729029978205,2.22071487915615,7.6846739475682,4.19518315972112,2.97175961586965,8.10992920071942,4.19959011984052,2.878952921958,8.51042258146947,4.15420949187923,2.80615723308352,8.70328133948736,3.69631066308024,2.50399539041579,8.9221919461353,3.29940792707894,2.79654916294511,8.85220805227658,2.80718629155849,2.73899801736491,9.20619044595997,2.82544406861944,2.7513091916282,3.53482752211863,4.69853599637774,2.36313025555836,6.36238446979036,3.39787885219394,2.39644793909889,7.16647239049382,3.09803366242638,2.53567219703086,8.02794311131404,2.88704575744174,2.63780745950321,10.3823356719456,2.75025674745159,2.85442341263495,11.7980569277139,2.57950137032099,3.15740774895522,13.2776538522538,2.37474302222907,3.40771917193226,14.7173579041967,2.22648891642574,3.54043812797422,15.7716113834189,2.13162156756419,3.76875193519734,16.8448122056845,2.01970852706273,4.12799923457715
6.38298613144838,4.59181418270364,2.73312350533456,6.64575748636227,4.55530400843987,2.6778603598037,6.70860712714048,4.46777060049286,2.49892726539667,6.33442867514414,4.41382037880818,2.13648846887216,5.77545514092275,4.25174511582597,2.31588467700133,5.44813785137358,3.82633363438955,2.16206628910712,5.60016782591037,3.75530403622943,2.22144773621752,7.68319040476786,4.19615792097633,2.97244429973131,8.11248997342484,4.19938579432299,2.87960082120547,8.51201612791891,4.15165665995216,2.79992094084415,8.69230910678817,3.70233767336672,2.49918205184691,8.91018135902096,3.29904083090105,2.79378704638335,8.83978717952324,2.80622875863527,2.73588447916986,9.18985834654637,2.82208840821715,2.75345825396897,3.52268668817808,4.69233035038652,2.36263929758052,6.35611534465698,3.39684863464269,2.39628257096659,7.15662158812415,3.09238493073658,2.54207262802801,8.01497790178931,2.8915557318136,2.64316972748216,10.3852100269115,2.74768183149208,2.85668744847392,11.7975192408148,2.58075696987465,3.16304858567914,13.5598179615306,2.36607099766695,3.39009834481559,14.7128892920333,2.22708290198453,3.54122035305468,15.7658865064174,2.12808395527226,3.76828401486929,16.8353326456538,2.01593988539591,4.12798623063728
6.38190298658322,4.59293150580864,2.73346109818325,6.64390977217095,4.55473622488516,2.67697674373176,6.70228180502046,4.46714462677191,2.50130702204028,6.3249894818774,4.41409458842403,2.13935683113505,5.77248960716194,4.2483779001225,2.31761634456155,5.43979676994866,3.82693154844122,2.16003425304982,5.59207512895726,3.75516451896563,2.22052573962198,7.68366306817539,4.19447519054058,2.97445490883284,8.11203483298297,4.19933034605798,2.88003206005515,8.51073742022765,4.15028941565509,2.79810764737167,8.68348106788782,3.69707271269882,2.48727554191978,8.91855764115904,3.30432019038315,2.7863807915381,8.84961073678228,2.82012259405618,2.72943749592823,9.18982945672472,2.81976811598022,2.75334419138775,3.51554800116561,4.68562299686362,2.36343765282832,6.34270036182421,3.39885353275184,2.39277043716639,7.14742099171954,3.09174945921549,2.54071370748665,8.01276942305816,2.90244802398114,2.63873910388332,10.4065549294191,2.73911255334257,2.86606067464415,11.8018995285218,2.57650733318712,3.15887442402554,13.6207856637137,2.36267903772754,3.40008421692419,14.7284372233613,2.22248243417558,3.54503176935196,15.7622039947814,2.12579870367806,3.76918483545674,16.8283559424246,2.01216072602292,4.1284823899584
6.38301496128223,4.59460572462726,2.73009932450545,6.64103782497117,4.55632276534171,2.67472374076127,6.69608418300063,4.46782272416477,2.49740164780657,6.31575080219424,4.39747696874056,2.15126830661659,5.75982234627262,4.25160048068806,2.31630666894356,5.4269698661731,3.8240767090245,2.16129433468677,5.57846972154452,3.75397997122296,2.22055420835142,7.68199354328562,4.19453573245245,2.97398024886717,8.11068856720518,4.19941060022622,2.88089500973466,8.5090393529285,4.14943406495834,2.79555446090808,8.67530031533398,3.69620452863975,2.47927209842456,8.91693455672087,3.30230364568889,2.78268308290297,8.84348294323497,2.82145398673325,2.72808125645369,9.18631811591318,2.82211155441316,2.75449284882006,3.50595729643909,4.68277936690085,2.3584041798089,6.33124082050316,3.40413023273011,2.39299456429475,7.13309446439633,3.09789796555858,2.53970082311278,8.00194253549586,2.90534643597624,2.63823613572212,10.368068501161,2.75235149899217,2.85638337534199,11.808375983374,2.57500981664221,3.15758650883017,13.5543717331247,2.36526987640857,3.39162258506628,14.7206659240827,2.22279436882039,3.54529832742811,15.7536482071934,2.12572930795957,3.77410079904724,16.8216246278036,2.01037913707194,4.13304847907783
6.3790241769015,4.59387175718929,2.73160807737578,6.63839225985836,4.55674030028092,2.67307300456732,6.69336488686151,4.46961613631493,2.4947558602029,6.30699877399574,4.3998228232358,2.15543406651427,5.74492947618798,4.25387929739904,2.31558960518621,5.42469268575916,3.82161479910595,2.16541083104401,5.57161497317112,3.75169613047514,2.2184736042341,7.68175400711691,4.19222216014096,2.97593599316168,8.11036221654074,4.19697320547241,2.88320284664721,8.50818407760006,4.14861554233051,2.79698032473679,8.66418297923725,3.69553873662159,2.46514666275374,8.9055223294935,3.30237870687086,2.78301102225189,8.83322204837984,2.82426288047147,2.72637042779726,9.17897819922095,2.82121972291382,2.75075808689346,3.49535454463924,4.68286768372881,2.35408901367489,6.32292181929224,3.40352169830596,2.39159656930961,7.12526918074838,3.10041446453048,2.53715434520543,7.98972855230968,2.91108870905966,2.6359160279465,10.3843843186085,2.74262752909957,2.86418437843122,11.7981301066591,2.57996004932984,3.1537666290316,13.5362152090436,2.36704562111085,3.38744874996647,14.6997849619165,2.22789455783861,3.54051135811252,15.747338367658,2.12411147419787,3.78090630978379,16.8120043585102,2.00992619220339,4.13602149453244
6.3809232003319,4.59403693353347,2.73308777361966,6.6373316868133,4.55407070039573,2.67349938978802,6.68678224183661,4.46873386019155,2.49309062335508,6.29792619221569,4.40400364087731,2.15136826948662,5.73527732916278,4.25243611120923,2.30988932890807,5.40801454662176,3.82335369853794,2.16555379986777,5.5576239008454,3.75424485516916,2.2207559849868,7.68243349013431,4.19143509960814,2.97545069005684,8.11177262198591,4.19747724788364,2.8824949272338,8.51023217892211,4.14821268761645,2.79697182526091,8.65066077246766,3.70040012055136,2.46075362220811,8.89807575636222,3.30070594155577,2.77635890411226,8.81839983216678,2.83187572838214,2.72993329147326,9.1567901713446,2.82606165719431,2.7418682759322,3.48351745710586,4.68390236297351,2.35532306724954,6.3079271166766,3.40425063321144,2.38925480157746,7.11749669853485,3.10348820439909,2.53790801745815,7.97389920132792,2.91306138739742,2.62878540392264,10.3578894412815,2.76136241756232,2.85453673701425,11.7147403348012,2.59322061087369,3.15521048017688,13.2379757349303,2.37589606560877,3.40032598828189,14.6750873933953,2.23338176200362,3.53499814536477,15.737780685514,2.12520094570875,3.77867955841476,16.8015587436741,2.01161194726152,4.13654021640765
6.38130535526443,4.59136117178254,2.73154616769051,6.63620511521443,4.55407270954792,2.67433508676647,6.682193170906,4.46885003607888,2.49451234826335,6.29223788068406,4.40780613043586,2.1490804348288,5.72789920041487,4.25610127093047,2.31032737621773,5.39431414686159,3.82891363800753,2.16567278579581,5.54587187648854,3.75668895875676,2.22317761279008,7.68247200877075,4.19175693173435,2.97503756262116,8.11311728521812,4.19711470394555,2.88238817276967,8.51130069272364,4.15012802276599,2.79345332343531,8.63957001896413,3.71176206145483,2.44974348540338,8.8825504376944,3.30296338075167,2.77129296166438,8.79794359210923,2.83509340654847,2.72898289426009,9.13933233459408,2.82920899412471,2.74061013570015,3.4732159793578,4.68438720490948,2.35635716533086,6.2952451848773,3.40673087867683,2.38925346951437,7.10204528501329,3.10501883660255,2.52538678006387,7.95648427532483,2.92045280968042,2.62990588401766,10.3637411653042,2.75964481588839,2.85860231231388,11.7228406418797,2.59514039624158,3.15834025232413,13.5381521321704,2.36832328609946,3.39053507424886,14.69658769001,2.23007797997485,3.54492234999806,15.738033947851,2.12433133680418,3.78051642224547,16.790603391424,2.0145592121543,4.13693752846432
6.38135561794266,4.59510810775645,2.72917926375211,6.63511046961059,4.54948883877447,2.672192185308,6.6730219049174,4.46434953257507,2.49467985687994,6.28948719536095,4.4262287624312,2.15292857218189,5.71705346220269,4.26029423090568,2.30391809845124,5.3859548309524,3.83310398427382,2.16447722727864,5.53927002411503,3.7598354519638,2.22170078589982,7.68284414316644,4.19193218902286,2.97440863013898,8.11200252519131,4.196057957997,2.88142617685207,8.50825317453751,4.15436461475352,2.79895222039944,8.63789953020284,3.70085865576682,2.42632267113627,8.86272119535664,3.30435399610599,2.76678323908492,8.78146222561153,2.8371532598082,2.7252370575056,9.12671608232114,2.83224877827342,2.73722509737633,3.45973190517475,4.68253484083291,2.3597105957574,6.28761629767196,3.40978058181467,2.38875321894736,7.08934880233399,3.10718310064958,2.52483558411664,7.94241109297795,2.92422109665192,2.62819207880941,10.3773822967269,2.75760979132384,2.85997805609206,11.7272518846136,2.59827518554911,3.15622099575287,13.5451198508339,2.37042020850506,3.39017636929367,14.7088711543973,2.22811970653789,3.54628070076223,15.737819098154,2.12515849807559,3.78366316544457,16.7790936132425,2.01477026889865,4.13444713524886
6.38149695879661,4.59582813089221,2.72907343129014,6.63063123422008,4.54989918904446,2.67180466417672,6.66029272325982,4.46434761426973,2.49220324847997,6.27134182764043,4.43023479881972,2.14872873242836,5.72407877243305,4.25602307155435,2.30492364174336,5.36870657739664,3.82926325904433,2.14508240466574,5.52245594916124,3.76650556371579,2.21898900039414,7.68303145361423,4.19092288532101,2.97498107352903,8.11128951184858,4.19419838364245,2.8827458891119,8.50837352357229,4.15321670670929,2.79935281217018,8.62773884070823,3.70756910205924,2.42487237949361,8.84695949522817,3.30844311585531,2.76349506329124,8.75704654709787,2.8446129373899,2.72175888596825,9.11457880838377,2.84089698867324,2.73519276854981,3.44991176289529,4.67845964758852,2.36233989028977,6.27073760301887,3.41555360885263,2.38845351682321,7.07448511784893,3.11303406576601,2.52175985882814,7.92878199710456,2.93367175886099,2.62418309065855,10.3775797884539,2.76094948212263,2.85948167441673,11.7131945299556,2.60188990804905,3.15049160644078,13.5686447204673,2.36858908635512,3.38591157410319,14.6780517161436,2.23314240271407,3.53809521011409,15.7267561367592,2.12463210773913,3.78093711787722,16.7691170564133,2.01645907304994,4.13125905145179
6.38337949450477,4.59752840729353,2.72697002801129,6.61243517016175,4.5309140918742,2.6822286043823,6.64927785798736,4.46365282042857,2.48891601792986,6.25512222870507,4.42991203363971,2.14539694794325,5.70473248419169,4.26271790773065,2.30846976054552,5.35212475738089,3.8335929572309,2.14552366027296,5.49934552488232,3.7712545045803,2.21664590945986,7.68420058492742,4.190695584466,2.97441809881782,8.11219275757,4.19303416228144,2.8805642247606,8.5098011955042,4.15471105461893,2.79653902880739,8.6140900144682,3.72735215608654,2.40859381127775,8.83626996841449,3.31226659838753,2.76320767135802,8.74694979936304,2.84661726484769,2.71668999601817,9.110585243067,2.84842537731276,2.72944793752936,3.44075447871151,4.68108205460617,2.35864555029957,6.25558294785059,3.42259600849293,2.38491537795435,7.05163004697597,3.12434716741089,2.51738806763909,7.91015489040836,2.94123616367544,2.61686364673359,10.3892320543242,2.7634531375703,2.86460176421337,11.6849040879251,2.6097273032971,3.14741080027959,13.5745859793169,2.36889426292394,3.38881529962208,14.6989758265289,2.22814988168762,3.54452744316396,15.6931526489595,2.12625004961673,3.76745135615464,16.7587540128973,2.01633272082532,4.12980541257254
6.38226167489434,4.59562336426146,2.72678942245691,6.61110632297448,4.53190495188356,2.68479724720327,6.65260016162787,4.45913872044316,2.49518499721982,6.2562143512889,4.43043203098025,2.15397377094718,5.69600406397456,4.26630125241459,2.31014587022576,5.34234746658975,3.84231229777886,2.14042797212619,5.4890076912765,3.78129228978924,2.21062087041211,7.68660582927219,4.18874375397415,2.97610882677966,8.11277410253641,4.1941951878402,2.88131832395714,8.50992738890776,4.15878767991328,2.7970817443727,8.61280066297074,3.73127454423092,2.41201616943427,8.83255891904073,3.31452953025201,2.76240230350113,8.73905067444061,2.84424906427371,2.72301645170464,9.10893134643934,2.85337800659939,2.72674915795907,3.43378567206694,4.68827836755078,2.35777874646583,6.2425852239379,3.42760438179408,2.38521258851751,7.044709681756,3.13131909676013,2.5167632751935,7.90828572248696,2.94626930885985,2.61449939560217,10.3583646403784,2.76649548708304,2.8599876672777,11.9582147514029,2.5711347043979,3.16407271909113,13.2046702154152,2.38376945298141,3.39494268520905,14.669717143458,2.23282651968865,3.53507425812589,15.6805976570104,2.12904788941791,3.76685827559483,16.7472861846214,2.01519564251535,4.13056019297638
6.38466852897459,4.59229452710475,2.72797438675505,6.60910698731071,4.53163465317309,2.68168891485933,6.64036056013052,4.46191579065225,2.49224202800772,6.2443759856799,4.42996029666865,2.15096279172197,5.68182434589202,4.27022979502119,2.30748334421556,5.33442021564299,3.85390407251218,2.13785998322185,5.47231316626627,3.79226613929724,2.20616797394541,7.68559080123806,4.18913159268135,2.97563638323623,8.1137044162046,4.19661647328289,2.88156710478816,8.51169445736353,4.15730436383238,2.79548113726665,8.60332657553554,3.73466097760543,2.41423973905848,8.81276956574278,3.32822847036074,2.77157442468872,8.72062132478869,2.8495621352875,2.71809699531442,9.08986465105732,2.86369050039651,2.72124863312056,3.42416872316879,4.69168076106196,2.36003886048631,6.23260804716083,3.43434237435289,2.38516412004638,7.03985259206528,3.14014275340335,2.52165113141574,7.89774989038388,2.9498529807475,2.61398768719879,10.3576667651623,2.76481284141116,2.86021738902364,11.6920636863085,2.61690525291712,3.14530179384653,13.5159684955935,2.37340801457312,3.38815776743936,14.6616640109671,2.23382442612789,3.53962065222166,15.6751848142026,2.13022893943512,3.76789335355914,16.7376542317875,2.01502364450768,4.12939361877389
6.38602612462824,4.59608763546164,2.72599742578466,6.61469786426549,4.52929634916971,2.67950348653906,6.63291306868472,4.46220330149137,2.4899924812713,6.234641377467,4.43101587316484,2.15753324675805,5.6775786125409,4.27512143860384,2.31357994418537,5.33595333488317,3.85613313324802,2.14112102139321,5.47023560253481,3.79661842334705,2.20807204045371,7.68593024118319,4.18923869984904,2.97655081760459,8.11626666524559,4.19492922656012,2.88011679152956,8.51398013685546,4.15571518539473,2.79051207607534,8.60053822291867,3.74096949791265,2.41019961633543,8.79182669764106,3.33528808458753,2.76919958220865,8.70745307940436,2.8464059789171,2.70692808587136,9.0707921171586,2.87698182417646,2.72591703562239,3.40949725500174,4.69092662685114,2.36523743602261,6.23226868267977,3.43856477673815,2.39321379978137,7.02913068786289,3.14043580089497,2.51401194459154,7.883435160317,2.93724200049184,2.61966513290342,10.3536694334007,2.7663120906881,2.85778699893176,11.704083189015,2.61548578122288,3.14979546706389,13.5132145433781,2.37255239767555,3.38793749716211,14.6483340702838,2.23696999356248,3.53651214902032,15.6608151304735,2.13185537268815,3.76682311461597,16.7262128121207,2.01440034989913,4.12642005296291
6.38409860000705,4.59573472865378,2.72666614489455,6.61060576511397,4.52944236017765,2.67780453269778,6.62329222318175,4.46410782591005,2.48847222176396,6.22756280003508,4.43658830201383,2.15928365005924,5.66758218093863,4.28053749575395,2.31899615366652,5.3389397547919,3.85688284589956,2.14376618926791,5.47204114979325,3.80188232049333,2.20877384655264,7.68401840109762,4.19571348653711,2.97574470572134,8.1156821686945,4.19634033888628,2.88199621813473,8.51331554724032,4.15837416111679,2.79063101157833,8.59780914899254,3.7440127787283,2.39940634532557,8.78603130262094,3.33947643429954,2.76008077926006,8.69999976372776,2.84891642674112,2.70212793826092,9.06557998350707,2.88094681981803,2.71675724437024,3.40224680692262,4.69600951965619,2.36775759276497,6.23007179315022,3.44898569364192,2.38931292808537,7.02978319148721,3.16126850241503,2.50228694853489,7.87313241909291,2.94301175316159,2.61958610840437,10.3390379698562,2.77100495491519,2.85607686532873,11.7168693897123,2.61862038393246,3.15555224390261,13.5490328323693,2.37179080497187,3.38975939254546,14.6561080844755,2.23468496272857,3.53970621469849,15.6547877813222,2.13141463347286,3.76595761107698,16.7171954899007,2.0111745278132,4.12549141752702
6.38198126698369,4.59336423874712,2.72587514308936,6.60914255052867,4.53041078734686,2.67262943633144,6.61634465540726,4.46648710498906,2.48506823786703,6.21247694921484,4.44103220864185,2.16033699487674,5.64890724945163,4.28943191727509,2.31601578534664,5.32481419543914,3.86149063817168,2.14279298019567,5.463341366239,3.8062133303527,2.20929077582834,7.68264950272935,4.19581543839165,2.97635047775411,8.11718407909237,4.19760385919344,2.88232245635664,8.51435313170845,4.1557805341738,2.79086751579791,8.59419101258152,3.74932001047814,2.40229007136923,8.77750754688787,3.34462084431408,2.76576181771222,8.69269447412332,2.85324677749789,2.703135270467,9.05663752289608,2.88365018776992,2.7192240106744,3.38904370650928,4.7000649085503,2.3669057880241,6.2190450850013,3.45213385016518,2.38065435663628,7.02892408170705,3.17066534567433,2.50886898729709,7.86596328281888,2.94902014297244,2.61831291014339,10.3288362968916,2.775757557861,2.85415843048897,11.6954683059308,2.6240195104333,3.14847626554891,13.5318748802628,2.3737208780845,3.39102387864999,14.6469696562064,2.23640568092788,3.54126995816317,15.6477079959687,2.13369988305135,3.76819745946304,16.7094040776818,2.01079582391179,4.12328361996141
6.37915991343367,4.59657726870774,2.72226212213111,6.60310898123005,4.5300840291131,2.67389459084372,6.61209442043243,4.46755185886611,2.48286019766314,6.20787760118498,4.45124969715212,2.15624101382837,5.65209407742917,4.2995070914113,2.31752615145753,5.31764871872416,3.8708768311138,2.14258895898874,5.45763756087263,3.81519708129556,2.20721248249359,7.6817855340581,4.19620395091368,2.97584492276211,8.11641949118093,4.19838858058088,2.88439914253851,8.51225911434566,4.16043116075724,2.79623544723383,8.5990523895193,3.74976984864734,2.40162558591856,8.7876257372688,3.34462702618884,2.76421749550891,8.6934659737559,2.86355049504615,2.71544310360797,9.05596322123705,2.87482038110479,2.72123044278877,3.3759449116734,4.70182291512092,2.36483452508781,6.2144172007308,3.45645219274305,2.38950960796241,7.02227613200657,3.17289606098488,2.50344684370127,7.872656108191,2.94899462451228,2.62005550932076,10.3200576292394,2.79270960573582,2.84363956066418,11.6033324545585,2.63812972287382,3.11715995418621,13.5220183362332,2.37609553730412,3.39039058444114,14.6328705571971,2.24110444119767,3.53941181824149,15.7002193216721,2.13204183788547,3.79551383875374,16.7023173582392,2.00734546567506,4.11637945991239
6.37868936228522,4.59810636713994,2.72121353800636,6.6015865178843,4.53201349173612,2.6700806827714,6.60922778900567,4.46916968686914,2.47845227497758,6.20204784536363,4.45079154548431,2.15212265126401,5.65336260935012,4.3019649378058,2.31428332873575,5.31882709393558,3.87250260930464,2.14238759857442,5.45991984097253,3.81635076037303,2.20765386224889,7.68140524063356,4.195244871201,2.97483273871089,8.1145036771613,4.19760581118154,2.88474480899623,8.51052979297702,4.16141487633066,2.79692785729815,8.59474462966551,3.76846122245475,2.39589246747379,8.77929260917666,3.34746901917061,2.76966721361036,8.68592326958239,2.86779346466246,2.71429002580999,9.04878970117686,2.87910921887052,2.7191138783321,3.36378319142602,4.70940952714828,2.36928285291361,6.21261032235265,3.46053652221213,2.38307113421557,7.01654560574983,3.18076055553436,2.49865891270028,7.87025340022383,2.95344893264801,2.61573140189188,10.2935048302333,2.79845075183227,2.84662895103472,11.6860538725692,2.6316541182945,3.14738751433575,13.5085258126543,2.37538820326146,3.3894540434292,14.6216760161478,2.24352347640404,3.5379708370927,15.6244607062328,2.13857680851517,3.7668465117297,16.6936574040046,2.00704316470759,4.11080185124703
6.3785180021555,4.60083343278325,2.71798249732698,6.59969518466929,4.53384669499825,2.66513027767908,6.6023291207126,4.47160702173237,2.47255920820604,6.18461905780031,4.45403364289079,2.15163654105646,5.64290558340414,4.30485186611368,2.31248660723421,5.31031087628054,3.87912094014252,2.14333246539497,5.45107402014417,3.82127535030247,2.20574898044488,7.68276428090465,4.19742147956374,2.97375217433012,8.11536233537389,4.19780441811674,2.88373321278347,8.51099655896403,4.15783472402983,2.79411710764984,8.57925485298992,3.77171042517959,2.38681519759897,8.75979297191843,3.35628984867227,2.76834270751477,8.67448032603897,2.86928647910933,2.70493396057814,9.04850533826247,2.90170035770989,2.71758546033491,3.35168170602461,4.71176297007406,2.37355557584389,6.19741758248788,3.47323102751143,2.38671154475903,7.00884813657825,3.19075857677837,2.49996692153424,7.85302846828781,2.95741912876907,2.61310592369483,10.2931762375118,2.79804367999506,2.8458949960348,11.6975804475795,2.63015891884292,3.15115107549439,13.5185897238466,2.37664209257667,3.38928204966485,14.6238446304155,2.24421941136656,3.53951753453556,15.6182771439908,2.13881454359608,3.76551902958177,16.6865694416177,2.00813997593453,4.10928558236161
6.37713833646142,4.59972311240383,2.72029220565532,6.5980395126489,4.53302859849527,2.66413400415686,6.59069365650327,4.47154224493203,2.4713019355826,6.17712720292722,4.45009060947196,2.15518717241721,5.64195518637974,4.31219641014835,2.31271916856241,5.31195026850256,3.88096718791929,2.14156802109586,5.45129695181313,3.82175771188751,2.20628436888038,7.685125229714,4.19669296777429,2.97316576122362,8.11480750093333,4.19680014725676,2.88253184852328,8.51082145558612,4.15800219264021,2.79479102956694,8.57974609869147,3.77524128665219,2.3906484334003,8.76351577283194,3.35586652448384,2.76754845350774,8.67058410547095,2.87649206747851,2.71097074794213,9.04873071609686,2.89576023200297,2.71168736588882,3.34719844973671,4.71901912832812,2.37196389365129,6.19399933849525,3.47199482149269,2.38650229344085,7.00550103154527,3.19757005175416,2.49562037056759,7.85386494439437,2.96162526965747,2.61097615224132,10.3204731116586,2.78965808103354,2.85216379469737,11.6156845917463,2.63890598583605,3.12035633284762,13.0992076861532,2.40907052177824,3.39077778599007,14.6267535690425,2.24358931025462,3.53994908805406,15.6066045690581,2.14056099148358,3.76603196483499,16.6761096284794,2.00795851763712,4.10636531664365
6.37606153954788,4.60343980833086,2.71790996504182,6.59600462573173,4.5340042266141,2.65688319737182,6.5818897579936,4.456504062627,2.4704138612454,6.1604653790644,4.45366103022833,2.14933825428435,5.63398867038828,4.30913467239254,2.3146876025985,5.3009737202385,3.88568392325684,2.1374674423904,5.44615873664682,3.82521313039702,2.20844784425491,7.68492334651823,4.19584361545518,2.97370224755852,8.11573381459457,4.19571976791976,2.87932289500018,8.50428148000887,4.16134752247633,2.80029027701027,8.56443686144011,3.78156165997606,2.38711403098026,8.74544600347168,3.36137322298637,2.76055781670464,8.66147229365616,2.88289811094428,2.70264177087051,9.03013779618981,2.90629545725539,2.71321384839896,3.33616534058812,4.7206125076919,2.37007445391899,6.18447828628478,3.47786629904294,2.38807864097867,6.9911151264889,3.20549582117167,2.49413028216713,7.83421086852969,2.97401330864093,2.62285551324833,10.2859252559969,2.79857399009874,2.84542930472463,11.7096495741917,2.62696538960246,3.14798191630465,13.0975497516026,2.40859619290024,3.39081331343584,14.5934853236683,2.24203854904646,3.54235839983244,15.5872470808242,2.13584209381319,3.7468333031663,16.6668290719238,2.00798852220446,4.10065264871521
6.37280854886531,4.60503138418161,2.71693889456428,6.59163169627437,4.53332701965279,2.65146150088096,6.56845367599066,4.45731702592659,2.46263852543432,6.14583485015907,4.45858809110672,2.13934234988966,5.61606039828602,4.31589214295327,2.31393084711016,5.28527926472213,3.89452851920744,2.13340700960721,5.42956059955281,3.8330992376026,2.20594942052779,7.68398309974924,4.19506461799983,2.97292813576397,8.11488428699788,4.19802669504793,2.87973138834652,8.50643353706922,4.1623066586692,2.80048028131849,8.56076512000942,3.78645509165124,2.37913861535544,8.73726838275953,3.35859322155456,2.74496650271545,8.6491963660691,2.88976048950329,2.69598990984483,9.01573400836119,2.91257672565712,2.70924340546898,3.32737539996981,4.72400085628869,2.37338823143258,6.17398999884338,3.48327934152222,2.38554874537452,6.97225780919699,3.21440923086596,2.4894583239576,7.8199271177888,2.97845435456758,2.62209791253046,10.2876514390004,2.79647435355243,2.84963668743561,11.6260444766383,2.6373955938995,3.11653428485357,13.0928801506445,2.41232750329567,3.38874443684594,14.5683337391886,2.2495982930271,3.53519571914927,15.5906148333492,2.13693790708951,3.75533398044865,16.6577820093739,2.00715232516898,4.09327734837391
6.36847997021646,4.60148387883696,2.71918039017242,6.58840402924241,4.53111355035189,2.65092383630094,6.55871960252893,4.4590802283482,2.45714245978863,6.13781193414748,4.46561000334755,2.14141041988876,5.60262488113844,4.31933769951046,2.31442011570994,5.27184187594874,3.89216710175147,2.13805832718724,5.41806774841205,3.83306833998492,2.2059281093765,7.68642042588058,4.1961601290358,2.97446219678751,8.11571954038721,4.19854964587795,2.88225081387262,8.51030513743727,4.15576920560837,2.79401497219372,8.55800814244297,3.7951378033736,2.38969862359547,8.73028200513033,3.3635456721456,2.74702103997007,8.63876319170908,2.89664912174977,2.69603588947899,9.00428011832686,2.91348552356573,2.70768835811344,3.31880996627455,4.728430752674,2.37212662532549,6.16952391200691,3.48623209710661,2.38360992177072,6.96273883761216,3.21711208661565,2.48942059810669,7.81165821325773,2.98270686713853,2.62176355989003,10.2668885472583,2.79635691056844,2.8493827425687,11.8874734459369,2.59135938975345,3.13089183725623,13.1002108690157,2.41014497244264,3.3881654724033,14.5606476573285,2.2451812187733,3.54255083163965,15.5682411737875,2.14085289862383,3.7572574186026,16.6499709027838,2.00666308513884,4.09228690582711
6.36052986507677,4.60269175680654,2.717884990535,6.58323267321658,4.53401348229711,2.64951501872664,6.55515106763843,4.46278471467958,2.45308374316688,6.13556536763137,4.47680382347063,2.13855354513556,5.59595706099397,4.32254354084563,2.3116753571227,5.26546613032441,3.89319755018313,2.13810782199122,5.41110979289861,3.83453000840611,2.20671652498133,7.68577770834861,4.1960327925561,2.97513287455891,8.11441280409433,4.20078329199973,2.88326537244139,8.50886615446118,4.16010357565732,2.79480378822247,8.55690169128907,3.79606250316957,2.38867247071614,8.7275189893049,3.36690239224959,2.74531133820717,8.63901606831335,2.90663256455657,2.68722796014128,8.98905346376327,2.90549253031531,2.71004721749577,3.31091905310097,4.73292337743786,2.37237037391358,6.16909135979827,3.48489793001444,2.38381504013783,6.95127472263825,3.21857890631637,2.48928668039367,7.8018635869657,2.9856142646021,2.61891900601756,10.2577286017915,2.7923873864479,2.84680358519073,11.6304334138758,2.63771236787491,3.11551167806391,13.123957815236,2.40077229121282,3.39430156543753,14.5514027024606,2.24847309925218,3.54129246073223,15.554745216209,2.14081202500114,3.75859026078552,16.6426997544049,2.00532548756335,4.09066705730009
6.35462945747505,4.60578054229306,2.71639391423094,6.57709852925641,4.53988088085037,2.64144128262086,6.54347594938142,4.4704713045491,2.44087481103716,6.1083597537405,4.46691270445578,2.1506565630584,5.57240580191908,4.32770386167083,2.31251625677476,5.25105954310039,3.89372213212716,2.14037300199547,5.39532418775597,3.83644148860657,2.20636158599474,7.68420098156698,4.19893111914134,2.97316282213192,8.11177177949369,4.20250270646074,2.88419220585697,8.50694274468916,4.15980096382283,2.79480342302998,8.55787059913349,3.79417953364496,2.39888752899774,8.72680669627887,3.36654740550388,2.76425302587857,8.64070103885272,2.90885521355284,2.68567003249971,8.99211406141088,2.9067929508196,2.7070478904584,3.30422318980014,4.7301589969527,2.37547422102245,6.16200690201559,3.49133212214291,2.37991777672631,6.94596044036177,3.22208713437232,2.48464477112703,7.79292489580082,2.99702820729751,2.60837031281945,10.2314736286527,2.80134060903608,2.85615814630562,11.6097179043752,2.63836435792705,3.11372053725501,13.132081755557,2.40002943217352,3.39553021871717,14.5432917159846,2.25119395901313,3.54509960667163,15.5473973655816,2.13901110627561,3.75883700941255,16.6335989143319,2.0035171857347,4.09165726072616
6.35316499712252,4.60377001996893,2.71676660135785,6.57356644456114,4.54050701345088,2.64264891125152,6.53648679080374,4.47370482956132,2.44169704718577,6.10392003585959,4.47196937160733,2.15235530224302,5.57739226868791,4.32601807514176,2.31311555634031,5.24470108381852,3.89567258393359,2.13896462281018,5.39180851052819,3.8379114149473,2.20200895774341,7.68261025192261,4.19861997941731,2.97371665723015,8.11249312110761,4.20130716416041,2.88495975985429,8.50654844813199,4.15981182185544,2.79671558078983,8.55946987963399,3.79433174610257,2.39527921619904,8.72125872634919,3.36852409952623,2.76630607935984,8.63216210139432,2.91134726279298,2.68436437683186,8.98183286870739,2.90862263033574,2.70728299788149,3.29667794003846,4.73501709616841,2.37054727069495,6.15301600825831,3.49257888548552,2.37976675482622,6.9305295972004,3.21534327594774,2.48677226576666,7.78127597956639,3.00209227767485,2.60492581593894,10.1877190752241,2.81255347546503,2.84464671566051,11.6111385829736,2.64337774206054,3.12970537231798,13.3615616386454,2.39852955680837,3.3856564760081,14.5450281345731,2.25069545583877,3.55029185966027,15.5438692584298,2.13996922114475,3.76200981551954,16.6230043556432,2.00354264721669,4.09267070015435
6.34676998656997,4.5937322986909,2.72219022004463,6.56844403504154,4.53994422483049,2.64617624973976,6.53126795704348,4.47870235386277,2.44267706889024,6.09786112770204,4.48162432361793,2.14611325043895,5.56502123315872,4.3296943047196,2.31084143973525,5.23684777818797,3.90404566564817,2.13673001107361,5.38606376852659,3.84381947866278,2.19937688399107,7.68227079168286,4.19763990370202,2.97447903099719,8.1118274323436,4.20240880854651,2.88681838960043,8.50524698579623,4.16033712590573,2.79621543694044,8.55106410938882,3.78939861141208,2.39014883567012,8.72360854937926,3.37064716674932,2.76532369918088,8.63907554209433,2.91231843041895,2.68068854838813,8.98260833850858,2.91030133022167,2.70636437302849,3.28790933518688,4.74153790468637,2.37057412655349,6.14999761102812,3.49389688677171,2.37996162736434,6.93045406381247,3.21903780464227,2.4855555769304,7.7828981251854,3.00753438803094,2.60158266929632,10.1779242151591,2.812801512012,2.84337615585144,11.7026107449611,2.6330896455886,3.16158658125927,13.3744513308419,2.39374088603056,3.38923395001618,14.5368046417912,2.25195294633197,3.54786947117638,15.5343765209672,2.14049921769896,3.76145148726873,16.6162562817531,2.00096168385979,4.09257487122747
6.34725822093054,4.59942927656698,2.71954362684916,6.56880575645272,4.54506544867177,2.64234682574106,6.52312809041109,4.48405337048658,2.43448708061559,6.0823142319909,4.48273722992963,2.13558706938366,5.55014237937415,4.3355598055648,2.30692965465741,5.22724159321859,3.91131865532976,2.1444583035763,5.36826539792952,3.84926483001117,2.19508621938484,7.68273531327355,4.19686602949195,2.97738639227036,8.11195440463384,4.20293842470356,2.88722117183135,8.50679814364434,4.15812696970573,2.79105500772001,8.54692157655105,3.79153274601518,2.38771660682347,8.71792329983179,3.36746343409477,2.75117749889634,8.63236620647895,2.91648118648625,2.6823771639466,8.97225869490548,2.91058279424089,2.703740106095,3.27816988856535,4.74992410555749,2.36820647731227,6.13581253089153,3.50016318115221,2.37747233119751,6.92353596855889,3.2252059865382,2.4822631502945,7.77226689035305,3.01369625179781,2.59640947761726,10.1625800624123,2.8144710383974,2.83685795966402,11.6103298409668,2.64346137631283,3.12496042786164,13.3559475766432,2.39584208217438,3.38733634898032,14.5412405688007,2.24963249320906,3.55201237116926,15.5310288489357,2.14040919186128,3.76598961299385,16.6112479262088,2.00363046424814,4.09481779432174
6.34586549438091,4.59737046747339,2.72190619929092,6.56768028706492,4.54547478945522,2.63940471685563,6.51715176748135,4.48997506033049,2.42889635298816,6.0794123869066,4.48545838581485,2.13599156733726,5.53920231358,4.33780636785306,2.30569442085497,5.21876281307845,3.90788402786497,2.14779859494181,5.35957212563227,3.84727812954523,2.19566683036788,7.68461675730756,4.19677184317445,2.97877783306139,8.11421039629814,4.20242259641744,2.88797798246757,8.51188598208243,4.16269266742227,2.79240828969602,8.54839556354543,3.78898179910468,2.39428984084181,8.71394035134254,3.36915230951739,2.7524690984458,8.62514330694661,2.9160037191443,2.68443242946747,8.96884298910579,2.91007465182714,2.70470092195573,3.26779228165585,4.74859398689209,2.36834478212445,6.12640574478319,3.50468193268543,2.37217132705298,6.92169539065505,3.22470374652976,2.47844590525531,7.77396251766975,3.01639363612613,2.59436905825634,10.1885015487873,2.80430690114601,2.84151574472319,11.7189573840217,2.63746587261246,3.17249066275594,13.3480681178249,2.3964723433591,3.39030658034847,14.4948570891517,2.25617651767639,3.54185665205651,15.5354159856877,2.13997901168554,3.77252353691773,16.6019258850482,2.0036229653556,4.09550043948474
6.34310744512169,4.59754148789203,2.72129526341144,6.5653259709509,4.55099388073805,2.64005893631838,6.51172314371559,4.49733951145434,2.42762952715425,6.07722325841338,4.49419001826856,2.1330010790535,5.53410960532461,4.34337214607328,2.3106382064616,5.21513664757905,3.90770456286159,2.15078177148684,5.36019701617289,3.84964614106227,2.20156351621897,7.68662468943943,4.1970953521021,2.98013394066381,8.11521191521753,4.20271410938263,2.89001027506734,8.50988774328335,4.1623498276352,2.79482160742257,8.54334023269384,3.78668246223213,2.39526861506087,8.71097306462454,3.37123766371231,2.75151593091111,8.61646063967672,2.91778371159584,2.68141244782982,8.95776540543693,2.91105930187927,2.70216311071975,3.25966993419023,4.75172068005298,2.36800324992236,6.11485201904735,3.51150412273937,2.37169903093266,6.91229449921146,3.23295247012528,2.47183737834386,7.76796627017642,3.02227581727769,2.58176863591808,10.1763673380685,2.80478021914914,2.83724359777131,11.6618909299837,2.64077726429803,3.18547580940021,13.3557086901957,2.39541901791233,3.3963244191164,14.5331451133799,2.24661029769111,3.55773097313656,15.5445470154352,2.13910713801123,3.78142995074831,16.5947003455606,2.00388276399375,4.09506585014143
6.34429543441132,4.59539485880449,2.719940600722,6.5645475278973,4.54997028258505,2.63157402997633,6.51527334869418,4.50533633783204,2.41538294670634,6.06950336723005,4.50403297171511,2.12466350514194,5.51834860757815,4.34564900301829,2.29714687521921,5.19833845467755,3.91178509262278,2.14647900390846,5.34351131073936,3.85500215257703,2.19722415392982,7.68617508781023,4.19582510395135,2.98029599097639,8.11506828888754,4.2029585882018,2.89217176064833,8.50619037965672,4.16402577973494,2.79882598411708,8.53461341591493,3.78642229852306,2.39323631603391,8.7108595237406,3.37242028541817,2.75771147846685,8.61440025251137,2.91793227615881,2.68428057240232,8.95531009045894,2.90967875716646,2.70409689860707,3.24753929158623,4.75089659679794,2.36319774857622,6.10411722537405,3.51679919744371,2.36952041137916,6.91086276577777,3.23758646814024,2.4674619010517,7.76599284764359,3.02526617292823,2.58099455435172,10.1833740539087,2.80632678573746,2.83523661690384,11.527585227873,2.6515710653509,3.11980305849098,13.3386259050293,2.39877481736659,3.39644868627876,14.5210835188121,2.24984527390384,3.55682025553007,15.5375306757663,2.1395195211391,3.78244954478302,16.58378983502,2.00621942503274,4.0956320152661
6.34864582981078,4.60195185198367,2.71521634700957,6.56047754583761,4.55110564688425,2.62567493572422,6.50928441518465,4.51151930718183,2.40845013913485,6.05415970472368,4.51226467481068,2.12284709241469,5.49746386093241,4.35127305503414,2.2951144865491,5.1871848273756,3.90740171830772,2.13360052040409,5.32962503355061,3.85874909534932,2.19448644898343,7.68482376236426,4.19602670252865,2.9810128515682,8.11433953571306,4.20300277683695,2.89051137882186,8.50485857138791,4.16540696243228,2.79827184894602,8.52633019240638,3.77136745759495,2.35464665690372,8.6985310152952,3.37709909100578,2.75734532775065,8.60051756254268,2.92225227658818,2.67914673356434,8.94506671082443,2.90864972591541,2.70000776094515,3.2348765249609,4.74817870559951,2.35361247221272,6.09459785003634,3.51991568766931,2.36732182964743,6.89626335444032,3.24097343434914,2.46561976494527,7.75246152909824,3.00883324882349,2.58865031556708,10.1971130808922,2.80809178680468,2.83418523501997,11.53103553734,2.65028793768328,3.11750481509302,13.3369376480735,2.39627348907128,3.38423760534147,14.4581598249404,2.25855149908391,3.54117104214338,15.5358095562737,2.13860809375372,3.78492840307205,16.5720048742034,2.00537721133959,4.09479009217387
6.34008134897346,4.5988821746776,2.71537065160998,6.54864571135602,4.55093328857507,2.61783162195195,6.46935132057607,4.49801040882505,2.41693162075066,6.04430845233701,4.51341716073103,2.1117004556593,5.48857405680917,4.34927380996415,2.28771365229548,5.1685094256107,3.91198580698092,2.12830307749856,5.31137602627934,3.86468288429391,2.18585790545097,7.68340832804101,4.1971092511114,2.978454280212,8.11307629105304,4.20464252033736,2.89129611429441,8.50550973926604,4.16714543326916,2.79740394161906,8.5158283099281,3.78272678659414,2.35136525573583,8.68792348429134,3.37969513471596,2.75754941283114,8.596374861489,2.92078772503474,2.68494497146334,8.94470286931141,2.908815534998,2.69908749906937,3.22736194483091,4.75403603762465,2.35449139086322,6.0788149718142,3.52382728131407,2.36167689759869,6.88422658346667,3.24486247207761,2.46510587793532,7.73971134006156,3.01043200994192,2.59043047965903,10.2024857139025,2.8056506091249,2.83614412942225,11.526753294527,2.65074127403645,3.11602281467529,13.2459483005536,2.39670833199803,3.38945845879944,14.4448322499297,2.25845127210305,3.54307739058012,15.531125925859,2.1395914395689,3.78876554940726,16.5596829582797,2.009036888713,4.09731935422839
6.33446105451733,4.59278682526172,2.71930560168422,6.54245452270473,4.55416044934677,2.61347799273273,6.45396063964095,4.50830918412413,2.41173111379805,6.03794864835826,4.51451750176657,2.10534424978781,5.48307946351669,4.35003084602567,2.28987547451689,5.16183357692473,3.90828562640508,2.12796820951157,5.30413574877775,3.86076462259377,2.18542107673763,7.68362073081387,4.19730668038939,2.97873198332865,8.10958794074639,4.2071977274784,2.89496679639993,8.50142880333742,4.17119064094187,2.80504396863844,8.51358877987605,3.79182581875827,2.36074196726224,8.67534608721152,3.37901762068959,2.75919802834603,8.57844851524546,2.92020586716744,2.68470080439359,8.92136743523369,2.9033477124165,2.69903681078334,3.21554511197581,4.75443910530421,2.35538335037056,6.07059534053058,3.52581960568627,2.35950598635135,6.87767223107126,3.24629533597342,2.46305159613374,7.73227163550896,3.01225250169947,2.59341273785286,10.194304529113,2.80509324335313,2.83324713010999,11.6245057891149,2.63806736008781,3.12481266260296,13.2325648328061,2.40007252603145,3.38852107741609,14.4291824171817,2.26055322154474,3.54567354921733,15.5267876264887,2.14223461964163,3.79387581255796,16.5439091285009,2.00934331982999,4.10086792261329
6.33819809007158,4.60118624020562,2.71455729856485,6.5378536188792,4.56206833837886,2.60812600137801,6.43873077771231,4.51753734514072,2.40299781890838,6.01003085912286,4.51680617769044,2.10145996449238,5.46130591130397,4.35626416997651,2.28705164818406,5.14942513617057,3.90663788895251,2.12656522859527,5.29200449564084,3.85934079874772,2.18321651698682,7.68262313939636,4.19752364501657,2.97907052472817,8.10876110609205,4.20792218012731,2.89653344838168,8.50034144296231,4.17444698698198,2.80521281034494,8.50897775403621,3.79535267215259,2.35190514487533,8.66188317828291,3.38118005903766,2.75802956954059,8.56154468991405,2.92288170615253,2.68522242758576,8.90869982481374,2.90612137077562,2.69976633026336,3.20146935600577,4.75565579808998,2.35536892290802,6.06243595543526,3.54587836974548,2.34770002673812,6.86067843444175,3.24961330980219,2.46714299824601,7.71515217505794,3.01248787393304,2.59362841375159,10.1726695757079,2.80686245562384,2.82833839086559,11.533767054148,2.65187467741141,3.1239934592056,13.2438083832086,2.39953600314816,3.3938950236256,14.4311154662236,2.25922839934452,3.5480306046266,15.5200654742954,2.14490890651827,3.79611080215905,16.5303623713344,2.00864004864749,4.10266084512358
6.34117292400151,4.59303453250957,2.72167825172752,6.53281727509323,4.56642780991537,2.6090643482968,6.42018879405417,4.54059973050157,2.39809688564046,5.9879228959131,4.52492612768256,2.09538627976404,5.45059610807918,4.35315991485886,2.29303614746656,5.13874275921862,3.9102935608011,2.12390522467056,5.27604703397468,3.85863107860716,2.1818923841039,7.68218939726554,4.19867567962076,2.97715369381714,8.10850485558875,4.20677595143199,2.89597663364145,8.49930224861262,4.17407621589092,2.80488413069645,8.50764134333489,3.79525120423507,2.34292915685548,8.65189211473492,3.37847578421559,2.75863820066653,8.55375905324586,2.92365520033949,2.68530050604239,8.89677027383283,2.90899785459315,2.69341831153376,3.18482637742261,4.75454860911448,2.3524211385312,6.0532545986412,3.55013925587637,2.34365321208645,6.86325855104138,3.2724174222822,2.45330874860912,7.70498891422359,3.01635806873795,2.58966766653987,10.170921508301,2.81221239086183,2.83205054449797,11.5414228342128,2.65084919833448,3.13182989995733,13.2613004067715,2.39834176951641,3.40711743412321,14.4815535025795,2.25230844518497,3.56731968073177,15.5215120424621,2.14649092204949,3.80435897610232,16.5175492247646,2.01030351220761,4.10446950536702
6.33619985598835,4.58801429957603,2.7268785820235,6.52419040178921,4.57291589036999,2.6128633356031,6.39668936223163,4.5492947203483,2.39470894424045,5.973929747788,4.52860541000868,2.08186530907902,5.43199401335427,4.35568666726228,2.28604132788566,5.12047525888627,3.9156822492475,2.11698634555621,5.25580868163297,3.8639320134752,2.17435934472454,7.68371524459474,4.20055147542055,2.97747843983013,8.10840542042368,4.20594432957991,2.89765230865194,8.49828259911089,4.17704765021674,2.8059541880865,8.50595305131993,3.80112368806844,2.34904007672536,8.64616966313266,3.38581210260614,2.75752264151286,8.54512895714509,2.92681132138298,2.68317087991454,8.88974808623271,2.91184966891679,2.69214355260354,3.16773463281351,4.7531327030985,2.33988667486057,6.03558702421694,3.55508754908516,2.34167093134956,6.84674262055475,3.26738837491521,2.4558705324739,7.69667558363416,3.01993355525708,2.58841287976415,10.1166185064897,2.81324992023169,2.8330028194608,11.5314881552101,2.65095917286132,3.1331253380735,13.2515704568726,2.40138175602443,3.40371795228844,14.4514850258464,2.2597805677987,3.56727379984927,15.5039415714309,2.14834001776168,3.79974604768185,16.5056201249956,2.00883567382435,4.10486215021391
6.33741889143828,4.585108001889,2.73083415319051,6.51759859975112,4.57966032231483,2.61633530391155,6.37700128349617,4.56448163334442,2.39428869424998,5.95144569573904,4.53317121107857,2.08443533107465,5.41776444230204,4.3587695440587,2.28490811857969,5.10613782116981,3.91427162232462,2.11840486477317,5.25104606172048,3.86160653751551,2.18250298018186,7.685784441213,4.19865686354604,2.97794944245503,8.1086350888909,4.20402072027772,2.89797560384566,8.49931952314415,4.17744711957714,2.80745639211421,8.514318247668,3.80420301737788,2.35445678811901,8.6422488138797,3.38627691133557,2.76255577511073,8.53386187943042,2.92658477840665,2.6865489093604,8.87712764424038,2.9110461350719,2.69500410512479,3.15354195558678,4.74729886635,2.3435802659605,6.03092570072834,3.55857070230976,2.34238953627085,6.84346255986637,3.27147688383369,2.45068605645282,7.68897435346063,3.02269269353953,2.58547333289275,10.0295577444107,2.82847927279385,2.82170220887587,11.5135103628407,2.65457431686959,3.12533179681346,13.2504459902163,2.4043576331138,3.40268172729071,14.4078761689568,2.26544770939486,3.55607151205733,15.4930679357729,2.14895284594128,3.80181969221486,16.495194563891,2.00892816845885,4.10151541995735
6.36265363457164,4.57165261998663,2.74652103174131,6.50948900266736,4.57514952581305,2.6044417814855,6.3618617524174,4.58016770069964,2.39687363962864,5.9242908637313,4.53787622376319,2.08797005881817,5.3970598764863,4.36051860138539,2.28053884330915,5.09229863209665,3.91327083565812,2.11572337752522,5.23842086295779,3.86031680699793,2.17794605575056,7.68583649009043,4.19876867072418,2.97493664654659,8.10735583727168,4.20628552381385,2.89995859475591,8.49536099642402,4.18001158294757,2.81251984579887,8.51403374014082,3.80519762964843,2.35731546017254,8.63525341998604,3.38667452991298,2.76331331251109,8.52301752537839,2.92748985981124,2.68789284775518,8.86801168304163,2.91138123025028,2.69604622618499,3.13983706788527,4.74406779369642,2.33925902235461,6.02076492960914,3.55917541643354,2.34075526931848,6.84220660227457,3.28109375552626,2.44455304116297,7.68632361497067,3.02708026232276,2.58027319406604,10.0742118160295,2.82586003612348,2.82146866802373,11.5185350633147,2.65244914458759,3.13147178036893,13.261099453279,2.40380746780916,3.40944437638111,14.4654090085427,2.25787564135411,3.57235314977538,15.4676750930479,2.14744200566227,3.78738899631968,16.4864540646608,2.0092873414432,4.09615635595204
6.32836993850013,4.5949093210581,2.73488093300336,6.49633879379187,4.58102924992804,2.60977860308935,6.35738623573987,4.58560202473566,2.40571915839077,5.90337695865487,4.51929932652753,2.10457030217247,5.38802606926879,4.35743287642422,2.27473103949885,5.08513754475679,3.91449753434875,2.12302159704544,5.23880691290533,3.85834894253869,2.17648091492382,7.68776759225528,4.19836065580558,2.97468196588344,8.10781977732344,4.20375614701928,2.90143990230913,8.4961003172233,4.17992073973723,2.8115361615913,8.50853055540896,3.80924555315196,2.3550161036186,8.62943647682329,3.39120935707276,2.76485072558709,8.51598028998084,2.93582137997524,2.68348682816399,8.85973718439338,2.91660981401977,2.6954017910123,3.12610185403305,4.74395467348372,2.33123629169985,6.01590407549,3.55568416529705,2.34125735274335,6.83878764457106,3.28313549642202,2.44386908800016,7.68524915214388,3.02666338665234,2.58013125970965,10.0245223106266,2.82138871273528,2.82506843503922,11.811292720925,2.60173372000207,3.14569039010718,13.2421048298512,2.40854054120318,3.40627225935867,14.4264188530429,2.26709367914474,3.56640014927508,15.4402406400933,2.15015600096282,3.77940903554309,16.4745282113572,2.01001682688295,4.09056225853058
6.33025307637039,4.61592933749845,2.73059155335026,6.48668060528647,4.58783496111777,2.61210298928929,6.3386322883846,4.59693267831955,2.40341317829194,5.88716198840528,4.52207988004589,2.10455346581536,5.37378905562415,4.35433182186503,2.26865250399057,5.07643804123469,3.91382490330829,2.12069413751821,5.22941118617069,3.8581366796856,2.17200291997779,7.68900817851763,4.19885250564196,2.97394313302048,8.10752725473915,4.20377337000377,2.89877240826588,8.49797092226404,4.17917638506522,2.80644118119891,8.50033933156974,3.80575763883188,2.34788410244158,8.62818342927919,3.38890496217709,2.76192128197234,8.51556102599404,2.93906014176064,2.68072046966663,8.86595421408173,2.9212647633424,2.69251432670084,3.10983216424453,4.73782204379333,2.3363038787316,6.01035310190335,3.55243977827655,2.34416354998738,6.83153355987597,3.28253943336813,2.44293908206111,7.6805671351433,3.03427324884692,2.57611570565897,10.1983902781951,2.80092736676903,2.83873181473037,11.772528868432,2.60464804161276,3.14120377388053,13.2165382964343,2.41169216059022,3.39350725886556,14.3836241336207,2.27337449719416,3.55282535287495,15.4129262484451,2.15569340301147,3.77452106473967,16.4607691817122,2.01307916447521,4.08434504291548
6.33262799793539,4.62305205963732,2.73741373866138,6.48511481408815,4.59561984246833,2.60702754367093,6.31327613838633,4.60248465732573,2.39423634028622,5.86502396884081,4.53210017466045,2.10992193796118,5.35612576857675,4.36329015317664,2.26922074885292,5.05480085228947,3.91645012822786,2.11901268944656,5.21193151067424,3.8609404171864,2.17041829169145,7.68704689011674,4.19948249482385,2.97515979696852,8.10787017257104,4.20300689978406,2.89955281912455,8.49970208184687,4.17843990103726,2.80370986571553,8.49182715722206,3.80745201450863,2.34633946381242,8.61673539287458,3.39066836527158,2.75710840830597,8.50130592834381,2.94635783255909,2.67801142683478,8.852789679006,2.9202096621509,2.69538569834262,3.09370258392642,4.729489498739,2.33353713492246,5.99856424501867,3.55441254609755,2.34021900527893,6.82302765419,3.28840146576376,2.44161753757277,7.66549840412598,3.04560614342598,2.57146135728933,10.182985582218,2.80348019337437,2.83519956003803,11.7982724741518,2.60175543086957,3.15565993719839,13.2399061437576,2.40751835315712,3.40765729929908,14.3953273732071,2.27041801531011,3.56575136074695,15.4010505853294,2.15835640788972,3.77495127183129,16.4476807613103,2.01650693248677,4.07598411435884
6.3214728334619,4.61867064096592,2.74608393025392,6.4747677469894,4.60025456533738,2.60316231485802,6.29287577492394,4.60859625606814,2.38596755785858,5.8505433542885,4.54111908274076,2.10328343848553,5.33722852041639,4.36045391835773,2.24952373558288,5.0401493833258,3.91792985951811,2.12011243774609,5.19725474139772,3.86225543354513,2.16607291009979,7.68383709616094,4.19860966299707,2.97355168327845,8.1060315355272,4.20257713125374,2.89790385272034,8.4999216276296,4.17861392119983,2.80063904829737,8.49688150762229,3.82965550098886,2.32258335544036,8.59882352243543,3.39605511980819,2.75352134410646,8.4825427098341,2.95420887211571,2.67428906484255,8.83039510465644,2.93124358357125,2.69257774277409,3.07844197668196,4.73230035048205,2.32764029444616,5.97586459673933,3.56736923743848,2.33156072348385,6.8012431977578,3.29780151867789,2.44073069811455,7.64038449938078,3.06042963128448,2.56225186682603,10.1709253155114,2.80694745282,2.84397989758427,11.7683303723317,2.60593330090991,3.13883560622171,13.1769243795581,2.41824956385422,3.38529082373738,14.3557883469828,2.27683541738882,3.55044632634492,15.3822924688238,2.16000153471158,3.76849320014981,16.4369133815612,2.01740048079223,4.07188300827859
6.31878832603268,4.61794297091624,2.75285176491638,6.46387390344102,4.60935832409296,2.59683564582751,6.26171137110856,4.62079494535621,2.38397654677776,5.8350968107596,4.54412740520474,2.09608730863417,5.32272061868995,4.36204091080042,2.24519939874417,5.02218837494709,3.91898502711,2.11243966584296,5.18515235642988,3.86739579283248,2.16661480184639,7.68540016389037,4.19979474477403,2.97351805706024,8.10626889694341,4.20044429914562,2.8969003792567,8.49834593432594,4.17763059449956,2.79413709585305,8.49108716752629,3.8408600419079,2.31981648418457,8.5841206407857,3.40064778016188,2.75049782334532,8.47564166919577,2.95838389685366,2.65765721270148,8.81543673496167,2.93869470716443,2.68760193621314,3.06564821593242,4.73441851872248,2.32096261119328,5.96334503041393,3.56523203991437,2.3229567499236,6.79020638343337,3.30711939195737,2.43569594948379,7.62771098274932,3.0850054081448,2.56417045089607,9.98894628531382,2.82413368362008,2.8345165678738,11.8142903162512,2.60068963602822,3.16315233848381,13.0901259007467,2.41935717452747,3.39970699113187,14.3492583792868,2.27586051080816,3.55441571332591,15.4000058376494,2.15896344753007,3.77716061449682,16.4244887506126,2.01728025404456,4.06594354570128
6.30985518265044,4.61518277194755,2.75374326023094,6.45228968583126,4.62381104795484,2.58719485558585,6.2431370846992,4.63089825285947,2.37667515684948,5.8243035579909,4.54707785482897,2.08887486655588,5.30501293820723,4.37030771987518,2.24177553408449,5.00416997745318,3.92551405969255,2.10977266653814,5.16585759736687,3.87547048038196,2.16172440777763,7.68558125484126,4.19818992040323,2.97354646716203,8.10564671377155,4.19912217963269,2.89502967877407,8.49733295062693,4.17883460565352,2.79134592627537,8.48893979244415,3.84026166567935,2.30900338779325,8.58436423372334,3.40482253705061,2.74894560036855,8.4769620139381,2.96188873240322,2.65789973677726,8.81751843591145,2.94580698342667,2.68474343896006,3.04654826290817,4.72823285656907,2.32168166087386,5.9444971055203,3.57551685634754,2.32945315667547,6.78002402481815,3.30473808128591,2.43554810143131,7.62411934524007,3.08204492132844,2.56285000661803,9.97011779066762,2.82511364880829,2.83516281251664,11.7965494293622,2.60310949505554,3.15966081931008,13.0887558458837,2.42109032082581,3.3985240859205,14.351267395371,2.27755310375334,3.55575328410624,15.3851329256178,2.16086662798364,3.77281501375296,16.4146884556545,2.01455470679257,4.0638790347513
6.32423945893581,4.63765140720828,2.74016323426989,6.44125847706256,4.63326765979414,2.56618261976729,6.21622699331456,4.64373407419134,2.36874093654496,5.79882274201228,4.55360867374665,2.07395933480296,5.28057131690934,4.3787104466977,2.23768695859817,4.9881822705714,3.92281852544544,2.11043911726014,5.14717873492084,3.87993912480574,2.16373169995863,7.6860154199034,4.19701301757672,2.97626607000525,8.10533442171111,4.19851833678253,2.89728338786303,8.4979278369748,4.17892603498703,2.78860925702843,8.4843196474339,3.84209416039249,2.3130776582949,8.57838311526441,3.40666546056957,2.74729547948419,8.46272441811876,2.96478543868888,2.65623207631524,8.80160691331458,2.9471435540512,2.68675951346768,3.03766311077739,4.73326355126938,2.32184344650106,5.92696996703378,3.5829163797857,2.32407367032543,6.77378702367439,3.31118047051358,2.42827001383796,7.61690271169133,3.08891957843849,2.56127874353725,9.94342640087529,2.82896167079172,2.82818792832842,11.8071147716461,2.60816739524815,3.17374116426797,13.0880314423861,2.42397267329788,3.4038450081255,14.3862884114959,2.27084125766468,3.57101006271273,15.3939829038338,2.16070777988772,3.7819036883263,16.4045361676142,2.0156925182351,4.05984309992052
6.32920091838095,4.6244431508163,2.73554162621682,6.43194782200443,4.62246175632578,2.53916286239692,6.18948707995942,4.64697000067643,2.35837423419249,5.77999484146821,4.54962831883341,2.06707088715991,5.26732257520991,4.37532264281129,2.23329891470713,4.97601156121236,3.92284201150181,2.10867234887116,5.13317455552423,3.88302788624825,2.16031759025834,7.68565003455282,4.19547532442996,2.97761652163617,8.10285056320402,4.19781227276426,2.89874621157378,8.49377394592462,4.18399173723116,2.79393642643601,8.48570354685112,3.84430155590794,2.32195579651153,8.56808487105874,3.4123285143972,2.7497149924488,8.45600115429353,2.96859948603639,2.65796200005057,8.79124117527903,2.94921087342349,2.68714355345639,3.02518696930487,4.73421479885631,2.31952662797521,5.92120589580678,3.58823384901926,2.31942063372274,6.77170088483409,3.31141723439601,2.42993679590198,7.61588057248212,3.09159334542662,2.55695238206168,9.95506077386734,2.82940708431087,2.82218415596512,11.8310728213972,2.60329416143197,3.17662790983092,13.0926840676306,2.42663104861647,3.40344589189755,14.3782475970562,2.27117732892977,3.56692720704315,15.370379439962,2.16482303262893,3.77701168573806,16.3934138692166,2.01755248279086,4.05739071227743
6.33227773871448,4.61474768526752,2.73000120503958,6.3979175368522,4.6256884829924,2.53457848388632,6.1653937608935,4.65062598455074,2.3513120011175,5.77374601533031,4.55682591681742,2.0637223888799,5.2592388607976,4.37690251549607,2.22632403600107,4.97180964419869,3.92330469719972,2.1038956881302,5.12731416984848,3.88213582963411,2.15671220174301,7.68946608660867,4.19477207079069,2.97721094962304,8.10351593750305,4.19772828718028,2.89901224857961,8.49414113940198,4.1853978402016,2.79131339798105,8.4799368861482,3.84844053196657,2.32724947340704,8.56144054813655,3.41629470195316,2.74942521911706,8.45054401827341,2.96952468451304,2.65936810598482,8.78454852249257,2.95296789396842,2.68687806715202,3.01554626761838,4.74118230004391,2.32290305031863,5.91695176199637,3.59239455473855,2.31488516174422,6.76680407630372,3.32074990307864,2.42322643332463,7.61065836551367,3.0983254996296,2.55148184224241,9.95479968898372,2.83488891222376,2.81786797372637,11.4648153966685,2.66683263947112,3.16146729184188,13.1874897829594,2.41931861006863,3.40336286697061,14.3789556915414,2.26882312993738,3.57053321629134,15.3940587648267,2.16357849581081,3.79046887623909,16.3816861096515,2.02181207298523,4.05790880397597
6.33566474684437,4.61356397400999,2.71498684862933,6.36950311120693,4.62810743053811,2.52667037069387,6.14809061934915,4.65821700641479,2.34574078282025,5.76081160449802,4.55737496751923,2.05656662881601,5.25147977194727,4.3788873350295,2.22617239384398,4.96602258066784,3.92404540896577,2.09936466319748,5.12247623325826,3.88486955737665,2.15376389761722,7.68767213969559,4.19536666223149,2.97624263520256,8.10193348008477,4.19442835539733,2.89925975488366,8.49274121894507,4.18852703642066,2.79288520577109,8.46955018649052,3.84710211816823,2.32341826649494,8.55241009821478,3.41977015958697,2.74615705834265,8.4401050173101,2.97350196964798,2.65347394005233,8.78088405417128,2.95826584709787,2.68345213528809,3.00216545011602,4.74500865092987,2.32846932222578,5.90522321724659,3.59813647037025,2.3086503335194,6.75689333875776,3.32995368936556,2.420853698774,7.59794572934806,3.11683783043064,2.5401931823331,9.95747133956815,2.83564713828645,2.81664253294346,11.5653731732284,2.65135446121358,3.15884551429673,13.1853041417848,2.42083126068046,3.40223985948221,14.3842228869032,2.2701365676129,3.57548649441518,15.3940736513278,2.16222126128562,3.79269362338921,16.3655239546828,2.02395897346569,4.05487103260797
6.32256612275636,4.61797780998427,2.71062610166675,6.346381345797,4.63663435619088,2.53125161862957,6.11649319964656,4.67964119156814,2.35534120024257,5.74082686303194,4.56211861632632,2.04793115224375,5.24357406438945,4.37820922287901,2.22793522830755,4.95538805207482,3.9301084547194,2.09620849398136,5.10461273808435,3.89190319911296,2.1481694137463,7.68618813316997,4.19452469480488,2.97631880214132,8.09894901456482,4.1933084282407,2.89656654392612,8.48249070283705,4.18055201878481,2.7921976139191,8.4654409753463,3.84827725521293,2.30852735533337,8.5443714662526,3.4126901045568,2.74711707820077,8.43230012233954,2.97740288870174,2.64803977094698,8.77465051550683,2.95708939245239,2.67968046514597,2.99052872158393,4.75031725472222,2.32756612974492,5.88925495284358,3.60053173035804,2.30473993246087,6.75188988588956,3.3339743942294,2.41384880076957,7.58887189315668,3.09553679988307,2.55217500810174,10.0924494177195,2.82099737053191,2.81906729582584,11.604986457332,2.65130098654951,3.16687956789443,13.2000889885973,2.42229764427516,3.40291648954698,14.3671114601729,2.27199911661448,3.56880368351104,15.3590602489618,2.16691614238092,3.78482397903158,16.3486427062232,2.02624679745415,4.05215096748553
6.31878387165787,4.6146888359931,2.71635816987454,6.32849606943173,4.63338667159356,2.52192469854185,6.08612232450117,4.69628446537197,2.35161644370779,5.70537996122744,4.53757532180302,2.0566987562727,5.22452694494125,4.38011980803027,2.22455628559565,4.94674405814484,3.94078341265172,2.08739506743164,5.09357054569394,3.89873020531904,2.14527554927838,7.68891891663016,4.19313626800743,2.97703570222056,8.10018042479578,4.19146401370377,2.89898805580641,8.48374365151892,4.18393990451829,2.7935947131531,8.45715665105652,3.85633026345731,2.29349679260242,8.52743228228016,3.42099599678655,2.74051745629692,8.40923627364555,2.98899211144192,2.64306846286815,8.75742739883898,2.96178552110004,2.67568848403967,2.97577498375016,4.75511715908395,2.33067548843715,5.87914356558739,3.60812033191324,2.29999979255582,6.73308039311848,3.33863370005427,2.41309236474347,7.57463473837986,3.12379221201447,2.5349895693556,10.0890017443309,2.82116620020994,2.81791241280617,11.4764131351518,2.6711485096599,3.16458992864659,13.1857654823205,2.42731591418298,3.40187883901782,14.3603940944286,2.27085198259704,3.57000318147614,15.3698718435792,2.16681060775721,3.79216102752342,16.3340630741388,2.0316292679005,4.05452828282818
6.30042615074431,4.60030746646024,2.71387078341513,6.28234796832765,4.64256985998986,2.50669401555471,6.05467211602376,4.70830628908902,2.33416927113352,5.68172569889664,4.53253012868281,2.05342181592819,5.20402725969655,4.38473420947156,2.22658529843144,4.9307874576788,3.94069684461924,2.084632663882,5.08122793944103,3.89841802907806,2.14381189966607,7.68907365410511,4.1940454350795,2.97461148193046,8.10076471303152,4.19271994520018,2.89488331898235,8.48049551483848,4.18644554906515,2.78997721731519,8.46352527520743,3.86685289544676,2.29858148817879,8.51767527187633,3.42696102498632,2.73955854463765,8.39935075383314,2.99424688228031,2.64009187256154,8.74145497324404,2.97047801249561,2.66937584765023,2.95767274057898,4.75385410150711,2.33307161362768,5.87211908111526,3.62025272548601,2.29333032888066,6.71160449959165,3.34827916302302,2.40118376172793,7.56116714379187,3.13149491849616,2.52495324548813,9.88488783576789,2.86740266725662,2.79231174960887,11.3371648721006,2.68585181549331,3.10057590171562,13.0657370996772,2.43241735709381,3.40591847718437,14.3070480706666,2.27520245594571,3.55802162214732,15.3550902966533,2.16706040709669,3.79572242049416,16.3235083830226,2.03096590622481,4.05671748378203
6.29750913191195,4.60356303395123,2.70355757626183,6.21086160148746,4.65592902266194,2.51275603353453,6.00578356578238,4.73020399526462,2.31619447805197,5.65169519342713,4.52643342895235,2.02302623912089,5.18762308495668,4.38676571335005,2.21564898632001,4.91984996516153,3.94869021185101,2.08581221508237,5.06916877448184,3.90845960906518,2.13348366050043,7.69229150235956,4.19444694057209,2.97613316978727,8.10188508552133,4.1914447327783,2.89721837671558,8.48279535261482,4.18676138815805,2.78911040659629,8.45636209450307,3.87661150072368,2.29126954866706,8.51017663810354,3.43139980772939,2.73254901482667,8.39951985620396,3.0009440473898,2.63669814450361,8.7351883828137,2.97606415331593,2.66491038898576,2.94283894260088,4.74975000437789,2.33141519053268,5.86086219089889,3.63104553769527,2.28882180696293,6.69743122290082,3.35725087590739,2.39281536976304,7.55647129883694,3.13507077698794,2.51206415390329,9.8728113630583,2.87540418006259,2.79191170408358,11.3365641592506,2.68970501388914,3.10057687011454,13.0661405021552,2.43258946883825,3.40851299054447,14.349004040739,2.27031610706462,3.57992583062587,15.369543856064,2.1654965850115,3.80596634210085,16.3101198408671,2.03060930743201,4.058023061911
6.26972858697067,4.59904491630362,2.68414706457395,6.16460750176579,4.67281745646169,2.49195652439651,5.96853614764816,4.72930729128,2.31255234161282,5.63341806552045,4.51920164010153,2.01101555947053,5.17562932504411,4.39296102165428,2.21397479401069,4.91444979570657,3.95054217132436,2.08722617071498,5.06358850539396,3.91303731689176,2.13756204586612,7.69463800912645,4.19280208569779,2.97813533862069,8.10058010369025,4.191838039419,2.90182636992056,8.48197112883724,4.18597919233746,2.79616460767987,8.45578092353211,3.88137375116041,2.29880267092954,8.50362137707038,3.43514029804445,2.72969325322315,8.39192508568271,3.00215659759752,2.63523426383599,8.7227174809531,2.97896666041052,2.66106788011058,2.93163871812496,4.75645329403801,2.33007387403277,5.86251539706955,3.63189394599116,2.28388069920701,6.71027601947536,3.3647668237623,2.38554650943281,7.55654755712239,3.14150069100878,2.51632071805021,9.8624359352866,2.87906205336495,2.78971680990758,11.3353847947591,2.69460803805937,3.09959236170861,13.0807837283701,2.43230485812169,3.40924345718201,14.3477412417614,2.26909307463211,3.58443199275473,15.3505853874064,2.16504784484542,3.80258069809216,16.2975208449117,2.02449502428205,4.05486883725217
6.22258076535422,4.59698616731685,2.65924450424385,6.12845334198432,4.66684299596718,2.49749258006015,5.94143091493938,4.7230665421405,2.31616652757927,5.62152148490607,4.52122531643002,2.00710084712129,5.16769189658123,4.396309699195,2.21923459696133,4.90788956507615,3.95137345473913,2.0879598221676,5.05685287591312,3.91471083804431,2.1416656461702,7.69267018773836,4.19057258056489,2.97783498490649,8.09956182309388,4.18872376077121,2.90122228073369,8.48139678327944,4.18490130853543,2.79641781910797,8.4567898141365,3.88894893211076,2.2992884515614,8.49558662369018,3.4415350068203,2.72686970753197,8.3715699869636,3.0062391761322,2.63449019798608,8.7142615713789,2.98327459555411,2.66110321065838,2.91984418936933,4.76033360923771,2.33154626781836,5.85566472461685,3.64359665097467,2.27758278781683,6.70067003735571,3.37757469141811,2.3781981936105,7.54688243218314,3.15217792143745,2.50559952297378,9.99547877008547,2.84983983001675,2.80426373951187,11.3494823699495,2.69770067199139,3.09899303752023,13.0597345067397,2.43763597192203,3.40706837823577,14.3227848783637,2.27068640701779,3.58396602930818,15.3354004022708,2.16523242178375,3.80205096639521,16.2874566376788,2.02331319348943,4.05304544760771
6.20531474526884,4.58628185488106,2.67537306711765,6.11491158598604,4.66298040721076,2.51594578024528,5.94350539391651,4.72724194186016,2.3529473512151,5.61062937327622,4.52787017844776,2.00831928479951,5.15613910553575,4.40511787803307,2.21861470461658,4.89694783053181,3.96005058705657,2.08465118518149,5.04439275481864,3.92295932881964,2.13889771906708,7.69199092925389,4.1900228049602,2.98066976662348,8.09562819887362,4.18880192116482,2.90525659383762,8.47917198173125,4.18531852331184,2.79957496239512,8.44386261900376,3.89680764564576,2.30304992053255,8.49056749225413,3.44985036939068,2.72406993400311,8.36114002354223,3.01777168883764,2.62765114744863,8.71036526680804,2.99564184263944,2.65300948529326,2.90944265952453,4.76231186535553,2.33159239579898,5.84628457949709,3.6514705873299,2.27632400795543,6.68768717766471,3.3840655293045,2.37511039507087,7.54581089656074,3.15633131548398,2.49366325569626,9.8595158436325,2.89033720972047,2.77811604469378,11.3620452397609,2.69813073123925,3.10163232022955,12.9657789379513,2.43973196552487,3.40779771694395,14.3002441863993,2.27553321228051,3.58436087705578,15.3064353862809,2.16583116445177,3.80191949549078,16.2751860857535,2.01964224727006,4.0554900300814
6.1882125759753,4.5822092124311,2.67543144078556,6.09598000182374,4.6643014368648,2.52333615048057,5.91382762516932,4.7142249928588,2.33710337958181,5.62868562221563,4.5307302814342,2.01560321704618,5.14937917707541,4.41041185670982,2.21644539429388,4.88169881259558,3.96722179037372,2.08268181073975,5.03476307602699,3.9267880360114,2.13769339848197,7.69245355808255,4.19035960427086,2.97893760333651,8.0980098417579,4.18585503225466,2.90255892396845,8.47637543988547,4.19116747860783,2.8108669730337,8.44502653060366,3.90555769384907,2.30746748181279,8.48959124587611,3.45393184470049,2.71644270933781,8.35966494123528,3.0232170217474,2.62433942464108,8.70399942332349,2.99829479090367,2.65261705704942,2.89465921100362,4.75999176194813,2.33249890497579,5.8402761187223,3.65187223468342,2.27798328345026,6.68616847951168,3.3795360019687,2.37561271316671,7.54847492583158,3.15427879398139,2.49319497938513,9.97324527816847,2.86124726981263,2.79192044588024,11.3651869531627,2.6997736500512,3.09942925273296,13.0748519981561,2.43311871708635,3.40842826495974,14.3039080484526,2.27422990362856,3.58999090840109,15.3023845902008,2.16444289788076,3.80303089476187,16.2683423933487,2.0184707790777,4.05453606622573
6.18034746070606,4.56391058049585,2.68772665711242,6.07369666640507,4.65175124835183,2.51894394287061,5.90508544144915,4.71206676732031,2.33640474795255,5.63560773888563,4.52735681345238,2.0087336840835,5.14639839716109,4.4100011279776,2.2170145049349,4.87326818967193,3.97243999731052,2.08148841223549,5.02970964671156,3.9301842433835,2.13639293122132,7.69228591839693,4.19173551719871,2.98002082371025,8.09793877064585,4.18755995914214,2.90397997825246,8.47520594701242,4.19234038207062,2.81254408601675,8.43876274176669,3.91167525910638,2.30213085014974,8.48276480345145,3.46577122133966,2.71051942753525,8.34913756443409,3.03282136134902,2.61994799942013,8.69782211728751,3.00451387049598,2.64824446317638,2.885506054322,4.76671501755528,2.33461598519884,5.83599254823633,3.65337055841692,2.27293695574783,6.67290454045171,3.38122969522733,2.37389694274631,7.53535691529242,3.16331697657698,2.4869379107036,9.85168151603507,2.88930963057556,2.77654859695919,11.3528336471277,2.7044377163219,3.09738944844405,13.0638555460455,2.44097279090913,3.4074260331354,14.2292582679057,2.28608389416156,3.56866033516506,15.2872068903917,2.16872385090393,3.8034966442768,16.2554004976099,2.01850553133508,4.05432515499241
6.17070502395186,4.57256089311249,2.68979744196111,6.06123534560344,4.65354574498896,2.52199856928349,5.89111005179873,4.70422446850713,2.3401451902355,5.61962929390543,4.53481133591866,1.99547944024925,5.12737179510769,4.41431438629096,2.21277969172827,4.85771374223579,3.97585185004187,2.07897327577548,5.01908804706216,3.93274088540678,2.13433791489348,7.69288836700123,4.19633901498624,2.98103169610202,8.0988393800874,4.19070185063592,2.90342222484905,8.47471514613396,4.19294471088177,2.81321655223984,8.43422798035672,3.92085283292551,2.29741268396525,8.48000304720051,3.4679949595116,2.69725237795788,8.3383896042514,3.04135667100812,2.61278970709357,8.68963671663634,3.00765098526417,2.6418224895523,2.87737033175476,4.77629533908515,2.3351581533778,5.81688376484787,3.66043537368019,2.26764227425826,6.66118528661227,3.39252696768679,2.36760685110044,7.52542174106037,3.1735093857218,2.47808567794441,9.81001477865608,2.89512227431228,2.77350211356139,11.3191035563517,2.70854303656886,3.08662007783322,13.0483804169698,2.43783886849746,3.40810255604088,14.1657128591366,2.29310840596258,3.55342917112055,15.2777852177068,2.1686500506649,3.80529839756083,16.2432125045037,2.01639811959673,4.05420267527383
6.13767337210934,4.58716967587832,2.65010643021389,6.04120716854659,4.67636340519008,2.48906961820547,5.85599655960843,4.72570362352759,2.30385310695235,5.57570003409489,4.52780496039608,1.97365707270928,5.10494416625446,4.41263597063762,2.19903968115611,4.84649588860332,3.98092207242381,2.07947231690737,5.00430440559682,3.94071262854345,2.13160976718519,7.69200995391973,4.1952556338122,2.9807472762267,8.09610163945697,4.19278596316954,2.90303782043635,8.47261351731641,4.19830931221422,2.81799246648824,8.43479248951695,3.93024118478872,2.3070128835508,8.4821149935122,3.47374671161548,2.69753120582975,8.34162645038093,3.04420933088899,2.61305280983451,8.69579875169103,3.01037041288503,2.64199464327928,2.86750518725354,4.779886768759,2.33611321507494,5.81030740388152,3.66488670523032,2.25884581872324,6.65691827241183,3.39647591498447,2.36544656179562,7.53052847631263,3.17634280831092,2.47672162872824,9.82622714437592,2.88858962843711,2.77344690349934,11.3168610818738,2.71564464923624,3.08009141079852,13.0125476427113,2.44328484602888,3.38438584194421,14.116396937792,2.29949212036627,3.5448069729838,15.2791065530367,2.16789344169264,3.80980259053503,16.2345817365224,2.01846890529525,4.05427707543516
6.14498740883602,4.59655481545395,2.58433944610123,6.03048060591818,4.70537977194278,2.44380513771369,5.83155673413671,4.76049994341311,2.250421536793,5.53826686026962,4.52865850919409,1.94979142690297,5.08331066388304,4.42101153079167,2.20840381594932,4.83544157363234,3.98633207805295,2.07865724894648,4.99198402756639,3.94593421848739,2.12750972561193,7.69239681436326,4.19380173106729,2.98174996576938,8.09706892834462,4.19093013397717,2.90101264828523,8.47526894277422,4.19830440710559,2.8119944048114,8.4426409545415,3.93465156856819,2.31019283083026,8.47062945270381,3.4835107082058,2.69177129223334,8.32301837318458,3.05566392517159,2.60589077179907,8.68041907416114,3.01656068010408,2.63261534230592,2.85922558938181,4.78885535847568,2.33980794089725,5.8002311785736,3.67200155833933,2.26136026115345,6.64705386620625,3.40835228484461,2.35894321164841,7.51484441435698,3.18803886216035,2.47058768512477,9.82143808252433,2.89444304829138,2.77210046842633,11.3155783758315,2.72188142403935,3.08067334810352,12.9001300074676,2.45821258525683,3.37953575740555,14.1132658093599,2.29810315363691,3.54720047561785,15.2652998449168,2.16864604577895,3.81209574045961,16.2237713058055,2.01522460454054,4.05702449875823
6.1326817010666,4.64022021663408,2.53505868429478,6.0048695555317,4.75479101140851,2.39254949834389,5.80774466970164,4.79016644963229,2.21209292899002,5.49499835790914,4.52189689767174,1.94820156952027,5.0583435358766,4.42801569346578,2.20279862569168,4.81811643448643,3.9976478230299,2.09111895462147,4.9722641293954,3.95560951610131,2.12830762139809,7.6909672396869,4.19279616439258,2.98255860947839,8.09519673468164,4.19143814125418,2.90292772675167,8.47420576393675,4.19987398992264,2.81053286976067,8.43596658116337,3.94248312762426,2.30530948658576,8.45932552515116,3.49313293211446,2.68634111735289,8.32237015530395,3.06704059092991,2.59720875175273,8.66796216692958,3.02589552483808,2.62288348122474,2.84649010277981,4.78757345241048,2.34598582958657,5.79491401168576,3.6875910928433,2.25121258680074,6.63042729557788,3.41894314724599,2.35233785382665,7.49550746436703,3.20129464443889,2.46181147352909,9.81106210886761,2.89489656903654,2.7666657397904,11.3157426464077,2.7243078772881,3.08703703848164,12.897169954453,2.45776313030326,3.38113270713831,13.9945486746709,2.31860544500214,3.51521665823478,15.2646226689662,2.16905497209613,3.81940793892137,16.215463717518,2.01498154360448,4.05986206528821
6.10771629983995,4.67169827864825,2.4597699883539,5.99938578022505,4.80150320275405,2.34516491029324,5.77899993958298,4.81410392669771,2.1659996875074,5.45199981508217,4.52373573615137,1.89762658613265,5.03576537392825,4.43649634494084,2.20719650409919,4.80908016012103,4.00455465256033,2.08554918029366,4.96363887771866,3.96671881388778,2.12138377664859,7.69004421893678,4.19164659505873,2.98571116898177,8.09407475553775,4.18989632817554,2.90241087675317,8.47566009225765,4.19628230362154,2.80837228691734,8.42677284152702,3.9408123647281,2.28725686245955,8.44136184096517,3.49423527845446,2.68060606222523,8.30563792118706,3.07221151260067,2.58132475021903,8.65216644240007,3.02990632276108,2.61862525333438,2.83955508397584,4.79459731221154,2.35171663833156,5.77258590928261,3.70030049205864,2.25068208424625,6.62095069043435,3.42325454219511,2.35033772933192,7.47466519540128,3.21212567225002,2.45269214313063,9.81629368233342,2.89776249811661,2.76651785110706,11.3284040830931,2.72733919980655,3.09167965904323,13.0717879827724,2.43604654939826,3.44620950050926,14.2953834081948,2.27351410417397,3.61943407779923,15.2666564863309,2.16776052055614,3.8251718908107,16.2062395075136,2.01396422800502,4.06252182971342
6.0906111290282,4.71159032670564,2.42961916926875,5.94092895566474,4.85140865866878,2.30160567296371,5.7360207500777,4.85447851321992,2.12567771458454,5.42658325409953,4.52128046278224,1.88559281466015,5.0216979839115,4.4421217642873,2.20755039554772,4.79915811236748,4.00835005569538,2.08530943562613,4.95586840878268,3.96824962683376,2.12151856052636,7.69238634577268,4.1893893645062,2.98915211238836,8.0943079734319,4.18954824052538,2.90265250205079,8.47609635842041,4.19605832576204,2.80857535038034,8.43412729989828,3.94781337734201,2.29108890108176,8.435504621839,3.50160284849203,2.67921429699456,8.2941875708428,3.07878153629971,2.57149190410405,8.64885736715615,3.03595528102817,2.62281542930723,2.83142626951971,4.80193364579385,2.36101592121455,5.76790716286885,3.70110193489528,2.25019813762176,6.61257544089616,3.43273866593621,2.34648029242534,7.46528265198522,3.22102690060616,2.44723605596592,9.81212181042387,2.90291743823838,2.76285150138474,11.3104888782359,2.73090210764718,3.08442638625919,13.1428041491285,2.42827396508044,3.46473949969162,13.9948427834735,2.3162141836462,3.51603101578706,15.2645045434553,2.16750108171514,3.82946377047235,16.2010221240676,2.01214450476247,4.06055117601976
6.0751150147471,4.75991773910921,2.38599609310964,5.90904387238619,4.87341426147512,2.27822933450837,5.70920424573737,4.89898353160588,2.11435691949551,5.39464486711344,4.53904848248193,1.90362145006069,5.00457588065739,4.45414694408533,2.21820185449273,4.7871006054174,4.01233955458258,2.08501363066013,4.94506753655085,3.97361086764129,2.12386403743388,7.69282777135779,4.18788726318392,2.9905902439422,8.092022434489,4.18972631176059,2.90291411401075,8.4735424862129,4.19727302607169,2.80922545402987,8.43097284790026,3.95434698775463,2.28652779600968,8.43287955738919,3.50745728150128,2.67586282267669,8.28633470428281,3.07933670308503,2.57168586015983,8.64426594074044,3.03496162644774,2.62094916116559,2.82320742909585,4.81007249653537,2.36486817599806,5.75705179818204,3.70862194261718,2.23911227275796,6.60141480976684,3.44542283712544,2.33915164440978,7.45960114456297,3.22615377233498,2.44193401812586,9.78380169568915,2.9149031838901,2.75599584690177,11.3046851898385,2.73419816107713,3.08343512032314,12.8956605670602,2.46333928550977,3.36518867961873,14.0013303306913,2.31299809694065,3.52123456529594,15.2676485033703,2.16502151477054,3.83023279182879,16.1923244438491,2.01623252875141,4.06052153377282
6.03625644178905,4.8164776459437,2.35840362196851,5.88284245563339,4.91985825203206,2.24804209413685,5.66838405632863,4.94523608221653,2.10797300719071,5.38360255707227,4.52902329133187,1.86175409366406,5.00565868695875,4.45179485147821,2.20384462666453,4.78282750691247,4.01326716853509,2.08034226979088,4.94209113222946,3.97475905725847,2.11799642231312,7.69227859323491,4.18595144838301,2.9919997949529,8.09164108667489,4.18871290555653,2.90293712469992,8.47727592668497,4.19683793619084,2.80764853730927,8.43748160139341,3.96862347650451,2.27380278864058,8.42624271772866,3.51011313577842,2.67462194125129,8.27601682646413,3.08348794320509,2.56652570603951,8.63888380588064,3.03616809182702,2.61734825799099,2.8157069387654,4.81370943714758,2.37053669570708,5.74996391219757,3.71658211301513,2.23276349918899,6.596417048505,3.45050292140445,2.33612459008275,7.45057661315779,3.23826121110396,2.44670841542143,9.77549612314991,2.91740251387171,2.75318342674757,11.2927113348829,2.73819286781345,3.08002780425108,12.8820804940114,2.46859834117119,3.36352418611704,14.2728651362901,2.27342509532882,3.62219916590954,15.2580276958744,2.1647139334922,3.83137285174724,16.1829310370954,2.01575308616711,4.06081508502208
5.99759544982434,4.84141221662855,2.29843349239238,5.78874135406124,4.94005910999044,2.12784206795292,5.64325686302733,4.94958442469332,2.05330843361899,5.36235719121729,4.53296114852243,1.79399086707194,5.00624045321216,4.45239261716648,2.18982497663618,4.77978928954747,4.01494826661252,2.07836408532501,4.94083764563674,3.97700382326986,2.11791769225631,7.69403906159491,4.18498838187255,2.99268926424305,8.09197636767886,4.18961754149929,2.90477391920012,8.47593945336468,4.19868679810467,2.80909303819656,8.43716691363623,3.97324298344479,2.27597969501273,8.41773063717279,3.5141918907854,2.66794629077846,8.26527356018752,3.08847675334293,2.56313178014213,8.62718001060455,3.0371263291188,2.61701667928441,2.80988164524363,4.81710319604758,2.36532085501152,5.74201618488794,3.71819917724886,2.23163804562686,6.59137223502222,3.45101995762236,2.33249963808174,7.44058129613144,3.2472347228569,2.44185052987961,9.79805235442971,2.91079920419604,2.75356220365211,11.3030996311024,2.73776998599693,3.07852504363812,12.8740175564144,2.47066068799734,3.35801998582797,14.2745823544495,2.27554043727283,3.62524663659005,15.2503330915064,2.16688896127514,3.83152834181328,16.1742787916082,2.01634328078889,4.05972825229791
5.9751220708682,4.86349645882752,2.275571672838,5.76699351449203,4.98102932412194,2.09470951361269,5.60800965325721,4.9680478803866,1.97885874983041,5.32921141646915,4.53457555830736,1.79413364560656,4.99120184941405,4.45999892566384,2.17764270740635,4.76798206644951,4.01612482842745,2.07788451473463,4.93364420812537,3.97888151667634,2.11564112399616,7.69320904627558,4.18566478744678,2.99254757550174,8.09237344439156,4.18916138107932,2.90476267421863,8.47633076804718,4.19840398751305,2.81129118345427,8.43270229722115,3.97833677946504,2.27981706095759,8.39574966141216,3.52010290812914,2.65595365799886,8.24665119424547,3.09501552567996,2.56191754304245,8.61062641613498,3.03980651890129,2.6172303196478,2.80363745508135,4.82105349396386,2.36298924176505,5.73496358983554,3.7310959578368,2.22314611292747,6.57947855738941,3.45653035650394,2.32761150179619,7.4267189936184,3.23463560413939,2.44517090015175,9.77057354149585,2.92201436101875,2.74889863368941,11.2722162009858,2.74032782799997,3.08179637519984,12.9286694745552,2.46240553432526,3.36313344388238,14.2700387455487,2.27466715681215,3.62367821085559,15.2472006982836,2.16588661112994,3.83043356741953,16.1679858031852,2.01809146722268,4.05803869808568
5.94565622665517,4.8784644380218,2.24455394640616,5.74022309038456,5.00800737964633,2.07978001245381,5.56965898897195,4.9828010698537,1.95812486227432,5.3189273692887,4.53882216783026,1.78004995066528,4.98396324995178,4.46008403690166,2.17663402059941,4.76636644068604,4.01549217289057,2.07726219760299,4.93103063180024,3.97640247989062,2.11126363618064,7.69425228822532,4.18480253068264,2.99126820742472,8.09239303792015,4.18621333666975,2.9042184024872,8.47715548192958,4.19580441113513,2.80950144455816,8.43627162224484,3.97494809376017,2.26217696020583,8.39296174703511,3.52356324868533,2.64922487321485,8.23774975910622,3.09723221396309,2.55882669974528,8.60501973243906,3.04242191832507,2.6135948323555,2.79603857031943,4.82161821292287,2.3604156508054,5.72930003888186,3.72949267846707,2.22312153456689,6.57575011460611,3.46186832728153,2.32596709125862,7.42166081503858,3.23857235437254,2.4407792801132,9.80068065556534,2.91197975633621,2.75434172410161,11.2963154462558,2.74026914911822,3.08731420590652,12.8818454009772,2.47161987382611,3.36233732394799,14.2660870185611,2.2770310093655,3.62068107476009,15.2415121903937,2.16924766174358,3.82927676721838,16.1602225592539,2.01953647554964,4.05261632114164
5.92420059668316,4.89431750775976,2.21799010143591,5.71255267834902,5.03404535548035,2.07298416161139,5.53029374168075,4.99378001283004,1.95447242312021,5.29980524244585,4.53516047727814,1.77053271824281,4.97083046177363,4.46233711200041,2.17938860290207,4.75501764055134,4.01857170838174,2.07580266577295,4.92322617709412,3.97673915852911,2.10874302972627,7.6946041713092,4.1840211420466,2.99225951382929,8.09147387486121,4.18547459853432,2.90612449975994,8.47425803187484,4.19678869066354,2.8108752322825,8.4327127930288,3.98111148577604,2.26786150321751,8.38646056291462,3.52660007831136,2.64907200446509,8.22785393555468,3.09833520080626,2.55296518417249,8.59616402183019,3.04261326406771,2.60877074537058,2.79239364099199,4.82703144665296,2.35266128215524,5.72151530392492,3.73503843515276,2.21785880511275,6.56743620067705,3.46745037607083,2.3206395999359,7.41652135456513,3.23828564686587,2.43937560968753,9.77084139697225,2.91972810767859,2.74815878232418,11.4287645008015,2.73064370405756,3.13956116578445,12.8750314653136,2.4739392726702,3.36177450173429,14.2568297490491,2.27891475229681,3.61934836868045,15.2338340455423,2.17085169429287,3.82707128960888,16.1556601243573,2.02180086436124,4.0474630764786
5.8784189576254,4.9237068557253,2.20985280695694,5.69743176244866,5.05451225828404,2.09231446852607,5.4936081263129,4.9909387335822,1.92481994679559,5.2692707905869,4.54133222753457,1.78213532851005,4.95817430814193,4.46947541552393,2.19104552813965,4.74296648529936,4.02167311018944,2.07731953160475,4.90984685364457,3.98198917786033,2.11038635129797,7.69447259836052,4.18554279786819,2.99010125863444,8.09155637936969,4.18479766663114,2.90460914717921,8.47312204770119,4.19459412310351,2.81313840882096,8.43083644129863,3.98203004164708,2.26247347244984,8.38235728659477,3.52890107355449,2.64676680987108,8.23612808041396,3.09689702809697,2.5540061543528,8.59265871033504,3.0435639497523,2.60708279703832,2.78628942903384,4.82470019917515,2.3492766607297,5.71015509729543,3.74326384945199,2.21395120708797,6.54940065807888,3.47449161952497,2.31211564358383,7.40433172470944,3.24642861592259,2.43168498657977,9.77393273221566,2.92308246182951,2.74887810618271,11.1048992998277,2.75788482897472,3.00735007271812,12.8709215394817,2.47498570281006,3.36110808520885,14.2532577004651,2.27901910149929,3.62011885586542,15.2287308168491,2.17275395066522,3.82632600375303,16.1490336620319,2.02502055603693,4.04489649596594
5.8504694180888,4.94428183968087,2.19071802531642,5.6372636677947,5.03884207085456,2.05577743126644,5.46049144932622,4.9996735070531,1.91755535315821,5.25144874533087,4.53795804401121,1.76844764173878,4.95248664727016,4.45914188381632,2.18019074315625,4.74064334527471,4.0184498032487,2.07613455370995,4.90802898176878,3.97724260491304,2.10841257445348,7.69319410010713,4.18544546238941,2.99077415653089,8.08997270402741,4.18539538484315,2.90868682979158,8.46987390285309,4.19403333010084,2.81389427174005,8.42933356122387,3.98764267831186,2.26943030598586,8.3802884452471,3.52981080630521,2.64809672252299,8.23100626282232,3.09689296820196,2.55405280284833,8.58764162882474,3.04326996951478,2.6074699049261,2.78259500991607,4.82852752307609,2.34108285563012,5.70505938920404,3.74461527113052,2.21288349627784,6.54110851971623,3.48143057098732,2.30751101473379,7.39516863089678,3.24975201117372,2.43047959895485,9.76078963858675,2.92575492586669,2.74375084405303,11.2788370351916,2.74558334459472,3.08803448055787,12.8689442814044,2.4744863859675,3.35875854533837,14.2580089009392,2.28051961705395,3.62365814126576,15.2267733099015,2.17578780623087,3.82396483573274,16.1417097970715,2.0284653032502,4.04189739158373
5.82822561209458,4.95307484914047,2.16261645943806,5.60996371498491,5.05199559959431,2.03518222215711,5.43023842033748,4.99973007019362,1.90562650056292,5.2334637891364,4.53680845793071,1.77178339936553,4.93417323609196,4.46292414186327,2.18763849004892,4.72571938807643,4.02232010643331,2.07454412104885,4.89163323169593,3.98135226556854,2.10504290235383,7.69235345396347,4.18388190112098,2.99102047252434,8.08929761013177,4.18239986139954,2.9054124919392,8.46861322828685,4.19334938270847,2.8127762473944,8.4322731960756,3.98466505047638,2.26762096847902,8.3769247799862,3.53239592129726,2.65185694140356,8.22607428497664,3.09922386313741,2.55231386660109,8.58190133610094,3.04771152086705,2.60298350193299,2.77824356785126,4.83204184656058,2.33157422751121,5.6889841431908,3.75081172204764,2.20975245512484,6.52695937384411,3.48627408549589,2.30243699584179,7.38567277244612,3.25097622602821,2.43072515810701,9.7564915211106,2.92345446348789,2.74381762504975,11.2797736988322,2.74528821416132,3.08836383461856,12.8811566618297,2.47222914434649,3.36070684154065,14.0003656502066,2.31359933254819,3.53426952414579,15.215653091037,2.18149814549919,3.8249508454946,16.1338779686344,2.0345238305144,4.03932246621704
5.78136180592119,4.94856488504605,2.12022983635611,5.56799553267348,5.06034518304951,2.01492731559583,5.38171629238641,5.00663706924107,1.91516564987521,5.20609227641353,4.52425102139689,1.78913469200654,4.91900725757293,4.45883154152177,2.18057332553377,4.71202813370807,4.02601420537506,2.07177347788648,4.8782332882651,3.9835908516852,2.10228290304369,7.69035955352023,4.1815150584762,2.99161873798298,8.08757190438684,4.17946320004177,2.90608230975855,8.46834431026765,4.19300543510312,2.8107880861009,8.4245881372395,3.98808454472753,2.26501571155544,8.37116530385396,3.53336413676971,2.6531104859956,8.21826276337272,3.0986793301045,2.55127153817796,8.57670185413492,3.04816018662201,2.60240535667197,2.77330952389197,4.83452932062476,2.32471027977433,5.66747032379264,3.75228684814924,2.21269784972197,6.51092635672607,3.49208984569741,2.30151602318311,7.38661119829029,3.24130453594909,2.41314700158167,9.74353142192936,2.92694689296414,2.74158517144292,11.3135519664281,2.74683004976124,3.11845580197906,12.8506188560032,2.47829655180212,3.35639069187149,13.9825384210646,2.31564515682022,3.5294162484504,15.2072523943881,2.1832237225257,3.82308117289097,16.1290089485415,2.03888553040849,4.03559991701714
5.74666921950261,4.96173596437233,2.10880425927192,5.53514726698248,5.07201822368555,1.99798154763735,5.35020532663699,4.99460411330212,1.88539616285727,5.19494446167228,4.49868293346675,1.80571193129267,4.9116572560091,4.45537049563089,2.18296701116427,4.70253073630669,4.02722712461983,2.07006926615637,4.86631893858865,3.98941191054746,2.11082033756969,7.69129420157256,4.18296273018574,2.99068082212578,8.08635561070235,4.17977353324604,2.90796904939744,8.46456968835197,4.19249838242269,2.81223872691909,8.42007137669361,3.98818446661364,2.26273635760059,8.36325049280779,3.54323009008667,2.64722775853585,8.21302237609672,3.1018624278517,2.55159143571581,8.56849660483343,3.05104159443672,2.60365478549137,2.76488632053336,4.83934809024838,2.31693364337555,5.6589969624754,3.75257185655327,2.20963721011444,6.50053883452273,3.49030787652081,2.30368534947318,7.37547138112368,3.24820858493302,2.41252636346008,9.73747033487104,2.92512911797242,2.73766891486752,11.3091165249017,2.74492265307031,3.11508839596666,12.852424366845,2.47676600717702,3.35792735561466,13.9745542402439,2.3185603164769,3.52987004128847,15.2010585254696,2.18735100076349,3.82261379383352,16.1218767006218,2.04534601738541,4.0345992080864
5.712960062584,4.99853957128184,2.08500729959192,5.50288400271469,5.07394922962699,1.97051153159683,5.31141600327683,4.97838544388121,1.86473352728224,5.17901793335678,4.4914015690968,1.7897000416992,4.90711010034844,4.45931295073217,2.19199806876818,4.70365335697184,4.02696285050809,2.06685534130313,4.8658785393773,3.98883113244956,2.10708526803567,7.68956226102261,4.18195611089132,2.9915380364923,8.08482220972038,4.17901339253601,2.90990421766172,8.46205646145529,4.19036468254445,2.81433137401815,8.4223664403758,3.99009001913896,2.26119109019988,8.35556668885102,3.54285781444011,2.64910035537673,8.19392291317927,3.09965954906682,2.55235619777577,8.55842975163635,3.05164629296318,2.60256273677322,2.76029312683402,4.84811330292074,2.30625560842625,5.66047113487665,3.74385069312559,2.21425767292882,6.51601887820644,3.49750496775653,2.29245813940528,7.37661963766477,3.24676528509095,2.41006654378,9.72590385678576,2.92468512325627,2.74006966602288,11.293744460536,2.74700102465312,3.11417840240324,12.8530457816799,2.48028626561356,3.36158062993964,14.2256926709632,2.29015808074097,3.62899108702303,15.1960961035394,2.18767418392518,3.82346008870496,16.1150918196853,2.04903700485506,4.03142647989842
5.66285089578315,4.9870181516419,1.99428053753099,5.46299730772538,5.0884731104082,1.91569771457876,5.28162847313652,4.9608857165449,1.82844377800057,5.17086859527125,4.48449846845582,1.76975223669399,4.90383915313857,4.45573416271961,2.18039205736757,4.71758121142712,4.02792773416676,2.05926522286889,4.86950502730387,3.98387084071927,2.10346946359853,7.68957918073323,4.18386378122027,2.98941693580692,8.08422625529102,4.18039740001142,2.90825768771684,8.46242532619666,4.1883444241218,2.81313113495516,8.41622442478925,3.98587709480908,2.26154992135673,8.34845690934137,3.54155663567674,2.64962679669259,8.18665064456398,3.10253261070863,2.55134840402172,8.55058724090989,3.05226284555072,2.60086098298403,2.75282782815142,4.85336982029424,2.31098545761092,5.66955862013018,3.73824751096665,2.21501448545843,6.52340542490024,3.49291514545126,2.29408624382516,7.37053578064722,3.25420543501145,2.42319414663415,9.71334050827304,2.92985362843812,2.74183565217813,11.2975241958096,2.74518386889455,3.11807879993011,12.8458096457445,2.47814139585675,3.36216993420286,13.9681065197165,2.32106726965007,3.5308058863737,15.1897478870835,2.18940665193853,3.82438501820919,16.1102550424202,2.05475199118886,4.0289664134457
5.63445582094436,4.99459203693561,1.95707366388978,5.431150101465,5.08419715485797,1.88433257038681,5.26176356776192,4.95295158751718,1.82647408943122,5.1566012280522,4.48140472835367,1.7684069568687,4.90316200004722,4.45074587484092,2.1947652228113,4.71221495338401,4.02930615826029,2.05774552103502,4.86293831689696,3.98582582203588,2.1028325005672,7.69147370680173,4.18737403424334,2.98872987613201,8.08467319384986,4.18052381982606,2.90999885467402,8.46064544323496,4.18684248274656,2.8143051221797,8.41744458224359,3.9821229871589,2.25994118565059,8.33330001017473,3.53588800679728,2.65386593945815,8.18221686190502,3.10202709414334,2.55594681290344,8.54600860344932,3.05154354055652,2.60514839992516,2.74222213097311,4.84998016773602,2.30643306229317,5.67408487913911,3.72656614081412,2.20424064093724,6.52235779810574,3.49181936917113,2.29203765217538,7.36840081374678,3.25211648045858,2.42230224955055,9.68919513196714,2.93421684539806,2.73944253542934,11.1225750107198,2.75266159350296,3.03092430747854,12.845040834123,2.48108626404377,3.36014104098686,13.9620545101229,2.32641877744249,3.526897466891,15.1327065366527,2.19757458820417,3.79897971768194,16.1025905878026,2.05351015470153,4.02640021111044
5.61594662578262,5.02379753171242,1.9646510712637,5.41535073882724,5.09268238561191,1.88611841153567,5.25442635696813,4.97210424610431,1.8707123822871,5.13856566462382,4.49223452680877,1.78287863836199,4.88954173353135,4.4532142433148,2.18835648106083,4.69901496874887,4.02924333730992,2.06031017683826,4.85566393733112,3.98695127911797,2.0998365058288,7.69094364032734,4.18404147571295,2.98815853910018,8.08514961837122,4.17811347229265,2.90768954796505,8.46201721643628,4.18319237130319,2.81439967565865,8.41220415685498,3.98902527554117,2.25895156317115,8.32340292762355,3.53893070156936,2.65341823361251,8.16540896681317,3.10209363569687,2.55552972398489,8.53062427649122,3.05326329059939,2.60279071972685,2.73497595536301,4.85274097708763,2.29831970853797,5.66271044056534,3.73524915420747,2.21195287822564,6.513728432592,3.49512286799774,2.28988148382682,7.36004327533073,3.25262444822249,2.42226709863585,9.6781719410985,2.93508069286094,2.74152445612333,11.2829329971583,2.74564490960912,3.11254414662242,12.8532867020545,2.47819361839847,3.36218967518534,14.2252610644285,2.29296861884586,3.62698783848278,15.1533203304965,2.19606023290664,3.80101025260645,16.0960119491695,2.05804702710515,4.0220769672575
5.57836469821302,5.00786557765259,1.95075794845399,5.37318846811065,5.09278227665097,1.853154418168,5.19826049360706,4.94540871549044,1.83877036257602,5.11301563389608,4.48864349217809,1.78783451308595,4.8743601563782,4.45004364951426,2.18965082888493,4.68898044938651,4.02774019411158,2.05837199049846,4.84737297561808,3.98516489260135,2.09864615658085,7.69027253573048,4.18441269897774,2.9885696648049,8.08384439653891,4.17676532651077,2.90632247194765,8.46109319077319,4.17989263684888,2.81190057464389,8.41296860823003,3.9819662503967,2.25710266658671,8.32177054628188,3.52961075020528,2.6432748416576,8.15353587770633,3.10291697157922,2.55508235763661,8.5205477977342,3.05228575289379,2.60373328732744,2.7291948335104,4.8551077630832,2.29090549325557,5.6506601494734,3.73750790516365,2.21183293086306,6.50514781510077,3.50042515813111,2.29203376022795,7.35135275562212,3.25458719901496,2.41535023006729,9.66721968817535,2.92236461559073,2.75110388389185,11.2869386917833,2.74506034739484,3.1166849575699,12.7980882233256,2.47171456260394,3.36407303896146,13.9462531911626,2.32690338467797,3.52544573316625,15.1440894116081,2.1993728722255,3.79797246533779,16.0925699795637,2.05860702666248,4.01496228976307
5.55986216446577,5.04660643670628,1.92026139710189,5.32044779180379,5.10485309499287,1.82128554455169,5.14317734069469,4.93746162876259,1.79371620990985,5.1014842383764,4.47872538135461,1.77782332313573,4.8677011205636,4.44426767440389,2.19514871319387,4.69125959427002,4.02736882939648,2.05798049425453,4.84838312360598,3.98424527920525,2.1002885450117,7.69149749566719,4.18385756583649,2.98859429932886,8.08313646979693,4.1742336577224,2.90587412887115,8.46149348500735,4.17692132763308,2.80767142659928,8.40712709554651,3.98490474488718,2.25765909640963,8.31794364310805,3.53712702229615,2.6619492199773,8.15406261070395,3.10238949989577,2.55943187647912,8.52285434775902,3.04880384320593,2.60847283115823,2.7235336319578,4.85250291525622,2.28114989858842,5.65193180972862,3.73870585377076,2.21273068791159,6.50678442904856,3.49607619229287,2.29350114312871,7.35715539112537,3.25023430118783,2.41150111042867,9.6802587835503,2.9147383817745,2.75561118458069,11.2870878175277,2.74267828190449,3.11591923661169,12.801837125065,2.47521181317997,3.36652982222088,13.955715456279,2.32720475143714,3.53003457301005,15.1348627020443,2.20029405749676,3.79484175531266,16.0880532180833,2.05972942836766,4.00864480788475
5.53119722936808,5.05602427372996,1.89976631032943,5.29492646559242,5.11443311112671,1.80592405614956,5.1164128844395,4.93024297369289,1.78587511693379,5.096316368221,4.46918998477337,1.76020763041865,4.87238815913798,4.44483286077011,2.20066743680957,4.70201612125205,4.02159283707636,2.0539892410232,4.86668448529331,3.97298913690458,2.09361930024119,7.69068269902734,4.18248214874273,2.98848483689748,8.08256962377582,4.17267409740219,2.90242218556558,8.46125775556389,4.17503921320763,2.80253932584076,8.39264334172354,3.98821724048832,2.25910085694782,8.31203488604271,3.52677752134944,2.65137304915629,8.1386094399857,3.10401822197354,2.55330716958811,8.50428866012687,3.05095674214001,2.60154972859006,2.71422487079303,4.85024321959848,2.27608874817322,5.65783440245881,3.73452321144893,2.21209992850412,6.50170811195963,3.49485766681165,2.2962884633396,7.33923247132128,3.25173192131506,2.41470965022507,9.66357979401406,2.92959083944228,2.74627606189812,11.3080565451328,2.73503128485351,3.1261338524789,12.9943509511964,2.45737867217536,3.45582521830736,14.1873838479103,2.30399089646238,3.62090521139913,15.1301018804649,2.20234251632486,3.79375333023547,16.082743772761,2.0614737271596,4.00196156864057
5.48461318662881,5.07026548077399,1.90980458468681,5.256573149272,5.14462150267221,1.83438033259708,5.07929750139729,4.92782630847323,1.81487546395103,5.06952330099495,4.46256084877824,1.78603561136859,4.85874052492398,4.44199605882386,2.20084138597856,4.69367453923235,4.01331515535423,2.04672387462073,4.85847125902564,3.96983255116305,2.09368597669557,7.68852296393672,4.18201512557885,2.98704610994894,8.08131364553275,4.17162627764534,2.90126787945995,8.46155124910771,4.17375921599056,2.79844633693616,8.38495375301518,3.99046733880846,2.25467522830009,8.30578609509935,3.52477736835516,2.64935646706187,8.13060455784558,3.1053592299074,2.55598293374027,8.4977099886898,3.05162165121573,2.6039470554038,2.70350212690968,4.84220158958843,2.27300342283359,5.65038132114589,3.73769984898013,2.20583900799492,6.4960903483342,3.49842385510973,2.29386788808898,7.32191260389952,3.25526846902218,2.41839951114816,9.68330503903209,2.90799479468006,2.76624242740394,11.3158202951755,2.73171131376421,3.13049255827648,12.7669867190916,2.48036762511359,3.35824019927945,13.937861465237,2.33551043821876,3.52589390227722,15.1006257341173,2.20444683419857,3.7755562178279,16.076823873433,2.06192909586672,3.99159480293375
5.44128212585517,5.09445165395467,1.88727500373383,5.21152107975389,5.15826888001339,1.81548095828444,5.02758157533619,4.91022914148775,1.79087199985828,5.03124305125236,4.48063809759737,1.78762713027499,4.84183397661815,4.43897460663569,2.19974868370584,4.6834803765396,4.0063185368009,2.04409950594881,4.84684462850049,3.96485902495317,2.08867418879798,7.68797915725396,4.18219057959127,2.9876020760073,8.08091968865054,4.17266021423822,2.90156225756174,8.46058033975276,4.17254393888194,2.79695484795034,8.38314800431617,3.9999103305939,2.23559035198037,8.28825645068448,3.52507260527606,2.64366085124684,8.11240069120583,3.1084067658449,2.55420526599566,8.47034759803015,3.0590813601231,2.60610561472849,2.69568562867997,4.83812667624469,2.26947801873363,5.63500301028428,3.73748070012177,2.20509852308897,6.48275625991034,3.49944294561717,2.291289084572,7.30399564071598,3.26344244436839,2.41715371863604,9.69087718301754,2.90844042458749,2.77017217515894,11.3121307387463,2.72441706783185,3.134119726542,12.8112007552536,2.48118225475343,3.36008368719782,13.9350474628557,2.33789014425535,3.52627831775455,15.0889239366458,2.20847173805259,3.76623006509879,16.068966707073,2.05981668074204,3.98147990001979
5.38933700347553,5.13315314013689,1.85521405076392,5.17424373070045,5.15604543468654,1.79885088348869,4.99690430478541,4.91014224688316,1.77034118870205,5.0143515358804,4.47417830356323,1.77603252603468,4.82543994626478,4.44333382320696,2.19663675401328,4.67089782737709,4.00738009809201,2.04967269333119,4.8309875744524,3.9766435999002,2.07897769244145,7.68655815104601,4.18190880983083,2.98705048759881,8.07986997775194,4.17359022307158,2.90043666218194,8.45786231015459,4.16983459670459,2.79541517402895,8.38057645906292,3.98365282208997,2.24856650315094,8.2820070593687,3.52148232799683,2.65153004547327,8.10688541814429,3.10500559074631,2.55898573860267,8.46833377799618,3.06192899989449,2.60927788135548,2.68260127789539,4.83128841937766,2.26233998382387,5.6220388509166,3.73981298818436,2.20215268709173,6.46861200494355,3.50308875460727,2.28547829297458,7.29900708526397,3.2686738662566,2.41610891761977,9.7808157508639,2.90336245000832,2.77546810044548,11.3146536282801,2.72047587260398,3.12987567439257,12.7549435471058,2.48475838268085,3.35942495293222,13.9266661861427,2.33956990038941,3.52226153813394,15.0921116171365,2.20943206325413,3.76486860447238,16.0580581931558,2.06172093631318,3.97122852741047
5.3398837381595,5.17809226603181,1.8169545394243,5.11595075539158,5.1539280868843,1.74729961418177,4.97324549027554,4.90944624490483,1.74008670697511,4.99869658564432,4.46881888260336,1.75633078675528,4.81330299082902,4.43893259434159,2.20092456371539,4.66528696575417,4.00339769641195,2.05935541263062,4.82816523608566,3.96868275057792,2.07906156000666,7.6883400473632,4.18062758003073,2.9880539016307,8.08140345928035,4.17424719991991,2.89882338537925,8.45640240599446,4.16937717356659,2.79411480571946,8.37457781691788,3.98408603006416,2.24088117537753,8.27594327817378,3.52216376279783,2.65306634266809,8.10209796130253,3.10709539504894,2.56019044373809,8.46127853857559,3.0587605144344,2.61247415953552,2.67412791224022,4.82990165870042,2.25295372834195,5.61761613557112,3.73738362733331,2.199882579755,6.46028891614155,3.50479801848229,2.28600288880042,7.2953189908599,3.27172757445065,2.41737982765013,9.76937060153202,2.90720117088674,2.78459313863311,11.1813423129934,2.72591051297769,3.06478262177421,12.7089773702838,2.49211364983699,3.34559760345408,13.9220082271793,2.34002714663575,3.52501503693437,15.0951232410322,2.21183092230617,3.76483538443637,16.0471553864943,2.06670626215243,3.96648309438403
5.29602453073585,5.19003335999215,1.79844683350628,5.07016000846872,5.1715443548086,1.74534685498991,4.92546748401084,4.90455552252502,1.75679900970712,4.98196444166507,4.46930231220233,1.75244661881427,4.80237893254323,4.43535563053157,2.19596751146268,4.65854882763154,4.00197080730912,2.05260734658647,4.82120084728387,3.96709305418481,2.07775415581477,7.6863542673611,4.18015114031197,2.98795689979399,8.08027229832353,4.17531312486893,2.89904789414476,8.46149856860881,4.16594387921756,2.79459692888108,8.37352528571989,3.98612858197087,2.2391682313852,8.27147277815401,3.52229341113034,2.65664418980027,8.09696673222219,3.10431086657014,2.56332232122428,8.45457413468953,3.05818784848968,2.61564730923255,2.65996059778971,4.82043665850671,2.24636064739106,5.60365102282073,3.73806476838114,2.19836527176688,6.44968386101517,3.50272231281221,2.28236168902221,7.29086705983706,3.27645678263172,2.41731128621447,9.7592260938066,2.9069720642343,2.78737070598203,11.3146673896724,2.71678045557636,3.13352196983652,12.743580646224,2.48616527349174,3.35946097218176,13.9216110442721,2.3420039514923,3.52219313622492,15.0882325423177,2.2143511742757,3.75830686646169,16.0394465216747,2.06958333655263,3.95933254358639
5.21366828882965,5.22769336689071,1.77374143607491,5.01627894037513,5.1843556454602,1.70304525611785,4.89744445377085,4.89858815632657,1.73898255268809,4.97593100200061,4.47922212014695,1.75257968881286,4.78696497264683,4.43080657490728,2.18932640680808,4.64541333479379,3.99615039113753,2.05273142650846,4.81166100925593,3.96129266654109,2.0843464507083,7.6883232441739,4.18131470953927,2.98788403443325,8.08069608749419,4.17490117369646,2.89723459465955,8.46316030506432,4.16639335375468,2.79300281800988,8.37165018430526,3.98323349540465,2.20445366466078,8.27140624157786,3.51970934025369,2.65777490751863,8.09465491007127,3.10250094019849,2.56940152794596,8.45291667495143,3.05720352694245,2.61962775950261,2.6447212952935,4.80686622355263,2.2471781010175,5.59503610754975,3.73599105371343,2.19897714468899,6.44239438477445,3.50580510228303,2.28828153536109,7.2860943501657,3.28081090868718,2.41793906026163,9.75635597034401,2.90741915863668,2.78671197422215,11.5487342346153,2.6673379998125,3.14213840908655,12.7356014023423,2.48684656831785,3.36215657706002,13.9226093302027,2.34429877650087,3.52680395972844,15.0777125198305,2.21753865652791,3.75552628644585,16.03423865375,2.07205299730823,3.953006696485
5.15319884092049,5.24109437478293,1.77321246945715,4.61585756705564,5.33550735525011,1.66104666404477,4.8898440885957,4.86481765333493,1.66508052385992,4.9692375516268,4.48096195780605,1.72430717552422,4.7616863059472,4.42430008586243,2.16363026162829,4.63069520763704,3.97843814161318,2.05227826562512,4.79762600693774,3.95095936497891,2.08769992061532,7.68662715002898,4.17926279237576,2.98750777676163,8.08036563060256,4.17268554912465,2.89609133982988,8.46328779633341,4.1664431620964,2.7916358683559,8.36909137969067,3.98373681185592,2.1990072510123,8.25373461015029,3.523047894573,2.6546243600234,8.0856692967393,3.1052177614399,2.56415701896859,8.4326670825386,3.05786279997421,2.62300214901846,2.62539576197452,4.79529379097974,2.25058516292182,5.58660495098863,3.73231110456395,2.18826113189021,6.42473558400254,3.51133707075787,2.28898910060963,7.26009219796117,3.29973000990602,2.42892259654086,9.73541322680665,2.90666598943826,2.78840162654119,11.5549458874619,2.66260188881712,3.14557114103867,12.6680784286961,2.49582423751078,3.34052178761454,13.9079730955508,2.34423382947551,3.53038464259305,15.0650123496384,2.21843496295357,3.75254717877897,16.0284185102781,2.07413942858726,3.94595604214053
5.12137044239717,5.27614883576625,1.77641644094978,4.90303486398289,5.18981215779571,1.68159359409678,4.80430144605122,4.90617937376309,1.72109109670797,4.96077042329135,4.47364764050898,1.70105607102571,4.75554497051249,4.41328488205217,2.16145680726927,4.61484870570276,3.97337762334054,2.0508782803201,4.78217967900153,3.94233764525405,2.08816072062544,7.68520287681692,4.17804698449589,2.98751459612481,8.08182494392833,4.17034892930426,2.89527982858151,8.46621399175739,4.16153549461895,2.78453299619439,8.35486602421176,3.98810555538994,2.19543850308489,8.24287207061274,3.52939027960586,2.65806137587392,8.07802467893624,3.1099780027094,2.56503641187758,8.42503641330483,3.05973005593768,2.62527399785888,2.6163413675063,4.78664192179459,2.25123945781747,5.57875676544567,3.73582906865161,2.18473006053229,6.41288684653754,3.50922288615706,2.29033915962096,7.2525262775484,3.30583937050982,2.42454912823065,9.72823651728477,2.90640438520836,2.79232565623443,11.5566140219398,2.6597474618717,3.14676489327812,12.7394854610096,2.48198720526196,3.37220896264132,13.90327837295,2.34420322204001,3.52902181049167,15.0666598363101,2.21958990477813,3.75542282059757,16.0184274819813,2.07753652877148,3.93704698470258
5.01409601510957,5.3102436676295,1.74936617701378,4.83895351130572,5.20502328014731,1.68135811050812,4.76171220202613,4.92004099785712,1.72655771540821,4.93946178521744,4.48390137691512,1.69504696106104,4.73975549397057,4.41881804098902,2.19977726414965,4.60691457009847,3.96679810069136,2.04940115276698,4.77260203291902,3.93538558476622,2.09410712018443,7.68585795920898,4.18320612991502,2.98345331960417,8.07710163842142,4.17504314632269,2.89272431193906,8.4598784226031,4.17182178099218,2.80183294637512,8.35048674640326,3.98484803196269,2.20401881563118,8.24346823164663,3.52994646535893,2.6611582160012,8.07625292741854,3.11458912415585,2.56839032928083,8.42132176396625,3.06121511352473,2.62918410913819,2.60042467440058,4.77569650024088,2.25360629809873,5.57147109200532,3.74099890970489,2.17980421324675,6.40723621981529,3.5117234949299,2.29040025326539,7.25111523669374,3.3066186410636,2.42634223667829,9.53731816258573,2.91991319989412,2.78291661976787,11.5511013016592,2.65524837750205,3.14532171995417,12.6501102684498,2.49861431164738,3.33403192088407,13.9088332585166,2.34539335909951,3.52904227718685,14.9431754952094,2.23457325074418,3.7085624238925,16.0106718210224,2.08136878669805,3.92986571692128
4.95328757460443,5.32819591799675,1.74120951020099,4.77131141392631,5.19739222487006,1.6793614820584,4.73496909877095,4.88860971958384,1.70123874546075,4.93625484923634,4.47331230829942,1.66950333441707,4.7350924107192,4.40662725787328,2.19449906314849,4.57257227740887,3.97935959860021,2.0620218803777,4.74682610949541,3.94530406111427,2.09003425181154,7.68323335179909,4.17709394827376,2.98450593575576,8.0757044464367,4.17162362830161,2.89651502427376,8.46295533188225,4.16276552177204,2.78875934710651,8.34360496600419,3.99751659356636,2.20590482485058,8.23587228792983,3.53275590852055,2.6639492538517,8.06871624359214,3.1179924658573,2.57677219423536,8.41014580684266,3.0603189205478,2.63213396112797,2.58914247145832,4.76209500196469,2.25842434123015,5.55802901772001,3.75285926989643,2.17738448275829,6.40058311585005,3.51906455114434,2.28989023916644,7.2420735568997,3.31150232435966,2.42331387920097,9.53005428323388,2.92070910261926,2.78937155158828,11.5733072738191,2.65334050438646,3.15422772453603,12.8018368227894,2.48737570102547,3.33886981977822,13.9119715771045,2.34483253363625,3.5287028367936,15.0559705451609,2.22524098694327,3.74477277706428,16.0055664432259,2.08389393208015,3.9279971673303
4.83455189784495,5.39059657754805,1.76752760321658,4.67777989512521,5.21187056158218,1.64566425811801,4.68560060799295,4.89646206243981,1.68480666340841,4.92069805392202,4.47069935420229,1.66543437823617,4.72795005741256,4.4057079574288,2.19365060170843,4.552015841156,3.98057418224489,2.06252262068831,4.71898035662652,3.95670421757221,2.09606952322762,7.67979707683199,4.17486469562376,2.98675011780422,8.07290757026753,4.17138854013104,2.8986654105735,8.45801699658597,4.17261398715754,2.79999526214316,8.34055777293955,4.00469649022331,2.19911995015608,8.23065374228359,3.54434457002399,2.66005366704363,8.06080183655042,3.12673389189597,2.57648344528087,8.40284079702608,3.06326881336377,2.63179039868834,2.57292750239879,4.74973923669572,2.25976153360668,5.53877964992755,3.75842233410353,2.17326032022116,6.38687644449285,3.52876586819579,2.28736129090296,7.23185265919065,3.32140995445872,2.41451293276692,9.51509427467389,2.92065218305047,2.78928687426522,11.5575648815155,2.65900672317576,3.15480481520747,12.8072666813227,2.48480473695664,3.33962530345503,13.8988879479541,2.34850371958259,3.52954562071131,15.0349623479512,2.22653173180402,3.74470258680858,15.9906800485883,2.08957831476875,3.919836856712
4.74715261279598,5.39811526637653,1.76025575593241,4.39360519929188,5.28566428130008,1.61956631487528,4.60827778362713,4.90473243105537,1.69529368750176,4.89966134475033,4.47119059852871,1.67639782940353,4.72401974144587,4.41021240095479,2.17771247109228,4.5426335258373,3.9731296407497,2.06934846937208,4.71536101885615,3.94740418053942,2.09774671202474,7.68104875707185,4.17833299558474,2.98693259316739,8.08506745935165,4.18767780752687,2.88881136816888,8.45523092919914,4.16386460841846,2.78861979602457,8.33694398162292,3.98990811143641,2.19395846738852,8.21838496647928,3.5507667184454,2.66375903849179,8.04714639873817,3.13035066420624,2.57506712091108,8.38950382228747,3.06820712567599,2.63303028859574,2.55652001768794,4.73561773889112,2.25841409232449,5.54259369135553,3.75271041024029,2.17398583301476,6.39768565105508,3.54553273856543,2.27766796869782,7.22721316771358,3.3263736989178,2.41407453567577,9.58239928438835,2.90487321711973,2.80643600612122,11.2696917892121,2.69904277196633,3.14006706301658,12.582109048962,2.49675093767657,3.34150264441351,13.8385224991085,2.35588673769275,3.51468122717338,15.0365009219931,2.22834222608432,3.7515520809435,15.9788049470684,2.09309704085004,3.91363674056938
4.6339098910024,5.41211121015419,1.73061039962905,4.49534003974595,5.21559923009265,1.6311152135177,4.53769637992755,4.93514447710521,1.71079614451666,4.87791107739632,4.49626753007282,1.66507897912594,4.71742550589201,4.40977370939418,2.17348984857559,4.53999501494416,3.96989373424942,2.0690928045165,4.72157036572,3.93554393873604,2.08602378073385,7.67897642625148,4.17876320724252,2.98683168426362,8.08481960975318,4.18932750711676,2.88886157012524,8.45370272124586,4.16595676732565,2.79058527941161,8.33173044365601,3.98990767167969,2.18998261460632,8.21246517574007,3.55795415022181,2.66598402219213,8.0341800010199,3.13249043898344,2.57705547347162,8.38125655700204,3.06880658030983,2.63517099853862,2.5386270980663,4.72638264706208,2.26139882441882,5.53608644219584,3.75381031827447,2.1739132787957,6.39571318194908,3.55191172693121,2.2765216658041,7.22409791555011,3.33086946060636,2.41178177993168,9.51547767989452,2.92284790592645,2.79659905911973,11.27879744952,2.69855211303957,3.13810065282313,12.5662456185331,2.50202020019055,3.3431845674614,13.8236168490369,2.36059022726092,3.5152304983069,15.0258434001969,2.23209449769227,3.74802281912785,15.9630267423592,2.09951789266515,3.91156299718867
4.52394150961315,5.42961249838315,1.70600443573947,4.4321080937079,5.18686282408361,1.65640489217073,4.50619166637504,4.91299854632872,1.71334456644245,4.86639530623217,4.5079194168535,1.65842853913611,4.71256285824869,4.40651973607033,2.17770744624478,4.54258017674068,3.95716252877759,2.06241423639633,4.72443953136854,3.92662131153268,2.08753282401675,7.68181393488112,4.1798768108734,2.99128948206129,8.08532839544767,4.18921473679467,2.88900989017757,8.45362033675554,4.16589766390642,2.78564811086748,8.3230040045043,3.98413101780464,2.18363468725398,8.21085147141796,3.56026031834605,2.66357876093365,8.02970873603164,3.13444797944861,2.57840478463367,8.37663507474865,3.07930953134338,2.63187428146869,2.52025569088156,4.71127494214471,2.26507834560588,5.53647106027724,3.75373968189318,2.17506934433006,6.39971342141631,3.55424647940125,2.27407315702622,7.21872738092415,3.31304707070951,2.42316523161398,9.57564125351706,2.89978945190135,2.81270056026534,11.2883805619759,2.69594172122954,3.05659308704572,12.5689620036399,2.50037823490104,3.34283101061057,13.8306899998843,2.35982287063665,3.5172412215649,15.0170575401258,2.23363749238593,3.74704430809063,15.9489073552506,2.10398812764735,3.90631330690986
4.46644531968151,5.4308686087513,1.72293945188565,4.34620430587051,5.20695179573348,1.62504457422342,4.42483033442331,4.9385219349504,1.72650607890014,4.83245737004695,4.51972544781838,1.66414402189648,4.67296841307904,4.41805747311585,2.17992801277239,4.52234959261423,3.96111652966378,2.05938130371777,4.70505010433569,3.93332822456181,2.09078941622181,7.68531105888489,4.17618251407502,2.99436628724582,8.08602590733546,4.18636283774483,2.89368830971469,8.45357815538942,4.16414619425513,2.78954051547785,8.31741777471236,3.98697018266853,2.17720813490454,8.19741826558575,3.56472059779678,2.65826408448107,8.01097523006988,3.14401982730954,2.57032117478736,8.35520395865272,3.08591974679009,2.63073309603524,2.50403414218207,4.6946287141794,2.2697640585573,5.50559690010969,3.76505909578157,2.17828136112016,6.37322985857637,3.56486885844237,2.26178832682909,7.20223004140136,3.32090662512975,2.41589070085929,9.56352344086929,2.89709789886099,2.81354491235055,11.1647390137063,2.7101244136794,3.13649537690077,12.5628979897685,2.50116193591817,3.34317970885374,13.8250698671949,2.36230887467617,3.51815927235198,14.8356375858909,2.25214845062874,3.67234173185606,15.9378419890227,2.10752736533294,3.90381326473805
4.25789224565403,5.43848287980482,1.62504364620421,4.27895795071565,5.16380202505538,1.65607807461714,4.38705091171009,4.90645705483634,1.73286354891889,4.8085263662295,4.52889452794127,1.6624441241479,4.6518130974368,4.40676383379954,2.17548968432386,4.50230557464122,3.95779350511657,2.06081309907904,4.68613733066345,3.93203745923711,2.0892520175944,7.68387811579469,4.17559238261609,2.99558685278962,8.07377977342831,4.17508077406882,2.90387653275845,8.4545069335823,4.16290773840938,2.78484784521127,8.3149297976109,3.99920103357784,2.17893856767992,8.17852103676276,3.57185379087698,2.65299124224821,7.98822837838996,3.14749103818473,2.57170938153274,8.33052798994112,3.09222566426706,2.6331898263811,2.4878156157692,4.68147512640212,2.27917720098811,5.48242907601905,3.76767569742452,2.1830922608289,6.3511491592318,3.57856496955115,2.25287799594626,7.19192982519729,3.32354116758857,2.40204967273242,9.54795224987096,2.89674458368965,2.8137569643155,11.1200141847355,2.71330448268995,3.12533060365228,12.7078709021079,2.50209173078819,3.33823046308137,13.8368992048848,2.36026487514318,3.5213921993181,14.8497879801876,2.2505409369375,3.67771423738793,15.927011023145,2.10868253491197,3.89942013221409
4.19606328930816,5.4354295687646,1.63847993456692,4.21643736887129,5.14907707401507,1.66360453348694,4.35037347980885,4.91496360877321,1.73565679208277,4.7671927772681,4.54640132669273,1.65328847321604,4.63902671651373,4.40604681285819,2.17491253967498,4.49019193382827,3.95262125636418,2.07083117649239,4.67256726077044,3.92455362458698,2.09264764133436,7.6868730042037,4.17694650344962,2.99799296209992,8.07426412648088,4.17258117652785,2.90590336359014,8.45157592504236,4.16416725147868,2.7905510501162,8.30600958309966,3.99974920967201,2.18504303374524,8.17437323855215,3.57040167791105,2.65403911629093,7.98362660684306,3.14950825102734,2.57363204198741,8.31797946936868,3.09172269104472,2.63362357116131,2.47479131030839,4.66958040218928,2.28810662096705,5.47662455622019,3.77259639615754,2.17704432059186,6.35908397548933,3.57826639986906,2.2500697640799,7.19161366741859,3.32908678204953,2.40639578453898,9.43810876180556,2.92914655398739,2.7935028033029,11.2005428576716,2.70987329038809,3.11965155250514,12.726218537391,2.49751239781628,3.34082160962591,13.826239186086,2.36160560734359,3.52249042101397,14.8397560180496,2.25641059116606,3.68190979570799,15.9164416734575,2.10994870015603,3.89576920873576
4.17699754311019,5.39700948765625,1.67133976706599,4.16892463470235,5.13568919078297,1.69208496420888,4.3151905357833,4.89722918528379,1.73746710694289,4.74112212626279,4.56423073409462,1.6282897912286,4.61275927445853,4.40298654309013,2.17139089148468,4.46550694646186,3.95439954980771,2.08403554840093,4.65083203918645,3.92680586614111,2.10320573806861,7.68699266696563,4.17546538485824,2.99797649575508,8.07262938872035,4.16836352383772,2.90818115880466,8.45183570191621,4.16560911945157,2.78224015830466,8.29675343471253,4.00092595456754,2.16580955743642,8.1656255107874,3.5716356398884,2.65713764267522,7.96792574352411,3.15681139558423,2.57268800243815,8.30970861879245,3.09380272388618,2.63509866248706,2.46281516055185,4.66086439105574,2.29332177631829,5.46779749289487,3.77694699947423,2.17001343786086,6.35216955964364,3.58188002853451,2.24627659628975,7.18201217255259,3.33949777128858,2.40115364181903,9.43462436939878,2.92808881875009,2.79505226353656,11.2023842020934,2.70882044533676,3.12160379586084,12.7293162784393,2.49764960805459,3.34122930136041,13.8224355396302,2.36033880609349,3.52402639377706,14.823926277634,2.25960906219106,3.68247003502862,15.904062361615,2.11018966093708,3.89162502549296
4.12510347983539,5.37685007812497,1.68572005264667,4.10970178969335,5.10040985653028,1.70046547358688,4.26748130261051,4.88657706425385,1.73051838940743,4.69654312343584,4.57261715550502,1.62253883157424,4.58599648228199,4.40493096931878,2.16112408120695,4.45407044986264,3.95635284163172,2.08038569591714,4.63526970356687,3.92957332147318,2.09772588460458,7.68559901231384,4.17619149788082,2.99799581174211,8.07260006227292,4.16355636090174,2.90590041262819,8.45221508231083,4.16624578864289,2.78359587111368,8.29809157219686,4.01074529470561,2.17296261301153,8.1581376194867,3.57595085959953,2.65428088144188,7.96095878248346,3.15951549999203,2.57141022880892,8.30019458831024,3.09537617295462,2.63220522035765,2.44455826725381,4.64329840947909,2.30904086368722,5.46018047658344,3.78167960077785,2.1646391028724,6.33851098094208,3.58987096474262,2.24280046396801,7.17074911121896,3.34913938511488,2.39061068132349,9.37156615276476,2.94744568435879,2.79861773144619,11.2019318987708,2.71016867694675,3.12329692726605,12.2328340834024,2.5557478119936,3.33029649912909,13.7962780245639,2.36676715644272,3.5178247351386,14.8044084769271,2.25929747312835,3.66969359428795,15.8926192949651,2.10676785990445,3.88706675053877
4.07332682561579,5.36239696235392,1.69898368758835,4.05834766964841,5.09222571882544,1.69910020884274,4.22455909034917,4.8974515919165,1.74418375140496,4.67059156269657,4.58245292246054,1.61875824392505,4.57290827703492,4.4098481551026,2.15642939686431,4.43909053065424,3.95632888174837,2.07417073418505,4.62062785672841,3.93329714614173,2.09299076952099,7.68372106533278,4.17429693541589,2.99995772375574,8.0849705365616,4.1721102124651,2.89893324390138,8.45056833315032,4.16299845181922,2.78017653105058,8.29379925602687,4.01158400298538,2.16312401515575,8.14414540636557,3.59259763316889,2.6435002934841,7.94636378723922,3.16512699254782,2.5680191934119,8.28928339147505,3.09959252543919,2.62668615027313,2.42655224161973,4.63344977082315,2.32018381394411,5.44600722164717,3.78730379832965,2.16252512359248,6.31944162356591,3.59370323626744,2.23919604674513,7.15642680666241,3.35013888034749,2.38694609670402,9.39971271750741,2.93397181443578,2.80715330096964,11.2062771854545,2.70906642248119,3.12253481125637,12.2428152847133,2.55257984120386,3.33543293944352,13.7683678047371,2.37330560441955,3.52089221966318,14.7828284761292,2.26435119364249,3.66794935977091,15.8835700359958,2.10711537041066,3.88592950609369
4.01637954558808,5.35280427889318,1.72341321639821,3.98270307674202,5.09795447234528,1.71493674934839,4.16769655984706,4.91640263167951,1.73614667575581,4.65343616194432,4.61210579501445,1.62527846073584,4.56847924798282,4.41651254761202,2.1545459281242,4.43387834797054,3.9573090853234,2.07229924507777,4.61034030657128,3.92521955483287,2.09798788679487,7.68169264218423,4.17409207642783,3.00129771710755,8.08187803706894,4.1735822754554,2.90101812060182,8.44682225900366,4.1646263824854,2.78215217684021,8.28928149623938,4.03089625961676,2.15992435577917,8.13296632960606,3.60002557044054,2.64215502236998,7.93911287263939,3.17312652045506,2.56826784111416,8.28202245105374,3.10367732329052,2.62952135525757,2.41482071601744,4.62757871340561,2.321863693582,5.43440301074886,3.78754169812606,2.16050676099634,6.30421701449206,3.60347265849874,2.23977406687441,7.15735002201522,3.36629082891707,2.3781293728364,9.38945652783868,2.93843882402208,2.7941685365936,11.2387291660028,2.70377771571367,3.12024504877514,12.2749414967273,2.54926479983299,3.33575635530166,13.7745785402443,2.37311995054109,3.52152178280902,14.770865369776,2.26761716992379,3.66736037546892,15.8738463123755,2.10638829369673,3.88313174643521
3.91308328060218,5.34682021749155,1.76903787955966,3.93033873716875,5.09543056417261,1.74272487455645,4.11221185398328,4.92738718316101,1.73644230409737,4.60866843235358,4.63075787844421,1.61788252437673,4.54992779542737,4.42193931368887,2.15037581893593,4.42877973750985,3.95261089168299,2.06875704390143,4.61008843887549,3.92586756960522,2.09973815823398,7.68288380789059,4.17599360015791,3.00145546442569,8.08267058940555,4.17068887996871,2.89958057562977,8.44680052581837,4.1626956416816,2.78133393681052,8.28314974002214,4.02810802547336,2.156956359403,8.12084609621266,3.59765315028041,2.63131176287824,7.92325909749867,3.1809119177792,2.56498743180028,8.26747703298919,3.11010491544493,2.62498743197433,2.39969128789139,4.61517000398853,2.32863760663897,5.41652204606877,3.79493527460553,2.16031572132737,6.29745332466565,3.60812930142717,2.24180423980206,7.14305640523711,3.37470057894594,2.37389039645221,9.366087474491,2.94976870016863,2.80070198288262,11.2366942598092,2.70428955067486,3.11706750569444,12.2850748866682,2.54365709301505,3.33536542236982,13.7484988616757,2.37945498089362,3.52050941823829,14.7753630901726,2.26788920396917,3.66915745605979,15.859961876069,2.10915564455782,3.88194041436085
3.84163330728066,5.33994077226404,1.78895448429358,3.88389950276948,5.09907845373643,1.74855700307414,4.07686010646564,4.92003429940163,1.76282036169057,4.56734894836476,4.65067895777406,1.63732870231002,4.53297360923863,4.42327982778193,2.17530458790985,4.41257228326133,3.95216760727695,2.07023943511959,4.59640280726703,3.93825564259258,2.09758392148083,7.67981879365059,4.17593258612019,3.00018227273384,8.08107698193788,4.16600128536951,2.90138444123445,8.44785649117417,4.15981358981346,2.78307699553592,8.27856851026548,4.01464465757467,2.16893193464602,8.10764208857279,3.59192752984117,2.63806920214067,7.91434753726294,3.18422443999844,2.56432446475573,8.26027287340384,3.11004385810696,2.62735700187854,2.38374628281297,4.60856418146534,2.337009968006,5.40036725365518,3.79612933205349,2.15948144537374,6.27984166202989,3.62167736937403,2.23523765675719,7.12884580326974,3.38759817303298,2.3672358760795,9.36447472382333,2.94782028344228,2.80188868849109,11.3370722136388,2.68154383842086,3.12503437260075,12.2210905353023,2.55056582390118,3.31811911955447,13.7316334722379,2.37801089901912,3.52046543687373,14.7482705926756,2.26890187186717,3.67074676802041,15.8475051351925,2.11202049921122,3.87675187397969
3.7851271539858,5.29285217303808,1.80422543519308,3.85073200006501,5.07206990596296,1.76334689155914,4.04174841805752,4.93782036411385,1.77447252897068,4.5305961129362,4.67677494541261,1.64943945085595,4.5196544809676,4.43373197602362,2.17988913176152,4.40231364258655,3.95319469791646,2.07319437054902,4.5803043035695,3.94166723753534,2.09769563689142,7.68125096370171,4.17907713422827,3.00177103798534,8.07956086536018,4.16753087266639,2.9063034631106,8.44742319315601,4.1557074580227,2.78094220037554,8.27047983507019,4.01113329490038,2.17319842586579,8.08228051568901,3.60273882230101,2.63296131407562,7.88714500929057,3.19318541732086,2.55940771654234,8.22204243437568,3.11996520085786,2.62528047782229,2.36744320932804,4.59635714715778,2.34905128958155,5.38636468491806,3.80153117583821,2.15369235505034,6.26040255913219,3.62519859219697,2.23652040672255,7.10412016290074,3.39628553775487,2.3574446174287,9.3820316687718,2.94283167576102,2.805972566881,11.3412120299193,2.6825389831115,3.12758015088864,12.3258763917394,2.53812234185762,3.34050022659084,13.7507090583808,2.36925408076855,3.52495145753536,14.7452506317075,2.27193187640929,3.67050932327335,15.8358092529694,2.11448500825445,3.87451973544877
3.68672772482904,5.3109035380746,1.82443082572908,3.80116324263722,5.07388511267189,1.78609266969412,4.00946959935575,4.94644272618117,1.8018149955558,4.49996408387903,4.69207877047208,1.65610569944682,4.49991166351439,4.43956175365942,2.19075320776727,4.38747141592071,3.94715436047122,2.07804296781835,4.56667491672241,3.94020319012205,2.10195399580069,7.67942412274984,4.17947596993413,3.00072445510801,8.08000022115915,4.16521336058546,2.906065381475,8.44762025421061,4.15521602884621,2.77991317969003,8.26805031456917,4.01856752676691,2.17670696699447,8.07216087645857,3.61263816820743,2.62653507523576,7.87772902604934,3.19496096721479,2.55497326333359,8.20374419889884,3.12694171420038,2.62260457862079,2.35392431527534,4.59001868710956,2.36050934401325,5.36878753041221,3.80860646726825,2.1549767437732,6.24446342654357,3.63746764671468,2.23067522365337,7.08756122247899,3.41383534005238,2.36575006776612,9.33492694052807,2.95724626392905,2.79446540411111,11.3384077312846,2.68333288102086,3.12627295776259,12.6466622000555,2.5090547749674,3.33216622927973,13.7288951008498,2.37530240028512,3.52838776855796,14.7416873564861,2.27065262590049,3.67144738462112,15.8274631579382,2.11718065679283,3.87065648785283
3.60775552622474,5.31560727213234,1.85565177327773,3.74545675031364,5.07429402440759,1.80429843846543,3.96743668610229,4.95928662331292,1.80901906022901,4.45391814698999,4.72724454799254,1.67218863779691,4.48921023738141,4.45535872040635,2.17847078070806,4.38128315540808,3.93460174975977,2.0843636658626,4.5654274819863,3.93690966188807,2.10276592792298,7.68317159088012,4.18537259465526,2.99555512066348,8.07830906964284,4.16568138156921,2.90736906667822,8.44470568275947,4.15749673367731,2.78000925130554,8.26282316948738,4.0224245689688,2.19060596207954,8.06847452021616,3.62114709640907,2.62509723235052,7.87335195047341,3.20362217950664,2.55118567921085,8.19859999570737,3.13458579435852,2.61906578713243,2.34143886387625,4.58379160174895,2.37095945518253,5.37460498554721,3.80883931818766,2.15241501628908,6.25695876963153,3.63944132343854,2.2349386377258,7.08922489405049,3.42075427607881,2.36164920806144,9.36767772623216,2.94673803088067,2.79847996679964,11.0549116072099,2.71959053852918,3.11497409044202,12.4373105348278,2.5152595797717,3.34153742417498,13.6907382721269,2.38323351311901,3.53047218340438,14.7126485656705,2.26938468816356,3.66939333073402,15.8162915388941,2.12011290996692,3.86826982664612
3.5440445474636,5.27962632893888,1.85838222491225,3.70824295280311,5.06761410081441,1.81990126194296,3.93758015428523,4.95703668678916,1.81740838942458,4.44256791594331,4.7486944879665,1.67117716518599,4.46455452270826,4.44750917356183,2.1925392675686,4.37034917100051,3.94191650477076,2.09975330091388,4.55188000631853,3.94120793758638,2.11280462093965,7.68215066079056,4.18616356967523,2.99411386288988,8.08073293000401,4.16584477835811,2.90670508581473,8.44520965482011,4.16079843542243,2.78164947384158,8.26708687460605,4.02186447633326,2.19373873846382,8.06390352530719,3.62478680035444,2.6211549252135,7.86290678974421,3.21097785485534,2.54713070298589,8.18604915683467,3.13789074876742,2.61587281825115,2.32994143516795,4.58002873698173,2.37436792831887,5.36755284274307,3.80937252656508,2.15712716835239,6.24384356647649,3.63724886167758,2.24012959700623,7.0828272400642,3.42936704497007,2.36025280043578,9.31061162631805,2.95920332721763,2.78652888241148,11.3481991090539,2.68488999951813,3.12807701137871,12.3663019112844,2.52847418672745,3.31906915973148,13.6884994390513,2.3812872744064,3.52341410476539,14.6914448518757,2.27196149180688,3.66339691611787,15.8060361338107,2.12035355894687,3.86949158323248
3.48829213088,5.26015425823824,1.86475320752586,3.66794044991402,5.05640049990743,1.828460004205,3.89599135196516,4.96701611762466,1.83185791805484,4.400753183335,4.78740343656852,1.67652308482068,4.44686681287103,4.47357878744575,2.18242597733245,4.35444179858807,3.94679183774386,2.09585047113179,4.53913845219494,3.945559273164,2.11307405507422,7.68310538197776,4.18920583830865,2.99293840941922,8.07828348795562,4.16807017904541,2.90339406688105,8.44674894952836,4.15859934155733,2.77761969566421,8.26118372846567,4.0160813171476,2.18444506375107,8.05288715433238,3.63330867660343,2.61850759507803,7.84552099068445,3.2151101481701,2.5398841627101,8.16679212135719,3.14005020142578,2.61415603333927,2.31703873245572,4.58056943807084,2.38219219420303,5.35598463125007,3.81597852577192,2.15529759050535,6.22620213644995,3.64840827224399,2.23468549497125,7.0548938548281,3.43659493203463,2.3552183175119,9.29851480947965,2.95991390651296,2.78982858009699,11.3430336600258,2.6874847258635,3.12574637951316,12.3723997946409,2.5285943108002,3.31948908228239,13.6700841580226,2.38647250831043,3.5251839651203,14.7149966858919,2.27612474932156,3.68714194716964,15.7933817950606,2.12253878187065,3.86693646137139
3.43295545463552,5.23044277279651,1.88079046349373,3.64767503658972,5.05775369999156,1.83059935946136,3.8632522168459,4.96580362128614,1.84346532905998,4.37911151303236,4.78905734259068,1.67914347792487,4.41562516160213,4.46295901291116,2.19540998595739,4.34072057700849,3.9489216659411,2.0968762113934,4.52385652245804,3.94780514154901,2.11102308097095,7.6819404080705,4.17890455631619,2.99664046583396,8.07630289738516,4.16642161640706,2.90906736805502,8.44592452424648,4.16125523859648,2.77647516299983,8.2659237132635,4.05392517743843,2.18002731123285,8.04208008459557,3.64262370276491,2.6232603592631,7.83139824705799,3.22243857774589,2.53769150063281,8.15436934945038,3.14776474939285,2.60896595123167,2.30427903423175,4.58156068433845,2.39045767776035,5.3477070838344,3.81973018767056,2.15543720368124,6.22722977357507,3.64953885442961,2.23495425808343,7.05100691116756,3.43468707549572,2.35766226641839,9.29591888983028,2.95368884849727,2.78936476016378,11.1098521146773,2.72272701433462,3.1217688584512,12.3663501116463,2.52923369330617,3.32114352409811,13.6630302732242,2.38707595343723,3.52595563686543,14.7082440989293,2.27792369445154,3.68965570270218,15.7810961548219,2.12539910183602,3.86383764719901
3.38153438952606,5.22107673010889,1.87799373350054,3.586050788798,5.05484302885061,1.8528367721047,3.82374278217867,4.96840566184155,1.86847745956294,4.34811568536614,4.79291237531822,1.66965838039359,4.39609628788651,4.48513371751452,2.19032064270317,4.3258764066319,3.95529755268534,2.09110458891626,4.50745587370981,3.95297767167964,2.10698022942433,7.68229840143422,4.17858205223042,2.99709979321429,8.07055516479364,4.16649104732711,2.90790949068953,8.44493341040984,4.16371103390286,2.77545944006186,8.27149604337841,4.06377720377599,2.17348604920281,8.03452497816549,3.65028951788961,2.61109869178436,7.82030661063424,3.23695782947934,2.52937853639268,8.14073120237765,3.15674738119124,2.60198119101396,2.29826612022867,4.58107367105048,2.40103756542188,5.33613970104911,3.82479445355282,2.15557120840936,6.22159045795501,3.65600248446257,2.233168671121,7.0441182311311,3.44432288253049,2.35349227965858,9.28555288093515,2.95828219332467,2.78246295249958,11.2595468523021,2.70139864906799,3.12960313620636,12.3658899766563,2.53629335660117,3.32216206065057,13.6379189249259,2.3897159583426,3.52681192978398,14.7179046380317,2.27678242373325,3.69693230112949,15.7678405211308,2.12892790610016,3.86440881869952
3.32914680231936,5.20589892614274,1.90546002524779,3.55870325016078,5.05597879170377,1.86554050591897,3.79470078839631,4.97452351564769,1.87757282988431,4.32304728152518,4.80061925451002,1.67806494299379,4.37754317141626,4.47433982146313,2.19678553528137,4.31598499048282,3.95802388090723,2.09493254086735,4.48899372620103,3.96094963212392,2.11264794736834,7.68045466081104,4.16978215279654,3.00048634415134,8.07306130608609,4.16066366518319,2.91163791304097,8.44365743243899,4.1638569974318,2.77519488346385,8.2753946994064,4.07474449954127,2.17375216188763,8.03060795318855,3.65698492067374,2.61398142632043,7.81071524754171,3.24694506929451,2.53472500651208,8.12973014252002,3.16232621355841,2.59656359388756,2.28609048981093,4.5832874483055,2.40932950644206,5.31426803224159,3.84200493417157,2.13995660823751,6.19970257912172,3.66493725515174,2.23077076917533,7.02353481403347,3.45122867640296,2.34566275662985,9.28835577963935,2.95555018654626,2.78293262432701,11.3075249166184,2.69545530280744,3.11333728694743,12.3602996859777,2.53445437185143,3.31759034439063,13.6243286481554,2.39318959985702,3.52746669328604,14.6479233316402,2.28326534944091,3.67057048848083,15.7529695135738,2.13334831710034,3.86559958189156
3.27952892205482,5.19608753300854,1.92215933893236,3.5282768868541,5.0484359377764,1.87471216322513,3.7762939222574,4.98368771381293,1.87155674396679,4.28467216418344,4.81770254056037,1.70490758436067,4.37193665625861,4.49099250240367,2.19239074540151,4.31503219113313,3.96261036110132,2.09961437242899,4.49368540882745,3.96175657094045,2.11417586856488,7.67919227522287,4.16803741689944,3.00194185690792,8.07125790257043,4.1608286537395,2.91434807678489,8.44330099906555,4.16343184846728,2.77214942856669,8.27313251723634,4.07927117943462,2.17668404466596,8.01909538332792,3.66467545056036,2.61367922491197,7.80089132521189,3.2536288133476,2.53270614686964,8.12819897648795,3.16365174357174,2.59757347412575,2.27321637603902,4.58414608780575,2.41704270360941,5.31165935711328,3.84557451395895,2.14920550731601,6.19509926472836,3.68131547902639,2.2192078065483,7.01730329796382,3.45899633198266,2.34389697524063,9.26753708805282,2.96961507450258,2.77463122257186,11.3138028482218,2.6979955399195,3.11698657998592,12.3627762408782,2.53400192891741,3.3193992814702,13.6171681838397,2.3952777811657,3.52833851333972,14.6969661245634,2.28360134358322,3.699196294597,15.7424251798007,2.13571598268717,3.86755453527712
3.24459704079947,5.19139377232642,1.93631967545796,3.50184435973039,5.04995067868687,1.89171665001444,3.75257292551035,4.98914327871082,1.88675736309848,4.26244525884568,4.82315680995682,1.7201363644899,4.35349615164428,4.48696141549699,2.1942369213134,4.30948036471364,3.95918271085195,2.09982920264599,4.48714174972481,3.95902006109897,2.1194256669154,7.67708974752314,4.16750865571367,3.0021944916695,8.07320409038303,4.15990170229703,2.915899250001,8.4447107905711,4.16200388737626,2.77118217831607,8.27581111090646,4.08088759548416,2.17902285226052,8.01236216151694,3.6705738773252,2.61020658709525,7.78894383079371,3.25713125428542,2.52739826146678,8.11394603596125,3.16782905699942,2.59365394085645,2.2590768463052,4.58429080831686,2.42699284457616,5.30295753595001,3.84227092354475,2.14660606803141,6.19350867376289,3.67952530677859,2.22109103248716,7.01179523003502,3.45904350636267,2.34024088360611,9.26337292424545,2.9563797124201,2.78021013790883,11.2991774285621,2.69826055591017,3.11570265826503,12.3513953783648,2.5385646450796,3.31453611195747,13.5869968365597,2.4007867102221,3.52332195047584,14.6566548893768,2.28648496849319,3.67985324377608,15.7303576253973,2.14099281157728,3.86755832052724
3.20164854498251,5.18309590530877,1.95404926607469,3.46974302510523,5.06044533997694,1.89785411685387,3.71435939757267,4.99873240770368,1.89499255457909,4.24939203912487,4.82927692969127,1.72989593471582,4.33147005695553,4.48533944268041,2.19167677357894,4.28681403703827,3.96001054491067,2.10203458555685,4.46358052361243,3.96103134602247,2.1220570128262,7.67768458848714,4.16778421316472,3.00190371915988,8.07427451136946,4.15990501853752,2.91673484864645,8.4443024784519,4.16125571774829,2.77515187367427,8.27718863009485,4.07680740825478,2.18615008386125,7.99786065557654,3.66928163929877,2.60859233676802,7.77468182655483,3.26000041469674,2.52568926757223,8.09588216543946,3.17004903958462,2.59041234097423,2.25316723896105,4.59087405724247,2.43683078123305,5.28929497909073,3.84927160216806,2.15004163724535,6.17978261017742,3.6883849662379,2.22058851446522,6.99904433188018,3.46381569610539,2.33570937088878,9.20763512394988,2.97162923743105,2.7711703389635,11.2244920238112,2.70639539293386,3.11393599775106,12.3390348305115,2.53969085940185,3.31258742994099,13.5865943986492,2.40083143155752,3.52738563347929,14.6794914073449,2.29185452765791,3.703994367609,15.719469849113,2.14432414246079,3.87058849291913
3.17000134569575,5.18499744594548,1.97809074752178,3.43946573557201,5.06444216982605,1.92707359908103,3.68244917005952,5.01409661999704,1.90727448652146,4.22990294650617,4.83863132508238,1.73429889268076,4.32282199105092,4.49016812699999,2.19868419472065,4.27947092292818,3.96250276551307,2.10493069981597,4.45837439449787,3.96224869674346,2.12444287481888,7.67940345864082,4.16752871167661,3.0049470615259,8.07384840151034,4.16033723105862,2.91879196794879,8.44429455592074,4.16364241623695,2.7758860831953,8.27389891950356,4.07829000942625,2.19647955168124,7.99000055675469,3.67435039612199,2.6087709897402,7.7598179766912,3.2646514151062,2.52121092210157,8.0852915524359,3.17663611823461,2.58688319173089,2.24014172744466,4.5901223589852,2.44736525191455,5.28560404955615,3.85103351645359,2.15352971355095,6.17295682874223,3.69175844684484,2.21853974178502,6.98988137388164,3.4661678515119,2.32950488173003,9.23316096796083,2.96750720960665,2.76968654297229,10.9512528307327,2.74823538971029,3.10483006918431,12.2657801481278,2.55244264039401,3.28827012844046,13.5559252460584,2.40365131384792,3.51353752101553,14.6868326414603,2.29143416698641,3.71005091863349,15.7088970291784,2.14767245063669,3.87228828508226
3.15109080659851,5.16822910545376,1.99730100839081,3.41051322249266,5.07097278417913,1.93804761552288,3.66553144525962,5.02306894033639,1.92376020644371,4.20491847086787,4.84995434893251,1.72793869720797,4.29807673383891,4.49266109462,2.19297772788771,4.25889328678634,3.96894556237369,2.10262651845187,4.43265976313285,3.96563940182621,2.12358686420048,7.67902456571033,4.1711379161052,3.00313855531668,8.0732818713115,4.16133222688105,2.91830222825763,8.44418263225235,4.16387418030031,2.77123692605121,8.26181404570815,4.06265452812446,2.19821421040876,7.99013216345919,3.67936110014944,2.60805845900091,7.7557960796633,3.26592156306612,2.52006295113339,8.08223554909428,3.17634434536132,2.58539899085975,2.23091109844041,4.59454210411642,2.45043331343382,5.27599360381846,3.85595674797954,2.15338983703298,6.16703700325453,3.69462268062554,2.20449268676896,6.98900362020073,3.47325667349215,2.32829681182789,9.20344973505966,2.96930522559425,2.76673707976057,11.2293845910912,2.70296360017775,3.11822451056926,12.287376742022,2.55748431680289,3.27838003232423,13.5591513123901,2.40426202881229,3.51646366317013,14.65907843281,2.29809271742072,3.70918938602374,15.6959466225188,2.14906097935739,3.87088733249771
3.12470605219966,5.16727618558011,2.03152918769268,3.39147889677562,5.070085029025,1.93578648421192,3.62839067837902,5.03036176167541,1.92684618895635,4.16765721767873,4.89037707279038,1.73483860802397,4.29142202403907,4.51800807263417,2.18315094409549,4.24807477195683,3.97056770023255,2.10524562436018,4.42422649825478,3.96687130309268,2.12523155820021,7.68160368051249,4.17291622429236,3.00123578492514,8.07389435240973,4.16172351960015,2.91882069343545,8.44180419107616,4.16674495153758,2.77883168502664,8.26267506756489,4.05864479520005,2.19072400386748,7.98220494197385,3.68390492123164,2.60683678757744,7.74313709435707,3.27454992596611,2.5162003207727,8.06579387510582,3.17713615998367,2.58275123571658,2.22093779949469,4.59622347021671,2.45906048208798,5.2633198229895,3.86246946983679,2.15618708312783,6.15482287605357,3.69987582784555,2.20220120140179,6.97606730643546,3.47845875765916,2.32145106258737,9.18116845285587,2.97503854286115,2.77809411744722,11.2472863793986,2.69763120785719,3.12003489353767,12.2187864091868,2.55337921712308,3.25153540123292,13.5489186912361,2.40680983533371,3.51384438936599,14.6663840759525,2.29720820121997,3.7143723938471,15.6863873581429,2.15297965893898,3.86873295096072
3.10627753402621,5.15377969669378,2.03132883982269,3.3649565327918,5.07460442431342,1.94330012277617,3.60038926398054,5.01768444387867,1.93233863946649,4.12645019347633,4.8923526368044,1.7548369117215,4.2789715604692,4.52054505577143,2.19532106281086,4.23984144778876,3.97161213478986,2.10574418516892,4.41438235945416,3.96847269104254,2.12574154695276,7.67776420809204,4.17092080272988,3.00329278208327,8.0750975309239,4.15970776122902,2.91953072946387,8.44057541076365,4.164478872408,2.77556879660284,8.25568721822865,4.06410228832811,2.19576878129273,7.96995270536957,3.68909094475694,2.60820178630607,7.72857159897514,3.27733850853889,2.51223359304705,8.05268981465546,3.17828674719968,2.57667401482944,2.2108832125054,4.59657611329645,2.46526503095185,5.25470132028885,3.86484583206997,2.15803758076567,6.13351164813441,3.7032114268906,2.20130120221635,6.9578362768634,3.48869054688404,2.31619438464621,9.19000026379721,2.96454879099045,2.76304260454189,10.682686192471,2.77071533604154,2.99336541234875,12.2111123083466,2.55659573681946,3.25101808419054,13.5062984423763,2.41576157648623,3.51140001734754,14.6584450459433,2.30103150933925,3.71227738778666,15.6787364377965,2.15704034991418,3.86566308782478
3.08301419811723,5.15157779315314,2.04091180483615,3.34142525225968,5.07757394912125,1.95774939978616,3.58571817622643,5.02221148843592,1.95113239605704,4.10251463172397,4.90231234566687,1.76851209971587,4.26361848744046,4.53011319460323,2.19666801506657,4.23326674455596,3.97414388323034,2.10879562604695,4.40664654911901,3.96881825327603,2.1274824344308,7.68090874833407,4.16827845733068,3.00778081982541,8.0762048349477,4.15625642471994,2.92006509372792,8.44100054265757,4.16519143983998,2.77459879697524,8.25577929681383,4.06661181358542,2.18944812204372,7.96124329688276,3.68932106775146,2.60434733445977,7.71925763420371,3.28011972481542,2.50724379954316,8.0401904116424,3.18096268872237,2.57066261084527,2.20244633872646,4.59713439516871,2.47310644486596,5.25274671516311,3.86927543204441,2.15769786413653,6.12677280120916,3.71114566572293,2.20117194503951,6.9571133965659,3.50039640134167,2.30974080242549,9.18035984104785,2.97145009693833,2.7751782487784,10.9652274030387,2.7332567733732,3.00923951206869,12.2081547040323,2.55569270299987,3.24961968650398,13.7523819140929,2.38368443719248,3.5984784329357,14.6684062988481,2.3042820589381,3.72154094130198,15.6691752410921,2.15919954556258,3.86444784001428
3.05908179350004,5.15033413231582,2.05800960023439,3.31695926531327,5.07388011182206,1.97581306785849,3.56719073817106,5.03287926491208,1.98040967770857,4.08062599759323,4.90584146564383,1.79484334493307,4.27623908635005,4.52811538175131,2.21339814192437,4.23020561642921,3.98010086399422,2.11085338801529,4.40629499294382,3.97078062399567,2.12981695349258,7.68027558107328,4.16390863150877,3.0115447442289,8.07488389800699,4.15735550507114,2.92686406853867,8.44079047800345,4.16519994574297,2.77313636710294,8.25225553589174,4.0684152801941,2.1895727155461,7.95099492429875,3.69504751555242,2.593842769209,7.7098877911517,3.28272454839193,2.50286759975462,8.03047358356234,3.18785875469081,2.57466498464964,2.1925222248981,4.60133137186022,2.47984642902066,5.24510500026184,3.86964618349602,2.15899713826219,6.11274073971788,3.71549797081126,2.19561831395941,6.93840148814866,3.50748392998986,2.30721981997241,9.1809104642977,2.96866428198676,2.77211688646757,10.829762202749,2.76342944611155,2.97320445136155,12.2103055073628,2.55861223813036,3.25220240870256,13.4965760751494,2.41972617257443,3.51149557149095,14.6424964571765,2.30975734035165,3.71414145747482,15.6580348372212,2.16548414018227,3.85757413107886
3.01224112781001,5.14595000729635,2.07950371243141,3.28091199594253,5.08281682284957,2.00948410087388,3.53884618693987,5.0435578176458,2.00397449156448,4.05266352559573,4.92216571872547,1.82562827825582,4.26314331366389,4.52357528333909,2.23567109913773,4.2141083475714,3.98667439631748,2.11450852773422,4.39893912852466,3.97400594931002,2.13603310731236,7.68240060899648,4.16736371398042,3.01236530432362,8.0795842572128,4.15448369421925,2.92041963612922,8.4402911248765,4.16622874128527,2.77064794405672,8.23991833263402,4.0698339931177,2.18751752984007,7.95847316961778,3.68160380079168,2.57189181804884,7.707588703255,3.28338728485463,2.4940327225696,8.02344002846604,3.18845522436321,2.56407454680216,2.18077629014833,4.59829822476027,2.4742921511176,5.23737951881362,3.87437002655476,2.1586203856567,6.10053017508838,3.72374412325062,2.18911926053509,6.92808722541665,3.51168342213002,2.30297727824229,9.17085885036356,2.96624687020765,2.7647040040074,10.5449644204264,2.79261419522279,2.96022244975531,12.2658361069434,2.5488179766305,3.2491342780751,13.4853498917306,2.42135564950314,3.49907781454616,14.6462962271054,2.31293081880114,3.7170586980135,15.6492764282383,2.17249849560577,3.85434760819701
2.97570087530189,5.14615397050691,2.10653450141242,3.25758815136797,5.08098926357416,2.03010036669991,3.5104326440007,5.04982258439802,2.01914589008733,4.0279158403244,4.93355904412335,1.85085994302149,4.24207785890104,4.53196574839265,2.23351977966107,4.19333711408232,3.99216842845212,2.11528987533547,4.37849654484238,3.98558573212892,2.13294139309424,7.68240057001444,4.16199883073062,3.01409167711183,8.07677398834645,4.15766402799985,2.92422100967383,8.43906427624878,4.1697584265357,2.76898736029268,8.239563719989,4.06695749678057,2.18025265844981,7.94741932397608,3.68565021384118,2.56463294020704,7.69142452648462,3.28429330379385,2.49107714382763,8.00824902973698,3.19380117236225,2.55066499391067,2.17365056307627,4.60112279933405,2.48195768750317,5.21805436028053,3.88231564443071,2.15799174049452,6.09649629191262,3.72890837163722,2.19270481933505,6.9157775034676,3.51502219025437,2.2983492541652,9.16754877579362,2.96424899180448,2.75796740972485,10.5451577737878,2.79276847462476,2.96219835217831,11.8123593615982,2.6146920168368,3.22562839273052,13.6615084282911,2.39928862865719,3.57061225311238,14.5963772269515,2.31931350614831,3.69312920565564,15.6417289342094,2.1816282522051,3.85112894278302
2.95306171159223,5.12351797426658,2.09662712445568,3.24013613197595,5.07094239688119,2.03418168029605,3.48511288746644,5.04967550322103,2.02723007762702,4.00641980944692,4.93463176119422,1.87022076381566,4.22553431618949,4.53898403559438,2.24552801305339,4.18377786319139,4.00139920469121,2.13190142434494,4.36327502507865,3.99153067739467,2.12993148298486,7.68290702363014,4.15893251651692,3.01791893877333,8.07695873545689,4.15705319024118,2.92444589186094,8.43771170410624,4.17313249720423,2.76832179098166,8.23336553047793,4.07088806019759,2.17626978056207,7.93312957393229,3.68758167039012,2.56068710365258,7.67912324250806,3.29165086991083,2.47551069496108,7.99491508363587,3.20013545261669,2.53635969255873,2.16543367252067,4.60111032223234,2.49088143533264,5.20275467829016,3.88381215682087,2.15760564372523,6.0824002320046,3.73231155443704,2.19381982031802,6.90270339758158,3.52152355439329,2.29190499441768,9.14955595031714,2.96382140442586,2.75060979730351,10.5297840513377,2.78644052824573,2.94370686362875,11.7927532413893,2.61773997794534,3.21711259347427,13.7087974817932,2.39969856247165,3.59327240696732,14.6298869706358,2.32322254637144,3.7181646356871,15.6340983292868,2.18724536042384,3.84801940367805
2.91789880777175,5.11287137626499,2.11658702378416,3.21736205965296,5.07655266867832,2.0525605310815,3.4723310998858,5.04424312812891,2.03469106878549,3.98917827352448,4.95671223355276,1.88240386169336,4.21113253298712,4.55206274926268,2.25729490424544,4.18121808194542,4.00521357555503,2.1224642842674,4.36103967819847,4.00058736720521,2.1395726551137,7.68057138474196,4.15467902683291,3.01927225988063,8.07747740170977,4.15791047870778,2.92529817685818,8.43801795782177,4.17297876368861,2.76858969057448,8.2314706424143,4.07498124469914,2.17174955096979,7.91904033266534,3.68805093437026,2.55474609097325,7.66539920043851,3.29727948454549,2.46239813405966,7.97742298477185,3.20573466585988,2.53159279158784,2.15762055731987,4.60504627471506,2.49907584065053,5.190882925018,3.88750919982472,2.15635506896424,6.06921172179882,3.73657325163024,2.18949089634881,6.88887696016058,3.53247697656832,2.29904075467373,9.12600635301958,2.964086648138,2.74381209826265,10.6723892562352,2.76373897109472,2.99703564256515,12.2522872051376,2.55213259929205,3.24698446752041,13.4560345281878,2.42902669061366,3.49425079554194,14.5391576078047,2.33659373237452,3.68268569472395,15.6247706516645,2.19212296064259,3.84448976336044
2.88567336024757,5.10954888372044,2.12743637826667,3.19076398969549,5.06374658743242,2.04263723917483,3.45370132057627,5.04199801614061,2.04287113882537,3.97161437659948,4.96587833584061,1.88939505997882,4.20717995115398,4.575631556536,2.2619788489566,4.17609141525687,3.99755432326235,2.13548544382365,4.35811866975498,4.00102834103538,2.14005429695134,7.68165372080218,4.14901505781157,3.02417321606476,8.07725795807795,4.15651948374399,2.9257034796503,8.43513102835012,4.17472671042167,2.77099013409754,8.22774250967061,4.0783193308591,2.16555374867421,7.90888944531662,3.6918174646016,2.54833845497346,7.64736066367442,3.30923564958863,2.44861563833011,7.96846650696786,3.21606428309713,2.5141381234775,2.14945360600229,4.60858298297045,2.51122542014969,5.18467053043935,3.88544796763241,2.14982722311376,6.06204922629846,3.74362149232766,2.18909980511084,6.88268704050779,3.52538739675968,2.30386778218468,9.12237576028957,2.96699107843295,2.73389021755936,10.4687529048353,2.78350864291293,2.94154490556496,12.2646750969735,2.55026263815821,3.24549214315233,13.4520548528948,2.43230332835866,3.49645144583072,14.5379622235411,2.33981461796318,3.68688526529708,15.6171582301011,2.19880190873802,3.83932489428543
2.86204815670683,5.08587250479465,2.14876814958374,3.17558300225597,5.08263369053069,2.06168002506273,3.42317259509172,5.04764514265418,2.06204483509234,3.95072359156126,4.97018430925326,1.90241411467774,4.1896458341906,4.5819282569448,2.27027708667978,4.16361565333656,4.00193968584457,2.13810269488314,4.34417804571319,4.00658525084854,2.14105433106473,7.68042417409004,4.1445864039568,3.02742393462062,8.07903004171675,4.15772560333808,2.92874464903659,8.43614591798204,4.17376307509985,2.77093504749249,8.22646218261491,4.0875781662015,2.17463002888871,7.90201121973711,3.69537457858511,2.54264321887943,7.63603565140387,3.31809655742665,2.43610269778463,7.9547582836397,3.22158559698896,2.50981944360556,2.14216526308297,4.60950847513347,2.5198449135151,5.17407465734709,3.88963379945794,2.14752700320625,6.04908967627785,3.75085168051381,2.18947669242145,6.86615322023752,3.53152139850341,2.29171749334847,9.11202662082469,2.97057174494336,2.72086048918083,10.6781634465971,2.76050979124203,3.00651958728005,12.2530032894656,2.54884242696502,3.23663258707479,13.4551385684472,2.43091650677382,3.48990677828263,14.5287769895297,2.34521461711018,3.6837713632148,15.6127881937615,2.20925735973274,3.83390902638058
2.85875236471506,5.07790370380235,2.17973791449724,3.16182973993751,5.08628146854691,2.10559469023014,3.41237473015494,5.04883502818689,2.08294856997436,3.93960935016531,4.97477196790275,1.91118835669238,4.18217112630413,4.59326002684631,2.27777827056115,4.16408752337481,4.0003461914462,2.13936983747418,4.34356752019055,4.0057534893539,2.14452566062526,7.67749403142842,4.13794398528765,3.03027294665147,8.07824339867635,4.1595778938379,2.92738355805862,8.43599591400877,4.17367089448125,2.76660267689101,8.22257023855999,4.09053864008239,2.15999006860305,7.89244219105885,3.70012477141835,2.53475080131544,7.63335841302999,3.32529381801713,2.42558106838303,7.96351838047675,3.2258316476374,2.51383954242284,2.13809972123987,4.61814733219382,2.52614855986362,5.17694258630846,3.89422677685617,2.1451353820561,6.04978030899926,3.75557474785276,2.18581884913561,6.85961192191257,3.53712351722021,2.288194040552,9.10577364495406,2.97240183698151,2.7151004648046,10.6954958238085,2.75876160667464,3.00773542261612,12.1927141666648,2.55592368894548,3.23320941444649,13.7040744570411,2.40672906189138,3.60372957356623,14.5345913116563,2.34978088849392,3.68677651410177,15.6074233951731,2.21418139519737,3.82778296352505
2.83224672342087,5.06397253736859,2.19403802494318,3.13842266656095,5.06870542133218,2.09300971703938,3.40140740504036,5.04537878194397,2.0988174420093,3.9196125013061,4.99899891239612,1.95989037506389,4.17678728692186,4.5977438956054,2.2837767858779,4.15620052009325,4.00013141998258,2.14122637340326,4.33453608094256,4.00800960012835,2.14367164722689,7.67640670364459,4.13674456215992,3.03324256499448,8.07908940551072,4.16027142424157,2.93203970509858,8.43699005126434,4.1752843859712,2.76657725294074,8.21817993105077,4.09061031180662,2.15883769914381,7.89065054491592,3.69757214233917,2.53278968922373,7.63699499030662,3.33057557935884,2.42361659637934,7.94679784827064,3.2339080566719,2.50561605789505,2.13113559417698,4.61892142160417,2.53560593325873,5.16074606321136,3.89579603561827,2.1473386932616,6.04321785820715,3.75607216643691,2.18547751411229,6.86224033276999,3.53924498586427,2.28462991440473,9.09718294457578,2.97273962767301,2.70914894560964,10.6796515103278,2.75879553535518,3.0025975247709,12.3882966151631,2.53048401214352,3.34304234085824,13.6407392140836,2.41632700944147,3.58355047860342,14.5700316205551,2.34990303331455,3.69891982289048,15.5947503452751,2.2223795533785,3.82334602882048
2.81016420955662,5.04784022714711,2.18972854638312,3.11466627570411,5.0714505671416,2.11073465920988,3.38462724795258,5.05602146978676,2.11436484063549,3.91026683106097,5.00551632525055,1.98504262010545,4.17523052367063,4.60151578477792,2.2895353837709,4.15067196608787,3.9972231964221,2.14094987401004,4.3344391206697,4.00564174136603,2.14449336001787,7.67646356389494,4.14084810491332,3.02771180241227,8.07957609830353,4.16099244108055,2.93372358939805,8.43620310602204,4.17617056042047,2.76375786024993,8.21734542462401,4.09808641746362,2.17634400036679,7.87673576807585,3.70440140058325,2.52940118634643,7.62205047977289,3.34178707357472,2.41033762790524,7.9357977952566,3.24327449126574,2.4993870046585,2.12547723978418,4.62511970907479,2.54224825602888,5.15501474743771,3.89667214851813,2.14680879844211,6.03580108176672,3.75918834253762,2.18381306942463,6.85071092284258,3.54616267491914,2.27534929490141,9.11028254283944,2.9674402807478,2.70273953305317,10.678849955866,2.76064161069614,3.00144554045698,12.1218167656933,2.55951772571937,3.21507761567117,13.6583473504497,2.41652405837136,3.5901570357963,14.5705900773662,2.35310786903257,3.69593855236751,15.5899219652921,2.22590317247674,3.81856937337178
2.78856442200771,5.0352380857344,2.19943714482263,3.09372599567386,5.06656445321059,2.12070495637527,3.36503896691717,5.05434638835702,2.11806139358877,3.89140279288324,5.0123244694207,2.00378339981152,4.15574338088444,4.61500727355944,2.30934462670899,4.14556235342543,4.00072299553295,2.14615179582984,4.3287533961733,4.00940430792754,2.14690755843135,7.67580143604987,4.13694591314478,3.02758146035315,8.08605603700763,4.15178133036448,2.92114728379265,8.43270641628564,4.1754860419511,2.75800534879481,8.21179398752915,4.10581908629093,2.1829710054424,7.86496874476546,3.71128424102229,2.52635544470157,7.60807385186095,3.34344026353399,2.4229596456155,7.93158079924568,3.25425400714476,2.49798973105207,2.11957296631825,4.63082178549113,2.54665406118401,5.15789946346453,3.89844153280484,2.1447834998246,6.03081489272569,3.75600193761207,2.172105329733,6.84184418406588,3.54788668330516,2.26785312268371,9.09929641841235,2.9724227203273,2.69836280512403,10.6648544280939,2.76411302568549,2.99543723314291,12.1024843338621,2.56162787339226,3.20024613683886,13.6365978541873,2.421669898907,3.58572294577357,14.5486853321836,2.36039850720379,3.69139235892203,15.5809783616566,2.23412733798404,3.81335922494561
2.76108518123812,5.02939451580617,2.2047236940914,3.07036297963375,5.06502355305311,2.12974023372095,3.34555778676363,5.05227366404439,2.13256413424534,3.87837775205908,5.02008805310852,2.0049011224507,4.15044925095324,4.6133442003396,2.31233846194692,4.1395046142413,4.0008835799609,2.14528069488781,4.32340702841728,4.01030189441269,2.14302493001704,7.67443128429929,4.1389020863324,3.02664859383494,8.08502138250298,4.1556428745905,2.92595298066571,8.43234242144349,4.17726203096488,2.7630862088594,8.21096841670061,4.1083497459951,2.18354864121376,7.85562775147278,3.71502027296366,2.5239965017378,7.59289544850013,3.3473791168085,2.42257135335819,7.92096341377266,3.25855025874585,2.50106656830897,2.11748723425187,4.63545203242003,2.54602122662016,5.14998715010033,3.90134485626174,2.14208445000936,6.0232068459255,3.76578561399452,2.16717642982533,6.83091219684296,3.55499660860954,2.26297620953472,9.09427131997126,2.97104289498555,2.69650739980204,10.3426402526624,2.81343304887986,2.87057779097972,11.6327333394452,2.64019727459243,3.1609498319317,13.647433628123,2.42401695252629,3.58480149047032,14.5287713013577,2.36825301291814,3.68573815110196,15.5737876610531,2.24170336283328,3.80870972193384
2.74130219171851,5.02951788998113,2.21196884535612,3.04744591519499,5.0627944675514,2.1471936515282,3.32822728576017,5.06072416544042,2.1433481747008,3.8591183979908,5.02919768348252,2.01515289113663,4.13321375598935,4.62080299080098,2.31157278268144,4.12615011486136,4.00623486003019,2.14243356443639,4.30588895685617,4.01524288602024,2.14087297718366,7.67486585711245,4.14156965760603,3.02677361283408,8.08314812040806,4.15673134750431,2.92683807448293,8.42911897380105,4.1797035933471,2.76961319630539,8.22118882686108,4.10263004047775,2.17233632990157,7.85542129110584,3.71949522817231,2.52106684965916,7.58800434453357,3.35511109033194,2.42565958227107,7.91219009270204,3.26578640874291,2.50816014653345,2.11301818114336,4.63598271565425,2.54649795354852,5.13786028491317,3.90377427959576,2.14076933741811,6.02093390780996,3.77575637088674,2.15866125605327,6.8266359874164,3.56472880535174,2.25858762171255,9.08221497515031,2.97359805695033,2.69382279706297,10.3483429074475,2.81362579388406,2.86894484149669,11.6249560350753,2.64350708455003,3.16196029650874,13.5621412250539,2.43475416902575,3.54683752494375,14.5089696651607,2.37424658846383,3.6770679221274,15.5657918051667,2.25011744705713,3.80388612168432
2.72181045398388,5.03587019165775,2.21966335625171,3.02561005405279,5.07045963173982,2.15886241045486,3.30718400104965,5.07325948887425,2.15896390080183,3.84631009015086,5.03542273568067,2.02156834627209,4.12240739588203,4.61353492282143,2.31282354779006,4.11568896997202,4.00539342915097,2.13859372679195,4.29596718271053,4.01507674673819,2.13863332836086,7.67383608915027,4.14350085075832,3.02530621783891,8.08295237220703,4.15723590008491,2.92798636848238,8.4303201251794,4.18259279475512,2.77436199997186,8.2237005688863,4.1114605321683,2.18324430406517,7.86008501878454,3.72240290773683,2.52079645144377,7.58414321151949,3.35970714123903,2.42788693046016,7.91117134456526,3.27350421831933,2.51165635874856,2.11071347168575,4.63554497191607,2.54767177444297,5.13343111937771,3.92306262023375,2.12777076680919,6.00364988795445,3.78128575994279,2.151708994632,6.827242835878,3.57415561793547,2.24946960337804,9.06436811778763,2.977221149585,2.69329940440939,10.3385715415975,2.81081419602806,2.86171062192927,11.6097006661647,2.64728965800307,3.15550422717367,13.6447996364587,2.42901763158197,3.58332585211668,14.545286795955,2.37589547874316,3.68677256149482,15.5618272393525,2.25612344654394,3.8006717086068
2.70851180211525,5.04025173829131,2.22029190658055,3.01463979248947,5.0809830637291,2.18153666319844,3.29101079967986,5.07616908532821,2.18136863800649,3.83556734729724,5.03999938709609,2.01452960525055,4.12757206688819,4.60746505343626,2.30707636112112,4.10757008768883,4.00668165630734,2.13392283670306,4.2856745430109,4.0175282011116,2.13418238394762,7.67658638426574,4.14478796816044,3.02391012855529,8.08549772637368,4.15778151909315,2.92856396186317,8.43649602771435,4.17987093147506,2.76945921244458,8.22379534377662,4.11562349891913,2.17908995916255,7.8481636948961,3.73073336597358,2.51742813149837,7.57530591127231,3.3694505443524,2.4227617729314,7.90217257656249,3.28054559369232,2.50620360900006,2.11044735555695,4.63588828412363,2.54594830699291,5.12202525208379,3.9272967120729,2.11949461235974,5.99799260644553,3.78936695117349,2.14290102960239,6.82409403239283,3.57638734821443,2.2295054889165,9.05685067887449,2.97997288434535,2.68734685747991,10.3340709913672,2.81287174797688,2.85814605096762,11.6011598897227,2.64876180069491,3.14908696144977,13.3632730593562,2.46445478201001,3.47353795183725,14.5083334136884,2.38101218633931,3.67368259350826,15.5580899438388,2.26220258266197,3.79562355566701
2.71560436725411,5.04882934885172,2.21675204462967,3.01644162909259,5.10804202749997,2.19859115364043,3.28766541952166,5.09103597929484,2.19899681794712,3.82085549864172,5.01996335399969,2.02036255069962,4.12282560890334,4.60702861405617,2.29622551472741,4.10727176627042,4.00463091075437,2.13180946343853,4.28422063625587,4.01624093557792,2.13235761423661,7.67490790514592,4.14666922889985,3.02258836502288,8.08326388318014,4.157666708854,2.92873336121999,8.4370443595701,4.1804323969553,2.77319672215915,8.22593690250556,4.11825584639025,2.17355257008831,7.85179223472843,3.7318904940069,2.51753088623633,7.57216705991709,3.37560706305836,2.42511280172251,7.89307903195462,3.29179097585525,2.51162018616686,2.1104111843517,4.63130104773475,2.54537481424931,5.11635375480383,3.93079590081153,2.11410580614362,5.99946175497678,3.79302481733772,2.13670559691149,6.82785425967964,3.57950554759263,2.22228090668026,9.04099689497133,2.99481099434042,2.67670354950521,10.3278090493971,2.81218407315243,2.84681747196958,11.6009520710937,2.65101444111604,3.15153301143106,13.6309939736291,2.43088564130373,3.5865125065248,14.5159064566134,2.38012020561857,3.6788695137395,15.5549548636575,2.26838393551305,3.79073725892524
2.71042374466418,5.05535636469361,2.22239121928292,3.00587488213338,5.11961692163808,2.214506672266,3.27898754994756,5.10137927781509,2.21020064126599,3.81980112595685,5.04617614539523,2.01397432886135,4.12220821709021,4.60660202434506,2.29270574783951,4.11373658037113,4.00312301997671,2.12749838045574,4.28917516662022,4.01586900141187,2.12869676530623,7.67716841787534,4.15252724307298,3.01707817240562,8.08560604558476,4.16008771843676,2.92954731798704,8.43956017693507,4.18244873247295,2.77338920247972,8.22775955804725,4.12036372553377,2.17393245407924,7.84307555789199,3.74112528013617,2.51175871772658,7.5683468363932,3.3845947948164,2.42060974178169,7.89159564142368,3.30676649356267,2.51808175306926,2.11067408085418,4.63285926761033,2.5441314003321,5.11544446749885,3.93059422684727,2.10876349435096,5.99390160948278,3.7943165141901,2.12804997058319,6.8262925556458,3.58483415773984,2.21213380327548,9.03906289875368,2.99710146483588,2.6753710925342,10.3321443821721,2.81616093230084,2.85439162692204,11.6030002161842,2.65010897370531,3.14957853955173,13.6220106103403,2.43046929024698,3.58196235276768,14.5038929828247,2.38220469911278,3.67462758329281,15.5538281748563,2.27337172269312,3.78583629690812
2.71781359455679,5.06115447089452,2.22460993840088,3.00933128725263,5.13204774663957,2.22113602365617,3.28326897957135,5.11381940441293,2.21432428447523,3.81830122806751,5.04753306692239,2.01839608764864,4.12793006537081,4.60542391666397,2.28811738353233,4.11818821815574,3.99939570749191,2.12563294226056,4.29315975498827,4.01444697848366,2.12713401162894,7.67569132373626,4.15414223247979,3.01351068339394,8.08414126609915,4.16102524554031,2.92945199704883,8.44129431459844,4.18255181229175,2.77786496389219,8.23193837609121,4.12582975838386,2.17927202239663,7.84683489907413,3.74797461770278,2.5150089993671,7.57246836782599,3.38661201896783,2.42015228977772,7.89904384630512,3.31036726652124,2.52651279239528,2.1109200426243,4.63136153337133,2.54509949334119,5.12362218166558,3.93046336802907,2.10257008319899,5.99471979453469,3.79392727343545,2.12377232484434,6.82796891835894,3.5859438764677,2.20544413073527,9.0324448051698,2.99861718017552,2.66898803520343,10.3356100037102,2.81767275479709,2.8516291959337,11.5948542773729,2.64937930979031,3.1411165862073,13.3435025458705,2.46471213199603,3.47245503124582,14.4909989881907,2.38373235206566,3.66970905123306,15.5513471824319,2.27438091644377,3.77857678047934
2.71488543497737,5.06234191764779,2.2150221690798,3.00580539171277,5.13791562200752,2.21566228271325,3.28231857315021,5.12099843729207,2.21444054047597,3.81940414628378,5.05331976148383,2.02046652649558,4.12896982849432,4.60764311744676,2.28509077733539,4.12182300728542,4.00140736258514,2.12320297425942,4.29743910786892,4.01702421318854,2.12252016712573,7.67462527362601,4.15155320312816,3.0127532405543,8.08330348655407,4.16070661661278,2.93215955006618,8.440431405075,4.1840127891566,2.77935908484634,8.22925593662111,4.13038917635903,2.18119420070792,7.84400938724233,3.75028120545309,2.51661220546754,7.56880691111881,3.38826453879784,2.42124701123498,7.89863961416581,3.30817981781639,2.52597698875869,2.11185351593855,4.63250142984207,2.54203106191934,5.12008682794795,3.92245733279444,2.10530511756659,6.00941996758878,3.8172357692579,2.10608758665859,6.82864609036878,3.5880976194621,2.20005497548218,9.03597144214002,2.99825934023293,2.67028691932162,10.3364383598017,2.81849979197299,2.85125925886633,11.60006926415,2.65437871631946,3.14983367974094,13.3474175620216,2.46144289569004,3.47276578183747,14.5039413275033,2.38070967425431,3.67033533630015,15.5503692509851,2.27142460687452,3.77322015686419
2.71550045388871,5.05700861214701,2.20580617192873,3.01488274326862,5.13622855053197,2.2108877161641,3.29361467490307,5.12464236084605,2.21799795028448,3.82241017698119,5.03419536942675,2.04130513565065,4.12671314891402,4.6062769976989,2.28843598140304,4.12065077753925,3.99987037668145,2.12255845553667,4.29515599616364,4.01769606874194,2.12197131510228,7.67546533875146,4.15608234138741,3.00982373201975,8.0842156618089,4.16357694649686,2.93210743358025,8.44085051015881,4.18442706487273,2.78052272697966,8.22837842597035,4.12937618184092,2.17525284727072,7.83886075983824,3.74987948996282,2.50967212650738,7.56707080157357,3.39271583206676,2.42240181404526,7.86581714425845,3.29832208417534,2.52454155991318,2.11122674913745,4.63132442852529,2.53969055484926,5.11909949274161,3.92579548132302,2.10175060780228,6.0016190762245,3.82207666617193,2.10022906828956,6.82154833490284,3.59180340647149,2.19366710648199,9.03837990790813,2.99894283890994,2.66899301956543,10.3351863572187,2.8191066039037,2.85111469429112,11.5904574804166,2.65663345433608,3.14255620426694,13.6272683928455,2.43023010890228,3.59120594734168,14.523401418266,2.37642797224079,3.67556661015536,15.5458015752868,2.26776728064478,3.76725786696312
2.71037093894835,5.06108860485436,2.20215630887,3.00868869807618,5.13808471633421,2.20053615068942,3.29607638881053,5.13100510674729,2.21888645974074,3.82682960991913,5.03992529233306,2.04679374633477,4.12773277181495,4.60830332785533,2.286743459725,4.11816574452929,4.00211958050883,2.12115488991442,4.29128033277145,4.01963864981602,2.11966813999747,7.67413215200009,4.15372784885817,3.01076479120188,8.08405823664538,4.16148465525021,2.93093791115378,8.44159569428894,4.18426510847743,2.77912365669164,8.22855482936973,4.12739272450449,2.17089169801871,7.83344564166193,3.75073477917638,2.5089256435936,7.56117676889594,3.39280881268971,2.42331961424228,7.85798949962136,3.2982787016699,2.52879244568621,2.11068847352605,4.63213741193465,2.53822568612694,5.11362740314823,3.9442577678624,2.08921828028979,5.99197588827912,3.82880228435864,2.09591828583535,6.81361628953186,3.59600685235256,2.19010649484456,9.02569442322933,2.99911600604927,2.65729947888137,10.3304836633904,2.81801519130038,2.84484794313808,11.5943047478002,2.65731325335645,3.14084198613455,13.3347974115022,2.46685250302573,3.47235419782234,14.5003282070908,2.37892367839837,3.6656017116292,15.5414246702248,2.26702398696103,3.76771743559128
2.71990845579029,5.07133349618954,2.21520461401187,3.01063988842627,5.14670448276112,2.20534037127426,3.29714423707911,5.14075922422384,2.22568547956291,3.82972058542273,5.0463512587481,2.05136157455768,4.12736320848961,4.6146803493288,2.29008468034122,4.11859988322818,4.00469227500164,2.12031419727759,4.29015839967393,4.0228218602879,2.11856850198567,7.67345619528821,4.15482508595394,3.01005590919869,8.08334564727358,4.16178857735298,2.93065480242484,8.4393691704955,4.18277459665513,2.77723109969951,8.22342326903676,4.12396496171032,2.16771404391335,7.83284959506213,3.7479824159293,2.50763296974183,7.56403267948788,3.39040714933369,2.41970460581203,7.87512281771996,3.30956780603013,2.51922307227998,2.10877090529933,4.63298236621159,2.53863322998188,5.11244684156187,3.94732551718224,2.09038772731936,5.990462411228,3.83339331182408,2.09140785894742,6.81168781871888,3.59615437058945,2.18526529298538,9.01817011417456,2.9971794061039,2.6518996561704,10.3153806668519,2.82051025414027,2.83997726455509,11.5770596404271,2.66013419165935,3.1368096606095,13.3389878218973,2.46546604424989,3.47371984253679,14.5082521115533,2.37790362334522,3.66605669020494,15.5376850572527,2.2653953543191,3.76369182399155
2.72859527127068,5.08504130242188,2.24002963002917,3.02985006153316,5.16119619505069,2.24300266401906,3.3019570410591,5.1474162293734,2.22988946027584,3.83159413160209,5.04229944100961,2.04238594293698,4.12897977682352,4.61827914698331,2.29254515765445,4.11549430545772,4.00723178927298,2.1239181529467,4.28811377273482,4.02390487672977,2.12088672487766,7.67129148569528,4.15788899834921,3.00696807945062,8.08091418076475,4.16321554152511,2.93024983830144,8.4380806989435,4.18071112744988,2.77560200177641,8.21745237507122,4.11940638078964,2.16237895980979,7.83299342771087,3.74562772573619,2.50371124822081,7.56655828177325,3.38951003852177,2.4134388181283,7.8726945861761,3.30683366157495,2.51227672049873,2.10683890017846,4.63724486728004,2.53823755269521,5.11514073040216,3.95147676346116,2.09904806777089,5.9881174995538,3.83435467201875,2.09068422780505,6.81493874970846,3.59901979933359,2.18131644471843,9.02889363704646,2.99471939588906,2.65662836711259,10.3312299920268,2.82023207706172,2.84476729623395,11.5896264100953,2.65990579768351,3.14195247799944,13.3508485222385,2.46287244366451,3.47847870479006,14.485843121555,2.38320577681973,3.66189171226296,15.5365390373999,2.2656931579373,3.76109504246842
2.73352351930771,5.09544346888518,2.26519656991763,3.02732537084011,5.17128020309981,2.25462184236011,3.30051113335014,5.15807272705799,2.23981118819635,3.83402449699695,5.0470942847667,2.04974897314423,4.12905465220982,4.62188679205584,2.29783981809163,4.11295469691299,4.00721773975522,2.12608917319502,4.2850765044365,4.0232564484389,2.12182115832051,7.67095299141727,4.16015529684496,3.00719288675221,8.08142554608877,4.16292242693777,2.93074322017596,8.43853964845603,4.17806943558187,2.77357394092965,8.20895760707761,4.12138771721144,2.16314403215791,7.82920500391805,3.74370067978139,2.4984476366081,7.56116419922962,3.38945751389889,2.41045772974687,7.8691586864994,3.30259060300581,2.50183959289948,2.1059802119926,4.6343333761668,2.53894033723049,5.11126788980756,3.94783287240308,2.08819272217603,5.98064375991432,3.83731831908244,2.09004731457156,6.80298208112545,3.60292594243408,2.17688053486879,9.03483956099741,2.99354856502394,2.65593910427506,10.3162348008189,2.8194156755845,2.83260301934819,11.5784267157634,2.66178746762798,3.13715407930068,13.3535047678335,2.46180481449691,3.47659169583223,14.5030254120698,2.38109140094781,3.66513285051948,15.5342488264906,2.26871528943972,3.75984521278867
2.72876691896333,5.10203775409762,2.2665786870149,3.02192723032954,5.17656632580523,2.25451117842674,3.29411707339018,5.16329037595404,2.23907900369341,3.83349563060954,5.04826966055756,2.04965551807569,4.12663910816006,4.62258050033877,2.29840575370038,4.10954351460043,4.01010291308237,2.12779357334143,4.27978355635662,4.02639490976729,2.12399140631527,7.66826273949379,4.15949436951847,3.00201521246261,8.08089971443857,4.16329231699253,2.92843763596844,8.43763545438802,4.17633231137345,2.77419770751256,8.21526163251143,4.12012780353796,2.1707478395093,7.83430876802199,3.73668720890737,2.49233207687281,7.56746825577031,3.38475198680358,2.39867939794215,7.8773668888643,3.28706459002914,2.47621563733758,2.10563953495245,4.63530421977168,2.54000545051086,5.11742372191834,3.95028911708379,2.09979314938912,5.9832421052218,3.83690833889804,2.08747626763392,6.81011060606247,3.60097415326084,2.17235502206112,9.0390744621828,2.9893817374767,2.6563484344446,10.3145251356569,2.81798785874765,2.83141240054663,11.5779599772291,2.65987538358412,3.13415359881156,13.3532437102258,2.46599351239903,3.47580422845508,14.5204782904102,2.38220327578141,3.66959350906781,15.5325273785509,2.27326269256915,3.76063328069557
2.72632994747418,5.10602361489045,2.27068592223086,3.0187417085699,5.1817375202317,2.25913944076559,3.29344089408733,5.1671680750967,2.24317130694931,3.82962613181924,5.05081883685767,2.05270714896146,4.12406237782643,4.6233753171951,2.29992960623527,4.1095906631258,4.00865796251947,2.12922064267662,4.2815140597895,4.02503100590978,2.12490901880519,7.66775705583436,4.16185660553009,2.99756712835493,8.07990142165877,4.16376233299804,2.92653495332642,8.43872493733312,4.18016585558215,2.77945178045347,8.22402844198185,4.11385881374419,2.16885153774471,7.83498928664419,3.73289868046739,2.4856043112949,7.57131171864612,3.37097642874352,2.37332557917853,7.89048839456403,3.27548050979691,2.46899061975665,2.10568841300649,4.63721527096384,2.53955822585813,5.11557820628608,3.95103276254977,2.09932587473783,5.98159811880073,3.83686911779761,2.08728255252042,6.81333489243315,3.59858950927726,2.16946758190913,9.03651916005231,2.98795866891445,2.65307770863878,10.2370835933529,2.83296991194252,2.80608197907696,11.5681642389602,2.66089638304614,3.12834872782625,13.3514603347528,2.46881041856386,3.47427208833054,14.504991711375,2.38890216249745,3.6656228571681,15.5301248044862,2.27892798888686,3.76292955243303
2.72679374185158,5.11568409099321,2.28734745743983,3.01836730419696,5.19142995197656,2.27183233990438,3.29234048485458,5.17712559970598,2.25494890857111,3.83272521936114,5.05061355419588,2.05221691536543,4.12441502362501,4.6227482438358,2.2991804970184,4.10696379515895,4.00779872348258,2.13109227084972,4.27853090855202,4.02407923564686,2.12635568713638,7.67259595789133,4.16003771185614,3.00042977512978,8.08464324726978,4.16160214390978,2.92672358439336,8.44177387988119,4.17741634313965,2.77477744913064,8.22479557290962,4.1192081243498,2.18220139913426,7.83266671807911,3.73314680803547,2.48398484865121,7.56726354977213,3.36948022666119,2.37118538887825,7.89062035653005,3.26640967103922,2.45799158027762,2.10539342112512,4.63739967280258,2.53837080163767,5.11542268490221,3.94919147285274,2.09934298142615,5.9850264931224,3.83285054712307,2.07962883000931,6.81482610392201,3.60054810138125,2.1654565285851,9.03930669147067,2.98529270120337,2.6501237059928,10.3159226565309,2.81733463332828,2.82672430745945,11.5805218469401,2.66059790086074,3.13269813095972,13.3549139496275,2.46750975369117,3.47408939083603,14.5046349277104,2.39199592763428,3.66627337169606,15.5311444965262,2.28343967629441,3.76406399241669
2.72430281326901,5.12765943481448,2.28595129814489,3.01591776643056,5.19938647142853,2.27249154255552,3.29029245741944,5.18181779851752,2.25832064994584,3.83249680642188,5.0542063159828,2.05822834083348,4.12369527021939,4.62315561844713,2.3054776069288,4.10397071826766,4.00609547180068,2.13484973007658,4.27633845496373,4.02154981377695,2.13024304643936,7.67284689885354,4.16257285517724,2.99599160287083,8.08435602799798,4.16347258819248,2.9250467525263,8.44060280456379,4.17707946681779,2.77479101966699,8.2279675732262,4.11487502412059,2.1785464553727,7.83259986549475,3.73462879295389,2.48321453819603,7.5607045443945,3.36996756962394,2.36382829543957,7.88043157983296,3.26257360135134,2.44532666601576,2.10531297045209,4.63841643822565,2.53737661274091,5.1118082093845,3.94823702385691,2.1017232091313,5.98538210561974,3.83201816558569,2.08165773717029,6.81343785063839,3.59717996909968,2.16830591022501,9.03911402267781,2.98140639201276,2.64570035807684,10.3121306101701,2.81729286937424,2.82449152078849,11.5780867206967,2.65894618144021,3.12559787493171,13.3619065626511,2.46854026353132,3.47186489949495,14.5133308592436,2.39336513772579,3.66634366955933,15.5287626554649,2.28622042736204,3.76437131520535
2.72352142976095,5.13702567044023,2.29852774232485,3.01436672650405,5.20668535726234,2.27882297254112,3.28881099984178,5.18882310190631,2.2682554462432,3.82776040943438,5.05724653420665,2.05599641442605,4.12204142615306,4.62298717341555,2.30452594243221,4.10316164792189,4.00497529339357,2.1360095300757,4.2761182642509,4.0206668140426,2.13124954011016,7.67768142730987,4.16338538216251,2.99906993227154,8.0849649091332,4.16301812095423,2.92436459689213,8.44026462751977,4.17919327821067,2.7767219504495,8.22700266152539,4.11393580219394,2.17939940171258,7.83363973090707,3.73273448916742,2.48318962320526,7.56064701918805,3.36863904227922,2.3599501398789,7.88422534775212,3.25257836587107,2.44349384577061,2.10410460976191,4.63718295128804,2.53813447178668,5.11319496357263,3.94683023637162,2.10139185523786,5.98199243119737,3.83160208957683,2.08119500948432,6.80757725769903,3.5972742429213,2.16887328709204,9.03841375815763,2.98034757276152,2.64579835210377,10.3068261048584,2.81669580252915,2.82032053874603,11.5715680154779,2.66096167770962,3.12474985045754,13.3430535125147,2.47068150755165,3.46922151248707,14.5193681174672,2.39350344262181,3.66759674163767,15.5268292844748,2.28767053534286,3.7616269512103
2.7227242106531,5.14164798623282,2.30055527863921,3.01617753083566,5.21102635900232,2.28030245694025,3.29045512590119,5.19275937694697,2.26990356715048,3.82692427160373,5.05799984204962,2.05613761980239,4.12081999488936,4.62328717837935,2.30380637688425,4.10055616180194,4.0011665721752,2.13653352225872,4.27386985504469,4.01750553722403,2.13256418117399,7.67659289803656,4.16329824682279,2.9989880540928,8.08671894977883,4.16130517850407,2.92580977587861,8.44210212636052,4.17715162827539,2.77437304501706,8.22958887075492,4.11156000276126,2.17598623512342,7.8285132032629,3.73460207841041,2.48588052830346,7.55561604924018,3.36642688138143,2.35811326029935,7.88541736664867,3.25500038740552,2.45393733677994,2.1024927696677,4.63626079111328,2.5363449905033,5.10882279877537,3.94399301778733,2.10164508222544,5.98030000206316,3.82892273018504,2.08166603851045,6.80819908476009,3.60417875250257,2.16282793568273,9.03934308324142,2.97726839866627,2.64674330928945,10.3095612428345,2.81573720608606,2.8225230874679,11.5809699832325,2.65768826999683,3.12140334331374,13.3510326036637,2.47094551025679,3.46968882608614,14.5105264978715,2.39517937120596,3.66517246309043,15.5241422679805,2.28813824349658,3.75949033811729
2.72252720537952,5.15209883562722,2.31215915285627,3.01725430780965,5.21532273764306,2.28659986350684,3.29107756343688,5.19591060635043,2.27135123666805,3.82278890280636,5.06089457666762,2.05825784758293,4.11462328437326,4.62230261652355,2.30453402720715,4.09995943662623,3.99892854419285,2.13688356627561,4.27308981616679,4.01557801410604,2.13274235439208,7.67743450075052,4.15972921293033,3.00236886698747,8.08629970804256,4.16002681186809,2.92507823418507,8.44058960754156,4.1743733216778,2.77150855135526,8.22475804356421,4.11669847448803,2.17639680655999,7.82104602559409,3.73686268554431,2.48617604408985,7.55286667180101,3.36719460418629,2.35703838952241,7.88733992868415,3.25330413681664,2.45187319589182,2.09978863399644,4.63573693984956,2.53636209859595,5.107460281542,3.93678890908463,2.09253224739192,5.98925967866429,3.82521795393707,2.08230976392866,6.80725000409653,3.60092706577517,2.16457141077208,9.03904767342421,2.97630476893302,2.64964265024013,10.305136420578,2.81685409700802,2.82384658640318,11.583394970368,2.65968986360644,3.13107572940086,13.3523164158578,2.46973601688294,3.47083159813719,14.5110217910931,2.39546783733045,3.66396636412638,15.5198872084255,2.28673360571583,3.75236677931472
2.72401213254936,5.15650780913483,2.31990374294836,3.01833637090837,5.21928159158601,2.29296652626609,3.29106258441597,5.19749390281766,2.27555475260787,3.81732436826832,5.06705651846731,2.05607249535775,4.10820836073032,4.62119678289195,2.30585429627248,4.09905659033701,3.99670131918426,2.135889917316,4.27253674135197,4.01448448639805,2.13140527108796,7.67679693925898,4.15336343933291,3.00738287989634,8.08513860931568,4.15645156750813,2.92796790534863,8.43846866869855,4.1680924105016,2.76806694647648,8.1971019330956,4.12777347220868,2.17889856200809,7.81007290119841,3.73639165075492,2.48504670961527,7.53959262504725,3.36541919415981,2.34229081284091,7.88191465112638,3.25127314099581,2.44662191603729,2.09874076534016,4.63557591579702,2.53524437363248,5.10676521886346,3.93897283008987,2.10040039424476,5.97842617648403,3.8261604036053,2.07838900723359,6.7921224598127,3.60614728266698,2.15952945665277,9.04246949861031,2.9632638353902,2.64950727570534,10.3079532888314,2.81361038901119,2.82424541811033,11.5795238758814,2.65569126791351,3.12604549379515,13.3294766211018,2.47347988338964,3.47163533613991,14.5156122473286,2.39525376509384,3.66287447896287,15.5176543826154,2.28604205056926,3.74690950402518
2.72640769189501,5.1581930490875,2.31204272045672,3.01706062966179,5.22162831196635,2.29085656571997,3.2883529330969,5.19825203915367,2.27213232158817,3.81464906212852,5.07253318713867,2.05875577719664,4.10183244032544,4.61789967454887,2.30505859161462,4.09297675706128,3.989736373405,2.13906720151766,4.26739259464251,4.00768639834293,2.13306163653119,7.67746887281469,4.15305792118962,3.01016739717747,8.08511705716529,4.1566900964142,2.92754328547284,8.43689569372492,4.16987899387952,2.76951764685652,8.1975627633901,4.12444837135049,2.17832286058643,7.80912661796686,3.73207817541954,2.48184571102659,7.53728754040185,3.3617513846266,2.3390091615735,7.8683463475628,3.25205242725046,2.43987371915313,2.09556516820769,4.63668363401851,2.53659126450482,5.09552301330521,3.93558734883013,2.10292011800772,5.97248003808517,3.82376401444518,2.07837676958067,6.78597307561376,3.60787911643518,2.15516481550225,9.03145564538351,2.97419603767194,2.64758711187844,10.3051147012072,2.8142709379479,2.82744509583429,11.5825963128707,2.65628970704387,3.13181165988928,13.3380776793365,2.46988439669261,3.47149718726234,14.5211380881238,2.3935094689211,3.66401334561109,15.5149267090045,2.28154397224989,3.74744681543279
2.72657882642373,5.16204676550497,2.31765261328252,3.01714319516984,5.22349756135528,2.29270337940117,3.28735290222767,5.20133771711251,2.27037511041334,3.80541247465028,5.07911115550296,2.05323810791908,4.08571440541771,4.61170993782655,2.31254945771687,4.08398541245463,3.99166523456487,2.13852958429355,4.25907256414846,4.00955794930993,2.13261138919259,7.67924960722222,4.15366331846059,3.01025210332963,8.08455690821924,4.15644205267373,2.92923707342128,8.43642192875935,4.16847282629138,2.77012402387301,8.21669308283224,4.11248078546211,2.17745973615141,7.81609429165222,3.72918827707229,2.48264895655889,7.54258509231033,3.36049764022048,2.34322591517673,7.88658898830199,3.24552555309446,2.44682850111292,2.09333088650907,4.63706786922277,2.53925820530219,5.08891462847261,3.93432049534299,2.10185730146018,5.97460315672654,3.82025119494522,2.07743091641713,6.7881890073176,3.60790625719188,2.1545036430193,9.01699501858076,2.97624003726401,2.64896979412947,10.2976888084473,2.81291789894065,2.82807841981241,11.5794998123154,2.65489061080622,3.13359259888971,13.3308395408745,2.47091268426472,3.47189570725067,14.5141131205047,2.39356261106475,3.6617691242121,15.5134242297676,2.27880512020783,3.73914157613416
2.72815721970795,5.16404727499511,2.32232211833997,3.02054206320175,5.225490860939,2.29220501850688,3.28866137218978,5.20185948047733,2.2721515278996,3.79817693307942,5.09183025820064,2.06913895443758,4.07423123871225,4.60816805222109,2.31313641464433,4.07573770458063,3.9887732490659,2.13773087568568,4.25122752128466,4.00709480689324,2.13425524779012,7.68221632510777,4.15093154742818,3.01480158462606,8.08550674635021,4.15588927200687,2.92886646575717,8.4333851792013,4.17590497647182,2.76056741318732,8.21129523379891,4.10954529741373,2.17744538977836,7.81350730031648,3.72628945086483,2.48493418370323,7.53835241400256,3.35924560626305,2.33482421126004,7.87463498807506,3.24338283758245,2.43718421841978,2.09116102915381,4.6352867934927,2.54014300702296,5.08675902483571,3.93376167997256,2.09983021714351,5.96910876946774,3.81785760283896,2.07506546255223,6.78385296222908,3.60352983954351,2.14975958655569,9.02361153613336,2.97601358474616,2.65150350486661,10.2930114963516,2.81247032911142,2.82984010357458,11.5761872933868,2.65676229531833,3.13582737279643,13.3243189589446,2.47244159396648,3.48001657535415,14.480367586537,2.39823632351415,3.65817296868987,15.5095044955991,2.27801003556272,3.73721507861523
2.72776590398936,5.17002593239844,2.32249143512616,3.02078701462156,5.22758678773379,2.29152634822652,3.29198076172331,5.20150472756134,2.26936622241157,3.79681230406334,5.08269764417452,2.03058642490682,4.06777300993019,4.59927182251541,2.31216494979021,4.07159703807111,3.98394318925437,2.13568033204495,4.24608039729959,4.00455989661363,2.13354573916409,7.68675639240868,4.15079327231583,3.01518284915403,8.08562676050867,4.15644740324905,2.92826605592862,8.43071120258249,4.17402617566613,2.76418899221802,8.21122318794261,4.10340602799944,2.17761870067072,7.80777416486964,3.72752531191293,2.48229225403893,7.53605487631565,3.35438429731684,2.33490987653815,7.86647505594675,3.24306026724199,2.43540070495985,2.0898033366301,4.63612894629884,2.53951891888355,5.08803550763828,3.92877468114815,2.08953279894075,5.95896939212748,3.81518268133386,2.0746609003941,6.77594070898734,3.60318215537393,2.14435635022047,9.0082873618773,2.97307914864256,2.65243542707752,10.2854923853326,2.81283077055718,2.83080819356839,11.5616679025992,2.65700382467208,3.1313931461407,13.3220190539005,2.47056003688516,3.4800633343321,14.4724938771704,2.39582485364114,3.65750649158661,15.5065431453987,2.27864352419301,3.73493865978257
2.72483727569624,5.17413639115236,2.323729473956,3.01973705966533,5.22721330268267,2.28606158716822,3.29482131364304,5.20078724151324,2.26504769997331,3.78894104655799,5.09369047349257,2.05120169546758,4.06172232723975,4.59273998481263,2.31026449459171,4.06641962939895,3.98161134286964,2.13514369734283,4.24053333130165,4.0027767970471,2.13416120620936,7.68857438116059,4.15283692480258,3.01326365569575,8.08655835660636,4.15807933803126,2.9262676567721,8.42998401454226,4.17496413341025,2.7655137903262,8.21216367148965,4.10199806870256,2.17947371844571,7.80542934941224,3.72865635789845,2.4849357452585,7.53222910207302,3.35351137802014,2.33493573518433,7.86439720419027,3.2404287592241,2.43454651971412,2.0841569720113,4.63642618512213,2.53706753061064,5.08040729651375,3.92810354294025,2.08770750489701,5.94594717439856,3.81526467735728,2.07586076739644,6.77141350356564,3.60080218332623,2.14297200019531,9.00948422321478,2.97405912541184,2.66012552151837,10.2829327604371,2.81155724399547,2.83413921525109,11.5572220075313,2.65812966911572,3.13386614418389,13.3004497688358,2.47159728239463,3.47431010300454,14.4780852629301,2.38808315038411,3.66356664232882,15.4984058141216,2.27949355490762,3.73359457223367
2.71980648195834,5.18061043118676,2.32489248012802,3.01980299089988,5.22811074977082,2.2827696338467,3.29897691959688,5.19878821326736,2.25942950804732,3.78801795950309,5.09594176467223,2.05218808657134,4.05359237349388,4.5892897082121,2.30459405369707,4.05790154568345,3.9830374279411,2.13012246354809,4.23197187164333,4.00369864794166,2.12989968222136,7.69010720491392,4.14813537608824,3.01632410251485,8.08796246712161,4.15404890892488,2.92759106016824,8.42966140856609,4.17261039909692,2.76011716336186,8.20987970463671,4.1017799998924,2.17427524651193,7.80081401342234,3.73094616122136,2.48448771738572,7.5309072423382,3.35417620940531,2.33584435994266,7.86311661317058,3.24045195835368,2.43465185650454,2.08112082477071,4.63934413173874,2.53470138214161,5.08067212064808,3.92747764802706,2.08566176622402,5.94385670428906,3.81615035621817,2.07401645613239,6.7661214087208,3.5997143464307,2.14199276400251,9.0050185259,2.97275328185587,2.66686095580138,10.2833129347064,2.81169543880252,2.83599358252299,11.5560354641189,2.65537983547556,3.13045132473904,13.2975988843743,2.47219319041071,3.4768744660258,14.4506954346332,2.38960343501528,3.65857565027239,15.4900677011794,2.27747609299798,3.72962969193774
2.72006743920644,5.19122518460933,2.33724379564794,3.01683811601133,5.23212120730768,2.27809688576751,3.29745183245706,5.20031560294602,2.25165401918345,3.79043850076237,5.09339547832501,2.05146289250367,4.04410915446353,4.58005760616849,2.29873518790412,4.05219299779636,3.98211009044841,2.12852287137413,4.22412856373908,4.00292293120824,2.12696703650574,7.6889590392342,4.14246300755771,3.01988177207333,8.08631192723811,4.15284547933461,2.92949254320988,8.42857559290057,4.17697285237424,2.76185665143493,8.20442628197796,4.09992763207028,2.17712268818927,7.80181644181082,3.73363769661811,2.48370422701852,7.52657647066299,3.35887470561249,2.33324283071052,7.86408043361477,3.24243868376343,2.43336383760349,2.07631217791185,4.64057098689671,2.53309619765381,5.07227996823681,3.92754265695965,2.08472367723182,5.9329368665903,3.81835881435483,2.07414462287067,6.75499771042838,3.60610711250198,2.14327368357028,9.02363111590775,2.96397827036124,2.67448694936769,10.2547608556547,2.81578439559206,2.83103483991683,11.5521422851067,2.6580159111735,3.13414728861371,13.2934645129828,2.47347224690936,3.47379730727586,14.447097072272,2.3905341751014,3.65843992343622,15.4810630482608,2.27736135877425,3.72678443547135
2.72123303959178,5.19621000870573,2.34628550662913,3.02356056540902,5.22565240683014,2.26993032756019,3.30338363219385,5.19488010650275,2.24404473793702,3.79175693298392,5.09346686924937,2.04567758234214,4.04481747698338,4.58535014993073,2.29221518662899,4.04105916101351,3.98051207727277,2.12388199519186,4.21415666708448,4.00202437541341,2.12297799848549,7.69172231360284,4.14181204691603,3.0222980210001,8.08701638730865,4.15328366622463,2.9290021017994,8.43038468761742,4.17741670399744,2.76131773879222,8.20494641513465,4.09363324181203,2.17278050890253,7.79699591055579,3.73455697425704,2.48073067375502,7.52354991351913,3.35849345267546,2.3361303839531,7.86151601774715,3.24100978630321,2.42651629269138,2.06736694364507,4.64226288094868,2.53175725439196,5.05310720435644,3.92954138092095,2.08159425986127,5.91290810868806,3.81917281915198,2.07239932849929,6.75111343765036,3.58769958987241,2.15938427347857,9.02903195735421,2.96228978335992,2.67530594991136,10.2833683796739,2.81244273037203,2.84264331454189,11.541480491863,2.65996528723618,3.13474457696693,13.2856298393626,2.47274359867096,3.47838728075532,14.3455456030025,2.40257409808569,3.62932795427337,15.4699743642895,2.27570443680919,3.72361282541511
2.71884119167668,5.19967180867278,2.34691940341007,3.02224314979364,5.22789996161074,2.27310032187683,3.29510948704679,5.19993818283199,2.24542571742471,3.78937041791848,5.09629294635558,2.03511036881201,4.03611351255778,4.59161364569602,2.28623991822989,4.02547305396203,3.9854785367376,2.12014678180874,4.21122665525567,4.00256997950819,2.12064943147787,7.69337787598072,4.14429529529819,3.02056726496616,8.0858899931866,4.15437023922981,2.93035283360786,8.42888771412864,4.18114786592391,2.76371711632532,8.20585616960346,4.09398083340202,2.17436410118057,7.80242144892274,3.73460869393118,2.48390390746939,7.52569364680112,3.35958017308225,2.34101058138375,7.86277134959732,3.23845942150194,2.43434756166249,2.05284994855271,4.63603516722359,2.51857539693803,5.04421278766267,3.92806892931502,2.07991974282698,5.9047177759004,3.81808774874048,2.07456351096907,6.74618341799543,3.59322687223138,2.15976739413102,9.0164986105494,2.96284044515322,2.67648473648763,10.286193638326,2.81286642481585,2.84561525093333,12.0041793615559,2.57618339106221,3.17694818602104,13.2757715453147,2.47307342773672,3.47603296795077,14.4186118306429,2.39202026956511,3.65619530734737,15.4615965915012,2.274728562017,3.72004804469915
2.71848285367931,5.20241850305362,2.35429544046249,3.01642131846988,5.22726891147814,2.27451002849016,3.28573043229768,5.2037020195779,2.24640276206241,3.79419008411848,5.09835300768853,2.02815809610767,4.03287797095543,4.59585919319957,2.28556610864304,4.0197393521418,3.98988195997886,2.11607710916884,4.20648094450197,4.00472814759533,2.11954845023771,7.70233386197755,4.1508745127941,3.01936869697848,8.08972167083849,4.15745800756574,2.92843462745401,8.4269262421592,4.18153577500122,2.76284310212702,8.20001148468722,4.0887484585798,2.17802946918105,7.79684985618238,3.73879194256875,2.48379853660068,7.51862886347903,3.36845975924006,2.3435971549703,7.85392650114392,3.24557377946083,2.43477375050521,2.03607514368499,4.61154052191127,2.47642007431115,5.03634443704044,3.93200122039519,2.08248131122392,5.90139387181153,3.823558315137,2.08904943026543,6.74126463016244,3.59955871933507,2.1589942251057,9.01048227745052,2.96340994827148,2.68421718816109,10.2587165547928,2.81358360563726,2.85217897536448,11.5245711820348,2.65857567019645,3.14019458464243,13.2799204309054,2.47350531929975,3.47664796213853,14.3391633396425,2.40243710052148,3.62857150327122,15.4532637354514,2.27389951947545,3.71788954721949
2.71900444563476,5.20110165410984,2.3529101309977,3.01641118248378,5.22724019461039,2.27170825632516,3.28596699833077,5.20148741762613,2.23971414898364,3.79405326892337,5.08949420369662,2.00737400596421,4.02503335622289,4.59272631949159,2.26405046423622,4.01070655905113,3.99441255143218,2.10756936843183,4.19903140672337,4.00446906218819,2.11515179870178,7.70086781213074,4.14951685629009,3.02114625371866,8.08634753469983,4.15579081675191,2.92826045406233,8.42487915452641,4.18004783027487,2.76357697311171,8.19425197885222,4.08735047500695,2.17474602850888,7.78316532341299,3.7469314227218,2.48124226961054,7.5063023789997,3.3735615378269,2.34481695816597,7.84526136104072,3.24644522106806,2.43582019800298,2.01953294389596,4.60634968582895,2.46218012134096,5.02247259082333,3.93577433993815,2.08367152338969,5.89166785483254,3.82831623397358,2.09402392802184,6.73145406672838,3.60759384969966,2.161687164791,9.00113154570228,2.96629692432825,2.68844270831543,10.2735539595827,2.8105654412102,2.8712161390772,12.1487011681632,2.56412608530866,3.17956294477654,13.2767967144812,2.47383645051114,3.47729134835163,14.2897342993625,2.40843323226106,3.60920402742407,15.4441239975231,2.2732007005765,3.71319913274456
2.71498811271035,5.20589644140469,2.3555089127517,3.01357563509439,5.23282817557543,2.28211051124618,3.28274968779465,5.2051833989966,2.24225432047202,3.79308823763553,5.08638771046825,1.99186956129183,4.01063616151702,4.59276147497798,2.25577720216335,3.99214267108764,3.99653544320965,2.09806116489811,4.18160970575411,4.00564385108353,2.10918568156094,7.71127728818512,4.15554708955418,3.01681078564511,8.08927015774367,4.15838173403778,2.93030458492412,8.42656601327179,4.18286302098036,2.76213024179688,8.18907705233372,4.08239720519484,2.17349338675002,7.7763028919606,3.7530570180924,2.48327074077035,7.50556511128073,3.37776640322474,2.34788968432739,7.84125077277886,3.2500947446144,2.4363671336271,2.00602736016701,4.5997114900055,2.43430628349581,4.99754681787954,3.93326842114943,2.08689757592565,5.882943311695,3.82554161381345,2.09517320250368,6.73402966641053,3.60798404655956,2.16501796439862,8.94354874144956,2.97823382812222,2.67979891180191,10.2341819640212,2.81144360342373,2.85805556072739,12.1391262643527,2.56526090278394,3.17952525308266,13.2718288784573,2.47401743187207,3.47985596358302,14.289936462905,2.405399765021,3.60924854914583,15.430159136149,2.2728333411827,3.71261512482421
2.71086276747365,5.20841647914907,2.36123489144288,3.01347755490964,5.23489297375782,2.2888915303423,3.28097443158064,5.20641291155535,2.24434739764203,3.78795716087505,5.08649281229456,1.98692680750858,3.99304857881328,4.586173487083,2.25333783101505,3.97792275637326,3.98870378241601,2.10115596773842,4.16289467655895,3.99789126527738,2.10668206140232,7.71437478222737,4.15749222738513,3.01537682413245,8.09135077082376,4.15971848635716,2.92901767936044,8.42665590225078,4.18238838864104,2.75899345660108,8.17855583136458,4.09323869041173,2.20615670359791,7.76292305408807,3.7585883407059,2.48520388821192,7.49215390965506,3.38633458864204,2.35179899886109,7.83776535898204,3.25893173209793,2.44526550823683,1.98225526504649,4.58673521029692,2.40722593085691,4.97581242950067,3.93168910737317,2.08578875698907,5.84988951145686,3.83593444132869,2.09745876246368,6.71177708939724,3.62162388377076,2.1788627890131,8.93114153523108,2.9802394646446,2.67800109986203,10.2187900813323,2.81053185606307,2.86443348379689,12.1354977635599,2.56600447370971,3.18016353963072,13.265261318368,2.47664939562256,3.47811055289678,14.2867177177568,2.40622763542746,3.60970373501375,15.4244726444579,2.27369972678781,3.7112575807711
2.72080795058092,5.20798770072309,2.36194467941309,3.01269805584671,5.23990269454754,2.28799117023302,3.27893126692372,5.20936142202902,2.24007859990617,3.7898659589783,5.07967020010516,1.9670058753307,3.97834738835708,4.58552232576866,2.2379110138317,3.96333639284601,3.97882535262247,2.09681195560411,4.14835736704695,3.99656097016887,2.09996556034423,7.71370120540748,4.16163581199289,3.01510993189236,8.09125123174592,4.1606755013228,2.92544212577195,8.42440119040834,4.17265579304409,2.76239157146677,8.18158927208017,4.08967482803261,2.19803965524451,7.7570959067129,3.7670818516433,2.48402907757963,7.48359005636866,3.38937057827898,2.35462758039435,7.82873775836037,3.26005843955382,2.44873035998801,1.96890161806431,4.56369022609965,2.37089680348824,4.95626174978682,3.93028802097733,2.08535214594057,5.83932619685704,3.83301079648011,2.0982300483752,6.70203550853507,3.62840916672593,2.17672458349024,8.91844084210489,2.98281890085227,2.68208179858516,10.1590879393811,2.81587506933548,2.84620675179604,12.0336144793477,2.56799753504462,3.17619930826238,13.2689631926408,2.47873662321504,3.48508129404625,14.3272099840904,2.40502199845081,3.63314791649757,15.41060044155,2.27641433351154,3.7112257768373
2.71729391504123,5.21053727377385,2.36523108599236,3.00967765690315,5.24141278853719,2.28827587015786,3.2752912395244,5.21196847155654,2.24280641100562,3.78762911402958,5.07527671183034,1.9638115529232,3.95272511936733,4.57902403342811,2.23010207303072,3.94745702808367,3.96951717437227,2.08984172957383,4.12911211027737,3.99053291247733,2.09255449690784,7.71961774166683,4.15957335673391,3.01677545133167,8.09612973138675,4.1644745131501,2.92079519192958,8.42146102148179,4.17037523974593,2.75418826189045,8.17137167168732,4.08596499161288,2.1906957035613,7.74919887862971,3.7772167404975,2.47040109712262,7.46833773809505,3.39686171235837,2.3558864602052,7.8136958267254,3.26660787345234,2.44447051604071,1.94912422334446,4.55339856239564,2.3422168711837,4.9412430611064,3.93908311128782,2.07849746662724,5.82730454227174,3.8254785150554,2.10304923462306,6.69548258439057,3.63412956294871,2.17735622664341,8.91117490344361,2.98320118478938,2.68562009502752,10.1545904096091,2.81578123446865,2.85955829380222,12.0426616244331,2.56498556300773,3.17699426218168,13.1939039011324,2.49208992387495,3.45356333047641,14.2526878831948,2.41022168651114,3.59336152820688,15.3988832932869,2.28256855199685,3.70992894466302
2.71403782492125,5.2162238900632,2.36581718366554,3.00055302192148,5.23297273742438,2.2933929213099,3.27352901390321,5.2146291199763,2.24139199134097,3.78086776419987,5.07100793758631,1.94807181467192,3.93836797073818,4.5810153970116,2.23461489249159,3.9353641365796,3.96463273346716,2.08601446864016,4.1209854642788,3.98454940986779,2.09172875988536,7.72177974459484,4.15602880182978,3.01710309215143,8.09616540124244,4.1664243976152,2.92002990456365,8.41805430913179,4.17034359284268,2.7509596188551,8.16601985591054,4.09193964374323,2.18967335628085,7.74115212202814,3.78248137983713,2.48008317862105,7.46152202407851,3.40035386021242,2.35147993133318,7.80601276049532,3.27079833524526,2.4462063639196,1.93133517323275,4.53610301116834,2.32550609933564,4.9254113518302,3.93601918029881,2.07911041288703,5.819329545412,3.82456919439903,2.10388850109174,6.69627944777159,3.65024115135458,2.16891561000931,8.91747572799816,2.98312397489271,2.68915372781665,10.1355835962419,2.81497663104229,2.861751561963,11.4703592646994,2.65487259011397,3.14161142328161,13.270603528593,2.47605614267726,3.488686235036,14.3143589543115,2.41128644982931,3.63207301300252,15.3844222438258,2.29010963205729,3.71083452932136
2.70876086464896,5.22159234180744,2.36733380355223,2.99547990641354,5.2345316384873,2.29534539631322,3.26981766430837,5.21687525920554,2.24560888068087,3.77320963929391,5.07284367428857,1.94136090803573,3.92668646226752,4.57983285462235,2.21947861637544,3.92582359919719,3.96425987540061,2.08090351976039,4.10624777577233,3.98321092891844,2.08226903513863,7.71926814679645,4.15452008641023,3.01650846574164,8.09387044245138,4.16819630701794,2.92118271049531,8.41506032410833,4.16975236695246,2.75568349029736,8.15611574750412,4.08789147855856,2.19744449360118,7.73947681620892,3.78640118891176,2.47689521449231,7.45183010203567,3.39942247284358,2.3579655904111,7.79194552045116,3.27635301612734,2.44959582488737,1.91994314147158,4.52143386067578,2.29218006163347,4.91153347525064,3.93310498549932,2.0756222946928,5.81700999841077,3.83756899937384,2.09555068219511,6.69249790678821,3.65293283567174,2.17087116390611,8.91751485495225,2.98204023584601,2.6950637326661,10.5600310093597,2.77130293593458,3.01074284692994,12.0510169797715,2.5678882285205,3.19145899559717,13.4883191898878,2.44743864182545,3.58410201600477,14.3219130746741,2.40867056449529,3.63429861820163,15.3687350942767,2.29406068793844,3.70723212736093
2.7057341893667,5.22204714000373,2.36625543517353,2.99383433582892,5.23602609233339,2.29777793478507,3.26850161430555,5.21709014082851,2.24071792177899,3.77183335776937,5.07860521369088,1.93485380941156,3.91684127904262,4.58517807933137,2.21338198591807,3.92236295033928,3.95954885369125,2.07224039929847,4.09943983658139,3.98094386320495,2.07457867204535,7.72340776739957,4.16524540401428,3.0091966865767,8.09341257266673,4.16726193453375,2.91963372240347,8.40695760550338,4.17442681304721,2.75659120478339,8.14823795294507,4.08807242041733,2.19623963296977,7.72625918699175,3.7979287536882,2.47412331981721,7.43213092613277,3.40502353161415,2.35781085651977,7.7785836993925,3.2825994574697,2.44802064397398,1.90805554192359,4.50765865055555,2.27574167792323,4.90853879105748,3.93082322211278,2.0721287631322,5.80591638823484,3.82897487482297,2.10325085645898,6.67275769688838,3.66414678880239,2.17349999021662,8.91898630515836,2.98324646330814,2.70541857057569,10.4781067710903,2.80506427138947,2.8820378463521,12.0439268806216,2.57331346097336,3.19696081273483,13.203125200257,2.48202377818285,3.48374564502445,14.2269344471575,2.41892038938468,3.6041381717945,15.3553460554295,2.28944823128719,3.69932904333874
2.70871489554586,5.22248341798397,2.36788144546532,2.9922088430069,5.23777012606851,2.29622477721107,3.2694310598487,5.21835888762264,2.23728481835842,3.76646739595292,5.08134157813613,1.92210615399931,3.90345538513608,4.57642970680834,2.19400636621033,3.90119376058906,3.95952071721109,2.06383897362678,4.0798072840585,3.981127748014,2.06701328819607,7.7269126623213,4.17073528116117,3.00477182759101,8.09471395561414,4.1690698108334,2.9151193945325,8.40343124566639,4.16828302292295,2.75504837170797,8.14491589378122,4.08818633500356,2.19312673938893,7.71596097797462,3.80730783409417,2.4732197470796,7.42353987931659,3.41623534108054,2.36598424592046,7.76633696251232,3.28806404558069,2.45445238716882,1.88919591405159,4.48508275816723,2.26207718804695,4.8896844914495,3.93453678008668,2.0663394648249,5.8042638511065,3.85726489466406,2.07008319234521,6.65817458456737,3.67561187019004,2.15785089037816,8.89149707612622,2.98718228477165,2.71405691998741,10.4991709123746,2.78124789062267,3.004444243414,12.0329758920759,2.57681204831431,3.20339346433013,13.2039581188342,2.47677631385375,3.48619800181336,14.2072242480223,2.41384623902788,3.59080714248233,15.3420574395473,2.28235921646763,3.68436740530295
2.70456771453483,5.22499097250445,2.36602466839955,2.99023420651118,5.23930675223201,2.29355733647608,3.26526707302292,5.22179953256439,2.23747344291381,3.75772063401034,5.08386047570584,1.91397208852803,3.90833852703614,4.57440611794017,2.18870839208617,3.89990466344528,3.96068975046177,2.05856331053319,4.08038106627384,3.98271589108131,2.06275473404735,7.73192179071781,4.17562191189514,2.99925827856731,8.09605285321162,4.17100793762733,2.91385847339185,8.40256080353721,4.17192429673513,2.75350901381324,8.13988160350263,4.09162700278078,2.19002849621396,7.70771552216746,3.81811403748296,2.47799327635321,7.41629014845573,3.42822537687392,2.3668930428654,7.75352443448435,3.29950664616444,2.45519548035612,1.87820538293611,4.47706124695005,2.24126052748854,4.88894408219082,3.93826864075211,2.06493133362936,5.8000181033668,3.86433772421738,2.06763651456563,6.65425584171509,3.68384354180476,2.15311272886797,8.86916953889491,2.99233270948343,2.7129259611824,10.453970121318,2.79244974480218,3.01126324710527,11.3267176372734,2.70348473390282,3.19770060890913,13.1686882241057,2.48202770008321,3.4774762004937,14.1906859696823,2.41276124223123,3.5893515373281,15.3277253970545,2.27745574031769,3.67665535106716
2.70044475685467,5.22840817126846,2.36693019028265,2.9856522477638,5.24030513192689,2.29364098623476,3.26131769025514,5.22568946570718,2.23753244365677,3.74623951195283,5.08696696950621,1.90531340362788,3.89149310343071,4.57295807102584,2.18187405487756,3.88407839117016,3.95807362514524,2.05149707484929,4.07178418589561,3.98397168128711,2.05366229595366,7.72817004703594,4.17077309250215,2.99977271703121,8.09572259324179,4.17192433807782,2.91221853621064,8.39912427838062,4.17086268117062,2.75304728778862,8.13194180528262,4.09132462897975,2.19185085965099,7.69213723750643,3.8230502745563,2.48303784111802,7.4122195359062,3.43559141187955,2.35656091064747,7.73788067200115,3.3063125624383,2.45473138608211,1.85957079342449,4.46082137399018,2.22404386409683,4.87796383187629,3.93995870088885,2.06108206138517,5.77906995381536,3.87193864701381,2.06812101303423,6.64350144326371,3.68627010664017,2.13765873605969,8.84535811450427,3.00000241731372,2.71444273948147,10.8042977823559,2.7553594874378,3.01381103484876,12.0270987956912,2.57668083817278,3.25073930662998,13.1655945983186,2.48339304294426,3.48120475417257,14.1858458515443,2.4110817143391,3.59053309344385,15.3153319188355,2.26766700054209,3.66789359525729
2.69952477425057,5.22986492654685,2.36580164471772,2.99286530560524,5.23543862694091,2.28786872520138,3.25915082334482,5.22900244949822,2.24165219317486,3.73737384152123,5.07964406717272,1.89927284292478,3.88222649993138,4.56700331447925,2.17461289555431,3.87409691542225,3.95448601325468,2.04761414764568,4.06018791108426,3.97966111851118,2.04940897070327,7.7279465080032,4.16701145195908,2.9979725954957,8.09345755537367,4.17091316393216,2.91286086180133,8.39659093639053,4.16845117917183,2.75283707889335,8.13477212651427,4.09635778823999,2.20082153981709,7.68381394981414,3.82941771410981,2.49165396555624,7.39644931888277,3.4460025517611,2.35302968703861,7.71263982748468,3.31298275908542,2.46343974236596,1.84365017399755,4.45705550842724,2.21662913511021,4.85879451561028,3.9411627056046,2.06288180172743,5.7612503263888,3.87814344752477,2.0582026588387,6.62911223798165,3.7034118787349,2.1324744601138,8.84437006591628,3.0018913300999,2.72668812109638,10.3772182610794,2.79667815540292,3.00176514718948,11.9984159577036,2.5795228764298,3.25452612228231,13.1188873376108,2.49063776951354,3.47549965711822,14.1697003776314,2.41485467407496,3.58358774373586,15.3069332434094,2.25909009173536,3.65913091790934
2.6982252413047,5.23204656452786,2.36185003449133,2.99256935051889,5.23781823757986,2.28682749068265,3.25968816856235,5.23092237350849,2.24078060845849,3.73240717399903,5.0710478206938,1.88374059591601,3.87852085727993,4.5615585120975,2.1736778752199,3.86261530466322,3.95447908029145,2.04263313868037,4.04466624592491,3.97689153628569,2.04691947770818,7.73150314157299,4.16885443395497,2.99399636335117,8.09425610983707,4.17094299010166,2.91233194514622,8.39763161307351,4.16212895219288,2.74920453128275,8.12930313824461,4.10012654060537,2.1988465048833,7.67058479254648,3.83753498126872,2.48855515365781,7.37652779355233,3.45760171591257,2.34428619966822,7.69704798889227,3.32377538889026,2.45828038631682,1.82857284283318,4.44478678479775,2.21190314279978,4.85369095102657,3.93920423284692,2.05486701524594,5.74350500932276,3.88282949122177,2.05563393291838,6.59439315799482,3.72957640886738,2.13721385307674,8.83963896747938,3.00444826704953,2.73467327160308,10.3481791858092,2.80162556868918,2.99476656088267,11.9521919897956,2.58605273236263,3.23444897268403,13.1209504063649,2.49189919725417,3.47666472618751,14.1500694906884,2.41442193825994,3.58235794827216,15.2941434285319,2.25451794999357,3.65492329155431
2.69964096927281,5.2317786311488,2.3576329478059,2.98906136472291,5.24070574985172,2.29039737894264,3.26019373694241,5.23068924725516,2.24317477162189,3.73086431155148,5.05710004000481,1.8589614792192,3.86337021285394,4.55547262828061,2.16945383232432,3.85649796500135,3.9495959785625,2.04215127444331,4.03240165615683,3.97115483504531,2.04857912400271,7.73810198069896,4.17180726630185,2.99491116357484,8.08939893137451,4.16657407189229,2.91520310424465,8.39450455300027,4.16012450320365,2.75003644337327,8.12331640575194,4.10415203487685,2.19638342175836,7.66020503328099,3.8431708410623,2.49630152228726,7.36647831353662,3.45974527860202,2.35309790150876,7.68420169185949,3.32733042353692,2.46465232054989,1.81758331094063,4.43511563638196,2.20347195318814,4.84154640384065,3.94059624106119,2.05137393639956,5.73771323772995,3.88241411880345,2.05941909741553,6.59571641223283,3.72542524596684,2.14298659683582,8.83747083654666,3.00983341074978,2.73764906014817,10.3279573226244,2.80466654280657,2.99580455848373,11.2468706664343,2.70684642421096,3.18525642129492,13.1091598442148,2.49233704597756,3.47756502276379,14.1432264830554,2.41205983081818,3.57952323267053,15.2793276580036,2.25042519418542,3.65379045560765
2.69758833898556,5.2332574109667,2.3564994370327,2.99144603397082,5.23876789153042,2.28906541690253,3.25951362727693,5.23274706966779,2.24300084755125,3.72904959778218,5.05249260858095,1.85324869251444,3.8485990155302,4.55421321899844,2.16603424207509,3.83956360076609,3.9509395697755,2.03778019414744,4.01471418022781,3.97201151708618,2.04423562876073,7.74157390532295,4.16782855717952,2.99741983004241,8.08842653102563,4.16772635699458,2.91740670921521,8.39297274160186,4.15883979919413,2.74922332998879,8.11417563492513,4.10716234135628,2.20418183755684,7.65190787788423,3.84626753658739,2.50262875734561,7.36309194989779,3.46725378908158,2.35805409649141,7.6788134741806,3.33278423206878,2.47098722625178,1.80583484149559,4.42626208295745,2.20055993387594,4.82810782899955,3.94292759934018,2.04953307010756,5.72248603183241,3.87526736777958,2.06154020942151,6.58926129151945,3.73415852800994,2.144551761917,8.82176937000066,3.01486718874705,2.73919020773775,10.1865040946147,2.81985407071718,2.95950844714794,11.1973546666498,2.70994794462334,3.18317043049159,13.0948200186267,2.49243694634521,3.47722659426294,14.1307775741178,2.41269154162222,3.57896468405181,15.2663291780825,2.246903781307,3.65106802335056
2.70004831085181,5.23333072085815,2.35630909462885,2.98669866047203,5.24144469735768,2.29196324807283,3.25932040933194,5.23311550078633,2.24269637326122,3.72208412138296,5.05133191875331,1.84864968148883,3.83414971602387,4.55286043775179,2.16483259621397,3.82366692156539,3.95530468150365,2.03678774567496,3.99874459745705,3.97486572897559,2.04473479179474,7.74114057936158,4.16685580196796,3.00052695406693,8.08818443412532,4.16432655797275,2.91976438894187,8.39297358416736,4.15923722049307,2.75160666549774,8.1167749662154,4.09510774314053,2.19077137875411,7.64862182107733,3.85038992188036,2.50172746603156,7.35294850684943,3.47137699054954,2.35739728898015,7.67338384978492,3.33701471333729,2.47324371060343,1.79414495544214,4.41697649116347,2.19678698038601,4.81003270804251,3.94714253285096,2.04933686592724,5.70926974248616,3.88006918907257,2.06210301319104,6.57290413729474,3.74022585609917,2.14282099427706,8.83744015737532,3.01092385122911,2.74574790795029,10.2087187152236,2.81978803210416,2.96118069458472,11.9397447620815,2.59948182535129,3.2284360563857,13.0877550330213,2.4916834599026,3.47870209064743,14.1150816292715,2.4104981104822,3.57947186006761,15.2520310277403,2.24292594326205,3.64514126698215
2.69736757942385,5.2352798038647,2.35654585396241,2.99106789055157,5.24118129705001,2.2934744579729,3.25783306710972,5.23600591746421,2.24271946945651,3.71825233991949,5.04887859106296,1.8461360461254,3.82157194365197,4.55209600423843,2.1642845768316,3.8100819442566,3.95378006621511,2.03784183171024,3.98464244289326,3.97393305558396,2.0446168421236,7.73927912067429,4.16471955237157,3.00528047552695,8.08628886216182,4.16294428919353,2.92095797204872,8.39075827431315,4.15606131872017,2.74882618133236,8.11357026471706,4.09774876923532,2.18692483212198,7.65064681284225,3.85574295410072,2.5015519914665,7.35442008869837,3.47091723021524,2.35993117132717,7.67441095407493,3.33945901662039,2.47639775932898,1.78492520973702,4.4127583883129,2.19007203039968,4.79960251642306,3.95356133765443,2.04852487755173,5.709321115911,3.88123591453755,2.06871019922177,6.56752610617562,3.74441925076048,2.14491504768663,8.83607226542918,3.01011772665426,2.74886030835397,10.2075022823722,2.82237668251237,2.95487631378543,11.9345961609076,2.58344883372009,3.23662239074974,13.0835079736463,2.49030899601002,3.47941369197953,14.1120389049768,2.40903075883266,3.57854589428768,15.2392533361285,2.23988081322096,3.64004871248541
2.69573846184299,5.23521730845069,2.35676054153157,2.98993631777112,5.24083418818248,2.29248088086811,3.257316183854,5.23802462626803,2.24028053772347,3.71817505320468,5.05100732623673,1.84396373124962,3.81497560732988,4.55077245339316,2.16306560134941,3.80089806319676,3.95400950124723,2.03557709986154,3.98051351040731,3.97381561580528,2.04748829436897,7.72613965637593,4.16303576562189,3.00536276827548,8.08568040543133,4.16359934411765,2.92037246127637,8.39092710131052,4.15842191998148,2.74528041403372,8.10877779716612,4.09941644151189,2.19127323245035,7.64595181350376,3.85535558962599,2.50238351676493,7.33527437154139,3.48040856856434,2.36923276999538,7.66191818598566,3.33999060168055,2.47363331482312,1.77952133466304,4.40449455568246,2.19233093551031,4.78421310523894,3.95657640463801,2.04775959959375,5.68315372398487,3.88514892930398,2.06540818914185,6.55289819224099,3.75248683673559,2.15092817733383,8.82906586234849,3.01744690008047,2.74571075354297,10.2038889845519,2.82289863242071,2.95689065818955,11.9181615769331,2.58632231180522,3.23661191731135,13.0722237478468,2.48850002487227,3.47688577555957,14.0947432617114,2.41026174664468,3.58110572562412,15.2291396904045,2.23935532782092,3.6351879764354
2.69662293619842,5.23559139257291,2.35620814783001,2.99144640543734,5.24298637613172,2.29105594739486,3.25722493906836,5.24120101686173,2.2399622040211,3.71784975558745,5.05294106812849,1.84866543656055,3.80314438790235,4.5490438852631,2.16884403969244,3.78733100296945,3.95459410878162,2.03511499480257,3.9619055189812,3.97372318442776,2.04525384173252,7.72461820338975,4.15754836816526,3.00553741568379,8.0802411178655,4.16056521618736,2.92378386958792,8.38910917953729,4.16177640130728,2.7455215139518,8.10622020643931,4.09792630382478,2.1895250654554,7.63903334004079,3.85922334744275,2.49692697321244,7.32407101934403,3.48720814077129,2.36491447919587,7.64956361942046,3.34775760470781,2.46526828480078,1.76641487430106,4.3931348343219,2.19694930164387,4.77134345406327,3.95685087257344,2.05129208611525,5.67579885564482,3.88990491704503,2.06736331579515,6.54894585819987,3.75352894395801,2.1521319074425,8.80652220719499,3.02371204206218,2.74075532444181,10.1992891923778,2.82428218357549,2.96062901008018,11.9003410382679,2.59244927227305,3.23300982756199,13.0629833381232,2.49156511357245,3.46986361515634,14.0791653512097,2.41260313656239,3.57828812267931,15.219639277459,2.2404807685282,3.63168271540792
